Lote,Classe,Score,Pasta,PDF,MelhorMD,Paginas,OCR,Tipo,TamanhoPDF_KB,CaminhoPDF
01,DISTINTO,0.16,mestra,Manual completo - Manual Compras.gov.br - Pregão Eletrônico.pdf,mestra\04_Sistemas_e_Catalogos\Manuais_Sistemas_Oficiais\Compras.gov.br - Tutorial de Publicacao de Dispensas COM Disputa no Novo DC.md,33,nao,TEXTO,8639,C:\Users\thiagonogueira\OneDrive - mppi.mp.br\CLC\01_Processos_e_Aquisicoes\Base de Conhecimento - Thiago\Manual completo - Manual Compras.gov.br - Pregão Eletrônico.pdf
01,DISTINTO,0.01,mestra\04_Sistemas_e_Catalogos\Manuais_Sistemas_Oficiais,Compras.gov.br – Tutorial compras executivo (jan-2026).pdf,mestra\01_Normativos_Vigentes\01_Federal\Manuais_e_Guias_Tecnicos\Federal - mto_2026_-_versao_5_.md,11,nao,TEXTO,3102,C:\Users\thiagonogueira\OneDrive - mppi.mp.br\CLC\01_Processos_e_Aquisicoes\Base de Conhecimento - Thiago\04_Sistemas_e_Catalogos\Manuais_Sistemas_Oficiais\Compras.gov.br – Tutorial compras executivo (jan-2026).pdf
01,DISTINTO,0.04,mestra\04_Sistemas_e_Catalogos\Manuais_Sistemas_Oficiais,Compras.gov.br – Tutorial de como copiar e compartilhar cotações  no Pesquisa de Preço.pdf,mestra\04_Sistemas_e_Catalogos\Manuais_Sistemas_Oficiais\Compras.gov.br - Tutorial de Publicacao de Dispensas SEM Disputa e Inexigibilidades no Novo DC.md,10,nao,TEXTO,4183,C:\Users\thiagonogueira\OneDrive - mppi.mp.br\CLC\01_Processos_e_Aquisicoes\Base de Conhecimento - Thiago\04_Sistemas_e_Catalogos\Manuais_Sistemas_Oficiais\Compras.gov.br – Tutorial de como copiar e compartilhar cotações  no Pesquisa de Preço.pdf
01,DISTINTO,0.05,mestra\04_Sistemas_e_Catalogos\Manuais_Sistemas_Oficiais,Compras.gov.br – Tutorial de como criar matriz de riscos.pdf,mestra\04_Sistemas_e_Catalogos\Manuais_Sistemas_Oficiais\Compras.gov.br - Tutorial de Publicacao de Dispensas COM Disputa no Novo DC.md,34,nao,TEXTO,25545,C:\Users\thiagonogueira\OneDrive - mppi.mp.br\CLC\01_Processos_e_Aquisicoes\Base de Conhecimento - Thiago\04_Sistemas_e_Catalogos\Manuais_Sistemas_Oficiais\Compras.gov.br – Tutorial de como criar matriz de riscos.pdf
01,DISTINTO,0.04,mestra\04_Sistemas_e_Catalogos\Manuais_Sistemas_Oficiais,"Compras.gov.br – Tutorial para critério de julgamento, melhor técnica ou conteúdo artístico - jun-2024.pdf",mestra\05_Doutrina_e_Biblioteca\Biblioteca_Manuais_e_Cursos\Manual Operacional - Dispensa Eletronica no Compras.gov.br - Visao Governo.md,24,nao,ERRO_ABERTURA,7980,"C:\Users\thiagonogueira\OneDrive - mppi.mp.br\CLC\01_Processos_e_Aquisicoes\Base de Conhecimento - Thiago\04_Sistemas_e_Catalogos\Manuais_Sistemas_Oficiais\Compras.gov.br – Tutorial para critério de julgamento, melhor técnica ou conteúdo artístico - jun-2024.pdf"
01,DISTINTO,0.06,mestra\04_Sistemas_e_Catalogos\Orcamento_LOA_2026,loa-2026-anexo-iii-despesa.pdf,mestra\01_Normativos_Vigentes\01_Federal\Manuais_e_Guias_Tecnicos\Federal - mto_2026_-_versao_5_.md,53,nao,TEXTO,2002,C:\Users\thiagonogueira\OneDrive - mppi.mp.br\CLC\01_Processos_e_Aquisicoes\Base de Conhecimento - Thiago\04_Sistemas_e_Catalogos\Orcamento_LOA_2026\loa-2026-anexo-iii-despesa.pdf
01,DISTINTO,0.08,mestra\04_Sistemas_e_Catalogos\Orcamento_LOA_2026,loa-2026-anexo-iv-despesa-por-poderes.pdf,mestra\01_Normativos_Vigentes\02_Estadual_PI\Manuais_e_Guias_Tecnicos\manual-tecnico-do-orcamento.md,212,nao,TEXTO,10857,C:\Users\thiagonogueira\OneDrive - mppi.mp.br\CLC\01_Processos_e_Aquisicoes\Base de Conhecimento - Thiago\04_Sistemas_e_Catalogos\Orcamento_LOA_2026\loa-2026-anexo-iv-despesa-por-poderes.pdf
01,DISTINTO,0.03,mestra\04_Sistemas_e_Catalogos\Orcamento_LOA_2026,loa-2026-anexo-vii-demostrativo-das-despesas-primarias.pdf,mestra\01_Normativos_Vigentes\02_Estadual_PI\Instrucoes_Normativas\Instrução Normativa SEFAZ nº 01-2021 - Procedimentos de Gestão Financeira.md,2,nao,TEXTO,226,C:\Users\thiagonogueira\OneDrive - mppi.mp.br\CLC\01_Processos_e_Aquisicoes\Base de Conhecimento - Thiago\04_Sistemas_e_Catalogos\Orcamento_LOA_2026\loa-2026-anexo-vii-demostrativo-das-despesas-primarias.pdf
01,DISTINTO,0.05,mestra\04_Sistemas_e_Catalogos\Orcamento_LOA_2026,loa-2026-anexo-viii-demonstrativo-do-marco-orcamentario.pdf,mestra\01_Normativos_Vigentes\02_Estadual_PI\Manuais_e_Guias_Tecnicos\manual-tecnico-do-orcamento.md,27,nao,TEXTO,2768,C:\Users\thiagonogueira\OneDrive - mppi.mp.br\CLC\01_Processos_e_Aquisicoes\Base de Conhecimento - Thiago\04_Sistemas_e_Catalogos\Orcamento_LOA_2026\loa-2026-anexo-viii-demonstrativo-do-marco-orcamentario.pdf
01,DISTINTO,0.05,mestra\04_Sistemas_e_Catalogos\Orcamento_LOA_2026,loa-2026-emendas-parlamentares.pdf,mestra\01_Normativos_Vigentes\02_Estadual_PI\Manuais_e_Guias_Tecnicos\manual-tecnico-do-orcamento.md,32,nao,TEXTO,1567,C:\Users\thiagonogueira\OneDrive - mppi.mp.br\CLC\01_Processos_e_Aquisicoes\Base de Conhecimento - Thiago\04_Sistemas_e_Catalogos\Orcamento_LOA_2026\loa-2026-emendas-parlamentares.pdf
01,DISTINTO,0.14,mestra\04_Sistemas_e_Catalogos\Orcamento_LOA_2026,loa-anexo-v-despesa-empresas-estatais.pdf,mestra\02_Jurisprudencia_e_Orientacoes\Informativos_Julgamentos_TCE_PI\03_Recursos_Agravos_Embargos_TCE_PI.md,2,nao,TEXTO,430,C:\Users\thiagonogueira\OneDrive - mppi.mp.br\CLC\01_Processos_e_Aquisicoes\Base de Conhecimento - Thiago\04_Sistemas_e_Catalogos\Orcamento_LOA_2026\loa-anexo-v-despesa-empresas-estatais.pdf
01,DISTINTO,0.13,mestra\05_Doutrina_e_Biblioteca\Biblioteca_Manuais_e_Cursos,Operacionalização do Sistema - Jamil Manasfi.pdf,mestra\05_Doutrina_e_Biblioteca\Biblioteca_Manuais_e_Cursos\Apostila Especializada - Curso de Contratacao Direta e Dispensa Eletronica com IA - Jamil Manasfi.md,165,nao,TEXTO,38304,C:\Users\thiagonogueira\OneDrive - mppi.mp.br\CLC\01_Processos_e_Aquisicoes\Base de Conhecimento - Thiago\05_Doutrina_e_Biblioteca\Biblioteca_Manuais_e_Cursos\Operacionalização do Sistema - Jamil Manasfi.pdf
01,DISTINTO,0.01,mestra\05_Doutrina_e_Biblioteca\Biblioteca_Manuais_e_Cursos,Pesquisa de Preços Nas contratações Publicas 3.pdf,mestra\05_Doutrina_e_Biblioteca\Biblioteca_Manuais_e_Cursos\Apostila Tecnica - Aspectos Gerais da Nova Lei de Licitacoes e Contratos 14133 - Jamil Manasfi.md,97,nao,TEXTO,1089,C:\Users\thiagonogueira\OneDrive - mppi.mp.br\CLC\01_Processos_e_Aquisicoes\Base de Conhecimento - Thiago\05_Doutrina_e_Biblioteca\Biblioteca_Manuais_e_Cursos\Pesquisa de Preços Nas contratações Publicas 3.pdf
01,DISTINTO,0.01,mestra\05_Doutrina_e_Biblioteca\Biblioteca_Manuais_e_Cursos,Transcrição.pdf,mestra\05_Doutrina_e_Biblioteca\Biblioteca_Manuais_e_Cursos\Apostila Tecnica - Aspectos Gerais da Nova Lei de Licitacoes e Contratos 14133 - Jamil Manasfi.md,88,nao,TEXTO,302,C:\Users\thiagonogueira\OneDrive - mppi.mp.br\CLC\01_Processos_e_Aquisicoes\Base de Conhecimento - Thiago\05_Doutrina_e_Biblioteca\Biblioteca_Manuais_e_Cursos\Transcrição.pdf
01,DISTINTO,0.01,mestra\06_Paineis_e_Contratos_Historicos,Relatorio de Estrutura de Arquitetura.pdf,mestra\02_Jurisprudencia_e_Orientacoes\Boletins_TCE_PI\Boletim de Jurisprudencia TCE-PI - Consolidado Anual 2024.md,8,nao,TEXTO,119,C:\Users\thiagonogueira\OneDrive - mppi.mp.br\CLC\01_Processos_e_Aquisicoes\Base de Conhecimento - Thiago\06_Paineis_e_Contratos_Historicos\Relatorio de Estrutura de Arquitetura.pdf
01,DISTINTO,0.1,mestra\06_Paineis_e_Contratos_Historicos,Relatorio_PCA_2027.pdf,mestra\01_Normativos_Vigentes\03_MPPI\PCA 2026\PCA 2026 - Plano de Contratacoes Anual Versao 3.0 MPPI.md,3,nao,TEXTO,207,C:\Users\thiagonogueira\OneDrive - mppi.mp.br\CLC\01_Processos_e_Aquisicoes\Base de Conhecimento - Thiago\06_Paineis_e_Contratos_Historicos\Relatorio_PCA_2027.pdf
01,DISTINTO,0.02,mestra\06_Paineis_e_Contratos_Historicos,Tutorial_PCA_MPPI_2026 (2).pdf,mestra\01_Normativos_Vigentes\03_MPPI\PCA 2026\PCA 2026 - Plano de Contratacoes Anual Versao 3.0 MPPI.md,29,nao,TEXTO,1454,C:\Users\thiagonogueira\OneDrive - mppi.mp.br\CLC\01_Processos_e_Aquisicoes\Base de Conhecimento - Thiago\06_Paineis_e_Contratos_Historicos\Tutorial_PCA_MPPI_2026 (2).pdf
01,DISTINTO,0.02,mestra\SIte_PGE_PI\ACT - Termo de Autorização de Uso - Espaços da Cidadania,Publicacao-Termo-de-Autorizacao-de-Uso-Espaco-da-Cidadania.pdf,mestra\02_Jurisprudencia_e_Orientacoes\Boletins_TCE_PI\Boletim de Jurisprudencia TCE-PI - Consolidado Anual 2026.md,7,nao,TEXTO,2297,C:\Users\thiagonogueira\OneDrive - mppi.mp.br\CLC\01_Processos_e_Aquisicoes\Base de Conhecimento - Thiago\SIte_PGE_PI\ACT - Termo de Autorização de Uso - Espaços da Cidadania\Publicacao-Termo-de-Autorizacao-de-Uso-Espaco-da-Cidadania.pdf
01,DISTINTO,0.03,mestra\SIte_PGE_PI\Cessão Gratuita de Bem Imovel,Termo_de_Cessao_Gratuita_de_Uso_de_Imovel_Publico._Setembro_2024.pdf,mestra\01_Normativos_Vigentes\03_MPPI\Portarias\Portaria PGJ 2396.2022 - Designacoes e Atribuicoes Administrativas.md,6,nao,TEXTO,200,C:\Users\thiagonogueira\OneDrive - mppi.mp.br\CLC\01_Processos_e_Aquisicoes\Base de Conhecimento - Thiago\SIte_PGE_PI\Cessão Gratuita de Bem Imovel\Termo_de_Cessao_Gratuita_de_Uso_de_Imovel_Publico._Setembro_2024.pdf
01,DISTINTO,0.07,mestra\SIte_PGE_PI\Locação de Imóvel - Abril 2024,Minuta-Padrao-Contrato-de-Locacao-de-Imovel.pdf,mestra\02_Jurisprudencia_e_Orientacoes\Quadro_Comparativo_Nova_Lei_14133_vs_8666.md,13,nao,TEXTO,1435,C:\Users\thiagonogueira\OneDrive - mppi.mp.br\CLC\01_Processos_e_Aquisicoes\Base de Conhecimento - Thiago\SIte_PGE_PI\Locação de Imóvel - Abril 2024\Minuta-Padrao-Contrato-de-Locacao-de-Imovel.pdf
01,PROVAVEL_REVISAR,0.46,mestra\01_Normativos_Vigentes\02_Estadual_PI\Decretos,Decreto Estadual - n15.093212013 - 2013.pdf,mestra\01_Normativos_Vigentes\03_MPPI\Atos\Ato PGJ 0462.2013 - Fiscalizacao e Gestao de Contratos.md,8,nao,TEXTO,252,C:\Users\thiagonogueira\OneDrive - mppi.mp.br\CLC\01_Processos_e_Aquisicoes\Base de Conhecimento - Thiago\01_Normativos_Vigentes\02_Estadual_PI\Decretos\Decreto Estadual - n15.093212013 - 2013.pdf
01,PROVAVEL_REVISAR,0.54,mestra\02_Jurisprudencia_e_Orientacoes\Informativos_Julgamentos_TCE_PI,Informativo-17-09-2026.pdf,mestra\02_Jurisprudencia_e_Orientacoes\Informativos_Julgamentos_TCE_PI\01_Licitacoes_e_Contratos_Julgados_TCE_PI.md,4,nao,TEXTO,404,C:\Users\thiagonogueira\OneDrive - mppi.mp.br\CLC\01_Processos_e_Aquisicoes\Base de Conhecimento - Thiago\02_Jurisprudencia_e_Orientacoes\Informativos_Julgamentos_TCE_PI\Informativo-17-09-2026.pdf
01,PROVAVEL_REVISAR,0.46,mestra\02_Jurisprudencia_e_Orientacoes\Informativos_Julgamentos_TCE_PI,Plen_rio_Presencial_2__C_mara___Sess_o_Ordin_ria_Virtual_de_13_a_17_de_abril_de_.pdf,mestra\02_Jurisprudencia_e_Orientacoes\Informativos_Julgamentos_TCE_PI\08_Outros_Procedimentos_e_Consultas_TCE_PI.md,4,nao,TEXTO,317,C:\Users\thiagonogueira\OneDrive - mppi.mp.br\CLC\01_Processos_e_Aquisicoes\Base de Conhecimento - Thiago\02_Jurisprudencia_e_Orientacoes\Informativos_Julgamentos_TCE_PI\Plen_rio_Presencial_2__C_mara___Sess_o_Ordin_ria_Virtual_de_13_a_17_de_abril_de_.pdf
01,PROVAVEL_REVISAR,0.49,mestra\02_Jurisprudencia_e_Orientacoes\Informativos_Julgamentos_TCE_PI,Plen_rio_Presencial_Pleno___Sess_o_Ordin_ria_Presencial_n__010_de_11_de_junho_de.pdf,mestra\02_Jurisprudencia_e_Orientacoes\Informativos_Julgamentos_TCE_PI\01_Licitacoes_e_Contratos_Julgados_TCE_PI.md,5,nao,TEXTO,402,C:\Users\thiagonogueira\OneDrive - mppi.mp.br\CLC\01_Processos_e_Aquisicoes\Base de Conhecimento - Thiago\02_Jurisprudencia_e_Orientacoes\Informativos_Julgamentos_TCE_PI\Plen_rio_Presencial_Pleno___Sess_o_Ordin_ria_Presencial_n__010_de_11_de_junho_de.pdf
01,PROVAVEL_REVISAR,0.51,mestra\02_Jurisprudencia_e_Orientacoes\Informativos_Julgamentos_TCE_PI,Plen_rio_Presencial_Pleno___Sess_o_Ordin_ria_Presencial_n__012_de_09_de_julho_de.pdf,mestra\02_Jurisprudencia_e_Orientacoes\Informativos_Julgamentos_TCE_PI\04_Tomadas_de_Contas_Especiais_TCE_PI.md,6,nao,TEXTO,364,C:\Users\thiagonogueira\OneDrive - mppi.mp.br\CLC\01_Processos_e_Aquisicoes\Base de Conhecimento - Thiago\02_Jurisprudencia_e_Orientacoes\Informativos_Julgamentos_TCE_PI\Plen_rio_Presencial_Pleno___Sess_o_Ordin_ria_Presencial_n__012_de_09_de_julho_de.pdf
01,PROVAVEL_REVISAR,0.51,mestra\02_Jurisprudencia_e_Orientacoes\Informativos_Julgamentos_TCE_PI,Plen_rio_Presencial_Pleno___Sess_o_Ordin_ria_Presencial_n__014_de_23_de_julho_de.pdf,mestra\02_Jurisprudencia_e_Orientacoes\Informativos_Julgamentos_TCE_PI\04_Tomadas_de_Contas_Especiais_TCE_PI.md,6,nao,TEXTO,425,C:\Users\thiagonogueira\OneDrive - mppi.mp.br\CLC\01_Processos_e_Aquisicoes\Base de Conhecimento - Thiago\02_Jurisprudencia_e_Orientacoes\Informativos_Julgamentos_TCE_PI\Plen_rio_Presencial_Pleno___Sess_o_Ordin_ria_Presencial_n__014_de_23_de_julho_de.pdf
01,PROVAVEL_REVISAR,0.47,mestra\02_Jurisprudencia_e_Orientacoes\Informativos_Julgamentos_TCE_PI,Plen_rio_Presencial_Pleno___Sess_o_Ordin_ria_Presencial_n__015_de_06_de_agosto_d.pdf,mestra\02_Jurisprudencia_e_Orientacoes\Informativos_Julgamentos_TCE_PI\01_Licitacoes_e_Contratos_Julgados_TCE_PI.md,7,nao,TEXTO,440,C:\Users\thiagonogueira\OneDrive - mppi.mp.br\CLC\01_Processos_e_Aquisicoes\Base de Conhecimento - Thiago\02_Jurisprudencia_e_Orientacoes\Informativos_Julgamentos_TCE_PI\Plen_rio_Presencial_Pleno___Sess_o_Ordin_ria_Presencial_n__015_de_06_de_agosto_d.pdf
01,PROVAVEL_REVISAR,0.5,mestra\02_Jurisprudencia_e_Orientacoes\Informativos_Julgamentos_TCE_PI,Plen_rio_Presencial_Pleno___Sess_o_Ordin_ria_Presencial_n__017_de_03_de_setembro.pdf,mestra\02_Jurisprudencia_e_Orientacoes\Informativos_Julgamentos_TCE_PI\01_Licitacoes_e_Contratos_Julgados_TCE_PI.md,4,nao,TEXTO,417,C:\Users\thiagonogueira\OneDrive - mppi.mp.br\CLC\01_Processos_e_Aquisicoes\Base de Conhecimento - Thiago\02_Jurisprudencia_e_Orientacoes\Informativos_Julgamentos_TCE_PI\Plen_rio_Presencial_Pleno___Sess_o_Ordin_ria_Presencial_n__017_de_03_de_setembro.pdf
01,PROVAVEL_REVISAR,0.41,mestra\02_Jurisprudencia_e_Orientacoes\Informativos_Julgamentos_TCE_PI,Plen_rio_Presencial_Pleno___Sess_o_Ordin_ria_Presencial_n__01_de_29_de_janeiro_d.pdf,mestra\02_Jurisprudencia_e_Orientacoes\Informativos_Julgamentos_TCE_PI\03_Recursos_Agravos_Embargos_TCE_PI.md,6,nao,TEXTO,451,C:\Users\thiagonogueira\OneDrive - mppi.mp.br\CLC\01_Processos_e_Aquisicoes\Base de Conhecimento - Thiago\02_Jurisprudencia_e_Orientacoes\Informativos_Julgamentos_TCE_PI\Plen_rio_Presencial_Pleno___Sess_o_Ordin_ria_Presencial_n__01_de_29_de_janeiro_d.pdf
01,PROVAVEL_REVISAR,0.47,mestra\02_Jurisprudencia_e_Orientacoes\Informativos_Julgamentos_TCE_PI,Plen_rio_Presencial_Pleno___Sess_o_Ordin_ria_Presencial_n__02_de_12_de_fevereiro.pdf,mestra\02_Jurisprudencia_e_Orientacoes\Informativos_Julgamentos_TCE_PI\04_Tomadas_de_Contas_Especiais_TCE_PI.md,5,nao,TEXTO,422,C:\Users\thiagonogueira\OneDrive - mppi.mp.br\CLC\01_Processos_e_Aquisicoes\Base de Conhecimento - Thiago\02_Jurisprudencia_e_Orientacoes\Informativos_Julgamentos_TCE_PI\Plen_rio_Presencial_Pleno___Sess_o_Ordin_ria_Presencial_n__02_de_12_de_fevereiro.pdf
01,PROVAVEL_REVISAR,0.45,mestra\02_Jurisprudencia_e_Orientacoes\Informativos_Julgamentos_TCE_PI,Plen_rio_Presencial_Pleno___Sess_o_Ordin_ria_Presencial_n__06_de_09_de_abril_de_.pdf,mestra\02_Jurisprudencia_e_Orientacoes\Informativos_Julgamentos_TCE_PI\04_Tomadas_de_Contas_Especiais_TCE_PI.md,5,nao,TEXTO,348,C:\Users\thiagonogueira\OneDrive - mppi.mp.br\CLC\01_Processos_e_Aquisicoes\Base de Conhecimento - Thiago\02_Jurisprudencia_e_Orientacoes\Informativos_Julgamentos_TCE_PI\Plen_rio_Presencial_Pleno___Sess_o_Ordin_ria_Presencial_n__06_de_09_de_abril_de_.pdf
01,PROVAVEL_REVISAR,0.5,mestra\02_Jurisprudencia_e_Orientacoes\Informativos_Julgamentos_TCE_PI,Plen_rio_Presencial_Pleno___Sess_o_Ordin_ria_Presencial_n__07_de_30_de_abril_de_.pdf,mestra\02_Jurisprudencia_e_Orientacoes\Informativos_Julgamentos_TCE_PI\01_Licitacoes_e_Contratos_Julgados_TCE_PI.md,4,nao,TEXTO,324,C:\Users\thiagonogueira\OneDrive - mppi.mp.br\CLC\01_Processos_e_Aquisicoes\Base de Conhecimento - Thiago\02_Jurisprudencia_e_Orientacoes\Informativos_Julgamentos_TCE_PI\Plen_rio_Presencial_Pleno___Sess_o_Ordin_ria_Presencial_n__07_de_30_de_abril_de_.pdf
01,PROVAVEL_REVISAR,0.43,mestra\02_Jurisprudencia_e_Orientacoes\Informativos_Julgamentos_TCE_PI,Plen_rio_Presencial_Pleno___Sess_o_Ordin_ria_Presencial_n__08_de_14_de_maio_de_2.pdf,mestra\02_Jurisprudencia_e_Orientacoes\Informativos_Julgamentos_TCE_PI\08_Outros_Procedimentos_e_Consultas_TCE_PI.md,4,nao,TEXTO,391,C:\Users\thiagonogueira\OneDrive - mppi.mp.br\CLC\01_Processos_e_Aquisicoes\Base de Conhecimento - Thiago\02_Jurisprudencia_e_Orientacoes\Informativos_Julgamentos_TCE_PI\Plen_rio_Presencial_Pleno___Sess_o_Ordin_ria_Presencial_n__08_de_14_de_maio_de_2.pdf
01,PROVAVEL_REVISAR,0.54,mestra\02_Jurisprudencia_e_Orientacoes\Informativos_Julgamentos_TCE_PI,Plen_rio_Presencial_Pleno___Sess_o_Ordin_ria_Presencial_n__09_de_28_de_maio_de_2.pdf,mestra\02_Jurisprudencia_e_Orientacoes\Informativos_Julgamentos_TCE_PI\01_Licitacoes_e_Contratos_Julgados_TCE_PI.md,6,nao,TEXTO,428,C:\Users\thiagonogueira\OneDrive - mppi.mp.br\CLC\01_Processos_e_Aquisicoes\Base de Conhecimento - Thiago\02_Jurisprudencia_e_Orientacoes\Informativos_Julgamentos_TCE_PI\Plen_rio_Presencial_Pleno___Sess_o_Ordin_ria_Presencial_n__09_de_28_de_maio_de_2.pdf
01,PROVAVEL_REVISAR,0.58,mestra\02_Jurisprudencia_e_Orientacoes\Informativos_Julgamentos_TCE_PI,Plen_rio_Virtual_Pleno___Sess_o_Ordin_ria_Virtual_de_04_a_08_de_maio_de_2026_.pdf,mestra\02_Jurisprudencia_e_Orientacoes\Informativos_Julgamentos_TCE_PI\08_Outros_Procedimentos_e_Consultas_TCE_PI.md,4,nao,TEXTO,302,C:\Users\thiagonogueira\OneDrive - mppi.mp.br\CLC\01_Processos_e_Aquisicoes\Base de Conhecimento - Thiago\02_Jurisprudencia_e_Orientacoes\Informativos_Julgamentos_TCE_PI\Plen_rio_Virtual_Pleno___Sess_o_Ordin_ria_Virtual_de_04_a_08_de_maio_de_2026_.pdf
01,PROVAVEL_REVISAR,0.56,mestra\02_Jurisprudencia_e_Orientacoes\Informativos_Julgamentos_TCE_PI,Plen_rio_Virtual_Pleno___Sess_o_Ordin_ria_Virtual_de_06_a_10_de_julho_de_2026_.pdf,mestra\02_Jurisprudencia_e_Orientacoes\Informativos_Julgamentos_TCE_PI\03_Recursos_Agravos_Embargos_TCE_PI.md,3,nao,TEXTO,285,C:\Users\thiagonogueira\OneDrive - mppi.mp.br\CLC\01_Processos_e_Aquisicoes\Base de Conhecimento - Thiago\02_Jurisprudencia_e_Orientacoes\Informativos_Julgamentos_TCE_PI\Plen_rio_Virtual_Pleno___Sess_o_Ordin_ria_Virtual_de_06_a_10_de_julho_de_2026_.pdf
01,PROVAVEL_REVISAR,0.56,mestra\02_Jurisprudencia_e_Orientacoes\Informativos_Julgamentos_TCE_PI,Plen_rio_Virtual_Pleno___Sess_o_Ordin_ria_Virtual_de_08_a_12_de_junho_de_2026_.pdf,mestra\02_Jurisprudencia_e_Orientacoes\Informativos_Julgamentos_TCE_PI\03_Recursos_Agravos_Embargos_TCE_PI.md,2,nao,TEXTO,280,C:\Users\thiagonogueira\OneDrive - mppi.mp.br\CLC\01_Processos_e_Aquisicoes\Base de Conhecimento - Thiago\02_Jurisprudencia_e_Orientacoes\Informativos_Julgamentos_TCE_PI\Plen_rio_Virtual_Pleno___Sess_o_Ordin_ria_Virtual_de_08_a_12_de_junho_de_2026_.pdf
01,PROVAVEL_REVISAR,0.56,mestra\02_Jurisprudencia_e_Orientacoes\Informativos_Julgamentos_TCE_PI,Plen_rio_Virtual_Pleno___Sess_o_Ordin_ria_Virtual_de_10_a_14_de_agosto_de_2026_.pdf,mestra\02_Jurisprudencia_e_Orientacoes\Informativos_Julgamentos_TCE_PI\03_Recursos_Agravos_Embargos_TCE_PI.md,5,nao,TEXTO,287,C:\Users\thiagonogueira\OneDrive - mppi.mp.br\CLC\01_Processos_e_Aquisicoes\Base de Conhecimento - Thiago\02_Jurisprudencia_e_Orientacoes\Informativos_Julgamentos_TCE_PI\Plen_rio_Virtual_Pleno___Sess_o_Ordin_ria_Virtual_de_10_a_14_de_agosto_de_2026_.pdf
01,PROVAVEL_REVISAR,0.59,mestra\02_Jurisprudencia_e_Orientacoes\Informativos_Julgamentos_TCE_PI,Plen_rio_Virtual_Pleno___Sess_o_Ordin_ria_Virtual_de_11_a_15_de_maio_de_2026_.pdf,mestra\02_Jurisprudencia_e_Orientacoes\Informativos_Julgamentos_TCE_PI\03_Recursos_Agravos_Embargos_TCE_PI.md,3,nao,TEXTO,301,C:\Users\thiagonogueira\OneDrive - mppi.mp.br\CLC\01_Processos_e_Aquisicoes\Base de Conhecimento - Thiago\02_Jurisprudencia_e_Orientacoes\Informativos_Julgamentos_TCE_PI\Plen_rio_Virtual_Pleno___Sess_o_Ordin_ria_Virtual_de_11_a_15_de_maio_de_2026_.pdf
01,PROVAVEL_REVISAR,0.47,mestra\02_Jurisprudencia_e_Orientacoes\Informativos_Julgamentos_TCE_PI,Plen_rio_Virtual_Pleno___Sess_o_Ordin_ria_Virtual_de_18_a_22_de_maio_de_2026_.pdf,mestra\02_Jurisprudencia_e_Orientacoes\Informativos_Julgamentos_TCE_PI\08_Outros_Procedimentos_e_Consultas_TCE_PI.md,4,nao,TEXTO,304,C:\Users\thiagonogueira\OneDrive - mppi.mp.br\CLC\01_Processos_e_Aquisicoes\Base de Conhecimento - Thiago\02_Jurisprudencia_e_Orientacoes\Informativos_Julgamentos_TCE_PI\Plen_rio_Virtual_Pleno___Sess_o_Ordin_ria_Virtual_de_18_a_22_de_maio_de_2026_.pdf
01,PROVAVEL_REVISAR,0.54,mestra\02_Jurisprudencia_e_Orientacoes\Informativos_Julgamentos_TCE_PI,Plen_rio_Virtual_Pleno___Sess_o_Ordin_ria_Virtual_de_22_a_26_de_junho_de_2026_.pdf,mestra\02_Jurisprudencia_e_Orientacoes\Informativos_Julgamentos_TCE_PI\03_Recursos_Agravos_Embargos_TCE_PI.md,3,nao,TEXTO,299,C:\Users\thiagonogueira\OneDrive - mppi.mp.br\CLC\01_Processos_e_Aquisicoes\Base de Conhecimento - Thiago\02_Jurisprudencia_e_Orientacoes\Informativos_Julgamentos_TCE_PI\Plen_rio_Virtual_Pleno___Sess_o_Ordin_ria_Virtual_de_22_a_26_de_junho_de_2026_.pdf
01,PROVAVEL_REVISAR,0.55,mestra\02_Jurisprudencia_e_Orientacoes\Informativos_Julgamentos_TCE_PI,Plen_rio_Virtual_Pleno___Sess_o_Ordin_ria_Virtual_de_25_a_29_de_maio_de_2026_.pdf,mestra\02_Jurisprudencia_e_Orientacoes\Informativos_Julgamentos_TCE_PI\03_Recursos_Agravos_Embargos_TCE_PI.md,3,nao,TEXTO,298,C:\Users\thiagonogueira\OneDrive - mppi.mp.br\CLC\01_Processos_e_Aquisicoes\Base de Conhecimento - Thiago\02_Jurisprudencia_e_Orientacoes\Informativos_Julgamentos_TCE_PI\Plen_rio_Virtual_Pleno___Sess_o_Ordin_ria_Virtual_de_25_a_29_de_maio_de_2026_.pdf
01,PROVAVEL_REVISAR,0.56,mestra\02_Jurisprudencia_e_Orientacoes\Informativos_Julgamentos_TCE_PI,Primeira_C_mara_Presencial_1__C_mara___Sess_o_Ordin_ria_Presencial_n__01_de_27_d.pdf,mestra\02_Jurisprudencia_e_Orientacoes\Informativos_Julgamentos_TCE_PI\01_Licitacoes_e_Contratos_Julgados_TCE_PI.md,2,nao,TEXTO,343,C:\Users\thiagonogueira\OneDrive - mppi.mp.br\CLC\01_Processos_e_Aquisicoes\Base de Conhecimento - Thiago\02_Jurisprudencia_e_Orientacoes\Informativos_Julgamentos_TCE_PI\Primeira_C_mara_Presencial_1__C_mara___Sess_o_Ordin_ria_Presencial_n__01_de_27_d.pdf
01,PROVAVEL_REVISAR,0.55,mestra\02_Jurisprudencia_e_Orientacoes\Informativos_Julgamentos_TCE_PI,Primeira_C_mara_Presencial_1__C_mara___Sess_o_Ordin_ria_Presencial_n__020_de_09_.pdf,mestra\02_Jurisprudencia_e_Orientacoes\Informativos_Julgamentos_TCE_PI\01_Licitacoes_e_Contratos_Julgados_TCE_PI.md,4,nao,TEXTO,417,C:\Users\thiagonogueira\OneDrive - mppi.mp.br\CLC\01_Processos_e_Aquisicoes\Base de Conhecimento - Thiago\02_Jurisprudencia_e_Orientacoes\Informativos_Julgamentos_TCE_PI\Primeira_C_mara_Presencial_1__C_mara___Sess_o_Ordin_ria_Presencial_n__020_de_09_.pdf
01,PROVAVEL_REVISAR,0.52,mestra\02_Jurisprudencia_e_Orientacoes\Informativos_Julgamentos_TCE_PI,Primeira_C_mara_Presencial_1__C_mara___Sess_o_Ordin_ria_Presencial_n__021_de_16_.pdf,mestra\02_Jurisprudencia_e_Orientacoes\Informativos_Julgamentos_TCE_PI\05_Representacoes_Licitantes_TCE_PI.md,4,nao,TEXTO,401,C:\Users\thiagonogueira\OneDrive - mppi.mp.br\CLC\01_Processos_e_Aquisicoes\Base de Conhecimento - Thiago\02_Jurisprudencia_e_Orientacoes\Informativos_Julgamentos_TCE_PI\Primeira_C_mara_Presencial_1__C_mara___Sess_o_Ordin_ria_Presencial_n__021_de_16_.pdf
01,PROVAVEL_REVISAR,0.52,mestra\02_Jurisprudencia_e_Orientacoes\Informativos_Julgamentos_TCE_PI,Primeira_C_mara_Presencial_1__C_mara___Sess_o_Ordin_ria_Presencial_n__02_de_10_d.pdf,mestra\02_Jurisprudencia_e_Orientacoes\Informativos_Julgamentos_TCE_PI\01_Licitacoes_e_Contratos_Julgados_TCE_PI.md,3,nao,TEXTO,406,C:\Users\thiagonogueira\OneDrive - mppi.mp.br\CLC\01_Processos_e_Aquisicoes\Base de Conhecimento - Thiago\02_Jurisprudencia_e_Orientacoes\Informativos_Julgamentos_TCE_PI\Primeira_C_mara_Presencial_1__C_mara___Sess_o_Ordin_ria_Presencial_n__02_de_10_d.pdf
01,PROVAVEL_REVISAR,0.54,mestra\02_Jurisprudencia_e_Orientacoes\Informativos_Julgamentos_TCE_PI,Primeira_C_mara_Presencial_1__C_mara___Sess_o_Ordin_ria_Presencial_n__04_de_10_d.pdf,mestra\02_Jurisprudencia_e_Orientacoes\Informativos_Julgamentos_TCE_PI\08_Outros_Procedimentos_e_Consultas_TCE_PI.md,4,nao,TEXTO,359,C:\Users\thiagonogueira\OneDrive - mppi.mp.br\CLC\01_Processos_e_Aquisicoes\Base de Conhecimento - Thiago\02_Jurisprudencia_e_Orientacoes\Informativos_Julgamentos_TCE_PI\Primeira_C_mara_Presencial_1__C_mara___Sess_o_Ordin_ria_Presencial_n__04_de_10_d.pdf
01,PROVAVEL_REVISAR,0.47,mestra\02_Jurisprudencia_e_Orientacoes\Informativos_Julgamentos_TCE_PI,Primeira_C_mara_Presencial_1__C_mara___Sess_o_Ordin_ria_Presencial_n__06_de_7_de.pdf,mestra\02_Jurisprudencia_e_Orientacoes\Informativos_Julgamentos_TCE_PI\05_Representacoes_Licitantes_TCE_PI.md,4,nao,TEXTO,407,C:\Users\thiagonogueira\OneDrive - mppi.mp.br\CLC\01_Processos_e_Aquisicoes\Base de Conhecimento - Thiago\02_Jurisprudencia_e_Orientacoes\Informativos_Julgamentos_TCE_PI\Primeira_C_mara_Presencial_1__C_mara___Sess_o_Ordin_ria_Presencial_n__06_de_7_de.pdf
01,PROVAVEL_REVISAR,0.58,mestra\02_Jurisprudencia_e_Orientacoes\Informativos_Julgamentos_TCE_PI,Primeira_C_mara_Presencial_1__C_mara___Sess_o_Ordin_ria_Presencial_n__07_de_28_d.pdf,mestra\02_Jurisprudencia_e_Orientacoes\Informativos_Julgamentos_TCE_PI\02_Denuncias_Licitacoes_e_Fraudes_TCE_PI.md,4,nao,TEXTO,407,C:\Users\thiagonogueira\OneDrive - mppi.mp.br\CLC\01_Processos_e_Aquisicoes\Base de Conhecimento - Thiago\02_Jurisprudencia_e_Orientacoes\Informativos_Julgamentos_TCE_PI\Primeira_C_mara_Presencial_1__C_mara___Sess_o_Ordin_ria_Presencial_n__07_de_28_d.pdf
01,PROVAVEL_REVISAR,0.53,mestra\02_Jurisprudencia_e_Orientacoes\Informativos_Julgamentos_TCE_PI,Primeira_C_mara_Presencial_1__C_mara___Sess_o_Ordin_ria_Presencial_n__09_de_26_d.pdf,mestra\02_Jurisprudencia_e_Orientacoes\Informativos_Julgamentos_TCE_PI\02_Denuncias_Licitacoes_e_Fraudes_TCE_PI.md,3,nao,TEXTO,342,C:\Users\thiagonogueira\OneDrive - mppi.mp.br\CLC\01_Processos_e_Aquisicoes\Base de Conhecimento - Thiago\02_Jurisprudencia_e_Orientacoes\Informativos_Julgamentos_TCE_PI\Primeira_C_mara_Presencial_1__C_mara___Sess_o_Ordin_ria_Presencial_n__09_de_26_d.pdf
02,PROVAVEL_REVISAR,0.46,mestra\02_Jurisprudencia_e_Orientacoes\Informativos_Julgamentos_TCE_PI,Primeira_C_mara_Presencial_1__C_mara___Sess_o_Ordin_ria_Presencial_n__12_de_7_de.pdf,mestra\02_Jurisprudencia_e_Orientacoes\Informativos_Julgamentos_TCE_PI\05_Representacoes_Licitantes_TCE_PI.md,4,nao,TEXTO,427,C:\Users\thiagonogueira\OneDrive - mppi.mp.br\CLC\01_Processos_e_Aquisicoes\Base de Conhecimento - Thiago\02_Jurisprudencia_e_Orientacoes\Informativos_Julgamentos_TCE_PI\Primeira_C_mara_Presencial_1__C_mara___Sess_o_Ordin_ria_Presencial_n__12_de_7_de.pdf
02,PROVAVEL_REVISAR,0.57,mestra\02_Jurisprudencia_e_Orientacoes\Informativos_Julgamentos_TCE_PI,Primeira_C_mara_Presencial_1__C_mara___Sess_o_Ordin_ria_Presencial_n__14_de_04_d.pdf,mestra\02_Jurisprudencia_e_Orientacoes\Informativos_Julgamentos_TCE_PI\04_Tomadas_de_Contas_Especiais_TCE_PI.md,3,nao,TEXTO,416,C:\Users\thiagonogueira\OneDrive - mppi.mp.br\CLC\01_Processos_e_Aquisicoes\Base de Conhecimento - Thiago\02_Jurisprudencia_e_Orientacoes\Informativos_Julgamentos_TCE_PI\Primeira_C_mara_Presencial_1__C_mara___Sess_o_Ordin_ria_Presencial_n__14_de_04_d.pdf
02,PROVAVEL_REVISAR,0.47,mestra\02_Jurisprudencia_e_Orientacoes\Informativos_Julgamentos_TCE_PI,Primeira_C_mara_Presencial_1__C_mara___Sess_o_Ordin_ria_Presencial_n__15_de_18_d.pdf,mestra\02_Jurisprudencia_e_Orientacoes\Informativos_Julgamentos_TCE_PI\04_Tomadas_de_Contas_Especiais_TCE_PI.md,3,nao,TEXTO,420,C:\Users\thiagonogueira\OneDrive - mppi.mp.br\CLC\01_Processos_e_Aquisicoes\Base de Conhecimento - Thiago\02_Jurisprudencia_e_Orientacoes\Informativos_Julgamentos_TCE_PI\Primeira_C_mara_Presencial_1__C_mara___Sess_o_Ordin_ria_Presencial_n__15_de_18_d.pdf
02,PROVAVEL_REVISAR,0.6,mestra\02_Jurisprudencia_e_Orientacoes\Informativos_Julgamentos_TCE_PI,Primeira_C_mara_Virtual_1__C_mara___Sess_o_Ordin_ria_Virtual_de_03_a_07_de_agost.pdf,mestra\02_Jurisprudencia_e_Orientacoes\Informativos_Julgamentos_TCE_PI\02_Denuncias_Licitacoes_e_Fraudes_TCE_PI.md,2,nao,TEXTO,302,C:\Users\thiagonogueira\OneDrive - mppi.mp.br\CLC\01_Processos_e_Aquisicoes\Base de Conhecimento - Thiago\02_Jurisprudencia_e_Orientacoes\Informativos_Julgamentos_TCE_PI\Primeira_C_mara_Virtual_1__C_mara___Sess_o_Ordin_ria_Virtual_de_03_a_07_de_agost.pdf
02,PROVAVEL_REVISAR,0.59,mestra\02_Jurisprudencia_e_Orientacoes\Informativos_Julgamentos_TCE_PI,Primeira_C_mara_Virtual_1__C_mara___Sess_o_Ordin_ria_Virtual_de_13_a_17_de_julho.pdf,mestra\02_Jurisprudencia_e_Orientacoes\Informativos_Julgamentos_TCE_PI\08_Outros_Procedimentos_e_Consultas_TCE_PI.md,2,nao,TEXTO,319,C:\Users\thiagonogueira\OneDrive - mppi.mp.br\CLC\01_Processos_e_Aquisicoes\Base de Conhecimento - Thiago\02_Jurisprudencia_e_Orientacoes\Informativos_Julgamentos_TCE_PI\Primeira_C_mara_Virtual_1__C_mara___Sess_o_Ordin_ria_Virtual_de_13_a_17_de_julho.pdf
02,PROVAVEL_REVISAR,0.6,mestra\02_Jurisprudencia_e_Orientacoes\Informativos_Julgamentos_TCE_PI,Primeira_C_mara_Virtual_1__C_mara___Sess_o_Ordin_ria_Virtual_de_18_a_22_de_maio_.pdf,mestra\02_Jurisprudencia_e_Orientacoes\Informativos_Julgamentos_TCE_PI\08_Outros_Procedimentos_e_Consultas_TCE_PI.md,3,nao,TEXTO,323,C:\Users\thiagonogueira\OneDrive - mppi.mp.br\CLC\01_Processos_e_Aquisicoes\Base de Conhecimento - Thiago\02_Jurisprudencia_e_Orientacoes\Informativos_Julgamentos_TCE_PI\Primeira_C_mara_Virtual_1__C_mara___Sess_o_Ordin_ria_Virtual_de_18_a_22_de_maio_.pdf
02,PROVAVEL_REVISAR,0.56,mestra\02_Jurisprudencia_e_Orientacoes\Informativos_Julgamentos_TCE_PI,Primeira_C_mara_Virtual_1__C_mara___Sess_o_Ordin_ria_Virtual_de_6_a_10_de_julho_.pdf,mestra\02_Jurisprudencia_e_Orientacoes\Informativos_Julgamentos_TCE_PI\08_Outros_Procedimentos_e_Consultas_TCE_PI.md,2,nao,TEXTO,303,C:\Users\thiagonogueira\OneDrive - mppi.mp.br\CLC\01_Processos_e_Aquisicoes\Base de Conhecimento - Thiago\02_Jurisprudencia_e_Orientacoes\Informativos_Julgamentos_TCE_PI\Primeira_C_mara_Virtual_1__C_mara___Sess_o_Ordin_ria_Virtual_de_6_a_10_de_julho_.pdf
02,PROVAVEL_REVISAR,0.46,mestra\02_Jurisprudencia_e_Orientacoes\Informativos_Julgamentos_TCE_PI,Segunda_C_mara_Presencial_2__C_mara___Sess_o_Ordin_ria_Presencial_n__04_de_25_de.pdf,mestra\02_Jurisprudencia_e_Orientacoes\Informativos_Julgamentos_TCE_PI\01_Licitacoes_e_Contratos_Julgados_TCE_PI.md,2,nao,TEXTO,342,C:\Users\thiagonogueira\OneDrive - mppi.mp.br\CLC\01_Processos_e_Aquisicoes\Base de Conhecimento - Thiago\02_Jurisprudencia_e_Orientacoes\Informativos_Julgamentos_TCE_PI\Segunda_C_mara_Presencial_2__C_mara___Sess_o_Ordin_ria_Presencial_n__04_de_25_de.pdf
02,PROVAVEL_REVISAR,0.47,mestra\02_Jurisprudencia_e_Orientacoes\Informativos_Julgamentos_TCE_PI,Segunda_C_mara_Presencial_2__C_mara___Sess_o_Ordin_ria_Presencial_n__11_de_08_de.pdf,mestra\02_Jurisprudencia_e_Orientacoes\Informativos_Julgamentos_TCE_PI\01_Licitacoes_e_Contratos_Julgados_TCE_PI.md,4,nao,TEXTO,408,C:\Users\thiagonogueira\OneDrive - mppi.mp.br\CLC\01_Processos_e_Aquisicoes\Base de Conhecimento - Thiago\02_Jurisprudencia_e_Orientacoes\Informativos_Julgamentos_TCE_PI\Segunda_C_mara_Presencial_2__C_mara___Sess_o_Ordin_ria_Presencial_n__11_de_08_de.pdf
02,PROVAVEL_REVISAR,0.54,mestra\02_Jurisprudencia_e_Orientacoes\Informativos_Julgamentos_TCE_PI,Segunda_C_mara_Presencial_2__C_mara___Sess_o_Ordin_ria_Presencial_n__12_de_22_de.pdf,mestra\02_Jurisprudencia_e_Orientacoes\Informativos_Julgamentos_TCE_PI\01_Licitacoes_e_Contratos_Julgados_TCE_PI.md,3,nao,TEXTO,409,C:\Users\thiagonogueira\OneDrive - mppi.mp.br\CLC\01_Processos_e_Aquisicoes\Base de Conhecimento - Thiago\02_Jurisprudencia_e_Orientacoes\Informativos_Julgamentos_TCE_PI\Segunda_C_mara_Presencial_2__C_mara___Sess_o_Ordin_ria_Presencial_n__12_de_22_de.pdf
02,PROVAVEL_REVISAR,0.6,mestra\02_Jurisprudencia_e_Orientacoes\Informativos_Julgamentos_TCE_PI,Segunda_C_mara_Presencial_2__C_mara___Sess_o_Ordin_ria_Presencial_n__13_de_05_de.pdf,mestra\02_Jurisprudencia_e_Orientacoes\Informativos_Julgamentos_TCE_PI\01_Licitacoes_e_Contratos_Julgados_TCE_PI.md,4,nao,TEXTO,426,C:\Users\thiagonogueira\OneDrive - mppi.mp.br\CLC\01_Processos_e_Aquisicoes\Base de Conhecimento - Thiago\02_Jurisprudencia_e_Orientacoes\Informativos_Julgamentos_TCE_PI\Segunda_C_mara_Presencial_2__C_mara___Sess_o_Ordin_ria_Presencial_n__13_de_05_de.pdf
02,PROVAVEL_REVISAR,0.57,mestra\02_Jurisprudencia_e_Orientacoes\Informativos_Julgamentos_TCE_PI,Segunda_C_mara_Virtual_2__C_mara___Sess_o_Ordin_ria_Virtual_de_03_a_07_de_agosto.pdf,mestra\02_Jurisprudencia_e_Orientacoes\Informativos_Julgamentos_TCE_PI\02_Denuncias_Licitacoes_e_Fraudes_TCE_PI.md,5,nao,TEXTO,343,C:\Users\thiagonogueira\OneDrive - mppi.mp.br\CLC\01_Processos_e_Aquisicoes\Base de Conhecimento - Thiago\02_Jurisprudencia_e_Orientacoes\Informativos_Julgamentos_TCE_PI\Segunda_C_mara_Virtual_2__C_mara___Sess_o_Ordin_ria_Virtual_de_03_a_07_de_agosto.pdf
02,PROVAVEL_REVISAR,0.59,mestra\02_Jurisprudencia_e_Orientacoes\Informativos_Julgamentos_TCE_PI,Segunda_C_mara_Virtual_2__C_mara___Sess_o_Ordin_ria_Virtual_de_06_a_10_de_julho_.pdf,mestra\02_Jurisprudencia_e_Orientacoes\Informativos_Julgamentos_TCE_PI\08_Outros_Procedimentos_e_Consultas_TCE_PI.md,5,nao,TEXTO,334,C:\Users\thiagonogueira\OneDrive - mppi.mp.br\CLC\01_Processos_e_Aquisicoes\Base de Conhecimento - Thiago\02_Jurisprudencia_e_Orientacoes\Informativos_Julgamentos_TCE_PI\Segunda_C_mara_Virtual_2__C_mara___Sess_o_Ordin_ria_Virtual_de_06_a_10_de_julho_.pdf
02,PROVAVEL_REVISAR,0.45,mestra\02_Jurisprudencia_e_Orientacoes\Informativos_Julgamentos_TCE_PI,Segunda_C_mara_Virtual_2__C_mara___Sess_o_Ordin_ria_Virtual_de_08_a_11_de_setemb.pdf,mestra\02_Jurisprudencia_e_Orientacoes\Informativos_Julgamentos_TCE_PI\05_Representacoes_Licitantes_TCE_PI.md,2,nao,TEXTO,318,C:\Users\thiagonogueira\OneDrive - mppi.mp.br\CLC\01_Processos_e_Aquisicoes\Base de Conhecimento - Thiago\02_Jurisprudencia_e_Orientacoes\Informativos_Julgamentos_TCE_PI\Segunda_C_mara_Virtual_2__C_mara___Sess_o_Ordin_ria_Virtual_de_08_a_11_de_setemb.pdf
02,PROVAVEL_REVISAR,0.59,mestra\02_Jurisprudencia_e_Orientacoes\Informativos_Julgamentos_TCE_PI,Segunda_C_mara_Virtual_2__C_mara___Sess_o_Ordin_ria_Virtual_de_08_a_12_de_junho_.pdf,mestra\02_Jurisprudencia_e_Orientacoes\Informativos_Julgamentos_TCE_PI\08_Outros_Procedimentos_e_Consultas_TCE_PI.md,3,nao,TEXTO,324,C:\Users\thiagonogueira\OneDrive - mppi.mp.br\CLC\01_Processos_e_Aquisicoes\Base de Conhecimento - Thiago\02_Jurisprudencia_e_Orientacoes\Informativos_Julgamentos_TCE_PI\Segunda_C_mara_Virtual_2__C_mara___Sess_o_Ordin_ria_Virtual_de_08_a_12_de_junho_.pdf
02,PROVAVEL_REVISAR,0.46,mestra\02_Jurisprudencia_e_Orientacoes\Informativos_Julgamentos_TCE_PI,Segunda_C_mara_Virtual_2__C_mara___Sess_o_Ordin_ria_Virtual_de_10_a_14_de_agosto.pdf,mestra\02_Jurisprudencia_e_Orientacoes\Informativos_Julgamentos_TCE_PI\02_Denuncias_Licitacoes_e_Fraudes_TCE_PI.md,4,nao,TEXTO,337,C:\Users\thiagonogueira\OneDrive - mppi.mp.br\CLC\01_Processos_e_Aquisicoes\Base de Conhecimento - Thiago\02_Jurisprudencia_e_Orientacoes\Informativos_Julgamentos_TCE_PI\Segunda_C_mara_Virtual_2__C_mara___Sess_o_Ordin_ria_Virtual_de_10_a_14_de_agosto.pdf
02,PROVAVEL_REVISAR,0.59,mestra\02_Jurisprudencia_e_Orientacoes\Informativos_Julgamentos_TCE_PI,Segunda_C_mara_Virtual_2__C_mara___Sess_o_Ordin_ria_Virtual_de_14_a_18_de_setemb.pdf,mestra\02_Jurisprudencia_e_Orientacoes\Informativos_Julgamentos_TCE_PI\02_Denuncias_Licitacoes_e_Fraudes_TCE_PI.md,3,nao,TEXTO,322,C:\Users\thiagonogueira\OneDrive - mppi.mp.br\CLC\01_Processos_e_Aquisicoes\Base de Conhecimento - Thiago\02_Jurisprudencia_e_Orientacoes\Informativos_Julgamentos_TCE_PI\Segunda_C_mara_Virtual_2__C_mara___Sess_o_Ordin_ria_Virtual_de_14_a_18_de_setemb.pdf
02,PROVAVEL_REVISAR,0.48,mestra\02_Jurisprudencia_e_Orientacoes\Informativos_Julgamentos_TCE_PI,Segunda_C_mara_Virtual_2__C_mara___Sess_o_Ordin_ria_Virtual_de_15_a_19_de_junho_.pdf,mestra\02_Jurisprudencia_e_Orientacoes\Informativos_Julgamentos_TCE_PI\08_Outros_Procedimentos_e_Consultas_TCE_PI.md,4,nao,TEXTO,338,C:\Users\thiagonogueira\OneDrive - mppi.mp.br\CLC\01_Processos_e_Aquisicoes\Base de Conhecimento - Thiago\02_Jurisprudencia_e_Orientacoes\Informativos_Julgamentos_TCE_PI\Segunda_C_mara_Virtual_2__C_mara___Sess_o_Ordin_ria_Virtual_de_15_a_19_de_junho_.pdf
02,PROVAVEL_REVISAR,0.55,mestra\02_Jurisprudencia_e_Orientacoes\Informativos_Julgamentos_TCE_PI,Segunda_C_mara_Virtual_2__C_mara___Sess_o_Ordin_ria_Virtual_de_17_a_21_de_agosto.pdf,mestra\02_Jurisprudencia_e_Orientacoes\Informativos_Julgamentos_TCE_PI\02_Denuncias_Licitacoes_e_Fraudes_TCE_PI.md,4,nao,TEXTO,332,C:\Users\thiagonogueira\OneDrive - mppi.mp.br\CLC\01_Processos_e_Aquisicoes\Base de Conhecimento - Thiago\02_Jurisprudencia_e_Orientacoes\Informativos_Julgamentos_TCE_PI\Segunda_C_mara_Virtual_2__C_mara___Sess_o_Ordin_ria_Virtual_de_17_a_21_de_agosto.pdf
02,PROVAVEL_REVISAR,0.5,mestra\02_Jurisprudencia_e_Orientacoes\Informativos_Julgamentos_TCE_PI,Segunda_C_mara_Virtual_2__C_mara___Sess_o_Ordin_ria_Virtual_de_20_a_24_de_julho_.pdf,mestra\02_Jurisprudencia_e_Orientacoes\Informativos_Julgamentos_TCE_PI\08_Outros_Procedimentos_e_Consultas_TCE_PI.md,1,nao,TEXTO,286,C:\Users\thiagonogueira\OneDrive - mppi.mp.br\CLC\01_Processos_e_Aquisicoes\Base de Conhecimento - Thiago\02_Jurisprudencia_e_Orientacoes\Informativos_Julgamentos_TCE_PI\Segunda_C_mara_Virtual_2__C_mara___Sess_o_Ordin_ria_Virtual_de_20_a_24_de_julho_.pdf
02,PROVAVEL_REVISAR,0.42,mestra\02_Jurisprudencia_e_Orientacoes\Informativos_Julgamentos_TCE_PI,Segunda_C_mara_Virtual_2__C_mara___Sess_o_Ordin_ria_Virtual_de_21_a_25_de_setemb.pdf,mestra\02_Jurisprudencia_e_Orientacoes\Informativos_Julgamentos_TCE_PI\02_Denuncias_Licitacoes_e_Fraudes_TCE_PI.md,3,nao,TEXTO,328,C:\Users\thiagonogueira\OneDrive - mppi.mp.br\CLC\01_Processos_e_Aquisicoes\Base de Conhecimento - Thiago\02_Jurisprudencia_e_Orientacoes\Informativos_Julgamentos_TCE_PI\Segunda_C_mara_Virtual_2__C_mara___Sess_o_Ordin_ria_Virtual_de_21_a_25_de_setemb.pdf
02,PROVAVEL_REVISAR,0.58,mestra\02_Jurisprudencia_e_Orientacoes\Informativos_Julgamentos_TCE_PI,Segunda_C_mara_Virtual_2__C_mara___Sess_o_Ordin_ria_Virtual_de_25_a_29_de_maio_d.pdf,mestra\02_Jurisprudencia_e_Orientacoes\Informativos_Julgamentos_TCE_PI\08_Outros_Procedimentos_e_Consultas_TCE_PI.md,6,nao,TEXTO,371,C:\Users\thiagonogueira\OneDrive - mppi.mp.br\CLC\01_Processos_e_Aquisicoes\Base de Conhecimento - Thiago\02_Jurisprudencia_e_Orientacoes\Informativos_Julgamentos_TCE_PI\Segunda_C_mara_Virtual_2__C_mara___Sess_o_Ordin_ria_Virtual_de_25_a_29_de_maio_d.pdf
02,PROVAVEL_REVISAR,0.48,mestra\02_Jurisprudencia_e_Orientacoes\Informativos_Julgamentos_TCE_PI,Segunda_C_mara_Virtual_2__C_mara___Sess_o_Ordin_ria_Virtual_de_28_de_setembro_a_.pdf,mestra\02_Jurisprudencia_e_Orientacoes\Informativos_Julgamentos_TCE_PI\08_Outros_Procedimentos_e_Consultas_TCE_PI.md,2,nao,TEXTO,333,C:\Users\thiagonogueira\OneDrive - mppi.mp.br\CLC\01_Processos_e_Aquisicoes\Base de Conhecimento - Thiago\02_Jurisprudencia_e_Orientacoes\Informativos_Julgamentos_TCE_PI\Segunda_C_mara_Virtual_2__C_mara___Sess_o_Ordin_ria_Virtual_de_28_de_setembro_a_.pdf
02,PROVAVEL_REVISAR,0.56,mestra\02_Jurisprudencia_e_Orientacoes\Informativos_Julgamentos_TCE_PI,Segunda_C_mara_Virtual_2__C_mara___Sess_o_Ordin_ria_Virtual_de_29_de_junho_a_03_.pdf,mestra\02_Jurisprudencia_e_Orientacoes\Informativos_Julgamentos_TCE_PI\08_Outros_Procedimentos_e_Consultas_TCE_PI.md,2,nao,TEXTO,308,C:\Users\thiagonogueira\OneDrive - mppi.mp.br\CLC\01_Processos_e_Aquisicoes\Base de Conhecimento - Thiago\02_Jurisprudencia_e_Orientacoes\Informativos_Julgamentos_TCE_PI\Segunda_C_mara_Virtual_2__C_mara___Sess_o_Ordin_ria_Virtual_de_29_de_junho_a_03_.pdf
02,PROVAVEL_REVISAR,0.43,mestra\02_Jurisprudencia_e_Orientacoes\Informativos_Julgamentos_TCE_PI,Segunda_C_mara_Virtual_2__C_mara___Sess_o_Ordin_ria_Virtual_de_31_de_agosto_a_04.pdf,mestra\02_Jurisprudencia_e_Orientacoes\Informativos_Julgamentos_TCE_PI\08_Outros_Procedimentos_e_Consultas_TCE_PI.md,4,nao,TEXTO,328,C:\Users\thiagonogueira\OneDrive - mppi.mp.br\CLC\01_Processos_e_Aquisicoes\Base de Conhecimento - Thiago\02_Jurisprudencia_e_Orientacoes\Informativos_Julgamentos_TCE_PI\Segunda_C_mara_Virtual_2__C_mara___Sess_o_Ordin_ria_Virtual_de_31_de_agosto_a_04.pdf
02,PROVAVEL_REVISAR,0.52,mestra\SIte_PGE_PI\Adesão,Lei-14133-Lista-de-Verificacao-Adesao(1).pdf,mestra\05_Doutrina_e_Biblioteca\Biblioteca_Manuais_e_Cursos\Publicacao PGE-PI - Lista de Contratacoes de Pequeno Valor no DOE.md,8,nao,TEXTO,149,C:\Users\thiagonogueira\OneDrive - mppi.mp.br\CLC\01_Processos_e_Aquisicoes\Base de Conhecimento - Thiago\SIte_PGE_PI\Adesão\Lei-14133-Lista-de-Verificacao-Adesao(1).pdf
02,PROVAVEL_REVISAR,0.5,mestra\SIte_PGE_PI\Adesão,Lei-14133-Lista-de-Verificacao-Adesao-DOE(1).pdf,mestra\05_Doutrina_e_Biblioteca\Biblioteca_Manuais_e_Cursos\Publicacao PGE-PI - Lista de Contratacoes de Pequeno Valor no DOE.md,8,nao,TEXTO,17969,C:\Users\thiagonogueira\OneDrive - mppi.mp.br\CLC\01_Processos_e_Aquisicoes\Base de Conhecimento - Thiago\SIte_PGE_PI\Adesão\Lei-14133-Lista-de-Verificacao-Adesao-DOE(1).pdf
02,PROVAVEL_REVISAR,0.5,mestra\SIte_PGE_PI\Adesão,Lei-14133-Lista-de-Verificacao-Adesao-DOE.pdf,mestra\05_Doutrina_e_Biblioteca\Biblioteca_Manuais_e_Cursos\Publicacao PGE-PI - Lista de Contratacoes de Pequeno Valor no DOE.md,8,nao,TEXTO,17969,C:\Users\thiagonogueira\OneDrive - mppi.mp.br\CLC\01_Processos_e_Aquisicoes\Base de Conhecimento - Thiago\SIte_PGE_PI\Adesão\Lei-14133-Lista-de-Verificacao-Adesao-DOE.pdf
02,PROVAVEL_REVISAR,0.52,mestra\SIte_PGE_PI\Adesão,Lei-14133-Lista-de-Verificacao-Adesao.pdf,mestra\05_Doutrina_e_Biblioteca\Biblioteca_Manuais_e_Cursos\Publicacao PGE-PI - Lista de Contratacoes de Pequeno Valor no DOE.md,8,nao,TEXTO,149,C:\Users\thiagonogueira\OneDrive - mppi.mp.br\CLC\01_Processos_e_Aquisicoes\Base de Conhecimento - Thiago\SIte_PGE_PI\Adesão\Lei-14133-Lista-de-Verificacao-Adesao.pdf
02,PROVAVEL_REVISAR,0.57,mestra\SIte_PGE_PI\Adesão ARP Gerenciada pela SEAD,Lei-14133-Lista-de-Verificacao-Adesao-SEAD-DOE.pdf,mestra\05_Doutrina_e_Biblioteca\Biblioteca_Manuais_e_Cursos\Publicacao PGE-PI - Lista de Contratacoes de Pequeno Valor no DOE.md,5,nao,TEXTO,17968,C:\Users\thiagonogueira\OneDrive - mppi.mp.br\CLC\01_Processos_e_Aquisicoes\Base de Conhecimento - Thiago\SIte_PGE_PI\Adesão ARP Gerenciada pela SEAD\Lei-14133-Lista-de-Verificacao-Adesao-SEAD-DOE.pdf
02,PROVAVEL_REVISAR,0.59,mestra\SIte_PGE_PI\Adesão ARP Gerenciada pela SEAD,Lei-14133-Lista-de-Verificacao-Adesao-SEAD.pdf,mestra\05_Doutrina_e_Biblioteca\Biblioteca_Manuais_e_Cursos\Publicacao PGE-PI - Lista de Contratacoes de Pequeno Valor no DOE.md,5,nao,TEXTO,145,C:\Users\thiagonogueira\OneDrive - mppi.mp.br\CLC\01_Processos_e_Aquisicoes\Base de Conhecimento - Thiago\SIte_PGE_PI\Adesão ARP Gerenciada pela SEAD\Lei-14133-Lista-de-Verificacao-Adesao-SEAD.pdf
02,PROVAVEL_REVISAR,0.3,mestra\SIte_PGE_PI\Concorrencia_Eletronica,Lei-14133-Lista-de-Verificacao-Concorrencia-Eletronica-COM-SRP-Obras-e-Servicos-Especiais-de-Engenharia.pdf,mestra\05_Doutrina_e_Biblioteca\Biblioteca_Manuais_e_Cursos\Publicacao PGE-PI - Lista de Contratacoes de Pequeno Valor no DOE.md,10,nao,TEXTO,161,C:\Users\thiagonogueira\OneDrive - mppi.mp.br\CLC\01_Processos_e_Aquisicoes\Base de Conhecimento - Thiago\SIte_PGE_PI\Concorrencia_Eletronica\Lei-14133-Lista-de-Verificacao-Concorrencia-Eletronica-COM-SRP-Obras-e-Servicos-Especiais-de-Engenharia.pdf
02,PROVAVEL_REVISAR,0.39,mestra\SIte_PGE_PI\Concorrencia_Eletronica,Lei-14133-Lista-de-Verificacao-Concorrencia-Eletronica-SEM-SRP-Obras-e-Servicos-Especiais-de-Engenharia.pdf,mestra\05_Doutrina_e_Biblioteca\Biblioteca_Manuais_e_Cursos\Publicacao PGE-PI - Lista de Contratacoes de Pequeno Valor no DOE.md,11,nao,TEXTO,166,C:\Users\thiagonogueira\OneDrive - mppi.mp.br\CLC\01_Processos_e_Aquisicoes\Base de Conhecimento - Thiago\SIte_PGE_PI\Concorrencia_Eletronica\Lei-14133-Lista-de-Verificacao-Concorrencia-Eletronica-SEM-SRP-Obras-e-Servicos-Especiais-de-Engenharia.pdf
02,PROVAVEL_REVISAR,0.29,mestra\SIte_PGE_PI\Concorrencia_Eletronica,Lista-de-Verificacao-Concorrencia-Eletronica-COM-SRP-Obras-e-Servicos-Especiais-de-Engenharia-DOE.pdf,mestra\05_Doutrina_e_Biblioteca\Biblioteca_Manuais_e_Cursos\Publicacao PGE-PI - Lista de Contratacoes de Pequeno Valor no DOE.md,10,nao,TEXTO,17970,C:\Users\thiagonogueira\OneDrive - mppi.mp.br\CLC\01_Processos_e_Aquisicoes\Base de Conhecimento - Thiago\SIte_PGE_PI\Concorrencia_Eletronica\Lista-de-Verificacao-Concorrencia-Eletronica-COM-SRP-Obras-e-Servicos-Especiais-de-Engenharia-DOE.pdf
02,PROVAVEL_REVISAR,0.38,mestra\SIte_PGE_PI\Concorrencia_Eletronica,Lista-de-Verificacao-Concorrencia-Eletronica-SEM-SRP-Obras-e-Servicos-Especiais-de-Engenharia-DOE.pdf,mestra\05_Doutrina_e_Biblioteca\Biblioteca_Manuais_e_Cursos\Publicacao PGE-PI - Lista de Contratacoes de Pequeno Valor no DOE.md,11,nao,TEXTO,17970,C:\Users\thiagonogueira\OneDrive - mppi.mp.br\CLC\01_Processos_e_Aquisicoes\Base de Conhecimento - Thiago\SIte_PGE_PI\Concorrencia_Eletronica\Lista-de-Verificacao-Concorrencia-Eletronica-SEM-SRP-Obras-e-Servicos-Especiais-de-Engenharia-DOE.pdf
02,PROVAVEL_REVISAR,0.57,"mestra\SIte_PGE_PI\Contratacao de pequeno valor (75, I)",Lei-14133-Lista-de-Verificacao-Contratacao-Direta-Pequeno-Valor-Obras-DOE.pdf,mestra\05_Doutrina_e_Biblioteca\Biblioteca_Manuais_e_Cursos\Publicacao PGE-PI - Lista de Contratacoes de Pequeno Valor no DOE.md,11,nao,TEXTO,17970,"C:\Users\thiagonogueira\OneDrive - mppi.mp.br\CLC\01_Processos_e_Aquisicoes\Base de Conhecimento - Thiago\SIte_PGE_PI\Contratacao de pequeno valor (75, I)\Lei-14133-Lista-de-Verificacao-Contratacao-Direta-Pequeno-Valor-Obras-DOE.pdf"
02,PROVAVEL_REVISAR,0.58,"mestra\SIte_PGE_PI\Contratacao de pequeno valor (75, I)",Lei-14133-Lista-de-Verificacao-Contratacao-Direta-Pequeno-Valor-Obras.pdf,mestra\05_Doutrina_e_Biblioteca\Biblioteca_Manuais_e_Cursos\Publicacao PGE-PI - Lista de Contratacoes de Pequeno Valor no DOE.md,11,nao,TEXTO,163,"C:\Users\thiagonogueira\OneDrive - mppi.mp.br\CLC\01_Processos_e_Aquisicoes\Base de Conhecimento - Thiago\SIte_PGE_PI\Contratacao de pequeno valor (75, I)\Lei-14133-Lista-de-Verificacao-Contratacao-Direta-Pequeno-Valor-Obras.pdf"
02,PROVAVEL_REVISAR,0.44,mestra\SIte_PGE_PI\LV - Prorrogação Contínuos,Lei-14133-Lista-de-Verificacao-Prorrogacao-Servicos-ou-Fornecimentos-Continuos-DOE.pdf,mestra\05_Doutrina_e_Biblioteca\Biblioteca_Manuais_e_Cursos\Publicacao PGE-PI - Lista de Contratacoes de Pequeno Valor no DOE.md,4,nao,TEXTO,17967,C:\Users\thiagonogueira\OneDrive - mppi.mp.br\CLC\01_Processos_e_Aquisicoes\Base de Conhecimento - Thiago\SIte_PGE_PI\LV - Prorrogação Contínuos\Lei-14133-Lista-de-Verificacao-Prorrogacao-Servicos-ou-Fornecimentos-Continuos-DOE.pdf
02,PROVAVEL_REVISAR,0.46,mestra\SIte_PGE_PI\LV - Prorrogação Contínuos,Lei-14133-Lista-de-Verificacao-Prorrogacao-Servicos-ou-Fornecimentos-Continuos.pdf,mestra\05_Doutrina_e_Biblioteca\Biblioteca_Manuais_e_Cursos\Publicacao PGE-PI - Lista de Contratacoes de Pequeno Valor no DOE.md,4,nao,TEXTO,118,C:\Users\thiagonogueira\OneDrive - mppi.mp.br\CLC\01_Processos_e_Aquisicoes\Base de Conhecimento - Thiago\SIte_PGE_PI\LV - Prorrogação Contínuos\Lei-14133-Lista-de-Verificacao-Prorrogacao-Servicos-ou-Fornecimentos-Continuos.pdf
02,PROVAVEL_REVISAR,0.26,mestra\SIte_PGE_PI\LV - Prorrogação Não Contínuos,Lei-14133-Lista-de-Verificacao-Prorrogacao-Obras-Servicos-ou-Fornecimentos-nao-continuados.pdf,mestra\01_Normativos_Vigentes\02_Estadual_PI\Instrucoes_Normativas\Instrução Normativa CGE nº 01-2013 - Procedimentos de Controle e Pareceres.md,3,nao,TEXTO,115,C:\Users\thiagonogueira\OneDrive - mppi.mp.br\CLC\01_Processos_e_Aquisicoes\Base de Conhecimento - Thiago\SIte_PGE_PI\LV - Prorrogação Não Contínuos\Lei-14133-Lista-de-Verificacao-Prorrogacao-Obras-Servicos-ou-Fornecimentos-nao-continuados.pdf
02,PROVAVEL_REVISAR,0.5,mestra\SIte_PGE_PI\Lista de Verificação - Alteração Quantitativa,Lei-14133-Lista-de-Verificacao-Alteracao-Quantitativa-DOE.pdf,mestra\05_Doutrina_e_Biblioteca\Biblioteca_Manuais_e_Cursos\Publicacao PGE-PI - Lista de Contratacoes de Pequeno Valor no DOE.md,4,nao,TEXTO,17967,C:\Users\thiagonogueira\OneDrive - mppi.mp.br\CLC\01_Processos_e_Aquisicoes\Base de Conhecimento - Thiago\SIte_PGE_PI\Lista de Verificação - Alteração Quantitativa\Lei-14133-Lista-de-Verificacao-Alteracao-Quantitativa-DOE.pdf
02,PROVAVEL_REVISAR,0.52,mestra\SIte_PGE_PI\Lista de Verificação - Alteração Quantitativa,Lei-14133-Lista-de-Verificacao-Alteracao-Quantitativa.pdf,mestra\05_Doutrina_e_Biblioteca\Biblioteca_Manuais_e_Cursos\Publicacao PGE-PI - Lista de Contratacoes de Pequeno Valor no DOE.md,4,nao,TEXTO,117,C:\Users\thiagonogueira\OneDrive - mppi.mp.br\CLC\01_Processos_e_Aquisicoes\Base de Conhecimento - Thiago\SIte_PGE_PI\Lista de Verificação - Alteração Quantitativa\Lei-14133-Lista-de-Verificacao-Alteracao-Quantitativa.pdf
02,PROVAVEL_REVISAR,0.49,mestra\SIte_PGE_PI\Lista de Verificação - Contratação Direta - Obras,Lei-14133-Lista-de-Verificacao-Contratacao-Direta-Obras-DOE.pdf,mestra\05_Doutrina_e_Biblioteca\Biblioteca_Manuais_e_Cursos\Publicacao PGE-PI - Lista de Contratacoes de Pequeno Valor no DOE.md,11,nao,TEXTO,17970,C:\Users\thiagonogueira\OneDrive - mppi.mp.br\CLC\01_Processos_e_Aquisicoes\Base de Conhecimento - Thiago\SIte_PGE_PI\Lista de Verificação - Contratação Direta - Obras\Lei-14133-Lista-de-Verificacao-Contratacao-Direta-Obras-DOE.pdf
02,PROVAVEL_REVISAR,0.5,mestra\SIte_PGE_PI\Lista de Verificação - Contratação Direta - Obras,Lei-14133-Lista-de-Verificacao-Contratacao-Direta-Obras.pdf,mestra\05_Doutrina_e_Biblioteca\Biblioteca_Manuais_e_Cursos\Publicacao PGE-PI - Lista de Contratacoes de Pequeno Valor no DOE.md,11,nao,TEXTO,169,C:\Users\thiagonogueira\OneDrive - mppi.mp.br\CLC\01_Processos_e_Aquisicoes\Base de Conhecimento - Thiago\SIte_PGE_PI\Lista de Verificação - Contratação Direta - Obras\Lei-14133-Lista-de-Verificacao-Contratacao-Direta-Obras.pdf
02,PROVAVEL_REVISAR,0.37,mestra\SIte_PGE_PI\Lista de Verificação - Reajuste - Decreto Estadual 22737-2024,Lei-14133-Lista-de-Verificacao-Reajuste-DOE.pdf,mestra\05_Doutrina_e_Biblioteca\Biblioteca_Manuais_e_Cursos\Publicacao PGE-PI - Lista de Contratacoes de Pequeno Valor no DOE.md,2,nao,TEXTO,17966,C:\Users\thiagonogueira\OneDrive - mppi.mp.br\CLC\01_Processos_e_Aquisicoes\Base de Conhecimento - Thiago\SIte_PGE_PI\Lista de Verificação - Reajuste - Decreto Estadual 22737-2024\Lei-14133-Lista-de-Verificacao-Reajuste-DOE.pdf
02,PROVAVEL_REVISAR,0.41,mestra\SIte_PGE_PI\Lista de Verificação - Reajuste - Decreto Estadual 22737-2024,Lei-14133-Lista-de-Verificacao-Reajuste.pdf,mestra\05_Doutrina_e_Biblioteca\Biblioteca_Manuais_e_Cursos\Publicacao PGE-PI - Lista de Contratacoes de Pequeno Valor no DOE.md,2,nao,TEXTO,93,C:\Users\thiagonogueira\OneDrive - mppi.mp.br\CLC\01_Processos_e_Aquisicoes\Base de Conhecimento - Thiago\SIte_PGE_PI\Lista de Verificação - Reajuste - Decreto Estadual 22737-2024\Lei-14133-Lista-de-Verificacao-Reajuste.pdf
02,PROVAVEL_REVISAR,0.27,mestra\SIte_PGE_PI\Lista de Verificação - Repactuação,Lei-14133-Lista-de-Verificacao-Repactuacao-DOE.pdf,mestra\05_Doutrina_e_Biblioteca\Biblioteca_Manuais_e_Cursos\Publicacao PGE-PI - Lista de Contratacoes de Pequeno Valor no DOE.md,2,nao,TEXTO,17966,C:\Users\thiagonogueira\OneDrive - mppi.mp.br\CLC\01_Processos_e_Aquisicoes\Base de Conhecimento - Thiago\SIte_PGE_PI\Lista de Verificação - Repactuação\Lei-14133-Lista-de-Verificacao-Repactuacao-DOE.pdf
02,PROVAVEL_REVISAR,0.28,mestra\SIte_PGE_PI\Lista de Verificação - Repactuação,Lei-14133-Lista-de-Verificacao-Repactuacao.pdf,mestra\05_Doutrina_e_Biblioteca\Biblioteca_Manuais_e_Cursos\Publicacao PGE-PI - Lista de Contratacoes de Pequeno Valor no DOE.md,2,nao,TEXTO,82,C:\Users\thiagonogueira\OneDrive - mppi.mp.br\CLC\01_Processos_e_Aquisicoes\Base de Conhecimento - Thiago\SIte_PGE_PI\Lista de Verificação - Repactuação\Lei-14133-Lista-de-Verificacao-Repactuacao.pdf
02,PROVAVEL_REVISAR,0.54,mestra\SIte_PGE_PI\Lista de Verificação - Revisão-Realinhamento,Lei-14133-Lista-de-Verificacao-Revisao-Realinhamento-DOE.pdf,mestra\05_Doutrina_e_Biblioteca\Biblioteca_Manuais_e_Cursos\Publicacao PGE-PI - Lista de Contratacoes de Pequeno Valor no DOE.md,4,nao,TEXTO,17967,C:\Users\thiagonogueira\OneDrive - mppi.mp.br\CLC\01_Processos_e_Aquisicoes\Base de Conhecimento - Thiago\SIte_PGE_PI\Lista de Verificação - Revisão-Realinhamento\Lei-14133-Lista-de-Verificacao-Revisao-Realinhamento-DOE.pdf
02,PROVAVEL_REVISAR,0.58,mestra\SIte_PGE_PI\Lista de Verificação - Revisão-Realinhamento,Lei-14133-Lista-de-Verificacao-Revisao-Realinhamento.pdf,mestra\05_Doutrina_e_Biblioteca\Biblioteca_Manuais_e_Cursos\Publicacao PGE-PI - Lista de Contratacoes de Pequeno Valor no DOE.md,4,nao,TEXTO,118,C:\Users\thiagonogueira\OneDrive - mppi.mp.br\CLC\01_Processos_e_Aquisicoes\Base de Conhecimento - Thiago\SIte_PGE_PI\Lista de Verificação - Revisão-Realinhamento\Lei-14133-Lista-de-Verificacao-Revisao-Realinhamento.pdf
03,PROVAVEL_REVISAR,0.53,mestra\SIte_PGE_PI\Locação de Imóvel - Abril 2024,Lei-14133-Lista-de-Verificacao-Locacao-Imovel.pdf,mestra\05_Doutrina_e_Biblioteca\Biblioteca_Manuais_e_Cursos\Publicacao PGE-PI - Lista de Contratacoes de Pequeno Valor no DOE.md,7,nao,TEXTO,130,C:\Users\thiagonogueira\OneDrive - mppi.mp.br\CLC\01_Processos_e_Aquisicoes\Base de Conhecimento - Thiago\SIte_PGE_PI\Locação de Imóvel - Abril 2024\Lei-14133-Lista-de-Verificacao-Locacao-Imovel.pdf
03,PROVAVEL_REVISAR,0.51,mestra\SIte_PGE_PI\Locação de Imóvel - Abril 2024,Lei-14133-Locacao-Imovel-DOE.pdf,mestra\05_Doutrina_e_Biblioteca\Biblioteca_Manuais_e_Cursos\Publicacao PGE-PI - Lista de Contratacoes de Pequeno Valor no DOE.md,7,nao,TEXTO,17968,C:\Users\thiagonogueira\OneDrive - mppi.mp.br\CLC\01_Processos_e_Aquisicoes\Base de Conhecimento - Thiago\SIte_PGE_PI\Locação de Imóvel - Abril 2024\Lei-14133-Locacao-Imovel-DOE.pdf
03,PROVAVEL_REVISAR,0.59,mestra\SIte_PGE_PI\Pregão Eletrônico - Bens e Serviços,01-Lei-14133-Lista-de-Verificacao-Pregao-Eletronico-SEM-SRP-Outubro-2025.pdf,mestra\05_Doutrina_e_Biblioteca\Biblioteca_Manuais_e_Cursos\Publicacao PGE-PI - Lista de Contratacoes de Pequeno Valor no DOE.md,6,nao,TEXTO,130,C:\Users\thiagonogueira\OneDrive - mppi.mp.br\CLC\01_Processos_e_Aquisicoes\Base de Conhecimento - Thiago\SIte_PGE_PI\Pregão Eletrônico - Bens e Serviços\01-Lei-14133-Lista-de-Verificacao-Pregao-Eletronico-SEM-SRP-Outubro-2025.pdf
03,PROVAVEL_REVISAR,0.53,mestra\SIte_PGE_PI\Pregão Eletrônico - Bens e Serviços,02-Lei-14133-Lista-de-Verificacao-Pregao-Eletronico-COM-SRP-Outubro-2025.pdf,mestra\05_Doutrina_e_Biblioteca\Biblioteca_Manuais_e_Cursos\Publicacao PGE-PI - Lista de Contratacoes de Pequeno Valor no DOE.md,6,nao,TEXTO,128,C:\Users\thiagonogueira\OneDrive - mppi.mp.br\CLC\01_Processos_e_Aquisicoes\Base de Conhecimento - Thiago\SIte_PGE_PI\Pregão Eletrônico - Bens e Serviços\02-Lei-14133-Lista-de-Verificacao-Pregao-Eletronico-COM-SRP-Outubro-2025.pdf
03,PROVAVEL_REVISAR,0.58,mestra\SIte_PGE_PI\Pregão Eletrônico - Bens e Serviços,Lista-de-Verificacao-para-Abertura-de-Pregao-Bens-e-Servicos-Comuns-DOE.pdf,mestra\05_Doutrina_e_Biblioteca\Biblioteca_Manuais_e_Cursos\Publicacao PGE-PI - Lista de Contratacoes de Pequeno Valor no DOE.md,6,nao,TEXTO,17968,C:\Users\thiagonogueira\OneDrive - mppi.mp.br\CLC\01_Processos_e_Aquisicoes\Base de Conhecimento - Thiago\SIte_PGE_PI\Pregão Eletrônico - Bens e Serviços\Lista-de-Verificacao-para-Abertura-de-Pregao-Bens-e-Servicos-Comuns-DOE.pdf
03,PROVAVEL_REVISAR,0.51,mestra\SIte_PGE_PI\Pregão Eletrônico - Bens e Serviços,Lista-de-Verificacao-para-Abertura-de-Pregao-Registro-de-Precos-DOE.pdf,mestra\05_Doutrina_e_Biblioteca\Biblioteca_Manuais_e_Cursos\Publicacao PGE-PI - Lista de Contratacoes de Pequeno Valor no DOE.md,6,nao,TEXTO,17968,C:\Users\thiagonogueira\OneDrive - mppi.mp.br\CLC\01_Processos_e_Aquisicoes\Base de Conhecimento - Thiago\SIte_PGE_PI\Pregão Eletrônico - Bens e Serviços\Lista-de-Verificacao-para-Abertura-de-Pregao-Registro-de-Precos-DOE.pdf
03,PROVAVEL_REVISAR,0.43,mestra\SIte_PGE_PI\Pregão Eletrônico - Serviços Comuns de Engenharia,Lei-14133-Lista-de-Verificacao-Pregao-Eletronico-COM-SRP-Servicos-Comuns-de-Engenharia.pdf,mestra\05_Doutrina_e_Biblioteca\Biblioteca_Manuais_e_Cursos\Publicacao PGE-PI - Lista de Contratacoes de Pequeno Valor no DOE.md,6,nao,TEXTO,127,C:\Users\thiagonogueira\OneDrive - mppi.mp.br\CLC\01_Processos_e_Aquisicoes\Base de Conhecimento - Thiago\SIte_PGE_PI\Pregão Eletrônico - Serviços Comuns de Engenharia\Lei-14133-Lista-de-Verificacao-Pregao-Eletronico-COM-SRP-Servicos-Comuns-de-Engenharia.pdf
03,PROVAVEL_REVISAR,0.49,mestra\SIte_PGE_PI\Pregão Eletrônico - Serviços Comuns de Engenharia,Lei-14133-Lista-de-Verificacao-Pregao-Eletronico-SEM-SRP-Servicos-Comuns-de-Engenharia.pdf,mestra\05_Doutrina_e_Biblioteca\Biblioteca_Manuais_e_Cursos\Publicacao PGE-PI - Lista de Contratacoes de Pequeno Valor no DOE.md,6,nao,TEXTO,129,C:\Users\thiagonogueira\OneDrive - mppi.mp.br\CLC\01_Processos_e_Aquisicoes\Base de Conhecimento - Thiago\SIte_PGE_PI\Pregão Eletrônico - Serviços Comuns de Engenharia\Lei-14133-Lista-de-Verificacao-Pregao-Eletronico-SEM-SRP-Servicos-Comuns-de-Engenharia.pdf
03,PROVAVEL_REVISAR,0.41,mestra\SIte_PGE_PI\Pregão Eletrônico - Serviços Comuns de Engenharia,Lista-de-Verificacao-Pregao-Eletronico-COM-SRP-Servicos-Comuns-de-Engenharia-DOE.pdf,mestra\05_Doutrina_e_Biblioteca\Biblioteca_Manuais_e_Cursos\Publicacao PGE-PI - Lista de Contratacoes de Pequeno Valor no DOE.md,6,nao,TEXTO,17968,C:\Users\thiagonogueira\OneDrive - mppi.mp.br\CLC\01_Processos_e_Aquisicoes\Base de Conhecimento - Thiago\SIte_PGE_PI\Pregão Eletrônico - Serviços Comuns de Engenharia\Lista-de-Verificacao-Pregao-Eletronico-COM-SRP-Servicos-Comuns-de-Engenharia-DOE.pdf
03,PROVAVEL_REVISAR,0.48,mestra\SIte_PGE_PI\Pregão Eletrônico - Serviços Comuns de Engenharia,Lista-de-Verificacao-Pregao-Eletronico-SEM-SRP-Servicos-Comuns-de-Engenharia-DOE.pdf,mestra\05_Doutrina_e_Biblioteca\Biblioteca_Manuais_e_Cursos\Publicacao PGE-PI - Lista de Contratacoes de Pequeno Valor no DOE.md,6,nao,TEXTO,17968,C:\Users\thiagonogueira\OneDrive - mppi.mp.br\CLC\01_Processos_e_Aquisicoes\Base de Conhecimento - Thiago\SIte_PGE_PI\Pregão Eletrônico - Serviços Comuns de Engenharia\Lista-de-Verificacao-Pregao-Eletronico-SEM-SRP-Servicos-Comuns-de-Engenharia-DOE.pdf
03,IGUAL,1.0,mestra,SEI_TJPI_-_6640734_-_Provimento.pdf,mestra\01_Normativos_Vigentes\06_TJPI\Outros_Normativos\Provimento TJPI nº 13.2025 - Regulamento de Obras Servicos Compras e Alienacoes.md,28,nao,TEXTO,4114,C:\Users\thiagonogueira\OneDrive - mppi.mp.br\CLC\01_Processos_e_Aquisicoes\Base de Conhecimento - Thiago\SEI_TJPI_-_6640734_-_Provimento.pdf
03,IGUAL,0.77,mestra\01_Normativos_Vigentes\02_Estadual_PI\Decretos,Decreto Estadual - n11.320132004 - 2004.pdf,mestra\01_Normativos_Vigentes\02_Estadual_PI\Decretos\Decreto Estadual 11320.2004 - Cadastro Unico de Fornecedores do Piaui.md,10,nao,TEXTO,283,C:\Users\thiagonogueira\OneDrive - mppi.mp.br\CLC\01_Processos_e_Aquisicoes\Base de Conhecimento - Thiago\01_Normativos_Vigentes\02_Estadual_PI\Decretos\Decreto Estadual - n11.320132004 - 2004.pdf
03,IGUAL,0.67,mestra\01_Normativos_Vigentes\03_MPPI\Atos,Ato PGJMPPI - n1383.0 - 2024.pdf,mestra\01_Normativos_Vigentes\03_MPPI\Atos\Ato PGJ 1383.2024 - Dispensa Parecer Jurídico.md,1,nao,TEXTO,172,C:\Users\thiagonogueira\OneDrive - mppi.mp.br\CLC\01_Processos_e_Aquisicoes\Base de Conhecimento - Thiago\01_Normativos_Vigentes\03_MPPI\Atos\Ato PGJMPPI - n1383.0 - 2024.pdf
03,IGUAL,0.89,mestra\01_Normativos_Vigentes\03_MPPI\Atos,Ato PGJMPPI - n1449.0 - 2024.pdf,mestra\01_Normativos_Vigentes\03_MPPI\Atos\Ato PGJ 1449.2024 - Reserva de Vagas para Mulheres em Situação de Vulnerabilidade (Terceirização).md,2,nao,TEXTO,163,C:\Users\thiagonogueira\OneDrive - mppi.mp.br\CLC\01_Processos_e_Aquisicoes\Base de Conhecimento - Thiago\01_Normativos_Vigentes\03_MPPI\Atos\Ato PGJMPPI - n1449.0 - 2024.pdf
03,IGUAL,0.82,mestra\01_Normativos_Vigentes\03_MPPI\Atos,Ato PGJMPPI - n1480.0 - 2025.pdf,mestra\01_Normativos_Vigentes\03_MPPI\Atos\Ato PGJ 1480.2025 - Retira CONINT da Fase Interna.md,3,nao,TEXTO,168,C:\Users\thiagonogueira\OneDrive - mppi.mp.br\CLC\01_Processos_e_Aquisicoes\Base de Conhecimento - Thiago\01_Normativos_Vigentes\03_MPPI\Atos\Ato PGJMPPI - n1480.0 - 2025.pdf
03,IGUAL,0.94,mestra\01_Normativos_Vigentes\03_MPPI\PCA_2026,PCA 2026 - Versão 2.0 - MPPI.pdf,mestra\01_Normativos_Vigentes\03_MPPI\PCA 2026\PCA 2026 - Plano de Contratacoes Anual Versao 3.0 MPPI.md,84,nao,TEXTO,5059,C:\Users\thiagonogueira\OneDrive - mppi.mp.br\CLC\01_Processos_e_Aquisicoes\Base de Conhecimento - Thiago\01_Normativos_Vigentes\03_MPPI\PCA_2026\PCA 2026 - Versão 2.0 - MPPI.pdf
03,IGUAL,0.94,mestra\01_Normativos_Vigentes\03_MPPI\PCA_2026,PCA 2026 - Versão 3.0 - MPPI.pdf,mestra\01_Normativos_Vigentes\03_MPPI\PCA 2026\PCA 2026 - Plano de Contratacoes Anual Versao 3.0 MPPI.md,59,nao,TEXTO,4218,C:\Users\thiagonogueira\OneDrive - mppi.mp.br\CLC\01_Processos_e_Aquisicoes\Base de Conhecimento - Thiago\01_Normativos_Vigentes\03_MPPI\PCA_2026\PCA 2026 - Versão 3.0 - MPPI.pdf
03,IGUAL,0.75,mestra\01_Normativos_Vigentes\03_MPPI\PCA_2026,PCA 2026.pdf,mestra\01_Normativos_Vigentes\03_MPPI\PCA 2025.md,336,nao,TEXTO,2659,C:\Users\thiagonogueira\OneDrive - mppi.mp.br\CLC\01_Processos_e_Aquisicoes\Base de Conhecimento - Thiago\01_Normativos_Vigentes\03_MPPI\PCA_2026\PCA 2026.pdf
03,IGUAL,0.67,mestra\01_Normativos_Vigentes\03_MPPI\Portarias,PORTARIA_PGJ_PI_5644_2025_AGENTE_DE_CONTRATACAO.pdf,mestra\01_Normativos_Vigentes\03_MPPI\Portarias\Portaria PGJ 5644.2025 - Agentes de Contratação e Pregoeiro.md,1,nao,TEXTO,14,C:\Users\thiagonogueira\OneDrive - mppi.mp.br\CLC\01_Processos_e_Aquisicoes\Base de Conhecimento - Thiago\01_Normativos_Vigentes\03_MPPI\Portarias\PORTARIA_PGJ_PI_5644_2025_AGENTE_DE_CONTRATACAO.pdf
03,IGUAL,0.84,mestra\01_Normativos_Vigentes\03_MPPI\Portarias,Portaria PGJMPPI - n3315.0 - 2025.pdf,mestra\01_Normativos_Vigentes\03_MPPI\Portarias\Portaria PGJ 1040.2025 - Equipe de Planejamento.md,5,nao,TEXTO,200,C:\Users\thiagonogueira\OneDrive - mppi.mp.br\CLC\01_Processos_e_Aquisicoes\Base de Conhecimento - Thiago\01_Normativos_Vigentes\03_MPPI\Portarias\Portaria PGJMPPI - n3315.0 - 2025.pdf
03,IGUAL,1.0,mestra\01_Normativos_Vigentes\06_TJPI\Outros_Normativos,"SEI_TJPI - 6640734 - Provimento 13.2025 - Regulamenta Obras, serviços, compras e alienações n.pdf",mestra\01_Normativos_Vigentes\06_TJPI\Outros_Normativos\Provimento TJPI nº 13.2025 - Regulamento de Obras Servicos Compras e Alienacoes.md,33,nao,TEXTO,1693,"C:\Users\thiagonogueira\OneDrive - mppi.mp.br\CLC\01_Processos_e_Aquisicoes\Base de Conhecimento - Thiago\01_Normativos_Vigentes\06_TJPI\Outros_Normativos\SEI_TJPI - 6640734 - Provimento 13.2025 - Regulamenta Obras, serviços, compras e alienações n.pdf"
03,IGUAL,0.88,mestra\01_Normativos_Vigentes\06_TJPI\Outros_Normativos,SEI_TJPI - 7123034 - Lista de Verificação SGC.pdf,mestra\01_Normativos_Vigentes\06_TJPI\Outros_Normativos\Lista de Verificacao SGC TJPI - Conformidade Licitatoria.md,1,nao,TEXTO,169,C:\Users\thiagonogueira\OneDrive - mppi.mp.br\CLC\01_Processos_e_Aquisicoes\Base de Conhecimento - Thiago\01_Normativos_Vigentes\06_TJPI\Outros_Normativos\SEI_TJPI - 7123034 - Lista de Verificação SGC.pdf
03,IGUAL,0.67,mestra\02_Jurisprudencia_e_Orientacoes\Informativos_Julgamentos_TCE_PI,Plen_rio_Presencial_2__C_mara___Sess_o_Ordin_ria_Virtual_de_18_a_22_de_maio_de_2.pdf,mestra\02_Jurisprudencia_e_Orientacoes\Informativos_Julgamentos_TCE_PI\08_Outros_Procedimentos_e_Consultas_TCE_PI.md,3,nao,TEXTO,323,C:\Users\thiagonogueira\OneDrive - mppi.mp.br\CLC\01_Processos_e_Aquisicoes\Base de Conhecimento - Thiago\02_Jurisprudencia_e_Orientacoes\Informativos_Julgamentos_TCE_PI\Plen_rio_Presencial_2__C_mara___Sess_o_Ordin_ria_Virtual_de_18_a_22_de_maio_de_2.pdf
03,IGUAL,0.61,mestra\02_Jurisprudencia_e_Orientacoes\Informativos_Julgamentos_TCE_PI,Plen_rio_Presencial_Pleno___Sess_o_Ordin_ria_Presencial_n__004_de_13_de_mar_o_de.pdf,mestra\02_Jurisprudencia_e_Orientacoes\Informativos_Julgamentos_TCE_PI\04_Tomadas_de_Contas_Especiais_TCE_PI.md,3,nao,TEXTO,394,C:\Users\thiagonogueira\OneDrive - mppi.mp.br\CLC\01_Processos_e_Aquisicoes\Base de Conhecimento - Thiago\02_Jurisprudencia_e_Orientacoes\Informativos_Julgamentos_TCE_PI\Plen_rio_Presencial_Pleno___Sess_o_Ordin_ria_Presencial_n__004_de_13_de_mar_o_de.pdf
03,IGUAL,0.64,mestra\02_Jurisprudencia_e_Orientacoes\Informativos_Julgamentos_TCE_PI,Plen_rio_Presencial_Pleno___Sess_o_Ordin_ria_Presencial_n__011_de_25_de_junho_de.pdf,mestra\02_Jurisprudencia_e_Orientacoes\Informativos_Julgamentos_TCE_PI\01_Licitacoes_e_Contratos_Julgados_TCE_PI.md,2,nao,TEXTO,375,C:\Users\thiagonogueira\OneDrive - mppi.mp.br\CLC\01_Processos_e_Aquisicoes\Base de Conhecimento - Thiago\02_Jurisprudencia_e_Orientacoes\Informativos_Julgamentos_TCE_PI\Plen_rio_Presencial_Pleno___Sess_o_Ordin_ria_Presencial_n__011_de_25_de_junho_de.pdf
03,IGUAL,0.72,mestra\02_Jurisprudencia_e_Orientacoes\Informativos_Julgamentos_TCE_PI,Plen_rio_Presencial_Pleno___Sess_o_Ordin_ria_Presencial_n__013_de_16_de_julho_de.pdf,mestra\02_Jurisprudencia_e_Orientacoes\Informativos_Julgamentos_TCE_PI\05_Representacoes_Licitantes_TCE_PI.md,1,nao,TEXTO,224,C:\Users\thiagonogueira\OneDrive - mppi.mp.br\CLC\01_Processos_e_Aquisicoes\Base de Conhecimento - Thiago\02_Jurisprudencia_e_Orientacoes\Informativos_Julgamentos_TCE_PI\Plen_rio_Presencial_Pleno___Sess_o_Ordin_ria_Presencial_n__013_de_16_de_julho_de.pdf
03,IGUAL,0.63,mestra\02_Jurisprudencia_e_Orientacoes\Informativos_Julgamentos_TCE_PI,Plen_rio_Presencial_Pleno___Sess_o_Ordin_ria_Presencial_n__016_de_20_de_agosto_d.pdf,mestra\02_Jurisprudencia_e_Orientacoes\Informativos_Julgamentos_TCE_PI\01_Licitacoes_e_Contratos_Julgados_TCE_PI.md,4,nao,TEXTO,388,C:\Users\thiagonogueira\OneDrive - mppi.mp.br\CLC\01_Processos_e_Aquisicoes\Base de Conhecimento - Thiago\02_Jurisprudencia_e_Orientacoes\Informativos_Julgamentos_TCE_PI\Plen_rio_Presencial_Pleno___Sess_o_Ordin_ria_Presencial_n__016_de_20_de_agosto_d.pdf
03,IGUAL,0.65,mestra\02_Jurisprudencia_e_Orientacoes\Informativos_Julgamentos_TCE_PI,Plen_rio_Presencial_Pleno___Sess_o_Ordin_ria_Presencial_n__05_de_26_de_mar_o_de_.pdf,mestra\02_Jurisprudencia_e_Orientacoes\Informativos_Julgamentos_TCE_PI\04_Tomadas_de_Contas_Especiais_TCE_PI.md,3,nao,TEXTO,390,C:\Users\thiagonogueira\OneDrive - mppi.mp.br\CLC\01_Processos_e_Aquisicoes\Base de Conhecimento - Thiago\02_Jurisprudencia_e_Orientacoes\Informativos_Julgamentos_TCE_PI\Plen_rio_Presencial_Pleno___Sess_o_Ordin_ria_Presencial_n__05_de_26_de_mar_o_de_.pdf
03,IGUAL,0.69,mestra\02_Jurisprudencia_e_Orientacoes\Informativos_Julgamentos_TCE_PI,Plen_rio_Presencial_Pleno___Sess_o_Ordin_ria_Presencial_n__21_de_15_de_dezembro_.pdf,mestra\02_Jurisprudencia_e_Orientacoes\Informativos_Julgamentos_TCE_PI\04_Tomadas_de_Contas_Especiais_TCE_PI.md,2,nao,TEXTO,334,C:\Users\thiagonogueira\OneDrive - mppi.mp.br\CLC\01_Processos_e_Aquisicoes\Base de Conhecimento - Thiago\02_Jurisprudencia_e_Orientacoes\Informativos_Julgamentos_TCE_PI\Plen_rio_Presencial_Pleno___Sess_o_Ordin_ria_Presencial_n__21_de_15_de_dezembro_.pdf
03,IGUAL,0.66,mestra\02_Jurisprudencia_e_Orientacoes\Informativos_Julgamentos_TCE_PI,Plen_rio_Virtual_Pleno___Sess_o_Ordin_ria_Virtual_de_03_a_07_de_agosto_de_2026_.pdf,mestra\02_Jurisprudencia_e_Orientacoes\Informativos_Julgamentos_TCE_PI\03_Recursos_Agravos_Embargos_TCE_PI.md,1,nao,TEXTO,272,C:\Users\thiagonogueira\OneDrive - mppi.mp.br\CLC\01_Processos_e_Aquisicoes\Base de Conhecimento - Thiago\02_Jurisprudencia_e_Orientacoes\Informativos_Julgamentos_TCE_PI\Plen_rio_Virtual_Pleno___Sess_o_Ordin_ria_Virtual_de_03_a_07_de_agosto_de_2026_.pdf
03,IGUAL,0.7,mestra\02_Jurisprudencia_e_Orientacoes\Informativos_Julgamentos_TCE_PI,Plen_rio_Virtual_Pleno___Sess_o_Ordin_ria_Virtual_de_08_a_11_de_setembro_de_2026.pdf,mestra\02_Jurisprudencia_e_Orientacoes\Informativos_Julgamentos_TCE_PI\03_Recursos_Agravos_Embargos_TCE_PI.md,3,nao,TEXTO,295,C:\Users\thiagonogueira\OneDrive - mppi.mp.br\CLC\01_Processos_e_Aquisicoes\Base de Conhecimento - Thiago\02_Jurisprudencia_e_Orientacoes\Informativos_Julgamentos_TCE_PI\Plen_rio_Virtual_Pleno___Sess_o_Ordin_ria_Virtual_de_08_a_11_de_setembro_de_2026.pdf
03,IGUAL,0.61,mestra\02_Jurisprudencia_e_Orientacoes\Informativos_Julgamentos_TCE_PI,Plen_rio_Virtual_Pleno___Sess_o_Ordin_ria_Virtual_de_13_a_17_de_julho_de_2026_.pdf,mestra\02_Jurisprudencia_e_Orientacoes\Informativos_Julgamentos_TCE_PI\03_Recursos_Agravos_Embargos_TCE_PI.md,2,nao,TEXTO,284,C:\Users\thiagonogueira\OneDrive - mppi.mp.br\CLC\01_Processos_e_Aquisicoes\Base de Conhecimento - Thiago\02_Jurisprudencia_e_Orientacoes\Informativos_Julgamentos_TCE_PI\Plen_rio_Virtual_Pleno___Sess_o_Ordin_ria_Virtual_de_13_a_17_de_julho_de_2026_.pdf
03,IGUAL,0.75,mestra\02_Jurisprudencia_e_Orientacoes\Informativos_Julgamentos_TCE_PI,Plen_rio_Virtual_Pleno___Sess_o_Ordin_ria_Virtual_de_14_a_18_de_setembro_de_2026.pdf,mestra\02_Jurisprudencia_e_Orientacoes\Informativos_Julgamentos_TCE_PI\03_Recursos_Agravos_Embargos_TCE_PI.md,3,nao,TEXTO,287,C:\Users\thiagonogueira\OneDrive - mppi.mp.br\CLC\01_Processos_e_Aquisicoes\Base de Conhecimento - Thiago\02_Jurisprudencia_e_Orientacoes\Informativos_Julgamentos_TCE_PI\Plen_rio_Virtual_Pleno___Sess_o_Ordin_ria_Virtual_de_14_a_18_de_setembro_de_2026.pdf
03,IGUAL,0.62,mestra\02_Jurisprudencia_e_Orientacoes\Informativos_Julgamentos_TCE_PI,Plen_rio_Virtual_Pleno___Sess_o_Ordin_ria_Virtual_de_15_a_19_de_junho_de_2026_.pdf,mestra\02_Jurisprudencia_e_Orientacoes\Informativos_Julgamentos_TCE_PI\08_Outros_Procedimentos_e_Consultas_TCE_PI.md,2,nao,TEXTO,285,C:\Users\thiagonogueira\OneDrive - mppi.mp.br\CLC\01_Processos_e_Aquisicoes\Base de Conhecimento - Thiago\02_Jurisprudencia_e_Orientacoes\Informativos_Julgamentos_TCE_PI\Plen_rio_Virtual_Pleno___Sess_o_Ordin_ria_Virtual_de_15_a_19_de_junho_de_2026_.pdf
03,IGUAL,0.61,mestra\02_Jurisprudencia_e_Orientacoes\Informativos_Julgamentos_TCE_PI,Plen_rio_Virtual_Pleno___Sess_o_Ordin_ria_Virtual_de_17_a_21_de_agosto_de_2026_.pdf,mestra\02_Jurisprudencia_e_Orientacoes\Informativos_Julgamentos_TCE_PI\03_Recursos_Agravos_Embargos_TCE_PI.md,5,nao,TEXTO,320,C:\Users\thiagonogueira\OneDrive - mppi.mp.br\CLC\01_Processos_e_Aquisicoes\Base de Conhecimento - Thiago\02_Jurisprudencia_e_Orientacoes\Informativos_Julgamentos_TCE_PI\Plen_rio_Virtual_Pleno___Sess_o_Ordin_ria_Virtual_de_17_a_21_de_agosto_de_2026_.pdf
03,IGUAL,0.61,mestra\02_Jurisprudencia_e_Orientacoes\Informativos_Julgamentos_TCE_PI,Plen_rio_Virtual_Pleno___Sess_o_Ordin_ria_Virtual_de_1__a_05_de_junho_de_2026_.pdf,mestra\02_Jurisprudencia_e_Orientacoes\Informativos_Julgamentos_TCE_PI\08_Outros_Procedimentos_e_Consultas_TCE_PI.md,4,nao,TEXTO,312,C:\Users\thiagonogueira\OneDrive - mppi.mp.br\CLC\01_Processos_e_Aquisicoes\Base de Conhecimento - Thiago\02_Jurisprudencia_e_Orientacoes\Informativos_Julgamentos_TCE_PI\Plen_rio_Virtual_Pleno___Sess_o_Ordin_ria_Virtual_de_1__a_05_de_junho_de_2026_.pdf
03,IGUAL,0.71,mestra\02_Jurisprudencia_e_Orientacoes\Informativos_Julgamentos_TCE_PI,Plen_rio_Virtual_Pleno___Sess_o_Ordin_ria_Virtual_de_20_a_24_de_julho_de_2026_.pdf,mestra\02_Jurisprudencia_e_Orientacoes\Informativos_Julgamentos_TCE_PI\08_Outros_Procedimentos_e_Consultas_TCE_PI.md,1,nao,TEXTO,259,C:\Users\thiagonogueira\OneDrive - mppi.mp.br\CLC\01_Processos_e_Aquisicoes\Base de Conhecimento - Thiago\02_Jurisprudencia_e_Orientacoes\Informativos_Julgamentos_TCE_PI\Plen_rio_Virtual_Pleno___Sess_o_Ordin_ria_Virtual_de_20_a_24_de_julho_de_2026_.pdf
03,IGUAL,0.63,mestra\02_Jurisprudencia_e_Orientacoes\Informativos_Julgamentos_TCE_PI,Plen_rio_Virtual_Pleno___Sess_o_Ordin_ria_Virtual_de_21_a_25_de_setembro_de_2026.pdf,mestra\02_Jurisprudencia_e_Orientacoes\Informativos_Julgamentos_TCE_PI\03_Recursos_Agravos_Embargos_TCE_PI.md,2,nao,TEXTO,286,C:\Users\thiagonogueira\OneDrive - mppi.mp.br\CLC\01_Processos_e_Aquisicoes\Base de Conhecimento - Thiago\02_Jurisprudencia_e_Orientacoes\Informativos_Julgamentos_TCE_PI\Plen_rio_Virtual_Pleno___Sess_o_Ordin_ria_Virtual_de_21_a_25_de_setembro_de_2026.pdf
03,IGUAL,0.65,mestra\02_Jurisprudencia_e_Orientacoes\Informativos_Julgamentos_TCE_PI,Plen_rio_Virtual_Pleno___Sess_o_Ordin_ria_Virtual_de_27_a_31_de_julho_de_2026_.pdf,mestra\02_Jurisprudencia_e_Orientacoes\Informativos_Julgamentos_TCE_PI\08_Outros_Procedimentos_e_Consultas_TCE_PI.md,2,nao,TEXTO,256,C:\Users\thiagonogueira\OneDrive - mppi.mp.br\CLC\01_Processos_e_Aquisicoes\Base de Conhecimento - Thiago\02_Jurisprudencia_e_Orientacoes\Informativos_Julgamentos_TCE_PI\Plen_rio_Virtual_Pleno___Sess_o_Ordin_ria_Virtual_de_27_a_31_de_julho_de_2026_.pdf
03,IGUAL,0.65,mestra\02_Jurisprudencia_e_Orientacoes\Informativos_Julgamentos_TCE_PI,Plen_rio_Virtual_Pleno___Sess_o_Ordin_ria_Virtual_de_29_de_junho_a_03_de_julho_d.pdf,mestra\02_Jurisprudencia_e_Orientacoes\Informativos_Julgamentos_TCE_PI\03_Recursos_Agravos_Embargos_TCE_PI.md,2,nao,TEXTO,283,C:\Users\thiagonogueira\OneDrive - mppi.mp.br\CLC\01_Processos_e_Aquisicoes\Base de Conhecimento - Thiago\02_Jurisprudencia_e_Orientacoes\Informativos_Julgamentos_TCE_PI\Plen_rio_Virtual_Pleno___Sess_o_Ordin_ria_Virtual_de_29_de_junho_a_03_de_julho_d.pdf
03,IGUAL,0.64,mestra\02_Jurisprudencia_e_Orientacoes\Informativos_Julgamentos_TCE_PI,Plen_rio_Virtual_Pleno___Sess_o_Ordin_ria_Virtual_de_31_de_agosto_a_04_de_setemb.pdf,mestra\02_Jurisprudencia_e_Orientacoes\Informativos_Julgamentos_TCE_PI\03_Recursos_Agravos_Embargos_TCE_PI.md,4,nao,TEXTO,305,C:\Users\thiagonogueira\OneDrive - mppi.mp.br\CLC\01_Processos_e_Aquisicoes\Base de Conhecimento - Thiago\02_Jurisprudencia_e_Orientacoes\Informativos_Julgamentos_TCE_PI\Plen_rio_Virtual_Pleno___Sess_o_Ordin_ria_Virtual_de_31_de_agosto_a_04_de_setemb.pdf
03,IGUAL,0.69,mestra\02_Jurisprudencia_e_Orientacoes\Informativos_Julgamentos_TCE_PI,Primeira_C_mara_Presencial_1__C_mara___Sess_o_Ordin_ria_Presencial_n__03_de_24_d.pdf,mestra\02_Jurisprudencia_e_Orientacoes\Informativos_Julgamentos_TCE_PI\02_Denuncias_Licitacoes_e_Fraudes_TCE_PI.md,2,nao,TEXTO,398,C:\Users\thiagonogueira\OneDrive - mppi.mp.br\CLC\01_Processos_e_Aquisicoes\Base de Conhecimento - Thiago\02_Jurisprudencia_e_Orientacoes\Informativos_Julgamentos_TCE_PI\Primeira_C_mara_Presencial_1__C_mara___Sess_o_Ordin_ria_Presencial_n__03_de_24_d.pdf
03,IGUAL,0.78,mestra\02_Jurisprudencia_e_Orientacoes\Informativos_Julgamentos_TCE_PI,Primeira_C_mara_Presencial_1__C_mara___Sess_o_Ordin_ria_Presencial_n__05_de_24_d.pdf,mestra\02_Jurisprudencia_e_Orientacoes\Informativos_Julgamentos_TCE_PI\02_Denuncias_Licitacoes_e_Fraudes_TCE_PI.md,2,nao,TEXTO,379,C:\Users\thiagonogueira\OneDrive - mppi.mp.br\CLC\01_Processos_e_Aquisicoes\Base de Conhecimento - Thiago\02_Jurisprudencia_e_Orientacoes\Informativos_Julgamentos_TCE_PI\Primeira_C_mara_Presencial_1__C_mara___Sess_o_Ordin_ria_Presencial_n__05_de_24_d.pdf
03,IGUAL,0.71,mestra\02_Jurisprudencia_e_Orientacoes\Informativos_Julgamentos_TCE_PI,Primeira_C_mara_Presencial_1__C_mara___Sess_o_Ordin_ria_Presencial_n__08_de_12_d.pdf,mestra\02_Jurisprudencia_e_Orientacoes\Informativos_Julgamentos_TCE_PI\02_Denuncias_Licitacoes_e_Fraudes_TCE_PI.md,4,nao,TEXTO,349,C:\Users\thiagonogueira\OneDrive - mppi.mp.br\CLC\01_Processos_e_Aquisicoes\Base de Conhecimento - Thiago\02_Jurisprudencia_e_Orientacoes\Informativos_Julgamentos_TCE_PI\Primeira_C_mara_Presencial_1__C_mara___Sess_o_Ordin_ria_Presencial_n__08_de_12_d.pdf
03,IGUAL,0.64,mestra\02_Jurisprudencia_e_Orientacoes\Informativos_Julgamentos_TCE_PI,Primeira_C_mara_Presencial_1__C_mara___Sess_o_Ordin_ria_Presencial_n__10_de_9_de.pdf,mestra\02_Jurisprudencia_e_Orientacoes\Informativos_Julgamentos_TCE_PI\01_Licitacoes_e_Contratos_Julgados_TCE_PI.md,3,nao,TEXTO,367,C:\Users\thiagonogueira\OneDrive - mppi.mp.br\CLC\01_Processos_e_Aquisicoes\Base de Conhecimento - Thiago\02_Jurisprudencia_e_Orientacoes\Informativos_Julgamentos_TCE_PI\Primeira_C_mara_Presencial_1__C_mara___Sess_o_Ordin_ria_Presencial_n__10_de_9_de.pdf
03,IGUAL,0.63,mestra\02_Jurisprudencia_e_Orientacoes\Informativos_Julgamentos_TCE_PI,Primeira_C_mara_Presencial_1__C_mara___Sess_o_Ordin_ria_Presencial_n__11_de_23_d.pdf,mestra\02_Jurisprudencia_e_Orientacoes\Informativos_Julgamentos_TCE_PI\01_Licitacoes_e_Contratos_Julgados_TCE_PI.md,3,nao,TEXTO,397,C:\Users\thiagonogueira\OneDrive - mppi.mp.br\CLC\01_Processos_e_Aquisicoes\Base de Conhecimento - Thiago\02_Jurisprudencia_e_Orientacoes\Informativos_Julgamentos_TCE_PI\Primeira_C_mara_Presencial_1__C_mara___Sess_o_Ordin_ria_Presencial_n__11_de_23_d.pdf
03,IGUAL,0.75,mestra\02_Jurisprudencia_e_Orientacoes\Informativos_Julgamentos_TCE_PI,Primeira_C_mara_Presencial_1__C_mara___Sess_o_Ordin_ria_Presencial_n__13_de_21_d.pdf,mestra\02_Jurisprudencia_e_Orientacoes\Informativos_Julgamentos_TCE_PI\01_Licitacoes_e_Contratos_Julgados_TCE_PI.md,3,nao,TEXTO,314,C:\Users\thiagonogueira\OneDrive - mppi.mp.br\CLC\01_Processos_e_Aquisicoes\Base de Conhecimento - Thiago\02_Jurisprudencia_e_Orientacoes\Informativos_Julgamentos_TCE_PI\Primeira_C_mara_Presencial_1__C_mara___Sess_o_Ordin_ria_Presencial_n__13_de_21_d.pdf
03,IGUAL,0.78,mestra\02_Jurisprudencia_e_Orientacoes\Informativos_Julgamentos_TCE_PI,Primeira_C_mara_Presencial_1__C_mara___Sess_o_Ordin_ria_Presencial_n__16_de_01_d.pdf,mestra\02_Jurisprudencia_e_Orientacoes\Informativos_Julgamentos_TCE_PI\01_Licitacoes_e_Contratos_Julgados_TCE_PI.md,2,nao,TEXTO,425,C:\Users\thiagonogueira\OneDrive - mppi.mp.br\CLC\01_Processos_e_Aquisicoes\Base de Conhecimento - Thiago\02_Jurisprudencia_e_Orientacoes\Informativos_Julgamentos_TCE_PI\Primeira_C_mara_Presencial_1__C_mara___Sess_o_Ordin_ria_Presencial_n__16_de_01_d.pdf
03,IGUAL,0.75,mestra\02_Jurisprudencia_e_Orientacoes\Informativos_Julgamentos_TCE_PI,Primeira_C_mara_Presencial_1__C_mara___Sess_o_Ordin_ria_Presencial_n__17_de_15_d.pdf,mestra\02_Jurisprudencia_e_Orientacoes\Informativos_Julgamentos_TCE_PI\05_Representacoes_Licitantes_TCE_PI.md,3,nao,TEXTO,418,C:\Users\thiagonogueira\OneDrive - mppi.mp.br\CLC\01_Processos_e_Aquisicoes\Base de Conhecimento - Thiago\02_Jurisprudencia_e_Orientacoes\Informativos_Julgamentos_TCE_PI\Primeira_C_mara_Presencial_1__C_mara___Sess_o_Ordin_ria_Presencial_n__17_de_15_d.pdf
03,IGUAL,0.73,mestra\02_Jurisprudencia_e_Orientacoes\Informativos_Julgamentos_TCE_PI,Primeira_C_mara_Presencial_1__C_mara___Sess_o_de_Julgamento_Presencial_n__019_de.pdf,mestra\02_Jurisprudencia_e_Orientacoes\Informativos_Julgamentos_TCE_PI\01_Licitacoes_e_Contratos_Julgados_TCE_PI.md,6,nao,TEXTO,533,C:\Users\thiagonogueira\OneDrive - mppi.mp.br\CLC\01_Processos_e_Aquisicoes\Base de Conhecimento - Thiago\02_Jurisprudencia_e_Orientacoes\Informativos_Julgamentos_TCE_PI\Primeira_C_mara_Presencial_1__C_mara___Sess_o_de_Julgamento_Presencial_n__019_de.pdf
04,IGUAL,0.72,mestra\02_Jurisprudencia_e_Orientacoes\Informativos_Julgamentos_TCE_PI,Primeira_C_mara_Virtual_1__C_mara___Sess_o_Ordin_ria_Virtual_de_04_a_08_de_maio_.pdf,mestra\02_Jurisprudencia_e_Orientacoes\Informativos_Julgamentos_TCE_PI\08_Outros_Procedimentos_e_Consultas_TCE_PI.md,3,nao,TEXTO,315,C:\Users\thiagonogueira\OneDrive - mppi.mp.br\CLC\01_Processos_e_Aquisicoes\Base de Conhecimento - Thiago\02_Jurisprudencia_e_Orientacoes\Informativos_Julgamentos_TCE_PI\Primeira_C_mara_Virtual_1__C_mara___Sess_o_Ordin_ria_Virtual_de_04_a_08_de_maio_.pdf
04,IGUAL,0.77,mestra\02_Jurisprudencia_e_Orientacoes\Informativos_Julgamentos_TCE_PI,Primeira_C_mara_Virtual_1__C_mara___Sess_o_Ordin_ria_Virtual_de_10_a_14_de_agost.pdf,mestra\02_Jurisprudencia_e_Orientacoes\Informativos_Julgamentos_TCE_PI\08_Outros_Procedimentos_e_Consultas_TCE_PI.md,2,nao,TEXTO,295,C:\Users\thiagonogueira\OneDrive - mppi.mp.br\CLC\01_Processos_e_Aquisicoes\Base de Conhecimento - Thiago\02_Jurisprudencia_e_Orientacoes\Informativos_Julgamentos_TCE_PI\Primeira_C_mara_Virtual_1__C_mara___Sess_o_Ordin_ria_Virtual_de_10_a_14_de_agost.pdf
04,IGUAL,0.69,mestra\02_Jurisprudencia_e_Orientacoes\Informativos_Julgamentos_TCE_PI,Primeira_C_mara_Virtual_1__C_mara___Sess_o_Ordin_ria_Virtual_de_11_a_15_de_maio_.pdf,mestra\02_Jurisprudencia_e_Orientacoes\Informativos_Julgamentos_TCE_PI\08_Outros_Procedimentos_e_Consultas_TCE_PI.md,3,nao,TEXTO,273,C:\Users\thiagonogueira\OneDrive - mppi.mp.br\CLC\01_Processos_e_Aquisicoes\Base de Conhecimento - Thiago\02_Jurisprudencia_e_Orientacoes\Informativos_Julgamentos_TCE_PI\Primeira_C_mara_Virtual_1__C_mara___Sess_o_Ordin_ria_Virtual_de_11_a_15_de_maio_.pdf
04,IGUAL,0.71,mestra\02_Jurisprudencia_e_Orientacoes\Informativos_Julgamentos_TCE_PI,Primeira_C_mara_Virtual_1__C_mara___Sess_o_Ordin_ria_Virtual_de_14_a_18_de_setem.pdf,mestra\02_Jurisprudencia_e_Orientacoes\Informativos_Julgamentos_TCE_PI\08_Outros_Procedimentos_e_Consultas_TCE_PI.md,2,nao,TEXTO,272,C:\Users\thiagonogueira\OneDrive - mppi.mp.br\CLC\01_Processos_e_Aquisicoes\Base de Conhecimento - Thiago\02_Jurisprudencia_e_Orientacoes\Informativos_Julgamentos_TCE_PI\Primeira_C_mara_Virtual_1__C_mara___Sess_o_Ordin_ria_Virtual_de_14_a_18_de_setem.pdf
04,IGUAL,0.7,mestra\02_Jurisprudencia_e_Orientacoes\Informativos_Julgamentos_TCE_PI,Primeira_C_mara_Virtual_1__C_mara___Sess_o_Ordin_ria_Virtual_de_15_a_19_de_junho.pdf,mestra\02_Jurisprudencia_e_Orientacoes\Informativos_Julgamentos_TCE_PI\08_Outros_Procedimentos_e_Consultas_TCE_PI.md,3,nao,TEXTO,320,C:\Users\thiagonogueira\OneDrive - mppi.mp.br\CLC\01_Processos_e_Aquisicoes\Base de Conhecimento - Thiago\02_Jurisprudencia_e_Orientacoes\Informativos_Julgamentos_TCE_PI\Primeira_C_mara_Virtual_1__C_mara___Sess_o_Ordin_ria_Virtual_de_15_a_19_de_junho.pdf
04,IGUAL,0.61,mestra\02_Jurisprudencia_e_Orientacoes\Informativos_Julgamentos_TCE_PI,Primeira_C_mara_Virtual_1__C_mara___Sess_o_Ordin_ria_Virtual_de_17_a_21_de_agost.pdf,mestra\02_Jurisprudencia_e_Orientacoes\Informativos_Julgamentos_TCE_PI\08_Outros_Procedimentos_e_Consultas_TCE_PI.md,3,nao,TEXTO,326,C:\Users\thiagonogueira\OneDrive - mppi.mp.br\CLC\01_Processos_e_Aquisicoes\Base de Conhecimento - Thiago\02_Jurisprudencia_e_Orientacoes\Informativos_Julgamentos_TCE_PI\Primeira_C_mara_Virtual_1__C_mara___Sess_o_Ordin_ria_Virtual_de_17_a_21_de_agost.pdf
04,IGUAL,0.68,mestra\02_Jurisprudencia_e_Orientacoes\Informativos_Julgamentos_TCE_PI,Primeira_C_mara_Virtual_1__C_mara___Sess_o_Ordin_ria_Virtual_de_1__a_05_de_junho.pdf,mestra\02_Jurisprudencia_e_Orientacoes\Informativos_Julgamentos_TCE_PI\08_Outros_Procedimentos_e_Consultas_TCE_PI.md,3,nao,TEXTO,274,C:\Users\thiagonogueira\OneDrive - mppi.mp.br\CLC\01_Processos_e_Aquisicoes\Base de Conhecimento - Thiago\02_Jurisprudencia_e_Orientacoes\Informativos_Julgamentos_TCE_PI\Primeira_C_mara_Virtual_1__C_mara___Sess_o_Ordin_ria_Virtual_de_1__a_05_de_junho.pdf
04,IGUAL,0.69,mestra\02_Jurisprudencia_e_Orientacoes\Informativos_Julgamentos_TCE_PI,Primeira_C_mara_Virtual_1__C_mara___Sess_o_Ordin_ria_Virtual_de_20_a_24_de_julho.pdf,mestra\02_Jurisprudencia_e_Orientacoes\Informativos_Julgamentos_TCE_PI\08_Outros_Procedimentos_e_Consultas_TCE_PI.md,3,nao,TEXTO,299,C:\Users\thiagonogueira\OneDrive - mppi.mp.br\CLC\01_Processos_e_Aquisicoes\Base de Conhecimento - Thiago\02_Jurisprudencia_e_Orientacoes\Informativos_Julgamentos_TCE_PI\Primeira_C_mara_Virtual_1__C_mara___Sess_o_Ordin_ria_Virtual_de_20_a_24_de_julho.pdf
04,IGUAL,0.66,mestra\02_Jurisprudencia_e_Orientacoes\Informativos_Julgamentos_TCE_PI,Primeira_C_mara_Virtual_1__C_mara___Sess_o_Ordin_ria_Virtual_de_22_a_26_de_junho.pdf,mestra\02_Jurisprudencia_e_Orientacoes\Informativos_Julgamentos_TCE_PI\08_Outros_Procedimentos_e_Consultas_TCE_PI.md,2,nao,TEXTO,264,C:\Users\thiagonogueira\OneDrive - mppi.mp.br\CLC\01_Processos_e_Aquisicoes\Base de Conhecimento - Thiago\02_Jurisprudencia_e_Orientacoes\Informativos_Julgamentos_TCE_PI\Primeira_C_mara_Virtual_1__C_mara___Sess_o_Ordin_ria_Virtual_de_22_a_26_de_junho.pdf
04,IGUAL,0.77,mestra\02_Jurisprudencia_e_Orientacoes\Informativos_Julgamentos_TCE_PI,Primeira_C_mara_Virtual_1__C_mara___Sess_o_Ordin_ria_Virtual_de_25_a_29_de_maio_.pdf,mestra\02_Jurisprudencia_e_Orientacoes\Informativos_Julgamentos_TCE_PI\08_Outros_Procedimentos_e_Consultas_TCE_PI.md,3,nao,TEXTO,319,C:\Users\thiagonogueira\OneDrive - mppi.mp.br\CLC\01_Processos_e_Aquisicoes\Base de Conhecimento - Thiago\02_Jurisprudencia_e_Orientacoes\Informativos_Julgamentos_TCE_PI\Primeira_C_mara_Virtual_1__C_mara___Sess_o_Ordin_ria_Virtual_de_25_a_29_de_maio_.pdf
04,IGUAL,0.67,mestra\02_Jurisprudencia_e_Orientacoes\Informativos_Julgamentos_TCE_PI,Primeira_C_mara_Virtual_1__C_mara___Sess_o_Ordin_ria_Virtual_de_27_a_30_de_abril.pdf,mestra\02_Jurisprudencia_e_Orientacoes\Informativos_Julgamentos_TCE_PI\08_Outros_Procedimentos_e_Consultas_TCE_PI.md,2,nao,TEXTO,311,C:\Users\thiagonogueira\OneDrive - mppi.mp.br\CLC\01_Processos_e_Aquisicoes\Base de Conhecimento - Thiago\02_Jurisprudencia_e_Orientacoes\Informativos_Julgamentos_TCE_PI\Primeira_C_mara_Virtual_1__C_mara___Sess_o_Ordin_ria_Virtual_de_27_a_30_de_abril.pdf
04,IGUAL,0.74,mestra\02_Jurisprudencia_e_Orientacoes\Informativos_Julgamentos_TCE_PI,Primeira_C_mara_Virtual_1__C_mara___Sess_o_Ordin_ria_Virtual_de_27_a_31_de_julho.pdf,mestra\02_Jurisprudencia_e_Orientacoes\Informativos_Julgamentos_TCE_PI\08_Outros_Procedimentos_e_Consultas_TCE_PI.md,2,nao,TEXTO,305,C:\Users\thiagonogueira\OneDrive - mppi.mp.br\CLC\01_Processos_e_Aquisicoes\Base de Conhecimento - Thiago\02_Jurisprudencia_e_Orientacoes\Informativos_Julgamentos_TCE_PI\Primeira_C_mara_Virtual_1__C_mara___Sess_o_Ordin_ria_Virtual_de_27_a_31_de_julho.pdf
04,IGUAL,0.7,mestra\02_Jurisprudencia_e_Orientacoes\Informativos_Julgamentos_TCE_PI,Primeira_C_mara_Virtual_1__C_mara___Sess_o_Ordin_ria_Virtual_de_29_de_junho_a_03.pdf,mestra\02_Jurisprudencia_e_Orientacoes\Informativos_Julgamentos_TCE_PI\08_Outros_Procedimentos_e_Consultas_TCE_PI.md,2,nao,TEXTO,312,C:\Users\thiagonogueira\OneDrive - mppi.mp.br\CLC\01_Processos_e_Aquisicoes\Base de Conhecimento - Thiago\02_Jurisprudencia_e_Orientacoes\Informativos_Julgamentos_TCE_PI\Primeira_C_mara_Virtual_1__C_mara___Sess_o_Ordin_ria_Virtual_de_29_de_junho_a_03.pdf
04,IGUAL,0.67,mestra\02_Jurisprudencia_e_Orientacoes\Informativos_Julgamentos_TCE_PI,Primeira_C_mara_Virtual_1__C_mara___Sess_o_Ordin_ria_Virtual_de_31_de_agosto_a_0.pdf,mestra\02_Jurisprudencia_e_Orientacoes\Informativos_Julgamentos_TCE_PI\08_Outros_Procedimentos_e_Consultas_TCE_PI.md,3,nao,TEXTO,320,C:\Users\thiagonogueira\OneDrive - mppi.mp.br\CLC\01_Processos_e_Aquisicoes\Base de Conhecimento - Thiago\02_Jurisprudencia_e_Orientacoes\Informativos_Julgamentos_TCE_PI\Primeira_C_mara_Virtual_1__C_mara___Sess_o_Ordin_ria_Virtual_de_31_de_agosto_a_0.pdf
04,IGUAL,0.78,mestra\02_Jurisprudencia_e_Orientacoes\Informativos_Julgamentos_TCE_PI,Primeira_C_mara_Virtual_1__C_mara___Sess_o_Ordin_ria_Virtual_de_8_a_12_de_junho_.pdf,mestra\02_Jurisprudencia_e_Orientacoes\Informativos_Julgamentos_TCE_PI\08_Outros_Procedimentos_e_Consultas_TCE_PI.md,2,nao,TEXTO,174,C:\Users\thiagonogueira\OneDrive - mppi.mp.br\CLC\01_Processos_e_Aquisicoes\Base de Conhecimento - Thiago\02_Jurisprudencia_e_Orientacoes\Informativos_Julgamentos_TCE_PI\Primeira_C_mara_Virtual_1__C_mara___Sess_o_Ordin_ria_Virtual_de_8_a_12_de_junho_.pdf
04,IGUAL,0.72,mestra\02_Jurisprudencia_e_Orientacoes\Informativos_Julgamentos_TCE_PI,Segunda_C_mara_Presencial_2__C_mara___Sess_o_Ordin_ria_Presencial_n__01_de_28_de.pdf,mestra\02_Jurisprudencia_e_Orientacoes\Informativos_Julgamentos_TCE_PI\01_Licitacoes_e_Contratos_Julgados_TCE_PI.md,4,nao,TEXTO,427,C:\Users\thiagonogueira\OneDrive - mppi.mp.br\CLC\01_Processos_e_Aquisicoes\Base de Conhecimento - Thiago\02_Jurisprudencia_e_Orientacoes\Informativos_Julgamentos_TCE_PI\Segunda_C_mara_Presencial_2__C_mara___Sess_o_Ordin_ria_Presencial_n__01_de_28_de.pdf
04,IGUAL,0.78,mestra\02_Jurisprudencia_e_Orientacoes\Informativos_Julgamentos_TCE_PI,Segunda_C_mara_Presencial_2__C_mara___Sess_o_Ordin_ria_Presencial_n__02_de_11_de.pdf,mestra\02_Jurisprudencia_e_Orientacoes\Informativos_Julgamentos_TCE_PI\01_Licitacoes_e_Contratos_Julgados_TCE_PI.md,4,nao,TEXTO,386,C:\Users\thiagonogueira\OneDrive - mppi.mp.br\CLC\01_Processos_e_Aquisicoes\Base de Conhecimento - Thiago\02_Jurisprudencia_e_Orientacoes\Informativos_Julgamentos_TCE_PI\Segunda_C_mara_Presencial_2__C_mara___Sess_o_Ordin_ria_Presencial_n__02_de_11_de.pdf
04,IGUAL,0.85,mestra\02_Jurisprudencia_e_Orientacoes\Informativos_Julgamentos_TCE_PI,Segunda_C_mara_Presencial_2__C_mara___Sess_o_Ordin_ria_Presencial_n__03_de_25_de.pdf,mestra\02_Jurisprudencia_e_Orientacoes\Informativos_Julgamentos_TCE_PI\08_Outros_Procedimentos_e_Consultas_TCE_PI.md,2,nao,TEXTO,391,C:\Users\thiagonogueira\OneDrive - mppi.mp.br\CLC\01_Processos_e_Aquisicoes\Base de Conhecimento - Thiago\02_Jurisprudencia_e_Orientacoes\Informativos_Julgamentos_TCE_PI\Segunda_C_mara_Presencial_2__C_mara___Sess_o_Ordin_ria_Presencial_n__03_de_25_de.pdf
04,IGUAL,0.85,mestra\02_Jurisprudencia_e_Orientacoes\Informativos_Julgamentos_TCE_PI,Segunda_C_mara_Presencial_2__C_mara___Sess_o_Ordin_ria_Presencial_n__05_de_8_de_.pdf,mestra\02_Jurisprudencia_e_Orientacoes\Informativos_Julgamentos_TCE_PI\05_Representacoes_Licitantes_TCE_PI.md,2,nao,TEXTO,325,C:\Users\thiagonogueira\OneDrive - mppi.mp.br\CLC\01_Processos_e_Aquisicoes\Base de Conhecimento - Thiago\02_Jurisprudencia_e_Orientacoes\Informativos_Julgamentos_TCE_PI\Segunda_C_mara_Presencial_2__C_mara___Sess_o_Ordin_ria_Presencial_n__05_de_8_de_.pdf
04,IGUAL,0.68,mestra\02_Jurisprudencia_e_Orientacoes\Informativos_Julgamentos_TCE_PI,Segunda_C_mara_Presencial_2__C_mara___Sess_o_Ordin_ria_Presencial_n__06_de_29_de.pdf,mestra\02_Jurisprudencia_e_Orientacoes\Informativos_Julgamentos_TCE_PI\05_Representacoes_Licitantes_TCE_PI.md,3,nao,TEXTO,370,C:\Users\thiagonogueira\OneDrive - mppi.mp.br\CLC\01_Processos_e_Aquisicoes\Base de Conhecimento - Thiago\02_Jurisprudencia_e_Orientacoes\Informativos_Julgamentos_TCE_PI\Segunda_C_mara_Presencial_2__C_mara___Sess_o_Ordin_ria_Presencial_n__06_de_29_de.pdf
04,IGUAL,0.67,mestra\02_Jurisprudencia_e_Orientacoes\Informativos_Julgamentos_TCE_PI,Segunda_C_mara_Presencial_2__C_mara___Sess_o_Ordin_ria_Presencial_n__07_de_13_de.pdf,mestra\02_Jurisprudencia_e_Orientacoes\Informativos_Julgamentos_TCE_PI\01_Licitacoes_e_Contratos_Julgados_TCE_PI.md,3,nao,TEXTO,389,C:\Users\thiagonogueira\OneDrive - mppi.mp.br\CLC\01_Processos_e_Aquisicoes\Base de Conhecimento - Thiago\02_Jurisprudencia_e_Orientacoes\Informativos_Julgamentos_TCE_PI\Segunda_C_mara_Presencial_2__C_mara___Sess_o_Ordin_ria_Presencial_n__07_de_13_de.pdf
04,IGUAL,0.66,mestra\02_Jurisprudencia_e_Orientacoes\Informativos_Julgamentos_TCE_PI,Segunda_C_mara_Presencial_2__C_mara___Sess_o_Ordin_ria_Presencial_n__08_de_27_de.pdf,mestra\02_Jurisprudencia_e_Orientacoes\Informativos_Julgamentos_TCE_PI\01_Licitacoes_e_Contratos_Julgados_TCE_PI.md,5,nao,TEXTO,419,C:\Users\thiagonogueira\OneDrive - mppi.mp.br\CLC\01_Processos_e_Aquisicoes\Base de Conhecimento - Thiago\02_Jurisprudencia_e_Orientacoes\Informativos_Julgamentos_TCE_PI\Segunda_C_mara_Presencial_2__C_mara___Sess_o_Ordin_ria_Presencial_n__08_de_27_de.pdf
04,IGUAL,0.7,mestra\02_Jurisprudencia_e_Orientacoes\Informativos_Julgamentos_TCE_PI,Segunda_C_mara_Presencial_2__C_mara___Sess_o_Ordin_ria_Presencial_n__09_de_10_de.pdf,mestra\02_Jurisprudencia_e_Orientacoes\Informativos_Julgamentos_TCE_PI\01_Licitacoes_e_Contratos_Julgados_TCE_PI.md,2,nao,TEXTO,419,C:\Users\thiagonogueira\OneDrive - mppi.mp.br\CLC\01_Processos_e_Aquisicoes\Base de Conhecimento - Thiago\02_Jurisprudencia_e_Orientacoes\Informativos_Julgamentos_TCE_PI\Segunda_C_mara_Presencial_2__C_mara___Sess_o_Ordin_ria_Presencial_n__09_de_10_de.pdf
04,IGUAL,0.61,mestra\02_Jurisprudencia_e_Orientacoes\Informativos_Julgamentos_TCE_PI,Segunda_C_mara_Presencial_2__C_mara___Sess_o_Ordin_ria_Presencial_n__10_de_24_de.pdf,mestra\02_Jurisprudencia_e_Orientacoes\Informativos_Julgamentos_TCE_PI\02_Denuncias_Licitacoes_e_Fraudes_TCE_PI.md,5,nao,TEXTO,284,C:\Users\thiagonogueira\OneDrive - mppi.mp.br\CLC\01_Processos_e_Aquisicoes\Base de Conhecimento - Thiago\02_Jurisprudencia_e_Orientacoes\Informativos_Julgamentos_TCE_PI\Segunda_C_mara_Presencial_2__C_mara___Sess_o_Ordin_ria_Presencial_n__10_de_24_de.pdf
04,IGUAL,0.6,mestra\02_Jurisprudencia_e_Orientacoes\Informativos_Julgamentos_TCE_PI,Segunda_C_mara_Presencial_2__C_mara___Sess_o_Ordin_ria_Presencial_n__14_de_19_de.pdf,mestra\02_Jurisprudencia_e_Orientacoes\Informativos_Julgamentos_TCE_PI\02_Denuncias_Licitacoes_e_Fraudes_TCE_PI.md,4,nao,TEXTO,433,C:\Users\thiagonogueira\OneDrive - mppi.mp.br\CLC\01_Processos_e_Aquisicoes\Base de Conhecimento - Thiago\02_Jurisprudencia_e_Orientacoes\Informativos_Julgamentos_TCE_PI\Segunda_C_mara_Presencial_2__C_mara___Sess_o_Ordin_ria_Presencial_n__14_de_19_de.pdf
04,IGUAL,0.66,mestra\02_Jurisprudencia_e_Orientacoes\Informativos_Julgamentos_TCE_PI,Segunda_C_mara_Presencial_2__C_mara___Sess_o_Ordin_ria_Presencial_n__15_de_02_de.pdf,mestra\02_Jurisprudencia_e_Orientacoes\Informativos_Julgamentos_TCE_PI\01_Licitacoes_e_Contratos_Julgados_TCE_PI.md,4,nao,TEXTO,431,C:\Users\thiagonogueira\OneDrive - mppi.mp.br\CLC\01_Processos_e_Aquisicoes\Base de Conhecimento - Thiago\02_Jurisprudencia_e_Orientacoes\Informativos_Julgamentos_TCE_PI\Segunda_C_mara_Presencial_2__C_mara___Sess_o_Ordin_ria_Presencial_n__15_de_02_de.pdf
04,IGUAL,0.61,mestra\02_Jurisprudencia_e_Orientacoes\Informativos_Julgamentos_TCE_PI,Segunda_C_mara_Presencial_2__C_mara___Sess_o_Ordin_ria_Presencial_n__16_de_16_de.pdf,mestra\02_Jurisprudencia_e_Orientacoes\Informativos_Julgamentos_TCE_PI\01_Licitacoes_e_Contratos_Julgados_TCE_PI.md,4,nao,TEXTO,431,C:\Users\thiagonogueira\OneDrive - mppi.mp.br\CLC\01_Processos_e_Aquisicoes\Base de Conhecimento - Thiago\02_Jurisprudencia_e_Orientacoes\Informativos_Julgamentos_TCE_PI\Segunda_C_mara_Presencial_2__C_mara___Sess_o_Ordin_ria_Presencial_n__16_de_16_de.pdf
04,IGUAL,0.7,mestra\02_Jurisprudencia_e_Orientacoes\Informativos_Julgamentos_TCE_PI,Segunda_C_mara_Presencial_Segunda_C_mara___Sess_o_de_Julgamento_Presencial_n__18.pdf,mestra\02_Jurisprudencia_e_Orientacoes\Informativos_Julgamentos_TCE_PI\08_Outros_Procedimentos_e_Consultas_TCE_PI.md,3,nao,TEXTO,255,C:\Users\thiagonogueira\OneDrive - mppi.mp.br\CLC\01_Processos_e_Aquisicoes\Base de Conhecimento - Thiago\02_Jurisprudencia_e_Orientacoes\Informativos_Julgamentos_TCE_PI\Segunda_C_mara_Presencial_Segunda_C_mara___Sess_o_de_Julgamento_Presencial_n__18.pdf
04,IGUAL,0.68,mestra\02_Jurisprudencia_e_Orientacoes\Informativos_Julgamentos_TCE_PI,Segunda_C_mara_Presencial_Segunda_C_mara___Sess_o_de_Julgamento_Presencial_n__19.pdf,mestra\02_Jurisprudencia_e_Orientacoes\Informativos_Julgamentos_TCE_PI\04_Tomadas_de_Contas_Especiais_TCE_PI.md,2,nao,TEXTO,199,C:\Users\thiagonogueira\OneDrive - mppi.mp.br\CLC\01_Processos_e_Aquisicoes\Base de Conhecimento - Thiago\02_Jurisprudencia_e_Orientacoes\Informativos_Julgamentos_TCE_PI\Segunda_C_mara_Presencial_Segunda_C_mara___Sess_o_de_Julgamento_Presencial_n__19.pdf
04,IGUAL,0.71,mestra\02_Jurisprudencia_e_Orientacoes\Informativos_Julgamentos_TCE_PI,Segunda_C_mara_Presencial_Segunda_C_mara___Sess_o_de_Julgamento_Presencial_n__20.pdf,mestra\02_Jurisprudencia_e_Orientacoes\Informativos_Julgamentos_TCE_PI\02_Denuncias_Licitacoes_e_Fraudes_TCE_PI.md,2,nao,TEXTO,356,C:\Users\thiagonogueira\OneDrive - mppi.mp.br\CLC\01_Processos_e_Aquisicoes\Base de Conhecimento - Thiago\02_Jurisprudencia_e_Orientacoes\Informativos_Julgamentos_TCE_PI\Segunda_C_mara_Presencial_Segunda_C_mara___Sess_o_de_Julgamento_Presencial_n__20.pdf
04,IGUAL,0.72,mestra\02_Jurisprudencia_e_Orientacoes\Informativos_Julgamentos_TCE_PI,Segunda_C_mara_Virtual_2__C_mara___Sess_o_Ordin_ria_Virtual_de_01_a_05_de_junho_.pdf,mestra\02_Jurisprudencia_e_Orientacoes\Informativos_Julgamentos_TCE_PI\08_Outros_Procedimentos_e_Consultas_TCE_PI.md,5,nao,TEXTO,341,C:\Users\thiagonogueira\OneDrive - mppi.mp.br\CLC\01_Processos_e_Aquisicoes\Base de Conhecimento - Thiago\02_Jurisprudencia_e_Orientacoes\Informativos_Julgamentos_TCE_PI\Segunda_C_mara_Virtual_2__C_mara___Sess_o_Ordin_ria_Virtual_de_01_a_05_de_junho_.pdf
04,IGUAL,0.66,mestra\02_Jurisprudencia_e_Orientacoes\Informativos_Julgamentos_TCE_PI,Segunda_C_mara_Virtual_2__C_mara___Sess_o_Ordin_ria_Virtual_de_11_a_15_de_maio_d.pdf,mestra\02_Jurisprudencia_e_Orientacoes\Informativos_Julgamentos_TCE_PI\08_Outros_Procedimentos_e_Consultas_TCE_PI.md,3,nao,TEXTO,318,C:\Users\thiagonogueira\OneDrive - mppi.mp.br\CLC\01_Processos_e_Aquisicoes\Base de Conhecimento - Thiago\02_Jurisprudencia_e_Orientacoes\Informativos_Julgamentos_TCE_PI\Segunda_C_mara_Virtual_2__C_mara___Sess_o_Ordin_ria_Virtual_de_11_a_15_de_maio_d.pdf
04,IGUAL,0.62,mestra\02_Jurisprudencia_e_Orientacoes\Informativos_Julgamentos_TCE_PI,Segunda_C_mara_Virtual_2__C_mara___Sess_o_Ordin_ria_Virtual_de_13_a_17_de_julho_.pdf,mestra\02_Jurisprudencia_e_Orientacoes\Informativos_Julgamentos_TCE_PI\08_Outros_Procedimentos_e_Consultas_TCE_PI.md,2,nao,TEXTO,302,C:\Users\thiagonogueira\OneDrive - mppi.mp.br\CLC\01_Processos_e_Aquisicoes\Base de Conhecimento - Thiago\02_Jurisprudencia_e_Orientacoes\Informativos_Julgamentos_TCE_PI\Segunda_C_mara_Virtual_2__C_mara___Sess_o_Ordin_ria_Virtual_de_13_a_17_de_julho_.pdf
04,IGUAL,0.6,mestra\02_Jurisprudencia_e_Orientacoes\Informativos_Julgamentos_TCE_PI,Segunda_C_mara_Virtual_2__C_mara___Sess_o_Ordin_ria_Virtual_de_22_a_26_de_junho_.pdf,mestra\02_Jurisprudencia_e_Orientacoes\Informativos_Julgamentos_TCE_PI\08_Outros_Procedimentos_e_Consultas_TCE_PI.md,3,nao,TEXTO,313,C:\Users\thiagonogueira\OneDrive - mppi.mp.br\CLC\01_Processos_e_Aquisicoes\Base de Conhecimento - Thiago\02_Jurisprudencia_e_Orientacoes\Informativos_Julgamentos_TCE_PI\Segunda_C_mara_Virtual_2__C_mara___Sess_o_Ordin_ria_Virtual_de_22_a_26_de_junho_.pdf
04,IGUAL,0.61,mestra\02_Jurisprudencia_e_Orientacoes\Informativos_Julgamentos_TCE_PI,Segunda_C_mara_Virtual_2__C_mara___Sess_o_Ordin_ria_Virtual_de_27_a_31_de_julho_.pdf,mestra\02_Jurisprudencia_e_Orientacoes\Informativos_Julgamentos_TCE_PI\08_Outros_Procedimentos_e_Consultas_TCE_PI.md,3,nao,TEXTO,289,C:\Users\thiagonogueira\OneDrive - mppi.mp.br\CLC\01_Processos_e_Aquisicoes\Base de Conhecimento - Thiago\02_Jurisprudencia_e_Orientacoes\Informativos_Julgamentos_TCE_PI\Segunda_C_mara_Virtual_2__C_mara___Sess_o_Ordin_ria_Virtual_de_27_a_31_de_julho_.pdf
04,IGUAL,0.99,mestra\05_Doutrina_e_Biblioteca\Biblioteca_Manuais_e_Cursos\Manuais,PGE PI - Lista Pequeno Valor - Serviços e Compras - DOE.pdf,mestra\05_Doutrina_e_Biblioteca\Biblioteca_Manuais_e_Cursos\Publicacao PGE-PI - Lista de Contratacoes de Pequeno Valor no DOE.md,6,nao,TEXTO,1271,C:\Users\thiagonogueira\OneDrive - mppi.mp.br\CLC\01_Processos_e_Aquisicoes\Base de Conhecimento - Thiago\05_Doutrina_e_Biblioteca\Biblioteca_Manuais_e_Cursos\Manuais\PGE PI - Lista Pequeno Valor - Serviços e Compras - DOE.pdf
04,IGUAL,0.94,mestra\06_Paineis_e_Contratos_Historicos,PCA 2026 - Versão 3.0 - MPPI.pdf,mestra\01_Normativos_Vigentes\03_MPPI\PCA 2026\PCA 2026 - Plano de Contratacoes Anual Versao 3.0 MPPI.md,59,nao,TEXTO,4219,C:\Users\thiagonogueira\OneDrive - mppi.mp.br\CLC\01_Processos_e_Aquisicoes\Base de Conhecimento - Thiago\06_Paineis_e_Contratos_Historicos\PCA 2026 - Versão 3.0 - MPPI.pdf
04,IGUAL,0.82,mestra\06_Paineis_e_Contratos_Historicos,SEI_0978996_Ata_de_Registro_de_Precos.pdf,mestra\03_Modelos_e_Minutas\Modelos_AGU_14133\Pregão e Concorrência\Editais e Atas - Todos os Objetos\modelo-de-ata-de-registro-de-precos-lei-ndeg-14-133-nov-25.md,18,nao,TEXTO,124,C:\Users\thiagonogueira\OneDrive - mppi.mp.br\CLC\01_Processos_e_Aquisicoes\Base de Conhecimento - Thiago\06_Paineis_e_Contratos_Historicos\SEI_0978996_Ata_de_Registro_de_Precos.pdf
04,IGUAL,0.88,"mestra\SIte_PGE_PI\Contratacao de pequeno valor (75, II)",Lei-14133-Lista-de-Verificacao-Direta-Pequeno-Valor-Servicos-e-Compras-DOE.pdf,mestra\05_Doutrina_e_Biblioteca\Biblioteca_Manuais_e_Cursos\Publicacao PGE-PI - Lista de Contratacoes de Pequeno Valor no DOE.md,7,nao,TEXTO,17968,"C:\Users\thiagonogueira\OneDrive - mppi.mp.br\CLC\01_Processos_e_Aquisicoes\Base de Conhecimento - Thiago\SIte_PGE_PI\Contratacao de pequeno valor (75, II)\Lei-14133-Lista-de-Verificacao-Direta-Pequeno-Valor-Servicos-e-Compras-DOE.pdf"
04,IGUAL,0.91,"mestra\SIte_PGE_PI\Contratacao de pequeno valor (75, II)",Lei-14133-Lista-de-Verificacao-Direta-Pequeno-Valor-Servicos-e-Compras.pdf,mestra\05_Doutrina_e_Biblioteca\Biblioteca_Manuais_e_Cursos\Publicacao PGE-PI - Lista de Contratacoes de Pequeno Valor no DOE.md,7,nao,TEXTO,137,"C:\Users\thiagonogueira\OneDrive - mppi.mp.br\CLC\01_Processos_e_Aquisicoes\Base de Conhecimento - Thiago\SIte_PGE_PI\Contratacao de pequeno valor (75, II)\Lei-14133-Lista-de-Verificacao-Direta-Pequeno-Valor-Servicos-e-Compras.pdf"
04,IGUAL,0.76,"mestra\SIte_PGE_PI\Contratacao de pequeno valor - 75, I",Lei-14133-Lista-de-Verificacao-Contratacao-Direta-Pequeno-Valor-Servicos-Comuns-de-Engenharia(1).pdf,mestra\05_Doutrina_e_Biblioteca\Biblioteca_Manuais_e_Cursos\Publicacao PGE-PI - Lista de Contratacoes de Pequeno Valor no DOE.md,7,nao,TEXTO,137,"C:\Users\thiagonogueira\OneDrive - mppi.mp.br\CLC\01_Processos_e_Aquisicoes\Base de Conhecimento - Thiago\SIte_PGE_PI\Contratacao de pequeno valor - 75, I\Lei-14133-Lista-de-Verificacao-Contratacao-Direta-Pequeno-Valor-Servicos-Comuns-de-Engenharia(1).pdf"
04,IGUAL,0.74,"mestra\SIte_PGE_PI\Contratacao de pequeno valor - 75, I",Lei-14133-Lista-de-Verificacao-Contratacao-Direta-Pequeno-Valor-Servicos-Comuns-de-Engenharia-DOE(1).pdf,mestra\05_Doutrina_e_Biblioteca\Biblioteca_Manuais_e_Cursos\Publicacao PGE-PI - Lista de Contratacoes de Pequeno Valor no DOE.md,7,nao,TEXTO,17968,"C:\Users\thiagonogueira\OneDrive - mppi.mp.br\CLC\01_Processos_e_Aquisicoes\Base de Conhecimento - Thiago\SIte_PGE_PI\Contratacao de pequeno valor - 75, I\Lei-14133-Lista-de-Verificacao-Contratacao-Direta-Pequeno-Valor-Servicos-Comuns-de-Engenharia-DOE(1).pdf"
04,IGUAL,0.74,"mestra\SIte_PGE_PI\Contratacao de pequeno valor - 75, I",Lei-14133-Lista-de-Verificacao-Contratacao-Direta-Pequeno-Valor-Servicos-Comuns-de-Engenharia-DOE.pdf,mestra\05_Doutrina_e_Biblioteca\Biblioteca_Manuais_e_Cursos\Publicacao PGE-PI - Lista de Contratacoes de Pequeno Valor no DOE.md,7,nao,TEXTO,17968,"C:\Users\thiagonogueira\OneDrive - mppi.mp.br\CLC\01_Processos_e_Aquisicoes\Base de Conhecimento - Thiago\SIte_PGE_PI\Contratacao de pequeno valor - 75, I\Lei-14133-Lista-de-Verificacao-Contratacao-Direta-Pequeno-Valor-Servicos-Comuns-de-Engenharia-DOE.pdf"
04,IGUAL,0.76,"mestra\SIte_PGE_PI\Contratacao de pequeno valor - 75, I",Lei-14133-Lista-de-Verificacao-Contratacao-Direta-Pequeno-Valor-Servicos-Comuns-de-Engenharia.pdf,mestra\05_Doutrina_e_Biblioteca\Biblioteca_Manuais_e_Cursos\Publicacao PGE-PI - Lista de Contratacoes de Pequeno Valor no DOE.md,7,nao,TEXTO,137,"C:\Users\thiagonogueira\OneDrive - mppi.mp.br\CLC\01_Processos_e_Aquisicoes\Base de Conhecimento - Thiago\SIte_PGE_PI\Contratacao de pequeno valor - 75, I\Lei-14133-Lista-de-Verificacao-Contratacao-Direta-Pequeno-Valor-Servicos-Comuns-de-Engenharia.pdf"
04,IGUAL,0.65,mestra\SIte_PGE_PI\LV - Contratação Direta - Serv Comuns Eng,Lista-de-Verificacao-Contratacao-Direta-Servicos-Comuns-de-Engenharia-DOE.pdf,mestra\05_Doutrina_e_Biblioteca\Biblioteca_Manuais_e_Cursos\Publicacao PGE-PI - Lista de Contratacoes de Pequeno Valor no DOE.md,7,nao,TEXTO,17968,C:\Users\thiagonogueira\OneDrive - mppi.mp.br\CLC\01_Processos_e_Aquisicoes\Base de Conhecimento - Thiago\SIte_PGE_PI\LV - Contratação Direta - Serv Comuns Eng\Lista-de-Verificacao-Contratacao-Direta-Servicos-Comuns-de-Engenharia-DOE.pdf
04,IGUAL,0.68,mestra\SIte_PGE_PI\LV - Contratação Direta - Serv Comuns Eng,Lista-de-Verificacao-Contratacao-Direta-Servicos-Comuns-de-Engenharia.pdf,mestra\05_Doutrina_e_Biblioteca\Biblioteca_Manuais_e_Cursos\Publicacao PGE-PI - Lista de Contratacoes de Pequeno Valor no DOE.md,6,nao,TEXTO,140,C:\Users\thiagonogueira\OneDrive - mppi.mp.br\CLC\01_Processos_e_Aquisicoes\Base de Conhecimento - Thiago\SIte_PGE_PI\LV - Contratação Direta - Serv Comuns Eng\Lista-de-Verificacao-Contratacao-Direta-Servicos-Comuns-de-Engenharia.pdf
04,IGUAL,0.75,mestra\SIte_PGE_PI\Lista de Verificação - Contratação Direta - Serviços ou Compras,Lei-14133-Lista-de-Verificacao-Contratacao-Direta-Servicos-ou-Compras-DOE.pdf,mestra\05_Doutrina_e_Biblioteca\Biblioteca_Manuais_e_Cursos\Publicacao PGE-PI - Lista de Contratacoes de Pequeno Valor no DOE.md,7,nao,TEXTO,17968,C:\Users\thiagonogueira\OneDrive - mppi.mp.br\CLC\01_Processos_e_Aquisicoes\Base de Conhecimento - Thiago\SIte_PGE_PI\Lista de Verificação - Contratação Direta - Serviços ou Compras\Lei-14133-Lista-de-Verificacao-Contratacao-Direta-Servicos-ou-Compras-DOE.pdf
04,IGUAL,0.78,mestra\SIte_PGE_PI\Lista de Verificação - Contratação Direta - Serviços ou Compras,Lei-14133-Lista-de-Verificacao-Contratacao-Direta-Servicos-ou-Compras.pdf,mestra\05_Doutrina_e_Biblioteca\Biblioteca_Manuais_e_Cursos\Publicacao PGE-PI - Lista de Contratacoes de Pequeno Valor no DOE.md,7,nao,TEXTO,140,C:\Users\thiagonogueira\OneDrive - mppi.mp.br\CLC\01_Processos_e_Aquisicoes\Base de Conhecimento - Thiago\SIte_PGE_PI\Lista de Verificação - Contratação Direta - Serviços ou Compras\Lei-14133-Lista-de-Verificacao-Contratacao-Direta-Servicos-ou-Compras.pdf
04,SEM_TEXTO_SUFICIENTE,0.0,mestra\01_Normativos_Vigentes\02_Estadual_PI\Portarias,"2. Portaria Nº 106, de 27 de março de 2025.pdf",,0,nao,ESCANEADO_OU_POUCO_TEXTO,7168,"C:\Users\thiagonogueira\OneDrive - mppi.mp.br\CLC\01_Processos_e_Aquisicoes\Base de Conhecimento - Thiago\01_Normativos_Vigentes\02_Estadual_PI\Portarias\2. Portaria Nº 106, de 27 de março de 2025.pdf"
04,DISTINTO,0.1,mestra,TEMPORRIOManualContratosGov.brVersoOriginal1.40.0jun.2026rascunho.pdf,mestra\05_Doutrina_e_Biblioteca\Biblioteca_Manuais_e_Cursos\Manual Operacional - Contratos.gov.br - Perfil Fornecedor.md,195,sim,TEXTO,23784,C:\Users\thiagonogueira\OneDrive - mppi.mp.br\CLC\01_Processos_e_Aquisicoes\Base de Conhecimento - Thiago\TEMPORRIOManualContratosGov.brVersoOriginal1.40.0jun.2026rascunho.pdf
05,DISTINTO,0.04,mestra\04_Sistemas_e_Catalogos\Manuais_Sistemas_Oficiais,Compras.gov.br – Novo divulgação de contratações - Evento de alteração - abr-2024.pdf,mestra\04_Sistemas_e_Catalogos\Manuais_Sistemas_Oficiais\Compras.gov.br - Tutorial de Publicacao de Dispensas SEM Disputa e Inexigibilidades no Novo DC.md,9,sim,TEXTO,10075,C:\Users\thiagonogueira\OneDrive - mppi.mp.br\CLC\01_Processos_e_Aquisicoes\Base de Conhecimento - Thiago\04_Sistemas_e_Catalogos\Manuais_Sistemas_Oficiais\Compras.gov.br – Novo divulgação de contratações - Evento de alteração - abr-2024.pdf
05,DISTINTO,0.05,mestra\04_Sistemas_e_Catalogos\Manuais_Sistemas_Oficiais,Ministério da gestão – Manual do usuário - API de dados abertos do Compras.gov.br - Fev-2026.pdf,mestra\05_Doutrina_e_Biblioteca\Biblioteca_Manuais_e_Cursos\Manual Operacional - Contratos.gov.br - Perfil Fornecedor.md,135,sim,TEXTO,1330,C:\Users\thiagonogueira\OneDrive - mppi.mp.br\CLC\01_Processos_e_Aquisicoes\Base de Conhecimento - Thiago\04_Sistemas_e_Catalogos\Manuais_Sistemas_Oficiais\Ministério da gestão – Manual do usuário - API de dados abertos do Compras.gov.br - Fev-2026.pdf
05,DISTINTO,0.18,mestra\04_Sistemas_e_Catalogos\Manuais_Sistemas_Oficiais\Banco_de_Precos,Manual - BPPlus.pdf,mestra\01_Normativos_Vigentes\06_TJPI\Manuais_e_Guias_Tecnicos\Manual de Licitacoes e Contratos TJPI (2023-2024).md,123,sim,TEXTO,12908,C:\Users\thiagonogueira\OneDrive - mppi.mp.br\CLC\01_Processos_e_Aquisicoes\Base de Conhecimento - Thiago\04_Sistemas_e_Catalogos\Manuais_Sistemas_Oficiais\Banco_de_Precos\Manual - BPPlus.pdf
05,DISTINTO,0.19,mestra\04_Sistemas_e_Catalogos\Orcamento_LOA_2026,loa-2026-anexo-vi-demonstrativo-das-unidades-gestoras.pdf,mestra\01_Normativos_Vigentes\02_Estadual_PI\Manuais_e_Guias_Tecnicos\manual-tecnico-do-orcamento.md,11,sim,TEXTO,438,C:\Users\thiagonogueira\OneDrive - mppi.mp.br\CLC\01_Processos_e_Aquisicoes\Base de Conhecimento - Thiago\04_Sistemas_e_Catalogos\Orcamento_LOA_2026\loa-2026-anexo-vi-demonstrativo-das-unidades-gestoras.pdf
05,DISTINTO,0.02,mestra\04_Sistemas_e_Catalogos\Orcamento_LOA_2026,qdd-2026-executivo.pdf,mestra\01_Normativos_Vigentes\02_Estadual_PI\Manuais_e_Guias_Tecnicos\manual-tecnico-do-orcamento.md,149,sim,TEXTO,4523,C:\Users\thiagonogueira\OneDrive - mppi.mp.br\CLC\01_Processos_e_Aquisicoes\Base de Conhecimento - Thiago\04_Sistemas_e_Catalogos\Orcamento_LOA_2026\qdd-2026-executivo.pdf
05,DISTINTO,0.04,mestra\04_Sistemas_e_Catalogos\Orcamento_LOA_2026,qdd-2026-judiciario.pdf,mestra\01_Normativos_Vigentes\02_Estadual_PI\Leis\Lei Estadual 8914.2025 - Lei Orçamentária Anual LOA 2026.md,8,sim,TEXTO,341,C:\Users\thiagonogueira\OneDrive - mppi.mp.br\CLC\01_Processos_e_Aquisicoes\Base de Conhecimento - Thiago\04_Sistemas_e_Catalogos\Orcamento_LOA_2026\qdd-2026-judiciario.pdf
05,DISTINTO,0.03,mestra\04_Sistemas_e_Catalogos\Orcamento_LOA_2026,qdd-2026-legislativo.pdf,mestra\01_Normativos_Vigentes\02_Estadual_PI\Leis\Lei Estadual 8914.2025 - Lei Orçamentária Anual LOA 2026.md,8,sim,TEXTO,339,C:\Users\thiagonogueira\OneDrive - mppi.mp.br\CLC\01_Processos_e_Aquisicoes\Base de Conhecimento - Thiago\04_Sistemas_e_Catalogos\Orcamento_LOA_2026\qdd-2026-legislativo.pdf
05,DISTINTO,0.03,mestra\04_Sistemas_e_Catalogos\Orcamento_LOA_2026,qdd-2026-mp.pdf,mestra\01_Normativos_Vigentes\02_Estadual_PI\Leis\Lei Estadual 8914.2025 - Lei Orçamentária Anual LOA 2026.md,6,sim,TEXTO,286,C:\Users\thiagonogueira\OneDrive - mppi.mp.br\CLC\01_Processos_e_Aquisicoes\Base de Conhecimento - Thiago\04_Sistemas_e_Catalogos\Orcamento_LOA_2026\qdd-2026-mp.pdf
05,DISTINTO,0.06,mestra\05_Doutrina_e_Biblioteca\Biblioteca_Manuais_e_Cursos,Apresentação - Contratação Direta - GOVSP.pdf,mestra\02_Jurisprudencia_e_Orientacoes\MJRs_MPPI\MJR nº 922024APPL - Dispensa de Licitação - Art 75 I e II\MJR 92 - Contratações Diretas - Art 75 I e II.md,124,sim,TEXTO,3117,C:\Users\thiagonogueira\OneDrive - mppi.mp.br\CLC\01_Processos_e_Aquisicoes\Base de Conhecimento - Thiago\05_Doutrina_e_Biblioteca\Biblioteca_Manuais_e_Cursos\Apresentação - Contratação Direta - GOVSP.pdf
05,DISTINTO,0.02,mestra\05_Doutrina_e_Biblioteca\Biblioteca_Manuais_e_Cursos,Cartilha - Acesso a Informação - Atricon.pdf,mestra\02_Jurisprudencia_e_Orientacoes\Boletins_TCE_PI\Boletim de Jurisprudencia TCE-PI - Consolidado Anual 2026.md,169,sim,TEXTO,10165,C:\Users\thiagonogueira\OneDrive - mppi.mp.br\CLC\01_Processos_e_Aquisicoes\Base de Conhecimento - Thiago\05_Doutrina_e_Biblioteca\Biblioteca_Manuais_e_Cursos\Cartilha - Acesso a Informação - Atricon.pdf
05,DISTINTO,0.04,mestra\05_Doutrina_e_Biblioteca\Biblioteca_Manuais_e_Cursos,Cartilha Portal da Transparencia TCE.pdf,mestra\01_Normativos_Vigentes\01_Federal\Acordaos_Pareceres_Orientacoes\Federal - Nota Recomendatoria Conjunta 01.2025 - Adesao a ARP Carona.md,232,sim,TEXTO,30842,C:\Users\thiagonogueira\OneDrive - mppi.mp.br\CLC\01_Processos_e_Aquisicoes\Base de Conhecimento - Thiago\05_Doutrina_e_Biblioteca\Biblioteca_Manuais_e_Cursos\Cartilha Portal da Transparencia TCE.pdf
05,DISTINTO,0.05,mestra\05_Doutrina_e_Biblioteca\Biblioteca_Manuais_e_Cursos,Cartilha_Minuta_do_IPPC_Engenharia_16_11_23_14h_Visualizao.pdf,mestra\02_Jurisprudencia_e_Orientacoes\Quadro_Comparativo_Nova_Lei_14133_vs_8666.md,188,sim,TEXTO,5085,C:\Users\thiagonogueira\OneDrive - mppi.mp.br\CLC\01_Processos_e_Aquisicoes\Base de Conhecimento - Thiago\05_Doutrina_e_Biblioteca\Biblioteca_Manuais_e_Cursos\Cartilha_Minuta_do_IPPC_Engenharia_16_11_23_14h_Visualizao.pdf
05,DISTINTO,0.22,mestra\05_Doutrina_e_Biblioteca\Biblioteca_Manuais_e_Cursos,Compras_publicas_para_inovacao_no_Brasil.pdf,mestra\05_Doutrina_e_Biblioteca\Biblioteca_Manuais_e_Cursos\Estudo IPEA - Desafios e Perspectivas das Compras Publicas no Brasil - Capitulo 03.md,538,sim,TEXTO,7341,C:\Users\thiagonogueira\OneDrive - mppi.mp.br\CLC\01_Processos_e_Aquisicoes\Base de Conhecimento - Thiago\05_Doutrina_e_Biblioteca\Biblioteca_Manuais_e_Cursos\Compras_publicas_para_inovacao_no_Brasil.pdf
05,DISTINTO,0.03,mestra\05_Doutrina_e_Biblioteca\Biblioteca_Manuais_e_Cursos,Conselho Superior da Justiça do Trabalho – Guia de Contratações Sustentáveis da Justiça do Trabalho (4ª ediçã.pdf,mestra\01_Normativos_Vigentes\01_Federal\Constituicao\Federal -  CF - 88.md,268,sim,ERRO_ABERTURA,8529,C:\Users\thiagonogueira\OneDrive - mppi.mp.br\CLC\01_Processos_e_Aquisicoes\Base de Conhecimento - Thiago\05_Doutrina_e_Biblioteca\Biblioteca_Manuais_e_Cursos\Conselho Superior da Justiça do Trabalho – Guia de Contratações Sustentáveis da Justiça do Trabalho (4ª ediçã.pdf
05,DISTINTO,0.0,mestra\05_Doutrina_e_Biblioteca\Biblioteca_Manuais_e_Cursos,Curso Banco de Preços - Pesquisa de Preços.pdf,,91,sim,ESCANEADO_OU_POUCO_TEXTO,8163,C:\Users\thiagonogueira\OneDrive - mppi.mp.br\CLC\01_Processos_e_Aquisicoes\Base de Conhecimento - Thiago\05_Doutrina_e_Biblioteca\Biblioteca_Manuais_e_Cursos\Curso Banco de Preços - Pesquisa de Preços.pdf
05,DISTINTO,0.07,mestra\05_Doutrina_e_Biblioteca\Biblioteca_Manuais_e_Cursos,Estudo_Tematico_Agosto_2025____II.pdf,mestra\05_Doutrina_e_Biblioteca\Biblioteca_Manuais_e_Cursos\Estudo Tematico - Participacao de Empresas em Recuperacao Judicial em Licitacoes Publicas.md,184,sim,TEXTO,8206,C:\Users\thiagonogueira\OneDrive - mppi.mp.br\CLC\01_Processos_e_Aquisicoes\Base de Conhecimento - Thiago\05_Doutrina_e_Biblioteca\Biblioteca_Manuais_e_Cursos\Estudo_Tematico_Agosto_2025____II.pdf
05,DISTINTO,0.04,mestra\05_Doutrina_e_Biblioteca\Biblioteca_Manuais_e_Cursos,GUIANACIONALDECONTRATACOESSUSTENTAVEIS2024.pdf,mestra\05_Doutrina_e_Biblioteca\Biblioteca_Manuais_e_Cursos\Ementario CGU - Ementario Jurisprudencial e Consultivo de Aquisicoes Publicas 2026.md,244,sim,TEXTO,2873,C:\Users\thiagonogueira\OneDrive - mppi.mp.br\CLC\01_Processos_e_Aquisicoes\Base de Conhecimento - Thiago\05_Doutrina_e_Biblioteca\Biblioteca_Manuais_e_Cursos\GUIANACIONALDECONTRATACOESSUSTENTAVEIS2024.pdf
05,DISTINTO,0.14,mestra\05_Doutrina_e_Biblioteca\Biblioteca_Manuais_e_Cursos,Jornada de Compras Publicas de Inovacao.pdf,mestra\05_Doutrina_e_Biblioteca\Biblioteca_Manuais_e_Cursos\Guia de Boas Praticas - Contratacoes Publicas de Servicos de Publicidade.md,132,sim,TEXTO,3800,C:\Users\thiagonogueira\OneDrive - mppi.mp.br\CLC\01_Processos_e_Aquisicoes\Base de Conhecimento - Thiago\05_Doutrina_e_Biblioteca\Biblioteca_Manuais_e_Cursos\Jornada de Compras Publicas de Inovacao.pdf
05,DISTINTO,0.12,mestra\05_Doutrina_e_Biblioteca\Biblioteca_Manuais_e_Cursos,Licitacoes e Contratos - Orientacoes e Jurisprudencia do TCU - 5a Edicao.pdf,mestra\01_Normativos_Vigentes\06_TJPI\Manuais_e_Guias_Tecnicos\Manual de Licitacoes e Contratos TJPI (2023-2024).md,1042,sim,ESCANEADO_OU_POUCO_TEXTO,34427,C:\Users\thiagonogueira\OneDrive - mppi.mp.br\CLC\01_Processos_e_Aquisicoes\Base de Conhecimento - Thiago\05_Doutrina_e_Biblioteca\Biblioteca_Manuais_e_Cursos\Licitacoes e Contratos - Orientacoes e Jurisprudencia do TCU - 5a Edicao.pdf
05,DISTINTO,0.04,mestra\05_Doutrina_e_Biblioteca\Biblioteca_Manuais_e_Cursos,Licitações e contratos.pdf,mestra\02_Jurisprudencia_e_Orientacoes\Quadro_Comparativo_Nova_Lei_14133_vs_8666.md,225,sim,TEXTO,2492,C:\Users\thiagonogueira\OneDrive - mppi.mp.br\CLC\01_Processos_e_Aquisicoes\Base de Conhecimento - Thiago\05_Doutrina_e_Biblioteca\Biblioteca_Manuais_e_Cursos\Licitações e contratos.pdf
05,DISTINTO,0.22,mestra\05_Doutrina_e_Biblioteca\Biblioteca_Manuais_e_Cursos,Livro - Compras_publicas_para_inovacao_no_Brasil.pdf,mestra\05_Doutrina_e_Biblioteca\Biblioteca_Manuais_e_Cursos\Estudo IPEA - Desafios e Perspectivas das Compras Publicas no Brasil - Capitulo 03.md,538,sim,TEXTO,7341,C:\Users\thiagonogueira\OneDrive - mppi.mp.br\CLC\01_Processos_e_Aquisicoes\Base de Conhecimento - Thiago\05_Doutrina_e_Biblioteca\Biblioteca_Manuais_e_Cursos\Livro - Compras_publicas_para_inovacao_no_Brasil.pdf
05,DISTINTO,0.07,mestra\05_Doutrina_e_Biblioteca\Biblioteca_Manuais_e_Cursos,Livro - NLLC Esquematizada.pdf,mestra\01_Normativos_Vigentes\01_Federal\Leis\Federal - Lei 14133.2021.md,150,sim,ESCANEADO_OU_POUCO_TEXTO,7497,C:\Users\thiagonogueira\OneDrive - mppi.mp.br\CLC\01_Processos_e_Aquisicoes\Base de Conhecimento - Thiago\05_Doutrina_e_Biblioteca\Biblioteca_Manuais_e_Cursos\Livro - NLLC Esquematizada.pdf
05,DISTINTO,0.04,mestra\05_Doutrina_e_Biblioteca\Biblioteca_Manuais_e_Cursos,Manual - Manual de Planejamento da Contratação-SEMA_PMT-2023.pdf,mestra\05_Doutrina_e_Biblioteca\Biblioteca_Manuais_e_Cursos\Manual Institucional - Compras e Licitacoes - TRT 2a Regiao 2025-2027.md,86,sim,TEXTO,25010,C:\Users\thiagonogueira\OneDrive - mppi.mp.br\CLC\01_Processos_e_Aquisicoes\Base de Conhecimento - Thiago\05_Doutrina_e_Biblioteca\Biblioteca_Manuais_e_Cursos\Manual - Manual de Planejamento da Contratação-SEMA_PMT-2023.pdf
05,DISTINTO,0.02,mestra\05_Doutrina_e_Biblioteca\Biblioteca_Manuais_e_Cursos,Manual MROSC – Do Planejamento à Prestação de Contas – Implementação do marco regulatório das OSC no Governo.pdf,mestra\05_Doutrina_e_Biblioteca\Biblioteca_Manuais_e_Cursos\Parecer AGU 00002.2026-CNCIC - Acordo de Cooperacao Tecnica com Entidades Privadas Lucrativas.md,188,sim,ERRO_ABERTURA,1725,C:\Users\thiagonogueira\OneDrive - mppi.mp.br\CLC\01_Processos_e_Aquisicoes\Base de Conhecimento - Thiago\05_Doutrina_e_Biblioteca\Biblioteca_Manuais_e_Cursos\Manual MROSC – Do Planejamento à Prestação de Contas – Implementação do marco regulatório das OSC no Governo.pdf
05,DISTINTO,0.13,mestra\05_Doutrina_e_Biblioteca\Biblioteca_Manuais_e_Cursos,Manual TCU - 2016.pdf,mestra\05_Doutrina_e_Biblioteca\Biblioteca_Manuais_e_Cursos\Guia de Boas Praticas - Contratacoes Publicas de Servicos de Publicidade.md,280,sim,TEXTO,27500,C:\Users\thiagonogueira\OneDrive - mppi.mp.br\CLC\01_Processos_e_Aquisicoes\Base de Conhecimento - Thiago\05_Doutrina_e_Biblioteca\Biblioteca_Manuais_e_Cursos\Manual TCU - 2016.pdf
05,DISTINTO,0.01,mestra\05_Doutrina_e_Biblioteca\Biblioteca_Manuais_e_Cursos,Manual de Contratação de TIC sob a Ótica da Nova L.pdf,mestra\05_Doutrina_e_Biblioteca\BID - Cursos\Guias_Digitais_e_Leituras_MD\TIC_Governo_Eletronico_2023_Livro_Eletronico.md,336,sim,TEXTO,3904,C:\Users\thiagonogueira\OneDrive - mppi.mp.br\CLC\01_Processos_e_Aquisicoes\Base de Conhecimento - Thiago\05_Doutrina_e_Biblioteca\Biblioteca_Manuais_e_Cursos\Manual de Contratação de TIC sob a Ótica da Nova L.pdf
05,DISTINTO,0.1,mestra\05_Doutrina_e_Biblioteca\Biblioteca_Manuais_e_Cursos,Manual do Contratos.gov.br (abr-2026) (V. 1.39.0).pdf,mestra\05_Doutrina_e_Biblioteca\Biblioteca_Manuais_e_Cursos\Manual Operacional - Contratos.gov.br - Perfil Fornecedor.md,183,sim,TEXTO,24051,C:\Users\thiagonogueira\OneDrive - mppi.mp.br\CLC\01_Processos_e_Aquisicoes\Base de Conhecimento - Thiago\05_Doutrina_e_Biblioteca\Biblioteca_Manuais_e_Cursos\Manual do Contratos.gov.br (abr-2026) (V. 1.39.0).pdf
05,DISTINTO,0.02,mestra\05_Doutrina_e_Biblioteca\Biblioteca_Manuais_e_Cursos,Manual-do-Portal-da-Transparncia---5-Edio_Final.pdf,mestra\01_Normativos_Vigentes\03_MPPI\Atos\Ato PGJ 0479.2013 - Dispoe sobre a organizacao administrativa do MPPI.md,148,sim,TEXTO,8793,C:\Users\thiagonogueira\OneDrive - mppi.mp.br\CLC\01_Processos_e_Aquisicoes\Base de Conhecimento - Thiago\05_Doutrina_e_Biblioteca\Biblioteca_Manuais_e_Cursos\Manual-do-Portal-da-Transparncia---5-Edio_Final.pdf
05,DISTINTO,0.05,mestra\05_Doutrina_e_Biblioteca\Biblioteca_Manuais_e_Cursos,Manual_integracao_pncp.pdf,mestra\05_Doutrina_e_Biblioteca\Biblioteca_Manuais_e_Cursos\Manual Tecnico - APIs de Consulta ao Portal Nacional de Contratacoes Publicas - PNCP.md,433,sim,TEXTO,7399,C:\Users\thiagonogueira\OneDrive - mppi.mp.br\CLC\01_Processos_e_Aquisicoes\Base de Conhecimento - Thiago\05_Doutrina_e_Biblioteca\Biblioteca_Manuais_e_Cursos\Manual_integracao_pncp.pdf
05,DISTINTO,0.22,mestra\05_Doutrina_e_Biblioteca\Biblioteca_Manuais_e_Cursos,Modelo - Termo de Justificativa de Dispensa sem Disputa.pdf,mestra\05_Doutrina_e_Biblioteca\Biblioteca_Manuais_e_Cursos\Nota Tecnica 05.2024 - Procedimentos e Fluxo da Dispensa Eletronica.md,3,sim,ESCANEADO_OU_POUCO_TEXTO,222,C:\Users\thiagonogueira\OneDrive - mppi.mp.br\CLC\01_Processos_e_Aquisicoes\Base de Conhecimento - Thiago\05_Doutrina_e_Biblioteca\Biblioteca_Manuais_e_Cursos\Modelo - Termo de Justificativa de Dispensa sem Disputa.pdf
05,DISTINTO,0.07,mestra\05_Doutrina_e_Biblioteca\Biblioteca_Manuais_e_Cursos,Operacionalização do Sistema - Vanessa Ventura.pdf,mestra\05_Doutrina_e_Biblioteca\Biblioteca_Manuais_e_Cursos\Portaria SEGES-ME 8678.2021 - Governanca das Contratacoes Publicas Federais.md,246,sim,ESCANEADO_OU_POUCO_TEXTO,14078,C:\Users\thiagonogueira\OneDrive - mppi.mp.br\CLC\01_Processos_e_Aquisicoes\Base de Conhecimento - Thiago\05_Doutrina_e_Biblioteca\Biblioteca_Manuais_e_Cursos\Operacionalização do Sistema - Vanessa Ventura.pdf
05,DISTINTO,0.03,mestra\05_Doutrina_e_Biblioteca\Biblioteca_Manuais_e_Cursos,OrientaessobreasEvoluesdaCompraDireta.pdf,mestra\05_Doutrina_e_Biblioteca\Biblioteca_Manuais_e_Cursos\Manual Operacional - Contratos.gov.br - Perfil Fornecedor.md,99,sim,TEXTO,9078,C:\Users\thiagonogueira\OneDrive - mppi.mp.br\CLC\01_Processos_e_Aquisicoes\Base de Conhecimento - Thiago\05_Doutrina_e_Biblioteca\Biblioteca_Manuais_e_Cursos\OrientaessobreasEvoluesdaCompraDireta.pdf
05,DISTINTO,0.03,mestra\05_Doutrina_e_Biblioteca\Biblioteca_Manuais_e_Cursos,PARECER Nº 00004-2024-CGEST-CGU-AGU.pdf,mestra\02_Jurisprudencia_e_Orientacoes\Quadro_Comparativo_Nova_Lei_14133_vs_8666.md,13,sim,ESCANEADO_OU_POUCO_TEXTO,5606,C:\Users\thiagonogueira\OneDrive - mppi.mp.br\CLC\01_Processos_e_Aquisicoes\Base de Conhecimento - Thiago\05_Doutrina_e_Biblioteca\Biblioteca_Manuais_e_Cursos\PARECER Nº 00004-2024-CGEST-CGU-AGU.pdf
05,DISTINTO,0.06,mestra\05_Doutrina_e_Biblioteca\Biblioteca_Manuais_e_Cursos,PassoapassoPGC.pdf,mestra\05_Doutrina_e_Biblioteca\Biblioteca_Manuais_e_Cursos\Portaria SEGES-ME 8678.2021 - Governanca das Contratacoes Publicas Federais.md,88,sim,ESCANEADO_OU_POUCO_TEXTO,7533,C:\Users\thiagonogueira\OneDrive - mppi.mp.br\CLC\01_Processos_e_Aquisicoes\Base de Conhecimento - Thiago\05_Doutrina_e_Biblioteca\Biblioteca_Manuais_e_Cursos\PassoapassoPGC.pdf
05,DISTINTO,0.05,mestra\05_Doutrina_e_Biblioteca\Biblioteca_Manuais_e_Cursos,Slides - 50 Erros mais Comuns em Licitações.pdf,mestra\01_Normativos_Vigentes\01_Federal\Instrucoes_Normativas\Federal - IN 05.2017 - Terceirizados.md,111,sim,TEXTO,329,C:\Users\thiagonogueira\OneDrive - mppi.mp.br\CLC\01_Processos_e_Aquisicoes\Base de Conhecimento - Thiago\05_Doutrina_e_Biblioteca\Biblioteca_Manuais_e_Cursos\Slides - 50 Erros mais Comuns em Licitações.pdf
05,DISTINTO,0.02,mestra\05_Doutrina_e_Biblioteca\Biblioteca_Manuais_e_Cursos,Slides - IA Aplicada nas Licitações.pdf,mestra\02_Jurisprudencia_e_Orientacoes\Boletins_TCE_PI\Boletim de Jurisprudencia TCE-PI - Consolidado Anual 2026.md,33,sim,ESCANEADO_OU_POUCO_TEXTO,31872,C:\Users\thiagonogueira\OneDrive - mppi.mp.br\CLC\01_Processos_e_Aquisicoes\Base de Conhecimento - Thiago\05_Doutrina_e_Biblioteca\Biblioteca_Manuais_e_Cursos\Slides - IA Aplicada nas Licitações.pdf
05,DISTINTO,0.0,mestra\05_Doutrina_e_Biblioteca\Biblioteca_Manuais_e_Cursos,Storytelling com Dados (Cole Nussbaumer Knaflic [Knaflic etc.).pdf,mestra\02_Jurisprudencia_e_Orientacoes\Boletins_TCE_PI\Boletim de Jurisprudencia TCE-PI - Consolidado Anual 2026.md,269,sim,TEXTO,9688,C:\Users\thiagonogueira\OneDrive - mppi.mp.br\CLC\01_Processos_e_Aquisicoes\Base de Conhecimento - Thiago\05_Doutrina_e_Biblioteca\Biblioteca_Manuais_e_Cursos\Storytelling com Dados (Cole Nussbaumer Knaflic [Knaflic etc.).pdf
05,DISTINTO,0.07,mestra\05_Doutrina_e_Biblioteca\Biblioteca_Manuais_e_Cursos,TCE-PR – Cartilha de Obras e Serviços de Engenharia- estudo técnico preliminar.pdf,mestra\05_Doutrina_e_Biblioteca\Biblioteca_Manuais_e_Cursos\Guia E-BOX 02 - Estudo Tecnico Preliminar para Obras e Servicos de Engenharia - Hamilton Bonatto.md,85,sim,TEXTO,4010,C:\Users\thiagonogueira\OneDrive - mppi.mp.br\CLC\01_Processos_e_Aquisicoes\Base de Conhecimento - Thiago\05_Doutrina_e_Biblioteca\Biblioteca_Manuais_e_Cursos\TCE-PR – Cartilha de Obras e Serviços de Engenharia- estudo técnico preliminar.pdf
05,DISTINTO,0.09,mestra\05_Doutrina_e_Biblioteca\Biblioteca_Manuais_e_Cursos,TCU – Transição Energética- guia prático de auditoria para instituições superiores de controle.pdf,mestra\05_Doutrina_e_Biblioteca\Biblioteca_Manuais_e_Cursos\Guia de Boas Praticas - Contratacoes Publicas de Servicos de Publicidade.md,94,sim,ESCANEADO_OU_POUCO_TEXTO,46350,C:\Users\thiagonogueira\OneDrive - mppi.mp.br\CLC\01_Processos_e_Aquisicoes\Base de Conhecimento - Thiago\05_Doutrina_e_Biblioteca\Biblioteca_Manuais_e_Cursos\TCU – Transição Energética- guia prático de auditoria para instituições superiores de controle.pdf
05,DISTINTO,0.14,mestra\05_Doutrina_e_Biblioteca\Biblioteca_Manuais_e_Cursos,TEMPORÁRIO Manual Contratos Gov.br - Nova Versão - 2.14.0 – set.2026.pdf,mestra\05_Doutrina_e_Biblioteca\Biblioteca_Manuais_e_Cursos\Manual Operacional - Contratos.gov.br - Perfil Fornecedor.md,145,sim,TEXTO,20855,C:\Users\thiagonogueira\OneDrive - mppi.mp.br\CLC\01_Processos_e_Aquisicoes\Base de Conhecimento - Thiago\05_Doutrina_e_Biblioteca\Biblioteca_Manuais_e_Cursos\TEMPORÁRIO Manual Contratos Gov.br - Nova Versão - 2.14.0 – set.2026.pdf
05,DISTINTO,0.07,mestra\05_Doutrina_e_Biblioteca\Biblioteca_Manuais_e_Cursos,UNIFESPA - Fluxo Descritivo das Contratações Diretas para ações de Desenv. e Capacitação.pdf,mestra\05_Doutrina_e_Biblioteca\Biblioteca_Manuais_e_Cursos\Parecer AGU 00004.2025-CNLCA - Reajuste e Repactuacao Contratual na Lei 14133.md,1,sim,ESCANEADO_OU_POUCO_TEXTO,328,C:\Users\thiagonogueira\OneDrive - mppi.mp.br\CLC\01_Processos_e_Aquisicoes\Base de Conhecimento - Thiago\05_Doutrina_e_Biblioteca\Biblioteca_Manuais_e_Cursos\UNIFESPA - Fluxo Descritivo das Contratações Diretas para ações de Desenv. e Capacitação.pdf
05,DISTINTO,0.02,mestra\05_Doutrina_e_Biblioteca\Biblioteca_Manuais_e_Cursos,guia-de-contratacoes-sustentaveis-set-2023.pdf,mestra\01_Normativos_Vigentes\01_Federal\Acordaos_Pareceres_Orientacoes\Federal - Parecer Referencial 00001.2026 CONJUR-MS-CGU-AGU.md,291,sim,TEXTO,4343,C:\Users\thiagonogueira\OneDrive - mppi.mp.br\CLC\01_Processos_e_Aquisicoes\Base de Conhecimento - Thiago\05_Doutrina_e_Biblioteca\Biblioteca_Manuais_e_Cursos\guia-de-contratacoes-sustentaveis-set-2023.pdf
05,DISTINTO,0.03,mestra\05_Doutrina_e_Biblioteca\Biblioteca_Manuais_e_Cursos,instrumento-de-padronizacao-dos-procedimentos.pdf,mestra\02_Jurisprudencia_e_Orientacoes\MJRs_MPPI\MJR nº 922024APPL - Dispensa de Licitação - Art 75 I e II\MJR 92 - Contratações Diretas - Art 75 I e II.md,98,sim,TEXTO,13708,C:\Users\thiagonogueira\OneDrive - mppi.mp.br\CLC\01_Processos_e_Aquisicoes\Base de Conhecimento - Thiago\05_Doutrina_e_Biblioteca\Biblioteca_Manuais_e_Cursos\instrumento-de-padronizacao-dos-procedimentos.pdf
05,DISTINTO,0.1,mestra\05_Doutrina_e_Biblioteca\Biblioteca_Manuais_e_Cursos,manual-comprasgovbr-contratos.pdf,mestra\05_Doutrina_e_Biblioteca\Biblioteca_Manuais_e_Cursos\Manual Operacional - Contratos.gov.br - Perfil Fornecedor.md,183,sim,TEXTO,24051,C:\Users\thiagonogueira\OneDrive - mppi.mp.br\CLC\01_Processos_e_Aquisicoes\Base de Conhecimento - Thiago\05_Doutrina_e_Biblioteca\Biblioteca_Manuais_e_Cursos\manual-comprasgovbr-contratos.pdf
05,DISTINTO,0.14,mestra\05_Doutrina_e_Biblioteca\Biblioteca_Manuais_e_Cursos,manual-contratos-gov-br-nova-versao.pdf,mestra\05_Doutrina_e_Biblioteca\Biblioteca_Manuais_e_Cursos\Manual Operacional - Contratos.gov.br - Perfil Fornecedor.md,125,sim,TEXTO,9650,C:\Users\thiagonogueira\OneDrive - mppi.mp.br\CLC\01_Processos_e_Aquisicoes\Base de Conhecimento - Thiago\05_Doutrina_e_Biblioteca\Biblioteca_Manuais_e_Cursos\manual-contratos-gov-br-nova-versao.pdf
05,DISTINTO,0.02,mestra\06_Paineis_e_Contratos_Historicos,Tutorial_PCA_MPPI_2027.pdf,mestra\01_Normativos_Vigentes\03_MPPI\PCA 2026\PCA 2026 - Plano de Contratacoes Anual Versao 3.0 MPPI.md,13,sim,TEXTO,1233,C:\Users\thiagonogueira\OneDrive - mppi.mp.br\CLC\01_Processos_e_Aquisicoes\Base de Conhecimento - Thiago\06_Paineis_e_Contratos_Historicos\Tutorial_PCA_MPPI_2027.pdf
05,DISTINTO,0.05,mestra\06_Paineis_e_Contratos_Historicos,manual-api-compras.pdf,mestra\05_Doutrina_e_Biblioteca\Biblioteca_Manuais_e_Cursos\Manual Operacional - Contratos.gov.br - Perfil Fornecedor.md,135,sim,TEXTO,1330,C:\Users\thiagonogueira\OneDrive - mppi.mp.br\CLC\01_Processos_e_Aquisicoes\Base de Conhecimento - Thiago\06_Paineis_e_Contratos_Historicos\manual-api-compras.pdf
05,DISTINTO,0.14,mestra\06_Paineis_e_Contratos_Historicos,manual-contratos-gov-br-nova-versao.pdf,mestra\05_Doutrina_e_Biblioteca\Biblioteca_Manuais_e_Cursos\Manual Operacional - Contratos.gov.br - Perfil Fornecedor.md,132,sim,TEXTO,11026,C:\Users\thiagonogueira\OneDrive - mppi.mp.br\CLC\01_Processos_e_Aquisicoes\Base de Conhecimento - Thiago\06_Paineis_e_Contratos_Historicos\manual-contratos-gov-br-nova-versao.pdf
05,PROVAVEL_REVISAR,0.47,mestra\05_Doutrina_e_Biblioteca\Biblioteca_Manuais_e_Cursos,Apresentação - Da Especificação do Objeto ao Orçamento Estimado.pdf,mestra\02_Jurisprudencia_e_Orientacoes\Quadro_Comparativo_Nova_Lei_14133_vs_8666.md,91,sim,TEXTO,3111,C:\Users\thiagonogueira\OneDrive - mppi.mp.br\CLC\01_Processos_e_Aquisicoes\Base de Conhecimento - Thiago\05_Doutrina_e_Biblioteca\Biblioteca_Manuais_e_Cursos\Apresentação - Da Especificação do Objeto ao Orçamento Estimado.pdf
05,PROVAVEL_REVISAR,0.42,mestra\05_Doutrina_e_Biblioteca\Biblioteca_Manuais_e_Cursos,Zênite - Compilado de Leis sobre Licitações e Contratos.pdf,mestra\01_Normativos_Vigentes\01_Federal\Leis\Federal - lista-de-atos-normativos-e-estagios-de-regulamentacao-da-lei-14133-de-2021.md,1781,sim,TEXTO,9228,C:\Users\thiagonogueira\OneDrive - mppi.mp.br\CLC\01_Processos_e_Aquisicoes\Base de Conhecimento - Thiago\05_Doutrina_e_Biblioteca\Biblioteca_Manuais_e_Cursos\Zênite - Compilado de Leis sobre Licitações e Contratos.pdf
06,IGUAL,0.9,mestra\01_Normativos_Vigentes\06_TJPI\Manuais_e_Guias_Tecnicos,MANUAL Lic -TJ-PI-2023-2024.pdf,mestra\01_Normativos_Vigentes\06_TJPI\Manuais_e_Guias_Tecnicos\Manual de Licitacoes e Contratos TJPI (2023-2024).md,63,sim,TEXTO,5709,C:\Users\thiagonogueira\OneDrive - mppi.mp.br\CLC\01_Processos_e_Aquisicoes\Base de Conhecimento - Thiago\01_Normativos_Vigentes\06_TJPI\Manuais_e_Guias_Tecnicos\MANUAL Lic -TJ-PI-2023-2024.pdf
06,IGUAL,0.83,mestra\02_Jurisprudencia_e_Orientacoes\Boletins_TCE_PI,merged 2024.pdf,mestra\02_Jurisprudencia_e_Orientacoes\Boletins_TCE_PI\Boletim de Jurisprudencia TCE-PI - Consolidado Anual 2024.md,311,sim,TEXTO,18423,C:\Users\thiagonogueira\OneDrive - mppi.mp.br\CLC\01_Processos_e_Aquisicoes\Base de Conhecimento - Thiago\02_Jurisprudencia_e_Orientacoes\Boletins_TCE_PI\merged 2024.pdf
06,IGUAL,0.63,mestra\02_Jurisprudencia_e_Orientacoes\Informativos_Julgamentos_TCE_PI,Primeira_C_mara_Virtual_1__C_mara___Sess_o_Ordin_ria_Virtual_de_08_a_11_de_setem.pdf,mestra\02_Jurisprudencia_e_Orientacoes\Informativos_Julgamentos_TCE_PI\08_Outros_Procedimentos_e_Consultas_TCE_PI.md,3,sim,TEXTO,312,C:\Users\thiagonogueira\OneDrive - mppi.mp.br\CLC\01_Processos_e_Aquisicoes\Base de Conhecimento - Thiago\02_Jurisprudencia_e_Orientacoes\Informativos_Julgamentos_TCE_PI\Primeira_C_mara_Virtual_1__C_mara___Sess_o_Ordin_ria_Virtual_de_08_a_11_de_setem.pdf
06,IGUAL,0.87,mestra\04_Sistemas_e_Catalogos\Manuais_Sistemas_Oficiais\Banco_de_Precos,Passo a Passo - Cotação Nova e Rápida (+lotes) (Plus).pdf,mestra\04_Sistemas_e_Catalogos\Manuais_Sistemas_Oficiais\Banco_de_Precos\Banco de Precos - Passo a Passo Cotacao Nova e Rapida Plus.md,6,sim,TEXTO,599,C:\Users\thiagonogueira\OneDrive - mppi.mp.br\CLC\01_Processos_e_Aquisicoes\Base de Conhecimento - Thiago\04_Sistemas_e_Catalogos\Manuais_Sistemas_Oficiais\Banco_de_Precos\Passo a Passo - Cotação Nova e Rápida (+lotes) (Plus).pdf
06,IGUAL,0.78,mestra\04_Sistemas_e_Catalogos\Manuais_Sistemas_Oficiais\Banco_de_Precos,Passo a Passo - Cotação Nova e Rápida (Standard).pdf,mestra\04_Sistemas_e_Catalogos\Manuais_Sistemas_Oficiais\Banco_de_Precos\Banco de Precos - Passo a Passo Cotacao Nova e Rapida Plus.md,4,sim,TEXTO,445,C:\Users\thiagonogueira\OneDrive - mppi.mp.br\CLC\01_Processos_e_Aquisicoes\Base de Conhecimento - Thiago\04_Sistemas_e_Catalogos\Manuais_Sistemas_Oficiais\Banco_de_Precos\Passo a Passo - Cotação Nova e Rápida (Standard).pdf
06,IGUAL,0.69,mestra\05_Doutrina_e_Biblioteca\Biblioteca_Manuais_e_Cursos,Zênite - Apresentação - Curso Habilitação nas Contratações Públicas.pdf,mestra\05_Doutrina_e_Biblioteca\Biblioteca_Manuais_e_Cursos\Cartilha Zenite - 5 Erros que Voce Nao Pode Cometer com IA nas Contratacoes Publicas.md,218,sim,TEXTO,7005,C:\Users\thiagonogueira\OneDrive - mppi.mp.br\CLC\01_Processos_e_Aquisicoes\Base de Conhecimento - Thiago\05_Doutrina_e_Biblioteca\Biblioteca_Manuais_e_Cursos\Zênite - Apresentação - Curso Habilitação nas Contratações Públicas.pdf
06,IGUAL,0.69,mestra\05_Doutrina_e_Biblioteca\Biblioteca_Manuais_e_Cursos\Manuais,MPBA - Cadastro no Compras Gov - Dispensas e Inex.pdf,mestra\05_Doutrina_e_Biblioteca\Biblioteca_Manuais_e_Cursos\Manual MPBA - Cadastro no Compras.gov para Dispensas e Inexigibilidades.md,9,sim,TEXTO,793,C:\Users\thiagonogueira\OneDrive - mppi.mp.br\CLC\01_Processos_e_Aquisicoes\Base de Conhecimento - Thiago\05_Doutrina_e_Biblioteca\Biblioteca_Manuais_e_Cursos\Manuais\MPBA - Cadastro no Compras Gov - Dispensas e Inex.pdf
06,IGUAL,0.96,mestra\05_Doutrina_e_Biblioteca\Biblioteca_Manuais_e_Cursos\Manuais,Manual - Dispensa Eletrônica - Governo (padrão) (3).pdf,mestra\05_Doutrina_e_Biblioteca\Biblioteca_Manuais_e_Cursos\Manual Operacional - Dispensa Eletronica no Compras.gov.br - Visao Governo.md,54,sim,TEXTO,6394,C:\Users\thiagonogueira\OneDrive - mppi.mp.br\CLC\01_Processos_e_Aquisicoes\Base de Conhecimento - Thiago\05_Doutrina_e_Biblioteca\Biblioteca_Manuais_e_Cursos\Manuais\Manual - Dispensa Eletrônica - Governo (padrão) (3).pdf
06,IGUAL,0.96,mestra\05_Doutrina_e_Biblioteca\Biblioteca_Manuais_e_Cursos\Manuais,Manual - Dispensa Eletrônica - Governo (padrão).pdf,mestra\05_Doutrina_e_Biblioteca\Biblioteca_Manuais_e_Cursos\Manual Operacional - Dispensa Eletronica no Compras.gov.br - Visao Governo.md,54,sim,TEXTO,6428,C:\Users\thiagonogueira\OneDrive - mppi.mp.br\CLC\01_Processos_e_Aquisicoes\Base de Conhecimento - Thiago\05_Doutrina_e_Biblioteca\Biblioteca_Manuais_e_Cursos\Manuais\Manual - Dispensa Eletrônica - Governo (padrão).pdf
06,IGUAL,0.99,mestra\05_Doutrina_e_Biblioteca\Biblioteca_Manuais_e_Cursos\Manuais,Manual Compras e Licitacoes TRT 2 SP - 2024-2026.pdf,mestra\05_Doutrina_e_Biblioteca\Biblioteca_Manuais_e_Cursos\Manual Institucional - Compras e Licitacoes - TRT 2a Regiao 2025-2027.md,82,sim,TEXTO,2787,C:\Users\thiagonogueira\OneDrive - mppi.mp.br\CLC\01_Processos_e_Aquisicoes\Base de Conhecimento - Thiago\05_Doutrina_e_Biblioteca\Biblioteca_Manuais_e_Cursos\Manuais\Manual Compras e Licitacoes TRT 2 SP - 2024-2026.pdf
06,IGUAL,0.91,mestra\05_Doutrina_e_Biblioteca\Biblioteca_Manuais_e_Cursos\Manuais,Manual Compras e Licitacoes TRT 2 SP - 2025-2027.pdf,mestra\05_Doutrina_e_Biblioteca\Biblioteca_Manuais_e_Cursos\Manual Institucional - Compras e Licitacoes - TRT 2a Regiao 2025-2027.md,76,sim,TEXTO,1150,C:\Users\thiagonogueira\OneDrive - mppi.mp.br\CLC\01_Processos_e_Aquisicoes\Base de Conhecimento - Thiago\05_Doutrina_e_Biblioteca\Biblioteca_Manuais_e_Cursos\Manuais\Manual Compras e Licitacoes TRT 2 SP - 2025-2027.pdf
06,IGUAL,0.88,mestra\05_Doutrina_e_Biblioteca\Biblioteca_Manuais_e_Cursos\Manuais,Manual de Compras Baseadas na Relação Custo-Benefício (abr-2025).pdf,mestra\05_Doutrina_e_Biblioteca\Biblioteca_Manuais_e_Cursos\Manual de Orientacao - Compras Publicas Baseadas na Relacao Custo-Beneficio.md,70,sim,TEXTO,1195,C:\Users\thiagonogueira\OneDrive - mppi.mp.br\CLC\01_Processos_e_Aquisicoes\Base de Conhecimento - Thiago\05_Doutrina_e_Biblioteca\Biblioteca_Manuais_e_Cursos\Manuais\Manual de Compras Baseadas na Relação Custo-Benefício (abr-2025).pdf
06,IGUAL,0.82,mestra\05_Doutrina_e_Biblioteca\Biblioteca_Manuais_e_Cursos\Manuais,Palestra - Aplicações e Limitações de Inteligência Artificial no Controle Externo.pdf,mestra\05_Doutrina_e_Biblioteca\Biblioteca_Manuais_e_Cursos\Palestra Tecnica - Aplicacoes e Limitacoes de Inteligencia Artificial no Controle Externo.md,60,sim,TEXTO,6146,C:\Users\thiagonogueira\OneDrive - mppi.mp.br\CLC\01_Processos_e_Aquisicoes\Base de Conhecimento - Thiago\05_Doutrina_e_Biblioteca\Biblioteca_Manuais_e_Cursos\Manuais\Palestra - Aplicações e Limitações de Inteligência Artificial no Controle Externo.pdf
06,IGUAL,0.63,mestra\05_Doutrina_e_Biblioteca\Biblioteca_Manuais_e_Cursos\Manuais,TutorialContrataesPresenciais.pdf,mestra\05_Doutrina_e_Biblioteca\Biblioteca_Manuais_e_Cursos\Tutorial Compras.gov.br - Operacionalizacao de Contratacoes Presenciais na NLLC.md,21,sim,TEXTO,12412,C:\Users\thiagonogueira\OneDrive - mppi.mp.br\CLC\01_Processos_e_Aquisicoes\Base de Conhecimento - Thiago\05_Doutrina_e_Biblioteca\Biblioteca_Manuais_e_Cursos\Manuais\TutorialContrataesPresenciais.pdf
06,IGUAL,0.95,mestra\05_Doutrina_e_Biblioteca\Biblioteca_Manuais_e_Cursos\Manuais,Zenite - 5 Erros que você não pode cometer com IA nas Contratações.pdf,mestra\05_Doutrina_e_Biblioteca\Biblioteca_Manuais_e_Cursos\Cartilha Zenite - 5 Erros que Voce Nao Pode Cometer com IA nas Contratacoes Publicas.md,26,sim,TEXTO,3754,C:\Users\thiagonogueira\OneDrive - mppi.mp.br\CLC\01_Processos_e_Aquisicoes\Base de Conhecimento - Thiago\05_Doutrina_e_Biblioteca\Biblioteca_Manuais_e_Cursos\Manuais\Zenite - 5 Erros que você não pode cometer com IA nas Contratações.pdf
