Classe,Score,Pasta,PDF,MelhorMD,Paginas,OCR,Tipo,TamanhoPDF_KB,CaminhoPDF
DISTINTO,0.2,mestra,Manual completo - Concorrências Presenciais Lei 12.232_2010 - Novo DC.pdf,mestra\04_Sistemas_e_Catalogos\Manuais_Sistemas_Oficiais\Compras.gov.br - Tutorial de Publicacao de Dispensas COM Disputa no Novo DC.md,42,nao,TEXTO,25596,C:\Users\thiagonogueira\OneDrive - mppi.mp.br\CLC\01_Processos_e_Aquisicoes\Base de Conhecimento - Thiago\Manual completo - Concorrências Presenciais Lei 12.232_2010 - Novo DC.pdf
DISTINTO,0.06,mestra,Manual completo - Convocação de Remanescentes.pdf,mestra\04_Sistemas_e_Catalogos\Manuais_Sistemas_Oficiais\Compras.gov.br - Tutorial de Publicacao de Dispensas COM Disputa no Novo DC.md,28,nao,TEXTO,8480,C:\Users\thiagonogueira\OneDrive - mppi.mp.br\CLC\01_Processos_e_Aquisicoes\Base de Conhecimento - Thiago\Manual completo - Convocação de Remanescentes.pdf
DISTINTO,0.16,mestra,Manual completo - Manual Compras.gov.br - Pregão Eletrônico.pdf,mestra\04_Sistemas_e_Catalogos\Manuais_Sistemas_Oficiais\Compras.gov.br - Tutorial de Publicacao de Dispensas COM Disputa no Novo DC.md,33,nao,TEXTO,8639,C:\Users\thiagonogueira\OneDrive - mppi.mp.br\CLC\01_Processos_e_Aquisicoes\Base de Conhecimento - Thiago\Manual completo - Manual Compras.gov.br - Pregão Eletrônico.pdf
IGUAL,1.0,mestra,SEI_TJPI_-_6640734_-_Provimento.pdf,mestra\01_Normativos_Vigentes\06_TJPI\Outros_Normativos\Provimento TJPI nº 13.2025 - Regulamento de Obras Servicos Compras e Alienacoes.md,28,nao,TEXTO,4114,C:\Users\thiagonogueira\OneDrive - mppi.mp.br\CLC\01_Processos_e_Aquisicoes\Base de Conhecimento - Thiago\SEI_TJPI_-_6640734_-_Provimento.pdf
DISTINTO,0.1,mestra,TEMPORRIOManualContratosGov.brVersoOriginal1.40.0jun.2026rascunho.pdf,mestra\05_Doutrina_e_Biblioteca\Biblioteca_Manuais_e_Cursos\Manual Operacional - Contratos.gov.br - Perfil Fornecedor.md,195,sim,TEXTO,23784,C:\Users\thiagonogueira\OneDrive - mppi.mp.br\CLC\01_Processos_e_Aquisicoes\Base de Conhecimento - Thiago\TEMPORRIOManualContratosGov.brVersoOriginal1.40.0jun.2026rascunho.pdf
DISTINTO,0.11,mestra\00_Ferramentas_e_Scripts_Analise,ARP sapiens.agu.gov.br_valida_publico_id=1781507289.pdf,mestra\05_Doutrina_e_Biblioteca\Biblioteca_Manuais_e_Cursos\Parecer AGU 00453.2024 - Renovacao de Quantitativos na Prorrogacao de ARP.md,11,nao,TEXTO,364,C:\Users\thiagonogueira\OneDrive - mppi.mp.br\CLC\01_Processos_e_Aquisicoes\Base de Conhecimento - Thiago\00_Ferramentas_e_Scripts_Analise\ARP sapiens.agu.gov.br_valida_publico_id=1781507289.pdf
IGUAL,1.0,mestra\01_Normativos_Vigentes\01_Federal\Portarias,Portaria Fedral - n8678.0 - 2021.pdf,mestra\01_Normativos_Vigentes\01_Federal\Portarias\Federal - Portaria 8678.2021 - Governanca de Contratacoes Publicas.md,1,nao,TEXTO,1397,C:\Users\thiagonogueira\OneDrive - mppi.mp.br\CLC\01_Processos_e_Aquisicoes\Base de Conhecimento - Thiago\01_Normativos_Vigentes\01_Federal\Portarias\Portaria Fedral - n8678.0 - 2021.pdf
IGUAL,1.0,mestra\01_Normativos_Vigentes\02_Estadual_PI\Acordaos_Pareceres_Orientacoes,Nota Técnica Estadual - n032020112020 - 2020.pdf,mestra\01_Normativos_Vigentes\02_Estadual_PI\Acordaos_Pareceres_Orientacoes\TCE NT 03.2020 - Contratações de TIC.md,22,nao,TEXTO,286,C:\Users\thiagonogueira\OneDrive - mppi.mp.br\CLC\01_Processos_e_Aquisicoes\Base de Conhecimento - Thiago\01_Normativos_Vigentes\02_Estadual_PI\Acordaos_Pareceres_Orientacoes\Nota Técnica Estadual - n032020112020 - 2020.pdf
IGUAL,1.0,mestra\01_Normativos_Vigentes\02_Estadual_PI\Decretos,DECRETO - n11.319 - 2004.pdf,mestra\01_Normativos_Vigentes\02_Estadual_PI\Decretos\Decreto Estadual 11319.2004 - Sistema de Registro de Precos Estadual.md,9,nao,TEXTO,258,C:\Users\thiagonogueira\OneDrive - mppi.mp.br\CLC\01_Processos_e_Aquisicoes\Base de Conhecimento - Thiago\01_Normativos_Vigentes\02_Estadual_PI\Decretos\DECRETO - n11.319 - 2004.pdf
IGUAL,0.77,mestra\01_Normativos_Vigentes\02_Estadual_PI\Decretos,Decreto Estadual - n11.320132004 - 2004.pdf,mestra\01_Normativos_Vigentes\02_Estadual_PI\Decretos\Decreto Estadual 11320.2004 - Cadastro Unico de Fornecedores do Piaui.md,10,nao,TEXTO,283,C:\Users\thiagonogueira\OneDrive - mppi.mp.br\CLC\01_Processos_e_Aquisicoes\Base de Conhecimento - Thiago\01_Normativos_Vigentes\02_Estadual_PI\Decretos\Decreto Estadual - n11.320132004 - 2004.pdf
IGUAL,1.0,mestra\01_Normativos_Vigentes\02_Estadual_PI\Decretos,Decreto Estadual - n11.346302004 - 2004.pdf,mestra\01_Normativos_Vigentes\02_Estadual_PI\Decretos\Decreto Estadual 11346.2004 - Modalidade Pregao no Piaui.md,16,nao,TEXTO,148,C:\Users\thiagonogueira\OneDrive - mppi.mp.br\CLC\01_Processos_e_Aquisicoes\Base de Conhecimento - Thiago\01_Normativos_Vigentes\02_Estadual_PI\Decretos\Decreto Estadual - n11.346302004 - 2004.pdf
IGUAL,1.0,mestra\01_Normativos_Vigentes\02_Estadual_PI\Decretos,Decreto Estadual - n13.701052009 - 2009.pdf,mestra\01_Normativos_Vigentes\02_Estadual_PI\Decretos\Decreto Estadual 13701.2009 - Contratacoes Publicas Sustentaveis.md,3,nao,TEXTO,202,C:\Users\thiagonogueira\OneDrive - mppi.mp.br\CLC\01_Processos_e_Aquisicoes\Base de Conhecimento - Thiago\01_Normativos_Vigentes\02_Estadual_PI\Decretos\Decreto Estadual - n13.701052009 - 2009.pdf
IGUAL,1.0,mestra\01_Normativos_Vigentes\02_Estadual_PI\Decretos,Decreto Estadual - n14.386182011 - 2011.pdf,mestra\01_Normativos_Vigentes\02_Estadual_PI\Decretos\Decreto Estadual 14386.2011 - Aquisicao Locacao e Controle de Veiculos Oficiais.md,9,nao,TEXTO,261,C:\Users\thiagonogueira\OneDrive - mppi.mp.br\CLC\01_Processos_e_Aquisicoes\Base de Conhecimento - Thiago\01_Normativos_Vigentes\02_Estadual_PI\Decretos\Decreto Estadual - n14.386182011 - 2011.pdf
IGUAL,1.0,mestra\01_Normativos_Vigentes\02_Estadual_PI\Decretos,Decreto Estadual - n14.483262011 - 2011.pdf,mestra\01_Normativos_Vigentes\02_Estadual_PI\Decretos\Decreto Estadual 14483.2011 - Contratacao de Servicos no Executivo Estadual (Compilado).md,70,nao,TEXTO,583,C:\Users\thiagonogueira\OneDrive - mppi.mp.br\CLC\01_Processos_e_Aquisicoes\Base de Conhecimento - Thiago\01_Normativos_Vigentes\02_Estadual_PI\Decretos\Decreto Estadual - n14.483262011 - 2011.pdf
IGUAL,1.0,mestra\01_Normativos_Vigentes\02_Estadual_PI\Decretos,Decreto Estadual - n14.891112012 - 2012.pdf,mestra\01_Normativos_Vigentes\02_Estadual_PI\Decretos\Decreto Estadual 14891.2012 - Aquisicao e Concessao de Passagens Aereas (Compilado).md,9,nao,TEXTO,267,C:\Users\thiagonogueira\OneDrive - mppi.mp.br\CLC\01_Processos_e_Aquisicoes\Base de Conhecimento - Thiago\01_Normativos_Vigentes\02_Estadual_PI\Decretos\Decreto Estadual - n14.891112012 - 2012.pdf
PROVAVEL_REVISAR,0.46,mestra\01_Normativos_Vigentes\02_Estadual_PI\Decretos,Decreto Estadual - n15.093212013 - 2013.pdf,mestra\01_Normativos_Vigentes\03_MPPI\Atos\Ato PGJ 0462.2013 - Fiscalizacao e Gestao de Contratos.md,8,nao,TEXTO,252,C:\Users\thiagonogueira\OneDrive - mppi.mp.br\CLC\01_Processos_e_Aquisicoes\Base de Conhecimento - Thiago\01_Normativos_Vigentes\02_Estadual_PI\Decretos\Decreto Estadual - n15.093212013 - 2013.pdf
DISTINTO,0.09,mestra\01_Normativos_Vigentes\02_Estadual_PI\Decretos,Decreto Estadual - n15.943192015 - 2015.pdf,mestra\01_Normativos_Vigentes\02_Estadual_PI\Decretos\Decreto Estadual 14483.2011 - Contratacao de Servicos no Executivo Estadual (Compilado).md,4,nao,TEXTO,245,C:\Users\thiagonogueira\OneDrive - mppi.mp.br\CLC\01_Processos_e_Aquisicoes\Base de Conhecimento - Thiago\01_Normativos_Vigentes\02_Estadual_PI\Decretos\Decreto Estadual - n15.943192015 - 2015.pdf
IGUAL,0.99,mestra\01_Normativos_Vigentes\02_Estadual_PI\Decretos,Decreto Estadual - n16.21252015 - 2015.pdf,"mestra\01_Normativos_Vigentes\02_Estadual_PI\Decretos\Decreto Estadual 16212.2015 - Regulamenta o tratamento favorecido, diferenciado e simplificado para as microempresas, empresas de pequeno....md",5,nao,TEXTO,260,C:\Users\thiagonogueira\OneDrive - mppi.mp.br\CLC\01_Processos_e_Aquisicoes\Base de Conhecimento - Thiago\01_Normativos_Vigentes\02_Estadual_PI\Decretos\Decreto Estadual - n16.21252015 - 2015.pdf
IGUAL,0.99,mestra\01_Normativos_Vigentes\02_Estadual_PI\Decretos,Decreto Estadual - n16.266032015 - 2015.pdf,"mestra\01_Normativos_Vigentes\02_Estadual_PI\Decretos\Decreto Estadual 16266.2015 - Regulamenta o art. 41, II, da Lei Estadual nº 7.884, de 08 de dezembro de 2022, disciplina patrocínio dos... [ALTERADO POSTERIORMENTE].md",6,nao,TEXTO,218,C:\Users\thiagonogueira\OneDrive - mppi.mp.br\CLC\01_Processos_e_Aquisicoes\Base de Conhecimento - Thiago\01_Normativos_Vigentes\02_Estadual_PI\Decretos\Decreto Estadual - n16.266032015 - 2015.pdf
IGUAL,0.99,mestra\01_Normativos_Vigentes\02_Estadual_PI\Decretos,Decreto Estadual - n16.73722016 - 2016.pdf,"mestra\01_Normativos_Vigentes\02_Estadual_PI\Decretos\Decreto Estadual 16737.2016 - Estabelece parâmetros para elaboração de extratos de contratos administrativos e aditamentos contratuais, a....md",4,nao,TEXTO,218,C:\Users\thiagonogueira\OneDrive - mppi.mp.br\CLC\01_Processos_e_Aquisicoes\Base de Conhecimento - Thiago\01_Normativos_Vigentes\02_Estadual_PI\Decretos\Decreto Estadual - n16.73722016 - 2016.pdf
IGUAL,0.99,mestra\01_Normativos_Vigentes\02_Estadual_PI\Decretos,Decreto Estadual - n17.084032017 - 2017.pdf,"mestra\01_Normativos_Vigentes\02_Estadual_PI\Decretos\Decreto Estadual 17084.2017 - Dispõe sobre a Programação Orçamentária e Financeira dos órgãos e entidades do Poder Executivo, relativa a....md",6,nao,TEXTO,232,C:\Users\thiagonogueira\OneDrive - mppi.mp.br\CLC\01_Processos_e_Aquisicoes\Base de Conhecimento - Thiago\01_Normativos_Vigentes\02_Estadual_PI\Decretos\Decreto Estadual - n17.084032017 - 2017.pdf
IGUAL,1.0,mestra\01_Normativos_Vigentes\02_Estadual_PI\Decretos,Decreto Estadual - n19.841062021 - 2021.pdf,mestra\01_Normativos_Vigentes\02_Estadual_PI\Decretos\Decreto Estadual 19841.2021 - Dispõe sobre os procedimentos e critérios para o reequilíbrio econômico-financeiro de contratos....md,1,nao,TEXTO,190,C:\Users\thiagonogueira\OneDrive - mppi.mp.br\CLC\01_Processos_e_Aquisicoes\Base de Conhecimento - Thiago\01_Normativos_Vigentes\02_Estadual_PI\Decretos\Decreto Estadual - n19.841062021 - 2021.pdf
IGUAL,1.0,mestra\01_Normativos_Vigentes\02_Estadual_PI\Decretos,Decreto Estadual - n20.096112021 - 2021.pdf,mestra\01_Normativos_Vigentes\02_Estadual_PI\Decretos\Decreto Estadual 20096.2021 - Credenciamento de Fornecedores e Prestadores de Servicos (Compilado).md,5,nao,TEXTO,116,C:\Users\thiagonogueira\OneDrive - mppi.mp.br\CLC\01_Processos_e_Aquisicoes\Base de Conhecimento - Thiago\01_Normativos_Vigentes\02_Estadual_PI\Decretos\Decreto Estadual - n20.096112021 - 2021.pdf
IGUAL,0.99,mestra\01_Normativos_Vigentes\02_Estadual_PI\Decretos,Decreto Estadual - n20.110132021 - 2021.pdf,mestra\01_Normativos_Vigentes\02_Estadual_PI\Decretos\Decreto Estadual 20110.2021 - Dispõe sobre o regime de licitações e contratos administrativos a ser utilizado no âmbito da Administração....md,3,nao,TEXTO,204,C:\Users\thiagonogueira\OneDrive - mppi.mp.br\CLC\01_Processos_e_Aquisicoes\Base de Conhecimento - Thiago\01_Normativos_Vigentes\02_Estadual_PI\Decretos\Decreto Estadual - n20.110132021 - 2021.pdf
IGUAL,1.0,mestra\01_Normativos_Vigentes\02_Estadual_PI\Decretos,Decreto Estadual - n21.812092023 - 2023.pdf,mestra\01_Normativos_Vigentes\02_Estadual_PI\Decretos\Decreto Estadual 21812.2023 - Dispõe sobre limites de gastos para contratação de bandas e atrações artísticas para eventos festivos no ano....md,2,nao,TEXTO,205,C:\Users\thiagonogueira\OneDrive - mppi.mp.br\CLC\01_Processos_e_Aquisicoes\Base de Conhecimento - Thiago\01_Normativos_Vigentes\02_Estadual_PI\Decretos\Decreto Estadual - n21.812092023 - 2023.pdf
IGUAL,0.96,mestra\01_Normativos_Vigentes\02_Estadual_PI\Decretos,Decreto Estadual - n21.813092023 - 2023.pdf,mestra\01_Normativos_Vigentes\02_Estadual_PI\Decretos\Decreto Estadual  21813.2023 - Licitações e Contratos de Publicidade.md,3,sim,TEXTO,200,C:\Users\thiagonogueira\OneDrive - mppi.mp.br\CLC\01_Processos_e_Aquisicoes\Base de Conhecimento - Thiago\01_Normativos_Vigentes\02_Estadual_PI\Decretos\Decreto Estadual - n21.813092023 - 2023.pdf
IGUAL,1.0,mestra\01_Normativos_Vigentes\02_Estadual_PI\Decretos,Decreto Estadual - n21.872072023 - 2023.pdf,mestra\01_Normativos_Vigentes\02_Estadual_PI\Decretos\Decreto Estadual 21872.2023 - Regulamenta a NLLC.md,62,nao,TEXTO,550,C:\Users\thiagonogueira\OneDrive - mppi.mp.br\CLC\01_Processos_e_Aquisicoes\Base de Conhecimento - Thiago\01_Normativos_Vigentes\02_Estadual_PI\Decretos\Decreto Estadual - n21.872072023 - 2023.pdf
IGUAL,0.99,mestra\01_Normativos_Vigentes\02_Estadual_PI\Decretos,Decreto Estadual - n21.910172023 - 2023.pdf,"mestra\01_Normativos_Vigentes\02_Estadual_PI\Decretos\Decreto Estadual 21910.2023 - Dispõe sobre o Marco Temporal e o procedimento de transição entre a Lei nº 14.133, de 1º de abril de 2021, e... [REVOGADO].md",3,nao,TEXTO,204,C:\Users\thiagonogueira\OneDrive - mppi.mp.br\CLC\01_Processos_e_Aquisicoes\Base de Conhecimento - Thiago\01_Normativos_Vigentes\02_Estadual_PI\Decretos\Decreto Estadual - n21.910172023 - 2023.pdf
IGUAL,0.97,mestra\01_Normativos_Vigentes\02_Estadual_PI\Decretos,Decreto Estadual - n21.938282023 - 2023.pdf,mestra\01_Normativos_Vigentes\02_Estadual_PI\Decretos\Decreto Estadual 21938.2023 - SRP PI.md,21,nao,TEXTO,288,C:\Users\thiagonogueira\OneDrive - mppi.mp.br\CLC\01_Processos_e_Aquisicoes\Base de Conhecimento - Thiago\01_Normativos_Vigentes\02_Estadual_PI\Decretos\Decreto Estadual - n21.938282023 - 2023.pdf
IGUAL,1.0,mestra\01_Normativos_Vigentes\02_Estadual_PI\Decretos,Decreto Estadual - n21.980132023 - 2023.pdf,"mestra\01_Normativos_Vigentes\02_Estadual_PI\Decretos\Decreto Estadual 21980.2023 - Revoga o Decreto nº 21.910, de 17 de março de 2023, que estabeleceu o Marco Temporal e o procedimento de....md",1,nao,TEXTO,91,C:\Users\thiagonogueira\OneDrive - mppi.mp.br\CLC\01_Processos_e_Aquisicoes\Base de Conhecimento - Thiago\01_Normativos_Vigentes\02_Estadual_PI\Decretos\Decreto Estadual - n21.980132023 - 2023.pdf
IGUAL,0.99,mestra\01_Normativos_Vigentes\02_Estadual_PI\Decretos,Decreto Estadual - n22.023262023 - 2023.pdf,"mestra\01_Normativos_Vigentes\02_Estadual_PI\Decretos\Decreto Estadual 22023.2023 - Implanta o Sistema Integrado de Gestão de Repasses – SIGRP e disciplina os procedimentos para celebração,....md",11,nao,TEXTO,239,C:\Users\thiagonogueira\OneDrive - mppi.mp.br\CLC\01_Processos_e_Aquisicoes\Base de Conhecimento - Thiago\01_Normativos_Vigentes\02_Estadual_PI\Decretos\Decreto Estadual - n22.023262023 - 2023.pdf
IGUAL,0.99,mestra\01_Normativos_Vigentes\02_Estadual_PI\Decretos,Decreto Estadual - n22.089192023 - 2023.pdf,mestra\01_Normativos_Vigentes\02_Estadual_PI\Decretos\Decreto Estadual 22089.2023 - Regulamenta a seleção de Organizações Sociais para a celebração de contrato de gestão na forma da Lei....md,3,nao,TEXTO,202,C:\Users\thiagonogueira\OneDrive - mppi.mp.br\CLC\01_Processos_e_Aquisicoes\Base de Conhecimento - Thiago\01_Normativos_Vigentes\02_Estadual_PI\Decretos\Decreto Estadual - n22.089192023 - 2023.pdf
IGUAL,0.98,mestra\01_Normativos_Vigentes\02_Estadual_PI\Decretos,Decreto Estadual - n22.380052023 - 2023.pdf,mestra\01_Normativos_Vigentes\02_Estadual_PI\Decretos\Decreto Estadual 22380.2023 - Dispõe sobre a descentralização de crédito orçamentário no Estado do Piauí..md,4,nao,TEXTO,215,C:\Users\thiagonogueira\OneDrive - mppi.mp.br\CLC\01_Processos_e_Aquisicoes\Base de Conhecimento - Thiago\01_Normativos_Vigentes\02_Estadual_PI\Decretos\Decreto Estadual - n22.380052023 - 2023.pdf
IGUAL,0.99,mestra\01_Normativos_Vigentes\02_Estadual_PI\Decretos,Decreto Estadual - n22.652272023 - 2023.pdf,"mestra\01_Normativos_Vigentes\02_Estadual_PI\Decretos\Decreto Estadual 22652.2023 - Dispõe sobre o Marco Temporal e o procedimento de transição entre a Lei nº 14.133, de 1º de abril de 2021, e....md",3,nao,TEXTO,202,C:\Users\thiagonogueira\OneDrive - mppi.mp.br\CLC\01_Processos_e_Aquisicoes\Base de Conhecimento - Thiago\01_Normativos_Vigentes\02_Estadual_PI\Decretos\Decreto Estadual - n22.652272023 - 2023.pdf
IGUAL,1.0,mestra\01_Normativos_Vigentes\02_Estadual_PI\Decretos,Decreto Estadual - n22.737062024 - 2024.pdf,mestra\01_Normativos_Vigentes\02_Estadual_PI\Decretos\Decreto Estadual 22737.2024 - Reajuste de Preços nos Contratos Administrativos.md,4,nao,TEXTO,117,C:\Users\thiagonogueira\OneDrive - mppi.mp.br\CLC\01_Processos_e_Aquisicoes\Base de Conhecimento - Thiago\01_Normativos_Vigentes\02_Estadual_PI\Decretos\Decreto Estadual - n22.737062024 - 2024.pdf
IGUAL,0.99,mestra\01_Normativos_Vigentes\02_Estadual_PI\Decretos,Decreto Estadual - n22.822112024 - 2024.pdf,mestra\01_Normativos_Vigentes\02_Estadual_PI\Decretos\Decreto Estadual 22822.2024 - Diretrizes de Governanca e Contratacoes.md,7,sim,TEXTO,279,C:\Users\thiagonogueira\OneDrive - mppi.mp.br\CLC\01_Processos_e_Aquisicoes\Base de Conhecimento - Thiago\01_Normativos_Vigentes\02_Estadual_PI\Decretos\Decreto Estadual - n22.822112024 - 2024.pdf
IGUAL,1.0,mestra\01_Normativos_Vigentes\02_Estadual_PI\Decretos,Decreto Estadual - n23.891122025 - 2025.pdf,mestra\01_Normativos_Vigentes\02_Estadual_PI\Decretos\Decreto Estadual 23891.2025 - Programa Estadual de Aquisições e Contratações Públicas Sustentáveis.md,5,nao,TEXTO,274,C:\Users\thiagonogueira\OneDrive - mppi.mp.br\CLC\01_Processos_e_Aquisicoes\Base de Conhecimento - Thiago\01_Normativos_Vigentes\02_Estadual_PI\Decretos\Decreto Estadual - n23.891122025 - 2025.pdf
IGUAL,1.0,mestra\01_Normativos_Vigentes\02_Estadual_PI\Instrucoes_Normativas,Instrução Normativa Estadual - n00012013 - 2013.pdf,mestra\01_Normativos_Vigentes\02_Estadual_PI\Instrucoes_Normativas\Instrução Normativa CGE nº 01-2013 - Procedimentos de Controle e Pareceres.md,10,nao,TEXTO,297,C:\Users\thiagonogueira\OneDrive - mppi.mp.br\CLC\01_Processos_e_Aquisicoes\Base de Conhecimento - Thiago\01_Normativos_Vigentes\02_Estadual_PI\Instrucoes_Normativas\Instrução Normativa Estadual - n00012013 - 2013.pdf
IGUAL,1.0,mestra\01_Normativos_Vigentes\02_Estadual_PI\Instrucoes_Normativas,Instrução Normativa Estadual - n00012015 - 2015.pdf,mestra\01_Normativos_Vigentes\02_Estadual_PI\Instrucoes_Normativas\Instrução Normativa CGE nº 01-2015 - Normas Gerais de Controle Interno.md,41,nao,TEXTO,542,C:\Users\thiagonogueira\OneDrive - mppi.mp.br\CLC\01_Processos_e_Aquisicoes\Base de Conhecimento - Thiago\01_Normativos_Vigentes\02_Estadual_PI\Instrucoes_Normativas\Instrução Normativa Estadual - n00012015 - 2015.pdf
IGUAL,1.0,mestra\01_Normativos_Vigentes\02_Estadual_PI\Instrucoes_Normativas,Instrução Normativa Estadual - n00012021 - 2021.pdf,mestra\01_Normativos_Vigentes\02_Estadual_PI\Instrucoes_Normativas\Instrução Normativa SEFAZ nº 01-2021 - Procedimentos de Gestão Financeira.md,5,nao,TEXTO,124,C:\Users\thiagonogueira\OneDrive - mppi.mp.br\CLC\01_Processos_e_Aquisicoes\Base de Conhecimento - Thiago\01_Normativos_Vigentes\02_Estadual_PI\Instrucoes_Normativas\Instrução Normativa Estadual - n00012021 - 2021.pdf
IGUAL,1.0,mestra\01_Normativos_Vigentes\02_Estadual_PI\Leis,Lei Estadual - n7.482182021 - 2021.pdf,mestra\01_Normativos_Vigentes\02_Estadual_PI\Leis\Lei Estadual 7482.2021 - Diretrizes e Reorganizacao Administrativa.md,19,nao,TEXTO,231,C:\Users\thiagonogueira\OneDrive - mppi.mp.br\CLC\01_Processos_e_Aquisicoes\Base de Conhecimento - Thiago\01_Normativos_Vigentes\02_Estadual_PI\Leis\Lei Estadual - n7.482182021 - 2021.pdf
IGUAL,1.0,mestra\01_Normativos_Vigentes\02_Estadual_PI\Leis,Lei Estadual - n7.612272021 - 2021.pdf,mestra\01_Normativos_Vigentes\02_Estadual_PI\Leis\Lei Estadual 7612.2021 - Gestão de Bens Imóveis.md,4,nao,TEXTO,110,C:\Users\thiagonogueira\OneDrive - mppi.mp.br\CLC\01_Processos_e_Aquisicoes\Base de Conhecimento - Thiago\01_Normativos_Vigentes\02_Estadual_PI\Leis\Lei Estadual - n7.612272021 - 2021.pdf
SEM_TEXTO_SUFICIENTE,0.0,mestra\01_Normativos_Vigentes\02_Estadual_PI\Portarias,"2. Portaria Nº 106, de 27 de março de 2025.pdf",,0,nao,ESCANEADO_OU_POUCO_TEXTO,7168,"C:\Users\thiagonogueira\OneDrive - mppi.mp.br\CLC\01_Processos_e_Aquisicoes\Base de Conhecimento - Thiago\01_Normativos_Vigentes\02_Estadual_PI\Portarias\2. Portaria Nº 106, de 27 de março de 2025.pdf"
IGUAL,1.0,mestra\01_Normativos_Vigentes\02_Estadual_PI\Portarias,Portaria Estadual - n..0342021 - 2021.pdf,mestra\01_Normativos_Vigentes\02_Estadual_PI\Portarias\SEAD Portaria Gab Seadprev 34.2021 - Regulamenta a Dispensa Eletrônica.md,2,nao,TEXTO,120,C:\Users\thiagonogueira\OneDrive - mppi.mp.br\CLC\01_Processos_e_Aquisicoes\Base de Conhecimento - Thiago\01_Normativos_Vigentes\02_Estadual_PI\Portarias\Portaria Estadual - n..0342021 - 2021.pdf
IGUAL,1.0,mestra\01_Normativos_Vigentes\02_Estadual_PI\Portarias,Portaria Estadual - n0012024. - 2024.pdf,mestra\01_Normativos_Vigentes\02_Estadual_PI\Portarias\Portaria SEAD nº 001.2024 - Diretrizes de Contratacoes SEAD Piaui.md,40,nao,TEXTO,394,C:\Users\thiagonogueira\OneDrive - mppi.mp.br\CLC\01_Processos_e_Aquisicoes\Base de Conhecimento - Thiago\01_Normativos_Vigentes\02_Estadual_PI\Portarias\Portaria Estadual - n0012024. - 2024.pdf
IGUAL,1.0,mestra\01_Normativos_Vigentes\02_Estadual_PI\Resolucoes,Resolução Estadual - n0022021182021 - 2021.pdf,mestra\01_Normativos_Vigentes\02_Estadual_PI\Resolucoes\Resolução CGFR 002.2021 - Elaboração de Extratos de Licitação e Contratos Administrativos.md,8,nao,TEXTO,358,C:\Users\thiagonogueira\OneDrive - mppi.mp.br\CLC\01_Processos_e_Aquisicoes\Base de Conhecimento - Thiago\01_Normativos_Vigentes\02_Estadual_PI\Resolucoes\Resolução Estadual - n0022021182021 - 2021.pdf
IGUAL,1.0,mestra\01_Normativos_Vigentes\03_MPPI\Atos,Ato PGJMPPI - n1381.0 - 2024.pdf,mestra\01_Normativos_Vigentes\03_MPPI\Atos\Ato PGJ 1381.2024 - Diretrizes de Contratacoes e Governanca MPPI.md,10,nao,TEXTO,276,C:\Users\thiagonogueira\OneDrive - mppi.mp.br\CLC\01_Processos_e_Aquisicoes\Base de Conhecimento - Thiago\01_Normativos_Vigentes\03_MPPI\Atos\Ato PGJMPPI - n1381.0 - 2024.pdf
IGUAL,0.97,mestra\01_Normativos_Vigentes\03_MPPI\Atos,Ato PGJMPPI - n1382.0 - 2024.pdf,mestra\01_Normativos_Vigentes\03_MPPI\Atos\Ato PGJ 1382.2024 - Regulamenta a Implementação da 14133 no MPPI_2.md,2,nao,TEXTO,177,C:\Users\thiagonogueira\OneDrive - mppi.mp.br\CLC\01_Processos_e_Aquisicoes\Base de Conhecimento - Thiago\01_Normativos_Vigentes\03_MPPI\Atos\Ato PGJMPPI - n1382.0 - 2024.pdf
IGUAL,0.67,mestra\01_Normativos_Vigentes\03_MPPI\Atos,Ato PGJMPPI - n1383.0 - 2024.pdf,mestra\01_Normativos_Vigentes\03_MPPI\Atos\Ato PGJ 1383.2024 - Dispensa Parecer Jurídico.md,1,nao,TEXTO,172,C:\Users\thiagonogueira\OneDrive - mppi.mp.br\CLC\01_Processos_e_Aquisicoes\Base de Conhecimento - Thiago\01_Normativos_Vigentes\03_MPPI\Atos\Ato PGJMPPI - n1383.0 - 2024.pdf
IGUAL,0.98,mestra\01_Normativos_Vigentes\03_MPPI\Atos,Ato PGJMPPI - n1413.0 - 2024.pdf,mestra\01_Normativos_Vigentes\03_MPPI\Atos\Ato PGJ 1413.2024 - Altera Ato PGJ 1382.2024_2.md,1,nao,TEXTO,125,C:\Users\thiagonogueira\OneDrive - mppi.mp.br\CLC\01_Processos_e_Aquisicoes\Base de Conhecimento - Thiago\01_Normativos_Vigentes\03_MPPI\Atos\Ato PGJMPPI - n1413.0 - 2024.pdf
IGUAL,0.98,mestra\01_Normativos_Vigentes\03_MPPI\Atos,Ato PGJMPPI - n1414.0 - 2024.pdf,mestra\01_Normativos_Vigentes\03_MPPI\Atos\Ato PGJ 1414.2024 - Agente de Contratação.md,5,nao,TEXTO,185,C:\Users\thiagonogueira\OneDrive - mppi.mp.br\CLC\01_Processos_e_Aquisicoes\Base de Conhecimento - Thiago\01_Normativos_Vigentes\03_MPPI\Atos\Ato PGJMPPI - n1414.0 - 2024.pdf
IGUAL,0.92,mestra\01_Normativos_Vigentes\03_MPPI\Atos,Ato PGJMPPI - n1415.0 - 2024.pdf,mestra\01_Normativos_Vigentes\03_MPPI\Atos\Ato PGJ 1415.2024 - Serviços e fornecimentos contínuos.md,5,nao,TEXTO,195,C:\Users\thiagonogueira\OneDrive - mppi.mp.br\CLC\01_Processos_e_Aquisicoes\Base de Conhecimento - Thiago\01_Normativos_Vigentes\03_MPPI\Atos\Ato PGJMPPI - n1415.0 - 2024.pdf
IGUAL,0.98,mestra\01_Normativos_Vigentes\03_MPPI\Atos,Ato PGJMPPI - n1448.0 - 2024.pdf,mestra\01_Normativos_Vigentes\03_MPPI\Atos\Ato PGJ 1448.2024 - Altera o Ato PGJ 1414.2024.md,1,nao,TEXTO,147,C:\Users\thiagonogueira\OneDrive - mppi.mp.br\CLC\01_Processos_e_Aquisicoes\Base de Conhecimento - Thiago\01_Normativos_Vigentes\03_MPPI\Atos\Ato PGJMPPI - n1448.0 - 2024.pdf
IGUAL,0.89,mestra\01_Normativos_Vigentes\03_MPPI\Atos,Ato PGJMPPI - n1449.0 - 2024.pdf,mestra\01_Normativos_Vigentes\03_MPPI\Atos\Ato PGJ 1449.2024 - Reserva de Vagas para Mulheres em Situação de Vulnerabilidade (Terceirização).md,2,nao,TEXTO,163,C:\Users\thiagonogueira\OneDrive - mppi.mp.br\CLC\01_Processos_e_Aquisicoes\Base de Conhecimento - Thiago\01_Normativos_Vigentes\03_MPPI\Atos\Ato PGJMPPI - n1449.0 - 2024.pdf
IGUAL,0.91,mestra\01_Normativos_Vigentes\03_MPPI\Atos,Ato PGJMPPI - n1456.0 - 2024.pdf,mestra\01_Normativos_Vigentes\03_MPPI\Atos\Ato PGJ 1456.2024 - Manifestação Jurídica Referencial.md,3,nao,TEXTO,174,C:\Users\thiagonogueira\OneDrive - mppi.mp.br\CLC\01_Processos_e_Aquisicoes\Base de Conhecimento - Thiago\01_Normativos_Vigentes\03_MPPI\Atos\Ato PGJMPPI - n1456.0 - 2024.pdf
IGUAL,0.82,mestra\01_Normativos_Vigentes\03_MPPI\Atos,Ato PGJMPPI - n1480.0 - 2025.pdf,mestra\01_Normativos_Vigentes\03_MPPI\Atos\Ato PGJ 1480.2025 - Retira CONINT da Fase Interna.md,3,nao,TEXTO,168,C:\Users\thiagonogueira\OneDrive - mppi.mp.br\CLC\01_Processos_e_Aquisicoes\Base de Conhecimento - Thiago\01_Normativos_Vigentes\03_MPPI\Atos\Ato PGJMPPI - n1480.0 - 2025.pdf
DISTINTO,0.15,mestra\01_Normativos_Vigentes\03_MPPI\PCA 2026,Relação de Demandas Suspensas e Retidas (184 registros).pdf,mestra\01_Normativos_Vigentes\03_MPPI\PCA 2025.md,17,nao,TEXTO,623,C:\Users\thiagonogueira\OneDrive - mppi.mp.br\CLC\01_Processos_e_Aquisicoes\Base de Conhecimento - Thiago\01_Normativos_Vigentes\03_MPPI\PCA 2026\Relação de Demandas Suspensas e Retidas (184 registros).pdf
IGUAL,0.94,mestra\01_Normativos_Vigentes\03_MPPI\PCA_2026,PCA 2026 - Versão 2.0 - MPPI.pdf,mestra\01_Normativos_Vigentes\03_MPPI\PCA 2026\PCA 2026 - Plano de Contratacoes Anual Versao 3.0 MPPI.md,84,nao,TEXTO,5059,C:\Users\thiagonogueira\OneDrive - mppi.mp.br\CLC\01_Processos_e_Aquisicoes\Base de Conhecimento - Thiago\01_Normativos_Vigentes\03_MPPI\PCA_2026\PCA 2026 - Versão 2.0 - MPPI.pdf
IGUAL,0.94,mestra\01_Normativos_Vigentes\03_MPPI\PCA_2026,PCA 2026 - Versão 3.0 - MPPI.pdf,mestra\01_Normativos_Vigentes\03_MPPI\PCA 2026\PCA 2026 - Plano de Contratacoes Anual Versao 3.0 MPPI.md,59,nao,TEXTO,4218,C:\Users\thiagonogueira\OneDrive - mppi.mp.br\CLC\01_Processos_e_Aquisicoes\Base de Conhecimento - Thiago\01_Normativos_Vigentes\03_MPPI\PCA_2026\PCA 2026 - Versão 3.0 - MPPI.pdf
IGUAL,0.75,mestra\01_Normativos_Vigentes\03_MPPI\PCA_2026,PCA 2026.pdf,mestra\01_Normativos_Vigentes\03_MPPI\PCA 2025.md,336,nao,TEXTO,2659,C:\Users\thiagonogueira\OneDrive - mppi.mp.br\CLC\01_Processos_e_Aquisicoes\Base de Conhecimento - Thiago\01_Normativos_Vigentes\03_MPPI\PCA_2026\PCA 2026.pdf
IGUAL,0.84,mestra\01_Normativos_Vigentes\03_MPPI\Portarias,Portaria PGJMPPI - n3315.0 - 2025.pdf,mestra\01_Normativos_Vigentes\03_MPPI\Portarias\Portaria PGJ 1040.2025 - Equipe de Planejamento.md,5,nao,TEXTO,200,C:\Users\thiagonogueira\OneDrive - mppi.mp.br\CLC\01_Processos_e_Aquisicoes\Base de Conhecimento - Thiago\01_Normativos_Vigentes\03_MPPI\Portarias\Portaria PGJMPPI - n3315.0 - 2025.pdf
IGUAL,0.95,mestra\01_Normativos_Vigentes\03_MPPI\Portarias,Portaria PGJMPPI - n3447.0 - 2024.pdf,mestra\01_Normativos_Vigentes\03_MPPI\Portarias\Portaria PGJ 3447.2024 - Equipe de Planejamento TIC.md,3,nao,TEXTO,161,C:\Users\thiagonogueira\OneDrive - mppi.mp.br\CLC\01_Processos_e_Aquisicoes\Base de Conhecimento - Thiago\01_Normativos_Vigentes\03_MPPI\Portarias\Portaria PGJMPPI - n3447.0 - 2024.pdf
IGUAL,1.0,mestra\01_Normativos_Vigentes\03_MPPI\Portarias,Portaria PGJMPPI - n3448.0 - 2024.pdf,mestra\01_Normativos_Vigentes\03_MPPI\Portarias\Portaria PGJ 3448.2024 - Equipe de Planejamento da Contratacao.md,5,nao,TEXTO,208,C:\Users\thiagonogueira\OneDrive - mppi.mp.br\CLC\01_Processos_e_Aquisicoes\Base de Conhecimento - Thiago\01_Normativos_Vigentes\03_MPPI\Portarias\Portaria PGJMPPI - n3448.0 - 2024.pdf
IGUAL,1.0,mestra\01_Normativos_Vigentes\03_MPPI\Portarias,Portaria PGJMPPI - n4333.0 - 2024.pdf,mestra\01_Normativos_Vigentes\03_MPPI\Portarias\Portaria PGJ 4333.2024 - Equipe de Planejamento da Contratacao.md,3,nao,TEXTO,192,C:\Users\thiagonogueira\OneDrive - mppi.mp.br\CLC\01_Processos_e_Aquisicoes\Base de Conhecimento - Thiago\01_Normativos_Vigentes\03_MPPI\Portarias\Portaria PGJMPPI - n4333.0 - 2024.pdf
IGUAL,0.97,mestra\01_Normativos_Vigentes\03_MPPI\Portarias,Portaria PGJMPPI - n4335.0 - 2024.pdf,mestra\01_Normativos_Vigentes\03_MPPI\Portarias\Portaria PGJ 4335.2024 - Equipe de Planejamento TIC.md,2,nao,TEXTO,144,C:\Users\thiagonogueira\OneDrive - mppi.mp.br\CLC\01_Processos_e_Aquisicoes\Base de Conhecimento - Thiago\01_Normativos_Vigentes\03_MPPI\Portarias\Portaria PGJMPPI - n4335.0 - 2024.pdf
IGUAL,0.92,mestra\01_Normativos_Vigentes\03_MPPI\Portarias,Portaria PGJMPPI - n870.0 - 2025.pdf,mestra\01_Normativos_Vigentes\03_MPPI\Portarias\Portaria PGJ 0870.2025 - Equipe de Planejamento.md,5,nao,TEXTO,192,C:\Users\thiagonogueira\OneDrive - mppi.mp.br\CLC\01_Processos_e_Aquisicoes\Base de Conhecimento - Thiago\01_Normativos_Vigentes\03_MPPI\Portarias\Portaria PGJMPPI - n870.0 - 2025.pdf
IGUAL,0.93,mestra\01_Normativos_Vigentes\03_MPPI\Portarias,Portaria PGJMPPI - n942.0 - 2025.pdf,mestra\01_Normativos_Vigentes\03_MPPI\Portarias\Portaria PGJ 0942.2025 - Equipe de Planejamento.md,3,nao,TEXTO,190,C:\Users\thiagonogueira\OneDrive - mppi.mp.br\CLC\01_Processos_e_Aquisicoes\Base de Conhecimento - Thiago\01_Normativos_Vigentes\03_MPPI\Portarias\Portaria PGJMPPI - n942.0 - 2025.pdf
IGUAL,0.96,mestra\01_Normativos_Vigentes\03_MPPI\Portarias,PORTARIA_PGJPI_NA___2067.2026___Equipe_de_planejamento.pdf,mestra\01_Normativos_Vigentes\03_MPPI\Portarias\Portaria PGJ 2067.2026 - Equipe de Planejamento.md,3,nao,TEXTO,39,C:\Users\thiagonogueira\OneDrive - mppi.mp.br\CLC\01_Processos_e_Aquisicoes\Base de Conhecimento - Thiago\01_Normativos_Vigentes\03_MPPI\Portarias\PORTARIA_PGJPI_NA___2067.2026___Equipe_de_planejamento.pdf
IGUAL,0.67,mestra\01_Normativos_Vigentes\03_MPPI\Portarias,PORTARIA_PGJ_PI_5644_2025_AGENTE_DE_CONTRATACAO.pdf,mestra\01_Normativos_Vigentes\03_MPPI\Portarias\Portaria PGJ 5644.2025 - Agentes de Contratação e Pregoeiro.md,1,nao,TEXTO,14,C:\Users\thiagonogueira\OneDrive - mppi.mp.br\CLC\01_Processos_e_Aquisicoes\Base de Conhecimento - Thiago\01_Normativos_Vigentes\03_MPPI\Portarias\PORTARIA_PGJ_PI_5644_2025_AGENTE_DE_CONTRATACAO.pdf
IGUAL,1.0,mestra\01_Normativos_Vigentes\05_TCE_PI\Instrucoes_Normativas,Instrução Normativa TCEPI - n6.0 - 2017.pdf,mestra\01_Normativos_Vigentes\05_TCE_PI\Outros_Normativos\IN TCE-PI nº 06.2017 - Sistemas Licitacoes Contratos e Obras Web.md,14,nao,TEXTO,378,C:\Users\thiagonogueira\OneDrive - mppi.mp.br\CLC\01_Processos_e_Aquisicoes\Base de Conhecimento - Thiago\01_Normativos_Vigentes\05_TCE_PI\Instrucoes_Normativas\Instrução Normativa TCEPI - n6.0 - 2017.pdf
IGUAL,0.96,mestra\01_Normativos_Vigentes\05_TCE_PI\Resolucoes,Resolução TCE - n10.0 - 2020.pdf,mestra\01_Normativos_Vigentes\05_TCE_PI\Resolucoes\Resolucao TCE-PI nº 10.2020 - Procedimento de Levantamento.md,15,nao,TEXTO,416,C:\Users\thiagonogueira\OneDrive - mppi.mp.br\CLC\01_Processos_e_Aquisicoes\Base de Conhecimento - Thiago\01_Normativos_Vigentes\05_TCE_PI\Resolucoes\Resolução TCE - n10.0 - 2020.pdf
IGUAL,0.99,mestra\01_Normativos_Vigentes\05_TCE_PI\Resolucoes,Resolução TCE - n19.0 - 2024.pdf,mestra\01_Normativos_Vigentes\05_TCE_PI\Resolucoes\Resolucao TCE-PI nº 19.2024 - Regimento Interno do TCE-PI.md,114,sim,TEXTO,1548,C:\Users\thiagonogueira\OneDrive - mppi.mp.br\CLC\01_Processos_e_Aquisicoes\Base de Conhecimento - Thiago\01_Normativos_Vigentes\05_TCE_PI\Resolucoes\Resolução TCE - n19.0 - 2024.pdf
IGUAL,1.0,mestra\01_Normativos_Vigentes\05_TCE_PI\Resolucoes,Resolução TCE - n20.0 - 2024.pdf,mestra\01_Normativos_Vigentes\05_TCE_PI\Resolucoes\Resolucao TCE-PI nº 20.2024 - Alteracao Regimental.md,2,nao,TEXTO,225,C:\Users\thiagonogueira\OneDrive - mppi.mp.br\CLC\01_Processos_e_Aquisicoes\Base de Conhecimento - Thiago\01_Normativos_Vigentes\05_TCE_PI\Resolucoes\Resolução TCE - n20.0 - 2024.pdf
IGUAL,1.0,mestra\01_Normativos_Vigentes\05_TCE_PI\Resolucoes,Resolução TCE - n37.0 - 2024.pdf,mestra\01_Normativos_Vigentes\05_TCE_PI\Instrucoes_Normativas\IN TCE-PI nº 07.2021 - Altera IN 06.2017 Licitacoes Web.md,11,nao,TEXTO,595,C:\Users\thiagonogueira\OneDrive - mppi.mp.br\CLC\01_Processos_e_Aquisicoes\Base de Conhecimento - Thiago\01_Normativos_Vigentes\05_TCE_PI\Resolucoes\Resolução TCE - n37.0 - 2024.pdf
IGUAL,1.0,mestra\01_Normativos_Vigentes\05_TCE_PI\Resolucoes,Resolução TCE - n9.0 - 2025.pdf,mestra\01_Normativos_Vigentes\05_TCE_PI\Resolucoes\Resolucao TCE-PI nº 09.2025 - Padroes Decisoes e Acordaos.md,4,nao,TEXTO,354,C:\Users\thiagonogueira\OneDrive - mppi.mp.br\CLC\01_Processos_e_Aquisicoes\Base de Conhecimento - Thiago\01_Normativos_Vigentes\05_TCE_PI\Resolucoes\Resolução TCE - n9.0 - 2025.pdf
IGUAL,1.0,mestra\01_Normativos_Vigentes\06_TJPI\Acordaos_Pareceres_Orientacoes,SEI_TJPI - 7071569 - Justificativa (Parecer Agente).pdf,mestra\01_Normativos_Vigentes\06_TJPI\Acordaos_Pareceres_Orientacoes\Modelo de Justificativa Tecnico-Administrativa TJPI (Parecer do Agente).md,9,nao,TEXTO,399,C:\Users\thiagonogueira\OneDrive - mppi.mp.br\CLC\01_Processos_e_Aquisicoes\Base de Conhecimento - Thiago\01_Normativos_Vigentes\06_TJPI\Acordaos_Pareceres_Orientacoes\SEI_TJPI - 7071569 - Justificativa (Parecer Agente).pdf
IGUAL,0.9,mestra\01_Normativos_Vigentes\06_TJPI\Manuais_e_Guias_Tecnicos,MANUAL Lic -TJ-PI-2023-2024.pdf,mestra\01_Normativos_Vigentes\06_TJPI\Manuais_e_Guias_Tecnicos\Manual de Licitacoes e Contratos TJPI (2023-2024).md,63,sim,TEXTO,5709,C:\Users\thiagonogueira\OneDrive - mppi.mp.br\CLC\01_Processos_e_Aquisicoes\Base de Conhecimento - Thiago\01_Normativos_Vigentes\06_TJPI\Manuais_e_Guias_Tecnicos\MANUAL Lic -TJ-PI-2023-2024.pdf
IGUAL,1.0,mestra\01_Normativos_Vigentes\06_TJPI\Outros_Normativos,Fluxogramas_Atualizados.pdf,mestra\01_Normativos_Vigentes\06_TJPI\Outros_Normativos\Fluxogramas de Processos Licitatorios TJPI.md,8,nao,TEXTO,7849,C:\Users\thiagonogueira\OneDrive - mppi.mp.br\CLC\01_Processos_e_Aquisicoes\Base de Conhecimento - Thiago\01_Normativos_Vigentes\06_TJPI\Outros_Normativos\Fluxogramas_Atualizados.pdf
IGUAL,1.0,mestra\01_Normativos_Vigentes\06_TJPI\Outros_Normativos,"SEI_TJPI - 6640734 - Provimento 13.2025 - Regulamenta Obras, serviços, compras e alienações n.pdf",mestra\01_Normativos_Vigentes\06_TJPI\Outros_Normativos\Provimento TJPI nº 13.2025 - Regulamento de Obras Servicos Compras e Alienacoes.md,33,nao,TEXTO,1693,"C:\Users\thiagonogueira\OneDrive - mppi.mp.br\CLC\01_Processos_e_Aquisicoes\Base de Conhecimento - Thiago\01_Normativos_Vigentes\06_TJPI\Outros_Normativos\SEI_TJPI - 6640734 - Provimento 13.2025 - Regulamenta Obras, serviços, compras e alienações n.pdf"
IGUAL,1.0,mestra\01_Normativos_Vigentes\06_TJPI\Outros_Normativos,SEI_TJPI - 7097234 - Análise de Primeira Linha da SLC.pdf,mestra\01_Normativos_Vigentes\06_TJPI\Outros_Normativos\Analise de Primeira Linha SLC TJPI - Controle Interno.md,10,nao,TEXTO,588,C:\Users\thiagonogueira\OneDrive - mppi.mp.br\CLC\01_Processos_e_Aquisicoes\Base de Conhecimento - Thiago\01_Normativos_Vigentes\06_TJPI\Outros_Normativos\SEI_TJPI - 7097234 - Análise de Primeira Linha da SLC.pdf
IGUAL,0.88,mestra\01_Normativos_Vigentes\06_TJPI\Outros_Normativos,SEI_TJPI - 7123034 - Lista de Verificação SGC.pdf,mestra\01_Normativos_Vigentes\06_TJPI\Outros_Normativos\Lista de Verificacao SGC TJPI - Conformidade Licitatoria.md,1,nao,TEXTO,169,C:\Users\thiagonogueira\OneDrive - mppi.mp.br\CLC\01_Processos_e_Aquisicoes\Base de Conhecimento - Thiago\01_Normativos_Vigentes\06_TJPI\Outros_Normativos\SEI_TJPI - 7123034 - Lista de Verificação SGC.pdf
IGUAL,0.93,mestra\01_Normativos_Vigentes\06_TJPI\Outros_Normativos,SEI_TJPI - 7134934 - Lista de Verificação (SLC).pdf,mestra\01_Normativos_Vigentes\06_TJPI\Outros_Normativos\Lista de Verificacao SLC TJPI - Servicos e Licitacoes.md,2,nao,TEXTO,184,C:\Users\thiagonogueira\OneDrive - mppi.mp.br\CLC\01_Processos_e_Aquisicoes\Base de Conhecimento - Thiago\01_Normativos_Vigentes\06_TJPI\Outros_Normativos\SEI_TJPI - 7134934 - Lista de Verificação (SLC).pdf
IGUAL,0.99,mestra\01_Normativos_Vigentes\06_TJPI\Outros_Normativos,SEI_TJPI - 7176291 - Aviso Dispensa Licitação.pdf,mestra\01_Normativos_Vigentes\06_TJPI\Outros_Normativos\Modelo de Aviso de Dispensa de Licitacao TJPI.md,2,nao,TEXTO,152,C:\Users\thiagonogueira\OneDrive - mppi.mp.br\CLC\01_Processos_e_Aquisicoes\Base de Conhecimento - Thiago\01_Normativos_Vigentes\06_TJPI\Outros_Normativos\SEI_TJPI - 7176291 - Aviso Dispensa Licitação.pdf
IGUAL,1.0,mestra\01_Normativos_Vigentes\06_TJPI\Portarias,Portaria_n_2899_2023-dispensa_licitacao.pdf,mestra\01_Normativos_Vigentes\06_TJPI\Portarias\Portaria TJPI nº 2899.2023 - Dispensa de Licitacao.md,4,nao,TEXTO,46,C:\Users\thiagonogueira\OneDrive - mppi.mp.br\CLC\01_Processos_e_Aquisicoes\Base de Conhecimento - Thiago\01_Normativos_Vigentes\06_TJPI\Portarias\Portaria_n_2899_2023-dispensa_licitacao.pdf
IGUAL,1.0,mestra\02_Jurisprudencia_e_Orientacoes\Acordaos_TCE_PI,Acórdão TCE - n3001 - 2025.pdf,mestra\01_Normativos_Vigentes\05_TCE_PI\Acordaos_Pareceres_Orientacoes\Acordao TCE-PI 300.2025 - Primeira Camara - Irregularidades Pregao e Adesao ARP.md,41,nao,TEXTO,865,C:\Users\thiagonogueira\OneDrive - mppi.mp.br\CLC\01_Processos_e_Aquisicoes\Base de Conhecimento - Thiago\02_Jurisprudencia_e_Orientacoes\Acordaos_TCE_PI\Acórdão TCE - n3001 - 2025.pdf
IGUAL,0.9,mestra\02_Jurisprudencia_e_Orientacoes\Boletins_TCE_PI,merged 2023.pdf,mestra\02_Jurisprudencia_e_Orientacoes\Boletins_TCE_PI\Boletim de Jurisprudencia TCE-PI - Consolidado Anual 2023.md,224,sim,TEXTO,29623,C:\Users\thiagonogueira\OneDrive - mppi.mp.br\CLC\01_Processos_e_Aquisicoes\Base de Conhecimento - Thiago\02_Jurisprudencia_e_Orientacoes\Boletins_TCE_PI\merged 2023.pdf
IGUAL,0.83,mestra\02_Jurisprudencia_e_Orientacoes\Boletins_TCE_PI,merged 2024.pdf,mestra\02_Jurisprudencia_e_Orientacoes\Boletins_TCE_PI\Boletim de Jurisprudencia TCE-PI - Consolidado Anual 2024.md,311,sim,TEXTO,18423,C:\Users\thiagonogueira\OneDrive - mppi.mp.br\CLC\01_Processos_e_Aquisicoes\Base de Conhecimento - Thiago\02_Jurisprudencia_e_Orientacoes\Boletins_TCE_PI\merged 2024.pdf
IGUAL,0.97,mestra\02_Jurisprudencia_e_Orientacoes\Boletins_TCE_PI,merged 2025.pdf,mestra\02_Jurisprudencia_e_Orientacoes\Boletins_TCE_PI\Boletim de Jurisprudencia TCE-PI - Consolidado Anual 2025.md,230,nao,TEXTO,8277,C:\Users\thiagonogueira\OneDrive - mppi.mp.br\CLC\01_Processos_e_Aquisicoes\Base de Conhecimento - Thiago\02_Jurisprudencia_e_Orientacoes\Boletins_TCE_PI\merged 2025.pdf
PROVAVEL_REVISAR,0.54,mestra\02_Jurisprudencia_e_Orientacoes\Informativos_Julgamentos_TCE_PI,Informativo-17-09-2026.pdf,mestra\02_Jurisprudencia_e_Orientacoes\Informativos_Julgamentos_TCE_PI\01_Licitacoes_e_Contratos_Julgados_TCE_PI.md,4,nao,TEXTO,404,C:\Users\thiagonogueira\OneDrive - mppi.mp.br\CLC\01_Processos_e_Aquisicoes\Base de Conhecimento - Thiago\02_Jurisprudencia_e_Orientacoes\Informativos_Julgamentos_TCE_PI\Informativo-17-09-2026.pdf
PROVAVEL_REVISAR,0.46,mestra\02_Jurisprudencia_e_Orientacoes\Informativos_Julgamentos_TCE_PI,Plen_rio_Presencial_2__C_mara___Sess_o_Ordin_ria_Virtual_de_13_a_17_de_abril_de_.pdf,mestra\02_Jurisprudencia_e_Orientacoes\Informativos_Julgamentos_TCE_PI\08_Outros_Procedimentos_e_Consultas_TCE_PI.md,4,nao,TEXTO,317,C:\Users\thiagonogueira\OneDrive - mppi.mp.br\CLC\01_Processos_e_Aquisicoes\Base de Conhecimento - Thiago\02_Jurisprudencia_e_Orientacoes\Informativos_Julgamentos_TCE_PI\Plen_rio_Presencial_2__C_mara___Sess_o_Ordin_ria_Virtual_de_13_a_17_de_abril_de_.pdf
IGUAL,0.67,mestra\02_Jurisprudencia_e_Orientacoes\Informativos_Julgamentos_TCE_PI,Plen_rio_Presencial_2__C_mara___Sess_o_Ordin_ria_Virtual_de_18_a_22_de_maio_de_2.pdf,mestra\02_Jurisprudencia_e_Orientacoes\Informativos_Julgamentos_TCE_PI\08_Outros_Procedimentos_e_Consultas_TCE_PI.md,3,nao,TEXTO,323,C:\Users\thiagonogueira\OneDrive - mppi.mp.br\CLC\01_Processos_e_Aquisicoes\Base de Conhecimento - Thiago\02_Jurisprudencia_e_Orientacoes\Informativos_Julgamentos_TCE_PI\Plen_rio_Presencial_2__C_mara___Sess_o_Ordin_ria_Virtual_de_18_a_22_de_maio_de_2.pdf
IGUAL,0.61,mestra\02_Jurisprudencia_e_Orientacoes\Informativos_Julgamentos_TCE_PI,Plen_rio_Presencial_Pleno___Sess_o_Ordin_ria_Presencial_n__004_de_13_de_mar_o_de.pdf,mestra\02_Jurisprudencia_e_Orientacoes\Informativos_Julgamentos_TCE_PI\04_Tomadas_de_Contas_Especiais_TCE_PI.md,3,nao,TEXTO,394,C:\Users\thiagonogueira\OneDrive - mppi.mp.br\CLC\01_Processos_e_Aquisicoes\Base de Conhecimento - Thiago\02_Jurisprudencia_e_Orientacoes\Informativos_Julgamentos_TCE_PI\Plen_rio_Presencial_Pleno___Sess_o_Ordin_ria_Presencial_n__004_de_13_de_mar_o_de.pdf
PROVAVEL_REVISAR,0.49,mestra\02_Jurisprudencia_e_Orientacoes\Informativos_Julgamentos_TCE_PI,Plen_rio_Presencial_Pleno___Sess_o_Ordin_ria_Presencial_n__010_de_11_de_junho_de.pdf,mestra\02_Jurisprudencia_e_Orientacoes\Informativos_Julgamentos_TCE_PI\01_Licitacoes_e_Contratos_Julgados_TCE_PI.md,5,nao,TEXTO,402,C:\Users\thiagonogueira\OneDrive - mppi.mp.br\CLC\01_Processos_e_Aquisicoes\Base de Conhecimento - Thiago\02_Jurisprudencia_e_Orientacoes\Informativos_Julgamentos_TCE_PI\Plen_rio_Presencial_Pleno___Sess_o_Ordin_ria_Presencial_n__010_de_11_de_junho_de.pdf
IGUAL,0.64,mestra\02_Jurisprudencia_e_Orientacoes\Informativos_Julgamentos_TCE_PI,Plen_rio_Presencial_Pleno___Sess_o_Ordin_ria_Presencial_n__011_de_25_de_junho_de.pdf,mestra\02_Jurisprudencia_e_Orientacoes\Informativos_Julgamentos_TCE_PI\01_Licitacoes_e_Contratos_Julgados_TCE_PI.md,2,nao,TEXTO,375,C:\Users\thiagonogueira\OneDrive - mppi.mp.br\CLC\01_Processos_e_Aquisicoes\Base de Conhecimento - Thiago\02_Jurisprudencia_e_Orientacoes\Informativos_Julgamentos_TCE_PI\Plen_rio_Presencial_Pleno___Sess_o_Ordin_ria_Presencial_n__011_de_25_de_junho_de.pdf
PROVAVEL_REVISAR,0.51,mestra\02_Jurisprudencia_e_Orientacoes\Informativos_Julgamentos_TCE_PI,Plen_rio_Presencial_Pleno___Sess_o_Ordin_ria_Presencial_n__012_de_09_de_julho_de.pdf,mestra\02_Jurisprudencia_e_Orientacoes\Informativos_Julgamentos_TCE_PI\04_Tomadas_de_Contas_Especiais_TCE_PI.md,6,nao,TEXTO,364,C:\Users\thiagonogueira\OneDrive - mppi.mp.br\CLC\01_Processos_e_Aquisicoes\Base de Conhecimento - Thiago\02_Jurisprudencia_e_Orientacoes\Informativos_Julgamentos_TCE_PI\Plen_rio_Presencial_Pleno___Sess_o_Ordin_ria_Presencial_n__012_de_09_de_julho_de.pdf
IGUAL,0.72,mestra\02_Jurisprudencia_e_Orientacoes\Informativos_Julgamentos_TCE_PI,Plen_rio_Presencial_Pleno___Sess_o_Ordin_ria_Presencial_n__013_de_16_de_julho_de.pdf,mestra\02_Jurisprudencia_e_Orientacoes\Informativos_Julgamentos_TCE_PI\05_Representacoes_Licitantes_TCE_PI.md,1,nao,TEXTO,224,C:\Users\thiagonogueira\OneDrive - mppi.mp.br\CLC\01_Processos_e_Aquisicoes\Base de Conhecimento - Thiago\02_Jurisprudencia_e_Orientacoes\Informativos_Julgamentos_TCE_PI\Plen_rio_Presencial_Pleno___Sess_o_Ordin_ria_Presencial_n__013_de_16_de_julho_de.pdf
PROVAVEL_REVISAR,0.51,mestra\02_Jurisprudencia_e_Orientacoes\Informativos_Julgamentos_TCE_PI,Plen_rio_Presencial_Pleno___Sess_o_Ordin_ria_Presencial_n__014_de_23_de_julho_de.pdf,mestra\02_Jurisprudencia_e_Orientacoes\Informativos_Julgamentos_TCE_PI\04_Tomadas_de_Contas_Especiais_TCE_PI.md,6,nao,TEXTO,425,C:\Users\thiagonogueira\OneDrive - mppi.mp.br\CLC\01_Processos_e_Aquisicoes\Base de Conhecimento - Thiago\02_Jurisprudencia_e_Orientacoes\Informativos_Julgamentos_TCE_PI\Plen_rio_Presencial_Pleno___Sess_o_Ordin_ria_Presencial_n__014_de_23_de_julho_de.pdf
PROVAVEL_REVISAR,0.47,mestra\02_Jurisprudencia_e_Orientacoes\Informativos_Julgamentos_TCE_PI,Plen_rio_Presencial_Pleno___Sess_o_Ordin_ria_Presencial_n__015_de_06_de_agosto_d.pdf,mestra\02_Jurisprudencia_e_Orientacoes\Informativos_Julgamentos_TCE_PI\01_Licitacoes_e_Contratos_Julgados_TCE_PI.md,7,nao,TEXTO,440,C:\Users\thiagonogueira\OneDrive - mppi.mp.br\CLC\01_Processos_e_Aquisicoes\Base de Conhecimento - Thiago\02_Jurisprudencia_e_Orientacoes\Informativos_Julgamentos_TCE_PI\Plen_rio_Presencial_Pleno___Sess_o_Ordin_ria_Presencial_n__015_de_06_de_agosto_d.pdf
IGUAL,0.63,mestra\02_Jurisprudencia_e_Orientacoes\Informativos_Julgamentos_TCE_PI,Plen_rio_Presencial_Pleno___Sess_o_Ordin_ria_Presencial_n__016_de_20_de_agosto_d.pdf,mestra\02_Jurisprudencia_e_Orientacoes\Informativos_Julgamentos_TCE_PI\01_Licitacoes_e_Contratos_Julgados_TCE_PI.md,4,nao,TEXTO,388,C:\Users\thiagonogueira\OneDrive - mppi.mp.br\CLC\01_Processos_e_Aquisicoes\Base de Conhecimento - Thiago\02_Jurisprudencia_e_Orientacoes\Informativos_Julgamentos_TCE_PI\Plen_rio_Presencial_Pleno___Sess_o_Ordin_ria_Presencial_n__016_de_20_de_agosto_d.pdf
PROVAVEL_REVISAR,0.5,mestra\02_Jurisprudencia_e_Orientacoes\Informativos_Julgamentos_TCE_PI,Plen_rio_Presencial_Pleno___Sess_o_Ordin_ria_Presencial_n__017_de_03_de_setembro.pdf,mestra\02_Jurisprudencia_e_Orientacoes\Informativos_Julgamentos_TCE_PI\01_Licitacoes_e_Contratos_Julgados_TCE_PI.md,4,nao,TEXTO,417,C:\Users\thiagonogueira\OneDrive - mppi.mp.br\CLC\01_Processos_e_Aquisicoes\Base de Conhecimento - Thiago\02_Jurisprudencia_e_Orientacoes\Informativos_Julgamentos_TCE_PI\Plen_rio_Presencial_Pleno___Sess_o_Ordin_ria_Presencial_n__017_de_03_de_setembro.pdf
PROVAVEL_REVISAR,0.41,mestra\02_Jurisprudencia_e_Orientacoes\Informativos_Julgamentos_TCE_PI,Plen_rio_Presencial_Pleno___Sess_o_Ordin_ria_Presencial_n__01_de_29_de_janeiro_d.pdf,mestra\02_Jurisprudencia_e_Orientacoes\Informativos_Julgamentos_TCE_PI\03_Recursos_Agravos_Embargos_TCE_PI.md,6,nao,TEXTO,451,C:\Users\thiagonogueira\OneDrive - mppi.mp.br\CLC\01_Processos_e_Aquisicoes\Base de Conhecimento - Thiago\02_Jurisprudencia_e_Orientacoes\Informativos_Julgamentos_TCE_PI\Plen_rio_Presencial_Pleno___Sess_o_Ordin_ria_Presencial_n__01_de_29_de_janeiro_d.pdf
PROVAVEL_REVISAR,0.47,mestra\02_Jurisprudencia_e_Orientacoes\Informativos_Julgamentos_TCE_PI,Plen_rio_Presencial_Pleno___Sess_o_Ordin_ria_Presencial_n__02_de_12_de_fevereiro.pdf,mestra\02_Jurisprudencia_e_Orientacoes\Informativos_Julgamentos_TCE_PI\04_Tomadas_de_Contas_Especiais_TCE_PI.md,5,nao,TEXTO,422,C:\Users\thiagonogueira\OneDrive - mppi.mp.br\CLC\01_Processos_e_Aquisicoes\Base de Conhecimento - Thiago\02_Jurisprudencia_e_Orientacoes\Informativos_Julgamentos_TCE_PI\Plen_rio_Presencial_Pleno___Sess_o_Ordin_ria_Presencial_n__02_de_12_de_fevereiro.pdf
IGUAL,0.65,mestra\02_Jurisprudencia_e_Orientacoes\Informativos_Julgamentos_TCE_PI,Plen_rio_Presencial_Pleno___Sess_o_Ordin_ria_Presencial_n__05_de_26_de_mar_o_de_.pdf,mestra\02_Jurisprudencia_e_Orientacoes\Informativos_Julgamentos_TCE_PI\04_Tomadas_de_Contas_Especiais_TCE_PI.md,3,nao,TEXTO,390,C:\Users\thiagonogueira\OneDrive - mppi.mp.br\CLC\01_Processos_e_Aquisicoes\Base de Conhecimento - Thiago\02_Jurisprudencia_e_Orientacoes\Informativos_Julgamentos_TCE_PI\Plen_rio_Presencial_Pleno___Sess_o_Ordin_ria_Presencial_n__05_de_26_de_mar_o_de_.pdf
PROVAVEL_REVISAR,0.45,mestra\02_Jurisprudencia_e_Orientacoes\Informativos_Julgamentos_TCE_PI,Plen_rio_Presencial_Pleno___Sess_o_Ordin_ria_Presencial_n__06_de_09_de_abril_de_.pdf,mestra\02_Jurisprudencia_e_Orientacoes\Informativos_Julgamentos_TCE_PI\04_Tomadas_de_Contas_Especiais_TCE_PI.md,5,nao,TEXTO,348,C:\Users\thiagonogueira\OneDrive - mppi.mp.br\CLC\01_Processos_e_Aquisicoes\Base de Conhecimento - Thiago\02_Jurisprudencia_e_Orientacoes\Informativos_Julgamentos_TCE_PI\Plen_rio_Presencial_Pleno___Sess_o_Ordin_ria_Presencial_n__06_de_09_de_abril_de_.pdf
PROVAVEL_REVISAR,0.5,mestra\02_Jurisprudencia_e_Orientacoes\Informativos_Julgamentos_TCE_PI,Plen_rio_Presencial_Pleno___Sess_o_Ordin_ria_Presencial_n__07_de_30_de_abril_de_.pdf,mestra\02_Jurisprudencia_e_Orientacoes\Informativos_Julgamentos_TCE_PI\01_Licitacoes_e_Contratos_Julgados_TCE_PI.md,4,nao,TEXTO,324,C:\Users\thiagonogueira\OneDrive - mppi.mp.br\CLC\01_Processos_e_Aquisicoes\Base de Conhecimento - Thiago\02_Jurisprudencia_e_Orientacoes\Informativos_Julgamentos_TCE_PI\Plen_rio_Presencial_Pleno___Sess_o_Ordin_ria_Presencial_n__07_de_30_de_abril_de_.pdf
PROVAVEL_REVISAR,0.43,mestra\02_Jurisprudencia_e_Orientacoes\Informativos_Julgamentos_TCE_PI,Plen_rio_Presencial_Pleno___Sess_o_Ordin_ria_Presencial_n__08_de_14_de_maio_de_2.pdf,mestra\02_Jurisprudencia_e_Orientacoes\Informativos_Julgamentos_TCE_PI\08_Outros_Procedimentos_e_Consultas_TCE_PI.md,4,nao,TEXTO,391,C:\Users\thiagonogueira\OneDrive - mppi.mp.br\CLC\01_Processos_e_Aquisicoes\Base de Conhecimento - Thiago\02_Jurisprudencia_e_Orientacoes\Informativos_Julgamentos_TCE_PI\Plen_rio_Presencial_Pleno___Sess_o_Ordin_ria_Presencial_n__08_de_14_de_maio_de_2.pdf
PROVAVEL_REVISAR,0.54,mestra\02_Jurisprudencia_e_Orientacoes\Informativos_Julgamentos_TCE_PI,Plen_rio_Presencial_Pleno___Sess_o_Ordin_ria_Presencial_n__09_de_28_de_maio_de_2.pdf,mestra\02_Jurisprudencia_e_Orientacoes\Informativos_Julgamentos_TCE_PI\01_Licitacoes_e_Contratos_Julgados_TCE_PI.md,6,nao,TEXTO,428,C:\Users\thiagonogueira\OneDrive - mppi.mp.br\CLC\01_Processos_e_Aquisicoes\Base de Conhecimento - Thiago\02_Jurisprudencia_e_Orientacoes\Informativos_Julgamentos_TCE_PI\Plen_rio_Presencial_Pleno___Sess_o_Ordin_ria_Presencial_n__09_de_28_de_maio_de_2.pdf
IGUAL,0.69,mestra\02_Jurisprudencia_e_Orientacoes\Informativos_Julgamentos_TCE_PI,Plen_rio_Presencial_Pleno___Sess_o_Ordin_ria_Presencial_n__21_de_15_de_dezembro_.pdf,mestra\02_Jurisprudencia_e_Orientacoes\Informativos_Julgamentos_TCE_PI\04_Tomadas_de_Contas_Especiais_TCE_PI.md,2,nao,TEXTO,334,C:\Users\thiagonogueira\OneDrive - mppi.mp.br\CLC\01_Processos_e_Aquisicoes\Base de Conhecimento - Thiago\02_Jurisprudencia_e_Orientacoes\Informativos_Julgamentos_TCE_PI\Plen_rio_Presencial_Pleno___Sess_o_Ordin_ria_Presencial_n__21_de_15_de_dezembro_.pdf
IGUAL,0.66,mestra\02_Jurisprudencia_e_Orientacoes\Informativos_Julgamentos_TCE_PI,Plen_rio_Virtual_Pleno___Sess_o_Ordin_ria_Virtual_de_03_a_07_de_agosto_de_2026_.pdf,mestra\02_Jurisprudencia_e_Orientacoes\Informativos_Julgamentos_TCE_PI\03_Recursos_Agravos_Embargos_TCE_PI.md,1,nao,TEXTO,272,C:\Users\thiagonogueira\OneDrive - mppi.mp.br\CLC\01_Processos_e_Aquisicoes\Base de Conhecimento - Thiago\02_Jurisprudencia_e_Orientacoes\Informativos_Julgamentos_TCE_PI\Plen_rio_Virtual_Pleno___Sess_o_Ordin_ria_Virtual_de_03_a_07_de_agosto_de_2026_.pdf
PROVAVEL_REVISAR,0.58,mestra\02_Jurisprudencia_e_Orientacoes\Informativos_Julgamentos_TCE_PI,Plen_rio_Virtual_Pleno___Sess_o_Ordin_ria_Virtual_de_04_a_08_de_maio_de_2026_.pdf,mestra\02_Jurisprudencia_e_Orientacoes\Informativos_Julgamentos_TCE_PI\08_Outros_Procedimentos_e_Consultas_TCE_PI.md,4,nao,TEXTO,302,C:\Users\thiagonogueira\OneDrive - mppi.mp.br\CLC\01_Processos_e_Aquisicoes\Base de Conhecimento - Thiago\02_Jurisprudencia_e_Orientacoes\Informativos_Julgamentos_TCE_PI\Plen_rio_Virtual_Pleno___Sess_o_Ordin_ria_Virtual_de_04_a_08_de_maio_de_2026_.pdf
PROVAVEL_REVISAR,0.56,mestra\02_Jurisprudencia_e_Orientacoes\Informativos_Julgamentos_TCE_PI,Plen_rio_Virtual_Pleno___Sess_o_Ordin_ria_Virtual_de_06_a_10_de_julho_de_2026_.pdf,mestra\02_Jurisprudencia_e_Orientacoes\Informativos_Julgamentos_TCE_PI\03_Recursos_Agravos_Embargos_TCE_PI.md,3,nao,TEXTO,285,C:\Users\thiagonogueira\OneDrive - mppi.mp.br\CLC\01_Processos_e_Aquisicoes\Base de Conhecimento - Thiago\02_Jurisprudencia_e_Orientacoes\Informativos_Julgamentos_TCE_PI\Plen_rio_Virtual_Pleno___Sess_o_Ordin_ria_Virtual_de_06_a_10_de_julho_de_2026_.pdf
IGUAL,0.7,mestra\02_Jurisprudencia_e_Orientacoes\Informativos_Julgamentos_TCE_PI,Plen_rio_Virtual_Pleno___Sess_o_Ordin_ria_Virtual_de_08_a_11_de_setembro_de_2026.pdf,mestra\02_Jurisprudencia_e_Orientacoes\Informativos_Julgamentos_TCE_PI\03_Recursos_Agravos_Embargos_TCE_PI.md,3,nao,TEXTO,295,C:\Users\thiagonogueira\OneDrive - mppi.mp.br\CLC\01_Processos_e_Aquisicoes\Base de Conhecimento - Thiago\02_Jurisprudencia_e_Orientacoes\Informativos_Julgamentos_TCE_PI\Plen_rio_Virtual_Pleno___Sess_o_Ordin_ria_Virtual_de_08_a_11_de_setembro_de_2026.pdf
PROVAVEL_REVISAR,0.56,mestra\02_Jurisprudencia_e_Orientacoes\Informativos_Julgamentos_TCE_PI,Plen_rio_Virtual_Pleno___Sess_o_Ordin_ria_Virtual_de_08_a_12_de_junho_de_2026_.pdf,mestra\02_Jurisprudencia_e_Orientacoes\Informativos_Julgamentos_TCE_PI\03_Recursos_Agravos_Embargos_TCE_PI.md,2,nao,TEXTO,280,C:\Users\thiagonogueira\OneDrive - mppi.mp.br\CLC\01_Processos_e_Aquisicoes\Base de Conhecimento - Thiago\02_Jurisprudencia_e_Orientacoes\Informativos_Julgamentos_TCE_PI\Plen_rio_Virtual_Pleno___Sess_o_Ordin_ria_Virtual_de_08_a_12_de_junho_de_2026_.pdf
PROVAVEL_REVISAR,0.56,mestra\02_Jurisprudencia_e_Orientacoes\Informativos_Julgamentos_TCE_PI,Plen_rio_Virtual_Pleno___Sess_o_Ordin_ria_Virtual_de_10_a_14_de_agosto_de_2026_.pdf,mestra\02_Jurisprudencia_e_Orientacoes\Informativos_Julgamentos_TCE_PI\03_Recursos_Agravos_Embargos_TCE_PI.md,5,nao,TEXTO,287,C:\Users\thiagonogueira\OneDrive - mppi.mp.br\CLC\01_Processos_e_Aquisicoes\Base de Conhecimento - Thiago\02_Jurisprudencia_e_Orientacoes\Informativos_Julgamentos_TCE_PI\Plen_rio_Virtual_Pleno___Sess_o_Ordin_ria_Virtual_de_10_a_14_de_agosto_de_2026_.pdf
PROVAVEL_REVISAR,0.59,mestra\02_Jurisprudencia_e_Orientacoes\Informativos_Julgamentos_TCE_PI,Plen_rio_Virtual_Pleno___Sess_o_Ordin_ria_Virtual_de_11_a_15_de_maio_de_2026_.pdf,mestra\02_Jurisprudencia_e_Orientacoes\Informativos_Julgamentos_TCE_PI\03_Recursos_Agravos_Embargos_TCE_PI.md,3,nao,TEXTO,301,C:\Users\thiagonogueira\OneDrive - mppi.mp.br\CLC\01_Processos_e_Aquisicoes\Base de Conhecimento - Thiago\02_Jurisprudencia_e_Orientacoes\Informativos_Julgamentos_TCE_PI\Plen_rio_Virtual_Pleno___Sess_o_Ordin_ria_Virtual_de_11_a_15_de_maio_de_2026_.pdf
IGUAL,0.61,mestra\02_Jurisprudencia_e_Orientacoes\Informativos_Julgamentos_TCE_PI,Plen_rio_Virtual_Pleno___Sess_o_Ordin_ria_Virtual_de_13_a_17_de_julho_de_2026_.pdf,mestra\02_Jurisprudencia_e_Orientacoes\Informativos_Julgamentos_TCE_PI\03_Recursos_Agravos_Embargos_TCE_PI.md,2,nao,TEXTO,284,C:\Users\thiagonogueira\OneDrive - mppi.mp.br\CLC\01_Processos_e_Aquisicoes\Base de Conhecimento - Thiago\02_Jurisprudencia_e_Orientacoes\Informativos_Julgamentos_TCE_PI\Plen_rio_Virtual_Pleno___Sess_o_Ordin_ria_Virtual_de_13_a_17_de_julho_de_2026_.pdf
IGUAL,0.75,mestra\02_Jurisprudencia_e_Orientacoes\Informativos_Julgamentos_TCE_PI,Plen_rio_Virtual_Pleno___Sess_o_Ordin_ria_Virtual_de_14_a_18_de_setembro_de_2026.pdf,mestra\02_Jurisprudencia_e_Orientacoes\Informativos_Julgamentos_TCE_PI\03_Recursos_Agravos_Embargos_TCE_PI.md,3,nao,TEXTO,287,C:\Users\thiagonogueira\OneDrive - mppi.mp.br\CLC\01_Processos_e_Aquisicoes\Base de Conhecimento - Thiago\02_Jurisprudencia_e_Orientacoes\Informativos_Julgamentos_TCE_PI\Plen_rio_Virtual_Pleno___Sess_o_Ordin_ria_Virtual_de_14_a_18_de_setembro_de_2026.pdf
IGUAL,0.62,mestra\02_Jurisprudencia_e_Orientacoes\Informativos_Julgamentos_TCE_PI,Plen_rio_Virtual_Pleno___Sess_o_Ordin_ria_Virtual_de_15_a_19_de_junho_de_2026_.pdf,mestra\02_Jurisprudencia_e_Orientacoes\Informativos_Julgamentos_TCE_PI\08_Outros_Procedimentos_e_Consultas_TCE_PI.md,2,nao,TEXTO,285,C:\Users\thiagonogueira\OneDrive - mppi.mp.br\CLC\01_Processos_e_Aquisicoes\Base de Conhecimento - Thiago\02_Jurisprudencia_e_Orientacoes\Informativos_Julgamentos_TCE_PI\Plen_rio_Virtual_Pleno___Sess_o_Ordin_ria_Virtual_de_15_a_19_de_junho_de_2026_.pdf
IGUAL,0.61,mestra\02_Jurisprudencia_e_Orientacoes\Informativos_Julgamentos_TCE_PI,Plen_rio_Virtual_Pleno___Sess_o_Ordin_ria_Virtual_de_17_a_21_de_agosto_de_2026_.pdf,mestra\02_Jurisprudencia_e_Orientacoes\Informativos_Julgamentos_TCE_PI\03_Recursos_Agravos_Embargos_TCE_PI.md,5,nao,TEXTO,320,C:\Users\thiagonogueira\OneDrive - mppi.mp.br\CLC\01_Processos_e_Aquisicoes\Base de Conhecimento - Thiago\02_Jurisprudencia_e_Orientacoes\Informativos_Julgamentos_TCE_PI\Plen_rio_Virtual_Pleno___Sess_o_Ordin_ria_Virtual_de_17_a_21_de_agosto_de_2026_.pdf
PROVAVEL_REVISAR,0.47,mestra\02_Jurisprudencia_e_Orientacoes\Informativos_Julgamentos_TCE_PI,Plen_rio_Virtual_Pleno___Sess_o_Ordin_ria_Virtual_de_18_a_22_de_maio_de_2026_.pdf,mestra\02_Jurisprudencia_e_Orientacoes\Informativos_Julgamentos_TCE_PI\08_Outros_Procedimentos_e_Consultas_TCE_PI.md,4,nao,TEXTO,304,C:\Users\thiagonogueira\OneDrive - mppi.mp.br\CLC\01_Processos_e_Aquisicoes\Base de Conhecimento - Thiago\02_Jurisprudencia_e_Orientacoes\Informativos_Julgamentos_TCE_PI\Plen_rio_Virtual_Pleno___Sess_o_Ordin_ria_Virtual_de_18_a_22_de_maio_de_2026_.pdf
IGUAL,0.61,mestra\02_Jurisprudencia_e_Orientacoes\Informativos_Julgamentos_TCE_PI,Plen_rio_Virtual_Pleno___Sess_o_Ordin_ria_Virtual_de_1__a_05_de_junho_de_2026_.pdf,mestra\02_Jurisprudencia_e_Orientacoes\Informativos_Julgamentos_TCE_PI\08_Outros_Procedimentos_e_Consultas_TCE_PI.md,4,nao,TEXTO,312,C:\Users\thiagonogueira\OneDrive - mppi.mp.br\CLC\01_Processos_e_Aquisicoes\Base de Conhecimento - Thiago\02_Jurisprudencia_e_Orientacoes\Informativos_Julgamentos_TCE_PI\Plen_rio_Virtual_Pleno___Sess_o_Ordin_ria_Virtual_de_1__a_05_de_junho_de_2026_.pdf
IGUAL,0.71,mestra\02_Jurisprudencia_e_Orientacoes\Informativos_Julgamentos_TCE_PI,Plen_rio_Virtual_Pleno___Sess_o_Ordin_ria_Virtual_de_20_a_24_de_julho_de_2026_.pdf,mestra\02_Jurisprudencia_e_Orientacoes\Informativos_Julgamentos_TCE_PI\08_Outros_Procedimentos_e_Consultas_TCE_PI.md,1,nao,TEXTO,259,C:\Users\thiagonogueira\OneDrive - mppi.mp.br\CLC\01_Processos_e_Aquisicoes\Base de Conhecimento - Thiago\02_Jurisprudencia_e_Orientacoes\Informativos_Julgamentos_TCE_PI\Plen_rio_Virtual_Pleno___Sess_o_Ordin_ria_Virtual_de_20_a_24_de_julho_de_2026_.pdf
IGUAL,0.63,mestra\02_Jurisprudencia_e_Orientacoes\Informativos_Julgamentos_TCE_PI,Plen_rio_Virtual_Pleno___Sess_o_Ordin_ria_Virtual_de_21_a_25_de_setembro_de_2026.pdf,mestra\02_Jurisprudencia_e_Orientacoes\Informativos_Julgamentos_TCE_PI\03_Recursos_Agravos_Embargos_TCE_PI.md,2,nao,TEXTO,286,C:\Users\thiagonogueira\OneDrive - mppi.mp.br\CLC\01_Processos_e_Aquisicoes\Base de Conhecimento - Thiago\02_Jurisprudencia_e_Orientacoes\Informativos_Julgamentos_TCE_PI\Plen_rio_Virtual_Pleno___Sess_o_Ordin_ria_Virtual_de_21_a_25_de_setembro_de_2026.pdf
PROVAVEL_REVISAR,0.54,mestra\02_Jurisprudencia_e_Orientacoes\Informativos_Julgamentos_TCE_PI,Plen_rio_Virtual_Pleno___Sess_o_Ordin_ria_Virtual_de_22_a_26_de_junho_de_2026_.pdf,mestra\02_Jurisprudencia_e_Orientacoes\Informativos_Julgamentos_TCE_PI\03_Recursos_Agravos_Embargos_TCE_PI.md,3,nao,TEXTO,299,C:\Users\thiagonogueira\OneDrive - mppi.mp.br\CLC\01_Processos_e_Aquisicoes\Base de Conhecimento - Thiago\02_Jurisprudencia_e_Orientacoes\Informativos_Julgamentos_TCE_PI\Plen_rio_Virtual_Pleno___Sess_o_Ordin_ria_Virtual_de_22_a_26_de_junho_de_2026_.pdf
PROVAVEL_REVISAR,0.55,mestra\02_Jurisprudencia_e_Orientacoes\Informativos_Julgamentos_TCE_PI,Plen_rio_Virtual_Pleno___Sess_o_Ordin_ria_Virtual_de_25_a_29_de_maio_de_2026_.pdf,mestra\02_Jurisprudencia_e_Orientacoes\Informativos_Julgamentos_TCE_PI\03_Recursos_Agravos_Embargos_TCE_PI.md,3,nao,TEXTO,298,C:\Users\thiagonogueira\OneDrive - mppi.mp.br\CLC\01_Processos_e_Aquisicoes\Base de Conhecimento - Thiago\02_Jurisprudencia_e_Orientacoes\Informativos_Julgamentos_TCE_PI\Plen_rio_Virtual_Pleno___Sess_o_Ordin_ria_Virtual_de_25_a_29_de_maio_de_2026_.pdf
IGUAL,0.65,mestra\02_Jurisprudencia_e_Orientacoes\Informativos_Julgamentos_TCE_PI,Plen_rio_Virtual_Pleno___Sess_o_Ordin_ria_Virtual_de_27_a_31_de_julho_de_2026_.pdf,mestra\02_Jurisprudencia_e_Orientacoes\Informativos_Julgamentos_TCE_PI\08_Outros_Procedimentos_e_Consultas_TCE_PI.md,2,nao,TEXTO,256,C:\Users\thiagonogueira\OneDrive - mppi.mp.br\CLC\01_Processos_e_Aquisicoes\Base de Conhecimento - Thiago\02_Jurisprudencia_e_Orientacoes\Informativos_Julgamentos_TCE_PI\Plen_rio_Virtual_Pleno___Sess_o_Ordin_ria_Virtual_de_27_a_31_de_julho_de_2026_.pdf
IGUAL,0.65,mestra\02_Jurisprudencia_e_Orientacoes\Informativos_Julgamentos_TCE_PI,Plen_rio_Virtual_Pleno___Sess_o_Ordin_ria_Virtual_de_29_de_junho_a_03_de_julho_d.pdf,mestra\02_Jurisprudencia_e_Orientacoes\Informativos_Julgamentos_TCE_PI\03_Recursos_Agravos_Embargos_TCE_PI.md,2,nao,TEXTO,283,C:\Users\thiagonogueira\OneDrive - mppi.mp.br\CLC\01_Processos_e_Aquisicoes\Base de Conhecimento - Thiago\02_Jurisprudencia_e_Orientacoes\Informativos_Julgamentos_TCE_PI\Plen_rio_Virtual_Pleno___Sess_o_Ordin_ria_Virtual_de_29_de_junho_a_03_de_julho_d.pdf
IGUAL,0.64,mestra\02_Jurisprudencia_e_Orientacoes\Informativos_Julgamentos_TCE_PI,Plen_rio_Virtual_Pleno___Sess_o_Ordin_ria_Virtual_de_31_de_agosto_a_04_de_setemb.pdf,mestra\02_Jurisprudencia_e_Orientacoes\Informativos_Julgamentos_TCE_PI\03_Recursos_Agravos_Embargos_TCE_PI.md,4,nao,TEXTO,305,C:\Users\thiagonogueira\OneDrive - mppi.mp.br\CLC\01_Processos_e_Aquisicoes\Base de Conhecimento - Thiago\02_Jurisprudencia_e_Orientacoes\Informativos_Julgamentos_TCE_PI\Plen_rio_Virtual_Pleno___Sess_o_Ordin_ria_Virtual_de_31_de_agosto_a_04_de_setemb.pdf
IGUAL,0.73,mestra\02_Jurisprudencia_e_Orientacoes\Informativos_Julgamentos_TCE_PI,Primeira_C_mara_Presencial_1__C_mara___Sess_o_de_Julgamento_Presencial_n__019_de.pdf,mestra\02_Jurisprudencia_e_Orientacoes\Informativos_Julgamentos_TCE_PI\01_Licitacoes_e_Contratos_Julgados_TCE_PI.md,6,nao,TEXTO,533,C:\Users\thiagonogueira\OneDrive - mppi.mp.br\CLC\01_Processos_e_Aquisicoes\Base de Conhecimento - Thiago\02_Jurisprudencia_e_Orientacoes\Informativos_Julgamentos_TCE_PI\Primeira_C_mara_Presencial_1__C_mara___Sess_o_de_Julgamento_Presencial_n__019_de.pdf
PROVAVEL_REVISAR,0.56,mestra\02_Jurisprudencia_e_Orientacoes\Informativos_Julgamentos_TCE_PI,Primeira_C_mara_Presencial_1__C_mara___Sess_o_Ordin_ria_Presencial_n__01_de_27_d.pdf,mestra\02_Jurisprudencia_e_Orientacoes\Informativos_Julgamentos_TCE_PI\01_Licitacoes_e_Contratos_Julgados_TCE_PI.md,2,nao,TEXTO,343,C:\Users\thiagonogueira\OneDrive - mppi.mp.br\CLC\01_Processos_e_Aquisicoes\Base de Conhecimento - Thiago\02_Jurisprudencia_e_Orientacoes\Informativos_Julgamentos_TCE_PI\Primeira_C_mara_Presencial_1__C_mara___Sess_o_Ordin_ria_Presencial_n__01_de_27_d.pdf
PROVAVEL_REVISAR,0.55,mestra\02_Jurisprudencia_e_Orientacoes\Informativos_Julgamentos_TCE_PI,Primeira_C_mara_Presencial_1__C_mara___Sess_o_Ordin_ria_Presencial_n__020_de_09_.pdf,mestra\02_Jurisprudencia_e_Orientacoes\Informativos_Julgamentos_TCE_PI\01_Licitacoes_e_Contratos_Julgados_TCE_PI.md,4,nao,TEXTO,417,C:\Users\thiagonogueira\OneDrive - mppi.mp.br\CLC\01_Processos_e_Aquisicoes\Base de Conhecimento - Thiago\02_Jurisprudencia_e_Orientacoes\Informativos_Julgamentos_TCE_PI\Primeira_C_mara_Presencial_1__C_mara___Sess_o_Ordin_ria_Presencial_n__020_de_09_.pdf
PROVAVEL_REVISAR,0.52,mestra\02_Jurisprudencia_e_Orientacoes\Informativos_Julgamentos_TCE_PI,Primeira_C_mara_Presencial_1__C_mara___Sess_o_Ordin_ria_Presencial_n__021_de_16_.pdf,mestra\02_Jurisprudencia_e_Orientacoes\Informativos_Julgamentos_TCE_PI\05_Representacoes_Licitantes_TCE_PI.md,4,nao,TEXTO,401,C:\Users\thiagonogueira\OneDrive - mppi.mp.br\CLC\01_Processos_e_Aquisicoes\Base de Conhecimento - Thiago\02_Jurisprudencia_e_Orientacoes\Informativos_Julgamentos_TCE_PI\Primeira_C_mara_Presencial_1__C_mara___Sess_o_Ordin_ria_Presencial_n__021_de_16_.pdf
PROVAVEL_REVISAR,0.52,mestra\02_Jurisprudencia_e_Orientacoes\Informativos_Julgamentos_TCE_PI,Primeira_C_mara_Presencial_1__C_mara___Sess_o_Ordin_ria_Presencial_n__02_de_10_d.pdf,mestra\02_Jurisprudencia_e_Orientacoes\Informativos_Julgamentos_TCE_PI\01_Licitacoes_e_Contratos_Julgados_TCE_PI.md,3,nao,TEXTO,406,C:\Users\thiagonogueira\OneDrive - mppi.mp.br\CLC\01_Processos_e_Aquisicoes\Base de Conhecimento - Thiago\02_Jurisprudencia_e_Orientacoes\Informativos_Julgamentos_TCE_PI\Primeira_C_mara_Presencial_1__C_mara___Sess_o_Ordin_ria_Presencial_n__02_de_10_d.pdf
IGUAL,0.69,mestra\02_Jurisprudencia_e_Orientacoes\Informativos_Julgamentos_TCE_PI,Primeira_C_mara_Presencial_1__C_mara___Sess_o_Ordin_ria_Presencial_n__03_de_24_d.pdf,mestra\02_Jurisprudencia_e_Orientacoes\Informativos_Julgamentos_TCE_PI\02_Denuncias_Licitacoes_e_Fraudes_TCE_PI.md,2,nao,TEXTO,398,C:\Users\thiagonogueira\OneDrive - mppi.mp.br\CLC\01_Processos_e_Aquisicoes\Base de Conhecimento - Thiago\02_Jurisprudencia_e_Orientacoes\Informativos_Julgamentos_TCE_PI\Primeira_C_mara_Presencial_1__C_mara___Sess_o_Ordin_ria_Presencial_n__03_de_24_d.pdf
PROVAVEL_REVISAR,0.54,mestra\02_Jurisprudencia_e_Orientacoes\Informativos_Julgamentos_TCE_PI,Primeira_C_mara_Presencial_1__C_mara___Sess_o_Ordin_ria_Presencial_n__04_de_10_d.pdf,mestra\02_Jurisprudencia_e_Orientacoes\Informativos_Julgamentos_TCE_PI\08_Outros_Procedimentos_e_Consultas_TCE_PI.md,4,nao,TEXTO,359,C:\Users\thiagonogueira\OneDrive - mppi.mp.br\CLC\01_Processos_e_Aquisicoes\Base de Conhecimento - Thiago\02_Jurisprudencia_e_Orientacoes\Informativos_Julgamentos_TCE_PI\Primeira_C_mara_Presencial_1__C_mara___Sess_o_Ordin_ria_Presencial_n__04_de_10_d.pdf
IGUAL,0.78,mestra\02_Jurisprudencia_e_Orientacoes\Informativos_Julgamentos_TCE_PI,Primeira_C_mara_Presencial_1__C_mara___Sess_o_Ordin_ria_Presencial_n__05_de_24_d.pdf,mestra\02_Jurisprudencia_e_Orientacoes\Informativos_Julgamentos_TCE_PI\02_Denuncias_Licitacoes_e_Fraudes_TCE_PI.md,2,nao,TEXTO,379,C:\Users\thiagonogueira\OneDrive - mppi.mp.br\CLC\01_Processos_e_Aquisicoes\Base de Conhecimento - Thiago\02_Jurisprudencia_e_Orientacoes\Informativos_Julgamentos_TCE_PI\Primeira_C_mara_Presencial_1__C_mara___Sess_o_Ordin_ria_Presencial_n__05_de_24_d.pdf
PROVAVEL_REVISAR,0.47,mestra\02_Jurisprudencia_e_Orientacoes\Informativos_Julgamentos_TCE_PI,Primeira_C_mara_Presencial_1__C_mara___Sess_o_Ordin_ria_Presencial_n__06_de_7_de.pdf,mestra\02_Jurisprudencia_e_Orientacoes\Informativos_Julgamentos_TCE_PI\05_Representacoes_Licitantes_TCE_PI.md,4,nao,TEXTO,407,C:\Users\thiagonogueira\OneDrive - mppi.mp.br\CLC\01_Processos_e_Aquisicoes\Base de Conhecimento - Thiago\02_Jurisprudencia_e_Orientacoes\Informativos_Julgamentos_TCE_PI\Primeira_C_mara_Presencial_1__C_mara___Sess_o_Ordin_ria_Presencial_n__06_de_7_de.pdf
PROVAVEL_REVISAR,0.58,mestra\02_Jurisprudencia_e_Orientacoes\Informativos_Julgamentos_TCE_PI,Primeira_C_mara_Presencial_1__C_mara___Sess_o_Ordin_ria_Presencial_n__07_de_28_d.pdf,mestra\02_Jurisprudencia_e_Orientacoes\Informativos_Julgamentos_TCE_PI\02_Denuncias_Licitacoes_e_Fraudes_TCE_PI.md,4,nao,TEXTO,407,C:\Users\thiagonogueira\OneDrive - mppi.mp.br\CLC\01_Processos_e_Aquisicoes\Base de Conhecimento - Thiago\02_Jurisprudencia_e_Orientacoes\Informativos_Julgamentos_TCE_PI\Primeira_C_mara_Presencial_1__C_mara___Sess_o_Ordin_ria_Presencial_n__07_de_28_d.pdf
IGUAL,0.71,mestra\02_Jurisprudencia_e_Orientacoes\Informativos_Julgamentos_TCE_PI,Primeira_C_mara_Presencial_1__C_mara___Sess_o_Ordin_ria_Presencial_n__08_de_12_d.pdf,mestra\02_Jurisprudencia_e_Orientacoes\Informativos_Julgamentos_TCE_PI\02_Denuncias_Licitacoes_e_Fraudes_TCE_PI.md,4,nao,TEXTO,349,C:\Users\thiagonogueira\OneDrive - mppi.mp.br\CLC\01_Processos_e_Aquisicoes\Base de Conhecimento - Thiago\02_Jurisprudencia_e_Orientacoes\Informativos_Julgamentos_TCE_PI\Primeira_C_mara_Presencial_1__C_mara___Sess_o_Ordin_ria_Presencial_n__08_de_12_d.pdf
PROVAVEL_REVISAR,0.53,mestra\02_Jurisprudencia_e_Orientacoes\Informativos_Julgamentos_TCE_PI,Primeira_C_mara_Presencial_1__C_mara___Sess_o_Ordin_ria_Presencial_n__09_de_26_d.pdf,mestra\02_Jurisprudencia_e_Orientacoes\Informativos_Julgamentos_TCE_PI\02_Denuncias_Licitacoes_e_Fraudes_TCE_PI.md,3,nao,TEXTO,342,C:\Users\thiagonogueira\OneDrive - mppi.mp.br\CLC\01_Processos_e_Aquisicoes\Base de Conhecimento - Thiago\02_Jurisprudencia_e_Orientacoes\Informativos_Julgamentos_TCE_PI\Primeira_C_mara_Presencial_1__C_mara___Sess_o_Ordin_ria_Presencial_n__09_de_26_d.pdf
IGUAL,0.64,mestra\02_Jurisprudencia_e_Orientacoes\Informativos_Julgamentos_TCE_PI,Primeira_C_mara_Presencial_1__C_mara___Sess_o_Ordin_ria_Presencial_n__10_de_9_de.pdf,mestra\02_Jurisprudencia_e_Orientacoes\Informativos_Julgamentos_TCE_PI\01_Licitacoes_e_Contratos_Julgados_TCE_PI.md,3,nao,TEXTO,367,C:\Users\thiagonogueira\OneDrive - mppi.mp.br\CLC\01_Processos_e_Aquisicoes\Base de Conhecimento - Thiago\02_Jurisprudencia_e_Orientacoes\Informativos_Julgamentos_TCE_PI\Primeira_C_mara_Presencial_1__C_mara___Sess_o_Ordin_ria_Presencial_n__10_de_9_de.pdf
IGUAL,0.63,mestra\02_Jurisprudencia_e_Orientacoes\Informativos_Julgamentos_TCE_PI,Primeira_C_mara_Presencial_1__C_mara___Sess_o_Ordin_ria_Presencial_n__11_de_23_d.pdf,mestra\02_Jurisprudencia_e_Orientacoes\Informativos_Julgamentos_TCE_PI\01_Licitacoes_e_Contratos_Julgados_TCE_PI.md,3,nao,TEXTO,397,C:\Users\thiagonogueira\OneDrive - mppi.mp.br\CLC\01_Processos_e_Aquisicoes\Base de Conhecimento - Thiago\02_Jurisprudencia_e_Orientacoes\Informativos_Julgamentos_TCE_PI\Primeira_C_mara_Presencial_1__C_mara___Sess_o_Ordin_ria_Presencial_n__11_de_23_d.pdf
PROVAVEL_REVISAR,0.46,mestra\02_Jurisprudencia_e_Orientacoes\Informativos_Julgamentos_TCE_PI,Primeira_C_mara_Presencial_1__C_mara___Sess_o_Ordin_ria_Presencial_n__12_de_7_de.pdf,mestra\02_Jurisprudencia_e_Orientacoes\Informativos_Julgamentos_TCE_PI\05_Representacoes_Licitantes_TCE_PI.md,4,nao,TEXTO,427,C:\Users\thiagonogueira\OneDrive - mppi.mp.br\CLC\01_Processos_e_Aquisicoes\Base de Conhecimento - Thiago\02_Jurisprudencia_e_Orientacoes\Informativos_Julgamentos_TCE_PI\Primeira_C_mara_Presencial_1__C_mara___Sess_o_Ordin_ria_Presencial_n__12_de_7_de.pdf
IGUAL,0.75,mestra\02_Jurisprudencia_e_Orientacoes\Informativos_Julgamentos_TCE_PI,Primeira_C_mara_Presencial_1__C_mara___Sess_o_Ordin_ria_Presencial_n__13_de_21_d.pdf,mestra\02_Jurisprudencia_e_Orientacoes\Informativos_Julgamentos_TCE_PI\01_Licitacoes_e_Contratos_Julgados_TCE_PI.md,3,nao,TEXTO,314,C:\Users\thiagonogueira\OneDrive - mppi.mp.br\CLC\01_Processos_e_Aquisicoes\Base de Conhecimento - Thiago\02_Jurisprudencia_e_Orientacoes\Informativos_Julgamentos_TCE_PI\Primeira_C_mara_Presencial_1__C_mara___Sess_o_Ordin_ria_Presencial_n__13_de_21_d.pdf
PROVAVEL_REVISAR,0.57,mestra\02_Jurisprudencia_e_Orientacoes\Informativos_Julgamentos_TCE_PI,Primeira_C_mara_Presencial_1__C_mara___Sess_o_Ordin_ria_Presencial_n__14_de_04_d.pdf,mestra\02_Jurisprudencia_e_Orientacoes\Informativos_Julgamentos_TCE_PI\04_Tomadas_de_Contas_Especiais_TCE_PI.md,3,nao,TEXTO,416,C:\Users\thiagonogueira\OneDrive - mppi.mp.br\CLC\01_Processos_e_Aquisicoes\Base de Conhecimento - Thiago\02_Jurisprudencia_e_Orientacoes\Informativos_Julgamentos_TCE_PI\Primeira_C_mara_Presencial_1__C_mara___Sess_o_Ordin_ria_Presencial_n__14_de_04_d.pdf
PROVAVEL_REVISAR,0.47,mestra\02_Jurisprudencia_e_Orientacoes\Informativos_Julgamentos_TCE_PI,Primeira_C_mara_Presencial_1__C_mara___Sess_o_Ordin_ria_Presencial_n__15_de_18_d.pdf,mestra\02_Jurisprudencia_e_Orientacoes\Informativos_Julgamentos_TCE_PI\04_Tomadas_de_Contas_Especiais_TCE_PI.md,3,nao,TEXTO,420,C:\Users\thiagonogueira\OneDrive - mppi.mp.br\CLC\01_Processos_e_Aquisicoes\Base de Conhecimento - Thiago\02_Jurisprudencia_e_Orientacoes\Informativos_Julgamentos_TCE_PI\Primeira_C_mara_Presencial_1__C_mara___Sess_o_Ordin_ria_Presencial_n__15_de_18_d.pdf
IGUAL,0.78,mestra\02_Jurisprudencia_e_Orientacoes\Informativos_Julgamentos_TCE_PI,Primeira_C_mara_Presencial_1__C_mara___Sess_o_Ordin_ria_Presencial_n__16_de_01_d.pdf,mestra\02_Jurisprudencia_e_Orientacoes\Informativos_Julgamentos_TCE_PI\01_Licitacoes_e_Contratos_Julgados_TCE_PI.md,2,nao,TEXTO,425,C:\Users\thiagonogueira\OneDrive - mppi.mp.br\CLC\01_Processos_e_Aquisicoes\Base de Conhecimento - Thiago\02_Jurisprudencia_e_Orientacoes\Informativos_Julgamentos_TCE_PI\Primeira_C_mara_Presencial_1__C_mara___Sess_o_Ordin_ria_Presencial_n__16_de_01_d.pdf
IGUAL,0.75,mestra\02_Jurisprudencia_e_Orientacoes\Informativos_Julgamentos_TCE_PI,Primeira_C_mara_Presencial_1__C_mara___Sess_o_Ordin_ria_Presencial_n__17_de_15_d.pdf,mestra\02_Jurisprudencia_e_Orientacoes\Informativos_Julgamentos_TCE_PI\05_Representacoes_Licitantes_TCE_PI.md,3,nao,TEXTO,418,C:\Users\thiagonogueira\OneDrive - mppi.mp.br\CLC\01_Processos_e_Aquisicoes\Base de Conhecimento - Thiago\02_Jurisprudencia_e_Orientacoes\Informativos_Julgamentos_TCE_PI\Primeira_C_mara_Presencial_1__C_mara___Sess_o_Ordin_ria_Presencial_n__17_de_15_d.pdf
PROVAVEL_REVISAR,0.6,mestra\02_Jurisprudencia_e_Orientacoes\Informativos_Julgamentos_TCE_PI,Primeira_C_mara_Virtual_1__C_mara___Sess_o_Ordin_ria_Virtual_de_03_a_07_de_agost.pdf,mestra\02_Jurisprudencia_e_Orientacoes\Informativos_Julgamentos_TCE_PI\02_Denuncias_Licitacoes_e_Fraudes_TCE_PI.md,2,nao,TEXTO,302,C:\Users\thiagonogueira\OneDrive - mppi.mp.br\CLC\01_Processos_e_Aquisicoes\Base de Conhecimento - Thiago\02_Jurisprudencia_e_Orientacoes\Informativos_Julgamentos_TCE_PI\Primeira_C_mara_Virtual_1__C_mara___Sess_o_Ordin_ria_Virtual_de_03_a_07_de_agost.pdf
IGUAL,0.72,mestra\02_Jurisprudencia_e_Orientacoes\Informativos_Julgamentos_TCE_PI,Primeira_C_mara_Virtual_1__C_mara___Sess_o_Ordin_ria_Virtual_de_04_a_08_de_maio_.pdf,mestra\02_Jurisprudencia_e_Orientacoes\Informativos_Julgamentos_TCE_PI\08_Outros_Procedimentos_e_Consultas_TCE_PI.md,3,nao,TEXTO,315,C:\Users\thiagonogueira\OneDrive - mppi.mp.br\CLC\01_Processos_e_Aquisicoes\Base de Conhecimento - Thiago\02_Jurisprudencia_e_Orientacoes\Informativos_Julgamentos_TCE_PI\Primeira_C_mara_Virtual_1__C_mara___Sess_o_Ordin_ria_Virtual_de_04_a_08_de_maio_.pdf
IGUAL,0.63,mestra\02_Jurisprudencia_e_Orientacoes\Informativos_Julgamentos_TCE_PI,Primeira_C_mara_Virtual_1__C_mara___Sess_o_Ordin_ria_Virtual_de_08_a_11_de_setem.pdf,mestra\02_Jurisprudencia_e_Orientacoes\Informativos_Julgamentos_TCE_PI\08_Outros_Procedimentos_e_Consultas_TCE_PI.md,3,sim,TEXTO,312,C:\Users\thiagonogueira\OneDrive - mppi.mp.br\CLC\01_Processos_e_Aquisicoes\Base de Conhecimento - Thiago\02_Jurisprudencia_e_Orientacoes\Informativos_Julgamentos_TCE_PI\Primeira_C_mara_Virtual_1__C_mara___Sess_o_Ordin_ria_Virtual_de_08_a_11_de_setem.pdf
IGUAL,0.77,mestra\02_Jurisprudencia_e_Orientacoes\Informativos_Julgamentos_TCE_PI,Primeira_C_mara_Virtual_1__C_mara___Sess_o_Ordin_ria_Virtual_de_10_a_14_de_agost.pdf,mestra\02_Jurisprudencia_e_Orientacoes\Informativos_Julgamentos_TCE_PI\08_Outros_Procedimentos_e_Consultas_TCE_PI.md,2,nao,TEXTO,295,C:\Users\thiagonogueira\OneDrive - mppi.mp.br\CLC\01_Processos_e_Aquisicoes\Base de Conhecimento - Thiago\02_Jurisprudencia_e_Orientacoes\Informativos_Julgamentos_TCE_PI\Primeira_C_mara_Virtual_1__C_mara___Sess_o_Ordin_ria_Virtual_de_10_a_14_de_agost.pdf
IGUAL,0.69,mestra\02_Jurisprudencia_e_Orientacoes\Informativos_Julgamentos_TCE_PI,Primeira_C_mara_Virtual_1__C_mara___Sess_o_Ordin_ria_Virtual_de_11_a_15_de_maio_.pdf,mestra\02_Jurisprudencia_e_Orientacoes\Informativos_Julgamentos_TCE_PI\08_Outros_Procedimentos_e_Consultas_TCE_PI.md,3,nao,TEXTO,273,C:\Users\thiagonogueira\OneDrive - mppi.mp.br\CLC\01_Processos_e_Aquisicoes\Base de Conhecimento - Thiago\02_Jurisprudencia_e_Orientacoes\Informativos_Julgamentos_TCE_PI\Primeira_C_mara_Virtual_1__C_mara___Sess_o_Ordin_ria_Virtual_de_11_a_15_de_maio_.pdf
PROVAVEL_REVISAR,0.59,mestra\02_Jurisprudencia_e_Orientacoes\Informativos_Julgamentos_TCE_PI,Primeira_C_mara_Virtual_1__C_mara___Sess_o_Ordin_ria_Virtual_de_13_a_17_de_julho.pdf,mestra\02_Jurisprudencia_e_Orientacoes\Informativos_Julgamentos_TCE_PI\08_Outros_Procedimentos_e_Consultas_TCE_PI.md,2,nao,TEXTO,319,C:\Users\thiagonogueira\OneDrive - mppi.mp.br\CLC\01_Processos_e_Aquisicoes\Base de Conhecimento - Thiago\02_Jurisprudencia_e_Orientacoes\Informativos_Julgamentos_TCE_PI\Primeira_C_mara_Virtual_1__C_mara___Sess_o_Ordin_ria_Virtual_de_13_a_17_de_julho.pdf
IGUAL,0.71,mestra\02_Jurisprudencia_e_Orientacoes\Informativos_Julgamentos_TCE_PI,Primeira_C_mara_Virtual_1__C_mara___Sess_o_Ordin_ria_Virtual_de_14_a_18_de_setem.pdf,mestra\02_Jurisprudencia_e_Orientacoes\Informativos_Julgamentos_TCE_PI\08_Outros_Procedimentos_e_Consultas_TCE_PI.md,2,nao,TEXTO,272,C:\Users\thiagonogueira\OneDrive - mppi.mp.br\CLC\01_Processos_e_Aquisicoes\Base de Conhecimento - Thiago\02_Jurisprudencia_e_Orientacoes\Informativos_Julgamentos_TCE_PI\Primeira_C_mara_Virtual_1__C_mara___Sess_o_Ordin_ria_Virtual_de_14_a_18_de_setem.pdf
IGUAL,0.7,mestra\02_Jurisprudencia_e_Orientacoes\Informativos_Julgamentos_TCE_PI,Primeira_C_mara_Virtual_1__C_mara___Sess_o_Ordin_ria_Virtual_de_15_a_19_de_junho.pdf,mestra\02_Jurisprudencia_e_Orientacoes\Informativos_Julgamentos_TCE_PI\08_Outros_Procedimentos_e_Consultas_TCE_PI.md,3,nao,TEXTO,320,C:\Users\thiagonogueira\OneDrive - mppi.mp.br\CLC\01_Processos_e_Aquisicoes\Base de Conhecimento - Thiago\02_Jurisprudencia_e_Orientacoes\Informativos_Julgamentos_TCE_PI\Primeira_C_mara_Virtual_1__C_mara___Sess_o_Ordin_ria_Virtual_de_15_a_19_de_junho.pdf
IGUAL,0.61,mestra\02_Jurisprudencia_e_Orientacoes\Informativos_Julgamentos_TCE_PI,Primeira_C_mara_Virtual_1__C_mara___Sess_o_Ordin_ria_Virtual_de_17_a_21_de_agost.pdf,mestra\02_Jurisprudencia_e_Orientacoes\Informativos_Julgamentos_TCE_PI\08_Outros_Procedimentos_e_Consultas_TCE_PI.md,3,nao,TEXTO,326,C:\Users\thiagonogueira\OneDrive - mppi.mp.br\CLC\01_Processos_e_Aquisicoes\Base de Conhecimento - Thiago\02_Jurisprudencia_e_Orientacoes\Informativos_Julgamentos_TCE_PI\Primeira_C_mara_Virtual_1__C_mara___Sess_o_Ordin_ria_Virtual_de_17_a_21_de_agost.pdf
PROVAVEL_REVISAR,0.6,mestra\02_Jurisprudencia_e_Orientacoes\Informativos_Julgamentos_TCE_PI,Primeira_C_mara_Virtual_1__C_mara___Sess_o_Ordin_ria_Virtual_de_18_a_22_de_maio_.pdf,mestra\02_Jurisprudencia_e_Orientacoes\Informativos_Julgamentos_TCE_PI\08_Outros_Procedimentos_e_Consultas_TCE_PI.md,3,nao,TEXTO,323,C:\Users\thiagonogueira\OneDrive - mppi.mp.br\CLC\01_Processos_e_Aquisicoes\Base de Conhecimento - Thiago\02_Jurisprudencia_e_Orientacoes\Informativos_Julgamentos_TCE_PI\Primeira_C_mara_Virtual_1__C_mara___Sess_o_Ordin_ria_Virtual_de_18_a_22_de_maio_.pdf
IGUAL,0.68,mestra\02_Jurisprudencia_e_Orientacoes\Informativos_Julgamentos_TCE_PI,Primeira_C_mara_Virtual_1__C_mara___Sess_o_Ordin_ria_Virtual_de_1__a_05_de_junho.pdf,mestra\02_Jurisprudencia_e_Orientacoes\Informativos_Julgamentos_TCE_PI\08_Outros_Procedimentos_e_Consultas_TCE_PI.md,3,nao,TEXTO,274,C:\Users\thiagonogueira\OneDrive - mppi.mp.br\CLC\01_Processos_e_Aquisicoes\Base de Conhecimento - Thiago\02_Jurisprudencia_e_Orientacoes\Informativos_Julgamentos_TCE_PI\Primeira_C_mara_Virtual_1__C_mara___Sess_o_Ordin_ria_Virtual_de_1__a_05_de_junho.pdf
IGUAL,0.69,mestra\02_Jurisprudencia_e_Orientacoes\Informativos_Julgamentos_TCE_PI,Primeira_C_mara_Virtual_1__C_mara___Sess_o_Ordin_ria_Virtual_de_20_a_24_de_julho.pdf,mestra\02_Jurisprudencia_e_Orientacoes\Informativos_Julgamentos_TCE_PI\08_Outros_Procedimentos_e_Consultas_TCE_PI.md,3,nao,TEXTO,299,C:\Users\thiagonogueira\OneDrive - mppi.mp.br\CLC\01_Processos_e_Aquisicoes\Base de Conhecimento - Thiago\02_Jurisprudencia_e_Orientacoes\Informativos_Julgamentos_TCE_PI\Primeira_C_mara_Virtual_1__C_mara___Sess_o_Ordin_ria_Virtual_de_20_a_24_de_julho.pdf
IGUAL,0.66,mestra\02_Jurisprudencia_e_Orientacoes\Informativos_Julgamentos_TCE_PI,Primeira_C_mara_Virtual_1__C_mara___Sess_o_Ordin_ria_Virtual_de_22_a_26_de_junho.pdf,mestra\02_Jurisprudencia_e_Orientacoes\Informativos_Julgamentos_TCE_PI\08_Outros_Procedimentos_e_Consultas_TCE_PI.md,2,nao,TEXTO,264,C:\Users\thiagonogueira\OneDrive - mppi.mp.br\CLC\01_Processos_e_Aquisicoes\Base de Conhecimento - Thiago\02_Jurisprudencia_e_Orientacoes\Informativos_Julgamentos_TCE_PI\Primeira_C_mara_Virtual_1__C_mara___Sess_o_Ordin_ria_Virtual_de_22_a_26_de_junho.pdf
IGUAL,0.77,mestra\02_Jurisprudencia_e_Orientacoes\Informativos_Julgamentos_TCE_PI,Primeira_C_mara_Virtual_1__C_mara___Sess_o_Ordin_ria_Virtual_de_25_a_29_de_maio_.pdf,mestra\02_Jurisprudencia_e_Orientacoes\Informativos_Julgamentos_TCE_PI\08_Outros_Procedimentos_e_Consultas_TCE_PI.md,3,nao,TEXTO,319,C:\Users\thiagonogueira\OneDrive - mppi.mp.br\CLC\01_Processos_e_Aquisicoes\Base de Conhecimento - Thiago\02_Jurisprudencia_e_Orientacoes\Informativos_Julgamentos_TCE_PI\Primeira_C_mara_Virtual_1__C_mara___Sess_o_Ordin_ria_Virtual_de_25_a_29_de_maio_.pdf
IGUAL,0.67,mestra\02_Jurisprudencia_e_Orientacoes\Informativos_Julgamentos_TCE_PI,Primeira_C_mara_Virtual_1__C_mara___Sess_o_Ordin_ria_Virtual_de_27_a_30_de_abril.pdf,mestra\02_Jurisprudencia_e_Orientacoes\Informativos_Julgamentos_TCE_PI\08_Outros_Procedimentos_e_Consultas_TCE_PI.md,2,nao,TEXTO,311,C:\Users\thiagonogueira\OneDrive - mppi.mp.br\CLC\01_Processos_e_Aquisicoes\Base de Conhecimento - Thiago\02_Jurisprudencia_e_Orientacoes\Informativos_Julgamentos_TCE_PI\Primeira_C_mara_Virtual_1__C_mara___Sess_o_Ordin_ria_Virtual_de_27_a_30_de_abril.pdf
IGUAL,0.74,mestra\02_Jurisprudencia_e_Orientacoes\Informativos_Julgamentos_TCE_PI,Primeira_C_mara_Virtual_1__C_mara___Sess_o_Ordin_ria_Virtual_de_27_a_31_de_julho.pdf,mestra\02_Jurisprudencia_e_Orientacoes\Informativos_Julgamentos_TCE_PI\08_Outros_Procedimentos_e_Consultas_TCE_PI.md,2,nao,TEXTO,305,C:\Users\thiagonogueira\OneDrive - mppi.mp.br\CLC\01_Processos_e_Aquisicoes\Base de Conhecimento - Thiago\02_Jurisprudencia_e_Orientacoes\Informativos_Julgamentos_TCE_PI\Primeira_C_mara_Virtual_1__C_mara___Sess_o_Ordin_ria_Virtual_de_27_a_31_de_julho.pdf
IGUAL,0.7,mestra\02_Jurisprudencia_e_Orientacoes\Informativos_Julgamentos_TCE_PI,Primeira_C_mara_Virtual_1__C_mara___Sess_o_Ordin_ria_Virtual_de_29_de_junho_a_03.pdf,mestra\02_Jurisprudencia_e_Orientacoes\Informativos_Julgamentos_TCE_PI\08_Outros_Procedimentos_e_Consultas_TCE_PI.md,2,nao,TEXTO,312,C:\Users\thiagonogueira\OneDrive - mppi.mp.br\CLC\01_Processos_e_Aquisicoes\Base de Conhecimento - Thiago\02_Jurisprudencia_e_Orientacoes\Informativos_Julgamentos_TCE_PI\Primeira_C_mara_Virtual_1__C_mara___Sess_o_Ordin_ria_Virtual_de_29_de_junho_a_03.pdf
IGUAL,0.67,mestra\02_Jurisprudencia_e_Orientacoes\Informativos_Julgamentos_TCE_PI,Primeira_C_mara_Virtual_1__C_mara___Sess_o_Ordin_ria_Virtual_de_31_de_agosto_a_0.pdf,mestra\02_Jurisprudencia_e_Orientacoes\Informativos_Julgamentos_TCE_PI\08_Outros_Procedimentos_e_Consultas_TCE_PI.md,3,nao,TEXTO,320,C:\Users\thiagonogueira\OneDrive - mppi.mp.br\CLC\01_Processos_e_Aquisicoes\Base de Conhecimento - Thiago\02_Jurisprudencia_e_Orientacoes\Informativos_Julgamentos_TCE_PI\Primeira_C_mara_Virtual_1__C_mara___Sess_o_Ordin_ria_Virtual_de_31_de_agosto_a_0.pdf
PROVAVEL_REVISAR,0.56,mestra\02_Jurisprudencia_e_Orientacoes\Informativos_Julgamentos_TCE_PI,Primeira_C_mara_Virtual_1__C_mara___Sess_o_Ordin_ria_Virtual_de_6_a_10_de_julho_.pdf,mestra\02_Jurisprudencia_e_Orientacoes\Informativos_Julgamentos_TCE_PI\08_Outros_Procedimentos_e_Consultas_TCE_PI.md,2,nao,TEXTO,303,C:\Users\thiagonogueira\OneDrive - mppi.mp.br\CLC\01_Processos_e_Aquisicoes\Base de Conhecimento - Thiago\02_Jurisprudencia_e_Orientacoes\Informativos_Julgamentos_TCE_PI\Primeira_C_mara_Virtual_1__C_mara___Sess_o_Ordin_ria_Virtual_de_6_a_10_de_julho_.pdf
IGUAL,0.78,mestra\02_Jurisprudencia_e_Orientacoes\Informativos_Julgamentos_TCE_PI,Primeira_C_mara_Virtual_1__C_mara___Sess_o_Ordin_ria_Virtual_de_8_a_12_de_junho_.pdf,mestra\02_Jurisprudencia_e_Orientacoes\Informativos_Julgamentos_TCE_PI\08_Outros_Procedimentos_e_Consultas_TCE_PI.md,2,nao,TEXTO,174,C:\Users\thiagonogueira\OneDrive - mppi.mp.br\CLC\01_Processos_e_Aquisicoes\Base de Conhecimento - Thiago\02_Jurisprudencia_e_Orientacoes\Informativos_Julgamentos_TCE_PI\Primeira_C_mara_Virtual_1__C_mara___Sess_o_Ordin_ria_Virtual_de_8_a_12_de_junho_.pdf
IGUAL,0.72,mestra\02_Jurisprudencia_e_Orientacoes\Informativos_Julgamentos_TCE_PI,Segunda_C_mara_Presencial_2__C_mara___Sess_o_Ordin_ria_Presencial_n__01_de_28_de.pdf,mestra\02_Jurisprudencia_e_Orientacoes\Informativos_Julgamentos_TCE_PI\01_Licitacoes_e_Contratos_Julgados_TCE_PI.md,4,nao,TEXTO,427,C:\Users\thiagonogueira\OneDrive - mppi.mp.br\CLC\01_Processos_e_Aquisicoes\Base de Conhecimento - Thiago\02_Jurisprudencia_e_Orientacoes\Informativos_Julgamentos_TCE_PI\Segunda_C_mara_Presencial_2__C_mara___Sess_o_Ordin_ria_Presencial_n__01_de_28_de.pdf
IGUAL,0.78,mestra\02_Jurisprudencia_e_Orientacoes\Informativos_Julgamentos_TCE_PI,Segunda_C_mara_Presencial_2__C_mara___Sess_o_Ordin_ria_Presencial_n__02_de_11_de.pdf,mestra\02_Jurisprudencia_e_Orientacoes\Informativos_Julgamentos_TCE_PI\01_Licitacoes_e_Contratos_Julgados_TCE_PI.md,4,nao,TEXTO,386,C:\Users\thiagonogueira\OneDrive - mppi.mp.br\CLC\01_Processos_e_Aquisicoes\Base de Conhecimento - Thiago\02_Jurisprudencia_e_Orientacoes\Informativos_Julgamentos_TCE_PI\Segunda_C_mara_Presencial_2__C_mara___Sess_o_Ordin_ria_Presencial_n__02_de_11_de.pdf
IGUAL,0.85,mestra\02_Jurisprudencia_e_Orientacoes\Informativos_Julgamentos_TCE_PI,Segunda_C_mara_Presencial_2__C_mara___Sess_o_Ordin_ria_Presencial_n__03_de_25_de.pdf,mestra\02_Jurisprudencia_e_Orientacoes\Informativos_Julgamentos_TCE_PI\08_Outros_Procedimentos_e_Consultas_TCE_PI.md,2,nao,TEXTO,391,C:\Users\thiagonogueira\OneDrive - mppi.mp.br\CLC\01_Processos_e_Aquisicoes\Base de Conhecimento - Thiago\02_Jurisprudencia_e_Orientacoes\Informativos_Julgamentos_TCE_PI\Segunda_C_mara_Presencial_2__C_mara___Sess_o_Ordin_ria_Presencial_n__03_de_25_de.pdf
PROVAVEL_REVISAR,0.46,mestra\02_Jurisprudencia_e_Orientacoes\Informativos_Julgamentos_TCE_PI,Segunda_C_mara_Presencial_2__C_mara___Sess_o_Ordin_ria_Presencial_n__04_de_25_de.pdf,mestra\02_Jurisprudencia_e_Orientacoes\Informativos_Julgamentos_TCE_PI\01_Licitacoes_e_Contratos_Julgados_TCE_PI.md,2,nao,TEXTO,342,C:\Users\thiagonogueira\OneDrive - mppi.mp.br\CLC\01_Processos_e_Aquisicoes\Base de Conhecimento - Thiago\02_Jurisprudencia_e_Orientacoes\Informativos_Julgamentos_TCE_PI\Segunda_C_mara_Presencial_2__C_mara___Sess_o_Ordin_ria_Presencial_n__04_de_25_de.pdf
IGUAL,0.85,mestra\02_Jurisprudencia_e_Orientacoes\Informativos_Julgamentos_TCE_PI,Segunda_C_mara_Presencial_2__C_mara___Sess_o_Ordin_ria_Presencial_n__05_de_8_de_.pdf,mestra\02_Jurisprudencia_e_Orientacoes\Informativos_Julgamentos_TCE_PI\05_Representacoes_Licitantes_TCE_PI.md,2,nao,TEXTO,325,C:\Users\thiagonogueira\OneDrive - mppi.mp.br\CLC\01_Processos_e_Aquisicoes\Base de Conhecimento - Thiago\02_Jurisprudencia_e_Orientacoes\Informativos_Julgamentos_TCE_PI\Segunda_C_mara_Presencial_2__C_mara___Sess_o_Ordin_ria_Presencial_n__05_de_8_de_.pdf
IGUAL,0.68,mestra\02_Jurisprudencia_e_Orientacoes\Informativos_Julgamentos_TCE_PI,Segunda_C_mara_Presencial_2__C_mara___Sess_o_Ordin_ria_Presencial_n__06_de_29_de.pdf,mestra\02_Jurisprudencia_e_Orientacoes\Informativos_Julgamentos_TCE_PI\05_Representacoes_Licitantes_TCE_PI.md,3,nao,TEXTO,370,C:\Users\thiagonogueira\OneDrive - mppi.mp.br\CLC\01_Processos_e_Aquisicoes\Base de Conhecimento - Thiago\02_Jurisprudencia_e_Orientacoes\Informativos_Julgamentos_TCE_PI\Segunda_C_mara_Presencial_2__C_mara___Sess_o_Ordin_ria_Presencial_n__06_de_29_de.pdf
IGUAL,0.67,mestra\02_Jurisprudencia_e_Orientacoes\Informativos_Julgamentos_TCE_PI,Segunda_C_mara_Presencial_2__C_mara___Sess_o_Ordin_ria_Presencial_n__07_de_13_de.pdf,mestra\02_Jurisprudencia_e_Orientacoes\Informativos_Julgamentos_TCE_PI\01_Licitacoes_e_Contratos_Julgados_TCE_PI.md,3,nao,TEXTO,389,C:\Users\thiagonogueira\OneDrive - mppi.mp.br\CLC\01_Processos_e_Aquisicoes\Base de Conhecimento - Thiago\02_Jurisprudencia_e_Orientacoes\Informativos_Julgamentos_TCE_PI\Segunda_C_mara_Presencial_2__C_mara___Sess_o_Ordin_ria_Presencial_n__07_de_13_de.pdf
IGUAL,0.66,mestra\02_Jurisprudencia_e_Orientacoes\Informativos_Julgamentos_TCE_PI,Segunda_C_mara_Presencial_2__C_mara___Sess_o_Ordin_ria_Presencial_n__08_de_27_de.pdf,mestra\02_Jurisprudencia_e_Orientacoes\Informativos_Julgamentos_TCE_PI\01_Licitacoes_e_Contratos_Julgados_TCE_PI.md,5,nao,TEXTO,419,C:\Users\thiagonogueira\OneDrive - mppi.mp.br\CLC\01_Processos_e_Aquisicoes\Base de Conhecimento - Thiago\02_Jurisprudencia_e_Orientacoes\Informativos_Julgamentos_TCE_PI\Segunda_C_mara_Presencial_2__C_mara___Sess_o_Ordin_ria_Presencial_n__08_de_27_de.pdf
IGUAL,0.7,mestra\02_Jurisprudencia_e_Orientacoes\Informativos_Julgamentos_TCE_PI,Segunda_C_mara_Presencial_2__C_mara___Sess_o_Ordin_ria_Presencial_n__09_de_10_de.pdf,mestra\02_Jurisprudencia_e_Orientacoes\Informativos_Julgamentos_TCE_PI\01_Licitacoes_e_Contratos_Julgados_TCE_PI.md,2,nao,TEXTO,419,C:\Users\thiagonogueira\OneDrive - mppi.mp.br\CLC\01_Processos_e_Aquisicoes\Base de Conhecimento - Thiago\02_Jurisprudencia_e_Orientacoes\Informativos_Julgamentos_TCE_PI\Segunda_C_mara_Presencial_2__C_mara___Sess_o_Ordin_ria_Presencial_n__09_de_10_de.pdf
IGUAL,0.61,mestra\02_Jurisprudencia_e_Orientacoes\Informativos_Julgamentos_TCE_PI,Segunda_C_mara_Presencial_2__C_mara___Sess_o_Ordin_ria_Presencial_n__10_de_24_de.pdf,mestra\02_Jurisprudencia_e_Orientacoes\Informativos_Julgamentos_TCE_PI\02_Denuncias_Licitacoes_e_Fraudes_TCE_PI.md,5,nao,TEXTO,284,C:\Users\thiagonogueira\OneDrive - mppi.mp.br\CLC\01_Processos_e_Aquisicoes\Base de Conhecimento - Thiago\02_Jurisprudencia_e_Orientacoes\Informativos_Julgamentos_TCE_PI\Segunda_C_mara_Presencial_2__C_mara___Sess_o_Ordin_ria_Presencial_n__10_de_24_de.pdf
PROVAVEL_REVISAR,0.47,mestra\02_Jurisprudencia_e_Orientacoes\Informativos_Julgamentos_TCE_PI,Segunda_C_mara_Presencial_2__C_mara___Sess_o_Ordin_ria_Presencial_n__11_de_08_de.pdf,mestra\02_Jurisprudencia_e_Orientacoes\Informativos_Julgamentos_TCE_PI\01_Licitacoes_e_Contratos_Julgados_TCE_PI.md,4,nao,TEXTO,408,C:\Users\thiagonogueira\OneDrive - mppi.mp.br\CLC\01_Processos_e_Aquisicoes\Base de Conhecimento - Thiago\02_Jurisprudencia_e_Orientacoes\Informativos_Julgamentos_TCE_PI\Segunda_C_mara_Presencial_2__C_mara___Sess_o_Ordin_ria_Presencial_n__11_de_08_de.pdf
PROVAVEL_REVISAR,0.54,mestra\02_Jurisprudencia_e_Orientacoes\Informativos_Julgamentos_TCE_PI,Segunda_C_mara_Presencial_2__C_mara___Sess_o_Ordin_ria_Presencial_n__12_de_22_de.pdf,mestra\02_Jurisprudencia_e_Orientacoes\Informativos_Julgamentos_TCE_PI\01_Licitacoes_e_Contratos_Julgados_TCE_PI.md,3,nao,TEXTO,409,C:\Users\thiagonogueira\OneDrive - mppi.mp.br\CLC\01_Processos_e_Aquisicoes\Base de Conhecimento - Thiago\02_Jurisprudencia_e_Orientacoes\Informativos_Julgamentos_TCE_PI\Segunda_C_mara_Presencial_2__C_mara___Sess_o_Ordin_ria_Presencial_n__12_de_22_de.pdf
PROVAVEL_REVISAR,0.6,mestra\02_Jurisprudencia_e_Orientacoes\Informativos_Julgamentos_TCE_PI,Segunda_C_mara_Presencial_2__C_mara___Sess_o_Ordin_ria_Presencial_n__13_de_05_de.pdf,mestra\02_Jurisprudencia_e_Orientacoes\Informativos_Julgamentos_TCE_PI\01_Licitacoes_e_Contratos_Julgados_TCE_PI.md,4,nao,TEXTO,426,C:\Users\thiagonogueira\OneDrive - mppi.mp.br\CLC\01_Processos_e_Aquisicoes\Base de Conhecimento - Thiago\02_Jurisprudencia_e_Orientacoes\Informativos_Julgamentos_TCE_PI\Segunda_C_mara_Presencial_2__C_mara___Sess_o_Ordin_ria_Presencial_n__13_de_05_de.pdf
IGUAL,0.6,mestra\02_Jurisprudencia_e_Orientacoes\Informativos_Julgamentos_TCE_PI,Segunda_C_mara_Presencial_2__C_mara___Sess_o_Ordin_ria_Presencial_n__14_de_19_de.pdf,mestra\02_Jurisprudencia_e_Orientacoes\Informativos_Julgamentos_TCE_PI\02_Denuncias_Licitacoes_e_Fraudes_TCE_PI.md,4,nao,TEXTO,433,C:\Users\thiagonogueira\OneDrive - mppi.mp.br\CLC\01_Processos_e_Aquisicoes\Base de Conhecimento - Thiago\02_Jurisprudencia_e_Orientacoes\Informativos_Julgamentos_TCE_PI\Segunda_C_mara_Presencial_2__C_mara___Sess_o_Ordin_ria_Presencial_n__14_de_19_de.pdf
IGUAL,0.66,mestra\02_Jurisprudencia_e_Orientacoes\Informativos_Julgamentos_TCE_PI,Segunda_C_mara_Presencial_2__C_mara___Sess_o_Ordin_ria_Presencial_n__15_de_02_de.pdf,mestra\02_Jurisprudencia_e_Orientacoes\Informativos_Julgamentos_TCE_PI\01_Licitacoes_e_Contratos_Julgados_TCE_PI.md,4,nao,TEXTO,431,C:\Users\thiagonogueira\OneDrive - mppi.mp.br\CLC\01_Processos_e_Aquisicoes\Base de Conhecimento - Thiago\02_Jurisprudencia_e_Orientacoes\Informativos_Julgamentos_TCE_PI\Segunda_C_mara_Presencial_2__C_mara___Sess_o_Ordin_ria_Presencial_n__15_de_02_de.pdf
IGUAL,0.61,mestra\02_Jurisprudencia_e_Orientacoes\Informativos_Julgamentos_TCE_PI,Segunda_C_mara_Presencial_2__C_mara___Sess_o_Ordin_ria_Presencial_n__16_de_16_de.pdf,mestra\02_Jurisprudencia_e_Orientacoes\Informativos_Julgamentos_TCE_PI\01_Licitacoes_e_Contratos_Julgados_TCE_PI.md,4,nao,TEXTO,431,C:\Users\thiagonogueira\OneDrive - mppi.mp.br\CLC\01_Processos_e_Aquisicoes\Base de Conhecimento - Thiago\02_Jurisprudencia_e_Orientacoes\Informativos_Julgamentos_TCE_PI\Segunda_C_mara_Presencial_2__C_mara___Sess_o_Ordin_ria_Presencial_n__16_de_16_de.pdf
IGUAL,0.7,mestra\02_Jurisprudencia_e_Orientacoes\Informativos_Julgamentos_TCE_PI,Segunda_C_mara_Presencial_Segunda_C_mara___Sess_o_de_Julgamento_Presencial_n__18.pdf,mestra\02_Jurisprudencia_e_Orientacoes\Informativos_Julgamentos_TCE_PI\08_Outros_Procedimentos_e_Consultas_TCE_PI.md,3,nao,TEXTO,255,C:\Users\thiagonogueira\OneDrive - mppi.mp.br\CLC\01_Processos_e_Aquisicoes\Base de Conhecimento - Thiago\02_Jurisprudencia_e_Orientacoes\Informativos_Julgamentos_TCE_PI\Segunda_C_mara_Presencial_Segunda_C_mara___Sess_o_de_Julgamento_Presencial_n__18.pdf
IGUAL,0.68,mestra\02_Jurisprudencia_e_Orientacoes\Informativos_Julgamentos_TCE_PI,Segunda_C_mara_Presencial_Segunda_C_mara___Sess_o_de_Julgamento_Presencial_n__19.pdf,mestra\02_Jurisprudencia_e_Orientacoes\Informativos_Julgamentos_TCE_PI\04_Tomadas_de_Contas_Especiais_TCE_PI.md,2,nao,TEXTO,199,C:\Users\thiagonogueira\OneDrive - mppi.mp.br\CLC\01_Processos_e_Aquisicoes\Base de Conhecimento - Thiago\02_Jurisprudencia_e_Orientacoes\Informativos_Julgamentos_TCE_PI\Segunda_C_mara_Presencial_Segunda_C_mara___Sess_o_de_Julgamento_Presencial_n__19.pdf
IGUAL,0.71,mestra\02_Jurisprudencia_e_Orientacoes\Informativos_Julgamentos_TCE_PI,Segunda_C_mara_Presencial_Segunda_C_mara___Sess_o_de_Julgamento_Presencial_n__20.pdf,mestra\02_Jurisprudencia_e_Orientacoes\Informativos_Julgamentos_TCE_PI\02_Denuncias_Licitacoes_e_Fraudes_TCE_PI.md,2,nao,TEXTO,356,C:\Users\thiagonogueira\OneDrive - mppi.mp.br\CLC\01_Processos_e_Aquisicoes\Base de Conhecimento - Thiago\02_Jurisprudencia_e_Orientacoes\Informativos_Julgamentos_TCE_PI\Segunda_C_mara_Presencial_Segunda_C_mara___Sess_o_de_Julgamento_Presencial_n__20.pdf
IGUAL,0.72,mestra\02_Jurisprudencia_e_Orientacoes\Informativos_Julgamentos_TCE_PI,Segunda_C_mara_Virtual_2__C_mara___Sess_o_Ordin_ria_Virtual_de_01_a_05_de_junho_.pdf,mestra\02_Jurisprudencia_e_Orientacoes\Informativos_Julgamentos_TCE_PI\08_Outros_Procedimentos_e_Consultas_TCE_PI.md,5,nao,TEXTO,341,C:\Users\thiagonogueira\OneDrive - mppi.mp.br\CLC\01_Processos_e_Aquisicoes\Base de Conhecimento - Thiago\02_Jurisprudencia_e_Orientacoes\Informativos_Julgamentos_TCE_PI\Segunda_C_mara_Virtual_2__C_mara___Sess_o_Ordin_ria_Virtual_de_01_a_05_de_junho_.pdf
PROVAVEL_REVISAR,0.57,mestra\02_Jurisprudencia_e_Orientacoes\Informativos_Julgamentos_TCE_PI,Segunda_C_mara_Virtual_2__C_mara___Sess_o_Ordin_ria_Virtual_de_03_a_07_de_agosto.pdf,mestra\02_Jurisprudencia_e_Orientacoes\Informativos_Julgamentos_TCE_PI\02_Denuncias_Licitacoes_e_Fraudes_TCE_PI.md,5,nao,TEXTO,343,C:\Users\thiagonogueira\OneDrive - mppi.mp.br\CLC\01_Processos_e_Aquisicoes\Base de Conhecimento - Thiago\02_Jurisprudencia_e_Orientacoes\Informativos_Julgamentos_TCE_PI\Segunda_C_mara_Virtual_2__C_mara___Sess_o_Ordin_ria_Virtual_de_03_a_07_de_agosto.pdf
PROVAVEL_REVISAR,0.59,mestra\02_Jurisprudencia_e_Orientacoes\Informativos_Julgamentos_TCE_PI,Segunda_C_mara_Virtual_2__C_mara___Sess_o_Ordin_ria_Virtual_de_06_a_10_de_julho_.pdf,mestra\02_Jurisprudencia_e_Orientacoes\Informativos_Julgamentos_TCE_PI\08_Outros_Procedimentos_e_Consultas_TCE_PI.md,5,nao,TEXTO,334,C:\Users\thiagonogueira\OneDrive - mppi.mp.br\CLC\01_Processos_e_Aquisicoes\Base de Conhecimento - Thiago\02_Jurisprudencia_e_Orientacoes\Informativos_Julgamentos_TCE_PI\Segunda_C_mara_Virtual_2__C_mara___Sess_o_Ordin_ria_Virtual_de_06_a_10_de_julho_.pdf
PROVAVEL_REVISAR,0.45,mestra\02_Jurisprudencia_e_Orientacoes\Informativos_Julgamentos_TCE_PI,Segunda_C_mara_Virtual_2__C_mara___Sess_o_Ordin_ria_Virtual_de_08_a_11_de_setemb.pdf,mestra\02_Jurisprudencia_e_Orientacoes\Informativos_Julgamentos_TCE_PI\05_Representacoes_Licitantes_TCE_PI.md,2,nao,TEXTO,318,C:\Users\thiagonogueira\OneDrive - mppi.mp.br\CLC\01_Processos_e_Aquisicoes\Base de Conhecimento - Thiago\02_Jurisprudencia_e_Orientacoes\Informativos_Julgamentos_TCE_PI\Segunda_C_mara_Virtual_2__C_mara___Sess_o_Ordin_ria_Virtual_de_08_a_11_de_setemb.pdf
PROVAVEL_REVISAR,0.59,mestra\02_Jurisprudencia_e_Orientacoes\Informativos_Julgamentos_TCE_PI,Segunda_C_mara_Virtual_2__C_mara___Sess_o_Ordin_ria_Virtual_de_08_a_12_de_junho_.pdf,mestra\02_Jurisprudencia_e_Orientacoes\Informativos_Julgamentos_TCE_PI\08_Outros_Procedimentos_e_Consultas_TCE_PI.md,3,nao,TEXTO,324,C:\Users\thiagonogueira\OneDrive - mppi.mp.br\CLC\01_Processos_e_Aquisicoes\Base de Conhecimento - Thiago\02_Jurisprudencia_e_Orientacoes\Informativos_Julgamentos_TCE_PI\Segunda_C_mara_Virtual_2__C_mara___Sess_o_Ordin_ria_Virtual_de_08_a_12_de_junho_.pdf
PROVAVEL_REVISAR,0.46,mestra\02_Jurisprudencia_e_Orientacoes\Informativos_Julgamentos_TCE_PI,Segunda_C_mara_Virtual_2__C_mara___Sess_o_Ordin_ria_Virtual_de_10_a_14_de_agosto.pdf,mestra\02_Jurisprudencia_e_Orientacoes\Informativos_Julgamentos_TCE_PI\02_Denuncias_Licitacoes_e_Fraudes_TCE_PI.md,4,nao,TEXTO,337,C:\Users\thiagonogueira\OneDrive - mppi.mp.br\CLC\01_Processos_e_Aquisicoes\Base de Conhecimento - Thiago\02_Jurisprudencia_e_Orientacoes\Informativos_Julgamentos_TCE_PI\Segunda_C_mara_Virtual_2__C_mara___Sess_o_Ordin_ria_Virtual_de_10_a_14_de_agosto.pdf
IGUAL,0.66,mestra\02_Jurisprudencia_e_Orientacoes\Informativos_Julgamentos_TCE_PI,Segunda_C_mara_Virtual_2__C_mara___Sess_o_Ordin_ria_Virtual_de_11_a_15_de_maio_d.pdf,mestra\02_Jurisprudencia_e_Orientacoes\Informativos_Julgamentos_TCE_PI\08_Outros_Procedimentos_e_Consultas_TCE_PI.md,3,nao,TEXTO,318,C:\Users\thiagonogueira\OneDrive - mppi.mp.br\CLC\01_Processos_e_Aquisicoes\Base de Conhecimento - Thiago\02_Jurisprudencia_e_Orientacoes\Informativos_Julgamentos_TCE_PI\Segunda_C_mara_Virtual_2__C_mara___Sess_o_Ordin_ria_Virtual_de_11_a_15_de_maio_d.pdf
IGUAL,0.62,mestra\02_Jurisprudencia_e_Orientacoes\Informativos_Julgamentos_TCE_PI,Segunda_C_mara_Virtual_2__C_mara___Sess_o_Ordin_ria_Virtual_de_13_a_17_de_julho_.pdf,mestra\02_Jurisprudencia_e_Orientacoes\Informativos_Julgamentos_TCE_PI\08_Outros_Procedimentos_e_Consultas_TCE_PI.md,2,nao,TEXTO,302,C:\Users\thiagonogueira\OneDrive - mppi.mp.br\CLC\01_Processos_e_Aquisicoes\Base de Conhecimento - Thiago\02_Jurisprudencia_e_Orientacoes\Informativos_Julgamentos_TCE_PI\Segunda_C_mara_Virtual_2__C_mara___Sess_o_Ordin_ria_Virtual_de_13_a_17_de_julho_.pdf
PROVAVEL_REVISAR,0.59,mestra\02_Jurisprudencia_e_Orientacoes\Informativos_Julgamentos_TCE_PI,Segunda_C_mara_Virtual_2__C_mara___Sess_o_Ordin_ria_Virtual_de_14_a_18_de_setemb.pdf,mestra\02_Jurisprudencia_e_Orientacoes\Informativos_Julgamentos_TCE_PI\02_Denuncias_Licitacoes_e_Fraudes_TCE_PI.md,3,nao,TEXTO,322,C:\Users\thiagonogueira\OneDrive - mppi.mp.br\CLC\01_Processos_e_Aquisicoes\Base de Conhecimento - Thiago\02_Jurisprudencia_e_Orientacoes\Informativos_Julgamentos_TCE_PI\Segunda_C_mara_Virtual_2__C_mara___Sess_o_Ordin_ria_Virtual_de_14_a_18_de_setemb.pdf
PROVAVEL_REVISAR,0.48,mestra\02_Jurisprudencia_e_Orientacoes\Informativos_Julgamentos_TCE_PI,Segunda_C_mara_Virtual_2__C_mara___Sess_o_Ordin_ria_Virtual_de_15_a_19_de_junho_.pdf,mestra\02_Jurisprudencia_e_Orientacoes\Informativos_Julgamentos_TCE_PI\08_Outros_Procedimentos_e_Consultas_TCE_PI.md,4,nao,TEXTO,338,C:\Users\thiagonogueira\OneDrive - mppi.mp.br\CLC\01_Processos_e_Aquisicoes\Base de Conhecimento - Thiago\02_Jurisprudencia_e_Orientacoes\Informativos_Julgamentos_TCE_PI\Segunda_C_mara_Virtual_2__C_mara___Sess_o_Ordin_ria_Virtual_de_15_a_19_de_junho_.pdf
PROVAVEL_REVISAR,0.55,mestra\02_Jurisprudencia_e_Orientacoes\Informativos_Julgamentos_TCE_PI,Segunda_C_mara_Virtual_2__C_mara___Sess_o_Ordin_ria_Virtual_de_17_a_21_de_agosto.pdf,mestra\02_Jurisprudencia_e_Orientacoes\Informativos_Julgamentos_TCE_PI\02_Denuncias_Licitacoes_e_Fraudes_TCE_PI.md,4,nao,TEXTO,332,C:\Users\thiagonogueira\OneDrive - mppi.mp.br\CLC\01_Processos_e_Aquisicoes\Base de Conhecimento - Thiago\02_Jurisprudencia_e_Orientacoes\Informativos_Julgamentos_TCE_PI\Segunda_C_mara_Virtual_2__C_mara___Sess_o_Ordin_ria_Virtual_de_17_a_21_de_agosto.pdf
PROVAVEL_REVISAR,0.5,mestra\02_Jurisprudencia_e_Orientacoes\Informativos_Julgamentos_TCE_PI,Segunda_C_mara_Virtual_2__C_mara___Sess_o_Ordin_ria_Virtual_de_20_a_24_de_julho_.pdf,mestra\02_Jurisprudencia_e_Orientacoes\Informativos_Julgamentos_TCE_PI\08_Outros_Procedimentos_e_Consultas_TCE_PI.md,1,nao,TEXTO,286,C:\Users\thiagonogueira\OneDrive - mppi.mp.br\CLC\01_Processos_e_Aquisicoes\Base de Conhecimento - Thiago\02_Jurisprudencia_e_Orientacoes\Informativos_Julgamentos_TCE_PI\Segunda_C_mara_Virtual_2__C_mara___Sess_o_Ordin_ria_Virtual_de_20_a_24_de_julho_.pdf
PROVAVEL_REVISAR,0.42,mestra\02_Jurisprudencia_e_Orientacoes\Informativos_Julgamentos_TCE_PI,Segunda_C_mara_Virtual_2__C_mara___Sess_o_Ordin_ria_Virtual_de_21_a_25_de_setemb.pdf,mestra\02_Jurisprudencia_e_Orientacoes\Informativos_Julgamentos_TCE_PI\02_Denuncias_Licitacoes_e_Fraudes_TCE_PI.md,3,nao,TEXTO,328,C:\Users\thiagonogueira\OneDrive - mppi.mp.br\CLC\01_Processos_e_Aquisicoes\Base de Conhecimento - Thiago\02_Jurisprudencia_e_Orientacoes\Informativos_Julgamentos_TCE_PI\Segunda_C_mara_Virtual_2__C_mara___Sess_o_Ordin_ria_Virtual_de_21_a_25_de_setemb.pdf
IGUAL,0.6,mestra\02_Jurisprudencia_e_Orientacoes\Informativos_Julgamentos_TCE_PI,Segunda_C_mara_Virtual_2__C_mara___Sess_o_Ordin_ria_Virtual_de_22_a_26_de_junho_.pdf,mestra\02_Jurisprudencia_e_Orientacoes\Informativos_Julgamentos_TCE_PI\08_Outros_Procedimentos_e_Consultas_TCE_PI.md,3,nao,TEXTO,313,C:\Users\thiagonogueira\OneDrive - mppi.mp.br\CLC\01_Processos_e_Aquisicoes\Base de Conhecimento - Thiago\02_Jurisprudencia_e_Orientacoes\Informativos_Julgamentos_TCE_PI\Segunda_C_mara_Virtual_2__C_mara___Sess_o_Ordin_ria_Virtual_de_22_a_26_de_junho_.pdf
PROVAVEL_REVISAR,0.58,mestra\02_Jurisprudencia_e_Orientacoes\Informativos_Julgamentos_TCE_PI,Segunda_C_mara_Virtual_2__C_mara___Sess_o_Ordin_ria_Virtual_de_25_a_29_de_maio_d.pdf,mestra\02_Jurisprudencia_e_Orientacoes\Informativos_Julgamentos_TCE_PI\08_Outros_Procedimentos_e_Consultas_TCE_PI.md,6,nao,TEXTO,371,C:\Users\thiagonogueira\OneDrive - mppi.mp.br\CLC\01_Processos_e_Aquisicoes\Base de Conhecimento - Thiago\02_Jurisprudencia_e_Orientacoes\Informativos_Julgamentos_TCE_PI\Segunda_C_mara_Virtual_2__C_mara___Sess_o_Ordin_ria_Virtual_de_25_a_29_de_maio_d.pdf
IGUAL,0.61,mestra\02_Jurisprudencia_e_Orientacoes\Informativos_Julgamentos_TCE_PI,Segunda_C_mara_Virtual_2__C_mara___Sess_o_Ordin_ria_Virtual_de_27_a_31_de_julho_.pdf,mestra\02_Jurisprudencia_e_Orientacoes\Informativos_Julgamentos_TCE_PI\08_Outros_Procedimentos_e_Consultas_TCE_PI.md,3,nao,TEXTO,289,C:\Users\thiagonogueira\OneDrive - mppi.mp.br\CLC\01_Processos_e_Aquisicoes\Base de Conhecimento - Thiago\02_Jurisprudencia_e_Orientacoes\Informativos_Julgamentos_TCE_PI\Segunda_C_mara_Virtual_2__C_mara___Sess_o_Ordin_ria_Virtual_de_27_a_31_de_julho_.pdf
PROVAVEL_REVISAR,0.48,mestra\02_Jurisprudencia_e_Orientacoes\Informativos_Julgamentos_TCE_PI,Segunda_C_mara_Virtual_2__C_mara___Sess_o_Ordin_ria_Virtual_de_28_de_setembro_a_.pdf,mestra\02_Jurisprudencia_e_Orientacoes\Informativos_Julgamentos_TCE_PI\08_Outros_Procedimentos_e_Consultas_TCE_PI.md,2,nao,TEXTO,333,C:\Users\thiagonogueira\OneDrive - mppi.mp.br\CLC\01_Processos_e_Aquisicoes\Base de Conhecimento - Thiago\02_Jurisprudencia_e_Orientacoes\Informativos_Julgamentos_TCE_PI\Segunda_C_mara_Virtual_2__C_mara___Sess_o_Ordin_ria_Virtual_de_28_de_setembro_a_.pdf
PROVAVEL_REVISAR,0.56,mestra\02_Jurisprudencia_e_Orientacoes\Informativos_Julgamentos_TCE_PI,Segunda_C_mara_Virtual_2__C_mara___Sess_o_Ordin_ria_Virtual_de_29_de_junho_a_03_.pdf,mestra\02_Jurisprudencia_e_Orientacoes\Informativos_Julgamentos_TCE_PI\08_Outros_Procedimentos_e_Consultas_TCE_PI.md,2,nao,TEXTO,308,C:\Users\thiagonogueira\OneDrive - mppi.mp.br\CLC\01_Processos_e_Aquisicoes\Base de Conhecimento - Thiago\02_Jurisprudencia_e_Orientacoes\Informativos_Julgamentos_TCE_PI\Segunda_C_mara_Virtual_2__C_mara___Sess_o_Ordin_ria_Virtual_de_29_de_junho_a_03_.pdf
PROVAVEL_REVISAR,0.43,mestra\02_Jurisprudencia_e_Orientacoes\Informativos_Julgamentos_TCE_PI,Segunda_C_mara_Virtual_2__C_mara___Sess_o_Ordin_ria_Virtual_de_31_de_agosto_a_04.pdf,mestra\02_Jurisprudencia_e_Orientacoes\Informativos_Julgamentos_TCE_PI\08_Outros_Procedimentos_e_Consultas_TCE_PI.md,4,nao,TEXTO,328,C:\Users\thiagonogueira\OneDrive - mppi.mp.br\CLC\01_Processos_e_Aquisicoes\Base de Conhecimento - Thiago\02_Jurisprudencia_e_Orientacoes\Informativos_Julgamentos_TCE_PI\Segunda_C_mara_Virtual_2__C_mara___Sess_o_Ordin_ria_Virtual_de_31_de_agosto_a_04.pdf
IGUAL,0.99,mestra\02_Jurisprudencia_e_Orientacoes\MJRs_MPPI,Manifestação Jurídico Referencial - MJR - n92 - 2024.pdf,mestra\02_Jurisprudencia_e_Orientacoes\MJRs_MPPI\MJR nº 922024APPL - Dispensa de Licitação - Art 75 I e II\MJR 92 - Contratações Diretas - Art 75 I e II.md,40,nao,TEXTO,423,C:\Users\thiagonogueira\OneDrive - mppi.mp.br\CLC\01_Processos_e_Aquisicoes\Base de Conhecimento - Thiago\02_Jurisprudencia_e_Orientacoes\MJRs_MPPI\Manifestação Jurídico Referencial - MJR - n92 - 2024.pdf
IGUAL,0.94,mestra\02_Jurisprudencia_e_Orientacoes\MJRs_MPPI,MJR 56 - Pedido de Substituição de Marca.pdf,mestra\02_Jurisprudencia_e_Orientacoes\MJRs_MPPI\MJR nº 562025APPL - Troca de Marca Contrato ou ARP\MJR 56 - Pedido de Substituicao de Marca Contrato ou ARP.md,28,sim,ESCANEADO_OU_POUCO_TEXTO,14611,C:\Users\thiagonogueira\OneDrive - mppi.mp.br\CLC\01_Processos_e_Aquisicoes\Base de Conhecimento - Thiago\02_Jurisprudencia_e_Orientacoes\MJRs_MPPI\MJR 56 - Pedido de Substituição de Marca.pdf
DISTINTO,0.12,mestra\02_Jurisprudencia_e_Orientacoes\MJRs_MPPI,MJR n56 - 2025 - Substituição de Marca.pdf,mestra\01_Normativos_Vigentes\03_MPPI\Portarias\Portaria PGJ 3172.2025 - Designacoes e Atribuicoes Administrativas.md,2,nao,TEXTO,111,C:\Users\thiagonogueira\OneDrive - mppi.mp.br\CLC\01_Processos_e_Aquisicoes\Base de Conhecimento - Thiago\02_Jurisprudencia_e_Orientacoes\MJRs_MPPI\MJR n56 - 2025 - Substituição de Marca.pdf
DISTINTO,0.08,mestra\03_Modelos_e_Minutas\Modelos_MPPI_CLC,TAPP DIMPLANC 006_2024-0 (CMAD) - Lavagem a seco de togas.pdf,mestra\03_Modelos_e_Minutas\Modelos_MPPE\TR - Termo de Referencia MPPE - Versao 3.0.md,11,nao,TEXTO,1468,C:\Users\thiagonogueira\OneDrive - mppi.mp.br\CLC\01_Processos_e_Aquisicoes\Base de Conhecimento - Thiago\03_Modelos_e_Minutas\Modelos_MPPI_CLC\TAPP DIMPLANC 006_2024-0 (CMAD) - Lavagem a seco de togas.pdf
IGUAL,0.98,mestra\03_Modelos_e_Minutas\Modelos_SEAD_PI,CARTILHA-DE-MENSAGENS-PADRONIZADAS-PARA-AGENTE-DE-CONTRATACAO.pdf,mestra\03_Modelos_e_Minutas\Modelos_SEAD_PI\Cartilha de Mensagens Padronizadas para Agente de Contratacao (SEAD-PI).md,37,sim,TEXTO,10831,C:\Users\thiagonogueira\OneDrive - mppi.mp.br\CLC\01_Processos_e_Aquisicoes\Base de Conhecimento - Thiago\03_Modelos_e_Minutas\Modelos_SEAD_PI\CARTILHA-DE-MENSAGENS-PADRONIZADAS-PARA-AGENTE-DE-CONTRATACAO.pdf
DISTINTO,0.08,mestra\04_Sistemas_e_Catalogos\Manuais_Sistemas_Oficiais,"Compras.gov.br - Tutorial de eventos de anulação, suspensão e revogação.pdf",mestra\04_Sistemas_e_Catalogos\Manuais_Sistemas_Oficiais\Compras.gov.br - Tutorial de Publicacao de Dispensas SEM Disputa e Inexigibilidades no Novo DC.md,1,nao,TEXTO,7232,"C:\Users\thiagonogueira\OneDrive - mppi.mp.br\CLC\01_Processos_e_Aquisicoes\Base de Conhecimento - Thiago\04_Sistemas_e_Catalogos\Manuais_Sistemas_Oficiais\Compras.gov.br - Tutorial de eventos de anulação, suspensão e revogação.pdf"
DISTINTO,0.05,mestra\04_Sistemas_e_Catalogos\Manuais_Sistemas_Oficiais,Compras.gov.br – Eventos de alteração em procedimento auxiliar de credenciamento - mar-2025.pdf,mestra\04_Sistemas_e_Catalogos\Manuais_Sistemas_Oficiais\Compras.gov.br - Tutorial de Publicacao de Dispensas SEM Disputa e Inexigibilidades no Novo DC.md,1,nao,TEXTO,5240,C:\Users\thiagonogueira\OneDrive - mppi.mp.br\CLC\01_Processos_e_Aquisicoes\Base de Conhecimento - Thiago\04_Sistemas_e_Catalogos\Manuais_Sistemas_Oficiais\Compras.gov.br – Eventos de alteração em procedimento auxiliar de credenciamento - mar-2025.pdf
DISTINTO,0.04,mestra\04_Sistemas_e_Catalogos\Manuais_Sistemas_Oficiais,Compras.gov.br – Novo divulgação de contratações - Evento de alteração - abr-2024.pdf,mestra\04_Sistemas_e_Catalogos\Manuais_Sistemas_Oficiais\Compras.gov.br - Tutorial de Publicacao de Dispensas SEM Disputa e Inexigibilidades no Novo DC.md,9,sim,TEXTO,10075,C:\Users\thiagonogueira\OneDrive - mppi.mp.br\CLC\01_Processos_e_Aquisicoes\Base de Conhecimento - Thiago\04_Sistemas_e_Catalogos\Manuais_Sistemas_Oficiais\Compras.gov.br – Novo divulgação de contratações - Evento de alteração - abr-2024.pdf
DISTINTO,0.01,mestra\04_Sistemas_e_Catalogos\Manuais_Sistemas_Oficiais,Compras.gov.br – Tutorial compras executivo (jan-2026).pdf,mestra\01_Normativos_Vigentes\01_Federal\Manuais_e_Guias_Tecnicos\Federal - mto_2026_-_versao_5_.md,11,nao,TEXTO,3102,C:\Users\thiagonogueira\OneDrive - mppi.mp.br\CLC\01_Processos_e_Aquisicoes\Base de Conhecimento - Thiago\04_Sistemas_e_Catalogos\Manuais_Sistemas_Oficiais\Compras.gov.br – Tutorial compras executivo (jan-2026).pdf
DISTINTO,0.04,mestra\04_Sistemas_e_Catalogos\Manuais_Sistemas_Oficiais,Compras.gov.br – Tutorial de como copiar e compartilhar cotações  no Pesquisa de Preço.pdf,mestra\04_Sistemas_e_Catalogos\Manuais_Sistemas_Oficiais\Compras.gov.br - Tutorial de Publicacao de Dispensas SEM Disputa e Inexigibilidades no Novo DC.md,10,nao,TEXTO,4183,C:\Users\thiagonogueira\OneDrive - mppi.mp.br\CLC\01_Processos_e_Aquisicoes\Base de Conhecimento - Thiago\04_Sistemas_e_Catalogos\Manuais_Sistemas_Oficiais\Compras.gov.br – Tutorial de como copiar e compartilhar cotações  no Pesquisa de Preço.pdf
DISTINTO,0.05,mestra\04_Sistemas_e_Catalogos\Manuais_Sistemas_Oficiais,Compras.gov.br – Tutorial de como criar matriz de riscos.pdf,mestra\04_Sistemas_e_Catalogos\Manuais_Sistemas_Oficiais\Compras.gov.br - Tutorial de Publicacao de Dispensas COM Disputa no Novo DC.md,34,nao,TEXTO,25545,C:\Users\thiagonogueira\OneDrive - mppi.mp.br\CLC\01_Processos_e_Aquisicoes\Base de Conhecimento - Thiago\04_Sistemas_e_Catalogos\Manuais_Sistemas_Oficiais\Compras.gov.br – Tutorial de como criar matriz de riscos.pdf
IGUAL,1.0,mestra\04_Sistemas_e_Catalogos\Manuais_Sistemas_Oficiais,Compras.gov.br – Tutorial de como publicar dispensas com disputa no Novo DC.pdf,mestra\04_Sistemas_e_Catalogos\Manuais_Sistemas_Oficiais\Compras.gov.br - Tutorial de Publicacao de Dispensas COM Disputa no Novo DC.md,37,nao,TEXTO,12773,C:\Users\thiagonogueira\OneDrive - mppi.mp.br\CLC\01_Processos_e_Aquisicoes\Base de Conhecimento - Thiago\04_Sistemas_e_Catalogos\Manuais_Sistemas_Oficiais\Compras.gov.br – Tutorial de como publicar dispensas com disputa no Novo DC.pdf
IGUAL,1.0,mestra\04_Sistemas_e_Catalogos\Manuais_Sistemas_Oficiais,Compras.gov.br – Tutorial de como publicar dispensas sem disputa e inexibilidades no Novo DC.pdf,mestra\04_Sistemas_e_Catalogos\Manuais_Sistemas_Oficiais\Compras.gov.br - Tutorial de Publicacao de Dispensas SEM Disputa e Inexigibilidades no Novo DC.md,11,nao,TEXTO,4728,C:\Users\thiagonogueira\OneDrive - mppi.mp.br\CLC\01_Processos_e_Aquisicoes\Base de Conhecimento - Thiago\04_Sistemas_e_Catalogos\Manuais_Sistemas_Oficiais\Compras.gov.br – Tutorial de como publicar dispensas sem disputa e inexibilidades no Novo DC.pdf
DISTINTO,0.07,mestra\04_Sistemas_e_Catalogos\Manuais_Sistemas_Oficiais,Compras.gov.br – Tutorial de publicação de dispensa eletrônicas e inexibilidades da medida provisória n° 1.22.pdf,mestra\05_Doutrina_e_Biblioteca\Biblioteca_Manuais_e_Cursos\Guia Pratico CGU - Contratacoes em Situacoes de Calamidade Publica - MP 1221.md,1,sim,ERRO_ABERTURA,30312,C:\Users\thiagonogueira\OneDrive - mppi.mp.br\CLC\01_Processos_e_Aquisicoes\Base de Conhecimento - Thiago\04_Sistemas_e_Catalogos\Manuais_Sistemas_Oficiais\Compras.gov.br – Tutorial de publicação de dispensa eletrônicas e inexibilidades da medida provisória n° 1.22.pdf
DISTINTO,0.04,mestra\04_Sistemas_e_Catalogos\Manuais_Sistemas_Oficiais,"Compras.gov.br – Tutorial para critério de julgamento, melhor técnica ou conteúdo artístico - jun-2024.pdf",mestra\05_Doutrina_e_Biblioteca\Biblioteca_Manuais_e_Cursos\Manual Operacional - Dispensa Eletronica no Compras.gov.br - Visao Governo.md,24,nao,ERRO_ABERTURA,7980,"C:\Users\thiagonogueira\OneDrive - mppi.mp.br\CLC\01_Processos_e_Aquisicoes\Base de Conhecimento - Thiago\04_Sistemas_e_Catalogos\Manuais_Sistemas_Oficiais\Compras.gov.br – Tutorial para critério de julgamento, melhor técnica ou conteúdo artístico - jun-2024.pdf"
DISTINTO,0.05,mestra\04_Sistemas_e_Catalogos\Manuais_Sistemas_Oficiais,Ministério da gestão – Manual do usuário - API de dados abertos do Compras.gov.br - Fev-2026.pdf,mestra\05_Doutrina_e_Biblioteca\Biblioteca_Manuais_e_Cursos\Manual Operacional - Contratos.gov.br - Perfil Fornecedor.md,135,sim,TEXTO,1330,C:\Users\thiagonogueira\OneDrive - mppi.mp.br\CLC\01_Processos_e_Aquisicoes\Base de Conhecimento - Thiago\04_Sistemas_e_Catalogos\Manuais_Sistemas_Oficiais\Ministério da gestão – Manual do usuário - API de dados abertos do Compras.gov.br - Fev-2026.pdf
IGUAL,1.0,mestra\04_Sistemas_e_Catalogos\Manuais_Sistemas_Oficiais,TJMA - checklist_dispensa_eletronica_24_10_2023_19_20_10.pdf,mestra\04_Sistemas_e_Catalogos\Manuais_Sistemas_Oficiais\TJMA - Checklist de Dispensa Eletronica na Lei 14.133.md,2,nao,TEXTO,82,C:\Users\thiagonogueira\OneDrive - mppi.mp.br\CLC\01_Processos_e_Aquisicoes\Base de Conhecimento - Thiago\04_Sistemas_e_Catalogos\Manuais_Sistemas_Oficiais\TJMA - checklist_dispensa_eletronica_24_10_2023_19_20_10.pdf
DISTINTO,0.18,mestra\04_Sistemas_e_Catalogos\Manuais_Sistemas_Oficiais\Banco_de_Precos,Manual - BPPlus.pdf,mestra\01_Normativos_Vigentes\06_TJPI\Manuais_e_Guias_Tecnicos\Manual de Licitacoes e Contratos TJPI (2023-2024).md,123,sim,TEXTO,12908,C:\Users\thiagonogueira\OneDrive - mppi.mp.br\CLC\01_Processos_e_Aquisicoes\Base de Conhecimento - Thiago\04_Sistemas_e_Catalogos\Manuais_Sistemas_Oficiais\Banco_de_Precos\Manual - BPPlus.pdf
IGUAL,1.0,mestra\04_Sistemas_e_Catalogos\Manuais_Sistemas_Oficiais\Banco_de_Precos,Passo a Passo - Como Convidar Fornecedores + LOG + TR.pdf,mestra\04_Sistemas_e_Catalogos\Manuais_Sistemas_Oficiais\Banco_de_Precos\Banco de Precos - Passo a Passo Como Convidar Fornecedores e Anexar TR.md,6,nao,TEXTO,575,C:\Users\thiagonogueira\OneDrive - mppi.mp.br\CLC\01_Processos_e_Aquisicoes\Base de Conhecimento - Thiago\04_Sistemas_e_Catalogos\Manuais_Sistemas_Oficiais\Banco_de_Precos\Passo a Passo - Como Convidar Fornecedores + LOG + TR.pdf
IGUAL,0.87,mestra\04_Sistemas_e_Catalogos\Manuais_Sistemas_Oficiais\Banco_de_Precos,Passo a Passo - Cotação Nova e Rápida (+lotes) (Plus).pdf,mestra\04_Sistemas_e_Catalogos\Manuais_Sistemas_Oficiais\Banco_de_Precos\Banco de Precos - Passo a Passo Cotacao Nova e Rapida Plus.md,6,sim,TEXTO,599,C:\Users\thiagonogueira\OneDrive - mppi.mp.br\CLC\01_Processos_e_Aquisicoes\Base de Conhecimento - Thiago\04_Sistemas_e_Catalogos\Manuais_Sistemas_Oficiais\Banco_de_Precos\Passo a Passo - Cotação Nova e Rápida (+lotes) (Plus).pdf
IGUAL,0.78,mestra\04_Sistemas_e_Catalogos\Manuais_Sistemas_Oficiais\Banco_de_Precos,Passo a Passo - Cotação Nova e Rápida (Standard).pdf,mestra\04_Sistemas_e_Catalogos\Manuais_Sistemas_Oficiais\Banco_de_Precos\Banco de Precos - Passo a Passo Cotacao Nova e Rapida Plus.md,4,sim,TEXTO,445,C:\Users\thiagonogueira\OneDrive - mppi.mp.br\CLC\01_Processos_e_Aquisicoes\Base de Conhecimento - Thiago\04_Sistemas_e_Catalogos\Manuais_Sistemas_Oficiais\Banco_de_Precos\Passo a Passo - Cotação Nova e Rápida (Standard).pdf
DISTINTO,0.05,mestra\04_Sistemas_e_Catalogos\Orcamento_LOA_2026,loa-2026-anexo-i-demonstrativos-consolidados.pdf,mestra\01_Normativos_Vigentes\02_Estadual_PI\Leis\Lei Estadual 8914.2025 - Lei Orçamentária Anual LOA 2026.md,11,nao,TEXTO,3535,C:\Users\thiagonogueira\OneDrive - mppi.mp.br\CLC\01_Processos_e_Aquisicoes\Base de Conhecimento - Thiago\04_Sistemas_e_Catalogos\Orcamento_LOA_2026\loa-2026-anexo-i-demonstrativos-consolidados.pdf
DISTINTO,0.06,mestra\04_Sistemas_e_Catalogos\Orcamento_LOA_2026,loa-2026-anexo-ii-receitas.pdf,mestra\01_Normativos_Vigentes\01_Federal\Manuais_e_Guias_Tecnicos\Federal - mto_2026_-_versao_5_.md,18,nao,TEXTO,1506,C:\Users\thiagonogueira\OneDrive - mppi.mp.br\CLC\01_Processos_e_Aquisicoes\Base de Conhecimento - Thiago\04_Sistemas_e_Catalogos\Orcamento_LOA_2026\loa-2026-anexo-ii-receitas.pdf
DISTINTO,0.06,mestra\04_Sistemas_e_Catalogos\Orcamento_LOA_2026,loa-2026-anexo-iii-despesa.pdf,mestra\01_Normativos_Vigentes\01_Federal\Manuais_e_Guias_Tecnicos\Federal - mto_2026_-_versao_5_.md,53,nao,TEXTO,2002,C:\Users\thiagonogueira\OneDrive - mppi.mp.br\CLC\01_Processos_e_Aquisicoes\Base de Conhecimento - Thiago\04_Sistemas_e_Catalogos\Orcamento_LOA_2026\loa-2026-anexo-iii-despesa.pdf
DISTINTO,0.08,mestra\04_Sistemas_e_Catalogos\Orcamento_LOA_2026,loa-2026-anexo-iv-despesa-por-poderes.pdf,mestra\01_Normativos_Vigentes\02_Estadual_PI\Manuais_e_Guias_Tecnicos\manual-tecnico-do-orcamento.md,212,nao,TEXTO,10857,C:\Users\thiagonogueira\OneDrive - mppi.mp.br\CLC\01_Processos_e_Aquisicoes\Base de Conhecimento - Thiago\04_Sistemas_e_Catalogos\Orcamento_LOA_2026\loa-2026-anexo-iv-despesa-por-poderes.pdf
DISTINTO,0.19,mestra\04_Sistemas_e_Catalogos\Orcamento_LOA_2026,loa-2026-anexo-vi-demonstrativo-das-unidades-gestoras.pdf,mestra\01_Normativos_Vigentes\02_Estadual_PI\Manuais_e_Guias_Tecnicos\manual-tecnico-do-orcamento.md,11,sim,TEXTO,438,C:\Users\thiagonogueira\OneDrive - mppi.mp.br\CLC\01_Processos_e_Aquisicoes\Base de Conhecimento - Thiago\04_Sistemas_e_Catalogos\Orcamento_LOA_2026\loa-2026-anexo-vi-demonstrativo-das-unidades-gestoras.pdf
DISTINTO,0.03,mestra\04_Sistemas_e_Catalogos\Orcamento_LOA_2026,loa-2026-anexo-vii-demostrativo-das-despesas-primarias.pdf,mestra\01_Normativos_Vigentes\02_Estadual_PI\Instrucoes_Normativas\Instrução Normativa SEFAZ nº 01-2021 - Procedimentos de Gestão Financeira.md,2,nao,TEXTO,226,C:\Users\thiagonogueira\OneDrive - mppi.mp.br\CLC\01_Processos_e_Aquisicoes\Base de Conhecimento - Thiago\04_Sistemas_e_Catalogos\Orcamento_LOA_2026\loa-2026-anexo-vii-demostrativo-das-despesas-primarias.pdf
DISTINTO,0.05,mestra\04_Sistemas_e_Catalogos\Orcamento_LOA_2026,loa-2026-anexo-viii-demonstrativo-do-marco-orcamentario.pdf,mestra\01_Normativos_Vigentes\02_Estadual_PI\Manuais_e_Guias_Tecnicos\manual-tecnico-do-orcamento.md,27,nao,TEXTO,2768,C:\Users\thiagonogueira\OneDrive - mppi.mp.br\CLC\01_Processos_e_Aquisicoes\Base de Conhecimento - Thiago\04_Sistemas_e_Catalogos\Orcamento_LOA_2026\loa-2026-anexo-viii-demonstrativo-do-marco-orcamentario.pdf
DISTINTO,0.05,mestra\04_Sistemas_e_Catalogos\Orcamento_LOA_2026,loa-2026-emendas-parlamentares.pdf,mestra\01_Normativos_Vigentes\02_Estadual_PI\Manuais_e_Guias_Tecnicos\manual-tecnico-do-orcamento.md,32,nao,TEXTO,1567,C:\Users\thiagonogueira\OneDrive - mppi.mp.br\CLC\01_Processos_e_Aquisicoes\Base de Conhecimento - Thiago\04_Sistemas_e_Catalogos\Orcamento_LOA_2026\loa-2026-emendas-parlamentares.pdf
IGUAL,1.0,mestra\04_Sistemas_e_Catalogos\Orcamento_LOA_2026,loa-2026-lei-8.914.2025.pdf,mestra\01_Normativos_Vigentes\02_Estadual_PI\Leis\Lei Estadual 8914.2025 - Lei Orçamentária Anual LOA 2026.md,7,nao,TEXTO,1273,C:\Users\thiagonogueira\OneDrive - mppi.mp.br\CLC\01_Processos_e_Aquisicoes\Base de Conhecimento - Thiago\04_Sistemas_e_Catalogos\Orcamento_LOA_2026\loa-2026-lei-8.914.2025.pdf
DISTINTO,0.14,mestra\04_Sistemas_e_Catalogos\Orcamento_LOA_2026,loa-anexo-v-despesa-empresas-estatais.pdf,mestra\02_Jurisprudencia_e_Orientacoes\Informativos_Julgamentos_TCE_PI\03_Recursos_Agravos_Embargos_TCE_PI.md,2,nao,TEXTO,430,C:\Users\thiagonogueira\OneDrive - mppi.mp.br\CLC\01_Processos_e_Aquisicoes\Base de Conhecimento - Thiago\04_Sistemas_e_Catalogos\Orcamento_LOA_2026\loa-anexo-v-despesa-empresas-estatais.pdf
DISTINTO,0.02,mestra\04_Sistemas_e_Catalogos\Orcamento_LOA_2026,qdd-2026-executivo.pdf,mestra\01_Normativos_Vigentes\02_Estadual_PI\Manuais_e_Guias_Tecnicos\manual-tecnico-do-orcamento.md,149,sim,TEXTO,4523,C:\Users\thiagonogueira\OneDrive - mppi.mp.br\CLC\01_Processos_e_Aquisicoes\Base de Conhecimento - Thiago\04_Sistemas_e_Catalogos\Orcamento_LOA_2026\qdd-2026-executivo.pdf
DISTINTO,0.04,mestra\04_Sistemas_e_Catalogos\Orcamento_LOA_2026,qdd-2026-judiciario.pdf,mestra\01_Normativos_Vigentes\02_Estadual_PI\Leis\Lei Estadual 8914.2025 - Lei Orçamentária Anual LOA 2026.md,8,sim,TEXTO,341,C:\Users\thiagonogueira\OneDrive - mppi.mp.br\CLC\01_Processos_e_Aquisicoes\Base de Conhecimento - Thiago\04_Sistemas_e_Catalogos\Orcamento_LOA_2026\qdd-2026-judiciario.pdf
DISTINTO,0.03,mestra\04_Sistemas_e_Catalogos\Orcamento_LOA_2026,qdd-2026-legislativo.pdf,mestra\01_Normativos_Vigentes\02_Estadual_PI\Leis\Lei Estadual 8914.2025 - Lei Orçamentária Anual LOA 2026.md,8,sim,TEXTO,339,C:\Users\thiagonogueira\OneDrive - mppi.mp.br\CLC\01_Processos_e_Aquisicoes\Base de Conhecimento - Thiago\04_Sistemas_e_Catalogos\Orcamento_LOA_2026\qdd-2026-legislativo.pdf
DISTINTO,0.03,mestra\04_Sistemas_e_Catalogos\Orcamento_LOA_2026,qdd-2026-mp.pdf,mestra\01_Normativos_Vigentes\02_Estadual_PI\Leis\Lei Estadual 8914.2025 - Lei Orçamentária Anual LOA 2026.md,6,sim,TEXTO,286,C:\Users\thiagonogueira\OneDrive - mppi.mp.br\CLC\01_Processos_e_Aquisicoes\Base de Conhecimento - Thiago\04_Sistemas_e_Catalogos\Orcamento_LOA_2026\qdd-2026-mp.pdf
DISTINTO,0.06,mestra\05_Doutrina_e_Biblioteca\Biblioteca_Manuais_e_Cursos,Apresentação - Contratação Direta - GOVSP.pdf,mestra\02_Jurisprudencia_e_Orientacoes\MJRs_MPPI\MJR nº 922024APPL - Dispensa de Licitação - Art 75 I e II\MJR 92 - Contratações Diretas - Art 75 I e II.md,124,sim,TEXTO,3117,C:\Users\thiagonogueira\OneDrive - mppi.mp.br\CLC\01_Processos_e_Aquisicoes\Base de Conhecimento - Thiago\05_Doutrina_e_Biblioteca\Biblioteca_Manuais_e_Cursos\Apresentação - Contratação Direta - GOVSP.pdf
PROVAVEL_REVISAR,0.47,mestra\05_Doutrina_e_Biblioteca\Biblioteca_Manuais_e_Cursos,Apresentação - Da Especificação do Objeto ao Orçamento Estimado.pdf,mestra\02_Jurisprudencia_e_Orientacoes\Quadro_Comparativo_Nova_Lei_14133_vs_8666.md,91,sim,TEXTO,3111,C:\Users\thiagonogueira\OneDrive - mppi.mp.br\CLC\01_Processos_e_Aquisicoes\Base de Conhecimento - Thiago\05_Doutrina_e_Biblioteca\Biblioteca_Manuais_e_Cursos\Apresentação - Da Especificação do Objeto ao Orçamento Estimado.pdf
DISTINTO,0.02,mestra\05_Doutrina_e_Biblioteca\Biblioteca_Manuais_e_Cursos,Cartilha - Acesso a Informação - Atricon.pdf,mestra\02_Jurisprudencia_e_Orientacoes\Boletins_TCE_PI\Boletim de Jurisprudencia TCE-PI - Consolidado Anual 2026.md,169,sim,TEXTO,10165,C:\Users\thiagonogueira\OneDrive - mppi.mp.br\CLC\01_Processos_e_Aquisicoes\Base de Conhecimento - Thiago\05_Doutrina_e_Biblioteca\Biblioteca_Manuais_e_Cursos\Cartilha - Acesso a Informação - Atricon.pdf
DISTINTO,0.04,mestra\05_Doutrina_e_Biblioteca\Biblioteca_Manuais_e_Cursos,Cartilha Portal da Transparencia TCE.pdf,mestra\01_Normativos_Vigentes\01_Federal\Acordaos_Pareceres_Orientacoes\Federal - Nota Recomendatoria Conjunta 01.2025 - Adesao a ARP Carona.md,232,sim,TEXTO,30842,C:\Users\thiagonogueira\OneDrive - mppi.mp.br\CLC\01_Processos_e_Aquisicoes\Base de Conhecimento - Thiago\05_Doutrina_e_Biblioteca\Biblioteca_Manuais_e_Cursos\Cartilha Portal da Transparencia TCE.pdf
DISTINTO,0.05,mestra\05_Doutrina_e_Biblioteca\Biblioteca_Manuais_e_Cursos,Cartilha_Minuta_do_IPPC_Engenharia_16_11_23_14h_Visualizao.pdf,mestra\02_Jurisprudencia_e_Orientacoes\Quadro_Comparativo_Nova_Lei_14133_vs_8666.md,188,sim,TEXTO,5085,C:\Users\thiagonogueira\OneDrive - mppi.mp.br\CLC\01_Processos_e_Aquisicoes\Base de Conhecimento - Thiago\05_Doutrina_e_Biblioteca\Biblioteca_Manuais_e_Cursos\Cartilha_Minuta_do_IPPC_Engenharia_16_11_23_14h_Visualizao.pdf
DISTINTO,0.22,mestra\05_Doutrina_e_Biblioteca\Biblioteca_Manuais_e_Cursos,Compras_publicas_para_inovacao_no_Brasil.pdf,mestra\05_Doutrina_e_Biblioteca\Biblioteca_Manuais_e_Cursos\Estudo IPEA - Desafios e Perspectivas das Compras Publicas no Brasil - Capitulo 03.md,538,sim,TEXTO,7341,C:\Users\thiagonogueira\OneDrive - mppi.mp.br\CLC\01_Processos_e_Aquisicoes\Base de Conhecimento - Thiago\05_Doutrina_e_Biblioteca\Biblioteca_Manuais_e_Cursos\Compras_publicas_para_inovacao_no_Brasil.pdf
DISTINTO,0.03,mestra\05_Doutrina_e_Biblioteca\Biblioteca_Manuais_e_Cursos,Conselho Superior da Justiça do Trabalho – Guia de Contratações Sustentáveis da Justiça do Trabalho (4ª ediçã.pdf,mestra\01_Normativos_Vigentes\01_Federal\Constituicao\Federal -  CF - 88.md,268,sim,ERRO_ABERTURA,8529,C:\Users\thiagonogueira\OneDrive - mppi.mp.br\CLC\01_Processos_e_Aquisicoes\Base de Conhecimento - Thiago\05_Doutrina_e_Biblioteca\Biblioteca_Manuais_e_Cursos\Conselho Superior da Justiça do Trabalho – Guia de Contratações Sustentáveis da Justiça do Trabalho (4ª ediçã.pdf
DISTINTO,0.0,mestra\05_Doutrina_e_Biblioteca\Biblioteca_Manuais_e_Cursos,Curso Banco de Preços - Pesquisa de Preços.pdf,,91,sim,ESCANEADO_OU_POUCO_TEXTO,8163,C:\Users\thiagonogueira\OneDrive - mppi.mp.br\CLC\01_Processos_e_Aquisicoes\Base de Conhecimento - Thiago\05_Doutrina_e_Biblioteca\Biblioteca_Manuais_e_Cursos\Curso Banco de Preços - Pesquisa de Preços.pdf
DISTINTO,0.07,mestra\05_Doutrina_e_Biblioteca\Biblioteca_Manuais_e_Cursos,Estudo_Tematico_Agosto_2025____II.pdf,mestra\05_Doutrina_e_Biblioteca\Biblioteca_Manuais_e_Cursos\Estudo Tematico - Participacao de Empresas em Recuperacao Judicial em Licitacoes Publicas.md,184,sim,TEXTO,8206,C:\Users\thiagonogueira\OneDrive - mppi.mp.br\CLC\01_Processos_e_Aquisicoes\Base de Conhecimento - Thiago\05_Doutrina_e_Biblioteca\Biblioteca_Manuais_e_Cursos\Estudo_Tematico_Agosto_2025____II.pdf
DISTINTO,0.02,mestra\05_Doutrina_e_Biblioteca\Biblioteca_Manuais_e_Cursos,guia-de-contratacoes-sustentaveis-set-2023.pdf,mestra\01_Normativos_Vigentes\01_Federal\Acordaos_Pareceres_Orientacoes\Federal - Parecer Referencial 00001.2026 CONJUR-MS-CGU-AGU.md,291,sim,TEXTO,4343,C:\Users\thiagonogueira\OneDrive - mppi.mp.br\CLC\01_Processos_e_Aquisicoes\Base de Conhecimento - Thiago\05_Doutrina_e_Biblioteca\Biblioteca_Manuais_e_Cursos\guia-de-contratacoes-sustentaveis-set-2023.pdf
DISTINTO,0.04,mestra\05_Doutrina_e_Biblioteca\Biblioteca_Manuais_e_Cursos,GUIANACIONALDECONTRATACOESSUSTENTAVEIS2024.pdf,mestra\05_Doutrina_e_Biblioteca\Biblioteca_Manuais_e_Cursos\Ementario CGU - Ementario Jurisprudencial e Consultivo de Aquisicoes Publicas 2026.md,244,sim,TEXTO,2873,C:\Users\thiagonogueira\OneDrive - mppi.mp.br\CLC\01_Processos_e_Aquisicoes\Base de Conhecimento - Thiago\05_Doutrina_e_Biblioteca\Biblioteca_Manuais_e_Cursos\GUIANACIONALDECONTRATACOESSUSTENTAVEIS2024.pdf
DISTINTO,0.03,mestra\05_Doutrina_e_Biblioteca\Biblioteca_Manuais_e_Cursos,instrumento-de-padronizacao-dos-procedimentos.pdf,mestra\02_Jurisprudencia_e_Orientacoes\MJRs_MPPI\MJR nº 922024APPL - Dispensa de Licitação - Art 75 I e II\MJR 92 - Contratações Diretas - Art 75 I e II.md,98,sim,TEXTO,13708,C:\Users\thiagonogueira\OneDrive - mppi.mp.br\CLC\01_Processos_e_Aquisicoes\Base de Conhecimento - Thiago\05_Doutrina_e_Biblioteca\Biblioteca_Manuais_e_Cursos\instrumento-de-padronizacao-dos-procedimentos.pdf
DISTINTO,0.03,mestra\05_Doutrina_e_Biblioteca\Biblioteca_Manuais_e_Cursos,Instrumento_de_Padronizao_AGU_TIC_Digital_reduzido.pdf,mestra\02_Jurisprudencia_e_Orientacoes\MJRs_MPPI\MJR nº 922024APPL - Dispensa de Licitação - Art 75 I e II\MJR 92 - Contratações Diretas - Art 75 I e II.md,142,nao,TEXTO,11346,C:\Users\thiagonogueira\OneDrive - mppi.mp.br\CLC\01_Processos_e_Aquisicoes\Base de Conhecimento - Thiago\05_Doutrina_e_Biblioteca\Biblioteca_Manuais_e_Cursos\Instrumento_de_Padronizao_AGU_TIC_Digital_reduzido.pdf
DISTINTO,0.14,mestra\05_Doutrina_e_Biblioteca\Biblioteca_Manuais_e_Cursos,Jornada de Compras Publicas de Inovacao.pdf,mestra\05_Doutrina_e_Biblioteca\Biblioteca_Manuais_e_Cursos\Guia de Boas Praticas - Contratacoes Publicas de Servicos de Publicidade.md,132,sim,TEXTO,3800,C:\Users\thiagonogueira\OneDrive - mppi.mp.br\CLC\01_Processos_e_Aquisicoes\Base de Conhecimento - Thiago\05_Doutrina_e_Biblioteca\Biblioteca_Manuais_e_Cursos\Jornada de Compras Publicas de Inovacao.pdf
DISTINTO,0.12,mestra\05_Doutrina_e_Biblioteca\Biblioteca_Manuais_e_Cursos,Licitacoes e Contratos - Orientacoes e Jurisprudencia do TCU - 5a Edicao.pdf,mestra\01_Normativos_Vigentes\06_TJPI\Manuais_e_Guias_Tecnicos\Manual de Licitacoes e Contratos TJPI (2023-2024).md,1042,sim,ESCANEADO_OU_POUCO_TEXTO,34427,C:\Users\thiagonogueira\OneDrive - mppi.mp.br\CLC\01_Processos_e_Aquisicoes\Base de Conhecimento - Thiago\05_Doutrina_e_Biblioteca\Biblioteca_Manuais_e_Cursos\Licitacoes e Contratos - Orientacoes e Jurisprudencia do TCU - 5a Edicao.pdf
DISTINTO,0.04,mestra\05_Doutrina_e_Biblioteca\Biblioteca_Manuais_e_Cursos,Licitações e contratos.pdf,mestra\02_Jurisprudencia_e_Orientacoes\Quadro_Comparativo_Nova_Lei_14133_vs_8666.md,225,sim,TEXTO,2492,C:\Users\thiagonogueira\OneDrive - mppi.mp.br\CLC\01_Processos_e_Aquisicoes\Base de Conhecimento - Thiago\05_Doutrina_e_Biblioteca\Biblioteca_Manuais_e_Cursos\Licitações e contratos.pdf
DISTINTO,0.22,mestra\05_Doutrina_e_Biblioteca\Biblioteca_Manuais_e_Cursos,Livro - Compras_publicas_para_inovacao_no_Brasil.pdf,mestra\05_Doutrina_e_Biblioteca\Biblioteca_Manuais_e_Cursos\Estudo IPEA - Desafios e Perspectivas das Compras Publicas no Brasil - Capitulo 03.md,538,sim,TEXTO,7341,C:\Users\thiagonogueira\OneDrive - mppi.mp.br\CLC\01_Processos_e_Aquisicoes\Base de Conhecimento - Thiago\05_Doutrina_e_Biblioteca\Biblioteca_Manuais_e_Cursos\Livro - Compras_publicas_para_inovacao_no_Brasil.pdf
DISTINTO,0.03,mestra\05_Doutrina_e_Biblioteca\Biblioteca_Manuais_e_Cursos,Livro - ELABORAÇÃO DE ETP E TR EFICIENTES COM O CHATGPT EM CONTRATAÇÕES PÚBLICAS.pdf,mestra\05_Doutrina_e_Biblioteca\Biblioteca_Manuais_e_Cursos\Manual Institucional - Compras e Licitacoes - TRT 2a Regiao 2025-2027.md,133,nao,TEXTO,8421,C:\Users\thiagonogueira\OneDrive - mppi.mp.br\CLC\01_Processos_e_Aquisicoes\Base de Conhecimento - Thiago\05_Doutrina_e_Biblioteca\Biblioteca_Manuais_e_Cursos\Livro - ELABORAÇÃO DE ETP E TR EFICIENTES COM O CHATGPT EM CONTRATAÇÕES PÚBLICAS.pdf
DISTINTO,0.07,mestra\05_Doutrina_e_Biblioteca\Biblioteca_Manuais_e_Cursos,Livro - NLLC Esquematizada.pdf,mestra\01_Normativos_Vigentes\01_Federal\Leis\Federal - Lei 14133.2021.md,150,sim,ESCANEADO_OU_POUCO_TEXTO,7497,C:\Users\thiagonogueira\OneDrive - mppi.mp.br\CLC\01_Processos_e_Aquisicoes\Base de Conhecimento - Thiago\05_Doutrina_e_Biblioteca\Biblioteca_Manuais_e_Cursos\Livro - NLLC Esquematizada.pdf
DISTINTO,0.04,mestra\05_Doutrina_e_Biblioteca\Biblioteca_Manuais_e_Cursos,Manual - Manual de Planejamento da Contratação-SEMA_PMT-2023.pdf,mestra\05_Doutrina_e_Biblioteca\Biblioteca_Manuais_e_Cursos\Manual Institucional - Compras e Licitacoes - TRT 2a Regiao 2025-2027.md,86,sim,TEXTO,25010,C:\Users\thiagonogueira\OneDrive - mppi.mp.br\CLC\01_Processos_e_Aquisicoes\Base de Conhecimento - Thiago\05_Doutrina_e_Biblioteca\Biblioteca_Manuais_e_Cursos\Manual - Manual de Planejamento da Contratação-SEMA_PMT-2023.pdf
DISTINTO,0.01,mestra\05_Doutrina_e_Biblioteca\Biblioteca_Manuais_e_Cursos,Manual de Contratação de TIC sob a Ótica da Nova L.pdf,mestra\05_Doutrina_e_Biblioteca\BID - Cursos\Guias_Digitais_e_Leituras_MD\TIC_Governo_Eletronico_2023_Livro_Eletronico.md,336,sim,TEXTO,3904,C:\Users\thiagonogueira\OneDrive - mppi.mp.br\CLC\01_Processos_e_Aquisicoes\Base de Conhecimento - Thiago\05_Doutrina_e_Biblioteca\Biblioteca_Manuais_e_Cursos\Manual de Contratação de TIC sob a Ótica da Nova L.pdf
DISTINTO,0.1,mestra\05_Doutrina_e_Biblioteca\Biblioteca_Manuais_e_Cursos,Manual do Contratos.gov.br (abr-2026) (V. 1.39.0).pdf,mestra\05_Doutrina_e_Biblioteca\Biblioteca_Manuais_e_Cursos\Manual Operacional - Contratos.gov.br - Perfil Fornecedor.md,183,sim,TEXTO,24051,C:\Users\thiagonogueira\OneDrive - mppi.mp.br\CLC\01_Processos_e_Aquisicoes\Base de Conhecimento - Thiago\05_Doutrina_e_Biblioteca\Biblioteca_Manuais_e_Cursos\Manual do Contratos.gov.br (abr-2026) (V. 1.39.0).pdf
DISTINTO,0.02,mestra\05_Doutrina_e_Biblioteca\Biblioteca_Manuais_e_Cursos,Manual MROSC – Do Planejamento à Prestação de Contas – Implementação do marco regulatório das OSC no Governo.pdf,mestra\05_Doutrina_e_Biblioteca\Biblioteca_Manuais_e_Cursos\Parecer AGU 00002.2026-CNCIC - Acordo de Cooperacao Tecnica com Entidades Privadas Lucrativas.md,188,sim,ERRO_ABERTURA,1725,C:\Users\thiagonogueira\OneDrive - mppi.mp.br\CLC\01_Processos_e_Aquisicoes\Base de Conhecimento - Thiago\05_Doutrina_e_Biblioteca\Biblioteca_Manuais_e_Cursos\Manual MROSC – Do Planejamento à Prestação de Contas – Implementação do marco regulatório das OSC no Governo.pdf
DISTINTO,0.13,mestra\05_Doutrina_e_Biblioteca\Biblioteca_Manuais_e_Cursos,Manual TCU - 2016.pdf,mestra\05_Doutrina_e_Biblioteca\Biblioteca_Manuais_e_Cursos\Guia de Boas Praticas - Contratacoes Publicas de Servicos de Publicidade.md,280,sim,TEXTO,27500,C:\Users\thiagonogueira\OneDrive - mppi.mp.br\CLC\01_Processos_e_Aquisicoes\Base de Conhecimento - Thiago\05_Doutrina_e_Biblioteca\Biblioteca_Manuais_e_Cursos\Manual TCU - 2016.pdf
DISTINTO,0.1,mestra\05_Doutrina_e_Biblioteca\Biblioteca_Manuais_e_Cursos,manual-comprasgovbr-contratos.pdf,mestra\05_Doutrina_e_Biblioteca\Biblioteca_Manuais_e_Cursos\Manual Operacional - Contratos.gov.br - Perfil Fornecedor.md,183,sim,TEXTO,24051,C:\Users\thiagonogueira\OneDrive - mppi.mp.br\CLC\01_Processos_e_Aquisicoes\Base de Conhecimento - Thiago\05_Doutrina_e_Biblioteca\Biblioteca_Manuais_e_Cursos\manual-comprasgovbr-contratos.pdf
DISTINTO,0.14,mestra\05_Doutrina_e_Biblioteca\Biblioteca_Manuais_e_Cursos,manual-contratos-gov-br-nova-versao.pdf,mestra\05_Doutrina_e_Biblioteca\Biblioteca_Manuais_e_Cursos\Manual Operacional - Contratos.gov.br - Perfil Fornecedor.md,125,sim,TEXTO,9650,C:\Users\thiagonogueira\OneDrive - mppi.mp.br\CLC\01_Processos_e_Aquisicoes\Base de Conhecimento - Thiago\05_Doutrina_e_Biblioteca\Biblioteca_Manuais_e_Cursos\manual-contratos-gov-br-nova-versao.pdf
DISTINTO,0.02,mestra\05_Doutrina_e_Biblioteca\Biblioteca_Manuais_e_Cursos,Manual-do-Portal-da-Transparncia---5-Edio_Final.pdf,mestra\01_Normativos_Vigentes\03_MPPI\Atos\Ato PGJ 0479.2013 - Dispoe sobre a organizacao administrativa do MPPI.md,148,sim,TEXTO,8793,C:\Users\thiagonogueira\OneDrive - mppi.mp.br\CLC\01_Processos_e_Aquisicoes\Base de Conhecimento - Thiago\05_Doutrina_e_Biblioteca\Biblioteca_Manuais_e_Cursos\Manual-do-Portal-da-Transparncia---5-Edio_Final.pdf
DISTINTO,0.05,mestra\05_Doutrina_e_Biblioteca\Biblioteca_Manuais_e_Cursos,Manual_integracao_pncp.pdf,mestra\05_Doutrina_e_Biblioteca\Biblioteca_Manuais_e_Cursos\Manual Tecnico - APIs de Consulta ao Portal Nacional de Contratacoes Publicas - PNCP.md,433,sim,TEXTO,7399,C:\Users\thiagonogueira\OneDrive - mppi.mp.br\CLC\01_Processos_e_Aquisicoes\Base de Conhecimento - Thiago\05_Doutrina_e_Biblioteca\Biblioteca_Manuais_e_Cursos\Manual_integracao_pncp.pdf
DISTINTO,0.22,mestra\05_Doutrina_e_Biblioteca\Biblioteca_Manuais_e_Cursos,Modelo - Termo de Justificativa de Dispensa sem Disputa.pdf,mestra\05_Doutrina_e_Biblioteca\Biblioteca_Manuais_e_Cursos\Nota Tecnica 05.2024 - Procedimentos e Fluxo da Dispensa Eletronica.md,3,sim,ESCANEADO_OU_POUCO_TEXTO,222,C:\Users\thiagonogueira\OneDrive - mppi.mp.br\CLC\01_Processos_e_Aquisicoes\Base de Conhecimento - Thiago\05_Doutrina_e_Biblioteca\Biblioteca_Manuais_e_Cursos\Modelo - Termo de Justificativa de Dispensa sem Disputa.pdf
DISTINTO,0.13,mestra\05_Doutrina_e_Biblioteca\Biblioteca_Manuais_e_Cursos,Operacionalização do Sistema - Jamil Manasfi.pdf,mestra\05_Doutrina_e_Biblioteca\Biblioteca_Manuais_e_Cursos\Apostila Especializada - Curso de Contratacao Direta e Dispensa Eletronica com IA - Jamil Manasfi.md,165,nao,TEXTO,38304,C:\Users\thiagonogueira\OneDrive - mppi.mp.br\CLC\01_Processos_e_Aquisicoes\Base de Conhecimento - Thiago\05_Doutrina_e_Biblioteca\Biblioteca_Manuais_e_Cursos\Operacionalização do Sistema - Jamil Manasfi.pdf
DISTINTO,0.07,mestra\05_Doutrina_e_Biblioteca\Biblioteca_Manuais_e_Cursos,Operacionalização do Sistema - Vanessa Ventura.pdf,mestra\05_Doutrina_e_Biblioteca\Biblioteca_Manuais_e_Cursos\Portaria SEGES-ME 8678.2021 - Governanca das Contratacoes Publicas Federais.md,246,sim,ESCANEADO_OU_POUCO_TEXTO,14078,C:\Users\thiagonogueira\OneDrive - mppi.mp.br\CLC\01_Processos_e_Aquisicoes\Base de Conhecimento - Thiago\05_Doutrina_e_Biblioteca\Biblioteca_Manuais_e_Cursos\Operacionalização do Sistema - Vanessa Ventura.pdf
DISTINTO,0.03,mestra\05_Doutrina_e_Biblioteca\Biblioteca_Manuais_e_Cursos,OrientaessobreasEvoluesdaCompraDireta.pdf,mestra\05_Doutrina_e_Biblioteca\Biblioteca_Manuais_e_Cursos\Manual Operacional - Contratos.gov.br - Perfil Fornecedor.md,99,sim,TEXTO,9078,C:\Users\thiagonogueira\OneDrive - mppi.mp.br\CLC\01_Processos_e_Aquisicoes\Base de Conhecimento - Thiago\05_Doutrina_e_Biblioteca\Biblioteca_Manuais_e_Cursos\OrientaessobreasEvoluesdaCompraDireta.pdf
DISTINTO,0.03,mestra\05_Doutrina_e_Biblioteca\Biblioteca_Manuais_e_Cursos,PARECER Nº 00004-2024-CGEST-CGU-AGU.pdf,mestra\02_Jurisprudencia_e_Orientacoes\Quadro_Comparativo_Nova_Lei_14133_vs_8666.md,13,sim,ESCANEADO_OU_POUCO_TEXTO,5606,C:\Users\thiagonogueira\OneDrive - mppi.mp.br\CLC\01_Processos_e_Aquisicoes\Base de Conhecimento - Thiago\05_Doutrina_e_Biblioteca\Biblioteca_Manuais_e_Cursos\PARECER Nº 00004-2024-CGEST-CGU-AGU.pdf
DISTINTO,0.06,mestra\05_Doutrina_e_Biblioteca\Biblioteca_Manuais_e_Cursos,PassoapassoPGC.pdf,mestra\05_Doutrina_e_Biblioteca\Biblioteca_Manuais_e_Cursos\Portaria SEGES-ME 8678.2021 - Governanca das Contratacoes Publicas Federais.md,88,sim,ESCANEADO_OU_POUCO_TEXTO,7533,C:\Users\thiagonogueira\OneDrive - mppi.mp.br\CLC\01_Processos_e_Aquisicoes\Base de Conhecimento - Thiago\05_Doutrina_e_Biblioteca\Biblioteca_Manuais_e_Cursos\PassoapassoPGC.pdf
DISTINTO,0.01,mestra\05_Doutrina_e_Biblioteca\Biblioteca_Manuais_e_Cursos,Pesquisa de Preços Nas contratações Publicas 3.pdf,mestra\05_Doutrina_e_Biblioteca\Biblioteca_Manuais_e_Cursos\Apostila Tecnica - Aspectos Gerais da Nova Lei de Licitacoes e Contratos 14133 - Jamil Manasfi.md,97,nao,TEXTO,1089,C:\Users\thiagonogueira\OneDrive - mppi.mp.br\CLC\01_Processos_e_Aquisicoes\Base de Conhecimento - Thiago\05_Doutrina_e_Biblioteca\Biblioteca_Manuais_e_Cursos\Pesquisa de Preços Nas contratações Publicas 3.pdf
DISTINTO,0.05,mestra\05_Doutrina_e_Biblioteca\Biblioteca_Manuais_e_Cursos,Slides - 50 Erros mais Comuns em Licitações.pdf,mestra\01_Normativos_Vigentes\01_Federal\Instrucoes_Normativas\Federal - IN 05.2017 - Terceirizados.md,111,sim,TEXTO,329,C:\Users\thiagonogueira\OneDrive - mppi.mp.br\CLC\01_Processos_e_Aquisicoes\Base de Conhecimento - Thiago\05_Doutrina_e_Biblioteca\Biblioteca_Manuais_e_Cursos\Slides - 50 Erros mais Comuns em Licitações.pdf
DISTINTO,0.02,mestra\05_Doutrina_e_Biblioteca\Biblioteca_Manuais_e_Cursos,Slides - IA Aplicada nas Licitações.pdf,mestra\02_Jurisprudencia_e_Orientacoes\Boletins_TCE_PI\Boletim de Jurisprudencia TCE-PI - Consolidado Anual 2026.md,33,sim,ESCANEADO_OU_POUCO_TEXTO,31872,C:\Users\thiagonogueira\OneDrive - mppi.mp.br\CLC\01_Processos_e_Aquisicoes\Base de Conhecimento - Thiago\05_Doutrina_e_Biblioteca\Biblioteca_Manuais_e_Cursos\Slides - IA Aplicada nas Licitações.pdf
DISTINTO,0.0,mestra\05_Doutrina_e_Biblioteca\Biblioteca_Manuais_e_Cursos,Storytelling com Dados (Cole Nussbaumer Knaflic [Knaflic etc.).pdf,mestra\02_Jurisprudencia_e_Orientacoes\Boletins_TCE_PI\Boletim de Jurisprudencia TCE-PI - Consolidado Anual 2026.md,269,sim,TEXTO,9688,C:\Users\thiagonogueira\OneDrive - mppi.mp.br\CLC\01_Processos_e_Aquisicoes\Base de Conhecimento - Thiago\05_Doutrina_e_Biblioteca\Biblioteca_Manuais_e_Cursos\Storytelling com Dados (Cole Nussbaumer Knaflic [Knaflic etc.).pdf
DISTINTO,0.07,mestra\05_Doutrina_e_Biblioteca\Biblioteca_Manuais_e_Cursos,TCE-PR – Cartilha de Obras e Serviços de Engenharia- estudo técnico preliminar.pdf,mestra\05_Doutrina_e_Biblioteca\Biblioteca_Manuais_e_Cursos\Guia E-BOX 02 - Estudo Tecnico Preliminar para Obras e Servicos de Engenharia - Hamilton Bonatto.md,85,sim,TEXTO,4010,C:\Users\thiagonogueira\OneDrive - mppi.mp.br\CLC\01_Processos_e_Aquisicoes\Base de Conhecimento - Thiago\05_Doutrina_e_Biblioteca\Biblioteca_Manuais_e_Cursos\TCE-PR – Cartilha de Obras e Serviços de Engenharia- estudo técnico preliminar.pdf
DISTINTO,0.09,mestra\05_Doutrina_e_Biblioteca\Biblioteca_Manuais_e_Cursos,TCU – Transição Energética- guia prático de auditoria para instituições superiores de controle.pdf,mestra\05_Doutrina_e_Biblioteca\Biblioteca_Manuais_e_Cursos\Guia de Boas Praticas - Contratacoes Publicas de Servicos de Publicidade.md,94,sim,ESCANEADO_OU_POUCO_TEXTO,46350,C:\Users\thiagonogueira\OneDrive - mppi.mp.br\CLC\01_Processos_e_Aquisicoes\Base de Conhecimento - Thiago\05_Doutrina_e_Biblioteca\Biblioteca_Manuais_e_Cursos\TCU – Transição Energética- guia prático de auditoria para instituições superiores de controle.pdf
DISTINTO,0.14,mestra\05_Doutrina_e_Biblioteca\Biblioteca_Manuais_e_Cursos,TEMPORÁRIO Manual Contratos Gov.br - Nova Versão - 2.14.0 – set.2026.pdf,mestra\05_Doutrina_e_Biblioteca\Biblioteca_Manuais_e_Cursos\Manual Operacional - Contratos.gov.br - Perfil Fornecedor.md,145,sim,TEXTO,20855,C:\Users\thiagonogueira\OneDrive - mppi.mp.br\CLC\01_Processos_e_Aquisicoes\Base de Conhecimento - Thiago\05_Doutrina_e_Biblioteca\Biblioteca_Manuais_e_Cursos\TEMPORÁRIO Manual Contratos Gov.br - Nova Versão - 2.14.0 – set.2026.pdf
DISTINTO,0.01,mestra\05_Doutrina_e_Biblioteca\Biblioteca_Manuais_e_Cursos,Transcrição.pdf,mestra\05_Doutrina_e_Biblioteca\Biblioteca_Manuais_e_Cursos\Apostila Tecnica - Aspectos Gerais da Nova Lei de Licitacoes e Contratos 14133 - Jamil Manasfi.md,88,nao,TEXTO,302,C:\Users\thiagonogueira\OneDrive - mppi.mp.br\CLC\01_Processos_e_Aquisicoes\Base de Conhecimento - Thiago\05_Doutrina_e_Biblioteca\Biblioteca_Manuais_e_Cursos\Transcrição.pdf
DISTINTO,0.07,mestra\05_Doutrina_e_Biblioteca\Biblioteca_Manuais_e_Cursos,UNIFESPA - Fluxo Descritivo das Contratações Diretas para ações de Desenv. e Capacitação.pdf,mestra\05_Doutrina_e_Biblioteca\Biblioteca_Manuais_e_Cursos\Parecer AGU 00004.2025-CNLCA - Reajuste e Repactuacao Contratual na Lei 14133.md,1,sim,ESCANEADO_OU_POUCO_TEXTO,328,C:\Users\thiagonogueira\OneDrive - mppi.mp.br\CLC\01_Processos_e_Aquisicoes\Base de Conhecimento - Thiago\05_Doutrina_e_Biblioteca\Biblioteca_Manuais_e_Cursos\UNIFESPA - Fluxo Descritivo das Contratações Diretas para ações de Desenv. e Capacitação.pdf
IGUAL,0.69,mestra\05_Doutrina_e_Biblioteca\Biblioteca_Manuais_e_Cursos,Zênite - Apresentação - Curso Habilitação nas Contratações Públicas.pdf,mestra\05_Doutrina_e_Biblioteca\Biblioteca_Manuais_e_Cursos\Cartilha Zenite - 5 Erros que Voce Nao Pode Cometer com IA nas Contratacoes Publicas.md,218,sim,TEXTO,7005,C:\Users\thiagonogueira\OneDrive - mppi.mp.br\CLC\01_Processos_e_Aquisicoes\Base de Conhecimento - Thiago\05_Doutrina_e_Biblioteca\Biblioteca_Manuais_e_Cursos\Zênite - Apresentação - Curso Habilitação nas Contratações Públicas.pdf
PROVAVEL_REVISAR,0.42,mestra\05_Doutrina_e_Biblioteca\Biblioteca_Manuais_e_Cursos,Zênite - Compilado de Leis sobre Licitações e Contratos.pdf,mestra\01_Normativos_Vigentes\01_Federal\Leis\Federal - lista-de-atos-normativos-e-estagios-de-regulamentacao-da-lei-14133-de-2021.md,1781,sim,TEXTO,9228,C:\Users\thiagonogueira\OneDrive - mppi.mp.br\CLC\01_Processos_e_Aquisicoes\Base de Conhecimento - Thiago\05_Doutrina_e_Biblioteca\Biblioteca_Manuais_e_Cursos\Zênite - Compilado de Leis sobre Licitações e Contratos.pdf
IGUAL,0.99,mestra\05_Doutrina_e_Biblioteca\Biblioteca_Manuais_e_Cursos\Manuais,AGU – Parecer nº 00453-2024 – Renovação de quantitativos em caso de prorrogação da ata de registro de preços.pdf,mestra\05_Doutrina_e_Biblioteca\Biblioteca_Manuais_e_Cursos\Parecer AGU 00453.2024 - Renovacao de Quantitativos na Prorrogacao de ARP.md,6,nao,ERRO_ABERTURA,167,C:\Users\thiagonogueira\OneDrive - mppi.mp.br\CLC\01_Processos_e_Aquisicoes\Base de Conhecimento - Thiago\05_Doutrina_e_Biblioteca\Biblioteca_Manuais_e_Cursos\Manuais\AGU – Parecer nº 00453-2024 – Renovação de quantitativos em caso de prorrogação da ata de registro de preços.pdf
IGUAL,0.99,mestra\05_Doutrina_e_Biblioteca\Biblioteca_Manuais_e_Cursos\Manuais,Apostila - CURSO DE CONTRATAÇÃO DIRETA E DISPENSA ELETRÔNICA COM IA - JAMIL - IINEX_ocred.pdf,mestra\05_Doutrina_e_Biblioteca\Biblioteca_Manuais_e_Cursos\Apostila Especializada - Curso de Contratacao Direta e Dispensa Eletronica com IA - Jamil Manasfi.md,36,sim,ERRO_ABERTURA,45667,C:\Users\thiagonogueira\OneDrive - mppi.mp.br\CLC\01_Processos_e_Aquisicoes\Base de Conhecimento - Thiago\05_Doutrina_e_Biblioteca\Biblioteca_Manuais_e_Cursos\Manuais\Apostila - CURSO DE CONTRATAÇÃO DIRETA E DISPENSA ELETRÔNICA COM IA - JAMIL - IINEX_ocred.pdf
IGUAL,0.99,mestra\05_Doutrina_e_Biblioteca\Biblioteca_Manuais_e_Cursos\Manuais,Artigo - A existência de prop inferiores de outros profis impede a contratação por inex de not especialista.pdf,mestra\05_Doutrina_e_Biblioteca\Biblioteca_Manuais_e_Cursos\Artigo Doutrinario - Existencia de Propostas Menores Impede Inexigibilidade por Notoria Especializacao.md,8,nao,ERRO_ABERTURA,879,C:\Users\thiagonogueira\OneDrive - mppi.mp.br\CLC\01_Processos_e_Aquisicoes\Base de Conhecimento - Thiago\05_Doutrina_e_Biblioteca\Biblioteca_Manuais_e_Cursos\Manuais\Artigo - A existência de prop inferiores de outros profis impede a contratação por inex de not especialista.pdf
IGUAL,0.99,mestra\05_Doutrina_e_Biblioteca\Biblioteca_Manuais_e_Cursos\Manuais,"Artigo - A fase recursal na nova Lei de Licitaçõesuma análise comparativa com as Leis n°8.66693, 10.5202002 e 12.462.pdf",mestra\05_Doutrina_e_Biblioteca\Biblioteca_Manuais_e_Cursos\Artigo Doutrinario - A Fase Recursal na Nova Lei de Licitacoes - Analise Comparativa.md,24,nao,ERRO_ABERTURA,628,"C:\Users\thiagonogueira\OneDrive - mppi.mp.br\CLC\01_Processos_e_Aquisicoes\Base de Conhecimento - Thiago\05_Doutrina_e_Biblioteca\Biblioteca_Manuais_e_Cursos\Manuais\Artigo - A fase recursal na nova Lei de Licitaçõesuma análise comparativa com as Leis n°8.66693, 10.5202002 e 12.462.pdf"
IGUAL,0.99,mestra\05_Doutrina_e_Biblioteca\Biblioteca_Manuais_e_Cursos\Manuais,Artigo - A Pesquisa de Preços Concomitante à Seleção da Proposta na Dispensa Eletrônica..pdf,mestra\05_Doutrina_e_Biblioteca\Biblioteca_Manuais_e_Cursos\Artigo Doutrinario - Pesquisa de Precos Concomitante a Selecao da Proposta na Dispensa Eletronica.md,17,nao,TEXTO,182,C:\Users\thiagonogueira\OneDrive - mppi.mp.br\CLC\01_Processos_e_Aquisicoes\Base de Conhecimento - Thiago\05_Doutrina_e_Biblioteca\Biblioteca_Manuais_e_Cursos\Manuais\Artigo - A Pesquisa de Preços Concomitante à Seleção da Proposta na Dispensa Eletrônica..pdf
IGUAL,0.99,mestra\05_Doutrina_e_Biblioteca\Biblioteca_Manuais_e_Cursos\Manuais,Artigo - As Quatro Formatações da Dispensa por Valor nos Termos da NLLC e as Regulamentações Pertinentes.pdf,mestra\05_Doutrina_e_Biblioteca\Biblioteca_Manuais_e_Cursos\Artigo Doutrinario - As Quatro Formatacoes da Dispensa por Valor na NLLC.md,17,nao,ERRO_ABERTURA,150,C:\Users\thiagonogueira\OneDrive - mppi.mp.br\CLC\01_Processos_e_Aquisicoes\Base de Conhecimento - Thiago\05_Doutrina_e_Biblioteca\Biblioteca_Manuais_e_Cursos\Manuais\Artigo - As Quatro Formatações da Dispensa por Valor nos Termos da NLLC e as Regulamentações Pertinentes.pdf
IGUAL,0.99,mestra\05_Doutrina_e_Biblioteca\Biblioteca_Manuais_e_Cursos\Manuais,Artigo - Como formalizar a prorrogação da vigência de uma ARP.pdf,mestra\05_Doutrina_e_Biblioteca\Biblioteca_Manuais_e_Cursos\Artigo Doutrinario - Como Formalizar a Prorrogacao da Vigencia de uma ARP.md,2,nao,TEXTO,243,C:\Users\thiagonogueira\OneDrive - mppi.mp.br\CLC\01_Processos_e_Aquisicoes\Base de Conhecimento - Thiago\05_Doutrina_e_Biblioteca\Biblioteca_Manuais_e_Cursos\Manuais\Artigo - Como formalizar a prorrogação da vigência de uma ARP.pdf
IGUAL,0.99,mestra\05_Doutrina_e_Biblioteca\Biblioteca_Manuais_e_Cursos\Manuais,"Artigo - Das Impugnações, dos Pedidos de Esclarecimento e dos Recursos nas Dispensas de Licitação.pdf",mestra\05_Doutrina_e_Biblioteca\Biblioteca_Manuais_e_Cursos\Artigo Doutrinario - Impugnacoes Pedidos de Esclarecimento e Recursos nas Dispensas.md,20,nao,ERRO_ABERTURA,374,"C:\Users\thiagonogueira\OneDrive - mppi.mp.br\CLC\01_Processos_e_Aquisicoes\Base de Conhecimento - Thiago\05_Doutrina_e_Biblioteca\Biblioteca_Manuais_e_Cursos\Manuais\Artigo - Das Impugnações, dos Pedidos de Esclarecimento e dos Recursos nas Dispensas de Licitação.pdf"
IGUAL,1.0,mestra\05_Doutrina_e_Biblioteca\Biblioteca_Manuais_e_Cursos\Manuais,Artigo - Leonardo Mota - Dispensa de licitação na nova Lei de Licitações e Contratos Administrativos.pdf,mestra\05_Doutrina_e_Biblioteca\Biblioteca_Manuais_e_Cursos\Artigo Doutrinario - Leonardo Mota - Dispensa de Licitacao na Nova Lei de Licitacoes.md,3,nao,ERRO_ABERTURA,141,C:\Users\thiagonogueira\OneDrive - mppi.mp.br\CLC\01_Processos_e_Aquisicoes\Base de Conhecimento - Thiago\05_Doutrina_e_Biblioteca\Biblioteca_Manuais_e_Cursos\Manuais\Artigo - Leonardo Mota - Dispensa de licitação na nova Lei de Licitações e Contratos Administrativos.pdf
IGUAL,0.99,mestra\05_Doutrina_e_Biblioteca\Biblioteca_Manuais_e_Cursos\Manuais,Artigo - Sem Singularidade não há Inexigibilidade.pdf,mestra\05_Doutrina_e_Biblioteca\Biblioteca_Manuais_e_Cursos\Artigo Doutrinario - Sem Singularidade nao ha Inexigibilidade.md,4,nao,TEXTO,143,C:\Users\thiagonogueira\OneDrive - mppi.mp.br\CLC\01_Processos_e_Aquisicoes\Base de Conhecimento - Thiago\05_Doutrina_e_Biblioteca\Biblioteca_Manuais_e_Cursos\Manuais\Artigo - Sem Singularidade não há Inexigibilidade.pdf
IGUAL,0.99,mestra\05_Doutrina_e_Biblioteca\Biblioteca_Manuais_e_Cursos\Manuais,Aspectos gerais da nova lei de licitações e contratos 14.133.21.pdf,mestra\05_Doutrina_e_Biblioteca\Biblioteca_Manuais_e_Cursos\Apostila Tecnica - Aspectos Gerais da Nova Lei de Licitacoes e Contratos 14133 - Jamil Manasfi.md,78,nao,TEXTO,1164,C:\Users\thiagonogueira\OneDrive - mppi.mp.br\CLC\01_Processos_e_Aquisicoes\Base de Conhecimento - Thiago\05_Doutrina_e_Biblioteca\Biblioteca_Manuais_e_Cursos\Manuais\Aspectos gerais da nova lei de licitações e contratos 14.133.21.pdf
IGUAL,0.99,mestra\05_Doutrina_e_Biblioteca\Biblioteca_Manuais_e_Cursos\Manuais,ATO 008_2024_PGJ - que define os procedimentos administrativos de contratação de bens e serviços no âmbito do MPAM.pdf,mestra\05_Doutrina_e_Biblioteca\Biblioteca_Manuais_e_Cursos\Ato PGJ-MPAM 008.2024 - Procedimentos Administrativos de Contratacao de Bens e Servicos.md,41,nao,ERRO_ABERTURA,202,C:\Users\thiagonogueira\OneDrive - mppi.mp.br\CLC\01_Processos_e_Aquisicoes\Base de Conhecimento - Thiago\05_Doutrina_e_Biblioteca\Biblioteca_Manuais_e_Cursos\Manuais\ATO 008_2024_PGJ - que define os procedimentos administrativos de contratação de bens e serviços no âmbito do MPAM.pdf
IGUAL,0.98,mestra\05_Doutrina_e_Biblioteca\Biblioteca_Manuais_e_Cursos\Manuais,Contratos.gov – Manual operacional de gestão e fiscalização contratual.pdf,mestra\05_Doutrina_e_Biblioteca\Biblioteca_Manuais_e_Cursos\Manual Operacional - Gestao e Fiscalizacao Contratual no Sistema Contratos.gov.br.md,70,sim,TEXTO,864,C:\Users\thiagonogueira\OneDrive - mppi.mp.br\CLC\01_Processos_e_Aquisicoes\Base de Conhecimento - Thiago\05_Doutrina_e_Biblioteca\Biblioteca_Manuais_e_Cursos\Manuais\Contratos.gov – Manual operacional de gestão e fiscalização contratual.pdf
IGUAL,0.99,mestra\05_Doutrina_e_Biblioteca\Biblioteca_Manuais_e_Cursos\Manuais,"Controladoria-Geral da União- Guia referencial para identificação, quantificaçao e mitigação de superfaturame.pdf",mestra\05_Doutrina_e_Biblioteca\Biblioteca_Manuais_e_Cursos\Guia Referencial CGU - Identificacao Quantificacao e Mitigacao de Superfaturamento.md,66,nao,ERRO_ABERTURA,2229,"C:\Users\thiagonogueira\OneDrive - mppi.mp.br\CLC\01_Processos_e_Aquisicoes\Base de Conhecimento - Thiago\05_Doutrina_e_Biblioteca\Biblioteca_Manuais_e_Cursos\Manuais\Controladoria-Geral da União- Guia referencial para identificação, quantificaçao e mitigação de superfaturame.pdf"
IGUAL,0.98,mestra\05_Doutrina_e_Biblioteca\Biblioteca_Manuais_e_Cursos\Manuais,Curso Elaboração do Termo de Referência e Pesquisa de Preços nas Contratações Públicas - Parte 01.pdf,mestra\05_Doutrina_e_Biblioteca\Biblioteca_Manuais_e_Cursos\Curso Pratico - Elaboracao de Termo de Referencia e Pesquisa de Precos - Parte 01.md,65,nao,ERRO_ABERTURA,568,C:\Users\thiagonogueira\OneDrive - mppi.mp.br\CLC\01_Processos_e_Aquisicoes\Base de Conhecimento - Thiago\05_Doutrina_e_Biblioteca\Biblioteca_Manuais_e_Cursos\Manuais\Curso Elaboração do Termo de Referência e Pesquisa de Preços nas Contratações Públicas - Parte 01.pdf
IGUAL,0.99,mestra\05_Doutrina_e_Biblioteca\Biblioteca_Manuais_e_Cursos\Manuais,Curso Elaboração do Termo de Referência e Pesquisa de Preços nas Contratações Públicas - Parte 02.pdf,mestra\05_Doutrina_e_Biblioteca\Biblioteca_Manuais_e_Cursos\Curso Pratico - Elaboracao de Termo de Referencia e Pesquisa de Precos - Parte 02.md,78,nao,ERRO_ABERTURA,714,C:\Users\thiagonogueira\OneDrive - mppi.mp.br\CLC\01_Processos_e_Aquisicoes\Base de Conhecimento - Thiago\05_Doutrina_e_Biblioteca\Biblioteca_Manuais_e_Cursos\Manuais\Curso Elaboração do Termo de Referência e Pesquisa de Preços nas Contratações Públicas - Parte 02.pdf
IGUAL,0.99,mestra\05_Doutrina_e_Biblioteca\Biblioteca_Manuais_e_Cursos\Manuais,Decreto PMT 24750.2023.pdf,mestra\05_Doutrina_e_Biblioteca\Biblioteca_Manuais_e_Cursos\Decreto Municipal PMT 24750.2023 - Procedimentos da Nova Lei de Licitacoes.md,6,nao,TEXTO,291,C:\Users\thiagonogueira\OneDrive - mppi.mp.br\CLC\01_Processos_e_Aquisicoes\Base de Conhecimento - Thiago\05_Doutrina_e_Biblioteca\Biblioteca_Manuais_e_Cursos\Manuais\Decreto PMT 24750.2023.pdf
IGUAL,0.99,mestra\05_Doutrina_e_Biblioteca\Biblioteca_Manuais_e_Cursos\Manuais,Decreto PMT 25530.2024 - Regula-o-procedimento-de-contratacao-direta.pdf,mestra\05_Doutrina_e_Biblioteca\Biblioteca_Manuais_e_Cursos\Decreto Municipal PMT 25530.2024 - Regulamentacao da Contratacao Direta.md,8,nao,TEXTO,324,C:\Users\thiagonogueira\OneDrive - mppi.mp.br\CLC\01_Processos_e_Aquisicoes\Base de Conhecimento - Thiago\05_Doutrina_e_Biblioteca\Biblioteca_Manuais_e_Cursos\Manuais\Decreto PMT 25530.2024 - Regula-o-procedimento-de-contratacao-direta.pdf
IGUAL,0.97,mestra\05_Doutrina_e_Biblioteca\Biblioteca_Manuais_e_Cursos\Manuais,E-BOX 01 - ESTUDO TÉCNICO PRELIMINAR - AQUISIÇÕES - SERVIÇOS EM GERAL.pdf,mestra\05_Doutrina_e_Biblioteca\Biblioteca_Manuais_e_Cursos\Guia E-BOX 01 - Estudo Tecnico Preliminar para Aquisicoes e Servicos em Geral - Hamilton Bonatto.md,43,sim,TEXTO,3176,C:\Users\thiagonogueira\OneDrive - mppi.mp.br\CLC\01_Processos_e_Aquisicoes\Base de Conhecimento - Thiago\05_Doutrina_e_Biblioteca\Biblioteca_Manuais_e_Cursos\Manuais\E-BOX 01 - ESTUDO TÉCNICO PRELIMINAR - AQUISIÇÕES - SERVIÇOS EM GERAL.pdf
IGUAL,0.97,mestra\05_Doutrina_e_Biblioteca\Biblioteca_Manuais_e_Cursos\Manuais,E-BOX 02 - ESTUDO TÉCNICO PRELIMINAR - OBRAS E SERVIÇOS DE ENGENHARIA.pdf,mestra\05_Doutrina_e_Biblioteca\Biblioteca_Manuais_e_Cursos\Guia E-BOX 02 - Estudo Tecnico Preliminar para Obras e Servicos de Engenharia - Hamilton Bonatto.md,45,sim,TEXTO,6435,C:\Users\thiagonogueira\OneDrive - mppi.mp.br\CLC\01_Processos_e_Aquisicoes\Base de Conhecimento - Thiago\05_Doutrina_e_Biblioteca\Biblioteca_Manuais_e_Cursos\Manuais\E-BOX 02 - ESTUDO TÉCNICO PRELIMINAR - OBRAS E SERVIÇOS DE ENGENHARIA.pdf
IGUAL,0.95,mestra\05_Doutrina_e_Biblioteca\Biblioteca_Manuais_e_Cursos\Manuais,E-BOX 03 - ESTUDO TÉCNICO PRELIMINAR TIC.pdf,mestra\05_Doutrina_e_Biblioteca\Biblioteca_Manuais_e_Cursos\Guia E-BOX 03 - Estudo Tecnico Preliminar para Solucoes de TIC - Hamilton Bonatto.md,51,sim,TEXTO,2579,C:\Users\thiagonogueira\OneDrive - mppi.mp.br\CLC\01_Processos_e_Aquisicoes\Base de Conhecimento - Thiago\05_Doutrina_e_Biblioteca\Biblioteca_Manuais_e_Cursos\Manuais\E-BOX 03 - ESTUDO TÉCNICO PRELIMINAR TIC.pdf
IGUAL,0.98,mestra\05_Doutrina_e_Biblioteca\Biblioteca_Manuais_e_Cursos\Manuais,Enap - Caderno de curso Nova lei de licitações - Planejamento e Governança.pdf,mestra\05_Doutrina_e_Biblioteca\Biblioteca_Manuais_e_Cursos\Caderno de Curso ENAP - Nova Lei de Licitacoes - Planejamento e Governanca.md,54,sim,TEXTO,1237,C:\Users\thiagonogueira\OneDrive - mppi.mp.br\CLC\01_Processos_e_Aquisicoes\Base de Conhecimento - Thiago\05_Doutrina_e_Biblioteca\Biblioteca_Manuais_e_Cursos\Manuais\Enap - Caderno de curso Nova lei de licitações - Planejamento e Governança.pdf
IGUAL,0.99,mestra\05_Doutrina_e_Biblioteca\Biblioteca_Manuais_e_Cursos\Manuais,Estudo Temático do TCE-MG (fev-2025)- Terceirização na Administração Pública - Um levantamento jurisprudencia.pdf,mestra\05_Doutrina_e_Biblioteca\Biblioteca_Manuais_e_Cursos\Estudo Tematico TCE-MG - Terceirizacao na Administracao Publica - Levantamento Jurisprudencial.md,34,sim,ERRO_ABERTURA,5235,C:\Users\thiagonogueira\OneDrive - mppi.mp.br\CLC\01_Processos_e_Aquisicoes\Base de Conhecimento - Thiago\05_Doutrina_e_Biblioteca\Biblioteca_Manuais_e_Cursos\Manuais\Estudo Temático do TCE-MG (fev-2025)- Terceirização na Administração Pública - Um levantamento jurisprudencia.pdf
IGUAL,0.98,mestra\05_Doutrina_e_Biblioteca\Biblioteca_Manuais_e_Cursos\Manuais,estudo_tematico_recuperacao_judicial.pdf,mestra\05_Doutrina_e_Biblioteca\Biblioteca_Manuais_e_Cursos\Estudo Tematico - Participacao de Empresas em Recuperacao Judicial em Licitacoes Publicas.md,32,sim,TEXTO,7511,C:\Users\thiagonogueira\OneDrive - mppi.mp.br\CLC\01_Processos_e_Aquisicoes\Base de Conhecimento - Thiago\05_Doutrina_e_Biblioteca\Biblioteca_Manuais_e_Cursos\Manuais\estudo_tematico_recuperacao_judicial.pdf
IGUAL,0.98,mestra\05_Doutrina_e_Biblioteca\Biblioteca_Manuais_e_Cursos\Manuais,Federal - Caderno de Logistica - Pesquisa de Preços - 2017.pdf,mestra\05_Doutrina_e_Biblioteca\Biblioteca_Manuais_e_Cursos\Caderno de Logistica - Pesquisa de Precos nas Contratacoes Publicas - Governo Federal.md,23,nao,TEXTO,558,C:\Users\thiagonogueira\OneDrive - mppi.mp.br\CLC\01_Processos_e_Aquisicoes\Base de Conhecimento - Thiago\05_Doutrina_e_Biblioteca\Biblioteca_Manuais_e_Cursos\Manuais\Federal - Caderno de Logistica - Pesquisa de Preços - 2017.pdf
IGUAL,0.99,mestra\05_Doutrina_e_Biblioteca\Biblioteca_Manuais_e_Cursos\Manuais,FLUXOGRAMA ATOS PARA A APLICAÇÃO DE SANÇÕES CONTRATUAIS (1) - Copia.pdf,mestra\05_Doutrina_e_Biblioteca\Biblioteca_Manuais_e_Cursos\Fluxograma Operacional - Atos para Aplicacao de Sancoes Contratuais.md,2,nao,TEXTO,187,C:\Users\thiagonogueira\OneDrive - mppi.mp.br\CLC\01_Processos_e_Aquisicoes\Base de Conhecimento - Thiago\05_Doutrina_e_Biblioteca\Biblioteca_Manuais_e_Cursos\Manuais\FLUXOGRAMA ATOS PARA A APLICAÇÃO DE SANÇÕES CONTRATUAIS (1) - Copia.pdf
IGUAL,0.99,mestra\05_Doutrina_e_Biblioteca\Biblioteca_Manuais_e_Cursos\Manuais,Guia Prático de Contratações em Situações de Calamidade Pública da CGU – Conforme a Medida Provisória nº 1.22.pdf,mestra\05_Doutrina_e_Biblioteca\Biblioteca_Manuais_e_Cursos\Guia Pratico CGU - Contratacoes em Situacoes de Calamidade Publica - MP 1221.md,34,nao,ERRO_ABERTURA,601,C:\Users\thiagonogueira\OneDrive - mppi.mp.br\CLC\01_Processos_e_Aquisicoes\Base de Conhecimento - Thiago\05_Doutrina_e_Biblioteca\Biblioteca_Manuais_e_Cursos\Manuais\Guia Prático de Contratações em Situações de Calamidade Pública da CGU – Conforme a Medida Provisória nº 1.22.pdf
IGUAL,0.98,mestra\05_Doutrina_e_Biblioteca\Biblioteca_Manuais_e_Cursos\Manuais,GUIAREEMBOLSOCRECHEAbril_26.pdf,mestra\05_Doutrina_e_Biblioteca\Biblioteca_Manuais_e_Cursos\Guia Pratico - Reembolso-Creche nos Contratos com Dedicacao Exclusiva de Mao de Obra.md,22,nao,TEXTO,3424,C:\Users\thiagonogueira\OneDrive - mppi.mp.br\CLC\01_Processos_e_Aquisicoes\Base de Conhecimento - Thiago\05_Doutrina_e_Biblioteca\Biblioteca_Manuais_e_Cursos\Manuais\GUIAREEMBOLSOCRECHEAbril_26.pdf
IGUAL,0.95,mestra\05_Doutrina_e_Biblioteca\Biblioteca_Manuais_e_Cursos\Manuais,Guia_boas_praticas_contratacoes_publicas_publicidade_4749af44f2.pdf,mestra\05_Doutrina_e_Biblioteca\Biblioteca_Manuais_e_Cursos\Guia de Boas Praticas - Contratacoes Publicas de Servicos de Publicidade.md,58,sim,TEXTO,918,C:\Users\thiagonogueira\OneDrive - mppi.mp.br\CLC\01_Processos_e_Aquisicoes\Base de Conhecimento - Thiago\05_Doutrina_e_Biblioteca\Biblioteca_Manuais_e_Cursos\Manuais\Guia_boas_praticas_contratacoes_publicas_publicidade_4749af44f2.pdf
IGUAL,0.96,mestra\05_Doutrina_e_Biblioteca\Biblioteca_Manuais_e_Cursos\Manuais,ia-generativa-no-servico-publico.pdf,mestra\05_Doutrina_e_Biblioteca\Biblioteca_Manuais_e_Cursos\Guia Conjunto MF-MGI - Inteligencia Artificial Generativa no Servico Publico.md,34,sim,TEXTO,2670,C:\Users\thiagonogueira\OneDrive - mppi.mp.br\CLC\01_Processos_e_Aquisicoes\Base de Conhecimento - Thiago\05_Doutrina_e_Biblioteca\Biblioteca_Manuais_e_Cursos\Manuais\ia-generativa-no-servico-publico.pdf
IGUAL,0.94,mestra\05_Doutrina_e_Biblioteca\Biblioteca_Manuais_e_Cursos\Manuais,INOVAGOV SC – Guia para Planejamento de Contratações de Inovação no Setor Público.pdf,mestra\05_Doutrina_e_Biblioteca\Biblioteca_Manuais_e_Cursos\Guia INOVAGOV-SC - Planejamento de Contratacoes de Inovacao no Setor Publico.md,24,sim,TEXTO,2045,C:\Users\thiagonogueira\OneDrive - mppi.mp.br\CLC\01_Processos_e_Aquisicoes\Base de Conhecimento - Thiago\05_Doutrina_e_Biblioteca\Biblioteca_Manuais_e_Cursos\Manuais\INOVAGOV SC – Guia para Planejamento de Contratações de Inovação no Setor Público.pdf
IGUAL,0.99,mestra\05_Doutrina_e_Biblioteca\Biblioteca_Manuais_e_Cursos\Manuais,Livro - 218187_LV_Compras publicas_Cap03.pdf,mestra\05_Doutrina_e_Biblioteca\Biblioteca_Manuais_e_Cursos\Estudo IPEA - Desafios e Perspectivas das Compras Publicas no Brasil - Capitulo 03.md,47,nao,TEXTO,759,C:\Users\thiagonogueira\OneDrive - mppi.mp.br\CLC\01_Processos_e_Aquisicoes\Base de Conhecimento - Thiago\05_Doutrina_e_Biblioteca\Biblioteca_Manuais_e_Cursos\Manuais\Livro - 218187_LV_Compras publicas_Cap03.pdf
IGUAL,0.99,mestra\05_Doutrina_e_Biblioteca\Biblioteca_Manuais_e_Cursos\Manuais,Livro - Aula 002 - PDFL -  (Capítulo Livro) TIPOLOGIA DE FRAUDES EM LICITAÇÃO.pdf,mestra\05_Doutrina_e_Biblioteca\Biblioteca_Manuais_e_Cursos\Manual Doutrinario - Tipologia de Fraudes em Licitacoes e Mecanismos de Prevencao.md,50,nao,TEXTO,3007,C:\Users\thiagonogueira\OneDrive - mppi.mp.br\CLC\01_Processos_e_Aquisicoes\Base de Conhecimento - Thiago\05_Doutrina_e_Biblioteca\Biblioteca_Manuais_e_Cursos\Manuais\Livro - Aula 002 - PDFL -  (Capítulo Livro) TIPOLOGIA DE FRAUDES EM LICITAÇÃO.pdf
IGUAL,0.99,mestra\05_Doutrina_e_Biblioteca\Biblioteca_Manuais_e_Cursos\Manuais,Manual - Capítulo de Compras Governamentais no Brasil.pdf,mestra\05_Doutrina_e_Biblioteca\Biblioteca_Manuais_e_Cursos\Manual - Capitulo de Compras Governamentais no Brasil - Visao Geral e Fundamentos.md,37,nao,TEXTO,368,C:\Users\thiagonogueira\OneDrive - mppi.mp.br\CLC\01_Processos_e_Aquisicoes\Base de Conhecimento - Thiago\05_Doutrina_e_Biblioteca\Biblioteca_Manuais_e_Cursos\Manuais\Manual - Capítulo de Compras Governamentais no Brasil.pdf
IGUAL,0.96,mestra\05_Doutrina_e_Biblioteca\Biblioteca_Manuais_e_Cursos\Manuais,Manual - Dispensa Eletrônica - Governo (padrão) (3).pdf,mestra\05_Doutrina_e_Biblioteca\Biblioteca_Manuais_e_Cursos\Manual Operacional - Dispensa Eletronica no Compras.gov.br - Visao Governo.md,54,sim,TEXTO,6394,C:\Users\thiagonogueira\OneDrive - mppi.mp.br\CLC\01_Processos_e_Aquisicoes\Base de Conhecimento - Thiago\05_Doutrina_e_Biblioteca\Biblioteca_Manuais_e_Cursos\Manuais\Manual - Dispensa Eletrônica - Governo (padrão) (3).pdf
IGUAL,0.96,mestra\05_Doutrina_e_Biblioteca\Biblioteca_Manuais_e_Cursos\Manuais,Manual - Dispensa Eletrônica - Governo (padrão).pdf,mestra\05_Doutrina_e_Biblioteca\Biblioteca_Manuais_e_Cursos\Manual Operacional - Dispensa Eletronica no Compras.gov.br - Visao Governo.md,54,sim,TEXTO,6428,C:\Users\thiagonogueira\OneDrive - mppi.mp.br\CLC\01_Processos_e_Aquisicoes\Base de Conhecimento - Thiago\05_Doutrina_e_Biblioteca\Biblioteca_Manuais_e_Cursos\Manuais\Manual - Dispensa Eletrônica - Governo (padrão).pdf
IGUAL,0.99,mestra\05_Doutrina_e_Biblioteca\Biblioteca_Manuais_e_Cursos\Manuais,Manual Compras e Licitacoes TRT 2 SP - 2024-2026.pdf,mestra\05_Doutrina_e_Biblioteca\Biblioteca_Manuais_e_Cursos\Manual Institucional - Compras e Licitacoes - TRT 2a Regiao 2025-2027.md,82,sim,TEXTO,2787,C:\Users\thiagonogueira\OneDrive - mppi.mp.br\CLC\01_Processos_e_Aquisicoes\Base de Conhecimento - Thiago\05_Doutrina_e_Biblioteca\Biblioteca_Manuais_e_Cursos\Manuais\Manual Compras e Licitacoes TRT 2 SP - 2024-2026.pdf
IGUAL,0.91,mestra\05_Doutrina_e_Biblioteca\Biblioteca_Manuais_e_Cursos\Manuais,Manual Compras e Licitacoes TRT 2 SP - 2025-2027.pdf,mestra\05_Doutrina_e_Biblioteca\Biblioteca_Manuais_e_Cursos\Manual Institucional - Compras e Licitacoes - TRT 2a Regiao 2025-2027.md,76,sim,TEXTO,1150,C:\Users\thiagonogueira\OneDrive - mppi.mp.br\CLC\01_Processos_e_Aquisicoes\Base de Conhecimento - Thiago\05_Doutrina_e_Biblioteca\Biblioteca_Manuais_e_Cursos\Manuais\Manual Compras e Licitacoes TRT 2 SP - 2025-2027.pdf
IGUAL,0.88,mestra\05_Doutrina_e_Biblioteca\Biblioteca_Manuais_e_Cursos\Manuais,Manual de Compras Baseadas na Relação Custo-Benefício (abr-2025).pdf,mestra\05_Doutrina_e_Biblioteca\Biblioteca_Manuais_e_Cursos\Manual de Orientacao - Compras Publicas Baseadas na Relacao Custo-Beneficio.md,70,sim,TEXTO,1195,C:\Users\thiagonogueira\OneDrive - mppi.mp.br\CLC\01_Processos_e_Aquisicoes\Base de Conhecimento - Thiago\05_Doutrina_e_Biblioteca\Biblioteca_Manuais_e_Cursos\Manuais\Manual de Compras Baseadas na Relação Custo-Benefício (abr-2025).pdf
IGUAL,0.99,mestra\05_Doutrina_e_Biblioteca\Biblioteca_Manuais_e_Cursos\Manuais,Manual-de-Mapeamento-e-Melhoria-de-Processos-do-MPPI-1.pdf,mestra\05_Doutrina_e_Biblioteca\Biblioteca_Manuais_e_Cursos\Manual MPPI - Mapeamento e Melhoria de Processos de Trabalho.md,26,sim,TEXTO,3404,C:\Users\thiagonogueira\OneDrive - mppi.mp.br\CLC\01_Processos_e_Aquisicoes\Base de Conhecimento - Thiago\05_Doutrina_e_Biblioteca\Biblioteca_Manuais_e_Cursos\Manuais\Manual-de-Mapeamento-e-Melhoria-de-Processos-do-MPPI-1.pdf
IGUAL,0.98,mestra\05_Doutrina_e_Biblioteca\Biblioteca_Manuais_e_Cursos\Manuais,MGIS - Modelo Maturidade de Dado MMD.pdf,mestra\05_Doutrina_e_Biblioteca\Biblioteca_Manuais_e_Cursos\Manual MGI - Modelo de Maturidade de Dados no Setor Publico.md,49,nao,TEXTO,3197,C:\Users\thiagonogueira\OneDrive - mppi.mp.br\CLC\01_Processos_e_Aquisicoes\Base de Conhecimento - Thiago\05_Doutrina_e_Biblioteca\Biblioteca_Manuais_e_Cursos\Manuais\MGIS - Modelo Maturidade de Dado MMD.pdf
IGUAL,0.69,mestra\05_Doutrina_e_Biblioteca\Biblioteca_Manuais_e_Cursos\Manuais,MPBA - Cadastro no Compras Gov - Dispensas e Inex.pdf,mestra\05_Doutrina_e_Biblioteca\Biblioteca_Manuais_e_Cursos\Manual MPBA - Cadastro no Compras.gov para Dispensas e Inexigibilidades.md,9,sim,TEXTO,793,C:\Users\thiagonogueira\OneDrive - mppi.mp.br\CLC\01_Processos_e_Aquisicoes\Base de Conhecimento - Thiago\05_Doutrina_e_Biblioteca\Biblioteca_Manuais_e_Cursos\Manuais\MPBA - Cadastro no Compras Gov - Dispensas e Inex.pdf
IGUAL,1.0,mestra\05_Doutrina_e_Biblioteca\Biblioteca_Manuais_e_Cursos\Manuais,Nota Técnica 5-2024 (Dispensa Licitação Eletrônica).pdf,mestra\05_Doutrina_e_Biblioteca\Biblioteca_Manuais_e_Cursos\Nota Tecnica 05.2024 - Procedimentos e Fluxo da Dispensa Eletronica.md,15,nao,TEXTO,321,C:\Users\thiagonogueira\OneDrive - mppi.mp.br\CLC\01_Processos_e_Aquisicoes\Base de Conhecimento - Thiago\05_Doutrina_e_Biblioteca\Biblioteca_Manuais_e_Cursos\Manuais\Nota Técnica 5-2024 (Dispensa Licitação Eletrônica).pdf
IGUAL,0.99,mestra\05_Doutrina_e_Biblioteca\Biblioteca_Manuais_e_Cursos\Manuais,NOTA TÉCNICA CONJUNTA ATRICON-IRB Nº 01-2026.pdf,mestra\05_Doutrina_e_Biblioteca\Biblioteca_Manuais_e_Cursos\Nota Tecnica Conjunta ATRICON-IRB 01.2026 - Diretrizes para Controle e Transparencia.md,17,nao,TEXTO,482,C:\Users\thiagonogueira\OneDrive - mppi.mp.br\CLC\01_Processos_e_Aquisicoes\Base de Conhecimento - Thiago\05_Doutrina_e_Biblioteca\Biblioteca_Manuais_e_Cursos\Manuais\NOTA TÉCNICA CONJUNTA ATRICON-IRB Nº 01-2026.pdf
IGUAL,0.99,mestra\05_Doutrina_e_Biblioteca\Biblioteca_Manuais_e_Cursos\Manuais,Nota Técnica N° 18_2026 - Leis.org.pdf,mestra\05_Doutrina_e_Biblioteca\Biblioteca_Manuais_e_Cursos\Nota Tecnica 18.2026 - Alimentacao Artificial de Praias - Aspectos Tecnicos e Juridicos.md,51,nao,TEXTO,8810,C:\Users\thiagonogueira\OneDrive - mppi.mp.br\CLC\01_Processos_e_Aquisicoes\Base de Conhecimento - Thiago\05_Doutrina_e_Biblioteca\Biblioteca_Manuais_e_Cursos\Manuais\Nota Técnica N° 18_2026 - Leis.org.pdf
IGUAL,0.99,mestra\05_Doutrina_e_Biblioteca\Biblioteca_Manuais_e_Cursos\Manuais,ORIENTACAO-TECNICA-REEQUILIBRIO-ECONOMICO-FINANCEIRO.pdf,mestra\05_Doutrina_e_Biblioteca\Biblioteca_Manuais_e_Cursos\Orientacao Tecnica - Reequilibrio Economico-Financeiro Contratual.md,14,nao,TEXTO,355,C:\Users\thiagonogueira\OneDrive - mppi.mp.br\CLC\01_Processos_e_Aquisicoes\Base de Conhecimento - Thiago\05_Doutrina_e_Biblioteca\Biblioteca_Manuais_e_Cursos\Manuais\ORIENTACAO-TECNICA-REEQUILIBRIO-ECONOMICO-FINANCEIRO.pdf
IGUAL,0.82,mestra\05_Doutrina_e_Biblioteca\Biblioteca_Manuais_e_Cursos\Manuais,Palestra - Aplicações e Limitações de Inteligência Artificial no Controle Externo.pdf,mestra\05_Doutrina_e_Biblioteca\Biblioteca_Manuais_e_Cursos\Palestra Tecnica - Aplicacoes e Limitacoes de Inteligencia Artificial no Controle Externo.md,60,sim,TEXTO,6146,C:\Users\thiagonogueira\OneDrive - mppi.mp.br\CLC\01_Processos_e_Aquisicoes\Base de Conhecimento - Thiago\05_Doutrina_e_Biblioteca\Biblioteca_Manuais_e_Cursos\Manuais\Palestra - Aplicações e Limitações de Inteligência Artificial no Controle Externo.pdf
IGUAL,0.98,mestra\05_Doutrina_e_Biblioteca\Biblioteca_Manuais_e_Cursos\Manuais,Palestra - Inventário de Riscos e Controles nas contratações públicas.pdf,mestra\05_Doutrina_e_Biblioteca\Biblioteca_Manuais_e_Cursos\Manual Metodologico - Inventario de Riscos e Controles nas Contratacoes Publicas.md,56,sim,TEXTO,4720,C:\Users\thiagonogueira\OneDrive - mppi.mp.br\CLC\01_Processos_e_Aquisicoes\Base de Conhecimento - Thiago\05_Doutrina_e_Biblioteca\Biblioteca_Manuais_e_Cursos\Manuais\Palestra - Inventário de Riscos e Controles nas contratações públicas.pdf
IGUAL,0.99,mestra\05_Doutrina_e_Biblioteca\Biblioteca_Manuais_e_Cursos\Manuais,PARECER n. 00003-2025-GAB-CGU-CGU-AGU.pdf,mestra\05_Doutrina_e_Biblioteca\Biblioteca_Manuais_e_Cursos\Parecer AGU 00003.2025-GAB-CGU - Atuacao do Orgao Consultivo e Segregacao de Funcoes.md,4,nao,TEXTO,171,C:\Users\thiagonogueira\OneDrive - mppi.mp.br\CLC\01_Processos_e_Aquisicoes\Base de Conhecimento - Thiago\05_Doutrina_e_Biblioteca\Biblioteca_Manuais_e_Cursos\Manuais\PARECER n. 00003-2025-GAB-CGU-CGU-AGU.pdf
IGUAL,0.99,mestra\05_Doutrina_e_Biblioteca\Biblioteca_Manuais_e_Cursos\Manuais,PARECER n. 00004-2025-CNLCA-CGU-AGU.pdf,mestra\05_Doutrina_e_Biblioteca\Biblioteca_Manuais_e_Cursos\Parecer AGU 00004.2025-CNLCA - Reajuste e Repactuacao Contratual na Lei 14133.md,12,nao,TEXTO,388,C:\Users\thiagonogueira\OneDrive - mppi.mp.br\CLC\01_Processos_e_Aquisicoes\Base de Conhecimento - Thiago\05_Doutrina_e_Biblioteca\Biblioteca_Manuais_e_Cursos\Manuais\PARECER n. 00004-2025-CNLCA-CGU-AGU.pdf
IGUAL,0.99,mestra\05_Doutrina_e_Biblioteca\Biblioteca_Manuais_e_Cursos\Manuais,PARECER n. 00005-2025-DECOR-CGU-AGU.pdf,mestra\05_Doutrina_e_Biblioteca\Biblioteca_Manuais_e_Cursos\Parecer AGU 00005.2025-DECOR - Prorrogacao de Vigencia em Contratos Continuados e ON 65.md,9,nao,TEXTO,428,C:\Users\thiagonogueira\OneDrive - mppi.mp.br\CLC\01_Processos_e_Aquisicoes\Base de Conhecimento - Thiago\05_Doutrina_e_Biblioteca\Biblioteca_Manuais_e_Cursos\Manuais\PARECER n. 00005-2025-DECOR-CGU-AGU.pdf
IGUAL,0.99,mestra\05_Doutrina_e_Biblioteca\Biblioteca_Manuais_e_Cursos\Manuais,PARECER n. 00006-2025-GAB-DECOR-CGU-AGU.pdf,mestra\05_Doutrina_e_Biblioteca\Biblioteca_Manuais_e_Cursos\Parecer AGU 00006.2025-GAB-DECOR - Analise de Riscos e Matriz de Riscos Contratuais.md,8,nao,TEXTO,270,C:\Users\thiagonogueira\OneDrive - mppi.mp.br\CLC\01_Processos_e_Aquisicoes\Base de Conhecimento - Thiago\05_Doutrina_e_Biblioteca\Biblioteca_Manuais_e_Cursos\Manuais\PARECER n. 00006-2025-GAB-DECOR-CGU-AGU.pdf
IGUAL,1.0,mestra\05_Doutrina_e_Biblioteca\Biblioteca_Manuais_e_Cursos\Manuais,PARECER n. 00006-2025CNLCA-CGU-AGU.pdf,mestra\05_Doutrina_e_Biblioteca\Biblioteca_Manuais_e_Cursos\Parecer AGU 00006.2025-CNLCA - Participacao de Cooperativas e ME-EPP em Licitacoes.md,18,nao,TEXTO,269,C:\Users\thiagonogueira\OneDrive - mppi.mp.br\CLC\01_Processos_e_Aquisicoes\Base de Conhecimento - Thiago\05_Doutrina_e_Biblioteca\Biblioteca_Manuais_e_Cursos\Manuais\PARECER n. 00006-2025CNLCA-CGU-AGU.pdf
IGUAL,1.0,mestra\05_Doutrina_e_Biblioteca\Biblioteca_Manuais_e_Cursos\Manuais,PARECER n. 00019-2025-DECOR-CGU-AGU.pdf,mestra\05_Doutrina_e_Biblioteca\Biblioteca_Manuais_e_Cursos\Parecer AGU 00019.2025-DECOR - Fracionamento de Despesa e Limites do Art 75.md,5,nao,TEXTO,327,C:\Users\thiagonogueira\OneDrive - mppi.mp.br\CLC\01_Processos_e_Aquisicoes\Base de Conhecimento - Thiago\05_Doutrina_e_Biblioteca\Biblioteca_Manuais_e_Cursos\Manuais\PARECER n. 00019-2025-DECOR-CGU-AGU.pdf
IGUAL,1.0,mestra\05_Doutrina_e_Biblioteca\Biblioteca_Manuais_e_Cursos\Manuais,PARECER n. 00196-2024-E-CJU-SCOM-CGU-AGU.pdf,mestra\05_Doutrina_e_Biblioteca\Biblioteca_Manuais_e_Cursos\Parecer AGU 00196.2024-CJU-SCOM - Aquisicao de Bens e Servicos Comuns com Criterio Menor Preco.md,13,nao,TEXTO,341,C:\Users\thiagonogueira\OneDrive - mppi.mp.br\CLC\01_Processos_e_Aquisicoes\Base de Conhecimento - Thiago\05_Doutrina_e_Biblioteca\Biblioteca_Manuais_e_Cursos\Manuais\PARECER n. 00196-2024-E-CJU-SCOM-CGU-AGU.pdf
IGUAL,1.0,mestra\05_Doutrina_e_Biblioteca\Biblioteca_Manuais_e_Cursos\Manuais,PARECER n. 00261-2024-E-CJU-SCOM-CGU-AGU.pdf,mestra\05_Doutrina_e_Biblioteca\Biblioteca_Manuais_e_Cursos\Parecer AGU 00261.2024-CJU-SCOM - Adesao a Ata de Registro de Precos Carona e Requisitos.md,5,nao,TEXTO,265,C:\Users\thiagonogueira\OneDrive - mppi.mp.br\CLC\01_Processos_e_Aquisicoes\Base de Conhecimento - Thiago\05_Doutrina_e_Biblioteca\Biblioteca_Manuais_e_Cursos\Manuais\PARECER n. 00261-2024-E-CJU-SCOM-CGU-AGU.pdf
IGUAL,0.99,mestra\05_Doutrina_e_Biblioteca\Biblioteca_Manuais_e_Cursos\Manuais,PARECER n. 00860-2023-ADV-E-CJU-SCOM-CGU-AGU.pdf,mestra\05_Doutrina_e_Biblioteca\Biblioteca_Manuais_e_Cursos\Parecer AGU 00860.2023-CJU-SCOM - Contratacao por Inexigibilidade de Notoria Especializacao.md,7,nao,TEXTO,290,C:\Users\thiagonogueira\OneDrive - mppi.mp.br\CLC\01_Processos_e_Aquisicoes\Base de Conhecimento - Thiago\05_Doutrina_e_Biblioteca\Biblioteca_Manuais_e_Cursos\Manuais\PARECER n. 00860-2023-ADV-E-CJU-SCOM-CGU-AGU.pdf
IGUAL,0.99,mestra\05_Doutrina_e_Biblioteca\Biblioteca_Manuais_e_Cursos\Manuais,PARECER n. 00880-2023-ADV-E-CJU-SCOM-CGU-AGU.pdf,mestra\05_Doutrina_e_Biblioteca\Biblioteca_Manuais_e_Cursos\Parecer AGU 00880.2023-CJU-SCOM - Locacao de Imovel por Inexigibilidade de Licitacao.md,6,nao,TEXTO,263,C:\Users\thiagonogueira\OneDrive - mppi.mp.br\CLC\01_Processos_e_Aquisicoes\Base de Conhecimento - Thiago\05_Doutrina_e_Biblioteca\Biblioteca_Manuais_e_Cursos\Manuais\PARECER n. 00880-2023-ADV-E-CJU-SCOM-CGU-AGU.pdf
IGUAL,0.99,mestra\05_Doutrina_e_Biblioteca\Biblioteca_Manuais_e_Cursos\Manuais,PARECER Nº 00002-2025-CNLCA-CGU-AGU.pdf,mestra\05_Doutrina_e_Biblioteca\Biblioteca_Manuais_e_Cursos\Parecer AGU 00002.2025-CNLCA - Juntada de Documentos Apos Habilitacao e Diligencias Sanadoras.md,7,nao,TEXTO,236,C:\Users\thiagonogueira\OneDrive - mppi.mp.br\CLC\01_Processos_e_Aquisicoes\Base de Conhecimento - Thiago\05_Doutrina_e_Biblioteca\Biblioteca_Manuais_e_Cursos\Manuais\PARECER Nº 00002-2025-CNLCA-CGU-AGU.pdf
IGUAL,0.99,mestra\05_Doutrina_e_Biblioteca\Biblioteca_Manuais_e_Cursos\Manuais,PARECER Nº 00005-2025-CNLCA-CGU-AGU.pdf,mestra\05_Doutrina_e_Biblioteca\Biblioteca_Manuais_e_Cursos\Parecer AGU 00005.2025-CNLCA - Prorrogacao de Vigencia Contratual e ON 65 em Contratacoes Diretas.md,16,nao,TEXTO,286,C:\Users\thiagonogueira\OneDrive - mppi.mp.br\CLC\01_Processos_e_Aquisicoes\Base de Conhecimento - Thiago\05_Doutrina_e_Biblioteca\Biblioteca_Manuais_e_Cursos\Manuais\PARECER Nº 00005-2025-CNLCA-CGU-AGU.pdf
IGUAL,1.0,mestra\05_Doutrina_e_Biblioteca\Biblioteca_Manuais_e_Cursos\Manuais,PARECER Nº 00015-2024-CNLCA-CGU-AGU.pdf,mestra\05_Doutrina_e_Biblioteca\Biblioteca_Manuais_e_Cursos\Parecer AGU 00015.2024-CNLCA - Dispensa Manutencao de Veiculos Automotores Art 75 Par 7.md,9,nao,TEXTO,197,C:\Users\thiagonogueira\OneDrive - mppi.mp.br\CLC\01_Processos_e_Aquisicoes\Base de Conhecimento - Thiago\05_Doutrina_e_Biblioteca\Biblioteca_Manuais_e_Cursos\Manuais\PARECER Nº 00015-2024-CNLCA-CGU-AGU.pdf
IGUAL,0.99,mestra\05_Doutrina_e_Biblioteca\Biblioteca_Manuais_e_Cursos\Manuais,PARECER Nº 00017-2024-CNLCA-CGU-AGU.pdf,mestra\05_Doutrina_e_Biblioteca\Biblioteca_Manuais_e_Cursos\Parecer AGU 00017.2024-CNLCA - Exigencias e Indices de Habilitacao Economico-Financeira.md,15,nao,TEXTO,433,C:\Users\thiagonogueira\OneDrive - mppi.mp.br\CLC\01_Processos_e_Aquisicoes\Base de Conhecimento - Thiago\05_Doutrina_e_Biblioteca\Biblioteca_Manuais_e_Cursos\Manuais\PARECER Nº 00017-2024-CNLCA-CGU-AGU.pdf
IGUAL,1.0,mestra\05_Doutrina_e_Biblioteca\Biblioteca_Manuais_e_Cursos\Manuais,PARECER Nº 00019-2024-CNLCA-CGU-AGU.pdf,mestra\05_Doutrina_e_Biblioteca\Biblioteca_Manuais_e_Cursos\Parecer AGU 00019.2024-CNLCA - Criterios para Exigencia de Atestados de Capacidade Tecnica.md,34,nao,TEXTO,489,C:\Users\thiagonogueira\OneDrive - mppi.mp.br\CLC\01_Processos_e_Aquisicoes\Base de Conhecimento - Thiago\05_Doutrina_e_Biblioteca\Biblioteca_Manuais_e_Cursos\Manuais\PARECER Nº 00019-2024-CNLCA-CGU-AGU.pdf
IGUAL,0.99,mestra\05_Doutrina_e_Biblioteca\Biblioteca_Manuais_e_Cursos\Manuais,PARECER Nº 00023-2025-CGAQ-BSB-SCGP-CGU-AGU (1).pdf,mestra\05_Doutrina_e_Biblioteca\Biblioteca_Manuais_e_Cursos\Parecer AGU 00023.2025-CGAQ - Parecer Padronizado em Contratacoes Diretas.md,6,nao,TEXTO,193,C:\Users\thiagonogueira\OneDrive - mppi.mp.br\CLC\01_Processos_e_Aquisicoes\Base de Conhecimento - Thiago\05_Doutrina_e_Biblioteca\Biblioteca_Manuais_e_Cursos\Manuais\PARECER Nº 00023-2025-CGAQ-BSB-SCGP-CGU-AGU (1).pdf
IGUAL,0.99,mestra\05_Doutrina_e_Biblioteca\Biblioteca_Manuais_e_Cursos\Manuais,PARECER Nº 00060-2024-DECOR-CGU-AGU (1).pdf,mestra\05_Doutrina_e_Biblioteca\Biblioteca_Manuais_e_Cursos\Parecer AGU 00060.2024-DECOR - Orientacao Normativa e Uniformizacao em Licitacoes e Contratos.md,14,nao,TEXTO,205,C:\Users\thiagonogueira\OneDrive - mppi.mp.br\CLC\01_Processos_e_Aquisicoes\Base de Conhecimento - Thiago\05_Doutrina_e_Biblioteca\Biblioteca_Manuais_e_Cursos\Manuais\PARECER Nº 00060-2024-DECOR-CGU-AGU (1).pdf
IGUAL,0.99,mestra\05_Doutrina_e_Biblioteca\Biblioteca_Manuais_e_Cursos\Manuais,PARECER Nº 4632024-PLCCAPGM - Contratação direta por dispensa de licitação.pdf,mestra\05_Doutrina_e_Biblioteca\Biblioteca_Manuais_e_Cursos\Parecer PGM 463.2024 - Instrucao e Conformidade da Contratacao Direta por Dispensa.md,18,nao,TEXTO,212,C:\Users\thiagonogueira\OneDrive - mppi.mp.br\CLC\01_Processos_e_Aquisicoes\Base de Conhecimento - Thiago\05_Doutrina_e_Biblioteca\Biblioteca_Manuais_e_Cursos\Manuais\PARECER Nº 4632024-PLCCAPGM - Contratação direta por dispensa de licitação.pdf
IGUAL,1.0,mestra\05_Doutrina_e_Biblioteca\Biblioteca_Manuais_e_Cursos\Manuais,Parecer1774358321.pdf,mestra\05_Doutrina_e_Biblioteca\Biblioteca_Manuais_e_Cursos\Parecer AGU 00003.2026-CONUNI - Uniformizacao sobre Modalidades e Criterios de Julgamento.md,12,nao,TEXTO,402,C:\Users\thiagonogueira\OneDrive - mppi.mp.br\CLC\01_Processos_e_Aquisicoes\Base de Conhecimento - Thiago\05_Doutrina_e_Biblioteca\Biblioteca_Manuais_e_Cursos\Manuais\Parecer1774358321.pdf
IGUAL,0.99,mestra\05_Doutrina_e_Biblioteca\Biblioteca_Manuais_e_Cursos\Manuais,Parecer1776093267.pdf,mestra\05_Doutrina_e_Biblioteca\Biblioteca_Manuais_e_Cursos\Parecer AGU 00002.2026-CNCIC - Acordo de Cooperacao Tecnica com Entidades Privadas Lucrativas.md,12,nao,TEXTO,599,C:\Users\thiagonogueira\OneDrive - mppi.mp.br\CLC\01_Processos_e_Aquisicoes\Base de Conhecimento - Thiago\05_Doutrina_e_Biblioteca\Biblioteca_Manuais_e_Cursos\Manuais\Parecer1776093267.pdf
IGUAL,0.99,mestra\05_Doutrina_e_Biblioteca\Biblioteca_Manuais_e_Cursos\Manuais,PARECERn000022022CPLCdosimetriapenalidadecontratual.pdf,mestra\05_Doutrina_e_Biblioteca\Biblioteca_Manuais_e_Cursos\Parecer AGU 00002.2022-CPLC - Dosimetria e Aplicacao de Penalidades Contratuais.md,8,nao,TEXTO,323,C:\Users\thiagonogueira\OneDrive - mppi.mp.br\CLC\01_Processos_e_Aquisicoes\Base de Conhecimento - Thiago\05_Doutrina_e_Biblioteca\Biblioteca_Manuais_e_Cursos\Manuais\PARECERn000022022CPLCdosimetriapenalidadecontratual.pdf
IGUAL,0.98,mestra\05_Doutrina_e_Biblioteca\Biblioteca_Manuais_e_Cursos\Manuais,Perguntas e Respostas- Licitações e Contratações.pdf,mestra\05_Doutrina_e_Biblioteca\Biblioteca_Manuais_e_Cursos\Manual Consultivo - Perguntas e Respostas sobre Licitacoes e Contratos Administrativos.md,31,sim,TEXTO,3594,C:\Users\thiagonogueira\OneDrive - mppi.mp.br\CLC\01_Processos_e_Aquisicoes\Base de Conhecimento - Thiago\05_Doutrina_e_Biblioteca\Biblioteca_Manuais_e_Cursos\Manuais\Perguntas e Respostas- Licitações e Contratações.pdf
IGUAL,0.99,mestra\05_Doutrina_e_Biblioteca\Biblioteca_Manuais_e_Cursos\Manuais,PGE PI - Lista Pequeno Valor - Serviços e Compras - DOE.pdf,mestra\05_Doutrina_e_Biblioteca\Biblioteca_Manuais_e_Cursos\Publicacao PGE-PI - Lista de Contratacoes de Pequeno Valor no DOE.md,6,nao,TEXTO,1271,C:\Users\thiagonogueira\OneDrive - mppi.mp.br\CLC\01_Processos_e_Aquisicoes\Base de Conhecimento - Thiago\05_Doutrina_e_Biblioteca\Biblioteca_Manuais_e_Cursos\Manuais\PGE PI - Lista Pequeno Valor - Serviços e Compras - DOE.pdf
IGUAL,0.99,mestra\05_Doutrina_e_Biblioteca\Biblioteca_Manuais_e_Cursos\Manuais,Planejamento_ fundamento legal par.pdf,mestra\05_Doutrina_e_Biblioteca\Biblioteca_Manuais_e_Cursos\Artigo Zenite - Descricao da Necessidade no ETP e Consequencias da Instrucao Deficiente.md,5,nao,TEXTO,300,C:\Users\thiagonogueira\OneDrive - mppi.mp.br\CLC\01_Processos_e_Aquisicoes\Base de Conhecimento - Thiago\05_Doutrina_e_Biblioteca\Biblioteca_Manuais_e_Cursos\Manuais\Planejamento_ fundamento legal par.pdf
IGUAL,0.99,mestra\05_Doutrina_e_Biblioteca\Biblioteca_Manuais_e_Cursos\Manuais,"PORTARIA SEGES_ME Nº 8.678, DE 19 DE JULHO DE 2021 — Portal de Compras do Governo Federal.pdf",mestra\05_Doutrina_e_Biblioteca\Biblioteca_Manuais_e_Cursos\Portaria SEGES-ME 8678.2021 - Governanca das Contratacoes Publicas Federais.md,10,nao,ERRO_ABERTURA,426,"C:\Users\thiagonogueira\OneDrive - mppi.mp.br\CLC\01_Processos_e_Aquisicoes\Base de Conhecimento - Thiago\05_Doutrina_e_Biblioteca\Biblioteca_Manuais_e_Cursos\Manuais\PORTARIA SEGES_ME Nº 8.678, DE 19 DE JULHO DE 2021 — Portal de Compras do Governo Federal.pdf"
IGUAL,0.96,mestra\05_Doutrina_e_Biblioteca\Biblioteca_Manuais_e_Cursos\Manuais,Publicação - 2º Simpósio de Licitações e Contratos da Justiça Federal - Enunciados aprovados.pdf,mestra\02_Jurisprudencia_e_Orientacoes\Enunciados_2_Simposio_Licitacoes_Justica_Federal.md,10,sim,ERRO_ABERTURA,606,C:\Users\thiagonogueira\OneDrive - mppi.mp.br\CLC\01_Processos_e_Aquisicoes\Base de Conhecimento - Thiago\05_Doutrina_e_Biblioteca\Biblioteca_Manuais_e_Cursos\Manuais\Publicação - 2º Simpósio de Licitações e Contratos da Justiça Federal - Enunciados aprovados.pdf
IGUAL,0.97,mestra\05_Doutrina_e_Biblioteca\Biblioteca_Manuais_e_Cursos\Manuais,Publicação - cgu_ementarioaquisicoes_a4_2026.pdf,mestra\05_Doutrina_e_Biblioteca\Biblioteca_Manuais_e_Cursos\Ementario CGU - Ementario Jurisprudencial e Consultivo de Aquisicoes Publicas 2026.md,32,sim,TEXTO,8990,C:\Users\thiagonogueira\OneDrive - mppi.mp.br\CLC\01_Processos_e_Aquisicoes\Base de Conhecimento - Thiago\05_Doutrina_e_Biblioteca\Biblioteca_Manuais_e_Cursos\Manuais\Publicação - cgu_ementarioaquisicoes_a4_2026.pdf
IGUAL,0.98,mestra\05_Doutrina_e_Biblioteca\Biblioteca_Manuais_e_Cursos\Manuais,Publicação - ETP - UFJF.pdf,mestra\05_Doutrina_e_Biblioteca\Biblioteca_Manuais_e_Cursos\Guia Pratico UFJF - Elaboracao de Estudo Tecnico Preliminar - ETP.md,18,nao,TEXTO,304,C:\Users\thiagonogueira\OneDrive - mppi.mp.br\CLC\01_Processos_e_Aquisicoes\Base de Conhecimento - Thiago\05_Doutrina_e_Biblioteca\Biblioteca_Manuais_e_Cursos\Manuais\Publicação - ETP - UFJF.pdf
IGUAL,0.98,mestra\05_Doutrina_e_Biblioteca\Biblioteca_Manuais_e_Cursos\Manuais,Referencial_Licitacoes_Contratos_TCESC.pdf,mestra\05_Doutrina_e_Biblioteca\Biblioteca_Manuais_e_Cursos\Referencial de Riscos e Controles em Licitacoes e Contratos - TCE-SC.md,61,nao,TEXTO,4718,C:\Users\thiagonogueira\OneDrive - mppi.mp.br\CLC\01_Processos_e_Aquisicoes\Base de Conhecimento - Thiago\05_Doutrina_e_Biblioteca\Biblioteca_Manuais_e_Cursos\Manuais\Referencial_Licitacoes_Contratos_TCESC.pdf
IGUAL,0.98,mestra\05_Doutrina_e_Biblioteca\Biblioteca_Manuais_e_Cursos\Manuais,Relatório - CGU – Relatório de Avaliação- impacto do uso do orçamento sigiloso e dos modos de disputa.pdf,mestra\05_Doutrina_e_Biblioteca\Biblioteca_Manuais_e_Cursos\Relatorio de Avaliacao CGU - Impacto do Orcamento Sigiloso e dos Modos de Disputa.md,46,nao,ERRO_ABERTURA,1702,C:\Users\thiagonogueira\OneDrive - mppi.mp.br\CLC\01_Processos_e_Aquisicoes\Base de Conhecimento - Thiago\05_Doutrina_e_Biblioteca\Biblioteca_Manuais_e_Cursos\Manuais\Relatório - CGU – Relatório de Avaliação- impacto do uso do orçamento sigiloso e dos modos de disputa.pdf
IGUAL,0.95,mestra\05_Doutrina_e_Biblioteca\Biblioteca_Manuais_e_Cursos\Manuais,TCC - ETP - O Dilema entre Necessidade e Solução.pdf,mestra\05_Doutrina_e_Biblioteca\Biblioteca_Manuais_e_Cursos\Monografia Tecnica - ETP - O Dilema entre Necessidade e Solucao nas Contratacoes Publicas.md,35,sim,TEXTO,5770,C:\Users\thiagonogueira\OneDrive - mppi.mp.br\CLC\01_Processos_e_Aquisicoes\Base de Conhecimento - Thiago\05_Doutrina_e_Biblioteca\Biblioteca_Manuais_e_Cursos\Manuais\TCC - ETP - O Dilema entre Necessidade e Solução.pdf
IGUAL,0.97,mestra\05_Doutrina_e_Biblioteca\Biblioteca_Manuais_e_Cursos\Manuais,TCE-RS – Conclusões Técnicas da Comissão de Estudos da Nova Lei de Licitações e Contratos para a Fiscalização.pdf,mestra\05_Doutrina_e_Biblioteca\Biblioteca_Manuais_e_Cursos\Estudo Tecnico TCE-RS - Conclusoes da Comissao da Nova Lei de Licitacoes para Fiscalizacao.md,32,sim,ERRO_ABERTURA,6769,C:\Users\thiagonogueira\OneDrive - mppi.mp.br\CLC\01_Processos_e_Aquisicoes\Base de Conhecimento - Thiago\05_Doutrina_e_Biblioteca\Biblioteca_Manuais_e_Cursos\Manuais\TCE-RS – Conclusões Técnicas da Comissão de Estudos da Nova Lei de Licitações e Contratos para a Fiscalização.pdf
IGUAL,1.0,mestra\05_Doutrina_e_Biblioteca\Biblioteca_Manuais_e_Cursos\Manuais,TCE-SC - NOTA TÉCNICA Nº TC-19-2026.pdf,mestra\05_Doutrina_e_Biblioteca\Biblioteca_Manuais_e_Cursos\Nota Tecnica TCE-SC 19.2026 - Controle de Precos e Fracionamento em Contratacoes Diretas.md,13,nao,TEXTO,333,C:\Users\thiagonogueira\OneDrive - mppi.mp.br\CLC\01_Processos_e_Aquisicoes\Base de Conhecimento - Thiago\05_Doutrina_e_Biblioteca\Biblioteca_Manuais_e_Cursos\Manuais\TCE-SC - NOTA TÉCNICA Nº TC-19-2026.pdf
IGUAL,0.98,mestra\05_Doutrina_e_Biblioteca\Biblioteca_Manuais_e_Cursos\Manuais,TCE-SC – Perguntas e respostas- licitações e contratos (edição 1 - 2025).pdf,mestra\05_Doutrina_e_Biblioteca\Biblioteca_Manuais_e_Cursos\Manual TCE-SC - Perguntas e Respostas sobre Licitacoes e Contratos Administrativos.md,36,sim,TEXTO,2362,C:\Users\thiagonogueira\OneDrive - mppi.mp.br\CLC\01_Processos_e_Aquisicoes\Base de Conhecimento - Thiago\05_Doutrina_e_Biblioteca\Biblioteca_Manuais_e_Cursos\Manuais\TCE-SC – Perguntas e respostas- licitações e contratos (edição 1 - 2025).pdf
IGUAL,0.99,mestra\05_Doutrina_e_Biblioteca\Biblioteca_Manuais_e_Cursos\Manuais,TCU - Edital 001.2024 - Licitação Especial para Contratação de Solução Inovadora.pdf,mestra\05_Doutrina_e_Biblioteca\Biblioteca_Manuais_e_Cursos\Edital TCU 001.2024 - Licitacao Especial para Contratacao de Solucao Inovadora.md,61,nao,TEXTO,1890,C:\Users\thiagonogueira\OneDrive - mppi.mp.br\CLC\01_Processos_e_Aquisicoes\Base de Conhecimento - Thiago\05_Doutrina_e_Biblioteca\Biblioteca_Manuais_e_Cursos\Manuais\TCU - Edital 001.2024 - Licitação Especial para Contratação de Solução Inovadora.pdf
IGUAL,0.99,mestra\05_Doutrina_e_Biblioteca\Biblioteca_Manuais_e_Cursos\Manuais,"Transformação do Estado no Brasil- desenhando compras públicas, empresas estatais e infraestrutura públic (1).pdf",mestra\05_Doutrina_e_Biblioteca\Biblioteca_Manuais_e_Cursos\Relatorio IPEA-Mazzucato - Desenhando Compras Publicas e Infraestrutura no Brasil.md,51,nao,ERRO_ABERTURA,2138,"C:\Users\thiagonogueira\OneDrive - mppi.mp.br\CLC\01_Processos_e_Aquisicoes\Base de Conhecimento - Thiago\05_Doutrina_e_Biblioteca\Biblioteca_Manuais_e_Cursos\Manuais\Transformação do Estado no Brasil- desenhando compras públicas, empresas estatais e infraestrutura públic (1).pdf"
IGUAL,0.63,mestra\05_Doutrina_e_Biblioteca\Biblioteca_Manuais_e_Cursos\Manuais,TutorialContrataesPresenciais.pdf,mestra\05_Doutrina_e_Biblioteca\Biblioteca_Manuais_e_Cursos\Tutorial Compras.gov.br - Operacionalizacao de Contratacoes Presenciais na NLLC.md,21,sim,TEXTO,12412,C:\Users\thiagonogueira\OneDrive - mppi.mp.br\CLC\01_Processos_e_Aquisicoes\Base de Conhecimento - Thiago\05_Doutrina_e_Biblioteca\Biblioteca_Manuais_e_Cursos\Manuais\TutorialContrataesPresenciais.pdf
IGUAL,0.96,mestra\05_Doutrina_e_Biblioteca\Biblioteca_Manuais_e_Cursos\Manuais,tutorial_dez.25_AlteraodeDocumentoHbilnoSistemaContratosGov.br.pdf,mestra\05_Doutrina_e_Biblioteca\Biblioteca_Manuais_e_Cursos\Tutorial Operacional - Alteracao de Documento Habil no Sistema Contratos.gov.br.md,11,nao,TEXTO,3502,C:\Users\thiagonogueira\OneDrive - mppi.mp.br\CLC\01_Processos_e_Aquisicoes\Base de Conhecimento - Thiago\05_Doutrina_e_Biblioteca\Biblioteca_Manuais_e_Cursos\Manuais\tutorial_dez.25_AlteraodeDocumentoHbilnoSistemaContratosGov.br.pdf
IGUAL,0.95,mestra\05_Doutrina_e_Biblioteca\Biblioteca_Manuais_e_Cursos\Manuais,Zenite - 5 Erros que você não pode cometer com IA nas Contratações.pdf,mestra\05_Doutrina_e_Biblioteca\Biblioteca_Manuais_e_Cursos\Cartilha Zenite - 5 Erros que Voce Nao Pode Cometer com IA nas Contratacoes Publicas.md,26,sim,TEXTO,3754,C:\Users\thiagonogueira\OneDrive - mppi.mp.br\CLC\01_Processos_e_Aquisicoes\Base de Conhecimento - Thiago\05_Doutrina_e_Biblioteca\Biblioteca_Manuais_e_Cursos\Manuais\Zenite - 5 Erros que você não pode cometer com IA nas Contratações.pdf
IGUAL,0.99,mestra\05_Doutrina_e_Biblioteca\Biblioteca_Manuais_e_Cursos\Manuais,Zênite - É possível que a Administração dispense a divulgação do aviso noscasos de dispensa em razão do valor.pdf,mestra\05_Doutrina_e_Biblioteca\Biblioteca_Manuais_e_Cursos\Orientacao Zenite - Dispensa de Divulgacao de Aviso nas Dispensas por Valor.md,2,nao,ERRO_ABERTURA,210,C:\Users\thiagonogueira\OneDrive - mppi.mp.br\CLC\01_Processos_e_Aquisicoes\Base de Conhecimento - Thiago\05_Doutrina_e_Biblioteca\Biblioteca_Manuais_e_Cursos\Manuais\Zênite - É possível que a Administração dispense a divulgação do aviso noscasos de dispensa em razão do valor.pdf
IGUAL,0.99,mestra\05_Doutrina_e_Biblioteca\Biblioteca_Manuais_e_Cursos\Manuais,Zênite Fácil - Dispensa Eletrônica.pdf,mestra\05_Doutrina_e_Biblioteca\Biblioteca_Manuais_e_Cursos\Cartilha Zenite Facil - Dispensa Eletronica na Pratica.md,2,nao,TEXTO,200,C:\Users\thiagonogueira\OneDrive - mppi.mp.br\CLC\01_Processos_e_Aquisicoes\Base de Conhecimento - Thiago\05_Doutrina_e_Biblioteca\Biblioteca_Manuais_e_Cursos\Manuais\Zênite Fácil - Dispensa Eletrônica.pdf
IGUAL,0.99,mestra\05_Doutrina_e_Biblioteca\Biblioteca_Manuais_e_Cursos\Manuais,Zênite Fácil - NOVA LEI DE LICITAÇÕES - PRORROGAÇÃO DE VIGÊNCIA DA ATA DE REGISTRO DE PREÇOS E A RENOVAÇÃO DO.pdf,mestra\05_Doutrina_e_Biblioteca\Biblioteca_Manuais_e_Cursos\Cartilha Zenite Facil - Prorrogacao de Vigencia da ARP e Renovacao de Quantitativos.md,6,nao,ERRO_ABERTURA,329,C:\Users\thiagonogueira\OneDrive - mppi.mp.br\CLC\01_Processos_e_Aquisicoes\Base de Conhecimento - Thiago\05_Doutrina_e_Biblioteca\Biblioteca_Manuais_e_Cursos\Manuais\Zênite Fácil - NOVA LEI DE LICITAÇÕES - PRORROGAÇÃO DE VIGÊNCIA DA ATA DE REGISTRO DE PREÇOS E A RENOVAÇÃO DO.pdf
IGUAL,1.0,mestra\05_Doutrina_e_Biblioteca\Biblioteca_Manuais_e_Cursos\Manuais,Zênite Fácil.pdf,mestra\05_Doutrina_e_Biblioteca\Biblioteca_Manuais_e_Cursos\Cartilha Zenite Facil - ETP Riscos e TR para Carona em Ata de Registro de Precos.md,3,nao,TEXTO,179,C:\Users\thiagonogueira\OneDrive - mppi.mp.br\CLC\01_Processos_e_Aquisicoes\Base de Conhecimento - Thiago\05_Doutrina_e_Biblioteca\Biblioteca_Manuais_e_Cursos\Manuais\Zênite Fácil.pdf
DISTINTO,0.08,mestra\05_Doutrina_e_Biblioteca\Infograficos_Zenite,A função da pesquisa de preços no ETP e no TR.pdf,mestra\01_Normativos_Vigentes\06_TJPI\Outros_Normativos\Analise de Primeira Linha SLC TJPI - Controle Interno.md,1,sim,ESCANEADO_OU_POUCO_TEXTO,191,C:\Users\thiagonogueira\OneDrive - mppi.mp.br\CLC\01_Processos_e_Aquisicoes\Base de Conhecimento - Thiago\05_Doutrina_e_Biblioteca\Infograficos_Zenite\A função da pesquisa de preços no ETP e no TR.pdf
DISTINTO,0.03,mestra\05_Doutrina_e_Biblioteca\Infograficos_Zenite,Controle interno – Planejamento – Análise dos processos.pdf,mestra\01_Normativos_Vigentes\02_Estadual_PI\Decretos\Decreto Estadual 21872.2023 - Regulamenta a NLLC.md,2,sim,ESCANEADO_OU_POUCO_TEXTO,640,C:\Users\thiagonogueira\OneDrive - mppi.mp.br\CLC\01_Processos_e_Aquisicoes\Base de Conhecimento - Thiago\05_Doutrina_e_Biblioteca\Infograficos_Zenite\Controle interno – Planejamento – Análise dos processos.pdf
DISTINTO,0.22,mestra\05_Doutrina_e_Biblioteca\Infograficos_Zenite,E-possivel-fazer-dispensa-de-licitacao-sem-disputa_.pdf,mestra\05_Doutrina_e_Biblioteca\Biblioteca_Manuais_e_Cursos\Nota Tecnica 05.2024 - Procedimentos e Fluxo da Dispensa Eletronica.md,9,nao,TEXTO,160,C:\Users\thiagonogueira\OneDrive - mppi.mp.br\CLC\01_Processos_e_Aquisicoes\Base de Conhecimento - Thiago\05_Doutrina_e_Biblioteca\Infograficos_Zenite\E-possivel-fazer-dispensa-de-licitacao-sem-disputa_.pdf
DISTINTO,0.17,mestra\05_Doutrina_e_Biblioteca\Infograficos_Zenite,Planejamento – Análise de riscos – Termo de referência – Estudo técnico preliminar – Conteúdo.pdf,mestra\02_Jurisprudencia_e_Orientacoes\MJRs_MPPI\MJR nº 922024APPL - Dispensa de Licitação - Art 75 I e II\MJR 92 - Contratações Diretas - Art 75 I e II.md,2,sim,ESCANEADO_OU_POUCO_TEXTO,335,C:\Users\thiagonogueira\OneDrive - mppi.mp.br\CLC\01_Processos_e_Aquisicoes\Base de Conhecimento - Thiago\05_Doutrina_e_Biblioteca\Infograficos_Zenite\Planejamento – Análise de riscos – Termo de referência – Estudo técnico preliminar – Conteúdo.pdf
DISTINTO,0.08,mestra\05_Doutrina_e_Biblioteca\Infograficos_Zenite,Planejamento – Compra-fornecimento – Indicação ou vedação de marca – Cabimento.pdf,mestra\01_Normativos_Vigentes\01_Federal\Leis\Federal - Lei 14133.2021.md,1,sim,ESCANEADO_OU_POUCO_TEXTO,219,C:\Users\thiagonogueira\OneDrive - mppi.mp.br\CLC\01_Processos_e_Aquisicoes\Base de Conhecimento - Thiago\05_Doutrina_e_Biblioteca\Infograficos_Zenite\Planejamento – Compra-fornecimento – Indicação ou vedação de marca – Cabimento.pdf
DISTINTO,0.02,mestra\05_Doutrina_e_Biblioteca\Infograficos_Zenite,Planejamento – Conteúdo.pdf,mestra\01_Normativos_Vigentes\01_Federal\Instrucoes_Normativas\Federal - IN 05.2017 - Terceirizados.md,1,sim,ESCANEADO_OU_POUCO_TEXTO,206,C:\Users\thiagonogueira\OneDrive - mppi.mp.br\CLC\01_Processos_e_Aquisicoes\Base de Conhecimento - Thiago\05_Doutrina_e_Biblioteca\Infograficos_Zenite\Planejamento – Conteúdo.pdf
DISTINTO,0.02,mestra\05_Doutrina_e_Biblioteca\Infograficos_Zenite,Planejamento – Definição da necessidade – Cautelas.pdf,mestra\00_Ferramentas_e_Scripts_Analise\Checklists_Auditoria\Checklist de Auditoria - DFD (Documento de Formalizacao da Demanda).md,1,sim,ESCANEADO_OU_POUCO_TEXTO,202,C:\Users\thiagonogueira\OneDrive - mppi.mp.br\CLC\01_Processos_e_Aquisicoes\Base de Conhecimento - Thiago\05_Doutrina_e_Biblioteca\Infograficos_Zenite\Planejamento – Definição da necessidade – Cautelas.pdf
DISTINTO,0.0,mestra\05_Doutrina_e_Biblioteca\Infograficos_Zenite,Planejamento – Definição da necessidade – Pontos a serem observados.pdf,,1,sim,ESCANEADO_OU_POUCO_TEXTO,195,C:\Users\thiagonogueira\OneDrive - mppi.mp.br\CLC\01_Processos_e_Aquisicoes\Base de Conhecimento - Thiago\05_Doutrina_e_Biblioteca\Infograficos_Zenite\Planejamento – Definição da necessidade – Pontos a serem observados.pdf
IGUAL,0.7,mestra\05_Doutrina_e_Biblioteca\Infograficos_Zenite,Planejamento – Documento de formalização da demanda (DFD-DOF) – IN nº 05-2017.pdf,mestra\01_Normativos_Vigentes\01_Federal\Instrucoes_Normativas\Federal - IN 05.2017 - Terceirizados.md,1,sim,ESCANEADO_OU_POUCO_TEXTO,233,C:\Users\thiagonogueira\OneDrive - mppi.mp.br\CLC\01_Processos_e_Aquisicoes\Base de Conhecimento - Thiago\05_Doutrina_e_Biblioteca\Infograficos_Zenite\Planejamento – Documento de formalização da demanda (DFD-DOF) – IN nº 05-2017.pdf
DISTINTO,0.17,mestra\05_Doutrina_e_Biblioteca\Infograficos_Zenite,Planejamento – Documentos que devem ser apreciados pela assessoria jurídica.pdf,mestra\02_Jurisprudencia_e_Orientacoes\MJRs_MPPI\MJR nº 922024APPL - Dispensa de Licitação - Art 75 I e II\MJR 92 - Contratações Diretas - Art 75 I e II.md,2,sim,ESCANEADO_OU_POUCO_TEXTO,561,C:\Users\thiagonogueira\OneDrive - mppi.mp.br\CLC\01_Processos_e_Aquisicoes\Base de Conhecimento - Thiago\05_Doutrina_e_Biblioteca\Infograficos_Zenite\Planejamento – Documentos que devem ser apreciados pela assessoria jurídica.pdf
DISTINTO,0.1,mestra\05_Doutrina_e_Biblioteca\Infograficos_Zenite,Planejamento – Empreitada integral e contratação integrada – Regimes de execução.pdf,mestra\02_Jurisprudencia_e_Orientacoes\Quadro_Comparativo_Nova_Lei_14133_vs_8666.md,1,sim,ESCANEADO_OU_POUCO_TEXTO,380,C:\Users\thiagonogueira\OneDrive - mppi.mp.br\CLC\01_Processos_e_Aquisicoes\Base de Conhecimento - Thiago\05_Doutrina_e_Biblioteca\Infograficos_Zenite\Planejamento – Empreitada integral e contratação integrada – Regimes de execução.pdf
PROVAVEL_REVISAR,0.39,mestra\05_Doutrina_e_Biblioteca\Infograficos_Zenite,Planejamento – Equipe – Competências necessárias.pdf,mestra\01_Normativos_Vigentes\01_Federal\Instrucoes_Normativas\Federal - IN 05.2017 - Terceirizados.md,1,sim,ESCANEADO_OU_POUCO_TEXTO,176,C:\Users\thiagonogueira\OneDrive - mppi.mp.br\CLC\01_Processos_e_Aquisicoes\Base de Conhecimento - Thiago\05_Doutrina_e_Biblioteca\Infograficos_Zenite\Planejamento – Equipe – Competências necessárias.pdf
PROVAVEL_REVISAR,0.29,mestra\05_Doutrina_e_Biblioteca\Infograficos_Zenite,Planejamento – Equipe – Responsabilidades.pdf,mestra\01_Normativos_Vigentes\01_Federal\Instrucoes_Normativas\Federal - IN 05.2017 - Terceirizados.md,1,sim,ESCANEADO_OU_POUCO_TEXTO,217,C:\Users\thiagonogueira\OneDrive - mppi.mp.br\CLC\01_Processos_e_Aquisicoes\Base de Conhecimento - Thiago\05_Doutrina_e_Biblioteca\Infograficos_Zenite\Planejamento – Equipe – Responsabilidades.pdf
DISTINTO,0.06,mestra\05_Doutrina_e_Biblioteca\Infograficos_Zenite,Planejamento – Estudo técnico preliminar (ETP) – Conteúdo.pdf,mestra\02_Jurisprudencia_e_Orientacoes\Boletins_TCE_PI\Boletim de Jurisprudencia TCE-PI - Consolidado Anual 2026.md,1,sim,ESCANEADO_OU_POUCO_TEXTO,441,C:\Users\thiagonogueira\OneDrive - mppi.mp.br\CLC\01_Processos_e_Aquisicoes\Base de Conhecimento - Thiago\05_Doutrina_e_Biblioteca\Infograficos_Zenite\Planejamento – Estudo técnico preliminar (ETP) – Conteúdo.pdf
DISTINTO,0.13,mestra\05_Doutrina_e_Biblioteca\Infograficos_Zenite,Planejamento – Estudo técnico preliminar (ETP) – Elaboração – Momento.pdf,mestra\01_Normativos_Vigentes\06_TJPI\Manuais_e_Guias_Tecnicos\Manual de Licitacoes e Contratos TJPI (2023-2024).md,1,sim,ESCANEADO_OU_POUCO_TEXTO,206,C:\Users\thiagonogueira\OneDrive - mppi.mp.br\CLC\01_Processos_e_Aquisicoes\Base de Conhecimento - Thiago\05_Doutrina_e_Biblioteca\Infograficos_Zenite\Planejamento – Estudo técnico preliminar (ETP) – Elaboração – Momento.pdf
PROVAVEL_REVISAR,0.28,mestra\05_Doutrina_e_Biblioteca\Infograficos_Zenite,Planejamento – Estudo técnico preliminar – Conteúdo.pdf,mestra\01_Normativos_Vigentes\01_Federal\Leis\Federal - Lei 14133.2021.md,1,sim,ESCANEADO_OU_POUCO_TEXTO,223,C:\Users\thiagonogueira\OneDrive - mppi.mp.br\CLC\01_Processos_e_Aquisicoes\Base de Conhecimento - Thiago\05_Doutrina_e_Biblioteca\Infograficos_Zenite\Planejamento – Estudo técnico preliminar – Conteúdo.pdf
SEM_TEXTO_SUFICIENTE,0.0,mestra\05_Doutrina_e_Biblioteca\Infograficos_Zenite,Planejamento – Fase preparatória – Documentos – Finalidades.pdf,,1,sim,ESCANEADO_OU_POUCO_TEXTO,336,C:\Users\thiagonogueira\OneDrive - mppi.mp.br\CLC\01_Processos_e_Aquisicoes\Base de Conhecimento - Thiago\05_Doutrina_e_Biblioteca\Infograficos_Zenite\Planejamento – Fase preparatória – Documentos – Finalidades.pdf
SEM_TEXTO_SUFICIENTE,0.0,mestra\05_Doutrina_e_Biblioteca\Infograficos_Zenite,Planejamento – Fase preparatória – Estudo técnico preliminar (ETP) – Perguntas que esse documento precisa responder.pdf,,1,nao,ERRO_ABERTURA,221,C:\Users\thiagonogueira\OneDrive - mppi.mp.br\CLC\01_Processos_e_Aquisicoes\Base de Conhecimento - Thiago\05_Doutrina_e_Biblioteca\Infograficos_Zenite\Planejamento – Fase preparatória – Estudo técnico preliminar (ETP) – Perguntas que esse documento precisa responder.pdf
SEM_TEXTO_SUFICIENTE,0.0,mestra\05_Doutrina_e_Biblioteca\Infograficos_Zenite,Planejamento – Fase preparatória – IN CGU-MP Nº 01-2016 – Risco e gerenciamento de riscos – Distinção.pdf,,1,nao,ESCANEADO_OU_POUCO_TEXTO,219,C:\Users\thiagonogueira\OneDrive - mppi.mp.br\CLC\01_Processos_e_Aquisicoes\Base de Conhecimento - Thiago\05_Doutrina_e_Biblioteca\Infograficos_Zenite\Planejamento – Fase preparatória – IN CGU-MP Nº 01-2016 – Risco e gerenciamento de riscos – Distinção.pdf
DISTINTO,0.09,mestra\05_Doutrina_e_Biblioteca\Infograficos_Zenite,Planejamento – Fase preparatória – Ocorrências.pdf,mestra\01_Normativos_Vigentes\02_Estadual_PI\Acordaos_Pareceres_Orientacoes\TCE NT 03.2020 - Contratações de TIC.md,1,sim,ESCANEADO_OU_POUCO_TEXTO,255,C:\Users\thiagonogueira\OneDrive - mppi.mp.br\CLC\01_Processos_e_Aquisicoes\Base de Conhecimento - Thiago\05_Doutrina_e_Biblioteca\Infograficos_Zenite\Planejamento – Fase preparatória – Ocorrências.pdf
SEM_TEXTO_SUFICIENTE,0.0,mestra\05_Doutrina_e_Biblioteca\Infograficos_Zenite,Planejamento – Finalidade.pdf,,1,sim,ESCANEADO_OU_POUCO_TEXTO,143,C:\Users\thiagonogueira\OneDrive - mppi.mp.br\CLC\01_Processos_e_Aquisicoes\Base de Conhecimento - Thiago\05_Doutrina_e_Biblioteca\Infograficos_Zenite\Planejamento – Finalidade.pdf
DISTINTO,0.03,mestra\05_Doutrina_e_Biblioteca\Infograficos_Zenite,Planejamento – Gerenciamento de riscos – Alocação.pdf,mestra\05_Doutrina_e_Biblioteca\Biblioteca_Manuais_e_Cursos\Referencial de Riscos e Controles em Licitacoes e Contratos - TCE-SC.md,1,sim,ESCANEADO_OU_POUCO_TEXTO,404,C:\Users\thiagonogueira\OneDrive - mppi.mp.br\CLC\01_Processos_e_Aquisicoes\Base de Conhecimento - Thiago\05_Doutrina_e_Biblioteca\Infograficos_Zenite\Planejamento – Gerenciamento de riscos – Alocação.pdf
DISTINTO,0.1,mestra\05_Doutrina_e_Biblioteca\Infograficos_Zenite,Planejamento – Governança das contratações.pdf,mestra\01_Normativos_Vigentes\02_Estadual_PI\Decretos\Decreto Estadual 21872.2023 - Regulamenta a NLLC.md,1,sim,ESCANEADO_OU_POUCO_TEXTO,287,C:\Users\thiagonogueira\OneDrive - mppi.mp.br\CLC\01_Processos_e_Aquisicoes\Base de Conhecimento - Thiago\05_Doutrina_e_Biblioteca\Infograficos_Zenite\Planejamento – Governança das contratações.pdf
IGUAL,0.79,mestra\05_Doutrina_e_Biblioteca\Infograficos_Zenite,Planejamento – Identificação dos principais riscos.pdf,mestra\01_Normativos_Vigentes\06_TJPI\Manuais_e_Guias_Tecnicos\Manual de Licitacoes e Contratos TJPI (2023-2024).md,1,sim,ESCANEADO_OU_POUCO_TEXTO,214,C:\Users\thiagonogueira\OneDrive - mppi.mp.br\CLC\01_Processos_e_Aquisicoes\Base de Conhecimento - Thiago\05_Doutrina_e_Biblioteca\Infograficos_Zenite\Planejamento – Identificação dos principais riscos.pdf
DISTINTO,0.06,mestra\05_Doutrina_e_Biblioteca\Infograficos_Zenite,Planejamento – Impacto e probabilidade de cada risco – tratamento de riscos.pdf,mestra\05_Doutrina_e_Biblioteca\Biblioteca_Manuais_e_Cursos\Ato PGJ-MPAM 008.2024 - Procedimentos Administrativos de Contratacao de Bens e Servicos.md,1,sim,ESCANEADO_OU_POUCO_TEXTO,186,C:\Users\thiagonogueira\OneDrive - mppi.mp.br\CLC\01_Processos_e_Aquisicoes\Base de Conhecimento - Thiago\05_Doutrina_e_Biblioteca\Infograficos_Zenite\Planejamento – Impacto e probabilidade de cada risco – tratamento de riscos.pdf
DISTINTO,0.06,mestra\05_Doutrina_e_Biblioteca\Infograficos_Zenite,Planejamento – Imprevisibilidade da demanda – SRP ou contrato estimativo.pdf,mestra\00_Ferramentas_e_Scripts_Analise\Caderno_Prompts_IA_Auditoria_Licitacoes.md,1,sim,ESCANEADO_OU_POUCO_TEXTO,348,C:\Users\thiagonogueira\OneDrive - mppi.mp.br\CLC\01_Processos_e_Aquisicoes\Base de Conhecimento - Thiago\05_Doutrina_e_Biblioteca\Infograficos_Zenite\Planejamento – Imprevisibilidade da demanda – SRP ou contrato estimativo.pdf
SEM_TEXTO_SUFICIENTE,0.0,mestra\05_Doutrina_e_Biblioteca\Infograficos_Zenite,Planejamento – Leis nº 8.666-1993 – Lei nº 10.520-2002 – Lei nº 14.133-2022 – Período de convivência.pdf,,1,nao,ESCANEADO_OU_POUCO_TEXTO,222,C:\Users\thiagonogueira\OneDrive - mppi.mp.br\CLC\01_Processos_e_Aquisicoes\Base de Conhecimento - Thiago\05_Doutrina_e_Biblioteca\Infograficos_Zenite\Planejamento – Leis nº 8.666-1993 – Lei nº 10.520-2002 – Lei nº 14.133-2022 – Período de convivência.pdf
DISTINTO,0.05,mestra\05_Doutrina_e_Biblioteca\Infograficos_Zenite,Planejamento – Matriz de alocação de isco – Elaboração.pdf,mestra\05_Doutrina_e_Biblioteca\Biblioteca_Manuais_e_Cursos\Ato PGJ-MPAM 008.2024 - Procedimentos Administrativos de Contratacao de Bens e Servicos.md,1,sim,ESCANEADO_OU_POUCO_TEXTO,248,C:\Users\thiagonogueira\OneDrive - mppi.mp.br\CLC\01_Processos_e_Aquisicoes\Base de Conhecimento - Thiago\05_Doutrina_e_Biblioteca\Infograficos_Zenite\Planejamento – Matriz de alocação de isco – Elaboração.pdf
PROVAVEL_REVISAR,0.34,mestra\05_Doutrina_e_Biblioteca\Infograficos_Zenite,Planejamento – Objeto – Definição – Cautelas para controlar o excesso.pdf,mestra\01_Normativos_Vigentes\01_Federal\Leis\Federal - Lei 14133.2021.md,1,sim,ESCANEADO_OU_POUCO_TEXTO,212,C:\Users\thiagonogueira\OneDrive - mppi.mp.br\CLC\01_Processos_e_Aquisicoes\Base de Conhecimento - Thiago\05_Doutrina_e_Biblioteca\Infograficos_Zenite\Planejamento – Objeto – Definição – Cautelas para controlar o excesso.pdf
DISTINTO,0.12,mestra\05_Doutrina_e_Biblioteca\Infograficos_Zenite,Planejamento – Pesquisa de preços – Fontes – Prazos – Metodologia.pdf,mestra\01_Normativos_Vigentes\06_TJPI\Manuais_e_Guias_Tecnicos\Manual de Licitacoes e Contratos TJPI (2023-2024).md,1,sim,ESCANEADO_OU_POUCO_TEXTO,308,C:\Users\thiagonogueira\OneDrive - mppi.mp.br\CLC\01_Processos_e_Aquisicoes\Base de Conhecimento - Thiago\05_Doutrina_e_Biblioteca\Infograficos_Zenite\Planejamento – Pesquisa de preços – Fontes – Prazos – Metodologia.pdf
DISTINTO,0.18,mestra\05_Doutrina_e_Biblioteca\Infograficos_Zenite,Planejamento – Pesquisa de preços – IN nº 65-2021 – Prazos.pdf,mestra\01_Normativos_Vigentes\06_TJPI\Manuais_e_Guias_Tecnicos\Manual de Licitacoes e Contratos TJPI (2023-2024).md,1,sim,ESCANEADO_OU_POUCO_TEXTO,148,C:\Users\thiagonogueira\OneDrive - mppi.mp.br\CLC\01_Processos_e_Aquisicoes\Base de Conhecimento - Thiago\05_Doutrina_e_Biblioteca\Infograficos_Zenite\Planejamento – Pesquisa de preços – IN nº 65-2021 – Prazos.pdf
SEM_TEXTO_SUFICIENTE,0.0,mestra\05_Doutrina_e_Biblioteca\Infograficos_Zenite,Planejamento – Pesquisa de preços – IN SEGES-ME nº 62-2021 – Cautelas na pesquisa com fornecedores.pdf,,1,nao,ESCANEADO_OU_POUCO_TEXTO,500,C:\Users\thiagonogueira\OneDrive - mppi.mp.br\CLC\01_Processos_e_Aquisicoes\Base de Conhecimento - Thiago\05_Doutrina_e_Biblioteca\Infograficos_Zenite\Planejamento – Pesquisa de preços – IN SEGES-ME nº 62-2021 – Cautelas na pesquisa com fornecedores.pdf
PROVAVEL_REVISAR,0.4,mestra\05_Doutrina_e_Biblioteca\Infograficos_Zenite,Planejamento – Pesquisa de preços – IN SEGES-ME nº 62-2021 – Metodologia.pdf,mestra\01_Normativos_Vigentes\06_TJPI\Manuais_e_Guias_Tecnicos\Manual de Licitacoes e Contratos TJPI (2023-2024).md,1,sim,ESCANEADO_OU_POUCO_TEXTO,231,C:\Users\thiagonogueira\OneDrive - mppi.mp.br\CLC\01_Processos_e_Aquisicoes\Base de Conhecimento - Thiago\05_Doutrina_e_Biblioteca\Infograficos_Zenite\Planejamento – Pesquisa de preços – IN SEGES-ME nº 62-2021 – Metodologia.pdf
DISTINTO,0.03,mestra\05_Doutrina_e_Biblioteca\Infograficos_Zenite,Planejamento – Plano de contratação anual (PCA) – Decreto nº 10.947-2022 – Elaboração.pdf,mestra\02_Jurisprudencia_e_Orientacoes\Boletins_TCE_PI\Boletim de Jurisprudencia TCE-PI - Consolidado Anual 2026.md,1,sim,ESCANEADO_OU_POUCO_TEXTO,206,C:\Users\thiagonogueira\OneDrive - mppi.mp.br\CLC\01_Processos_e_Aquisicoes\Base de Conhecimento - Thiago\05_Doutrina_e_Biblioteca\Infograficos_Zenite\Planejamento – Plano de contratação anual (PCA) – Decreto nº 10.947-2022 – Elaboração.pdf
DISTINTO,0.21,mestra\05_Doutrina_e_Biblioteca\Infograficos_Zenite,Planejamento – Plano de Logística Sustentável (PLS).pdf,mestra\05_Doutrina_e_Biblioteca\Biblioteca_Manuais_e_Cursos\Portaria SEGES-ME 8678.2021 - Governanca das Contratacoes Publicas Federais.md,1,sim,ESCANEADO_OU_POUCO_TEXTO,257,C:\Users\thiagonogueira\OneDrive - mppi.mp.br\CLC\01_Processos_e_Aquisicoes\Base de Conhecimento - Thiago\05_Doutrina_e_Biblioteca\Infograficos_Zenite\Planejamento – Plano de Logística Sustentável (PLS).pdf
SEM_TEXTO_SUFICIENTE,0.0,mestra\05_Doutrina_e_Biblioteca\Infograficos_Zenite,"Planejamento – Preços – Definição – Valores excessivos, exequíveis e inexequíveis.pdf",,1,sim,ESCANEADO_OU_POUCO_TEXTO,177,"C:\Users\thiagonogueira\OneDrive - mppi.mp.br\CLC\01_Processos_e_Aquisicoes\Base de Conhecimento - Thiago\05_Doutrina_e_Biblioteca\Infograficos_Zenite\Planejamento – Preços – Definição – Valores excessivos, exequíveis e inexequíveis.pdf"
DISTINTO,0.04,mestra\05_Doutrina_e_Biblioteca\Infograficos_Zenite,Planejamento – Sistema de registro de preços – Contrato estimativo.pdf,mestra\01_Normativos_Vigentes\06_TJPI\Manuais_e_Guias_Tecnicos\Manual de Licitacoes e Contratos TJPI (2023-2024).md,1,sim,ESCANEADO_OU_POUCO_TEXTO,231,C:\Users\thiagonogueira\OneDrive - mppi.mp.br\CLC\01_Processos_e_Aquisicoes\Base de Conhecimento - Thiago\05_Doutrina_e_Biblioteca\Infograficos_Zenite\Planejamento – Sistema de registro de preços – Contrato estimativo.pdf
DISTINTO,0.03,mestra\05_Doutrina_e_Biblioteca\Infograficos_Zenite,Planejamento – Terceirização – Critérios para escolha.pdf,mestra\01_Normativos_Vigentes\05_TCE_PI\Resolucoes\Resolucao TCE-PI nº 19.2024 - Regimento Interno do TCE-PI.md,1,sim,ESCANEADO_OU_POUCO_TEXTO,264,C:\Users\thiagonogueira\OneDrive - mppi.mp.br\CLC\01_Processos_e_Aquisicoes\Base de Conhecimento - Thiago\05_Doutrina_e_Biblioteca\Infograficos_Zenite\Planejamento – Terceirização – Critérios para escolha.pdf
DISTINTO,0.07,mestra\05_Doutrina_e_Biblioteca\Infograficos_Zenite,Planejamento – Terceirização – Elaboração de planilhas – Finalidade.pdf,mestra\02_Jurisprudencia_e_Orientacoes\Boletins_TCE_PI\Boletim de Jurisprudencia TCE-PI - Consolidado Anual 2026.md,1,sim,ESCANEADO_OU_POUCO_TEXTO,285,C:\Users\thiagonogueira\OneDrive - mppi.mp.br\CLC\01_Processos_e_Aquisicoes\Base de Conhecimento - Thiago\05_Doutrina_e_Biblioteca\Infograficos_Zenite\Planejamento – Terceirização – Elaboração de planilhas – Finalidade.pdf
PROVAVEL_REVISAR,0.31,mestra\05_Doutrina_e_Biblioteca\Infograficos_Zenite,Planejamento – Termo de referência – Conteúdo.pdf,mestra\01_Normativos_Vigentes\01_Federal\Instrucoes_Normativas\Federal - IN 81.2022 - TR 2.md,1,sim,ESCANEADO_OU_POUCO_TEXTO,224,C:\Users\thiagonogueira\OneDrive - mppi.mp.br\CLC\01_Processos_e_Aquisicoes\Base de Conhecimento - Thiago\05_Doutrina_e_Biblioteca\Infograficos_Zenite\Planejamento – Termo de referência – Conteúdo.pdf
DISTINTO,0.03,mestra\05_Doutrina_e_Biblioteca\Infograficos_Zenite,Planejamento – Uso da Inteligência artificial – Benefícios.pdf,mestra\05_Doutrina_e_Biblioteca\Biblioteca_Manuais_e_Cursos\Guia Conjunto MF-MGI - Inteligencia Artificial Generativa no Servico Publico.md,1,sim,ESCANEADO_OU_POUCO_TEXTO,176,C:\Users\thiagonogueira\OneDrive - mppi.mp.br\CLC\01_Processos_e_Aquisicoes\Base de Conhecimento - Thiago\05_Doutrina_e_Biblioteca\Infograficos_Zenite\Planejamento – Uso da Inteligência artificial – Benefícios.pdf
DISTINTO,0.15,mestra\05_Doutrina_e_Biblioteca\Infograficos_Zenite,Sistema de registro de preços – Características do procedimento.pdf,mestra\01_Normativos_Vigentes\01_Federal\Leis\Federal - Lei 14133.2021.md,1,sim,ESCANEADO_OU_POUCO_TEXTO,190,C:\Users\thiagonogueira\OneDrive - mppi.mp.br\CLC\01_Processos_e_Aquisicoes\Base de Conhecimento - Thiago\05_Doutrina_e_Biblioteca\Infograficos_Zenite\Sistema de registro de preços – Características do procedimento.pdf
DISTINTO,0.0,mestra\05_Doutrina_e_Biblioteca\Infograficos_Zenite,Terceirização – Edital – Definição de CCT a ser seguida – Vedação.pdf,,1,sim,ESCANEADO_OU_POUCO_TEXTO,129,C:\Users\thiagonogueira\OneDrive - mppi.mp.br\CLC\01_Processos_e_Aquisicoes\Base de Conhecimento - Thiago\05_Doutrina_e_Biblioteca\Infograficos_Zenite\Terceirização – Edital – Definição de CCT a ser seguida – Vedação.pdf
DISTINTO,0.01,mestra\05_Doutrina_e_Biblioteca\Infograficos_Zenite,Terceirização – Planejamento – Julgamento – Execução do contrato.pdf,mestra\02_Jurisprudencia_e_Orientacoes\Boletins_TCE_PI\Boletim de Jurisprudencia TCE-PI - Consolidado Anual 2026.md,1,sim,ESCANEADO_OU_POUCO_TEXTO,170,C:\Users\thiagonogueira\OneDrive - mppi.mp.br\CLC\01_Processos_e_Aquisicoes\Base de Conhecimento - Thiago\05_Doutrina_e_Biblioteca\Infograficos_Zenite\Terceirização – Planejamento – Julgamento – Execução do contrato.pdf
DISTINTO,0.21,mestra\05_Doutrina_e_Biblioteca\Infograficos_Zenite,Terceirização – Planejamento – Serviços com dedicação exclusiva de mão de obra – Requisitos.pdf,mestra\01_Normativos_Vigentes\01_Federal\Leis\Federal - Lei 14133.2021.md,1,sim,ESCANEADO_OU_POUCO_TEXTO,212,C:\Users\thiagonogueira\OneDrive - mppi.mp.br\CLC\01_Processos_e_Aquisicoes\Base de Conhecimento - Thiago\05_Doutrina_e_Biblioteca\Infograficos_Zenite\Terceirização – Planejamento – Serviços com dedicação exclusiva de mão de obra – Requisitos.pdf
DISTINTO,0.07,mestra\05_Doutrina_e_Biblioteca\Infograficos_Zenite,Terceirização – Processo de contratação – Planilhas da fase de planejamento e de julgamento.pdf,mestra\02_Jurisprudencia_e_Orientacoes\Boletins_TCE_PI\Boletim de Jurisprudencia TCE-PI - Consolidado Anual 2026.md,1,sim,ESCANEADO_OU_POUCO_TEXTO,292,C:\Users\thiagonogueira\OneDrive - mppi.mp.br\CLC\01_Processos_e_Aquisicoes\Base de Conhecimento - Thiago\05_Doutrina_e_Biblioteca\Infograficos_Zenite\Terceirização – Processo de contratação – Planilhas da fase de planejamento e de julgamento.pdf
DISTINTO,0.01,mestra\06_Paineis_e_Contratos_Historicos,Guia Onboarding.pdf,mestra\02_Jurisprudencia_e_Orientacoes\Boletins_TCE_PI\Boletim de Jurisprudencia TCE-PI - Consolidado Anual 2026.md,8,nao,TEXTO,111,C:\Users\thiagonogueira\OneDrive - mppi.mp.br\CLC\01_Processos_e_Aquisicoes\Base de Conhecimento - Thiago\06_Paineis_e_Contratos_Historicos\Guia Onboarding.pdf
DISTINTO,0.05,mestra\06_Paineis_e_Contratos_Historicos,manual-api-compras.pdf,mestra\05_Doutrina_e_Biblioteca\Biblioteca_Manuais_e_Cursos\Manual Operacional - Contratos.gov.br - Perfil Fornecedor.md,135,sim,TEXTO,1330,C:\Users\thiagonogueira\OneDrive - mppi.mp.br\CLC\01_Processos_e_Aquisicoes\Base de Conhecimento - Thiago\06_Paineis_e_Contratos_Historicos\manual-api-compras.pdf
DISTINTO,0.14,mestra\06_Paineis_e_Contratos_Historicos,manual-contratos-gov-br-nova-versao.pdf,mestra\05_Doutrina_e_Biblioteca\Biblioteca_Manuais_e_Cursos\Manual Operacional - Contratos.gov.br - Perfil Fornecedor.md,132,sim,TEXTO,11026,C:\Users\thiagonogueira\OneDrive - mppi.mp.br\CLC\01_Processos_e_Aquisicoes\Base de Conhecimento - Thiago\06_Paineis_e_Contratos_Historicos\manual-contratos-gov-br-nova-versao.pdf
IGUAL,0.98,mestra\06_Paineis_e_Contratos_Historicos,Manual_das_APIs_Manual_das_APIs .pdf,mestra\05_Doutrina_e_Biblioteca\Biblioteca_Manuais_e_Cursos\Manual Tecnico - APIs de Consulta ao Portal Nacional de Contratacoes Publicas - PNCP.md,41,sim,TEXTO,694,C:\Users\thiagonogueira\OneDrive - mppi.mp.br\CLC\01_Processos_e_Aquisicoes\Base de Conhecimento - Thiago\06_Paineis_e_Contratos_Historicos\Manual_das_APIs_Manual_das_APIs .pdf
IGUAL,0.94,mestra\06_Paineis_e_Contratos_Historicos,PCA 2026 - Versão 3.0 - MPPI.pdf,mestra\01_Normativos_Vigentes\03_MPPI\PCA 2026\PCA 2026 - Plano de Contratacoes Anual Versao 3.0 MPPI.md,59,nao,TEXTO,4219,C:\Users\thiagonogueira\OneDrive - mppi.mp.br\CLC\01_Processos_e_Aquisicoes\Base de Conhecimento - Thiago\06_Paineis_e_Contratos_Historicos\PCA 2026 - Versão 3.0 - MPPI.pdf
DISTINTO,0.01,mestra\06_Paineis_e_Contratos_Historicos,README.pdf,mestra\02_Jurisprudencia_e_Orientacoes\Boletins_TCE_PI\Boletim de Jurisprudencia TCE-PI - Consolidado Anual 2026.md,4,nao,TEXTO,59,C:\Users\thiagonogueira\OneDrive - mppi.mp.br\CLC\01_Processos_e_Aquisicoes\Base de Conhecimento - Thiago\06_Paineis_e_Contratos_Historicos\README.pdf
DISTINTO,0.01,mestra\06_Paineis_e_Contratos_Historicos,Relatorio de Estrutura de Arquitetura.pdf,mestra\02_Jurisprudencia_e_Orientacoes\Boletins_TCE_PI\Boletim de Jurisprudencia TCE-PI - Consolidado Anual 2024.md,8,nao,TEXTO,119,C:\Users\thiagonogueira\OneDrive - mppi.mp.br\CLC\01_Processos_e_Aquisicoes\Base de Conhecimento - Thiago\06_Paineis_e_Contratos_Historicos\Relatorio de Estrutura de Arquitetura.pdf
DISTINTO,0.1,mestra\06_Paineis_e_Contratos_Historicos,Relatorio_PCA_2027.pdf,mestra\01_Normativos_Vigentes\03_MPPI\PCA 2026\PCA 2026 - Plano de Contratacoes Anual Versao 3.0 MPPI.md,3,nao,TEXTO,207,C:\Users\thiagonogueira\OneDrive - mppi.mp.br\CLC\01_Processos_e_Aquisicoes\Base de Conhecimento - Thiago\06_Paineis_e_Contratos_Historicos\Relatorio_PCA_2027.pdf
IGUAL,0.82,mestra\06_Paineis_e_Contratos_Historicos,SEI_0978996_Ata_de_Registro_de_Precos.pdf,mestra\03_Modelos_e_Minutas\Modelos_AGU_14133\Pregão e Concorrência\Editais e Atas - Todos os Objetos\modelo-de-ata-de-registro-de-precos-lei-ndeg-14-133-nov-25.md,18,nao,TEXTO,124,C:\Users\thiagonogueira\OneDrive - mppi.mp.br\CLC\01_Processos_e_Aquisicoes\Base de Conhecimento - Thiago\06_Paineis_e_Contratos_Historicos\SEI_0978996_Ata_de_Registro_de_Precos.pdf
DISTINTO,0.02,mestra\06_Paineis_e_Contratos_Historicos,Tutorial_PCA_MPPI_2026 (2).pdf,mestra\01_Normativos_Vigentes\03_MPPI\PCA 2026\PCA 2026 - Plano de Contratacoes Anual Versao 3.0 MPPI.md,29,nao,TEXTO,1454,C:\Users\thiagonogueira\OneDrive - mppi.mp.br\CLC\01_Processos_e_Aquisicoes\Base de Conhecimento - Thiago\06_Paineis_e_Contratos_Historicos\Tutorial_PCA_MPPI_2026 (2).pdf
DISTINTO,0.02,mestra\06_Paineis_e_Contratos_Historicos,Tutorial_PCA_MPPI_2027.pdf,mestra\01_Normativos_Vigentes\03_MPPI\PCA 2026\PCA 2026 - Plano de Contratacoes Anual Versao 3.0 MPPI.md,13,sim,TEXTO,1233,C:\Users\thiagonogueira\OneDrive - mppi.mp.br\CLC\01_Processos_e_Aquisicoes\Base de Conhecimento - Thiago\06_Paineis_e_Contratos_Historicos\Tutorial_PCA_MPPI_2027.pdf
DISTINTO,0.02,mestra\SIte_PGE_PI\ACT - Termo de Autorização de Uso - Espaços da Cidadania,Publicacao-Acordo-de-Cooperacao-Tecnica-Espaco-da-Cidadania.pdf,mestra\01_Normativos_Vigentes\01_Federal\Instrucoes_Normativas\Federal - IN 05.2017 - Terceirizados.md,9,nao,TEXTO,2298,C:\Users\thiagonogueira\OneDrive - mppi.mp.br\CLC\01_Processos_e_Aquisicoes\Base de Conhecimento - Thiago\SIte_PGE_PI\ACT - Termo de Autorização de Uso - Espaços da Cidadania\Publicacao-Acordo-de-Cooperacao-Tecnica-Espaco-da-Cidadania.pdf
DISTINTO,0.02,mestra\SIte_PGE_PI\ACT - Termo de Autorização de Uso - Espaços da Cidadania,Publicacao-Termo-de-Autorizacao-de-Uso-Espaco-da-Cidadania.pdf,mestra\02_Jurisprudencia_e_Orientacoes\Boletins_TCE_PI\Boletim de Jurisprudencia TCE-PI - Consolidado Anual 2026.md,7,nao,TEXTO,2297,C:\Users\thiagonogueira\OneDrive - mppi.mp.br\CLC\01_Processos_e_Aquisicoes\Base de Conhecimento - Thiago\SIte_PGE_PI\ACT - Termo de Autorização de Uso - Espaços da Cidadania\Publicacao-Termo-de-Autorizacao-de-Uso-Espaco-da-Cidadania.pdf
PROVAVEL_REVISAR,0.52,mestra\SIte_PGE_PI\Adesão,Lei-14133-Lista-de-Verificacao-Adesao(1).pdf,mestra\05_Doutrina_e_Biblioteca\Biblioteca_Manuais_e_Cursos\Publicacao PGE-PI - Lista de Contratacoes de Pequeno Valor no DOE.md,8,nao,TEXTO,149,C:\Users\thiagonogueira\OneDrive - mppi.mp.br\CLC\01_Processos_e_Aquisicoes\Base de Conhecimento - Thiago\SIte_PGE_PI\Adesão\Lei-14133-Lista-de-Verificacao-Adesao(1).pdf
PROVAVEL_REVISAR,0.5,mestra\SIte_PGE_PI\Adesão,Lei-14133-Lista-de-Verificacao-Adesao-DOE(1).pdf,mestra\05_Doutrina_e_Biblioteca\Biblioteca_Manuais_e_Cursos\Publicacao PGE-PI - Lista de Contratacoes de Pequeno Valor no DOE.md,8,nao,TEXTO,17969,C:\Users\thiagonogueira\OneDrive - mppi.mp.br\CLC\01_Processos_e_Aquisicoes\Base de Conhecimento - Thiago\SIte_PGE_PI\Adesão\Lei-14133-Lista-de-Verificacao-Adesao-DOE(1).pdf
PROVAVEL_REVISAR,0.5,mestra\SIte_PGE_PI\Adesão,Lei-14133-Lista-de-Verificacao-Adesao-DOE.pdf,mestra\05_Doutrina_e_Biblioteca\Biblioteca_Manuais_e_Cursos\Publicacao PGE-PI - Lista de Contratacoes de Pequeno Valor no DOE.md,8,nao,TEXTO,17969,C:\Users\thiagonogueira\OneDrive - mppi.mp.br\CLC\01_Processos_e_Aquisicoes\Base de Conhecimento - Thiago\SIte_PGE_PI\Adesão\Lei-14133-Lista-de-Verificacao-Adesao-DOE.pdf
PROVAVEL_REVISAR,0.52,mestra\SIte_PGE_PI\Adesão,Lei-14133-Lista-de-Verificacao-Adesao.pdf,mestra\05_Doutrina_e_Biblioteca\Biblioteca_Manuais_e_Cursos\Publicacao PGE-PI - Lista de Contratacoes de Pequeno Valor no DOE.md,8,nao,TEXTO,149,C:\Users\thiagonogueira\OneDrive - mppi.mp.br\CLC\01_Processos_e_Aquisicoes\Base de Conhecimento - Thiago\SIte_PGE_PI\Adesão\Lei-14133-Lista-de-Verificacao-Adesao.pdf
PROVAVEL_REVISAR,0.57,mestra\SIte_PGE_PI\Adesão ARP Gerenciada pela SEAD,Lei-14133-Lista-de-Verificacao-Adesao-SEAD-DOE.pdf,mestra\05_Doutrina_e_Biblioteca\Biblioteca_Manuais_e_Cursos\Publicacao PGE-PI - Lista de Contratacoes de Pequeno Valor no DOE.md,5,nao,TEXTO,17968,C:\Users\thiagonogueira\OneDrive - mppi.mp.br\CLC\01_Processos_e_Aquisicoes\Base de Conhecimento - Thiago\SIte_PGE_PI\Adesão ARP Gerenciada pela SEAD\Lei-14133-Lista-de-Verificacao-Adesao-SEAD-DOE.pdf
PROVAVEL_REVISAR,0.59,mestra\SIte_PGE_PI\Adesão ARP Gerenciada pela SEAD,Lei-14133-Lista-de-Verificacao-Adesao-SEAD.pdf,mestra\05_Doutrina_e_Biblioteca\Biblioteca_Manuais_e_Cursos\Publicacao PGE-PI - Lista de Contratacoes de Pequeno Valor no DOE.md,5,nao,TEXTO,145,C:\Users\thiagonogueira\OneDrive - mppi.mp.br\CLC\01_Processos_e_Aquisicoes\Base de Conhecimento - Thiago\SIte_PGE_PI\Adesão ARP Gerenciada pela SEAD\Lei-14133-Lista-de-Verificacao-Adesao-SEAD.pdf
DISTINTO,0.03,mestra\SIte_PGE_PI\Cessão Gratuita de Bem Imovel,DOEPI_179_2024.pdf,mestra\01_Normativos_Vigentes\03_MPPI\Portarias\Portaria PGJ 2396.2022 - Designacoes e Atribuicoes Administrativas.md,5,nao,TEXTO,986,C:\Users\thiagonogueira\OneDrive - mppi.mp.br\CLC\01_Processos_e_Aquisicoes\Base de Conhecimento - Thiago\SIte_PGE_PI\Cessão Gratuita de Bem Imovel\DOEPI_179_2024.pdf
DISTINTO,0.03,mestra\SIte_PGE_PI\Cessão Gratuita de Bem Imovel,Termo_de_Cessao_Gratuita_de_Uso_de_Imovel_Publico._Setembro_2024.pdf,mestra\01_Normativos_Vigentes\03_MPPI\Portarias\Portaria PGJ 2396.2022 - Designacoes e Atribuicoes Administrativas.md,6,nao,TEXTO,200,C:\Users\thiagonogueira\OneDrive - mppi.mp.br\CLC\01_Processos_e_Aquisicoes\Base de Conhecimento - Thiago\SIte_PGE_PI\Cessão Gratuita de Bem Imovel\Termo_de_Cessao_Gratuita_de_Uso_de_Imovel_Publico._Setembro_2024.pdf
PROVAVEL_REVISAR,0.3,mestra\SIte_PGE_PI\Concorrencia_Eletronica,Lei-14133-Lista-de-Verificacao-Concorrencia-Eletronica-COM-SRP-Obras-e-Servicos-Especiais-de-Engenharia.pdf,mestra\05_Doutrina_e_Biblioteca\Biblioteca_Manuais_e_Cursos\Publicacao PGE-PI - Lista de Contratacoes de Pequeno Valor no DOE.md,10,nao,TEXTO,161,C:\Users\thiagonogueira\OneDrive - mppi.mp.br\CLC\01_Processos_e_Aquisicoes\Base de Conhecimento - Thiago\SIte_PGE_PI\Concorrencia_Eletronica\Lei-14133-Lista-de-Verificacao-Concorrencia-Eletronica-COM-SRP-Obras-e-Servicos-Especiais-de-Engenharia.pdf
PROVAVEL_REVISAR,0.39,mestra\SIte_PGE_PI\Concorrencia_Eletronica,Lei-14133-Lista-de-Verificacao-Concorrencia-Eletronica-SEM-SRP-Obras-e-Servicos-Especiais-de-Engenharia.pdf,mestra\05_Doutrina_e_Biblioteca\Biblioteca_Manuais_e_Cursos\Publicacao PGE-PI - Lista de Contratacoes de Pequeno Valor no DOE.md,11,nao,TEXTO,166,C:\Users\thiagonogueira\OneDrive - mppi.mp.br\CLC\01_Processos_e_Aquisicoes\Base de Conhecimento - Thiago\SIte_PGE_PI\Concorrencia_Eletronica\Lei-14133-Lista-de-Verificacao-Concorrencia-Eletronica-SEM-SRP-Obras-e-Servicos-Especiais-de-Engenharia.pdf
PROVAVEL_REVISAR,0.29,mestra\SIte_PGE_PI\Concorrencia_Eletronica,Lista-de-Verificacao-Concorrencia-Eletronica-COM-SRP-Obras-e-Servicos-Especiais-de-Engenharia-DOE.pdf,mestra\05_Doutrina_e_Biblioteca\Biblioteca_Manuais_e_Cursos\Publicacao PGE-PI - Lista de Contratacoes de Pequeno Valor no DOE.md,10,nao,TEXTO,17970,C:\Users\thiagonogueira\OneDrive - mppi.mp.br\CLC\01_Processos_e_Aquisicoes\Base de Conhecimento - Thiago\SIte_PGE_PI\Concorrencia_Eletronica\Lista-de-Verificacao-Concorrencia-Eletronica-COM-SRP-Obras-e-Servicos-Especiais-de-Engenharia-DOE.pdf
PROVAVEL_REVISAR,0.38,mestra\SIte_PGE_PI\Concorrencia_Eletronica,Lista-de-Verificacao-Concorrencia-Eletronica-SEM-SRP-Obras-e-Servicos-Especiais-de-Engenharia-DOE.pdf,mestra\05_Doutrina_e_Biblioteca\Biblioteca_Manuais_e_Cursos\Publicacao PGE-PI - Lista de Contratacoes de Pequeno Valor no DOE.md,11,nao,TEXTO,17970,C:\Users\thiagonogueira\OneDrive - mppi.mp.br\CLC\01_Processos_e_Aquisicoes\Base de Conhecimento - Thiago\SIte_PGE_PI\Concorrencia_Eletronica\Lista-de-Verificacao-Concorrencia-Eletronica-SEM-SRP-Obras-e-Servicos-Especiais-de-Engenharia-DOE.pdf
PROVAVEL_REVISAR,0.57,"mestra\SIte_PGE_PI\Contratacao de pequeno valor (75, I)",Lei-14133-Lista-de-Verificacao-Contratacao-Direta-Pequeno-Valor-Obras-DOE.pdf,mestra\05_Doutrina_e_Biblioteca\Biblioteca_Manuais_e_Cursos\Publicacao PGE-PI - Lista de Contratacoes de Pequeno Valor no DOE.md,11,nao,TEXTO,17970,"C:\Users\thiagonogueira\OneDrive - mppi.mp.br\CLC\01_Processos_e_Aquisicoes\Base de Conhecimento - Thiago\SIte_PGE_PI\Contratacao de pequeno valor (75, I)\Lei-14133-Lista-de-Verificacao-Contratacao-Direta-Pequeno-Valor-Obras-DOE.pdf"
PROVAVEL_REVISAR,0.58,"mestra\SIte_PGE_PI\Contratacao de pequeno valor (75, I)",Lei-14133-Lista-de-Verificacao-Contratacao-Direta-Pequeno-Valor-Obras.pdf,mestra\05_Doutrina_e_Biblioteca\Biblioteca_Manuais_e_Cursos\Publicacao PGE-PI - Lista de Contratacoes de Pequeno Valor no DOE.md,11,nao,TEXTO,163,"C:\Users\thiagonogueira\OneDrive - mppi.mp.br\CLC\01_Processos_e_Aquisicoes\Base de Conhecimento - Thiago\SIte_PGE_PI\Contratacao de pequeno valor (75, I)\Lei-14133-Lista-de-Verificacao-Contratacao-Direta-Pequeno-Valor-Obras.pdf"
IGUAL,0.88,"mestra\SIte_PGE_PI\Contratacao de pequeno valor (75, II)",Lei-14133-Lista-de-Verificacao-Direta-Pequeno-Valor-Servicos-e-Compras-DOE.pdf,mestra\05_Doutrina_e_Biblioteca\Biblioteca_Manuais_e_Cursos\Publicacao PGE-PI - Lista de Contratacoes de Pequeno Valor no DOE.md,7,nao,TEXTO,17968,"C:\Users\thiagonogueira\OneDrive - mppi.mp.br\CLC\01_Processos_e_Aquisicoes\Base de Conhecimento - Thiago\SIte_PGE_PI\Contratacao de pequeno valor (75, II)\Lei-14133-Lista-de-Verificacao-Direta-Pequeno-Valor-Servicos-e-Compras-DOE.pdf"
IGUAL,0.91,"mestra\SIte_PGE_PI\Contratacao de pequeno valor (75, II)",Lei-14133-Lista-de-Verificacao-Direta-Pequeno-Valor-Servicos-e-Compras.pdf,mestra\05_Doutrina_e_Biblioteca\Biblioteca_Manuais_e_Cursos\Publicacao PGE-PI - Lista de Contratacoes de Pequeno Valor no DOE.md,7,nao,TEXTO,137,"C:\Users\thiagonogueira\OneDrive - mppi.mp.br\CLC\01_Processos_e_Aquisicoes\Base de Conhecimento - Thiago\SIte_PGE_PI\Contratacao de pequeno valor (75, II)\Lei-14133-Lista-de-Verificacao-Direta-Pequeno-Valor-Servicos-e-Compras.pdf"
IGUAL,0.76,"mestra\SIte_PGE_PI\Contratacao de pequeno valor - 75, I",Lei-14133-Lista-de-Verificacao-Contratacao-Direta-Pequeno-Valor-Servicos-Comuns-de-Engenharia(1).pdf,mestra\05_Doutrina_e_Biblioteca\Biblioteca_Manuais_e_Cursos\Publicacao PGE-PI - Lista de Contratacoes de Pequeno Valor no DOE.md,7,nao,TEXTO,137,"C:\Users\thiagonogueira\OneDrive - mppi.mp.br\CLC\01_Processos_e_Aquisicoes\Base de Conhecimento - Thiago\SIte_PGE_PI\Contratacao de pequeno valor - 75, I\Lei-14133-Lista-de-Verificacao-Contratacao-Direta-Pequeno-Valor-Servicos-Comuns-de-Engenharia(1).pdf"
IGUAL,0.74,"mestra\SIte_PGE_PI\Contratacao de pequeno valor - 75, I",Lei-14133-Lista-de-Verificacao-Contratacao-Direta-Pequeno-Valor-Servicos-Comuns-de-Engenharia-DOE(1).pdf,mestra\05_Doutrina_e_Biblioteca\Biblioteca_Manuais_e_Cursos\Publicacao PGE-PI - Lista de Contratacoes de Pequeno Valor no DOE.md,7,nao,TEXTO,17968,"C:\Users\thiagonogueira\OneDrive - mppi.mp.br\CLC\01_Processos_e_Aquisicoes\Base de Conhecimento - Thiago\SIte_PGE_PI\Contratacao de pequeno valor - 75, I\Lei-14133-Lista-de-Verificacao-Contratacao-Direta-Pequeno-Valor-Servicos-Comuns-de-Engenharia-DOE(1).pdf"
IGUAL,0.74,"mestra\SIte_PGE_PI\Contratacao de pequeno valor - 75, I",Lei-14133-Lista-de-Verificacao-Contratacao-Direta-Pequeno-Valor-Servicos-Comuns-de-Engenharia-DOE.pdf,mestra\05_Doutrina_e_Biblioteca\Biblioteca_Manuais_e_Cursos\Publicacao PGE-PI - Lista de Contratacoes de Pequeno Valor no DOE.md,7,nao,TEXTO,17968,"C:\Users\thiagonogueira\OneDrive - mppi.mp.br\CLC\01_Processos_e_Aquisicoes\Base de Conhecimento - Thiago\SIte_PGE_PI\Contratacao de pequeno valor - 75, I\Lei-14133-Lista-de-Verificacao-Contratacao-Direta-Pequeno-Valor-Servicos-Comuns-de-Engenharia-DOE.pdf"
IGUAL,0.76,"mestra\SIte_PGE_PI\Contratacao de pequeno valor - 75, I",Lei-14133-Lista-de-Verificacao-Contratacao-Direta-Pequeno-Valor-Servicos-Comuns-de-Engenharia.pdf,mestra\05_Doutrina_e_Biblioteca\Biblioteca_Manuais_e_Cursos\Publicacao PGE-PI - Lista de Contratacoes de Pequeno Valor no DOE.md,7,nao,TEXTO,137,"C:\Users\thiagonogueira\OneDrive - mppi.mp.br\CLC\01_Processos_e_Aquisicoes\Base de Conhecimento - Thiago\SIte_PGE_PI\Contratacao de pequeno valor - 75, I\Lei-14133-Lista-de-Verificacao-Contratacao-Direta-Pequeno-Valor-Servicos-Comuns-de-Engenharia.pdf"
PROVAVEL_REVISAR,0.5,mestra\SIte_PGE_PI\Lista de Verificação - Alteração Quantitativa,Lei-14133-Lista-de-Verificacao-Alteracao-Quantitativa-DOE.pdf,mestra\05_Doutrina_e_Biblioteca\Biblioteca_Manuais_e_Cursos\Publicacao PGE-PI - Lista de Contratacoes de Pequeno Valor no DOE.md,4,nao,TEXTO,17967,C:\Users\thiagonogueira\OneDrive - mppi.mp.br\CLC\01_Processos_e_Aquisicoes\Base de Conhecimento - Thiago\SIte_PGE_PI\Lista de Verificação - Alteração Quantitativa\Lei-14133-Lista-de-Verificacao-Alteracao-Quantitativa-DOE.pdf
PROVAVEL_REVISAR,0.52,mestra\SIte_PGE_PI\Lista de Verificação - Alteração Quantitativa,Lei-14133-Lista-de-Verificacao-Alteracao-Quantitativa.pdf,mestra\05_Doutrina_e_Biblioteca\Biblioteca_Manuais_e_Cursos\Publicacao PGE-PI - Lista de Contratacoes de Pequeno Valor no DOE.md,4,nao,TEXTO,117,C:\Users\thiagonogueira\OneDrive - mppi.mp.br\CLC\01_Processos_e_Aquisicoes\Base de Conhecimento - Thiago\SIte_PGE_PI\Lista de Verificação - Alteração Quantitativa\Lei-14133-Lista-de-Verificacao-Alteracao-Quantitativa.pdf
PROVAVEL_REVISAR,0.49,mestra\SIte_PGE_PI\Lista de Verificação - Contratação Direta - Obras,Lei-14133-Lista-de-Verificacao-Contratacao-Direta-Obras-DOE.pdf,mestra\05_Doutrina_e_Biblioteca\Biblioteca_Manuais_e_Cursos\Publicacao PGE-PI - Lista de Contratacoes de Pequeno Valor no DOE.md,11,nao,TEXTO,17970,C:\Users\thiagonogueira\OneDrive - mppi.mp.br\CLC\01_Processos_e_Aquisicoes\Base de Conhecimento - Thiago\SIte_PGE_PI\Lista de Verificação - Contratação Direta - Obras\Lei-14133-Lista-de-Verificacao-Contratacao-Direta-Obras-DOE.pdf
PROVAVEL_REVISAR,0.5,mestra\SIte_PGE_PI\Lista de Verificação - Contratação Direta - Obras,Lei-14133-Lista-de-Verificacao-Contratacao-Direta-Obras.pdf,mestra\05_Doutrina_e_Biblioteca\Biblioteca_Manuais_e_Cursos\Publicacao PGE-PI - Lista de Contratacoes de Pequeno Valor no DOE.md,11,nao,TEXTO,169,C:\Users\thiagonogueira\OneDrive - mppi.mp.br\CLC\01_Processos_e_Aquisicoes\Base de Conhecimento - Thiago\SIte_PGE_PI\Lista de Verificação - Contratação Direta - Obras\Lei-14133-Lista-de-Verificacao-Contratacao-Direta-Obras.pdf
IGUAL,0.75,mestra\SIte_PGE_PI\Lista de Verificação - Contratação Direta - Serviços ou Compras,Lei-14133-Lista-de-Verificacao-Contratacao-Direta-Servicos-ou-Compras-DOE.pdf,mestra\05_Doutrina_e_Biblioteca\Biblioteca_Manuais_e_Cursos\Publicacao PGE-PI - Lista de Contratacoes de Pequeno Valor no DOE.md,7,nao,TEXTO,17968,C:\Users\thiagonogueira\OneDrive - mppi.mp.br\CLC\01_Processos_e_Aquisicoes\Base de Conhecimento - Thiago\SIte_PGE_PI\Lista de Verificação - Contratação Direta - Serviços ou Compras\Lei-14133-Lista-de-Verificacao-Contratacao-Direta-Servicos-ou-Compras-DOE.pdf
IGUAL,0.78,mestra\SIte_PGE_PI\Lista de Verificação - Contratação Direta - Serviços ou Compras,Lei-14133-Lista-de-Verificacao-Contratacao-Direta-Servicos-ou-Compras.pdf,mestra\05_Doutrina_e_Biblioteca\Biblioteca_Manuais_e_Cursos\Publicacao PGE-PI - Lista de Contratacoes de Pequeno Valor no DOE.md,7,nao,TEXTO,140,C:\Users\thiagonogueira\OneDrive - mppi.mp.br\CLC\01_Processos_e_Aquisicoes\Base de Conhecimento - Thiago\SIte_PGE_PI\Lista de Verificação - Contratação Direta - Serviços ou Compras\Lei-14133-Lista-de-Verificacao-Contratacao-Direta-Servicos-ou-Compras.pdf
PROVAVEL_REVISAR,0.37,mestra\SIte_PGE_PI\Lista de Verificação - Reajuste - Decreto Estadual 22737-2024,Lei-14133-Lista-de-Verificacao-Reajuste-DOE.pdf,mestra\05_Doutrina_e_Biblioteca\Biblioteca_Manuais_e_Cursos\Publicacao PGE-PI - Lista de Contratacoes de Pequeno Valor no DOE.md,2,nao,TEXTO,17966,C:\Users\thiagonogueira\OneDrive - mppi.mp.br\CLC\01_Processos_e_Aquisicoes\Base de Conhecimento - Thiago\SIte_PGE_PI\Lista de Verificação - Reajuste - Decreto Estadual 22737-2024\Lei-14133-Lista-de-Verificacao-Reajuste-DOE.pdf
PROVAVEL_REVISAR,0.41,mestra\SIte_PGE_PI\Lista de Verificação - Reajuste - Decreto Estadual 22737-2024,Lei-14133-Lista-de-Verificacao-Reajuste.pdf,mestra\05_Doutrina_e_Biblioteca\Biblioteca_Manuais_e_Cursos\Publicacao PGE-PI - Lista de Contratacoes de Pequeno Valor no DOE.md,2,nao,TEXTO,93,C:\Users\thiagonogueira\OneDrive - mppi.mp.br\CLC\01_Processos_e_Aquisicoes\Base de Conhecimento - Thiago\SIte_PGE_PI\Lista de Verificação - Reajuste - Decreto Estadual 22737-2024\Lei-14133-Lista-de-Verificacao-Reajuste.pdf
PROVAVEL_REVISAR,0.27,mestra\SIte_PGE_PI\Lista de Verificação - Repactuação,Lei-14133-Lista-de-Verificacao-Repactuacao-DOE.pdf,mestra\05_Doutrina_e_Biblioteca\Biblioteca_Manuais_e_Cursos\Publicacao PGE-PI - Lista de Contratacoes de Pequeno Valor no DOE.md,2,nao,TEXTO,17966,C:\Users\thiagonogueira\OneDrive - mppi.mp.br\CLC\01_Processos_e_Aquisicoes\Base de Conhecimento - Thiago\SIte_PGE_PI\Lista de Verificação - Repactuação\Lei-14133-Lista-de-Verificacao-Repactuacao-DOE.pdf
PROVAVEL_REVISAR,0.28,mestra\SIte_PGE_PI\Lista de Verificação - Repactuação,Lei-14133-Lista-de-Verificacao-Repactuacao.pdf,mestra\05_Doutrina_e_Biblioteca\Biblioteca_Manuais_e_Cursos\Publicacao PGE-PI - Lista de Contratacoes de Pequeno Valor no DOE.md,2,nao,TEXTO,82,C:\Users\thiagonogueira\OneDrive - mppi.mp.br\CLC\01_Processos_e_Aquisicoes\Base de Conhecimento - Thiago\SIte_PGE_PI\Lista de Verificação - Repactuação\Lei-14133-Lista-de-Verificacao-Repactuacao.pdf
PROVAVEL_REVISAR,0.54,mestra\SIte_PGE_PI\Lista de Verificação - Revisão-Realinhamento,Lei-14133-Lista-de-Verificacao-Revisao-Realinhamento-DOE.pdf,mestra\05_Doutrina_e_Biblioteca\Biblioteca_Manuais_e_Cursos\Publicacao PGE-PI - Lista de Contratacoes de Pequeno Valor no DOE.md,4,nao,TEXTO,17967,C:\Users\thiagonogueira\OneDrive - mppi.mp.br\CLC\01_Processos_e_Aquisicoes\Base de Conhecimento - Thiago\SIte_PGE_PI\Lista de Verificação - Revisão-Realinhamento\Lei-14133-Lista-de-Verificacao-Revisao-Realinhamento-DOE.pdf
PROVAVEL_REVISAR,0.58,mestra\SIte_PGE_PI\Lista de Verificação - Revisão-Realinhamento,Lei-14133-Lista-de-Verificacao-Revisao-Realinhamento.pdf,mestra\05_Doutrina_e_Biblioteca\Biblioteca_Manuais_e_Cursos\Publicacao PGE-PI - Lista de Contratacoes de Pequeno Valor no DOE.md,4,nao,TEXTO,118,C:\Users\thiagonogueira\OneDrive - mppi.mp.br\CLC\01_Processos_e_Aquisicoes\Base de Conhecimento - Thiago\SIte_PGE_PI\Lista de Verificação - Revisão-Realinhamento\Lei-14133-Lista-de-Verificacao-Revisao-Realinhamento.pdf
DISTINTO,0.09,mestra\SIte_PGE_PI\Locação de Imóvel - Abril 2024,Contrato_de_Locacao_de_Imovel._Lei_14.133.pdf,mestra\02_Jurisprudencia_e_Orientacoes\Quadro_Comparativo_Nova_Lei_14133_vs_8666.md,11,nao,TEXTO,214,C:\Users\thiagonogueira\OneDrive - mppi.mp.br\CLC\01_Processos_e_Aquisicoes\Base de Conhecimento - Thiago\SIte_PGE_PI\Locação de Imóvel - Abril 2024\Contrato_de_Locacao_de_Imovel._Lei_14.133.pdf
PROVAVEL_REVISAR,0.53,mestra\SIte_PGE_PI\Locação de Imóvel - Abril 2024,Lei-14133-Lista-de-Verificacao-Locacao-Imovel.pdf,mestra\05_Doutrina_e_Biblioteca\Biblioteca_Manuais_e_Cursos\Publicacao PGE-PI - Lista de Contratacoes de Pequeno Valor no DOE.md,7,nao,TEXTO,130,C:\Users\thiagonogueira\OneDrive - mppi.mp.br\CLC\01_Processos_e_Aquisicoes\Base de Conhecimento - Thiago\SIte_PGE_PI\Locação de Imóvel - Abril 2024\Lei-14133-Lista-de-Verificacao-Locacao-Imovel.pdf
PROVAVEL_REVISAR,0.51,mestra\SIte_PGE_PI\Locação de Imóvel - Abril 2024,Lei-14133-Locacao-Imovel-DOE.pdf,mestra\05_Doutrina_e_Biblioteca\Biblioteca_Manuais_e_Cursos\Publicacao PGE-PI - Lista de Contratacoes de Pequeno Valor no DOE.md,7,nao,TEXTO,17968,C:\Users\thiagonogueira\OneDrive - mppi.mp.br\CLC\01_Processos_e_Aquisicoes\Base de Conhecimento - Thiago\SIte_PGE_PI\Locação de Imóvel - Abril 2024\Lei-14133-Locacao-Imovel-DOE.pdf
DISTINTO,0.07,mestra\SIte_PGE_PI\Locação de Imóvel - Abril 2024,Minuta-Padrao-Contrato-de-Locacao-de-Imovel.pdf,mestra\02_Jurisprudencia_e_Orientacoes\Quadro_Comparativo_Nova_Lei_14133_vs_8666.md,13,nao,TEXTO,1435,C:\Users\thiagonogueira\OneDrive - mppi.mp.br\CLC\01_Processos_e_Aquisicoes\Base de Conhecimento - Thiago\SIte_PGE_PI\Locação de Imóvel - Abril 2024\Minuta-Padrao-Contrato-de-Locacao-de-Imovel.pdf
IGUAL,0.65,mestra\SIte_PGE_PI\LV - Contratação Direta - Serv Comuns Eng,Lista-de-Verificacao-Contratacao-Direta-Servicos-Comuns-de-Engenharia-DOE.pdf,mestra\05_Doutrina_e_Biblioteca\Biblioteca_Manuais_e_Cursos\Publicacao PGE-PI - Lista de Contratacoes de Pequeno Valor no DOE.md,7,nao,TEXTO,17968,C:\Users\thiagonogueira\OneDrive - mppi.mp.br\CLC\01_Processos_e_Aquisicoes\Base de Conhecimento - Thiago\SIte_PGE_PI\LV - Contratação Direta - Serv Comuns Eng\Lista-de-Verificacao-Contratacao-Direta-Servicos-Comuns-de-Engenharia-DOE.pdf
IGUAL,0.68,mestra\SIte_PGE_PI\LV - Contratação Direta - Serv Comuns Eng,Lista-de-Verificacao-Contratacao-Direta-Servicos-Comuns-de-Engenharia.pdf,mestra\05_Doutrina_e_Biblioteca\Biblioteca_Manuais_e_Cursos\Publicacao PGE-PI - Lista de Contratacoes de Pequeno Valor no DOE.md,6,nao,TEXTO,140,C:\Users\thiagonogueira\OneDrive - mppi.mp.br\CLC\01_Processos_e_Aquisicoes\Base de Conhecimento - Thiago\SIte_PGE_PI\LV - Contratação Direta - Serv Comuns Eng\Lista-de-Verificacao-Contratacao-Direta-Servicos-Comuns-de-Engenharia.pdf
PROVAVEL_REVISAR,0.44,mestra\SIte_PGE_PI\LV - Prorrogação Contínuos,Lei-14133-Lista-de-Verificacao-Prorrogacao-Servicos-ou-Fornecimentos-Continuos-DOE.pdf,mestra\05_Doutrina_e_Biblioteca\Biblioteca_Manuais_e_Cursos\Publicacao PGE-PI - Lista de Contratacoes de Pequeno Valor no DOE.md,4,nao,TEXTO,17967,C:\Users\thiagonogueira\OneDrive - mppi.mp.br\CLC\01_Processos_e_Aquisicoes\Base de Conhecimento - Thiago\SIte_PGE_PI\LV - Prorrogação Contínuos\Lei-14133-Lista-de-Verificacao-Prorrogacao-Servicos-ou-Fornecimentos-Continuos-DOE.pdf
PROVAVEL_REVISAR,0.46,mestra\SIte_PGE_PI\LV - Prorrogação Contínuos,Lei-14133-Lista-de-Verificacao-Prorrogacao-Servicos-ou-Fornecimentos-Continuos.pdf,mestra\05_Doutrina_e_Biblioteca\Biblioteca_Manuais_e_Cursos\Publicacao PGE-PI - Lista de Contratacoes de Pequeno Valor no DOE.md,4,nao,TEXTO,118,C:\Users\thiagonogueira\OneDrive - mppi.mp.br\CLC\01_Processos_e_Aquisicoes\Base de Conhecimento - Thiago\SIte_PGE_PI\LV - Prorrogação Contínuos\Lei-14133-Lista-de-Verificacao-Prorrogacao-Servicos-ou-Fornecimentos-Continuos.pdf
DISTINTO,0.24,mestra\SIte_PGE_PI\LV - Prorrogação Não Contínuos,Lei-14133-Lista-de-Verificacao-Prorrogacao-Obras-Servicos-ou-Fornecimentos-nao-continuados-DOE.pdf,mestra\01_Normativos_Vigentes\02_Estadual_PI\Instrucoes_Normativas\Instrução Normativa CGE nº 01-2013 - Procedimentos de Controle e Pareceres.md,3,nao,TEXTO,17967,C:\Users\thiagonogueira\OneDrive - mppi.mp.br\CLC\01_Processos_e_Aquisicoes\Base de Conhecimento - Thiago\SIte_PGE_PI\LV - Prorrogação Não Contínuos\Lei-14133-Lista-de-Verificacao-Prorrogacao-Obras-Servicos-ou-Fornecimentos-nao-continuados-DOE.pdf
PROVAVEL_REVISAR,0.26,mestra\SIte_PGE_PI\LV - Prorrogação Não Contínuos,Lei-14133-Lista-de-Verificacao-Prorrogacao-Obras-Servicos-ou-Fornecimentos-nao-continuados.pdf,mestra\01_Normativos_Vigentes\02_Estadual_PI\Instrucoes_Normativas\Instrução Normativa CGE nº 01-2013 - Procedimentos de Controle e Pareceres.md,3,nao,TEXTO,115,C:\Users\thiagonogueira\OneDrive - mppi.mp.br\CLC\01_Processos_e_Aquisicoes\Base de Conhecimento - Thiago\SIte_PGE_PI\LV - Prorrogação Não Contínuos\Lei-14133-Lista-de-Verificacao-Prorrogacao-Obras-Servicos-ou-Fornecimentos-nao-continuados.pdf
PROVAVEL_REVISAR,0.59,mestra\SIte_PGE_PI\Pregão Eletrônico - Bens e Serviços,01-Lei-14133-Lista-de-Verificacao-Pregao-Eletronico-SEM-SRP-Outubro-2025.pdf,mestra\05_Doutrina_e_Biblioteca\Biblioteca_Manuais_e_Cursos\Publicacao PGE-PI - Lista de Contratacoes de Pequeno Valor no DOE.md,6,nao,TEXTO,130,C:\Users\thiagonogueira\OneDrive - mppi.mp.br\CLC\01_Processos_e_Aquisicoes\Base de Conhecimento - Thiago\SIte_PGE_PI\Pregão Eletrônico - Bens e Serviços\01-Lei-14133-Lista-de-Verificacao-Pregao-Eletronico-SEM-SRP-Outubro-2025.pdf
PROVAVEL_REVISAR,0.53,mestra\SIte_PGE_PI\Pregão Eletrônico - Bens e Serviços,02-Lei-14133-Lista-de-Verificacao-Pregao-Eletronico-COM-SRP-Outubro-2025.pdf,mestra\05_Doutrina_e_Biblioteca\Biblioteca_Manuais_e_Cursos\Publicacao PGE-PI - Lista de Contratacoes de Pequeno Valor no DOE.md,6,nao,TEXTO,128,C:\Users\thiagonogueira\OneDrive - mppi.mp.br\CLC\01_Processos_e_Aquisicoes\Base de Conhecimento - Thiago\SIte_PGE_PI\Pregão Eletrônico - Bens e Serviços\02-Lei-14133-Lista-de-Verificacao-Pregao-Eletronico-COM-SRP-Outubro-2025.pdf
PROVAVEL_REVISAR,0.58,mestra\SIte_PGE_PI\Pregão Eletrônico - Bens e Serviços,Lista-de-Verificacao-para-Abertura-de-Pregao-Bens-e-Servicos-Comuns-DOE.pdf,mestra\05_Doutrina_e_Biblioteca\Biblioteca_Manuais_e_Cursos\Publicacao PGE-PI - Lista de Contratacoes de Pequeno Valor no DOE.md,6,nao,TEXTO,17968,C:\Users\thiagonogueira\OneDrive - mppi.mp.br\CLC\01_Processos_e_Aquisicoes\Base de Conhecimento - Thiago\SIte_PGE_PI\Pregão Eletrônico - Bens e Serviços\Lista-de-Verificacao-para-Abertura-de-Pregao-Bens-e-Servicos-Comuns-DOE.pdf
PROVAVEL_REVISAR,0.51,mestra\SIte_PGE_PI\Pregão Eletrônico - Bens e Serviços,Lista-de-Verificacao-para-Abertura-de-Pregao-Registro-de-Precos-DOE.pdf,mestra\05_Doutrina_e_Biblioteca\Biblioteca_Manuais_e_Cursos\Publicacao PGE-PI - Lista de Contratacoes de Pequeno Valor no DOE.md,6,nao,TEXTO,17968,C:\Users\thiagonogueira\OneDrive - mppi.mp.br\CLC\01_Processos_e_Aquisicoes\Base de Conhecimento - Thiago\SIte_PGE_PI\Pregão Eletrônico - Bens e Serviços\Lista-de-Verificacao-para-Abertura-de-Pregao-Registro-de-Precos-DOE.pdf
PROVAVEL_REVISAR,0.43,mestra\SIte_PGE_PI\Pregão Eletrônico - Serviços Comuns de Engenharia,Lei-14133-Lista-de-Verificacao-Pregao-Eletronico-COM-SRP-Servicos-Comuns-de-Engenharia.pdf,mestra\05_Doutrina_e_Biblioteca\Biblioteca_Manuais_e_Cursos\Publicacao PGE-PI - Lista de Contratacoes de Pequeno Valor no DOE.md,6,nao,TEXTO,127,C:\Users\thiagonogueira\OneDrive - mppi.mp.br\CLC\01_Processos_e_Aquisicoes\Base de Conhecimento - Thiago\SIte_PGE_PI\Pregão Eletrônico - Serviços Comuns de Engenharia\Lei-14133-Lista-de-Verificacao-Pregao-Eletronico-COM-SRP-Servicos-Comuns-de-Engenharia.pdf
PROVAVEL_REVISAR,0.49,mestra\SIte_PGE_PI\Pregão Eletrônico - Serviços Comuns de Engenharia,Lei-14133-Lista-de-Verificacao-Pregao-Eletronico-SEM-SRP-Servicos-Comuns-de-Engenharia.pdf,mestra\05_Doutrina_e_Biblioteca\Biblioteca_Manuais_e_Cursos\Publicacao PGE-PI - Lista de Contratacoes de Pequeno Valor no DOE.md,6,nao,TEXTO,129,C:\Users\thiagonogueira\OneDrive - mppi.mp.br\CLC\01_Processos_e_Aquisicoes\Base de Conhecimento - Thiago\SIte_PGE_PI\Pregão Eletrônico - Serviços Comuns de Engenharia\Lei-14133-Lista-de-Verificacao-Pregao-Eletronico-SEM-SRP-Servicos-Comuns-de-Engenharia.pdf
PROVAVEL_REVISAR,0.41,mestra\SIte_PGE_PI\Pregão Eletrônico - Serviços Comuns de Engenharia,Lista-de-Verificacao-Pregao-Eletronico-COM-SRP-Servicos-Comuns-de-Engenharia-DOE.pdf,mestra\05_Doutrina_e_Biblioteca\Biblioteca_Manuais_e_Cursos\Publicacao PGE-PI - Lista de Contratacoes de Pequeno Valor no DOE.md,6,nao,TEXTO,17968,C:\Users\thiagonogueira\OneDrive - mppi.mp.br\CLC\01_Processos_e_Aquisicoes\Base de Conhecimento - Thiago\SIte_PGE_PI\Pregão Eletrônico - Serviços Comuns de Engenharia\Lista-de-Verificacao-Pregao-Eletronico-COM-SRP-Servicos-Comuns-de-Engenharia-DOE.pdf
PROVAVEL_REVISAR,0.48,mestra\SIte_PGE_PI\Pregão Eletrônico - Serviços Comuns de Engenharia,Lista-de-Verificacao-Pregao-Eletronico-SEM-SRP-Servicos-Comuns-de-Engenharia-DOE.pdf,mestra\05_Doutrina_e_Biblioteca\Biblioteca_Manuais_e_Cursos\Publicacao PGE-PI - Lista de Contratacoes de Pequeno Valor no DOE.md,6,nao,TEXTO,17968,C:\Users\thiagonogueira\OneDrive - mppi.mp.br\CLC\01_Processos_e_Aquisicoes\Base de Conhecimento - Thiago\SIte_PGE_PI\Pregão Eletrônico - Serviços Comuns de Engenharia\Lista-de-Verificacao-Pregao-Eletronico-SEM-SRP-Servicos-Comuns-de-Engenharia-DOE.pdf
