"Modo","Status","Origem","Destino"
"MOVER_INTERNO","OK","C:\Users\thiagonogueira\OneDrive - mppi.mp.br\CLC\01_Processos_e_Aquisicoes\Base de Conhecimento - Thiago\01_Normativos_Vigentes\01_Federal\Acórdão TCU nº 547-2026 - Plenário - Auditoria SRP e PNCP.md","C:\Users\thiagonogueira\OneDrive - mppi.mp.br\CLC\01_Processos_e_Aquisicoes\Base de Conhecimento - Thiago\01_Normativos_Vigentes\01_Federal\Acordaos_Pareceres_Orientacoes\Acórdão TCU nº 547-2026 - Plenário - Auditoria SRP e PNCP.md"
"MOVER_INTERNO","OK","C:\Users\thiagonogueira\OneDrive - mppi.mp.br\CLC\01_Processos_e_Aquisicoes\Base de Conhecimento - Thiago\01_Normativos_Vigentes\01_Federal\Federal -  CF - 88.md","C:\Users\thiagonogueira\OneDrive - mppi.mp.br\CLC\01_Processos_e_Aquisicoes\Base de Conhecimento - Thiago\01_Normativos_Vigentes\01_Federal\Constituicao\Federal -  CF - 88.md"
"MOVER_INTERNO","OK","C:\Users\thiagonogueira\OneDrive - mppi.mp.br\CLC\01_Processos_e_Aquisicoes\Base de Conhecimento - Thiago\01_Normativos_Vigentes\01_Federal\Federal - Acordao TCU 2037.2019 Plenario - Governanca de Contratacoes.md","C:\Users\thiagonogueira\OneDrive - mppi.mp.br\CLC\01_Processos_e_Aquisicoes\Base de Conhecimento - Thiago\01_Normativos_Vigentes\01_Federal\Acordaos_Pareceres_Orientacoes\Federal - Acordao TCU 2037.2019 Plenario - Governanca de Contratacoes.md"
"MOVER_INTERNO","OK","C:\Users\thiagonogueira\OneDrive - mppi.mp.br\CLC\01_Processos_e_Aquisicoes\Base de Conhecimento - Thiago\01_Normativos_Vigentes\01_Federal\Federal - Decreto Federal 10818 - Bens Comuns e de Luxo.md","C:\Users\thiagonogueira\OneDrive - mppi.mp.br\CLC\01_Processos_e_Aquisicoes\Base de Conhecimento - Thiago\01_Normativos_Vigentes\01_Federal\Decretos\Federal - Decreto Federal 10818 - Bens Comuns e de Luxo.md"
"MOVER_INTERNO","OK","C:\Users\thiagonogueira\OneDrive - mppi.mp.br\CLC\01_Processos_e_Aquisicoes\Base de Conhecimento - Thiago\01_Normativos_Vigentes\01_Federal\Federal - Decreto Federal 11462 - Sistema de Registro de Preços.md","C:\Users\thiagonogueira\OneDrive - mppi.mp.br\CLC\01_Processos_e_Aquisicoes\Base de Conhecimento - Thiago\01_Normativos_Vigentes\01_Federal\Decretos\Federal - Decreto Federal 11462 - Sistema de Registro de Preços.md"
"MOVER_INTERNO","OK","C:\Users\thiagonogueira\OneDrive - mppi.mp.br\CLC\01_Processos_e_Aquisicoes\Base de Conhecimento - Thiago\01_Normativos_Vigentes\01_Federal\Federal - Decreto Federal 12343.2024 - Atualiza Valores da 14.133.md","C:\Users\thiagonogueira\OneDrive - mppi.mp.br\CLC\01_Processos_e_Aquisicoes\Base de Conhecimento - Thiago\01_Normativos_Vigentes\01_Federal\Decretos\Federal - Decreto Federal 12343.2024 - Atualiza Valores da 14.133.md"
"MOVER_INTERNO","OK","C:\Users\thiagonogueira\OneDrive - mppi.mp.br\CLC\01_Processos_e_Aquisicoes\Base de Conhecimento - Thiago\01_Normativos_Vigentes\01_Federal\Federal - Decreto Federal 12807.2025 - Atualiza Valores 14133.md","C:\Users\thiagonogueira\OneDrive - mppi.mp.br\CLC\01_Processos_e_Aquisicoes\Base de Conhecimento - Thiago\01_Normativos_Vigentes\01_Federal\Decretos\Federal - Decreto Federal 12807.2025 - Atualiza Valores 14133.md"
"MOVER_INTERNO","OK","C:\Users\thiagonogueira\OneDrive - mppi.mp.br\CLC\01_Processos_e_Aquisicoes\Base de Conhecimento - Thiago\01_Normativos_Vigentes\01_Federal\Federal - IN 05.2017 - Terceirizados.md","C:\Users\thiagonogueira\OneDrive - mppi.mp.br\CLC\01_Processos_e_Aquisicoes\Base de Conhecimento - Thiago\01_Normativos_Vigentes\01_Federal\Instrucoes_Normativas\Federal - IN 05.2017 - Terceirizados.md"
"MOVER_INTERNO","OK","C:\Users\thiagonogueira\OneDrive - mppi.mp.br\CLC\01_Processos_e_Aquisicoes\Base de Conhecimento - Thiago\01_Normativos_Vigentes\01_Federal\Federal - IN 103.2022 - Locação de Imóveis.md","C:\Users\thiagonogueira\OneDrive - mppi.mp.br\CLC\01_Processos_e_Aquisicoes\Base de Conhecimento - Thiago\01_Normativos_Vigentes\01_Federal\Instrucoes_Normativas\Federal - IN 103.2022 - Locação de Imóveis.md"
"MOVER_INTERNO","OK","C:\Users\thiagonogueira\OneDrive - mppi.mp.br\CLC\01_Processos_e_Aquisicoes\Base de Conhecimento - Thiago\01_Normativos_Vigentes\01_Federal\Federal - IN 58.2022 - ETP 2.md","C:\Users\thiagonogueira\OneDrive - mppi.mp.br\CLC\01_Processos_e_Aquisicoes\Base de Conhecimento - Thiago\01_Normativos_Vigentes\01_Federal\Instrucoes_Normativas\Federal - IN 58.2022 - ETP 2.md"
"MOVER_INTERNO","OK","C:\Users\thiagonogueira\OneDrive - mppi.mp.br\CLC\01_Processos_e_Aquisicoes\Base de Conhecimento - Thiago\01_Normativos_Vigentes\01_Federal\Federal - IN 65.2021 - Pesquisa de Preços.md","C:\Users\thiagonogueira\OneDrive - mppi.mp.br\CLC\01_Processos_e_Aquisicoes\Base de Conhecimento - Thiago\01_Normativos_Vigentes\01_Federal\Instrucoes_Normativas\Federal - IN 65.2021 - Pesquisa de Preços.md"
"MOVER_INTERNO","OK","C:\Users\thiagonogueira\OneDrive - mppi.mp.br\CLC\01_Processos_e_Aquisicoes\Base de Conhecimento - Thiago\01_Normativos_Vigentes\01_Federal\Federal - IN 67.2021 - Dispensa Eletrônica.md","C:\Users\thiagonogueira\OneDrive - mppi.mp.br\CLC\01_Processos_e_Aquisicoes\Base de Conhecimento - Thiago\01_Normativos_Vigentes\01_Federal\Instrucoes_Normativas\Federal - IN 67.2021 - Dispensa Eletrônica.md"
"MOVER_INTERNO","OK","C:\Users\thiagonogueira\OneDrive - mppi.mp.br\CLC\01_Processos_e_Aquisicoes\Base de Conhecimento - Thiago\01_Normativos_Vigentes\01_Federal\Federal - IN 77.2022 - Ordem Cronológica.md","C:\Users\thiagonogueira\OneDrive - mppi.mp.br\CLC\01_Processos_e_Aquisicoes\Base de Conhecimento - Thiago\01_Normativos_Vigentes\01_Federal\Instrucoes_Normativas\Federal - IN 77.2022 - Ordem Cronológica.md"
"MOVER_INTERNO","OK","C:\Users\thiagonogueira\OneDrive - mppi.mp.br\CLC\01_Processos_e_Aquisicoes\Base de Conhecimento - Thiago\01_Normativos_Vigentes\01_Federal\Federal - IN 81.2022 - TR 2.md","C:\Users\thiagonogueira\OneDrive - mppi.mp.br\CLC\01_Processos_e_Aquisicoes\Base de Conhecimento - Thiago\01_Normativos_Vigentes\01_Federal\Instrucoes_Normativas\Federal - IN 81.2022 - TR 2.md"
"MOVER_INTERNO","OK","C:\Users\thiagonogueira\OneDrive - mppi.mp.br\CLC\01_Processos_e_Aquisicoes\Base de Conhecimento - Thiago\01_Normativos_Vigentes\01_Federal\Federal - IN 81.2022 - TR.md","C:\Users\thiagonogueira\OneDrive - mppi.mp.br\CLC\01_Processos_e_Aquisicoes\Base de Conhecimento - Thiago\01_Normativos_Vigentes\01_Federal\Instrucoes_Normativas\Federal - IN 81.2022 - TR.md"
"MOVER_INTERNO","OK","C:\Users\thiagonogueira\OneDrive - mppi.mp.br\CLC\01_Processos_e_Aquisicoes\Base de Conhecimento - Thiago\01_Normativos_Vigentes\01_Federal\Federal - IN 91.2022 - Obras.md","C:\Users\thiagonogueira\OneDrive - mppi.mp.br\CLC\01_Processos_e_Aquisicoes\Base de Conhecimento - Thiago\01_Normativos_Vigentes\01_Federal\Instrucoes_Normativas\Federal - IN 91.2022 - Obras.md"
"MOVER_INTERNO","OK","C:\Users\thiagonogueira\OneDrive - mppi.mp.br\CLC\01_Processos_e_Aquisicoes\Base de Conhecimento - Thiago\01_Normativos_Vigentes\01_Federal\Federal - IN 98.2025 SPU MGI - Destinacao e Gestao de Imoveis da Uniao.md","C:\Users\thiagonogueira\OneDrive - mppi.mp.br\CLC\01_Processos_e_Aquisicoes\Base de Conhecimento - Thiago\01_Normativos_Vigentes\01_Federal\Instrucoes_Normativas\Federal - IN 98.2025 SPU MGI - Destinacao e Gestao de Imoveis da Uniao.md"
"MOVER_INTERNO","OK","C:\Users\thiagonogueira\OneDrive - mppi.mp.br\CLC\01_Processos_e_Aquisicoes\Base de Conhecimento - Thiago\01_Normativos_Vigentes\01_Federal\Federal - Lei 14133.2021.md","C:\Users\thiagonogueira\OneDrive - mppi.mp.br\CLC\01_Processos_e_Aquisicoes\Base de Conhecimento - Thiago\01_Normativos_Vigentes\01_Federal\Leis\Federal - Lei 14133.2021.md"
"MOVER_INTERNO","OK","C:\Users\thiagonogueira\OneDrive - mppi.mp.br\CLC\01_Processos_e_Aquisicoes\Base de Conhecimento - Thiago\01_Normativos_Vigentes\01_Federal\Federal - Lei 8078.1990 (Codigo de Defesa do Consumidor).md","C:\Users\thiagonogueira\OneDrive - mppi.mp.br\CLC\01_Processos_e_Aquisicoes\Base de Conhecimento - Thiago\01_Normativos_Vigentes\01_Federal\Leis\Federal - Lei 8078.1990 (Codigo de Defesa do Consumidor).md"
"MOVER_INTERNO","OK","C:\Users\thiagonogueira\OneDrive - mppi.mp.br\CLC\01_Processos_e_Aquisicoes\Base de Conhecimento - Thiago\01_Normativos_Vigentes\01_Federal\Federal - Lei 9784 - Processo Administrativo.md","C:\Users\thiagonogueira\OneDrive - mppi.mp.br\CLC\01_Processos_e_Aquisicoes\Base de Conhecimento - Thiago\01_Normativos_Vigentes\01_Federal\Leis\Federal - Lei 9784 - Processo Administrativo.md"
"MOVER_INTERNO","OK","C:\Users\thiagonogueira\OneDrive - mppi.mp.br\CLC\01_Processos_e_Aquisicoes\Base de Conhecimento - Thiago\01_Normativos_Vigentes\01_Federal\Federal - Lei Complementar 123 - ME e EPP.md","C:\Users\thiagonogueira\OneDrive - mppi.mp.br\CLC\01_Processos_e_Aquisicoes\Base de Conhecimento - Thiago\01_Normativos_Vigentes\01_Federal\Leis\Federal - Lei Complementar 123 - ME e EPP.md"
"MOVER_INTERNO","OK","C:\Users\thiagonogueira\OneDrive - mppi.mp.br\CLC\01_Processos_e_Aquisicoes\Base de Conhecimento - Thiago\01_Normativos_Vigentes\01_Federal\Federal - Lei Complementar 225 - Código de Defesa do Contribuinte.md","C:\Users\thiagonogueira\OneDrive - mppi.mp.br\CLC\01_Processos_e_Aquisicoes\Base de Conhecimento - Thiago\01_Normativos_Vigentes\01_Federal\Leis\Federal - Lei Complementar 225 - Código de Defesa do Contribuinte.md"
"MOVER_INTERNO","OK","C:\Users\thiagonogueira\OneDrive - mppi.mp.br\CLC\01_Processos_e_Aquisicoes\Base de Conhecimento - Thiago\01_Normativos_Vigentes\01_Federal\Federal - lista-de-atos-normativos-e-estagios-de-regulamentacao-da-lei-14133-de-2021.md","C:\Users\thiagonogueira\OneDrive - mppi.mp.br\CLC\01_Processos_e_Aquisicoes\Base de Conhecimento - Thiago\01_Normativos_Vigentes\01_Federal\Leis\Federal - lista-de-atos-normativos-e-estagios-de-regulamentacao-da-lei-14133-de-2021.md"
"MOVER_INTERNO","OK","C:\Users\thiagonogueira\OneDrive - mppi.mp.br\CLC\01_Processos_e_Aquisicoes\Base de Conhecimento - Thiago\01_Normativos_Vigentes\01_Federal\Federal - mto_2026_-_versao_5_.md","C:\Users\thiagonogueira\OneDrive - mppi.mp.br\CLC\01_Processos_e_Aquisicoes\Base de Conhecimento - Thiago\01_Normativos_Vigentes\01_Federal\Manuais_e_Guias_Tecnicos\Federal - mto_2026_-_versao_5_.md"
"MOVER_INTERNO","OK","C:\Users\thiagonogueira\OneDrive - mppi.mp.br\CLC\01_Processos_e_Aquisicoes\Base de Conhecimento - Thiago\01_Normativos_Vigentes\01_Federal\Federal - Nota Recomendatoria Conjunta 01.2025 - Adesao a ARP Carona.md","C:\Users\thiagonogueira\OneDrive - mppi.mp.br\CLC\01_Processos_e_Aquisicoes\Base de Conhecimento - Thiago\01_Normativos_Vigentes\01_Federal\Acordaos_Pareceres_Orientacoes\Federal - Nota Recomendatoria Conjunta 01.2025 - Adesao a ARP Carona.md"
"MOVER_INTERNO","OK","C:\Users\thiagonogueira\OneDrive - mppi.mp.br\CLC\01_Processos_e_Aquisicoes\Base de Conhecimento - Thiago\01_Normativos_Vigentes\01_Federal\Federal - ON 88.2024 AGU - Dispensa de Licitacao em Razao do Valor.md","C:\Users\thiagonogueira\OneDrive - mppi.mp.br\CLC\01_Processos_e_Aquisicoes\Base de Conhecimento - Thiago\01_Normativos_Vigentes\01_Federal\Acordaos_Pareceres_Orientacoes\Federal - ON 88.2024 AGU - Dispensa de Licitacao em Razao do Valor.md"
"MOVER_INTERNO","OK","C:\Users\thiagonogueira\OneDrive - mppi.mp.br\CLC\01_Processos_e_Aquisicoes\Base de Conhecimento - Thiago\01_Normativos_Vigentes\01_Federal\Federal - ON 89.2024 AGU - Contratacoes Diretas e Alteracoes Contratuais.md","C:\Users\thiagonogueira\OneDrive - mppi.mp.br\CLC\01_Processos_e_Aquisicoes\Base de Conhecimento - Thiago\01_Normativos_Vigentes\01_Federal\Acordaos_Pareceres_Orientacoes\Federal - ON 89.2024 AGU - Contratacoes Diretas e Alteracoes Contratuais.md"
"MOVER_INTERNO","OK","C:\Users\thiagonogueira\OneDrive - mppi.mp.br\CLC\01_Processos_e_Aquisicoes\Base de Conhecimento - Thiago\01_Normativos_Vigentes\01_Federal\Federal - Parecer Referencial 00001.2026 CONJUR-MS-CGU-AGU.md","C:\Users\thiagonogueira\OneDrive - mppi.mp.br\CLC\01_Processos_e_Aquisicoes\Base de Conhecimento - Thiago\01_Normativos_Vigentes\01_Federal\Acordaos_Pareceres_Orientacoes\Federal - Parecer Referencial 00001.2026 CONJUR-MS-CGU-AGU.md"
"MOVER_INTERNO","OK","C:\Users\thiagonogueira\OneDrive - mppi.mp.br\CLC\01_Processos_e_Aquisicoes\Base de Conhecimento - Thiago\01_Normativos_Vigentes\01_Federal\Federal - Portaria 8678.2021 - Governanca de Contratacoes Publicas.md","C:\Users\thiagonogueira\OneDrive - mppi.mp.br\CLC\01_Processos_e_Aquisicoes\Base de Conhecimento - Thiago\01_Normativos_Vigentes\01_Federal\Portarias\Federal - Portaria 8678.2021 - Governanca de Contratacoes Publicas.md"
"MOVER_INTERNO","OK","C:\Users\thiagonogueira\OneDrive - mppi.mp.br\CLC\01_Processos_e_Aquisicoes\Base de Conhecimento - Thiago\01_Normativos_Vigentes\01_Federal\Federal - Resolução CGSIM nº 48.2018 (Comitê para Gestão da Rede Nacional para a Simplificação do Registro e da Legalização de Empresas e Negócios)..md","C:\Users\thiagonogueira\OneDrive - mppi.mp.br\CLC\01_Processos_e_Aquisicoes\Base de Conhecimento - Thiago\01_Normativos_Vigentes\01_Federal\Resolucoes\Federal - Resolução CGSIM nº 48.2018 (Comitê para Gestão da Rede Nacional para a Simplificação do Registro e da Legalização de Empresas e Negócios)..md"
"MOVER_INTERNO","OK","C:\Users\thiagonogueira\OneDrive - mppi.mp.br\CLC\01_Processos_e_Aquisicoes\Base de Conhecimento - Thiago\01_Normativos_Vigentes\01_Federal\Federal Lei 12527.2011 (Lei de Acesso à Informação).md","C:\Users\thiagonogueira\OneDrive - mppi.mp.br\CLC\01_Processos_e_Aquisicoes\Base de Conhecimento - Thiago\01_Normativos_Vigentes\01_Federal\Leis\Federal Lei 12527.2011 (Lei de Acesso à Informação).md"
"MOVER_INTERNO","OK","C:\Users\thiagonogueira\OneDrive - mppi.mp.br\CLC\01_Processos_e_Aquisicoes\Base de Conhecimento - Thiago\01_Normativos_Vigentes\02_Estadual_PI\CGE IN 01.2021 - Pesquisa de Preços.md","C:\Users\thiagonogueira\OneDrive - mppi.mp.br\CLC\01_Processos_e_Aquisicoes\Base de Conhecimento - Thiago\01_Normativos_Vigentes\02_Estadual_PI\Instrucoes_Normativas\CGE IN 01.2021 - Pesquisa de Preços.md"
"MOVER_INTERNO","OK","C:\Users\thiagonogueira\OneDrive - mppi.mp.br\CLC\01_Processos_e_Aquisicoes\Base de Conhecimento - Thiago\01_Normativos_Vigentes\02_Estadual_PI\CGE IN 02.2025 - Procedimentos Obras.md","C:\Users\thiagonogueira\OneDrive - mppi.mp.br\CLC\01_Processos_e_Aquisicoes\Base de Conhecimento - Thiago\01_Normativos_Vigentes\02_Estadual_PI\Instrucoes_Normativas\CGE IN 02.2025 - Procedimentos Obras.md"
"MOVER_INTERNO","OK","C:\Users\thiagonogueira\OneDrive - mppi.mp.br\CLC\01_Processos_e_Aquisicoes\Base de Conhecimento - Thiago\01_Normativos_Vigentes\02_Estadual_PI\Decreto Estadual  21813.2023 - Licitações e Contratos de Publicidade.md","C:\Users\thiagonogueira\OneDrive - mppi.mp.br\CLC\01_Processos_e_Aquisicoes\Base de Conhecimento - Thiago\01_Normativos_Vigentes\02_Estadual_PI\Decretos\Decreto Estadual  21813.2023 - Licitações e Contratos de Publicidade.md"
"MOVER_INTERNO","OK","C:\Users\thiagonogueira\OneDrive - mppi.mp.br\CLC\01_Processos_e_Aquisicoes\Base de Conhecimento - Thiago\01_Normativos_Vigentes\02_Estadual_PI\Decreto Estadual 11319.2004 - Sistema de Registro de Precos Estadual.md","C:\Users\thiagonogueira\OneDrive - mppi.mp.br\CLC\01_Processos_e_Aquisicoes\Base de Conhecimento - Thiago\01_Normativos_Vigentes\02_Estadual_PI\Decretos\Decreto Estadual 11319.2004 - Sistema de Registro de Precos Estadual.md"
"MOVER_INTERNO","OK","C:\Users\thiagonogueira\OneDrive - mppi.mp.br\CLC\01_Processos_e_Aquisicoes\Base de Conhecimento - Thiago\01_Normativos_Vigentes\02_Estadual_PI\Decreto Estadual 11320.2004 - Cadastro Unico de Fornecedores do Piaui.md","C:\Users\thiagonogueira\OneDrive - mppi.mp.br\CLC\01_Processos_e_Aquisicoes\Base de Conhecimento - Thiago\01_Normativos_Vigentes\02_Estadual_PI\Decretos\Decreto Estadual 11320.2004 - Cadastro Unico de Fornecedores do Piaui.md"
"MOVER_INTERNO","OK","C:\Users\thiagonogueira\OneDrive - mppi.mp.br\CLC\01_Processos_e_Aquisicoes\Base de Conhecimento - Thiago\01_Normativos_Vigentes\02_Estadual_PI\Decreto Estadual 11346.2004 - Modalidade Pregao no Piaui.md","C:\Users\thiagonogueira\OneDrive - mppi.mp.br\CLC\01_Processos_e_Aquisicoes\Base de Conhecimento - Thiago\01_Normativos_Vigentes\02_Estadual_PI\Decretos\Decreto Estadual 11346.2004 - Modalidade Pregao no Piaui.md"
"MOVER_INTERNO","OK","C:\Users\thiagonogueira\OneDrive - mppi.mp.br\CLC\01_Processos_e_Aquisicoes\Base de Conhecimento - Thiago\01_Normativos_Vigentes\02_Estadual_PI\Decreto Estadual 13701.2009 - Contratacoes Publicas Sustentaveis.md","C:\Users\thiagonogueira\OneDrive - mppi.mp.br\CLC\01_Processos_e_Aquisicoes\Base de Conhecimento - Thiago\01_Normativos_Vigentes\02_Estadual_PI\Decretos\Decreto Estadual 13701.2009 - Contratacoes Publicas Sustentaveis.md"
"MOVER_INTERNO","OK","C:\Users\thiagonogueira\OneDrive - mppi.mp.br\CLC\01_Processos_e_Aquisicoes\Base de Conhecimento - Thiago\01_Normativos_Vigentes\02_Estadual_PI\Decreto Estadual 14386.2011 - Aquisicao Locacao e Controle de Veiculos Oficiais.md","C:\Users\thiagonogueira\OneDrive - mppi.mp.br\CLC\01_Processos_e_Aquisicoes\Base de Conhecimento - Thiago\01_Normativos_Vigentes\02_Estadual_PI\Decretos\Decreto Estadual 14386.2011 - Aquisicao Locacao e Controle de Veiculos Oficiais.md"
"MOVER_INTERNO","OK","C:\Users\thiagonogueira\OneDrive - mppi.mp.br\CLC\01_Processos_e_Aquisicoes\Base de Conhecimento - Thiago\01_Normativos_Vigentes\02_Estadual_PI\Decreto Estadual 14483.2011 - Contratacao de Servicos no Executivo Estadual (Compilado).md","C:\Users\thiagonogueira\OneDrive - mppi.mp.br\CLC\01_Processos_e_Aquisicoes\Base de Conhecimento - Thiago\01_Normativos_Vigentes\02_Estadual_PI\Decretos\Decreto Estadual 14483.2011 - Contratacao de Servicos no Executivo Estadual (Compilado).md"
"MOVER_INTERNO","OK","C:\Users\thiagonogueira\OneDrive - mppi.mp.br\CLC\01_Processos_e_Aquisicoes\Base de Conhecimento - Thiago\01_Normativos_Vigentes\02_Estadual_PI\Decreto Estadual 14891.2012 - Aquisicao e Concessao de Passagens Aereas (Compilado).md","C:\Users\thiagonogueira\OneDrive - mppi.mp.br\CLC\01_Processos_e_Aquisicoes\Base de Conhecimento - Thiago\01_Normativos_Vigentes\02_Estadual_PI\Decretos\Decreto Estadual 14891.2012 - Aquisicao e Concessao de Passagens Aereas (Compilado).md"
"MOVER_INTERNO","OK","C:\Users\thiagonogueira\OneDrive - mppi.mp.br\CLC\01_Processos_e_Aquisicoes\Base de Conhecimento - Thiago\01_Normativos_Vigentes\02_Estadual_PI\Decreto Estadual 16212.2015 - Regulamenta o tratamento favorecido, diferenciado e simplificado para as microempresas, empresas de pequeno....md","C:\Users\thiagonogueira\OneDrive - mppi.mp.br\CLC\01_Processos_e_Aquisicoes\Base de Conhecimento - Thiago\01_Normativos_Vigentes\02_Estadual_PI\Decretos\Decreto Estadual 16212.2015 - Regulamenta o tratamento favorecido, diferenciado e simplificado para as microempresas, empresas de pequeno....md"
"MOVER_INTERNO","OK","C:\Users\thiagonogueira\OneDrive - mppi.mp.br\CLC\01_Processos_e_Aquisicoes\Base de Conhecimento - Thiago\01_Normativos_Vigentes\02_Estadual_PI\Decreto Estadual 16226.2015 - Estabelece normas para a concessão, aplicação e prestação de contas de Suprimento de Fundos, no âmbito do....md","C:\Users\thiagonogueira\OneDrive - mppi.mp.br\CLC\01_Processos_e_Aquisicoes\Base de Conhecimento - Thiago\01_Normativos_Vigentes\02_Estadual_PI\Decretos\Decreto Estadual 16226.2015 - Estabelece normas para a concessão, aplicação e prestação de contas de Suprimento de Fundos, no âmbito do....md"
"MOVER_INTERNO","OK","C:\Users\thiagonogueira\OneDrive - mppi.mp.br\CLC\01_Processos_e_Aquisicoes\Base de Conhecimento - Thiago\01_Normativos_Vigentes\02_Estadual_PI\Decreto Estadual 16266.2015 - Regulamenta o art. 41, II, da Lei Estadual nº 7.884, de 08 de dezembro de 2022, disciplina patrocínio dos... [ALTERADO POSTERIORMENTE].md","C:\Users\thiagonogueira\OneDrive - mppi.mp.br\CLC\01_Processos_e_Aquisicoes\Base de Conhecimento - Thiago\01_Normativos_Vigentes\02_Estadual_PI\Decretos\Decreto Estadual 16266.2015 - Regulamenta o art. 41, II, da Lei Estadual nº 7.884, de 08 de dezembro de 2022, disciplina patrocínio dos... [ALTERADO POSTERIORMENTE].md"
"MOVER_INTERNO","OK","C:\Users\thiagonogueira\OneDrive - mppi.mp.br\CLC\01_Processos_e_Aquisicoes\Base de Conhecimento - Thiago\01_Normativos_Vigentes\02_Estadual_PI\Decreto Estadual 16737.2016 - Estabelece parâmetros para elaboração de extratos de contratos administrativos e aditamentos contratuais, a....md","C:\Users\thiagonogueira\OneDrive - mppi.mp.br\CLC\01_Processos_e_Aquisicoes\Base de Conhecimento - Thiago\01_Normativos_Vigentes\02_Estadual_PI\Decretos\Decreto Estadual 16737.2016 - Estabelece parâmetros para elaboração de extratos de contratos administrativos e aditamentos contratuais, a....md"
"MOVER_INTERNO","OK","C:\Users\thiagonogueira\OneDrive - mppi.mp.br\CLC\01_Processos_e_Aquisicoes\Base de Conhecimento - Thiago\01_Normativos_Vigentes\02_Estadual_PI\Decreto Estadual 17031.2017 - Regulamenta a Lei nº 6.928, de 27 de dezembro de 2016, que dispõe a implantação no Estado do Piauí do....md","C:\Users\thiagonogueira\OneDrive - mppi.mp.br\CLC\01_Processos_e_Aquisicoes\Base de Conhecimento - Thiago\01_Normativos_Vigentes\02_Estadual_PI\Decretos\Decreto Estadual 17031.2017 - Regulamenta a Lei nº 6.928, de 27 de dezembro de 2016, que dispõe a implantação no Estado do Piauí do....md"
"MOVER_INTERNO","OK","C:\Users\thiagonogueira\OneDrive - mppi.mp.br\CLC\01_Processos_e_Aquisicoes\Base de Conhecimento - Thiago\01_Normativos_Vigentes\02_Estadual_PI\Decreto Estadual 17083.2017 - Regulamenta a Lei Federal nº 13.019, de 31 de julho de 2014, para dispor sobre regras e procedimentos do....md","C:\Users\thiagonogueira\OneDrive - mppi.mp.br\CLC\01_Processos_e_Aquisicoes\Base de Conhecimento - Thiago\01_Normativos_Vigentes\02_Estadual_PI\Decretos\Decreto Estadual 17083.2017 - Regulamenta a Lei Federal nº 13.019, de 31 de julho de 2014, para dispor sobre regras e procedimentos do....md"
"MOVER_INTERNO","OK","C:\Users\thiagonogueira\OneDrive - mppi.mp.br\CLC\01_Processos_e_Aquisicoes\Base de Conhecimento - Thiago\01_Normativos_Vigentes\02_Estadual_PI\Decreto Estadual 17084.2017 - Dispõe sobre a Programação Orçamentária e Financeira dos órgãos e entidades do Poder Executivo, relativa a....md","C:\Users\thiagonogueira\OneDrive - mppi.mp.br\CLC\01_Processos_e_Aquisicoes\Base de Conhecimento - Thiago\01_Normativos_Vigentes\02_Estadual_PI\Decretos\Decreto Estadual 17084.2017 - Dispõe sobre a Programação Orçamentária e Financeira dos órgãos e entidades do Poder Executivo, relativa a....md"
"MOVER_INTERNO","OK","C:\Users\thiagonogueira\OneDrive - mppi.mp.br\CLC\01_Processos_e_Aquisicoes\Base de Conhecimento - Thiago\01_Normativos_Vigentes\02_Estadual_PI\Decreto Estadual 17402.2017 - Estabelece, no âmbito da administração pública estadual, diretrizes para recolhimento, controle e prestação....md","C:\Users\thiagonogueira\OneDrive - mppi.mp.br\CLC\01_Processos_e_Aquisicoes\Base de Conhecimento - Thiago\01_Normativos_Vigentes\02_Estadual_PI\Decretos\Decreto Estadual 17402.2017 - Estabelece, no âmbito da administração pública estadual, diretrizes para recolhimento, controle e prestação....md"
"MOVER_INTERNO","OK","C:\Users\thiagonogueira\OneDrive - mppi.mp.br\CLC\01_Processos_e_Aquisicoes\Base de Conhecimento - Thiago\01_Normativos_Vigentes\02_Estadual_PI\Decreto Estadual 17526.2017 - Reestrutura o Sistema de Controle Interno do Poder Executivo Estadual, revoga o Decreto 11.434, de 14 de....md","C:\Users\thiagonogueira\OneDrive - mppi.mp.br\CLC\01_Processos_e_Aquisicoes\Base de Conhecimento - Thiago\01_Normativos_Vigentes\02_Estadual_PI\Decretos\Decreto Estadual 17526.2017 - Reestrutura o Sistema de Controle Interno do Poder Executivo Estadual, revoga o Decreto 11.434, de 14 de....md"
"MOVER_INTERNO","OK","C:\Users\thiagonogueira\OneDrive - mppi.mp.br\CLC\01_Processos_e_Aquisicoes\Base de Conhecimento - Thiago\01_Normativos_Vigentes\02_Estadual_PI\Decreto Estadual 18077.2018 - Dispõe sobre a utilização da certificação digital no âmbito da Administração Pública Estadual, e dá outras....md","C:\Users\thiagonogueira\OneDrive - mppi.mp.br\CLC\01_Processos_e_Aquisicoes\Base de Conhecimento - Thiago\01_Normativos_Vigentes\02_Estadual_PI\Decretos\Decreto Estadual 18077.2018 - Dispõe sobre a utilização da certificação digital no âmbito da Administração Pública Estadual, e dá outras....md"
"MOVER_INTERNO","OK","C:\Users\thiagonogueira\OneDrive - mppi.mp.br\CLC\01_Processos_e_Aquisicoes\Base de Conhecimento - Thiago\01_Normativos_Vigentes\02_Estadual_PI\Decreto Estadual 18142.2019 - Estabelece o Sistema Eletrônico de Informações (SEI) como sistema oficial para a gestão de documentos e....md","C:\Users\thiagonogueira\OneDrive - mppi.mp.br\CLC\01_Processos_e_Aquisicoes\Base de Conhecimento - Thiago\01_Normativos_Vigentes\02_Estadual_PI\Decretos\Decreto Estadual 18142.2019 - Estabelece o Sistema Eletrônico de Informações (SEI) como sistema oficial para a gestão de documentos e....md"
"MOVER_INTERNO","OK","C:\Users\thiagonogueira\OneDrive - mppi.mp.br\CLC\01_Processos_e_Aquisicoes\Base de Conhecimento - Thiago\01_Normativos_Vigentes\02_Estadual_PI\Decreto Estadual 18224.2019 - Regulamenta o período de transição no âmbito da reforma administrativa aprovada pela Lei nº 7.211, de 22 de....md","C:\Users\thiagonogueira\OneDrive - mppi.mp.br\CLC\01_Processos_e_Aquisicoes\Base de Conhecimento - Thiago\01_Normativos_Vigentes\02_Estadual_PI\Decretos\Decreto Estadual 18224.2019 - Regulamenta o período de transição no âmbito da reforma administrativa aprovada pela Lei nº 7.211, de 22 de....md"
"MOVER_INTERNO","OK","C:\Users\thiagonogueira\OneDrive - mppi.mp.br\CLC\01_Processos_e_Aquisicoes\Base de Conhecimento - Thiago\01_Normativos_Vigentes\02_Estadual_PI\Decreto Estadual 18337.2019 - Define as atribuições e responsabilidades dos agentes designados como liquidantes de órgãos e entidades em....md","C:\Users\thiagonogueira\OneDrive - mppi.mp.br\CLC\01_Processos_e_Aquisicoes\Base de Conhecimento - Thiago\01_Normativos_Vigentes\02_Estadual_PI\Decretos\Decreto Estadual 18337.2019 - Define as atribuições e responsabilidades dos agentes designados como liquidantes de órgãos e entidades em....md"
"MOVER_INTERNO","OK","C:\Users\thiagonogueira\OneDrive - mppi.mp.br\CLC\01_Processos_e_Aquisicoes\Base de Conhecimento - Thiago\01_Normativos_Vigentes\02_Estadual_PI\Decreto Estadual 18369.2019 - Aprova a publicação do PARECER PGECJ Nº 0652019, da Procuradoria Geral do Estado, com caráter normativo,....md","C:\Users\thiagonogueira\OneDrive - mppi.mp.br\CLC\01_Processos_e_Aquisicoes\Base de Conhecimento - Thiago\01_Normativos_Vigentes\02_Estadual_PI\Decretos\Decreto Estadual 18369.2019 - Aprova a publicação do PARECER PGECJ Nº 0652019, da Procuradoria Geral do Estado, com caráter normativo,....md"
"MOVER_INTERNO","OK","C:\Users\thiagonogueira\OneDrive - mppi.mp.br\CLC\01_Processos_e_Aquisicoes\Base de Conhecimento - Thiago\01_Normativos_Vigentes\02_Estadual_PI\Decreto Estadual 18561.2019 - Regulamenta a Lei nº 6.949, de 11 de janeiro de 2017, que regula o Processo Administrativo Tributário,....md","C:\Users\thiagonogueira\OneDrive - mppi.mp.br\CLC\01_Processos_e_Aquisicoes\Base de Conhecimento - Thiago\01_Normativos_Vigentes\02_Estadual_PI\Decretos\Decreto Estadual 18561.2019 - Regulamenta a Lei nº 6.949, de 11 de janeiro de 2017, que regula o Processo Administrativo Tributário,....md"
"MOVER_INTERNO","OK","C:\Users\thiagonogueira\OneDrive - mppi.mp.br\CLC\01_Processos_e_Aquisicoes\Base de Conhecimento - Thiago\01_Normativos_Vigentes\02_Estadual_PI\Decreto Estadual 19743.2021 - Aprova a publicação do Parecer PGECJ nº 1122021, da Procuradoria-Geral do Estado, com caráter normativo,....md","C:\Users\thiagonogueira\OneDrive - mppi.mp.br\CLC\01_Processos_e_Aquisicoes\Base de Conhecimento - Thiago\01_Normativos_Vigentes\02_Estadual_PI\Decretos\Decreto Estadual 19743.2021 - Aprova a publicação do Parecer PGECJ nº 1122021, da Procuradoria-Geral do Estado, com caráter normativo,....md"
"MOVER_INTERNO","OK","C:\Users\thiagonogueira\OneDrive - mppi.mp.br\CLC\01_Processos_e_Aquisicoes\Base de Conhecimento - Thiago\01_Normativos_Vigentes\02_Estadual_PI\Decreto Estadual 19841.2021 - Dispõe sobre os procedimentos e critérios para o reequilíbrio econômico-financeiro de contratos....md","C:\Users\thiagonogueira\OneDrive - mppi.mp.br\CLC\01_Processos_e_Aquisicoes\Base de Conhecimento - Thiago\01_Normativos_Vigentes\02_Estadual_PI\Decretos\Decreto Estadual 19841.2021 - Dispõe sobre os procedimentos e critérios para o reequilíbrio econômico-financeiro de contratos....md"
"MOVER_INTERNO","OK","C:\Users\thiagonogueira\OneDrive - mppi.mp.br\CLC\01_Processos_e_Aquisicoes\Base de Conhecimento - Thiago\01_Normativos_Vigentes\02_Estadual_PI\Decreto Estadual 19876.2021 - Estabelece normas para o envio de matérias pelos órgãos e entidades da Administração Pública estadual....md","C:\Users\thiagonogueira\OneDrive - mppi.mp.br\CLC\01_Processos_e_Aquisicoes\Base de Conhecimento - Thiago\01_Normativos_Vigentes\02_Estadual_PI\Decretos\Decreto Estadual 19876.2021 - Estabelece normas para o envio de matérias pelos órgãos e entidades da Administração Pública estadual....md"
"MOVER_INTERNO","OK","C:\Users\thiagonogueira\OneDrive - mppi.mp.br\CLC\01_Processos_e_Aquisicoes\Base de Conhecimento - Thiago\01_Normativos_Vigentes\02_Estadual_PI\Decreto Estadual 20096.2021 - Credenciamento de Fornecedores e Prestadores de Servicos (Compilado).md","C:\Users\thiagonogueira\OneDrive - mppi.mp.br\CLC\01_Processos_e_Aquisicoes\Base de Conhecimento - Thiago\01_Normativos_Vigentes\02_Estadual_PI\Decretos\Decreto Estadual 20096.2021 - Credenciamento de Fornecedores e Prestadores de Servicos (Compilado).md"
"MOVER_INTERNO","OK","C:\Users\thiagonogueira\OneDrive - mppi.mp.br\CLC\01_Processos_e_Aquisicoes\Base de Conhecimento - Thiago\01_Normativos_Vigentes\02_Estadual_PI\Decreto Estadual 20110.2021 - Dispõe sobre o regime de licitações e contratos administrativos a ser utilizado no âmbito da Administração....md","C:\Users\thiagonogueira\OneDrive - mppi.mp.br\CLC\01_Processos_e_Aquisicoes\Base de Conhecimento - Thiago\01_Normativos_Vigentes\02_Estadual_PI\Decretos\Decreto Estadual 20110.2021 - Dispõe sobre o regime de licitações e contratos administrativos a ser utilizado no âmbito da Administração....md"
"MOVER_INTERNO","OK","C:\Users\thiagonogueira\OneDrive - mppi.mp.br\CLC\01_Processos_e_Aquisicoes\Base de Conhecimento - Thiago\01_Normativos_Vigentes\02_Estadual_PI\Decreto Estadual 21787.2023 - Regulamenta o Conselho Estadual de Gestão de Pessoas e dá outras providências..md","C:\Users\thiagonogueira\OneDrive - mppi.mp.br\CLC\01_Processos_e_Aquisicoes\Base de Conhecimento - Thiago\01_Normativos_Vigentes\02_Estadual_PI\Decretos\Decreto Estadual 21787.2023 - Regulamenta o Conselho Estadual de Gestão de Pessoas e dá outras providências..md"
"MOVER_INTERNO","OK","C:\Users\thiagonogueira\OneDrive - mppi.mp.br\CLC\01_Processos_e_Aquisicoes\Base de Conhecimento - Thiago\01_Normativos_Vigentes\02_Estadual_PI\Decreto Estadual 21812.2023 - Dispõe sobre limites de gastos para contratação de bandas e atrações artísticas para eventos festivos no ano....md","C:\Users\thiagonogueira\OneDrive - mppi.mp.br\CLC\01_Processos_e_Aquisicoes\Base de Conhecimento - Thiago\01_Normativos_Vigentes\02_Estadual_PI\Decretos\Decreto Estadual 21812.2023 - Dispõe sobre limites de gastos para contratação de bandas e atrações artísticas para eventos festivos no ano....md"
"MOVER_INTERNO","OK","C:\Users\thiagonogueira\OneDrive - mppi.mp.br\CLC\01_Processos_e_Aquisicoes\Base de Conhecimento - Thiago\01_Normativos_Vigentes\02_Estadual_PI\Decreto Estadual 21864.2023 - Regulamenta o período de transição no âmbito da reforma administrativa aprovada pela Lei nº 7.884, de 08 de....md","C:\Users\thiagonogueira\OneDrive - mppi.mp.br\CLC\01_Processos_e_Aquisicoes\Base de Conhecimento - Thiago\01_Normativos_Vigentes\02_Estadual_PI\Decretos\Decreto Estadual 21864.2023 - Regulamenta o período de transição no âmbito da reforma administrativa aprovada pela Lei nº 7.884, de 08 de....md"
"MOVER_INTERNO","OK","C:\Users\thiagonogueira\OneDrive - mppi.mp.br\CLC\01_Processos_e_Aquisicoes\Base de Conhecimento - Thiago\01_Normativos_Vigentes\02_Estadual_PI\Decreto Estadual 21872.2023 - Regulamenta a NLLC.md","C:\Users\thiagonogueira\OneDrive - mppi.mp.br\CLC\01_Processos_e_Aquisicoes\Base de Conhecimento - Thiago\01_Normativos_Vigentes\02_Estadual_PI\Decretos\Decreto Estadual 21872.2023 - Regulamenta a NLLC.md"
"MOVER_INTERNO","OK","C:\Users\thiagonogueira\OneDrive - mppi.mp.br\CLC\01_Processos_e_Aquisicoes\Base de Conhecimento - Thiago\01_Normativos_Vigentes\02_Estadual_PI\Decreto Estadual 21908.2023 - Dispõe sobre a Comissão de Gestão Financeira e Gestão por Resultados - CGFR e dá outras providências..md","C:\Users\thiagonogueira\OneDrive - mppi.mp.br\CLC\01_Processos_e_Aquisicoes\Base de Conhecimento - Thiago\01_Normativos_Vigentes\02_Estadual_PI\Decretos\Decreto Estadual 21908.2023 - Dispõe sobre a Comissão de Gestão Financeira e Gestão por Resultados - CGFR e dá outras providências..md"
"MOVER_INTERNO","OK","C:\Users\thiagonogueira\OneDrive - mppi.mp.br\CLC\01_Processos_e_Aquisicoes\Base de Conhecimento - Thiago\01_Normativos_Vigentes\02_Estadual_PI\Decreto Estadual 21909.2023 - Obras e Serviços de Engenharia.md","C:\Users\thiagonogueira\OneDrive - mppi.mp.br\CLC\01_Processos_e_Aquisicoes\Base de Conhecimento - Thiago\01_Normativos_Vigentes\02_Estadual_PI\Decretos\Decreto Estadual 21909.2023 - Obras e Serviços de Engenharia.md"
"MOVER_INTERNO","OK","C:\Users\thiagonogueira\OneDrive - mppi.mp.br\CLC\01_Processos_e_Aquisicoes\Base de Conhecimento - Thiago\01_Normativos_Vigentes\02_Estadual_PI\Decreto Estadual 21910.2023 - Dispõe sobre o Marco Temporal e o procedimento de transição entre a Lei nº 14.133, de 1º de abril de 2021, e... [REVOGADO].md","C:\Users\thiagonogueira\OneDrive - mppi.mp.br\CLC\01_Processos_e_Aquisicoes\Base de Conhecimento - Thiago\01_Normativos_Vigentes\02_Estadual_PI\Decretos\Decreto Estadual 21910.2023 - Dispõe sobre o Marco Temporal e o procedimento de transição entre a Lei nº 14.133, de 1º de abril de 2021, e... [REVOGADO].md"
"MOVER_INTERNO","OK","C:\Users\thiagonogueira\OneDrive - mppi.mp.br\CLC\01_Processos_e_Aquisicoes\Base de Conhecimento - Thiago\01_Normativos_Vigentes\02_Estadual_PI\Decreto Estadual 21938.2023 - SRP PI.md","C:\Users\thiagonogueira\OneDrive - mppi.mp.br\CLC\01_Processos_e_Aquisicoes\Base de Conhecimento - Thiago\01_Normativos_Vigentes\02_Estadual_PI\Decretos\Decreto Estadual 21938.2023 - SRP PI.md"
"MOVER_INTERNO","OK","C:\Users\thiagonogueira\OneDrive - mppi.mp.br\CLC\01_Processos_e_Aquisicoes\Base de Conhecimento - Thiago\01_Normativos_Vigentes\02_Estadual_PI\Decreto Estadual 21979.2023 - Institui a Política de Transformação Digital do âmbito do Poder Executivo do Estado, o portal único de... [ALTERADO POSTERIORMENTE].md","C:\Users\thiagonogueira\OneDrive - mppi.mp.br\CLC\01_Processos_e_Aquisicoes\Base de Conhecimento - Thiago\01_Normativos_Vigentes\02_Estadual_PI\Decretos\Decreto Estadual 21979.2023 - Institui a Política de Transformação Digital do âmbito do Poder Executivo do Estado, o portal único de... [ALTERADO POSTERIORMENTE].md"
"MOVER_INTERNO","OK","C:\Users\thiagonogueira\OneDrive - mppi.mp.br\CLC\01_Processos_e_Aquisicoes\Base de Conhecimento - Thiago\01_Normativos_Vigentes\02_Estadual_PI\Decreto Estadual 21980.2023 - Revoga o Decreto nº 21.910, de 17 de março de 2023, que estabeleceu o Marco Temporal e o procedimento de....md","C:\Users\thiagonogueira\OneDrive - mppi.mp.br\CLC\01_Processos_e_Aquisicoes\Base de Conhecimento - Thiago\01_Normativos_Vigentes\02_Estadual_PI\Decretos\Decreto Estadual 21980.2023 - Revoga o Decreto nº 21.910, de 17 de março de 2023, que estabeleceu o Marco Temporal e o procedimento de....md"
"MOVER_INTERNO","OK","C:\Users\thiagonogueira\OneDrive - mppi.mp.br\CLC\01_Processos_e_Aquisicoes\Base de Conhecimento - Thiago\01_Normativos_Vigentes\02_Estadual_PI\Decreto Estadual 22023.2023 - Implanta o Sistema Integrado de Gestão de Repasses – SIGRP e disciplina os procedimentos para celebração,....md","C:\Users\thiagonogueira\OneDrive - mppi.mp.br\CLC\01_Processos_e_Aquisicoes\Base de Conhecimento - Thiago\01_Normativos_Vigentes\02_Estadual_PI\Decretos\Decreto Estadual 22023.2023 - Implanta o Sistema Integrado de Gestão de Repasses – SIGRP e disciplina os procedimentos para celebração,....md"
"MOVER_INTERNO","OK","C:\Users\thiagonogueira\OneDrive - mppi.mp.br\CLC\01_Processos_e_Aquisicoes\Base de Conhecimento - Thiago\01_Normativos_Vigentes\02_Estadual_PI\Decreto Estadual 22050.2023 - Delega competência para a prática de atos administrativo-disciplinares ao Secretário de Estado da Segurança....md","C:\Users\thiagonogueira\OneDrive - mppi.mp.br\CLC\01_Processos_e_Aquisicoes\Base de Conhecimento - Thiago\01_Normativos_Vigentes\02_Estadual_PI\Decretos\Decreto Estadual 22050.2023 - Delega competência para a prática de atos administrativo-disciplinares ao Secretário de Estado da Segurança....md"
"MOVER_INTERNO","OK","C:\Users\thiagonogueira\OneDrive - mppi.mp.br\CLC\01_Processos_e_Aquisicoes\Base de Conhecimento - Thiago\01_Normativos_Vigentes\02_Estadual_PI\Decreto Estadual 22089.2023 - Regulamenta a seleção de Organizações Sociais para a celebração de contrato de gestão na forma da Lei....md","C:\Users\thiagonogueira\OneDrive - mppi.mp.br\CLC\01_Processos_e_Aquisicoes\Base de Conhecimento - Thiago\01_Normativos_Vigentes\02_Estadual_PI\Decretos\Decreto Estadual 22089.2023 - Regulamenta a seleção de Organizações Sociais para a celebração de contrato de gestão na forma da Lei....md"
"MOVER_INTERNO","OK","C:\Users\thiagonogueira\OneDrive - mppi.mp.br\CLC\01_Processos_e_Aquisicoes\Base de Conhecimento - Thiago\01_Normativos_Vigentes\02_Estadual_PI\Decreto Estadual 22137.2023 - Regulamenta o art. 61 da Lei Complementar nº 13, de 03 de janeiro de 1994..md","C:\Users\thiagonogueira\OneDrive - mppi.mp.br\CLC\01_Processos_e_Aquisicoes\Base de Conhecimento - Thiago\01_Normativos_Vigentes\02_Estadual_PI\Decretos\Decreto Estadual 22137.2023 - Regulamenta o art. 61 da Lei Complementar nº 13, de 03 de janeiro de 1994..md"
"MOVER_INTERNO","OK","C:\Users\thiagonogueira\OneDrive - mppi.mp.br\CLC\01_Processos_e_Aquisicoes\Base de Conhecimento - Thiago\01_Normativos_Vigentes\02_Estadual_PI\Decreto Estadual 22249.2023 - Institui a Política Estadual de Segurança da Informação e Comunicação do Estado do Piauí - POSIC, e de....md","C:\Users\thiagonogueira\OneDrive - mppi.mp.br\CLC\01_Processos_e_Aquisicoes\Base de Conhecimento - Thiago\01_Normativos_Vigentes\02_Estadual_PI\Decretos\Decreto Estadual 22249.2023 - Institui a Política Estadual de Segurança da Informação e Comunicação do Estado do Piauí - POSIC, e de....md"
"MOVER_INTERNO","OK","C:\Users\thiagonogueira\OneDrive - mppi.mp.br\CLC\01_Processos_e_Aquisicoes\Base de Conhecimento - Thiago\01_Normativos_Vigentes\02_Estadual_PI\Decreto Estadual 22380.2023 - Dispõe sobre a descentralização de crédito orçamentário no Estado do Piauí..md","C:\Users\thiagonogueira\OneDrive - mppi.mp.br\CLC\01_Processos_e_Aquisicoes\Base de Conhecimento - Thiago\01_Normativos_Vigentes\02_Estadual_PI\Decretos\Decreto Estadual 22380.2023 - Dispõe sobre a descentralização de crédito orçamentário no Estado do Piauí..md"
"MOVER_INTERNO","OK","C:\Users\thiagonogueira\OneDrive - mppi.mp.br\CLC\01_Processos_e_Aquisicoes\Base de Conhecimento - Thiago\01_Normativos_Vigentes\02_Estadual_PI\Decreto Estadual 22652.2023 - Dispõe sobre o Marco Temporal e o procedimento de transição entre a Lei nº 14.133, de 1º de abril de 2021, e....md","C:\Users\thiagonogueira\OneDrive - mppi.mp.br\CLC\01_Processos_e_Aquisicoes\Base de Conhecimento - Thiago\01_Normativos_Vigentes\02_Estadual_PI\Decretos\Decreto Estadual 22652.2023 - Dispõe sobre o Marco Temporal e o procedimento de transição entre a Lei nº 14.133, de 1º de abril de 2021, e....md"
"MOVER_INTERNO","OK","C:\Users\thiagonogueira\OneDrive - mppi.mp.br\CLC\01_Processos_e_Aquisicoes\Base de Conhecimento - Thiago\01_Normativos_Vigentes\02_Estadual_PI\Decreto Estadual 22677.2024 - Responsabilização Administrativa e Civil de Pessoas Jurídicas (Lei 12.846.2013).md","C:\Users\thiagonogueira\OneDrive - mppi.mp.br\CLC\01_Processos_e_Aquisicoes\Base de Conhecimento - Thiago\01_Normativos_Vigentes\02_Estadual_PI\Decretos\Decreto Estadual 22677.2024 - Responsabilização Administrativa e Civil de Pessoas Jurídicas (Lei 12.846.2013).md"
"MOVER_INTERNO","OK","C:\Users\thiagonogueira\OneDrive - mppi.mp.br\CLC\01_Processos_e_Aquisicoes\Base de Conhecimento - Thiago\01_Normativos_Vigentes\02_Estadual_PI\Decreto Estadual 22737.2024 - Reajuste de Preços nos Contratos Administrativos.md","C:\Users\thiagonogueira\OneDrive - mppi.mp.br\CLC\01_Processos_e_Aquisicoes\Base de Conhecimento - Thiago\01_Normativos_Vigentes\02_Estadual_PI\Decretos\Decreto Estadual 22737.2024 - Reajuste de Preços nos Contratos Administrativos.md"
"MOVER_INTERNO","OK","C:\Users\thiagonogueira\OneDrive - mppi.mp.br\CLC\01_Processos_e_Aquisicoes\Base de Conhecimento - Thiago\01_Normativos_Vigentes\02_Estadual_PI\Decreto Estadual 22811.2024 - Regularidade Fiscal, Econômico-Financeira e Administrativa.md","C:\Users\thiagonogueira\OneDrive - mppi.mp.br\CLC\01_Processos_e_Aquisicoes\Base de Conhecimento - Thiago\01_Normativos_Vigentes\02_Estadual_PI\Decretos\Decreto Estadual 22811.2024 - Regularidade Fiscal, Econômico-Financeira e Administrativa.md"
"MOVER_INTERNO","OK","C:\Users\thiagonogueira\OneDrive - mppi.mp.br\CLC\01_Processos_e_Aquisicoes\Base de Conhecimento - Thiago\01_Normativos_Vigentes\02_Estadual_PI\Decreto Estadual 22822.2024 - Diretrizes de Governanca e Contratacoes.md","C:\Users\thiagonogueira\OneDrive - mppi.mp.br\CLC\01_Processos_e_Aquisicoes\Base de Conhecimento - Thiago\01_Normativos_Vigentes\02_Estadual_PI\Decretos\Decreto Estadual 22822.2024 - Diretrizes de Governanca e Contratacoes.md"
"MOVER_INTERNO","OK","C:\Users\thiagonogueira\OneDrive - mppi.mp.br\CLC\01_Processos_e_Aquisicoes\Base de Conhecimento - Thiago\01_Normativos_Vigentes\02_Estadual_PI\Decreto Estadual 22822.2024 - Patrocínio dos Órgãos e Entidades do Executivo Estadual.md","C:\Users\thiagonogueira\OneDrive - mppi.mp.br\CLC\01_Processos_e_Aquisicoes\Base de Conhecimento - Thiago\01_Normativos_Vigentes\02_Estadual_PI\Decretos\Decreto Estadual 22822.2024 - Patrocínio dos Órgãos e Entidades do Executivo Estadual.md"
"MOVER_INTERNO","OK","C:\Users\thiagonogueira\OneDrive - mppi.mp.br\CLC\01_Processos_e_Aquisicoes\Base de Conhecimento - Thiago\01_Normativos_Vigentes\02_Estadual_PI\Decreto Estadual 23.865.2025 - Dispõe Sobre a Unificação da Plataforma Compras Públicas no PI.md","C:\Users\thiagonogueira\OneDrive - mppi.mp.br\CLC\01_Processos_e_Aquisicoes\Base de Conhecimento - Thiago\01_Normativos_Vigentes\02_Estadual_PI\Decretos\Decreto Estadual 23.865.2025 - Dispõe Sobre a Unificação da Plataforma Compras Públicas no PI.md"
"MOVER_INTERNO","OK","C:\Users\thiagonogueira\OneDrive - mppi.mp.br\CLC\01_Processos_e_Aquisicoes\Base de Conhecimento - Thiago\01_Normativos_Vigentes\02_Estadual_PI\Decreto Estadual 23003.2024 - Política Estadual de Proteção de Dados Pessoais e Privacidade.md","C:\Users\thiagonogueira\OneDrive - mppi.mp.br\CLC\01_Processos_e_Aquisicoes\Base de Conhecimento - Thiago\01_Normativos_Vigentes\02_Estadual_PI\Decretos\Decreto Estadual 23003.2024 - Política Estadual de Proteção de Dados Pessoais e Privacidade.md"
"MOVER_INTERNO","OK","C:\Users\thiagonogueira\OneDrive - mppi.mp.br\CLC\01_Processos_e_Aquisicoes\Base de Conhecimento - Thiago\01_Normativos_Vigentes\02_Estadual_PI\Decreto Estadual 23269.2024 - Doação de Bens Móveis e Serviços à Administração Pública Estadual.md","C:\Users\thiagonogueira\OneDrive - mppi.mp.br\CLC\01_Processos_e_Aquisicoes\Base de Conhecimento - Thiago\01_Normativos_Vigentes\02_Estadual_PI\Decretos\Decreto Estadual 23269.2024 - Doação de Bens Móveis e Serviços à Administração Pública Estadual.md"
"MOVER_INTERNO","OK","C:\Users\thiagonogueira\OneDrive - mppi.mp.br\CLC\01_Processos_e_Aquisicoes\Base de Conhecimento - Thiago\01_Normativos_Vigentes\02_Estadual_PI\Decreto Estadual 23649.2025 - Ordens de Serviço nos Contratos Administrativos.md","C:\Users\thiagonogueira\OneDrive - mppi.mp.br\CLC\01_Processos_e_Aquisicoes\Base de Conhecimento - Thiago\01_Normativos_Vigentes\02_Estadual_PI\Decretos\Decreto Estadual 23649.2025 - Ordens de Serviço nos Contratos Administrativos.md"
"MOVER_INTERNO","OK","C:\Users\thiagonogueira\OneDrive - mppi.mp.br\CLC\01_Processos_e_Aquisicoes\Base de Conhecimento - Thiago\01_Normativos_Vigentes\02_Estadual_PI\Decreto Estadual 23865.2025 - Regulamento de Contratacoes e Gestao Estadual.md","C:\Users\thiagonogueira\OneDrive - mppi.mp.br\CLC\01_Processos_e_Aquisicoes\Base de Conhecimento - Thiago\01_Normativos_Vigentes\02_Estadual_PI\Decretos\Decreto Estadual 23865.2025 - Regulamento de Contratacoes e Gestao Estadual.md"
"MOVER_INTERNO","OK","C:\Users\thiagonogueira\OneDrive - mppi.mp.br\CLC\01_Processos_e_Aquisicoes\Base de Conhecimento - Thiago\01_Normativos_Vigentes\02_Estadual_PI\Decreto Estadual 23868.2025 - Procedimento de Manifestação de Interesse (PMI).md","C:\Users\thiagonogueira\OneDrive - mppi.mp.br\CLC\01_Processos_e_Aquisicoes\Base de Conhecimento - Thiago\01_Normativos_Vigentes\02_Estadual_PI\Decretos\Decreto Estadual 23868.2025 - Procedimento de Manifestação de Interesse (PMI).md"
"MOVER_INTERNO","OK","C:\Users\thiagonogueira\OneDrive - mppi.mp.br\CLC\01_Processos_e_Aquisicoes\Base de Conhecimento - Thiago\01_Normativos_Vigentes\02_Estadual_PI\Decreto Estadual 23891.2025 - Programa Estadual de Aquisições e Contratações Públicas Sustentáveis.md","C:\Users\thiagonogueira\OneDrive - mppi.mp.br\CLC\01_Processos_e_Aquisicoes\Base de Conhecimento - Thiago\01_Normativos_Vigentes\02_Estadual_PI\Decretos\Decreto Estadual 23891.2025 - Programa Estadual de Aquisições e Contratações Públicas Sustentáveis.md"
"MOVER_INTERNO","OK","C:\Users\thiagonogueira\OneDrive - mppi.mp.br\CLC\01_Processos_e_Aquisicoes\Base de Conhecimento - Thiago\01_Normativos_Vigentes\02_Estadual_PI\Decreto Estadual 24144.2025 - Ações de Equidade de Gênero como Desempate.md","C:\Users\thiagonogueira\OneDrive - mppi.mp.br\CLC\01_Processos_e_Aquisicoes\Base de Conhecimento - Thiago\01_Normativos_Vigentes\02_Estadual_PI\Decretos\Decreto Estadual 24144.2025 - Ações de Equidade de Gênero como Desempate.md"
"MOVER_INTERNO","OK","C:\Users\thiagonogueira\OneDrive - mppi.mp.br\CLC\01_Processos_e_Aquisicoes\Base de Conhecimento - Thiago\01_Normativos_Vigentes\02_Estadual_PI\Instrução Normativa CGE nº 01-2013 - Procedimentos de Controle e Pareceres.md","C:\Users\thiagonogueira\OneDrive - mppi.mp.br\CLC\01_Processos_e_Aquisicoes\Base de Conhecimento - Thiago\01_Normativos_Vigentes\02_Estadual_PI\Instrucoes_Normativas\Instrução Normativa CGE nº 01-2013 - Procedimentos de Controle e Pareceres.md"
"MOVER_INTERNO","OK","C:\Users\thiagonogueira\OneDrive - mppi.mp.br\CLC\01_Processos_e_Aquisicoes\Base de Conhecimento - Thiago\01_Normativos_Vigentes\02_Estadual_PI\Instrução Normativa CGE nº 01-2015 - Normas Gerais de Controle Interno.md","C:\Users\thiagonogueira\OneDrive - mppi.mp.br\CLC\01_Processos_e_Aquisicoes\Base de Conhecimento - Thiago\01_Normativos_Vigentes\02_Estadual_PI\Instrucoes_Normativas\Instrução Normativa CGE nº 01-2015 - Normas Gerais de Controle Interno.md"
"MOVER_INTERNO","OK","C:\Users\thiagonogueira\OneDrive - mppi.mp.br\CLC\01_Processos_e_Aquisicoes\Base de Conhecimento - Thiago\01_Normativos_Vigentes\02_Estadual_PI\Instrução Normativa SEFAZ nº 01-2021 - Procedimentos de Gestão Financeira.md","C:\Users\thiagonogueira\OneDrive - mppi.mp.br\CLC\01_Processos_e_Aquisicoes\Base de Conhecimento - Thiago\01_Normativos_Vigentes\02_Estadual_PI\Instrucoes_Normativas\Instrução Normativa SEFAZ nº 01-2021 - Procedimentos de Gestão Financeira.md"
"MOVER_INTERNO","OK","C:\Users\thiagonogueira\OneDrive - mppi.mp.br\CLC\01_Processos_e_Aquisicoes\Base de Conhecimento - Thiago\01_Normativos_Vigentes\02_Estadual_PI\Lei Estadual 6.872.2016 - Regula o Processo Administrativo.md","C:\Users\thiagonogueira\OneDrive - mppi.mp.br\CLC\01_Processos_e_Aquisicoes\Base de Conhecimento - Thiago\01_Normativos_Vigentes\02_Estadual_PI\Leis\Lei Estadual 6.872.2016 - Regula o Processo Administrativo.md"
"MOVER_INTERNO","OK","C:\Users\thiagonogueira\OneDrive - mppi.mp.br\CLC\01_Processos_e_Aquisicoes\Base de Conhecimento - Thiago\01_Normativos_Vigentes\02_Estadual_PI\Lei Estadual 6782.2016 - Estatuto dos Servidores Publicos do Piaui.md","C:\Users\thiagonogueira\OneDrive - mppi.mp.br\CLC\01_Processos_e_Aquisicoes\Base de Conhecimento - Thiago\01_Normativos_Vigentes\02_Estadual_PI\Leis\Lei Estadual 6782.2016 - Estatuto dos Servidores Publicos do Piaui.md"
"MOVER_INTERNO","OK","C:\Users\thiagonogueira\OneDrive - mppi.mp.br\CLC\01_Processos_e_Aquisicoes\Base de Conhecimento - Thiago\01_Normativos_Vigentes\02_Estadual_PI\Lei Estadual 6782.2016 - Regula o Processo Administrativo no âmbito da Administração Pública do Estado do Piauí..md","C:\Users\thiagonogueira\OneDrive - mppi.mp.br\CLC\01_Processos_e_Aquisicoes\Base de Conhecimento - Thiago\01_Normativos_Vigentes\02_Estadual_PI\Leis\Lei Estadual 6782.2016 - Regula o Processo Administrativo no âmbito da Administração Pública do Estado do Piauí..md"
"MOVER_INTERNO","OK","C:\Users\thiagonogueira\OneDrive - mppi.mp.br\CLC\01_Processos_e_Aquisicoes\Base de Conhecimento - Thiago\01_Normativos_Vigentes\02_Estadual_PI\Lei Estadual 7482.2021 - Diretrizes e Reorganizacao Administrativa.md","C:\Users\thiagonogueira\OneDrive - mppi.mp.br\CLC\01_Processos_e_Aquisicoes\Base de Conhecimento - Thiago\01_Normativos_Vigentes\02_Estadual_PI\Leis\Lei Estadual 7482.2021 - Diretrizes e Reorganizacao Administrativa.md"
"MOVER_INTERNO","OK","C:\Users\thiagonogueira\OneDrive - mppi.mp.br\CLC\01_Processos_e_Aquisicoes\Base de Conhecimento - Thiago\01_Normativos_Vigentes\02_Estadual_PI\Lei Estadual 7482.2021 - Regulamenta o Pregão Eletrônico.md","C:\Users\thiagonogueira\OneDrive - mppi.mp.br\CLC\01_Processos_e_Aquisicoes\Base de Conhecimento - Thiago\01_Normativos_Vigentes\02_Estadual_PI\Leis\Lei Estadual 7482.2021 - Regulamenta o Pregão Eletrônico.md"
"MOVER_INTERNO","OK","C:\Users\thiagonogueira\OneDrive - mppi.mp.br\CLC\01_Processos_e_Aquisicoes\Base de Conhecimento - Thiago\01_Normativos_Vigentes\02_Estadual_PI\Lei Estadual 7612.2021 - Gestão de Bens Imóveis.md","C:\Users\thiagonogueira\OneDrive - mppi.mp.br\CLC\01_Processos_e_Aquisicoes\Base de Conhecimento - Thiago\01_Normativos_Vigentes\02_Estadual_PI\Leis\Lei Estadual 7612.2021 - Gestão de Bens Imóveis.md"
"MOVER_INTERNO","OK","C:\Users\thiagonogueira\OneDrive - mppi.mp.br\CLC\01_Processos_e_Aquisicoes\Base de Conhecimento - Thiago\01_Normativos_Vigentes\02_Estadual_PI\Lei Estadual 7612.2021 - Normas de Gestao e Fiscalizacao.md","C:\Users\thiagonogueira\OneDrive - mppi.mp.br\CLC\01_Processos_e_Aquisicoes\Base de Conhecimento - Thiago\01_Normativos_Vigentes\02_Estadual_PI\Leis\Lei Estadual 7612.2021 - Normas de Gestao e Fiscalizacao.md"
"MOVER_INTERNO","OK","C:\Users\thiagonogueira\OneDrive - mppi.mp.br\CLC\01_Processos_e_Aquisicoes\Base de Conhecimento - Thiago\01_Normativos_Vigentes\02_Estadual_PI\Lei Estadual 8914.2025 - Lei Orçamentária Anual LOA 2026.md","C:\Users\thiagonogueira\OneDrive - mppi.mp.br\CLC\01_Processos_e_Aquisicoes\Base de Conhecimento - Thiago\01_Normativos_Vigentes\02_Estadual_PI\Leis\Lei Estadual 8914.2025 - Lei Orçamentária Anual LOA 2026.md"
"MOVER_INTERNO","OK","C:\Users\thiagonogueira\OneDrive - mppi.mp.br\CLC\01_Processos_e_Aquisicoes\Base de Conhecimento - Thiago\01_Normativos_Vigentes\02_Estadual_PI\manual-2025(e38d727ecdd5bd1591bb6f8ab47d38bd).md","C:\Users\thiagonogueira\OneDrive - mppi.mp.br\CLC\01_Processos_e_Aquisicoes\Base de Conhecimento - Thiago\01_Normativos_Vigentes\02_Estadual_PI\Manuais_e_Guias_Tecnicos\manual-2025(e38d727ecdd5bd1591bb6f8ab47d38bd).md"
"MOVER_INTERNO","OK","C:\Users\thiagonogueira\OneDrive - mppi.mp.br\CLC\01_Processos_e_Aquisicoes\Base de Conhecimento - Thiago\01_Normativos_Vigentes\02_Estadual_PI\manual-tecnico-2024-2025(ad246a293bfd2f319f1a8b73e64903e3).md","C:\Users\thiagonogueira\OneDrive - mppi.mp.br\CLC\01_Processos_e_Aquisicoes\Base de Conhecimento - Thiago\01_Normativos_Vigentes\02_Estadual_PI\Manuais_e_Guias_Tecnicos\manual-tecnico-2024-2025(ad246a293bfd2f319f1a8b73e64903e3).md"
"MOVER_INTERNO","OK","C:\Users\thiagonogueira\OneDrive - mppi.mp.br\CLC\01_Processos_e_Aquisicoes\Base de Conhecimento - Thiago\01_Normativos_Vigentes\02_Estadual_PI\manual-tecnico-do-orcamento.md","C:\Users\thiagonogueira\OneDrive - mppi.mp.br\CLC\01_Processos_e_Aquisicoes\Base de Conhecimento - Thiago\01_Normativos_Vigentes\02_Estadual_PI\Manuais_e_Guias_Tecnicos\manual-tecnico-do-orcamento.md"
"MOVER_INTERNO","OK","C:\Users\thiagonogueira\OneDrive - mppi.mp.br\CLC\01_Processos_e_Aquisicoes\Base de Conhecimento - Thiago\01_Normativos_Vigentes\02_Estadual_PI\Portaria SEAD nº 001.2024 - Diretrizes de Contratacoes SEAD Piaui.md","C:\Users\thiagonogueira\OneDrive - mppi.mp.br\CLC\01_Processos_e_Aquisicoes\Base de Conhecimento - Thiago\01_Normativos_Vigentes\02_Estadual_PI\Portarias\Portaria SEAD nº 001.2024 - Diretrizes de Contratacoes SEAD Piaui.md"
"MOVER_INTERNO","OK","C:\Users\thiagonogueira\OneDrive - mppi.mp.br\CLC\01_Processos_e_Aquisicoes\Base de Conhecimento - Thiago\01_Normativos_Vigentes\02_Estadual_PI\Resolução CGFR 002.2021 - Elaboração de Extratos de Licitação e Contratos Administrativos.md","C:\Users\thiagonogueira\OneDrive - mppi.mp.br\CLC\01_Processos_e_Aquisicoes\Base de Conhecimento - Thiago\01_Normativos_Vigentes\02_Estadual_PI\Resolucoes\Resolução CGFR 002.2021 - Elaboração de Extratos de Licitação e Contratos Administrativos.md"
"MOVER_INTERNO","OK","C:\Users\thiagonogueira\OneDrive - mppi.mp.br\CLC\01_Processos_e_Aquisicoes\Base de Conhecimento - Thiago\01_Normativos_Vigentes\02_Estadual_PI\SEAD IN 01.2021 - Dispõe sobre o limite de adesões das atas de Registro de Preços gerenciadas pela SEADPREV.md","C:\Users\thiagonogueira\OneDrive - mppi.mp.br\CLC\01_Processos_e_Aquisicoes\Base de Conhecimento - Thiago\01_Normativos_Vigentes\02_Estadual_PI\Instrucoes_Normativas\SEAD IN 01.2021 - Dispõe sobre o limite de adesões das atas de Registro de Preços gerenciadas pela SEADPREV.md"
"MOVER_INTERNO","OK","C:\Users\thiagonogueira\OneDrive - mppi.mp.br\CLC\01_Processos_e_Aquisicoes\Base de Conhecimento - Thiago\01_Normativos_Vigentes\02_Estadual_PI\SEAD Portaria 631.2025.GAB.SEAD - Política de Gestão de Riscos.md","C:\Users\thiagonogueira\OneDrive - mppi.mp.br\CLC\01_Processos_e_Aquisicoes\Base de Conhecimento - Thiago\01_Normativos_Vigentes\02_Estadual_PI\Portarias\SEAD Portaria 631.2025.GAB.SEAD - Política de Gestão de Riscos.md"
"MOVER_INTERNO","OK","C:\Users\thiagonogueira\OneDrive - mppi.mp.br\CLC\01_Processos_e_Aquisicoes\Base de Conhecimento - Thiago\01_Normativos_Vigentes\02_Estadual_PI\SEAD Portaria Gab Seadprev 34.2021 - Regulamenta a Dispensa Eletrônica.md","C:\Users\thiagonogueira\OneDrive - mppi.mp.br\CLC\01_Processos_e_Aquisicoes\Base de Conhecimento - Thiago\01_Normativos_Vigentes\02_Estadual_PI\Portarias\SEAD Portaria Gab Seadprev 34.2021 - Regulamenta a Dispensa Eletrônica.md"
"MOVER_INTERNO","OK","C:\Users\thiagonogueira\OneDrive - mppi.mp.br\CLC\01_Processos_e_Aquisicoes\Base de Conhecimento - Thiago\01_Normativos_Vigentes\02_Estadual_PI\TCE Expediente 30.2025 - DECISAO_SESSAO-PLENARIA-07-DE-24.04.2025.md","C:\Users\thiagonogueira\OneDrive - mppi.mp.br\CLC\01_Processos_e_Aquisicoes\Base de Conhecimento - Thiago\01_Normativos_Vigentes\02_Estadual_PI\Acordaos_Pareceres_Orientacoes\TCE Expediente 30.2025 - DECISAO_SESSAO-PLENARIA-07-DE-24.04.2025.md"
"MOVER_INTERNO","OK","C:\Users\thiagonogueira\OneDrive - mppi.mp.br\CLC\01_Processos_e_Aquisicoes\Base de Conhecimento - Thiago\01_Normativos_Vigentes\02_Estadual_PI\TCE IN 02.2026 -sistemas-licitacoes-web-contratos-web-e-obras-web.md","C:\Users\thiagonogueira\OneDrive - mppi.mp.br\CLC\01_Processos_e_Aquisicoes\Base de Conhecimento - Thiago\01_Normativos_Vigentes\02_Estadual_PI\Instrucoes_Normativas\TCE IN 02.2026 -sistemas-licitacoes-web-contratos-web-e-obras-web.md"
"MOVER_INTERNO","OK","C:\Users\thiagonogueira\OneDrive - mppi.mp.br\CLC\01_Processos_e_Aquisicoes\Base de Conhecimento - Thiago\01_Normativos_Vigentes\02_Estadual_PI\TCE IN 06.2017 - Licitações WEB, Contratos WEB e Obras WEB.md","C:\Users\thiagonogueira\OneDrive - mppi.mp.br\CLC\01_Processos_e_Aquisicoes\Base de Conhecimento - Thiago\01_Normativos_Vigentes\02_Estadual_PI\Instrucoes_Normativas\TCE IN 06.2017 - Licitações WEB, Contratos WEB e Obras WEB.md"
"MOVER_INTERNO","OK","C:\Users\thiagonogueira\OneDrive - mppi.mp.br\CLC\01_Processos_e_Aquisicoes\Base de Conhecimento - Thiago\01_Normativos_Vigentes\02_Estadual_PI\TCE IN 07.2021 - Altera a IN 06.2017.md","C:\Users\thiagonogueira\OneDrive - mppi.mp.br\CLC\01_Processos_e_Aquisicoes\Base de Conhecimento - Thiago\01_Normativos_Vigentes\02_Estadual_PI\Instrucoes_Normativas\TCE IN 07.2021 - Altera a IN 06.2017.md"
"MOVER_INTERNO","OK","C:\Users\thiagonogueira\OneDrive - mppi.mp.br\CLC\01_Processos_e_Aquisicoes\Base de Conhecimento - Thiago\01_Normativos_Vigentes\02_Estadual_PI\TCE NT 03.2020 - Contratações de TIC.md","C:\Users\thiagonogueira\OneDrive - mppi.mp.br\CLC\01_Processos_e_Aquisicoes\Base de Conhecimento - Thiago\01_Normativos_Vigentes\02_Estadual_PI\Acordaos_Pareceres_Orientacoes\TCE NT 03.2020 - Contratações de TIC.md"
"MOVER_INTERNO","IGNORADO_IDENTICO_JA_NO_DESTINO","C:\Users\thiagonogueira\OneDrive - mppi.mp.br\CLC\01_Processos_e_Aquisicoes\Base de Conhecimento - Thiago\01_Normativos_Vigentes\03_MPPI\Ato PGJ 1228.2022 - Suprimento de Fundos (Compilado).md","C:\Users\thiagonogueira\OneDrive - mppi.mp.br\CLC\01_Processos_e_Aquisicoes\Base de Conhecimento - Thiago\01_Normativos_Vigentes\03_MPPI\Ato PGJ 1228.2022 - Suprimento de Fundos (Compilado).md"
"MOVER_INTERNO","IGNORADO_IDENTICO_JA_NO_DESTINO","C:\Users\thiagonogueira\OneDrive - mppi.mp.br\CLC\01_Processos_e_Aquisicoes\Base de Conhecimento - Thiago\01_Normativos_Vigentes\03_MPPI\Ato PGJ 1471.2025 - Regulamenta Suprimento de Fundos MPPI.md","C:\Users\thiagonogueira\OneDrive - mppi.mp.br\CLC\01_Processos_e_Aquisicoes\Base de Conhecimento - Thiago\01_Normativos_Vigentes\03_MPPI\Ato PGJ 1471.2025 - Regulamenta Suprimento de Fundos MPPI.md"
"MOVER_INTERNO","IGNORADO_IDENTICO_JA_NO_DESTINO","C:\Users\thiagonogueira\OneDrive - mppi.mp.br\CLC\01_Processos_e_Aquisicoes\Base de Conhecimento - Thiago\01_Normativos_Vigentes\03_MPPI\Lei Orgânica do MPPI.md","C:\Users\thiagonogueira\OneDrive - mppi.mp.br\CLC\01_Processos_e_Aquisicoes\Base de Conhecimento - Thiago\01_Normativos_Vigentes\03_MPPI\Lei Orgânica do MPPI.md"
"MOVER_INTERNO","IGNORADO_IDENTICO_JA_NO_DESTINO","C:\Users\thiagonogueira\OneDrive - mppi.mp.br\CLC\01_Processos_e_Aquisicoes\Base de Conhecimento - Thiago\01_Normativos_Vigentes\03_MPPI\Modelo de DFD - TIC.md","C:\Users\thiagonogueira\OneDrive - mppi.mp.br\CLC\01_Processos_e_Aquisicoes\Base de Conhecimento - Thiago\01_Normativos_Vigentes\03_MPPI\Modelo de DFD - TIC.md"
"MOVER_INTERNO","IGNORADO_IDENTICO_JA_NO_DESTINO","C:\Users\thiagonogueira\OneDrive - mppi.mp.br\CLC\01_Processos_e_Aquisicoes\Base de Conhecimento - Thiago\01_Normativos_Vigentes\03_MPPI\Modelo de DFD.md","C:\Users\thiagonogueira\OneDrive - mppi.mp.br\CLC\01_Processos_e_Aquisicoes\Base de Conhecimento - Thiago\01_Normativos_Vigentes\03_MPPI\Modelo de DFD.md"
"MOVER_INTERNO","IGNORADO_IDENTICO_JA_NO_DESTINO","C:\Users\thiagonogueira\OneDrive - mppi.mp.br\CLC\01_Processos_e_Aquisicoes\Base de Conhecimento - Thiago\01_Normativos_Vigentes\03_MPPI\PCA 2025.md","C:\Users\thiagonogueira\OneDrive - mppi.mp.br\CLC\01_Processos_e_Aquisicoes\Base de Conhecimento - Thiago\01_Normativos_Vigentes\03_MPPI\PCA 2025.md"
"MOVER_INTERNO","IGNORADO_IDENTICO_JA_NO_DESTINO","C:\Users\thiagonogueira\OneDrive - mppi.mp.br\CLC\01_Processos_e_Aquisicoes\Base de Conhecimento - Thiago\01_Normativos_Vigentes\03_MPPI\PEI_2022_2029.md","C:\Users\thiagonogueira\OneDrive - mppi.mp.br\CLC\01_Processos_e_Aquisicoes\Base de Conhecimento - Thiago\01_Normativos_Vigentes\03_MPPI\PEI_2022_2029.md"
"MOVER_INTERNO","IGNORADO_IDENTICO_JA_NO_DESTINO","C:\Users\thiagonogueira\OneDrive - mppi.mp.br\CLC\01_Processos_e_Aquisicoes\Base de Conhecimento - Thiago\01_Normativos_Vigentes\03_MPPI\Plano-Politico-Pedagogico-CEAF-2026-3.md","C:\Users\thiagonogueira\OneDrive - mppi.mp.br\CLC\01_Processos_e_Aquisicoes\Base de Conhecimento - Thiago\01_Normativos_Vigentes\03_MPPI\Plano-Politico-Pedagogico-CEAF-2026-3.md"
"MOVER_INTERNO","IGNORADO_IDENTICO_JA_NO_DESTINO","C:\Users\thiagonogueira\OneDrive - mppi.mp.br\CLC\01_Processos_e_Aquisicoes\Base de Conhecimento - Thiago\01_Normativos_Vigentes\03_MPPI\Res CPJ 08.2025 - Manual de Identidade Visual do MPPI.md","C:\Users\thiagonogueira\OneDrive - mppi.mp.br\CLC\01_Processos_e_Aquisicoes\Base de Conhecimento - Thiago\01_Normativos_Vigentes\03_MPPI\Res CPJ 08.2025 - Manual de Identidade Visual do MPPI.md"
"MOVER_INTERNO","OK","C:\Users\thiagonogueira\OneDrive - mppi.mp.br\CLC\01_Processos_e_Aquisicoes\Base de Conhecimento - Thiago\01_Normativos_Vigentes\04_CNMP\Contratações de TI – Gestão de Contrato.md","C:\Users\thiagonogueira\OneDrive - mppi.mp.br\CLC\01_Processos_e_Aquisicoes\Base de Conhecimento - Thiago\01_Normativos_Vigentes\04_CNMP\Outros_Normativos\Contratações de TI – Gestão de Contrato.md"
"MOVER_INTERNO","OK","C:\Users\thiagonogueira\OneDrive - mppi.mp.br\CLC\01_Processos_e_Aquisicoes\Base de Conhecimento - Thiago\01_Normativos_Vigentes\04_CNMP\Contratações de TI – Planejamento da.md","C:\Users\thiagonogueira\OneDrive - mppi.mp.br\CLC\01_Processos_e_Aquisicoes\Base de Conhecimento - Thiago\01_Normativos_Vigentes\04_CNMP\Outros_Normativos\Contratações de TI – Planejamento da.md"
"MOVER_INTERNO","OK","C:\Users\thiagonogueira\OneDrive - mppi.mp.br\CLC\01_Processos_e_Aquisicoes\Base de Conhecimento - Thiago\01_Normativos_Vigentes\04_CNMP\Contratações de TI – Visão Geral.md","C:\Users\thiagonogueira\OneDrive - mppi.mp.br\CLC\01_Processos_e_Aquisicoes\Base de Conhecimento - Thiago\01_Normativos_Vigentes\04_CNMP\Outros_Normativos\Contratações de TI – Visão Geral.md"
"MOVER_INTERNO","OK","C:\Users\thiagonogueira\OneDrive - mppi.mp.br\CLC\01_Processos_e_Aquisicoes\Base de Conhecimento - Thiago\01_Normativos_Vigentes\04_CNMP\Contratações de TI-Seleção de Fornecedores.md","C:\Users\thiagonogueira\OneDrive - mppi.mp.br\CLC\01_Processos_e_Aquisicoes\Base de Conhecimento - Thiago\01_Normativos_Vigentes\04_CNMP\Outros_Normativos\Contratações de TI-Seleção de Fornecedores.md"
"MOVER_INTERNO","OK","C:\Users\thiagonogueira\OneDrive - mppi.mp.br\CLC\01_Processos_e_Aquisicoes\Base de Conhecimento - Thiago\01_Normativos_Vigentes\04_CNMP\Manual da Plataforma MP Digital.md","C:\Users\thiagonogueira\OneDrive - mppi.mp.br\CLC\01_Processos_e_Aquisicoes\Base de Conhecimento - Thiago\01_Normativos_Vigentes\04_CNMP\Manuais_e_Guias_Tecnicos\Manual da Plataforma MP Digital.md"
"MOVER_INTERNO","OK","C:\Users\thiagonogueira\OneDrive - mppi.mp.br\CLC\01_Processos_e_Aquisicoes\Base de Conhecimento - Thiago\01_Normativos_Vigentes\04_CNMP\MOTec.md","C:\Users\thiagonogueira\OneDrive - mppi.mp.br\CLC\01_Processos_e_Aquisicoes\Base de Conhecimento - Thiago\01_Normativos_Vigentes\04_CNMP\Outros_Normativos\MOTec.md"
"MOVER_INTERNO","OK","C:\Users\thiagonogueira\OneDrive - mppi.mp.br\CLC\01_Processos_e_Aquisicoes\Base de Conhecimento - Thiago\01_Normativos_Vigentes\04_CNMP\Resolucao-CNMP-n-281-de-2023 (Politica de Governanca das Contratacoes).md","C:\Users\thiagonogueira\OneDrive - mppi.mp.br\CLC\01_Processos_e_Aquisicoes\Base de Conhecimento - Thiago\01_Normativos_Vigentes\04_CNMP\Resolucoes\Resolucao-CNMP-n-281-de-2023 (Politica de Governanca das Contratacoes).md"
"MOVER_INTERNO","OK","C:\Users\thiagonogueira\OneDrive - mppi.mp.br\CLC\01_Processos_e_Aquisicoes\Base de Conhecimento - Thiago\01_Normativos_Vigentes\04_CNMP\Resolucao-CNMP-n-283 (Disciplina contratações de TIC).md","C:\Users\thiagonogueira\OneDrive - mppi.mp.br\CLC\01_Processos_e_Aquisicoes\Base de Conhecimento - Thiago\01_Normativos_Vigentes\04_CNMP\Resolucoes\Resolucao-CNMP-n-283 (Disciplina contratações de TIC).md"
"MOVER_INTERNO","OK","C:\Users\thiagonogueira\OneDrive - mppi.mp.br\CLC\01_Processos_e_Aquisicoes\Base de Conhecimento - Thiago\01_Normativos_Vigentes\05_TCE_PI\Acordao TCE-PI 300.2025 - Primeira Camara - Irregularidades Pregao e Adesao ARP.md","C:\Users\thiagonogueira\OneDrive - mppi.mp.br\CLC\01_Processos_e_Aquisicoes\Base de Conhecimento - Thiago\01_Normativos_Vigentes\05_TCE_PI\Acordaos_Pareceres_Orientacoes\Acordao TCE-PI 300.2025 - Primeira Camara - Irregularidades Pregao e Adesao ARP.md"
"MOVER_INTERNO","OK","C:\Users\thiagonogueira\OneDrive - mppi.mp.br\CLC\01_Processos_e_Aquisicoes\Base de Conhecimento - Thiago\01_Normativos_Vigentes\05_TCE_PI\IN TCE-PI nº 06.2017 - Sistemas Licitacoes Contratos e Obras Web.md","C:\Users\thiagonogueira\OneDrive - mppi.mp.br\CLC\01_Processos_e_Aquisicoes\Base de Conhecimento - Thiago\01_Normativos_Vigentes\05_TCE_PI\Outros_Normativos\IN TCE-PI nº 06.2017 - Sistemas Licitacoes Contratos e Obras Web.md"
"MOVER_INTERNO","OK","C:\Users\thiagonogueira\OneDrive - mppi.mp.br\CLC\01_Processos_e_Aquisicoes\Base de Conhecimento - Thiago\01_Normativos_Vigentes\05_TCE_PI\IN TCE-PI nº 07.2021 - Altera IN 06.2017 Licitacoes Web.md","C:\Users\thiagonogueira\OneDrive - mppi.mp.br\CLC\01_Processos_e_Aquisicoes\Base de Conhecimento - Thiago\01_Normativos_Vigentes\05_TCE_PI\Instrucoes_Normativas\IN TCE-PI nº 07.2021 - Altera IN 06.2017 Licitacoes Web.md"
"MOVER_INTERNO","OK","C:\Users\thiagonogueira\OneDrive - mppi.mp.br\CLC\01_Processos_e_Aquisicoes\Base de Conhecimento - Thiago\01_Normativos_Vigentes\05_TCE_PI\Instrução Normativa TCE-PI 002.2026 - Sistemas Licitacoes Web Contratos Web e Obras Web.md","C:\Users\thiagonogueira\OneDrive - mppi.mp.br\CLC\01_Processos_e_Aquisicoes\Base de Conhecimento - Thiago\01_Normativos_Vigentes\05_TCE_PI\Instrucoes_Normativas\Instrução Normativa TCE-PI 002.2026 - Sistemas Licitacoes Web Contratos Web e Obras Web.md"
"MOVER_INTERNO","OK","C:\Users\thiagonogueira\OneDrive - mppi.mp.br\CLC\01_Processos_e_Aquisicoes\Base de Conhecimento - Thiago\01_Normativos_Vigentes\05_TCE_PI\Instrução Normativa TCE-PI 002.2026 - Sistemas Licitacoes Web Contratos Web e Obras Web.pdf","C:\Users\thiagonogueira\OneDrive - mppi.mp.br\CLC\01_Processos_e_Aquisicoes\Base de Conhecimento - Thiago\01_Normativos_Vigentes\05_TCE_PI\Instrucoes_Normativas\Instrução Normativa TCE-PI 002.2026 - Sistemas Licitacoes Web Contratos Web e Obras Web.pdf"
"MOVER_INTERNO","OK","C:\Users\thiagonogueira\OneDrive - mppi.mp.br\CLC\01_Processos_e_Aquisicoes\Base de Conhecimento - Thiago\01_Normativos_Vigentes\05_TCE_PI\Instrução Normativa TCE-PI 007.2021 - Altera IN 06.2017 Licitacoes Web.md","C:\Users\thiagonogueira\OneDrive - mppi.mp.br\CLC\01_Processos_e_Aquisicoes\Base de Conhecimento - Thiago\01_Normativos_Vigentes\05_TCE_PI\Instrucoes_Normativas\Instrução Normativa TCE-PI 007.2021 - Altera IN 06.2017 Licitacoes Web.md"
"MOVER_INTERNO","OK","C:\Users\thiagonogueira\OneDrive - mppi.mp.br\CLC\01_Processos_e_Aquisicoes\Base de Conhecimento - Thiago\01_Normativos_Vigentes\05_TCE_PI\Instrução Normativa TCE-PI 007.2021 - Altera IN 06.2017 Licitacoes Web.pdf","C:\Users\thiagonogueira\OneDrive - mppi.mp.br\CLC\01_Processos_e_Aquisicoes\Base de Conhecimento - Thiago\01_Normativos_Vigentes\05_TCE_PI\Instrucoes_Normativas\Instrução Normativa TCE-PI 007.2021 - Altera IN 06.2017 Licitacoes Web.pdf"
"MOVER_INTERNO","OK","C:\Users\thiagonogueira\OneDrive - mppi.mp.br\CLC\01_Processos_e_Aquisicoes\Base de Conhecimento - Thiago\01_Normativos_Vigentes\05_TCE_PI\Lei Estadual 5888.2009 - Lei Organica do TCE-PI Atualizada ate 2026.md","C:\Users\thiagonogueira\OneDrive - mppi.mp.br\CLC\01_Processos_e_Aquisicoes\Base de Conhecimento - Thiago\01_Normativos_Vigentes\05_TCE_PI\Leis\Lei Estadual 5888.2009 - Lei Organica do TCE-PI Atualizada ate 2026.md"
"MOVER_INTERNO","OK","C:\Users\thiagonogueira\OneDrive - mppi.mp.br\CLC\01_Processos_e_Aquisicoes\Base de Conhecimento - Thiago\01_Normativos_Vigentes\05_TCE_PI\Nota Técnica TCE-PI 001.2025 - Contratacoes por Tempo Determinado e Terceirizacoes.md","C:\Users\thiagonogueira\OneDrive - mppi.mp.br\CLC\01_Processos_e_Aquisicoes\Base de Conhecimento - Thiago\01_Normativos_Vigentes\05_TCE_PI\Acordaos_Pareceres_Orientacoes\Nota Técnica TCE-PI 001.2025 - Contratacoes por Tempo Determinado e Terceirizacoes.md"
"MOVER_INTERNO","OK","C:\Users\thiagonogueira\OneDrive - mppi.mp.br\CLC\01_Processos_e_Aquisicoes\Base de Conhecimento - Thiago\01_Normativos_Vigentes\05_TCE_PI\Nota Técnica TCE-PI 001.2025 - Contratacoes por Tempo Determinado e Terceirizacoes.pdf","C:\Users\thiagonogueira\OneDrive - mppi.mp.br\CLC\01_Processos_e_Aquisicoes\Base de Conhecimento - Thiago\01_Normativos_Vigentes\05_TCE_PI\Acordaos_Pareceres_Orientacoes\Nota Técnica TCE-PI 001.2025 - Contratacoes por Tempo Determinado e Terceirizacoes.pdf"
"MOVER_INTERNO","OK","C:\Users\thiagonogueira\OneDrive - mppi.mp.br\CLC\01_Processos_e_Aquisicoes\Base de Conhecimento - Thiago\01_Normativos_Vigentes\05_TCE_PI\Nota Técnica TCE-PI 002.2024 - Despesas com Festas Shows Artistas e Bandas.md","C:\Users\thiagonogueira\OneDrive - mppi.mp.br\CLC\01_Processos_e_Aquisicoes\Base de Conhecimento - Thiago\01_Normativos_Vigentes\05_TCE_PI\Acordaos_Pareceres_Orientacoes\Nota Técnica TCE-PI 002.2024 - Despesas com Festas Shows Artistas e Bandas.md"
"MOVER_INTERNO","OK","C:\Users\thiagonogueira\OneDrive - mppi.mp.br\CLC\01_Processos_e_Aquisicoes\Base de Conhecimento - Thiago\01_Normativos_Vigentes\05_TCE_PI\Resolucao TCE-PI nº 09.2025 - Padroes Decisoes e Acordaos.md","C:\Users\thiagonogueira\OneDrive - mppi.mp.br\CLC\01_Processos_e_Aquisicoes\Base de Conhecimento - Thiago\01_Normativos_Vigentes\05_TCE_PI\Resolucoes\Resolucao TCE-PI nº 09.2025 - Padroes Decisoes e Acordaos.md"
"MOVER_INTERNO","OK","C:\Users\thiagonogueira\OneDrive - mppi.mp.br\CLC\01_Processos_e_Aquisicoes\Base de Conhecimento - Thiago\01_Normativos_Vigentes\05_TCE_PI\Resolucao TCE-PI nº 10.2020 - Procedimento de Levantamento.md","C:\Users\thiagonogueira\OneDrive - mppi.mp.br\CLC\01_Processos_e_Aquisicoes\Base de Conhecimento - Thiago\01_Normativos_Vigentes\05_TCE_PI\Resolucoes\Resolucao TCE-PI nº 10.2020 - Procedimento de Levantamento.md"
"MOVER_INTERNO","OK","C:\Users\thiagonogueira\OneDrive - mppi.mp.br\CLC\01_Processos_e_Aquisicoes\Base de Conhecimento - Thiago\01_Normativos_Vigentes\05_TCE_PI\Resolucao TCE-PI nº 19.2024 - Regimento Interno do TCE-PI.md","C:\Users\thiagonogueira\OneDrive - mppi.mp.br\CLC\01_Processos_e_Aquisicoes\Base de Conhecimento - Thiago\01_Normativos_Vigentes\05_TCE_PI\Resolucoes\Resolucao TCE-PI nº 19.2024 - Regimento Interno do TCE-PI.md"
"MOVER_INTERNO","OK","C:\Users\thiagonogueira\OneDrive - mppi.mp.br\CLC\01_Processos_e_Aquisicoes\Base de Conhecimento - Thiago\01_Normativos_Vigentes\05_TCE_PI\Resolucao TCE-PI nº 20.2024 - Alteracao Regimental.md","C:\Users\thiagonogueira\OneDrive - mppi.mp.br\CLC\01_Processos_e_Aquisicoes\Base de Conhecimento - Thiago\01_Normativos_Vigentes\05_TCE_PI\Resolucoes\Resolucao TCE-PI nº 20.2024 - Alteracao Regimental.md"
"MOVER_INTERNO","OK","C:\Users\thiagonogueira\OneDrive - mppi.mp.br\CLC\01_Processos_e_Aquisicoes\Base de Conhecimento - Thiago\01_Normativos_Vigentes\05_TCE_PI\Resolucao TCE-PI nº 37.2024 - Deliberacoes e Medidas Corretivas.md","C:\Users\thiagonogueira\OneDrive - mppi.mp.br\CLC\01_Processos_e_Aquisicoes\Base de Conhecimento - Thiago\01_Normativos_Vigentes\05_TCE_PI\Resolucoes\Resolucao TCE-PI nº 37.2024 - Deliberacoes e Medidas Corretivas.md"
"MOVER_INTERNO","OK","C:\Users\thiagonogueira\OneDrive - mppi.mp.br\CLC\01_Processos_e_Aquisicoes\Base de Conhecimento - Thiago\01_Normativos_Vigentes\05_TCE_PI\Resolução TCE-PI 011.2026 - Gestao e Fiscalizacao de Contratos Administrativos.md","C:\Users\thiagonogueira\OneDrive - mppi.mp.br\CLC\01_Processos_e_Aquisicoes\Base de Conhecimento - Thiago\01_Normativos_Vigentes\05_TCE_PI\Resolucoes\Resolução TCE-PI 011.2026 - Gestao e Fiscalizacao de Contratos Administrativos.md"
"MOVER_INTERNO","OK","C:\Users\thiagonogueira\OneDrive - mppi.mp.br\CLC\01_Processos_e_Aquisicoes\Base de Conhecimento - Thiago\01_Normativos_Vigentes\05_TCE_PI\Resolução TCE-PI 011.2026 - Gestao e Fiscalizacao de Contratos Administrativos.pdf","C:\Users\thiagonogueira\OneDrive - mppi.mp.br\CLC\01_Processos_e_Aquisicoes\Base de Conhecimento - Thiago\01_Normativos_Vigentes\05_TCE_PI\Resolucoes\Resolução TCE-PI 011.2026 - Gestao e Fiscalizacao de Contratos Administrativos.pdf"
"MOVER_INTERNO","OK","C:\Users\thiagonogueira\OneDrive - mppi.mp.br\CLC\01_Processos_e_Aquisicoes\Base de Conhecimento - Thiago\01_Normativos_Vigentes\05_TCE_PI\Resolução TCE-PI 017.2024 - Pesquisa de Precos.md","C:\Users\thiagonogueira\OneDrive - mppi.mp.br\CLC\01_Processos_e_Aquisicoes\Base de Conhecimento - Thiago\01_Normativos_Vigentes\05_TCE_PI\Resolucoes\Resolução TCE-PI 017.2024 - Pesquisa de Precos.md"
"MOVER_INTERNO","OK","C:\Users\thiagonogueira\OneDrive - mppi.mp.br\CLC\01_Processos_e_Aquisicoes\Base de Conhecimento - Thiago\01_Normativos_Vigentes\05_TCE_PI\Resolução TCE-PI 017.2024 - Pesquisa de Precos.pdf","C:\Users\thiagonogueira\OneDrive - mppi.mp.br\CLC\01_Processos_e_Aquisicoes\Base de Conhecimento - Thiago\01_Normativos_Vigentes\05_TCE_PI\Resolucoes\Resolução TCE-PI 017.2024 - Pesquisa de Precos.pdf"
"MOVER_INTERNO","OK","C:\Users\thiagonogueira\OneDrive - mppi.mp.br\CLC\01_Processos_e_Aquisicoes\Base de Conhecimento - Thiago\01_Normativos_Vigentes\05_TCE_PI\Resolução TCE-PI 039.2023 - Plano de Contratacoes Anual.md","C:\Users\thiagonogueira\OneDrive - mppi.mp.br\CLC\01_Processos_e_Aquisicoes\Base de Conhecimento - Thiago\01_Normativos_Vigentes\05_TCE_PI\Resolucoes\Resolução TCE-PI 039.2023 - Plano de Contratacoes Anual.md"
"MOVER_INTERNO","OK","C:\Users\thiagonogueira\OneDrive - mppi.mp.br\CLC\01_Processos_e_Aquisicoes\Base de Conhecimento - Thiago\01_Normativos_Vigentes\05_TCE_PI\Resolução TCE-PI 039.2023 - Plano de Contratacoes Anual.pdf","C:\Users\thiagonogueira\OneDrive - mppi.mp.br\CLC\01_Processos_e_Aquisicoes\Base de Conhecimento - Thiago\01_Normativos_Vigentes\05_TCE_PI\Resolucoes\Resolução TCE-PI 039.2023 - Plano de Contratacoes Anual.pdf"
"MOVER_INTERNO","OK","C:\Users\thiagonogueira\OneDrive - mppi.mp.br\CLC\01_Processos_e_Aquisicoes\Base de Conhecimento - Thiago\01_Normativos_Vigentes\06_TJPI\Analise de Primeira Linha SLC TJPI - Controle Interno.md","C:\Users\thiagonogueira\OneDrive - mppi.mp.br\CLC\01_Processos_e_Aquisicoes\Base de Conhecimento - Thiago\01_Normativos_Vigentes\06_TJPI\Outros_Normativos\Analise de Primeira Linha SLC TJPI - Controle Interno.md"
"MOVER_INTERNO","OK","C:\Users\thiagonogueira\OneDrive - mppi.mp.br\CLC\01_Processos_e_Aquisicoes\Base de Conhecimento - Thiago\01_Normativos_Vigentes\06_TJPI\Fluxogramas de Processos Licitatorios TJPI.md","C:\Users\thiagonogueira\OneDrive - mppi.mp.br\CLC\01_Processos_e_Aquisicoes\Base de Conhecimento - Thiago\01_Normativos_Vigentes\06_TJPI\Outros_Normativos\Fluxogramas de Processos Licitatorios TJPI.md"
"MOVER_INTERNO","OK","C:\Users\thiagonogueira\OneDrive - mppi.mp.br\CLC\01_Processos_e_Aquisicoes\Base de Conhecimento - Thiago\01_Normativos_Vigentes\06_TJPI\Lista de Verificacao SGC TJPI - Conformidade Licitatoria.md","C:\Users\thiagonogueira\OneDrive - mppi.mp.br\CLC\01_Processos_e_Aquisicoes\Base de Conhecimento - Thiago\01_Normativos_Vigentes\06_TJPI\Outros_Normativos\Lista de Verificacao SGC TJPI - Conformidade Licitatoria.md"
"MOVER_INTERNO","OK","C:\Users\thiagonogueira\OneDrive - mppi.mp.br\CLC\01_Processos_e_Aquisicoes\Base de Conhecimento - Thiago\01_Normativos_Vigentes\06_TJPI\Lista de Verificacao SLC TJPI - Servicos e Licitacoes.md","C:\Users\thiagonogueira\OneDrive - mppi.mp.br\CLC\01_Processos_e_Aquisicoes\Base de Conhecimento - Thiago\01_Normativos_Vigentes\06_TJPI\Outros_Normativos\Lista de Verificacao SLC TJPI - Servicos e Licitacoes.md"
"MOVER_INTERNO","OK","C:\Users\thiagonogueira\OneDrive - mppi.mp.br\CLC\01_Processos_e_Aquisicoes\Base de Conhecimento - Thiago\01_Normativos_Vigentes\06_TJPI\Manual de Licitacoes e Contratos TJPI (2023-2024).md","C:\Users\thiagonogueira\OneDrive - mppi.mp.br\CLC\01_Processos_e_Aquisicoes\Base de Conhecimento - Thiago\01_Normativos_Vigentes\06_TJPI\Manuais_e_Guias_Tecnicos\Manual de Licitacoes e Contratos TJPI (2023-2024).md"
"MOVER_INTERNO","OK","C:\Users\thiagonogueira\OneDrive - mppi.mp.br\CLC\01_Processos_e_Aquisicoes\Base de Conhecimento - Thiago\01_Normativos_Vigentes\06_TJPI\Modelo de Aviso de Dispensa de Licitacao TJPI.md","C:\Users\thiagonogueira\OneDrive - mppi.mp.br\CLC\01_Processos_e_Aquisicoes\Base de Conhecimento - Thiago\01_Normativos_Vigentes\06_TJPI\Outros_Normativos\Modelo de Aviso de Dispensa de Licitacao TJPI.md"
"MOVER_INTERNO","OK","C:\Users\thiagonogueira\OneDrive - mppi.mp.br\CLC\01_Processos_e_Aquisicoes\Base de Conhecimento - Thiago\01_Normativos_Vigentes\06_TJPI\Modelo de Justificativa Tecnico-Administrativa TJPI (Parecer do Agente).md","C:\Users\thiagonogueira\OneDrive - mppi.mp.br\CLC\01_Processos_e_Aquisicoes\Base de Conhecimento - Thiago\01_Normativos_Vigentes\06_TJPI\Acordaos_Pareceres_Orientacoes\Modelo de Justificativa Tecnico-Administrativa TJPI (Parecer do Agente).md"
"MOVER_INTERNO","OK","C:\Users\thiagonogueira\OneDrive - mppi.mp.br\CLC\01_Processos_e_Aquisicoes\Base de Conhecimento - Thiago\01_Normativos_Vigentes\06_TJPI\Portaria TJPI nº 2899.2023 - Dispensa de Licitacao.md","C:\Users\thiagonogueira\OneDrive - mppi.mp.br\CLC\01_Processos_e_Aquisicoes\Base de Conhecimento - Thiago\01_Normativos_Vigentes\06_TJPI\Portarias\Portaria TJPI nº 2899.2023 - Dispensa de Licitacao.md"
"MOVER_INTERNO","OK","C:\Users\thiagonogueira\OneDrive - mppi.mp.br\CLC\01_Processos_e_Aquisicoes\Base de Conhecimento - Thiago\01_Normativos_Vigentes\06_TJPI\Provimento TJPI nº 13.2025 - Regulamento de Obras Servicos Compras e Alienacoes.md","C:\Users\thiagonogueira\OneDrive - mppi.mp.br\CLC\01_Processos_e_Aquisicoes\Base de Conhecimento - Thiago\01_Normativos_Vigentes\06_TJPI\Outros_Normativos\Provimento TJPI nº 13.2025 - Regulamento de Obras Servicos Compras e Alienacoes.md"
"COPIAR","OK","E:\Thiago\Dev\PCA_Multiexercicio_Referencias\Base Legal CLC - Atualizada Maio.2026\Boletins de Jurisprudência TCE-PI\Acórdão TCE - n3001 - 2025.pdf","C:\Users\thiagonogueira\OneDrive - mppi.mp.br\CLC\01_Processos_e_Aquisicoes\Base de Conhecimento - Thiago\02_Jurisprudencia_e_Orientacoes\Acordaos_TCE_PI\Acórdão TCE - n3001 - 2025.pdf"
"COPIAR","OK","E:\Thiago\Dev\PCA_Multiexercicio_Referencias\Base Legal CLC - Atualizada Maio.2026\Boletins de Jurisprudência TCE-PI\Instrução Normativa TCEPI - n6.0 - 2017.pdf","C:\Users\thiagonogueira\OneDrive - mppi.mp.br\CLC\01_Processos_e_Aquisicoes\Base de Conhecimento - Thiago\01_Normativos_Vigentes\05_TCE_PI\Instrucoes_Normativas\Instrução Normativa TCEPI - n6.0 - 2017.pdf"
"COPIAR","OK","E:\Thiago\Dev\PCA_Multiexercicio_Referencias\Base Legal CLC - Atualizada Maio.2026\Boletins de Jurisprudência TCE-PI\Resolução TCE - n10.0 - 2020.pdf","C:\Users\thiagonogueira\OneDrive - mppi.mp.br\CLC\01_Processos_e_Aquisicoes\Base de Conhecimento - Thiago\01_Normativos_Vigentes\05_TCE_PI\Resolucoes\Resolução TCE - n10.0 - 2020.pdf"
"COPIAR","OK","E:\Thiago\Dev\PCA_Multiexercicio_Referencias\Base Legal CLC - Atualizada Maio.2026\Boletins de Jurisprudência TCE-PI\Resolução TCE - n19.0 - 2024.pdf","C:\Users\thiagonogueira\OneDrive - mppi.mp.br\CLC\01_Processos_e_Aquisicoes\Base de Conhecimento - Thiago\01_Normativos_Vigentes\05_TCE_PI\Resolucoes\Resolução TCE - n19.0 - 2024.pdf"
"COPIAR","OK","E:\Thiago\Dev\PCA_Multiexercicio_Referencias\Base Legal CLC - Atualizada Maio.2026\Boletins de Jurisprudência TCE-PI\Resolução TCE - n20.0 - 2024.pdf","C:\Users\thiagonogueira\OneDrive - mppi.mp.br\CLC\01_Processos_e_Aquisicoes\Base de Conhecimento - Thiago\01_Normativos_Vigentes\05_TCE_PI\Resolucoes\Resolução TCE - n20.0 - 2024.pdf"
"COPIAR","OK","E:\Thiago\Dev\PCA_Multiexercicio_Referencias\Base Legal CLC - Atualizada Maio.2026\Boletins de Jurisprudência TCE-PI\Resolução TCE - n37.0 - 2024.pdf","C:\Users\thiagonogueira\OneDrive - mppi.mp.br\CLC\01_Processos_e_Aquisicoes\Base de Conhecimento - Thiago\01_Normativos_Vigentes\05_TCE_PI\Resolucoes\Resolução TCE - n37.0 - 2024.pdf"
"COPIAR","OK","E:\Thiago\Dev\PCA_Multiexercicio_Referencias\Base Legal CLC - Atualizada Maio.2026\Boletins de Jurisprudência TCE-PI\Resolução TCE - n9.0 - 2025.pdf","C:\Users\thiagonogueira\OneDrive - mppi.mp.br\CLC\01_Processos_e_Aquisicoes\Base de Conhecimento - Thiago\01_Normativos_Vigentes\05_TCE_PI\Resolucoes\Resolução TCE - n9.0 - 2025.pdf"
"COPIAR","OK","E:\Thiago\Dev\PCA_Multiexercicio_Referencias\Base Legal CLC - Atualizada Maio.2026\Boletins de Jurisprudência TCE-PI\Boletins de Jurisprudência TCE-PI-20260514T155708Z-3-001\merged 2023.pdf","C:\Users\thiagonogueira\OneDrive - mppi.mp.br\CLC\01_Processos_e_Aquisicoes\Base de Conhecimento - Thiago\02_Jurisprudencia_e_Orientacoes\Boletins_TCE_PI\merged 2023.pdf"
"COPIAR","OK","E:\Thiago\Dev\PCA_Multiexercicio_Referencias\Base Legal CLC - Atualizada Maio.2026\Boletins de Jurisprudência TCE-PI\Boletins de Jurisprudência TCE-PI-20260514T155708Z-3-001\merged 2024.pdf","C:\Users\thiagonogueira\OneDrive - mppi.mp.br\CLC\01_Processos_e_Aquisicoes\Base de Conhecimento - Thiago\02_Jurisprudencia_e_Orientacoes\Boletins_TCE_PI\merged 2024.pdf"
"COPIAR","OK","E:\Thiago\Dev\PCA_Multiexercicio_Referencias\Base Legal CLC - Atualizada Maio.2026\Boletins de Jurisprudência TCE-PI\Boletins de Jurisprudência TCE-PI-20260514T155708Z-3-001\merged 2025.pdf","C:\Users\thiagonogueira\OneDrive - mppi.mp.br\CLC\01_Processos_e_Aquisicoes\Base de Conhecimento - Thiago\02_Jurisprudencia_e_Orientacoes\Boletins_TCE_PI\merged 2025.pdf"
"COPIAR","OK","E:\Thiago\Dev\PCA_Multiexercicio_Referencias\Base Legal CLC - Atualizada Maio.2026\Modelos\Modelos SEAD\CARTILHA-DE-MENSAGENS-PADRONIZADAS-PARA-AGENTE-DE-CONTRATACAO.pdf","C:\Users\thiagonogueira\OneDrive - mppi.mp.br\CLC\01_Processos_e_Aquisicoes\Base de Conhecimento - Thiago\03_Modelos_e_Minutas\Modelos_SEAD_PI\CARTILHA-DE-MENSAGENS-PADRONIZADAS-PARA-AGENTE-DE-CONTRATACAO.pdf"
"COPIAR","OK","E:\Thiago\Dev\PCA_Multiexercicio_Referencias\Base Legal CLC - Atualizada Maio.2026\Normativos Estado do Piauí\2. Portaria Nº 106, de 27 de março de 2025.pdf","C:\Users\thiagonogueira\OneDrive - mppi.mp.br\CLC\01_Processos_e_Aquisicoes\Base de Conhecimento - Thiago\01_Normativos_Vigentes\02_Estadual_PI\Portarias\2. Portaria Nº 106, de 27 de março de 2025.pdf"
"COPIAR","OK","E:\Thiago\Dev\PCA_Multiexercicio_Referencias\Base Legal CLC - Atualizada Maio.2026\Normativos Estado do Piauí\DECRETO - n11.319 - 2004.pdf","C:\Users\thiagonogueira\OneDrive - mppi.mp.br\CLC\01_Processos_e_Aquisicoes\Base de Conhecimento - Thiago\01_Normativos_Vigentes\02_Estadual_PI\Decretos\DECRETO - n11.319 - 2004.pdf"
"COPIAR","OK","E:\Thiago\Dev\PCA_Multiexercicio_Referencias\Base Legal CLC - Atualizada Maio.2026\Normativos Estado do Piauí\Decreto Estadual - n11.320132004 - 2004.pdf","C:\Users\thiagonogueira\OneDrive - mppi.mp.br\CLC\01_Processos_e_Aquisicoes\Base de Conhecimento - Thiago\01_Normativos_Vigentes\02_Estadual_PI\Decretos\Decreto Estadual - n11.320132004 - 2004.pdf"
"COPIAR","OK","E:\Thiago\Dev\PCA_Multiexercicio_Referencias\Base Legal CLC - Atualizada Maio.2026\Normativos Estado do Piauí\Decreto Estadual - n11.346302004 - 2004.pdf","C:\Users\thiagonogueira\OneDrive - mppi.mp.br\CLC\01_Processos_e_Aquisicoes\Base de Conhecimento - Thiago\01_Normativos_Vigentes\02_Estadual_PI\Decretos\Decreto Estadual - n11.346302004 - 2004.pdf"
"COPIAR","OK","E:\Thiago\Dev\PCA_Multiexercicio_Referencias\Base Legal CLC - Atualizada Maio.2026\Normativos Estado do Piauí\Decreto Estadual - n13.701052009 - 2009.pdf","C:\Users\thiagonogueira\OneDrive - mppi.mp.br\CLC\01_Processos_e_Aquisicoes\Base de Conhecimento - Thiago\01_Normativos_Vigentes\02_Estadual_PI\Decretos\Decreto Estadual - n13.701052009 - 2009.pdf"
"COPIAR","OK","E:\Thiago\Dev\PCA_Multiexercicio_Referencias\Base Legal CLC - Atualizada Maio.2026\Normativos Estado do Piauí\Decreto Estadual - n14.386182011 - 2011.pdf","C:\Users\thiagonogueira\OneDrive - mppi.mp.br\CLC\01_Processos_e_Aquisicoes\Base de Conhecimento - Thiago\01_Normativos_Vigentes\02_Estadual_PI\Decretos\Decreto Estadual - n14.386182011 - 2011.pdf"
"COPIAR","OK","E:\Thiago\Dev\PCA_Multiexercicio_Referencias\Base Legal CLC - Atualizada Maio.2026\Normativos Estado do Piauí\Decreto Estadual - n14.483262011 - 2011.pdf","C:\Users\thiagonogueira\OneDrive - mppi.mp.br\CLC\01_Processos_e_Aquisicoes\Base de Conhecimento - Thiago\01_Normativos_Vigentes\02_Estadual_PI\Decretos\Decreto Estadual - n14.483262011 - 2011.pdf"
"COPIAR","OK","E:\Thiago\Dev\PCA_Multiexercicio_Referencias\Base Legal CLC - Atualizada Maio.2026\Normativos Estado do Piauí\Decreto Estadual - n14.891112012 - 2012.pdf","C:\Users\thiagonogueira\OneDrive - mppi.mp.br\CLC\01_Processos_e_Aquisicoes\Base de Conhecimento - Thiago\01_Normativos_Vigentes\02_Estadual_PI\Decretos\Decreto Estadual - n14.891112012 - 2012.pdf"
"COPIAR","OK","E:\Thiago\Dev\PCA_Multiexercicio_Referencias\Base Legal CLC - Atualizada Maio.2026\Normativos Estado do Piauí\Decreto Estadual - n15.093212013 - 2013.pdf","C:\Users\thiagonogueira\OneDrive - mppi.mp.br\CLC\01_Processos_e_Aquisicoes\Base de Conhecimento - Thiago\01_Normativos_Vigentes\02_Estadual_PI\Decretos\Decreto Estadual - n15.093212013 - 2013.pdf"
"COPIAR","OK","E:\Thiago\Dev\PCA_Multiexercicio_Referencias\Base Legal CLC - Atualizada Maio.2026\Normativos Estado do Piauí\Decreto Estadual - n15.943192015 - 2015.pdf","C:\Users\thiagonogueira\OneDrive - mppi.mp.br\CLC\01_Processos_e_Aquisicoes\Base de Conhecimento - Thiago\01_Normativos_Vigentes\02_Estadual_PI\Decretos\Decreto Estadual - n15.943192015 - 2015.pdf"
"COPIAR","OK","E:\Thiago\Dev\PCA_Multiexercicio_Referencias\Base Legal CLC - Atualizada Maio.2026\Normativos Estado do Piauí\Decreto Estadual - n16.21252015 - 2015.pdf","C:\Users\thiagonogueira\OneDrive - mppi.mp.br\CLC\01_Processos_e_Aquisicoes\Base de Conhecimento - Thiago\01_Normativos_Vigentes\02_Estadual_PI\Decretos\Decreto Estadual - n16.21252015 - 2015.pdf"
"COPIAR","OK","E:\Thiago\Dev\PCA_Multiexercicio_Referencias\Base Legal CLC - Atualizada Maio.2026\Normativos Estado do Piauí\Decreto Estadual - n16.266032015 - 2015.pdf","C:\Users\thiagonogueira\OneDrive - mppi.mp.br\CLC\01_Processos_e_Aquisicoes\Base de Conhecimento - Thiago\01_Normativos_Vigentes\02_Estadual_PI\Decretos\Decreto Estadual - n16.266032015 - 2015.pdf"
"COPIAR","OK","E:\Thiago\Dev\PCA_Multiexercicio_Referencias\Base Legal CLC - Atualizada Maio.2026\Normativos Estado do Piauí\Decreto Estadual - n16.73722016 - 2016.pdf","C:\Users\thiagonogueira\OneDrive - mppi.mp.br\CLC\01_Processos_e_Aquisicoes\Base de Conhecimento - Thiago\01_Normativos_Vigentes\02_Estadual_PI\Decretos\Decreto Estadual - n16.73722016 - 2016.pdf"
"COPIAR","OK","E:\Thiago\Dev\PCA_Multiexercicio_Referencias\Base Legal CLC - Atualizada Maio.2026\Normativos Estado do Piauí\Decreto Estadual - n17.084032017 - 2017.pdf","C:\Users\thiagonogueira\OneDrive - mppi.mp.br\CLC\01_Processos_e_Aquisicoes\Base de Conhecimento - Thiago\01_Normativos_Vigentes\02_Estadual_PI\Decretos\Decreto Estadual - n17.084032017 - 2017.pdf"
"COPIAR","OK","E:\Thiago\Dev\PCA_Multiexercicio_Referencias\Base Legal CLC - Atualizada Maio.2026\Normativos Estado do Piauí\Decreto Estadual - n19.841062021 - 2021.pdf","C:\Users\thiagonogueira\OneDrive - mppi.mp.br\CLC\01_Processos_e_Aquisicoes\Base de Conhecimento - Thiago\01_Normativos_Vigentes\02_Estadual_PI\Decretos\Decreto Estadual - n19.841062021 - 2021.pdf"
"COPIAR","OK","E:\Thiago\Dev\PCA_Multiexercicio_Referencias\Base Legal CLC - Atualizada Maio.2026\Normativos Estado do Piauí\Decreto Estadual - n20.096112021 - 2021.pdf","C:\Users\thiagonogueira\OneDrive - mppi.mp.br\CLC\01_Processos_e_Aquisicoes\Base de Conhecimento - Thiago\01_Normativos_Vigentes\02_Estadual_PI\Decretos\Decreto Estadual - n20.096112021 - 2021.pdf"
"COPIAR","OK","E:\Thiago\Dev\PCA_Multiexercicio_Referencias\Base Legal CLC - Atualizada Maio.2026\Normativos Estado do Piauí\Decreto Estadual - n20.110132021 - 2021.pdf","C:\Users\thiagonogueira\OneDrive - mppi.mp.br\CLC\01_Processos_e_Aquisicoes\Base de Conhecimento - Thiago\01_Normativos_Vigentes\02_Estadual_PI\Decretos\Decreto Estadual - n20.110132021 - 2021.pdf"
"COPIAR","OK","E:\Thiago\Dev\PCA_Multiexercicio_Referencias\Base Legal CLC - Atualizada Maio.2026\Normativos Estado do Piauí\Decreto Estadual - n21.812092023 - 2023.pdf","C:\Users\thiagonogueira\OneDrive - mppi.mp.br\CLC\01_Processos_e_Aquisicoes\Base de Conhecimento - Thiago\01_Normativos_Vigentes\02_Estadual_PI\Decretos\Decreto Estadual - n21.812092023 - 2023.pdf"
"COPIAR","OK","E:\Thiago\Dev\PCA_Multiexercicio_Referencias\Base Legal CLC - Atualizada Maio.2026\Normativos Estado do Piauí\Decreto Estadual - n21.813092023 - 2023.pdf","C:\Users\thiagonogueira\OneDrive - mppi.mp.br\CLC\01_Processos_e_Aquisicoes\Base de Conhecimento - Thiago\01_Normativos_Vigentes\02_Estadual_PI\Decretos\Decreto Estadual - n21.813092023 - 2023.pdf"
"COPIAR","OK","E:\Thiago\Dev\PCA_Multiexercicio_Referencias\Base Legal CLC - Atualizada Maio.2026\Normativos Estado do Piauí\Decreto Estadual - n21.872072023 - 2023.pdf","C:\Users\thiagonogueira\OneDrive - mppi.mp.br\CLC\01_Processos_e_Aquisicoes\Base de Conhecimento - Thiago\01_Normativos_Vigentes\02_Estadual_PI\Decretos\Decreto Estadual - n21.872072023 - 2023.pdf"
"COPIAR","OK","E:\Thiago\Dev\PCA_Multiexercicio_Referencias\Base Legal CLC - Atualizada Maio.2026\Normativos Estado do Piauí\Decreto Estadual - n21.910172023 - 2023.pdf","C:\Users\thiagonogueira\OneDrive - mppi.mp.br\CLC\01_Processos_e_Aquisicoes\Base de Conhecimento - Thiago\01_Normativos_Vigentes\02_Estadual_PI\Decretos\Decreto Estadual - n21.910172023 - 2023.pdf"
"COPIAR","OK","E:\Thiago\Dev\PCA_Multiexercicio_Referencias\Base Legal CLC - Atualizada Maio.2026\Normativos Estado do Piauí\Decreto Estadual - n21.938282023 - 2023.pdf","C:\Users\thiagonogueira\OneDrive - mppi.mp.br\CLC\01_Processos_e_Aquisicoes\Base de Conhecimento - Thiago\01_Normativos_Vigentes\02_Estadual_PI\Decretos\Decreto Estadual - n21.938282023 - 2023.pdf"
"COPIAR","OK","E:\Thiago\Dev\PCA_Multiexercicio_Referencias\Base Legal CLC - Atualizada Maio.2026\Normativos Estado do Piauí\Decreto Estadual - n21.980132023 - 2023.pdf","C:\Users\thiagonogueira\OneDrive - mppi.mp.br\CLC\01_Processos_e_Aquisicoes\Base de Conhecimento - Thiago\01_Normativos_Vigentes\02_Estadual_PI\Decretos\Decreto Estadual - n21.980132023 - 2023.pdf"
"COPIAR","OK","E:\Thiago\Dev\PCA_Multiexercicio_Referencias\Base Legal CLC - Atualizada Maio.2026\Normativos Estado do Piauí\Decreto Estadual - n22.023262023 - 2023.pdf","C:\Users\thiagonogueira\OneDrive - mppi.mp.br\CLC\01_Processos_e_Aquisicoes\Base de Conhecimento - Thiago\01_Normativos_Vigentes\02_Estadual_PI\Decretos\Decreto Estadual - n22.023262023 - 2023.pdf"
"COPIAR","OK","E:\Thiago\Dev\PCA_Multiexercicio_Referencias\Base Legal CLC - Atualizada Maio.2026\Normativos Estado do Piauí\Decreto Estadual - n22.089192023 - 2023.pdf","C:\Users\thiagonogueira\OneDrive - mppi.mp.br\CLC\01_Processos_e_Aquisicoes\Base de Conhecimento - Thiago\01_Normativos_Vigentes\02_Estadual_PI\Decretos\Decreto Estadual - n22.089192023 - 2023.pdf"
"COPIAR","OK","E:\Thiago\Dev\PCA_Multiexercicio_Referencias\Base Legal CLC - Atualizada Maio.2026\Normativos Estado do Piauí\Decreto Estadual - n22.380052023 - 2023.pdf","C:\Users\thiagonogueira\OneDrive - mppi.mp.br\CLC\01_Processos_e_Aquisicoes\Base de Conhecimento - Thiago\01_Normativos_Vigentes\02_Estadual_PI\Decretos\Decreto Estadual - n22.380052023 - 2023.pdf"
"COPIAR","OK","E:\Thiago\Dev\PCA_Multiexercicio_Referencias\Base Legal CLC - Atualizada Maio.2026\Normativos Estado do Piauí\Decreto Estadual - n22.652272023 - 2023.pdf","C:\Users\thiagonogueira\OneDrive - mppi.mp.br\CLC\01_Processos_e_Aquisicoes\Base de Conhecimento - Thiago\01_Normativos_Vigentes\02_Estadual_PI\Decretos\Decreto Estadual - n22.652272023 - 2023.pdf"
"COPIAR","OK","E:\Thiago\Dev\PCA_Multiexercicio_Referencias\Base Legal CLC - Atualizada Maio.2026\Normativos Estado do Piauí\Decreto Estadual - n22.737062024 - 2024.pdf","C:\Users\thiagonogueira\OneDrive - mppi.mp.br\CLC\01_Processos_e_Aquisicoes\Base de Conhecimento - Thiago\01_Normativos_Vigentes\02_Estadual_PI\Decretos\Decreto Estadual - n22.737062024 - 2024.pdf"
"COPIAR","OK","E:\Thiago\Dev\PCA_Multiexercicio_Referencias\Base Legal CLC - Atualizada Maio.2026\Normativos Estado do Piauí\Decreto Estadual - n22.822112024 - 2024.pdf","C:\Users\thiagonogueira\OneDrive - mppi.mp.br\CLC\01_Processos_e_Aquisicoes\Base de Conhecimento - Thiago\01_Normativos_Vigentes\02_Estadual_PI\Decretos\Decreto Estadual - n22.822112024 - 2024.pdf"
"COPIAR","OK","E:\Thiago\Dev\PCA_Multiexercicio_Referencias\Base Legal CLC - Atualizada Maio.2026\Normativos Estado do Piauí\Decreto Estadual - n23.891122025 - 2025.pdf","C:\Users\thiagonogueira\OneDrive - mppi.mp.br\CLC\01_Processos_e_Aquisicoes\Base de Conhecimento - Thiago\01_Normativos_Vigentes\02_Estadual_PI\Decretos\Decreto Estadual - n23.891122025 - 2025.pdf"
"COPIAR","OK","E:\Thiago\Dev\PCA_Multiexercicio_Referencias\Base Legal CLC - Atualizada Maio.2026\Normativos Estado do Piauí\Instrução Normativa Estadual - n00012013 - 2013.pdf","C:\Users\thiagonogueira\OneDrive - mppi.mp.br\CLC\01_Processos_e_Aquisicoes\Base de Conhecimento - Thiago\01_Normativos_Vigentes\02_Estadual_PI\Instrucoes_Normativas\Instrução Normativa Estadual - n00012013 - 2013.pdf"
"COPIAR","OK","E:\Thiago\Dev\PCA_Multiexercicio_Referencias\Base Legal CLC - Atualizada Maio.2026\Normativos Estado do Piauí\Instrução Normativa Estadual - n00012015 - 2015.pdf","C:\Users\thiagonogueira\OneDrive - mppi.mp.br\CLC\01_Processos_e_Aquisicoes\Base de Conhecimento - Thiago\01_Normativos_Vigentes\02_Estadual_PI\Instrucoes_Normativas\Instrução Normativa Estadual - n00012015 - 2015.pdf"
"COPIAR","OK","E:\Thiago\Dev\PCA_Multiexercicio_Referencias\Base Legal CLC - Atualizada Maio.2026\Normativos Estado do Piauí\Instrução Normativa Estadual - n00012021 - 2021.pdf","C:\Users\thiagonogueira\OneDrive - mppi.mp.br\CLC\01_Processos_e_Aquisicoes\Base de Conhecimento - Thiago\01_Normativos_Vigentes\02_Estadual_PI\Instrucoes_Normativas\Instrução Normativa Estadual - n00012021 - 2021.pdf"
"COPIAR","OK","E:\Thiago\Dev\PCA_Multiexercicio_Referencias\Base Legal CLC - Atualizada Maio.2026\Normativos Estado do Piauí\Lei Estadual - n7.482182021 - 2021.pdf","C:\Users\thiagonogueira\OneDrive - mppi.mp.br\CLC\01_Processos_e_Aquisicoes\Base de Conhecimento - Thiago\01_Normativos_Vigentes\02_Estadual_PI\Leis\Lei Estadual - n7.482182021 - 2021.pdf"
"COPIAR","OK","E:\Thiago\Dev\PCA_Multiexercicio_Referencias\Base Legal CLC - Atualizada Maio.2026\Normativos Estado do Piauí\Lei Estadual - n7.612272021 - 2021.pdf","C:\Users\thiagonogueira\OneDrive - mppi.mp.br\CLC\01_Processos_e_Aquisicoes\Base de Conhecimento - Thiago\01_Normativos_Vigentes\02_Estadual_PI\Leis\Lei Estadual - n7.612272021 - 2021.pdf"
"COPIAR","OK","E:\Thiago\Dev\PCA_Multiexercicio_Referencias\Base Legal CLC - Atualizada Maio.2026\Normativos Estado do Piauí\Nota Técnica Estadual - n032020112020 - 2020.pdf","C:\Users\thiagonogueira\OneDrive - mppi.mp.br\CLC\01_Processos_e_Aquisicoes\Base de Conhecimento - Thiago\01_Normativos_Vigentes\02_Estadual_PI\Acordaos_Pareceres_Orientacoes\Nota Técnica Estadual - n032020112020 - 2020.pdf"
"COPIAR","OK","E:\Thiago\Dev\PCA_Multiexercicio_Referencias\Base Legal CLC - Atualizada Maio.2026\Normativos Estado do Piauí\Portaria Estadual - n..0342021 - 2021.pdf","C:\Users\thiagonogueira\OneDrive - mppi.mp.br\CLC\01_Processos_e_Aquisicoes\Base de Conhecimento - Thiago\01_Normativos_Vigentes\02_Estadual_PI\Portarias\Portaria Estadual - n..0342021 - 2021.pdf"
"COPIAR","OK","E:\Thiago\Dev\PCA_Multiexercicio_Referencias\Base Legal CLC - Atualizada Maio.2026\Normativos Estado do Piauí\Portaria Estadual - n0012024. - 2024.pdf","C:\Users\thiagonogueira\OneDrive - mppi.mp.br\CLC\01_Processos_e_Aquisicoes\Base de Conhecimento - Thiago\01_Normativos_Vigentes\02_Estadual_PI\Portarias\Portaria Estadual - n0012024. - 2024.pdf"
"COPIAR","OK","E:\Thiago\Dev\PCA_Multiexercicio_Referencias\Base Legal CLC - Atualizada Maio.2026\Normativos Estado do Piauí\Resolução Estadual - n0022021182021 - 2021.pdf","C:\Users\thiagonogueira\OneDrive - mppi.mp.br\CLC\01_Processos_e_Aquisicoes\Base de Conhecimento - Thiago\01_Normativos_Vigentes\02_Estadual_PI\Resolucoes\Resolução Estadual - n0022021182021 - 2021.pdf"
"COPIAR","OK","E:\Thiago\Dev\PCA_Multiexercicio_Referencias\Base Legal CLC - Atualizada Maio.2026\Normativos Estado do Piauí\Loa 2026\loa-2026-lei-8.914.2025.pdf","C:\Users\thiagonogueira\OneDrive - mppi.mp.br\CLC\01_Processos_e_Aquisicoes\Base de Conhecimento - Thiago\04_Sistemas_e_Catalogos\Orcamento_LOA_2026\loa-2026-lei-8.914.2025.pdf"
"COPIAR","OK","E:\Thiago\Dev\PCA_Multiexercicio_Referencias\Base Legal CLC - Atualizada Maio.2026\Normativos Federais\Federal -  CF - 88.md","C:\Users\thiagonogueira\OneDrive - mppi.mp.br\CLC\01_Processos_e_Aquisicoes\Base de Conhecimento - Thiago\01_Normativos_Vigentes\01_Federal\Constituicao\Federal -  CF - 88_2.md"
"COPIAR","OK","E:\Thiago\Dev\PCA_Multiexercicio_Referencias\Base Legal CLC - Atualizada Maio.2026\Normativos Federais\Federal - Lei 14133.2021.md","C:\Users\thiagonogueira\OneDrive - mppi.mp.br\CLC\01_Processos_e_Aquisicoes\Base de Conhecimento - Thiago\01_Normativos_Vigentes\01_Federal\Leis\Federal - Lei 14133.2021_2.md"
"COPIAR","OK","E:\Thiago\Dev\PCA_Multiexercicio_Referencias\Base Legal CLC - Atualizada Maio.2026\Normativos Federais\Portaria Fedral - n8678.0 - 2021.pdf","C:\Users\thiagonogueira\OneDrive - mppi.mp.br\CLC\01_Processos_e_Aquisicoes\Base de Conhecimento - Thiago\01_Normativos_Vigentes\01_Federal\Portarias\Portaria Fedral - n8678.0 - 2021.pdf"
"COPIAR","OK","E:\Thiago\Dev\PCA_Multiexercicio_Referencias\Base Legal CLC - Atualizada Maio.2026\Normativos MPPI\Ato PGJMPPI - n1381.0 - 2024.pdf","C:\Users\thiagonogueira\OneDrive - mppi.mp.br\CLC\01_Processos_e_Aquisicoes\Base de Conhecimento - Thiago\01_Normativos_Vigentes\03_MPPI\Atos\Ato PGJMPPI - n1381.0 - 2024.pdf"
"COPIAR","OK","E:\Thiago\Dev\PCA_Multiexercicio_Referencias\Base Legal CLC - Atualizada Maio.2026\Normativos MPPI\Ato PGJMPPI - n1382.0 - 2024.pdf","C:\Users\thiagonogueira\OneDrive - mppi.mp.br\CLC\01_Processos_e_Aquisicoes\Base de Conhecimento - Thiago\01_Normativos_Vigentes\03_MPPI\Atos\Ato PGJMPPI - n1382.0 - 2024.pdf"
"COPIAR","OK","E:\Thiago\Dev\PCA_Multiexercicio_Referencias\Base Legal CLC - Atualizada Maio.2026\Normativos MPPI\Ato PGJMPPI - n1383.0 - 2024.pdf","C:\Users\thiagonogueira\OneDrive - mppi.mp.br\CLC\01_Processos_e_Aquisicoes\Base de Conhecimento - Thiago\01_Normativos_Vigentes\03_MPPI\Atos\Ato PGJMPPI - n1383.0 - 2024.pdf"
"COPIAR","OK","E:\Thiago\Dev\PCA_Multiexercicio_Referencias\Base Legal CLC - Atualizada Maio.2026\Normativos MPPI\Ato PGJMPPI - n1413.0 - 2024.pdf","C:\Users\thiagonogueira\OneDrive - mppi.mp.br\CLC\01_Processos_e_Aquisicoes\Base de Conhecimento - Thiago\01_Normativos_Vigentes\03_MPPI\Atos\Ato PGJMPPI - n1413.0 - 2024.pdf"
"COPIAR","OK","E:\Thiago\Dev\PCA_Multiexercicio_Referencias\Base Legal CLC - Atualizada Maio.2026\Normativos MPPI\Ato PGJMPPI - n1414.0 - 2024.pdf","C:\Users\thiagonogueira\OneDrive - mppi.mp.br\CLC\01_Processos_e_Aquisicoes\Base de Conhecimento - Thiago\01_Normativos_Vigentes\03_MPPI\Atos\Ato PGJMPPI - n1414.0 - 2024.pdf"
"COPIAR","OK","E:\Thiago\Dev\PCA_Multiexercicio_Referencias\Base Legal CLC - Atualizada Maio.2026\Normativos MPPI\Ato PGJMPPI - n1415.0 - 2024.pdf","C:\Users\thiagonogueira\OneDrive - mppi.mp.br\CLC\01_Processos_e_Aquisicoes\Base de Conhecimento - Thiago\01_Normativos_Vigentes\03_MPPI\Atos\Ato PGJMPPI - n1415.0 - 2024.pdf"
"COPIAR","OK","E:\Thiago\Dev\PCA_Multiexercicio_Referencias\Base Legal CLC - Atualizada Maio.2026\Normativos MPPI\Ato PGJMPPI - n1448.0 - 2024.pdf","C:\Users\thiagonogueira\OneDrive - mppi.mp.br\CLC\01_Processos_e_Aquisicoes\Base de Conhecimento - Thiago\01_Normativos_Vigentes\03_MPPI\Atos\Ato PGJMPPI - n1448.0 - 2024.pdf"
"COPIAR","OK","E:\Thiago\Dev\PCA_Multiexercicio_Referencias\Base Legal CLC - Atualizada Maio.2026\Normativos MPPI\Ato PGJMPPI - n1449.0 - 2024.pdf","C:\Users\thiagonogueira\OneDrive - mppi.mp.br\CLC\01_Processos_e_Aquisicoes\Base de Conhecimento - Thiago\01_Normativos_Vigentes\03_MPPI\Atos\Ato PGJMPPI - n1449.0 - 2024.pdf"
"COPIAR","OK","E:\Thiago\Dev\PCA_Multiexercicio_Referencias\Base Legal CLC - Atualizada Maio.2026\Normativos MPPI\Ato PGJMPPI - n1456.0 - 2024.pdf","C:\Users\thiagonogueira\OneDrive - mppi.mp.br\CLC\01_Processos_e_Aquisicoes\Base de Conhecimento - Thiago\01_Normativos_Vigentes\03_MPPI\Atos\Ato PGJMPPI - n1456.0 - 2024.pdf"
"COPIAR","OK","E:\Thiago\Dev\PCA_Multiexercicio_Referencias\Base Legal CLC - Atualizada Maio.2026\Normativos MPPI\Ato PGJMPPI - n1480.0 - 2025.pdf","C:\Users\thiagonogueira\OneDrive - mppi.mp.br\CLC\01_Processos_e_Aquisicoes\Base de Conhecimento - Thiago\01_Normativos_Vigentes\03_MPPI\Atos\Ato PGJMPPI - n1480.0 - 2025.pdf"
"COPIAR","OK","E:\Thiago\Dev\PCA_Multiexercicio_Referencias\Base Legal CLC - Atualizada Maio.2026\Normativos MPPI\Manifestação Jurídico Referencial - MJR - n92 - 2024.pdf","C:\Users\thiagonogueira\OneDrive - mppi.mp.br\CLC\01_Processos_e_Aquisicoes\Base de Conhecimento - Thiago\02_Jurisprudencia_e_Orientacoes\MJRs_MPPI\Manifestação Jurídico Referencial - MJR - n92 - 2024.pdf"
"COPIAR","OK","E:\Thiago\Dev\PCA_Multiexercicio_Referencias\Base Legal CLC - Atualizada Maio.2026\Normativos MPPI\MJR n56 - 2025 - Substituição de Marca.pdf","C:\Users\thiagonogueira\OneDrive - mppi.mp.br\CLC\01_Processos_e_Aquisicoes\Base de Conhecimento - Thiago\02_Jurisprudencia_e_Orientacoes\MJRs_MPPI\MJR n56 - 2025 - Substituição de Marca.pdf"
"COPIAR","OK","E:\Thiago\Dev\PCA_Multiexercicio_Referencias\Base Legal CLC - Atualizada Maio.2026\Normativos MPPI\Portaria PGJMPPI - n3315.0 - 2025.pdf","C:\Users\thiagonogueira\OneDrive - mppi.mp.br\CLC\01_Processos_e_Aquisicoes\Base de Conhecimento - Thiago\01_Normativos_Vigentes\03_MPPI\Portarias\Portaria PGJMPPI - n3315.0 - 2025.pdf"
"COPIAR","OK","E:\Thiago\Dev\PCA_Multiexercicio_Referencias\Base Legal CLC - Atualizada Maio.2026\Normativos MPPI\Portaria PGJMPPI - n3447.0 - 2024.pdf","C:\Users\thiagonogueira\OneDrive - mppi.mp.br\CLC\01_Processos_e_Aquisicoes\Base de Conhecimento - Thiago\01_Normativos_Vigentes\03_MPPI\Portarias\Portaria PGJMPPI - n3447.0 - 2024.pdf"
"COPIAR","OK","E:\Thiago\Dev\PCA_Multiexercicio_Referencias\Base Legal CLC - Atualizada Maio.2026\Normativos MPPI\Portaria PGJMPPI - n3448.0 - 2024.pdf","C:\Users\thiagonogueira\OneDrive - mppi.mp.br\CLC\01_Processos_e_Aquisicoes\Base de Conhecimento - Thiago\01_Normativos_Vigentes\03_MPPI\Portarias\Portaria PGJMPPI - n3448.0 - 2024.pdf"
"COPIAR","OK","E:\Thiago\Dev\PCA_Multiexercicio_Referencias\Base Legal CLC - Atualizada Maio.2026\Normativos MPPI\Portaria PGJMPPI - n4333.0 - 2024.pdf","C:\Users\thiagonogueira\OneDrive - mppi.mp.br\CLC\01_Processos_e_Aquisicoes\Base de Conhecimento - Thiago\01_Normativos_Vigentes\03_MPPI\Portarias\Portaria PGJMPPI - n4333.0 - 2024.pdf"
"COPIAR","OK","E:\Thiago\Dev\PCA_Multiexercicio_Referencias\Base Legal CLC - Atualizada Maio.2026\Normativos MPPI\Portaria PGJMPPI - n4335.0 - 2024.pdf","C:\Users\thiagonogueira\OneDrive - mppi.mp.br\CLC\01_Processos_e_Aquisicoes\Base de Conhecimento - Thiago\01_Normativos_Vigentes\03_MPPI\Portarias\Portaria PGJMPPI - n4335.0 - 2024.pdf"
"COPIAR","OK","E:\Thiago\Dev\PCA_Multiexercicio_Referencias\Base Legal CLC - Atualizada Maio.2026\Normativos MPPI\Portaria PGJMPPI - n870.0 - 2025.pdf","C:\Users\thiagonogueira\OneDrive - mppi.mp.br\CLC\01_Processos_e_Aquisicoes\Base de Conhecimento - Thiago\01_Normativos_Vigentes\03_MPPI\Portarias\Portaria PGJMPPI - n870.0 - 2025.pdf"
"COPIAR","OK","E:\Thiago\Dev\PCA_Multiexercicio_Referencias\Base Legal CLC - Atualizada Maio.2026\Normativos MPPI\Portaria PGJMPPI - n942.0 - 2025.pdf","C:\Users\thiagonogueira\OneDrive - mppi.mp.br\CLC\01_Processos_e_Aquisicoes\Base de Conhecimento - Thiago\01_Normativos_Vigentes\03_MPPI\Portarias\Portaria PGJMPPI - n942.0 - 2025.pdf"
"COPIAR","OK","E:\Thiago\Dev\PCA_Multiexercicio_Referencias\Base Legal CLC - Atualizada Maio.2026\Normativos MPPI\Atos\Ato PGJ 0479.2013 - Dispoe sobre a organizacao administrativa do MPPI.md","C:\Users\thiagonogueira\OneDrive - mppi.mp.br\CLC\01_Processos_e_Aquisicoes\Base de Conhecimento - Thiago\01_Normativos_Vigentes\03_MPPI\Atos\Ato PGJ 0479.2013 - Dispoe sobre a organizacao administrativa do MPPI.md"
"COPIAR","OK","E:\Thiago\Dev\PCA_Multiexercicio_Referencias\Base Legal CLC - Atualizada Maio.2026\Normativos MPPI\Atos\Ato PGJ 1382.2024 - Regulamenta a Implementação da 14133 no MPPI.md","C:\Users\thiagonogueira\OneDrive - mppi.mp.br\CLC\01_Processos_e_Aquisicoes\Base de Conhecimento - Thiago\01_Normativos_Vigentes\03_MPPI\Atos\Ato PGJ 1382.2024 - Regulamenta a Implementação da 14133 no MPPI_2.md"
"COPIAR","OK","E:\Thiago\Dev\PCA_Multiexercicio_Referencias\Base Legal CLC - Atualizada Maio.2026\Normativos MPPI\Atos\Ato PGJ 1413.2024 - Altera Ato PGJ 1382.2024.md","C:\Users\thiagonogueira\OneDrive - mppi.mp.br\CLC\01_Processos_e_Aquisicoes\Base de Conhecimento - Thiago\01_Normativos_Vigentes\03_MPPI\Atos\Ato PGJ 1413.2024 - Altera Ato PGJ 1382.2024_2.md"
"COPIAR","OK","E:\Thiago\Dev\PCA_Multiexercicio_Referencias\Base Legal CLC - Atualizada Maio.2026\Normativos MPPI\MJR's\MJR nº 562025APPL - Troca de Marca Contrato ou ARP\MJR 56 - Pedido de Substituição de Marca.pdf","C:\Users\thiagonogueira\OneDrive - mppi.mp.br\CLC\01_Processos_e_Aquisicoes\Base de Conhecimento - Thiago\02_Jurisprudencia_e_Orientacoes\MJRs_MPPI\MJR 56 - Pedido de Substituição de Marca.pdf"
"COPIAR","OK","E:\Thiago\Dev\PCA_Multiexercicio_Referencias\Base Legal CLC - Atualizada Maio.2026\Normativos MPPI\PCA 2026\PCA 2026 - Versão 2.0 - MPPI.pdf","C:\Users\thiagonogueira\OneDrive - mppi.mp.br\CLC\01_Processos_e_Aquisicoes\Base de Conhecimento - Thiago\01_Normativos_Vigentes\03_MPPI\PCA_2026\PCA 2026 - Versão 2.0 - MPPI.pdf"
"COPIAR","OK","E:\Thiago\Dev\PCA_Multiexercicio_Referencias\Base Legal CLC - Atualizada Maio.2026\Normativos MPPI\PCA 2026\PCA 2026 - Versão 3.0 - MPPI.pdf","C:\Users\thiagonogueira\OneDrive - mppi.mp.br\CLC\01_Processos_e_Aquisicoes\Base de Conhecimento - Thiago\01_Normativos_Vigentes\03_MPPI\PCA_2026\PCA 2026 - Versão 3.0 - MPPI.pdf"
"COPIAR","OK","E:\Thiago\Dev\PCA_Multiexercicio_Referencias\Base Legal CLC - Atualizada Maio.2026\Normativos MPPI\PCA 2026\PCA 2026.pdf","C:\Users\thiagonogueira\OneDrive - mppi.mp.br\CLC\01_Processos_e_Aquisicoes\Base de Conhecimento - Thiago\01_Normativos_Vigentes\03_MPPI\PCA_2026\PCA 2026.pdf"
"COPIAR","OK","E:\Thiago\Dev\PCA_Multiexercicio_Referencias\Base Legal CLC - Atualizada Maio.2026\Normativos TJPI\Fluxogramas_Atualizados.pdf","C:\Users\thiagonogueira\OneDrive - mppi.mp.br\CLC\01_Processos_e_Aquisicoes\Base de Conhecimento - Thiago\01_Normativos_Vigentes\06_TJPI\Outros_Normativos\Fluxogramas_Atualizados.pdf"
"COPIAR","OK","E:\Thiago\Dev\PCA_Multiexercicio_Referencias\Base Legal CLC - Atualizada Maio.2026\Normativos TJPI\MANUAL Lic -TJ-PI-2023-2024.pdf","C:\Users\thiagonogueira\OneDrive - mppi.mp.br\CLC\01_Processos_e_Aquisicoes\Base de Conhecimento - Thiago\01_Normativos_Vigentes\06_TJPI\Manuais_e_Guias_Tecnicos\MANUAL Lic -TJ-PI-2023-2024.pdf"
"COPIAR","OK","E:\Thiago\Dev\PCA_Multiexercicio_Referencias\Base Legal CLC - Atualizada Maio.2026\Normativos TJPI\Portaria_n_2899_2023-dispensa_licitacao.pdf","C:\Users\thiagonogueira\OneDrive - mppi.mp.br\CLC\01_Processos_e_Aquisicoes\Base de Conhecimento - Thiago\01_Normativos_Vigentes\06_TJPI\Portarias\Portaria_n_2899_2023-dispensa_licitacao.pdf"
"COPIAR","OK","E:\Thiago\Dev\PCA_Multiexercicio_Referencias\Base Legal CLC - Atualizada Maio.2026\Normativos TJPI\SEI_TJPI - 6640734 - Provimento 13.2025 - Regulamenta Obras, serviços, compras e alienações n.pdf","C:\Users\thiagonogueira\OneDrive - mppi.mp.br\CLC\01_Processos_e_Aquisicoes\Base de Conhecimento - Thiago\01_Normativos_Vigentes\06_TJPI\Outros_Normativos\SEI_TJPI - 6640734 - Provimento 13.2025 - Regulamenta Obras, serviços, compras e alienações n.pdf"
"COPIAR","OK","E:\Thiago\Dev\PCA_Multiexercicio_Referencias\Base Legal CLC - Atualizada Maio.2026\Normativos TJPI\SEI_TJPI - 7071569 - Justificativa (Parecer Agente).pdf","C:\Users\thiagonogueira\OneDrive - mppi.mp.br\CLC\01_Processos_e_Aquisicoes\Base de Conhecimento - Thiago\01_Normativos_Vigentes\06_TJPI\Acordaos_Pareceres_Orientacoes\SEI_TJPI - 7071569 - Justificativa (Parecer Agente).pdf"
"COPIAR","OK","E:\Thiago\Dev\PCA_Multiexercicio_Referencias\Base Legal CLC - Atualizada Maio.2026\Normativos TJPI\SEI_TJPI - 7097234 - Análise de Primeira Linha da SLC.pdf","C:\Users\thiagonogueira\OneDrive - mppi.mp.br\CLC\01_Processos_e_Aquisicoes\Base de Conhecimento - Thiago\01_Normativos_Vigentes\06_TJPI\Outros_Normativos\SEI_TJPI - 7097234 - Análise de Primeira Linha da SLC.pdf"
"COPIAR","OK","E:\Thiago\Dev\PCA_Multiexercicio_Referencias\Base Legal CLC - Atualizada Maio.2026\Normativos TJPI\SEI_TJPI - 7123034 - Lista de Verificação SGC.pdf","C:\Users\thiagonogueira\OneDrive - mppi.mp.br\CLC\01_Processos_e_Aquisicoes\Base de Conhecimento - Thiago\01_Normativos_Vigentes\06_TJPI\Outros_Normativos\SEI_TJPI - 7123034 - Lista de Verificação SGC.pdf"
"COPIAR","OK","E:\Thiago\Dev\PCA_Multiexercicio_Referencias\Base Legal CLC - Atualizada Maio.2026\Normativos TJPI\SEI_TJPI - 7134934 - Lista de Verificação (SLC).pdf","C:\Users\thiagonogueira\OneDrive - mppi.mp.br\CLC\01_Processos_e_Aquisicoes\Base de Conhecimento - Thiago\01_Normativos_Vigentes\06_TJPI\Outros_Normativos\SEI_TJPI - 7134934 - Lista de Verificação (SLC).pdf"
"COPIAR","OK","E:\Thiago\Dev\PCA_Multiexercicio_Referencias\Base Legal CLC - Atualizada Maio.2026\Normativos TJPI\SEI_TJPI - 7176291 - Aviso Dispensa Licitação.pdf","C:\Users\thiagonogueira\OneDrive - mppi.mp.br\CLC\01_Processos_e_Aquisicoes\Base de Conhecimento - Thiago\01_Normativos_Vigentes\06_TJPI\Outros_Normativos\SEI_TJPI - 7176291 - Aviso Dispensa Licitação.pdf"
"COPIAR","OK","E:\Thiago\Dev\PCA_Multiexercicio_Referencias\Base Legal CLC - Atualizada Maio.2026\_ARQUIVAR\Manuais, cadernos, cursos e outros\Manuais\AGU – Parecer nº 00453-2024 – Renovação de quantitativos em caso de prorrogação da ata de registro de preços.pdf","C:\Users\thiagonogueira\OneDrive - mppi.mp.br\CLC\01_Processos_e_Aquisicoes\Base de Conhecimento - Thiago\05_Doutrina_e_Biblioteca\Biblioteca_Manuais_e_Cursos\Manuais\AGU – Parecer nº 00453-2024 – Renovação de quantitativos em caso de prorrogação da ata de registro de preços.pdf"
"COPIAR","OK","E:\Thiago\Dev\PCA_Multiexercicio_Referencias\Base Legal CLC - Atualizada Maio.2026\_ARQUIVAR\Manuais, cadernos, cursos e outros\Manuais\Apostila - CURSO DE CONTRATAÇÃO DIRETA E DISPENSA ELETRÔNICA COM IA - JAMIL - IINEX_ocred.pdf","C:\Users\thiagonogueira\OneDrive - mppi.mp.br\CLC\01_Processos_e_Aquisicoes\Base de Conhecimento - Thiago\05_Doutrina_e_Biblioteca\Biblioteca_Manuais_e_Cursos\Manuais\Apostila - CURSO DE CONTRATAÇÃO DIRETA E DISPENSA ELETRÔNICA COM IA - JAMIL - IINEX_ocred.pdf"
"COPIAR","OK","E:\Thiago\Dev\PCA_Multiexercicio_Referencias\Base Legal CLC - Atualizada Maio.2026\_ARQUIVAR\Manuais, cadernos, cursos e outros\Manuais\Artigo - A existência de prop inferiores de outros profis impede a contratação por inex de not especialista.pdf","C:\Users\thiagonogueira\OneDrive - mppi.mp.br\CLC\01_Processos_e_Aquisicoes\Base de Conhecimento - Thiago\05_Doutrina_e_Biblioteca\Biblioteca_Manuais_e_Cursos\Manuais\Artigo - A existência de prop inferiores de outros profis impede a contratação por inex de not especialista.pdf"
"COPIAR","OK","E:\Thiago\Dev\PCA_Multiexercicio_Referencias\Base Legal CLC - Atualizada Maio.2026\_ARQUIVAR\Manuais, cadernos, cursos e outros\Manuais\Artigo - A fase recursal na nova Lei de Licitaçõesuma análise comparativa com as Leis n°8.66693, 10.5202002 e 12.462.pdf","C:\Users\thiagonogueira\OneDrive - mppi.mp.br\CLC\01_Processos_e_Aquisicoes\Base de Conhecimento - Thiago\05_Doutrina_e_Biblioteca\Biblioteca_Manuais_e_Cursos\Manuais\Artigo - A fase recursal na nova Lei de Licitaçõesuma análise comparativa com as Leis n°8.66693, 10.5202002 e 12.462.pdf"
"COPIAR","OK","E:\Thiago\Dev\PCA_Multiexercicio_Referencias\Base Legal CLC - Atualizada Maio.2026\_ARQUIVAR\Manuais, cadernos, cursos e outros\Manuais\Artigo - A Pesquisa de Preços Concomitante à Seleção da Proposta na Dispensa Eletrônica..pdf","C:\Users\thiagonogueira\OneDrive - mppi.mp.br\CLC\01_Processos_e_Aquisicoes\Base de Conhecimento - Thiago\05_Doutrina_e_Biblioteca\Biblioteca_Manuais_e_Cursos\Manuais\Artigo - A Pesquisa de Preços Concomitante à Seleção da Proposta na Dispensa Eletrônica..pdf"
"COPIAR","OK","E:\Thiago\Dev\PCA_Multiexercicio_Referencias\Base Legal CLC - Atualizada Maio.2026\_ARQUIVAR\Manuais, cadernos, cursos e outros\Manuais\Artigo - As Quatro Formatações da Dispensa por Valor nos Termos da NLLC e as Regulamentações Pertinentes.pdf","C:\Users\thiagonogueira\OneDrive - mppi.mp.br\CLC\01_Processos_e_Aquisicoes\Base de Conhecimento - Thiago\05_Doutrina_e_Biblioteca\Biblioteca_Manuais_e_Cursos\Manuais\Artigo - As Quatro Formatações da Dispensa por Valor nos Termos da NLLC e as Regulamentações Pertinentes.pdf"
"COPIAR","OK","E:\Thiago\Dev\PCA_Multiexercicio_Referencias\Base Legal CLC - Atualizada Maio.2026\_ARQUIVAR\Manuais, cadernos, cursos e outros\Manuais\Artigo - Como formalizar a prorrogação da vigência de uma ARP.pdf","C:\Users\thiagonogueira\OneDrive - mppi.mp.br\CLC\01_Processos_e_Aquisicoes\Base de Conhecimento - Thiago\05_Doutrina_e_Biblioteca\Biblioteca_Manuais_e_Cursos\Manuais\Artigo - Como formalizar a prorrogação da vigência de uma ARP.pdf"
"COPIAR","OK","E:\Thiago\Dev\PCA_Multiexercicio_Referencias\Base Legal CLC - Atualizada Maio.2026\_ARQUIVAR\Manuais, cadernos, cursos e outros\Manuais\Artigo - Das Impugnações, dos Pedidos de Esclarecimento e dos Recursos nas Dispensas de Licitação.pdf","C:\Users\thiagonogueira\OneDrive - mppi.mp.br\CLC\01_Processos_e_Aquisicoes\Base de Conhecimento - Thiago\05_Doutrina_e_Biblioteca\Biblioteca_Manuais_e_Cursos\Manuais\Artigo - Das Impugnações, dos Pedidos de Esclarecimento e dos Recursos nas Dispensas de Licitação.pdf"
"COPIAR","OK","E:\Thiago\Dev\PCA_Multiexercicio_Referencias\Base Legal CLC - Atualizada Maio.2026\_ARQUIVAR\Manuais, cadernos, cursos e outros\Manuais\Artigo - Leonardo Mota - Dispensa de licitação na nova Lei de Licitações e Contratos Administrativos.pdf","C:\Users\thiagonogueira\OneDrive - mppi.mp.br\CLC\01_Processos_e_Aquisicoes\Base de Conhecimento - Thiago\05_Doutrina_e_Biblioteca\Biblioteca_Manuais_e_Cursos\Manuais\Artigo - Leonardo Mota - Dispensa de licitação na nova Lei de Licitações e Contratos Administrativos.pdf"
"COPIAR","OK","E:\Thiago\Dev\PCA_Multiexercicio_Referencias\Base Legal CLC - Atualizada Maio.2026\_ARQUIVAR\Manuais, cadernos, cursos e outros\Manuais\Artigo - Sem Singularidade não há Inexigibilidade.pdf","C:\Users\thiagonogueira\OneDrive - mppi.mp.br\CLC\01_Processos_e_Aquisicoes\Base de Conhecimento - Thiago\05_Doutrina_e_Biblioteca\Biblioteca_Manuais_e_Cursos\Manuais\Artigo - Sem Singularidade não há Inexigibilidade.pdf"
"COPIAR","OK","E:\Thiago\Dev\PCA_Multiexercicio_Referencias\Base Legal CLC - Atualizada Maio.2026\_ARQUIVAR\Manuais, cadernos, cursos e outros\Manuais\Aspectos gerais da nova lei de licitações e contratos 14.133.21.pdf","C:\Users\thiagonogueira\OneDrive - mppi.mp.br\CLC\01_Processos_e_Aquisicoes\Base de Conhecimento - Thiago\05_Doutrina_e_Biblioteca\Biblioteca_Manuais_e_Cursos\Manuais\Aspectos gerais da nova lei de licitações e contratos 14.133.21.pdf"
"COPIAR","OK","E:\Thiago\Dev\PCA_Multiexercicio_Referencias\Base Legal CLC - Atualizada Maio.2026\_ARQUIVAR\Manuais, cadernos, cursos e outros\Manuais\ATO 008_2024_PGJ - que define os procedimentos administrativos de contratação de bens e serviços no âmbito do MPAM.pdf","C:\Users\thiagonogueira\OneDrive - mppi.mp.br\CLC\01_Processos_e_Aquisicoes\Base de Conhecimento - Thiago\05_Doutrina_e_Biblioteca\Biblioteca_Manuais_e_Cursos\Manuais\ATO 008_2024_PGJ - que define os procedimentos administrativos de contratação de bens e serviços no âmbito do MPAM.pdf"
"COPIAR","OK","E:\Thiago\Dev\PCA_Multiexercicio_Referencias\Base Legal CLC - Atualizada Maio.2026\_ARQUIVAR\Manuais, cadernos, cursos e outros\Manuais\Contratos.gov – Manual operacional de gestão e fiscalização contratual.pdf","C:\Users\thiagonogueira\OneDrive - mppi.mp.br\CLC\01_Processos_e_Aquisicoes\Base de Conhecimento - Thiago\05_Doutrina_e_Biblioteca\Biblioteca_Manuais_e_Cursos\Manuais\Contratos.gov – Manual operacional de gestão e fiscalização contratual.pdf"
"COPIAR","OK","E:\Thiago\Dev\PCA_Multiexercicio_Referencias\Base Legal CLC - Atualizada Maio.2026\_ARQUIVAR\Manuais, cadernos, cursos e outros\Manuais\Controladoria-Geral da União- Guia referencial para identificação, quantificaçao e mitigação de superfaturame.pdf","C:\Users\thiagonogueira\OneDrive - mppi.mp.br\CLC\01_Processos_e_Aquisicoes\Base de Conhecimento - Thiago\05_Doutrina_e_Biblioteca\Biblioteca_Manuais_e_Cursos\Manuais\Controladoria-Geral da União- Guia referencial para identificação, quantificaçao e mitigação de superfaturame.pdf"
"COPIAR","OK","E:\Thiago\Dev\PCA_Multiexercicio_Referencias\Base Legal CLC - Atualizada Maio.2026\_ARQUIVAR\Manuais, cadernos, cursos e outros\Manuais\Curso Elaboração do Termo de Referência e Pesquisa de Preços nas Contratações Públicas - Parte 01.pdf","C:\Users\thiagonogueira\OneDrive - mppi.mp.br\CLC\01_Processos_e_Aquisicoes\Base de Conhecimento - Thiago\05_Doutrina_e_Biblioteca\Biblioteca_Manuais_e_Cursos\Manuais\Curso Elaboração do Termo de Referência e Pesquisa de Preços nas Contratações Públicas - Parte 01.pdf"
"COPIAR","OK","E:\Thiago\Dev\PCA_Multiexercicio_Referencias\Base Legal CLC - Atualizada Maio.2026\_ARQUIVAR\Manuais, cadernos, cursos e outros\Manuais\Curso Elaboração do Termo de Referência e Pesquisa de Preços nas Contratações Públicas - Parte 02.pdf","C:\Users\thiagonogueira\OneDrive - mppi.mp.br\CLC\01_Processos_e_Aquisicoes\Base de Conhecimento - Thiago\05_Doutrina_e_Biblioteca\Biblioteca_Manuais_e_Cursos\Manuais\Curso Elaboração do Termo de Referência e Pesquisa de Preços nas Contratações Públicas - Parte 02.pdf"
"COPIAR","OK","E:\Thiago\Dev\PCA_Multiexercicio_Referencias\Base Legal CLC - Atualizada Maio.2026\_ARQUIVAR\Manuais, cadernos, cursos e outros\Manuais\Decreto PMT 24750.2023.pdf","C:\Users\thiagonogueira\OneDrive - mppi.mp.br\CLC\01_Processos_e_Aquisicoes\Base de Conhecimento - Thiago\05_Doutrina_e_Biblioteca\Biblioteca_Manuais_e_Cursos\Manuais\Decreto PMT 24750.2023.pdf"
"COPIAR","OK","E:\Thiago\Dev\PCA_Multiexercicio_Referencias\Base Legal CLC - Atualizada Maio.2026\_ARQUIVAR\Manuais, cadernos, cursos e outros\Manuais\Decreto PMT 25530.2024 - Regula-o-procedimento-de-contratacao-direta.pdf","C:\Users\thiagonogueira\OneDrive - mppi.mp.br\CLC\01_Processos_e_Aquisicoes\Base de Conhecimento - Thiago\05_Doutrina_e_Biblioteca\Biblioteca_Manuais_e_Cursos\Manuais\Decreto PMT 25530.2024 - Regula-o-procedimento-de-contratacao-direta.pdf"
"COPIAR","OK","E:\Thiago\Dev\PCA_Multiexercicio_Referencias\Base Legal CLC - Atualizada Maio.2026\_ARQUIVAR\Manuais, cadernos, cursos e outros\Manuais\E-BOX 01 - ESTUDO TÉCNICO PRELIMINAR - AQUISIÇÕES - SERVIÇOS EM GERAL.pdf","C:\Users\thiagonogueira\OneDrive - mppi.mp.br\CLC\01_Processos_e_Aquisicoes\Base de Conhecimento - Thiago\05_Doutrina_e_Biblioteca\Biblioteca_Manuais_e_Cursos\Manuais\E-BOX 01 - ESTUDO TÉCNICO PRELIMINAR - AQUISIÇÕES - SERVIÇOS EM GERAL.pdf"
"COPIAR","OK","E:\Thiago\Dev\PCA_Multiexercicio_Referencias\Base Legal CLC - Atualizada Maio.2026\_ARQUIVAR\Manuais, cadernos, cursos e outros\Manuais\E-BOX 02 - ESTUDO TÉCNICO PRELIMINAR - OBRAS E SERVIÇOS DE ENGENHARIA.pdf","C:\Users\thiagonogueira\OneDrive - mppi.mp.br\CLC\01_Processos_e_Aquisicoes\Base de Conhecimento - Thiago\05_Doutrina_e_Biblioteca\Biblioteca_Manuais_e_Cursos\Manuais\E-BOX 02 - ESTUDO TÉCNICO PRELIMINAR - OBRAS E SERVIÇOS DE ENGENHARIA.pdf"
"COPIAR","OK","E:\Thiago\Dev\PCA_Multiexercicio_Referencias\Base Legal CLC - Atualizada Maio.2026\_ARQUIVAR\Manuais, cadernos, cursos e outros\Manuais\E-BOX 03 - ESTUDO TÉCNICO PRELIMINAR TIC.pdf","C:\Users\thiagonogueira\OneDrive - mppi.mp.br\CLC\01_Processos_e_Aquisicoes\Base de Conhecimento - Thiago\05_Doutrina_e_Biblioteca\Biblioteca_Manuais_e_Cursos\Manuais\E-BOX 03 - ESTUDO TÉCNICO PRELIMINAR TIC.pdf"
"COPIAR","OK","E:\Thiago\Dev\PCA_Multiexercicio_Referencias\Base Legal CLC - Atualizada Maio.2026\_ARQUIVAR\Manuais, cadernos, cursos e outros\Manuais\Enap - Caderno de curso Nova lei de licitações - Planejamento e Governança.pdf","C:\Users\thiagonogueira\OneDrive - mppi.mp.br\CLC\01_Processos_e_Aquisicoes\Base de Conhecimento - Thiago\05_Doutrina_e_Biblioteca\Biblioteca_Manuais_e_Cursos\Manuais\Enap - Caderno de curso Nova lei de licitações - Planejamento e Governança.pdf"
"COPIAR","OK","E:\Thiago\Dev\PCA_Multiexercicio_Referencias\Base Legal CLC - Atualizada Maio.2026\_ARQUIVAR\Manuais, cadernos, cursos e outros\Manuais\Estudo Temático do TCE-MG (fev-2025)- Terceirização na Administração Pública - Um levantamento jurisprudencia.pdf","C:\Users\thiagonogueira\OneDrive - mppi.mp.br\CLC\01_Processos_e_Aquisicoes\Base de Conhecimento - Thiago\05_Doutrina_e_Biblioteca\Biblioteca_Manuais_e_Cursos\Manuais\Estudo Temático do TCE-MG (fev-2025)- Terceirização na Administração Pública - Um levantamento jurisprudencia.pdf"
"COPIAR","OK","E:\Thiago\Dev\PCA_Multiexercicio_Referencias\Base Legal CLC - Atualizada Maio.2026\_ARQUIVAR\Manuais, cadernos, cursos e outros\Manuais\estudo_tematico_recuperacao_judicial.pdf","C:\Users\thiagonogueira\OneDrive - mppi.mp.br\CLC\01_Processos_e_Aquisicoes\Base de Conhecimento - Thiago\05_Doutrina_e_Biblioteca\Biblioteca_Manuais_e_Cursos\Manuais\estudo_tematico_recuperacao_judicial.pdf"
"COPIAR","OK","E:\Thiago\Dev\PCA_Multiexercicio_Referencias\Base Legal CLC - Atualizada Maio.2026\_ARQUIVAR\Manuais, cadernos, cursos e outros\Manuais\Federal - Caderno de Logistica - Pesquisa de Preços - 2017.pdf","C:\Users\thiagonogueira\OneDrive - mppi.mp.br\CLC\01_Processos_e_Aquisicoes\Base de Conhecimento - Thiago\05_Doutrina_e_Biblioteca\Biblioteca_Manuais_e_Cursos\Manuais\Federal - Caderno de Logistica - Pesquisa de Preços - 2017.pdf"
"COPIAR","OK","E:\Thiago\Dev\PCA_Multiexercicio_Referencias\Base Legal CLC - Atualizada Maio.2026\_ARQUIVAR\Manuais, cadernos, cursos e outros\Manuais\FLUXOGRAMA ATOS PARA A APLICAÇÃO DE SANÇÕES CONTRATUAIS (1) - Copia.pdf","C:\Users\thiagonogueira\OneDrive - mppi.mp.br\CLC\01_Processos_e_Aquisicoes\Base de Conhecimento - Thiago\05_Doutrina_e_Biblioteca\Biblioteca_Manuais_e_Cursos\Manuais\FLUXOGRAMA ATOS PARA A APLICAÇÃO DE SANÇÕES CONTRATUAIS (1) - Copia.pdf"
"COPIAR","OK","E:\Thiago\Dev\PCA_Multiexercicio_Referencias\Base Legal CLC - Atualizada Maio.2026\_ARQUIVAR\Manuais, cadernos, cursos e outros\Manuais\Guia Prático de Contratações em Situações de Calamidade Pública da CGU – Conforme a Medida Provisória nº 1.22.pdf","C:\Users\thiagonogueira\OneDrive - mppi.mp.br\CLC\01_Processos_e_Aquisicoes\Base de Conhecimento - Thiago\05_Doutrina_e_Biblioteca\Biblioteca_Manuais_e_Cursos\Manuais\Guia Prático de Contratações em Situações de Calamidade Pública da CGU – Conforme a Medida Provisória nº 1.22.pdf"
"COPIAR","OK","E:\Thiago\Dev\PCA_Multiexercicio_Referencias\Base Legal CLC - Atualizada Maio.2026\_ARQUIVAR\Manuais, cadernos, cursos e outros\Manuais\GUIAREEMBOLSOCRECHEAbril_26.pdf","C:\Users\thiagonogueira\OneDrive - mppi.mp.br\CLC\01_Processos_e_Aquisicoes\Base de Conhecimento - Thiago\05_Doutrina_e_Biblioteca\Biblioteca_Manuais_e_Cursos\Manuais\GUIAREEMBOLSOCRECHEAbril_26.pdf"
"COPIAR","OK","E:\Thiago\Dev\PCA_Multiexercicio_Referencias\Base Legal CLC - Atualizada Maio.2026\_ARQUIVAR\Manuais, cadernos, cursos e outros\Manuais\Guia_boas_praticas_contratacoes_publicas_publicidade_4749af44f2.pdf","C:\Users\thiagonogueira\OneDrive - mppi.mp.br\CLC\01_Processos_e_Aquisicoes\Base de Conhecimento - Thiago\05_Doutrina_e_Biblioteca\Biblioteca_Manuais_e_Cursos\Manuais\Guia_boas_praticas_contratacoes_publicas_publicidade_4749af44f2.pdf"
"COPIAR","OK","E:\Thiago\Dev\PCA_Multiexercicio_Referencias\Base Legal CLC - Atualizada Maio.2026\_ARQUIVAR\Manuais, cadernos, cursos e outros\Manuais\ia-generativa-no-servico-publico.pdf","C:\Users\thiagonogueira\OneDrive - mppi.mp.br\CLC\01_Processos_e_Aquisicoes\Base de Conhecimento - Thiago\05_Doutrina_e_Biblioteca\Biblioteca_Manuais_e_Cursos\Manuais\ia-generativa-no-servico-publico.pdf"
"COPIAR","OK","E:\Thiago\Dev\PCA_Multiexercicio_Referencias\Base Legal CLC - Atualizada Maio.2026\_ARQUIVAR\Manuais, cadernos, cursos e outros\Manuais\INOVAGOV SC – Guia para Planejamento de Contratações de Inovação no Setor Público.pdf","C:\Users\thiagonogueira\OneDrive - mppi.mp.br\CLC\01_Processos_e_Aquisicoes\Base de Conhecimento - Thiago\05_Doutrina_e_Biblioteca\Biblioteca_Manuais_e_Cursos\Manuais\INOVAGOV SC – Guia para Planejamento de Contratações de Inovação no Setor Público.pdf"
"COPIAR","OK","E:\Thiago\Dev\PCA_Multiexercicio_Referencias\Base Legal CLC - Atualizada Maio.2026\_ARQUIVAR\Manuais, cadernos, cursos e outros\Manuais\Livro - 218187_LV_Compras publicas_Cap03.pdf","C:\Users\thiagonogueira\OneDrive - mppi.mp.br\CLC\01_Processos_e_Aquisicoes\Base de Conhecimento - Thiago\05_Doutrina_e_Biblioteca\Biblioteca_Manuais_e_Cursos\Manuais\Livro - 218187_LV_Compras publicas_Cap03.pdf"
"COPIAR","OK","E:\Thiago\Dev\PCA_Multiexercicio_Referencias\Base Legal CLC - Atualizada Maio.2026\_ARQUIVAR\Manuais, cadernos, cursos e outros\Manuais\Livro - Aula 002 - PDFL -  (Capítulo Livro) TIPOLOGIA DE FRAUDES EM LICITAÇÃO.pdf","C:\Users\thiagonogueira\OneDrive - mppi.mp.br\CLC\01_Processos_e_Aquisicoes\Base de Conhecimento - Thiago\05_Doutrina_e_Biblioteca\Biblioteca_Manuais_e_Cursos\Manuais\Livro - Aula 002 - PDFL -  (Capítulo Livro) TIPOLOGIA DE FRAUDES EM LICITAÇÃO.pdf"
"COPIAR","OK","E:\Thiago\Dev\PCA_Multiexercicio_Referencias\Base Legal CLC - Atualizada Maio.2026\_ARQUIVAR\Manuais, cadernos, cursos e outros\Manuais\Manual - Capítulo de Compras Governamentais no Brasil.pdf","C:\Users\thiagonogueira\OneDrive - mppi.mp.br\CLC\01_Processos_e_Aquisicoes\Base de Conhecimento - Thiago\05_Doutrina_e_Biblioteca\Biblioteca_Manuais_e_Cursos\Manuais\Manual - Capítulo de Compras Governamentais no Brasil.pdf"
"COPIAR","OK","E:\Thiago\Dev\PCA_Multiexercicio_Referencias\Base Legal CLC - Atualizada Maio.2026\_ARQUIVAR\Manuais, cadernos, cursos e outros\Manuais\Manual - Dispensa Eletrônica - Governo (padrão) (3).pdf","C:\Users\thiagonogueira\OneDrive - mppi.mp.br\CLC\01_Processos_e_Aquisicoes\Base de Conhecimento - Thiago\05_Doutrina_e_Biblioteca\Biblioteca_Manuais_e_Cursos\Manuais\Manual - Dispensa Eletrônica - Governo (padrão) (3).pdf"
"COPIAR","OK","E:\Thiago\Dev\PCA_Multiexercicio_Referencias\Base Legal CLC - Atualizada Maio.2026\_ARQUIVAR\Manuais, cadernos, cursos e outros\Manuais\Manual - Dispensa Eletrônica - Governo (padrão).pdf","C:\Users\thiagonogueira\OneDrive - mppi.mp.br\CLC\01_Processos_e_Aquisicoes\Base de Conhecimento - Thiago\05_Doutrina_e_Biblioteca\Biblioteca_Manuais_e_Cursos\Manuais\Manual - Dispensa Eletrônica - Governo (padrão).pdf"
"COPIAR","OK","E:\Thiago\Dev\PCA_Multiexercicio_Referencias\Base Legal CLC - Atualizada Maio.2026\_ARQUIVAR\Manuais, cadernos, cursos e outros\Manuais\Manual Compras e Licitacoes TRT 2 SP - 2024-2026.pdf","C:\Users\thiagonogueira\OneDrive - mppi.mp.br\CLC\01_Processos_e_Aquisicoes\Base de Conhecimento - Thiago\05_Doutrina_e_Biblioteca\Biblioteca_Manuais_e_Cursos\Manuais\Manual Compras e Licitacoes TRT 2 SP - 2024-2026.pdf"
"COPIAR","OK","E:\Thiago\Dev\PCA_Multiexercicio_Referencias\Base Legal CLC - Atualizada Maio.2026\_ARQUIVAR\Manuais, cadernos, cursos e outros\Manuais\Manual Compras e Licitacoes TRT 2 SP - 2025-2027.pdf","C:\Users\thiagonogueira\OneDrive - mppi.mp.br\CLC\01_Processos_e_Aquisicoes\Base de Conhecimento - Thiago\05_Doutrina_e_Biblioteca\Biblioteca_Manuais_e_Cursos\Manuais\Manual Compras e Licitacoes TRT 2 SP - 2025-2027.pdf"
"COPIAR","OK","E:\Thiago\Dev\PCA_Multiexercicio_Referencias\Base Legal CLC - Atualizada Maio.2026\_ARQUIVAR\Manuais, cadernos, cursos e outros\Manuais\Manual de Compras Baseadas na Relação Custo-Benefício (abr-2025).pdf","C:\Users\thiagonogueira\OneDrive - mppi.mp.br\CLC\01_Processos_e_Aquisicoes\Base de Conhecimento - Thiago\05_Doutrina_e_Biblioteca\Biblioteca_Manuais_e_Cursos\Manuais\Manual de Compras Baseadas na Relação Custo-Benefício (abr-2025).pdf"
"COPIAR","OK","E:\Thiago\Dev\PCA_Multiexercicio_Referencias\Base Legal CLC - Atualizada Maio.2026\_ARQUIVAR\Manuais, cadernos, cursos e outros\Manuais\Manual-de-Mapeamento-e-Melhoria-de-Processos-do-MPPI-1.pdf","C:\Users\thiagonogueira\OneDrive - mppi.mp.br\CLC\01_Processos_e_Aquisicoes\Base de Conhecimento - Thiago\05_Doutrina_e_Biblioteca\Biblioteca_Manuais_e_Cursos\Manuais\Manual-de-Mapeamento-e-Melhoria-de-Processos-do-MPPI-1.pdf"
"COPIAR","OK","E:\Thiago\Dev\PCA_Multiexercicio_Referencias\Base Legal CLC - Atualizada Maio.2026\_ARQUIVAR\Manuais, cadernos, cursos e outros\Manuais\MGIS - Modelo Maturidade de Dado MMD.pdf","C:\Users\thiagonogueira\OneDrive - mppi.mp.br\CLC\01_Processos_e_Aquisicoes\Base de Conhecimento - Thiago\05_Doutrina_e_Biblioteca\Biblioteca_Manuais_e_Cursos\Manuais\MGIS - Modelo Maturidade de Dado MMD.pdf"
"COPIAR","OK","E:\Thiago\Dev\PCA_Multiexercicio_Referencias\Base Legal CLC - Atualizada Maio.2026\_ARQUIVAR\Manuais, cadernos, cursos e outros\Manuais\MPBA - Cadastro no Compras Gov - Dispensas e Inex.pdf","C:\Users\thiagonogueira\OneDrive - mppi.mp.br\CLC\01_Processos_e_Aquisicoes\Base de Conhecimento - Thiago\05_Doutrina_e_Biblioteca\Biblioteca_Manuais_e_Cursos\Manuais\MPBA - Cadastro no Compras Gov - Dispensas e Inex.pdf"
"COPIAR","OK","E:\Thiago\Dev\PCA_Multiexercicio_Referencias\Base Legal CLC - Atualizada Maio.2026\_ARQUIVAR\Manuais, cadernos, cursos e outros\Manuais\Nota Técnica 5-2024 (Dispensa Licitação Eletrônica).pdf","C:\Users\thiagonogueira\OneDrive - mppi.mp.br\CLC\01_Processos_e_Aquisicoes\Base de Conhecimento - Thiago\05_Doutrina_e_Biblioteca\Biblioteca_Manuais_e_Cursos\Manuais\Nota Técnica 5-2024 (Dispensa Licitação Eletrônica).pdf"
"COPIAR","OK","E:\Thiago\Dev\PCA_Multiexercicio_Referencias\Base Legal CLC - Atualizada Maio.2026\_ARQUIVAR\Manuais, cadernos, cursos e outros\Manuais\NOTA TÉCNICA CONJUNTA ATRICON-IRB Nº 01-2026.pdf","C:\Users\thiagonogueira\OneDrive - mppi.mp.br\CLC\01_Processos_e_Aquisicoes\Base de Conhecimento - Thiago\05_Doutrina_e_Biblioteca\Biblioteca_Manuais_e_Cursos\Manuais\NOTA TÉCNICA CONJUNTA ATRICON-IRB Nº 01-2026.pdf"
"COPIAR","OK","E:\Thiago\Dev\PCA_Multiexercicio_Referencias\Base Legal CLC - Atualizada Maio.2026\_ARQUIVAR\Manuais, cadernos, cursos e outros\Manuais\Nota Técnica N° 18_2026 - Leis.org.pdf","C:\Users\thiagonogueira\OneDrive - mppi.mp.br\CLC\01_Processos_e_Aquisicoes\Base de Conhecimento - Thiago\05_Doutrina_e_Biblioteca\Biblioteca_Manuais_e_Cursos\Manuais\Nota Técnica N° 18_2026 - Leis.org.pdf"
"COPIAR","OK","E:\Thiago\Dev\PCA_Multiexercicio_Referencias\Base Legal CLC - Atualizada Maio.2026\_ARQUIVAR\Manuais, cadernos, cursos e outros\Manuais\ORIENTACAO-TECNICA-REEQUILIBRIO-ECONOMICO-FINANCEIRO.pdf","C:\Users\thiagonogueira\OneDrive - mppi.mp.br\CLC\01_Processos_e_Aquisicoes\Base de Conhecimento - Thiago\05_Doutrina_e_Biblioteca\Biblioteca_Manuais_e_Cursos\Manuais\ORIENTACAO-TECNICA-REEQUILIBRIO-ECONOMICO-FINANCEIRO.pdf"
"COPIAR","OK","E:\Thiago\Dev\PCA_Multiexercicio_Referencias\Base Legal CLC - Atualizada Maio.2026\_ARQUIVAR\Manuais, cadernos, cursos e outros\Manuais\Palestra - Aplicações e Limitações de Inteligência Artificial no Controle Externo.pdf","C:\Users\thiagonogueira\OneDrive - mppi.mp.br\CLC\01_Processos_e_Aquisicoes\Base de Conhecimento - Thiago\05_Doutrina_e_Biblioteca\Biblioteca_Manuais_e_Cursos\Manuais\Palestra - Aplicações e Limitações de Inteligência Artificial no Controle Externo.pdf"
"COPIAR","OK","E:\Thiago\Dev\PCA_Multiexercicio_Referencias\Base Legal CLC - Atualizada Maio.2026\_ARQUIVAR\Manuais, cadernos, cursos e outros\Manuais\Palestra - Inventário de Riscos e Controles nas contratações públicas.pdf","C:\Users\thiagonogueira\OneDrive - mppi.mp.br\CLC\01_Processos_e_Aquisicoes\Base de Conhecimento - Thiago\05_Doutrina_e_Biblioteca\Biblioteca_Manuais_e_Cursos\Manuais\Palestra - Inventário de Riscos e Controles nas contratações públicas.pdf"
"COPIAR","OK","E:\Thiago\Dev\PCA_Multiexercicio_Referencias\Base Legal CLC - Atualizada Maio.2026\_ARQUIVAR\Manuais, cadernos, cursos e outros\Manuais\PARECER n. 00003-2025-GAB-CGU-CGU-AGU.pdf","C:\Users\thiagonogueira\OneDrive - mppi.mp.br\CLC\01_Processos_e_Aquisicoes\Base de Conhecimento - Thiago\05_Doutrina_e_Biblioteca\Biblioteca_Manuais_e_Cursos\Manuais\PARECER n. 00003-2025-GAB-CGU-CGU-AGU.pdf"
"COPIAR","OK","E:\Thiago\Dev\PCA_Multiexercicio_Referencias\Base Legal CLC - Atualizada Maio.2026\_ARQUIVAR\Manuais, cadernos, cursos e outros\Manuais\PARECER n. 00004-2025-CNLCA-CGU-AGU.pdf","C:\Users\thiagonogueira\OneDrive - mppi.mp.br\CLC\01_Processos_e_Aquisicoes\Base de Conhecimento - Thiago\05_Doutrina_e_Biblioteca\Biblioteca_Manuais_e_Cursos\Manuais\PARECER n. 00004-2025-CNLCA-CGU-AGU.pdf"
"COPIAR","OK","E:\Thiago\Dev\PCA_Multiexercicio_Referencias\Base Legal CLC - Atualizada Maio.2026\_ARQUIVAR\Manuais, cadernos, cursos e outros\Manuais\PARECER n. 00005-2025-DECOR-CGU-AGU.pdf","C:\Users\thiagonogueira\OneDrive - mppi.mp.br\CLC\01_Processos_e_Aquisicoes\Base de Conhecimento - Thiago\05_Doutrina_e_Biblioteca\Biblioteca_Manuais_e_Cursos\Manuais\PARECER n. 00005-2025-DECOR-CGU-AGU.pdf"
"COPIAR","OK","E:\Thiago\Dev\PCA_Multiexercicio_Referencias\Base Legal CLC - Atualizada Maio.2026\_ARQUIVAR\Manuais, cadernos, cursos e outros\Manuais\PARECER n. 00006-2025-GAB-DECOR-CGU-AGU.pdf","C:\Users\thiagonogueira\OneDrive - mppi.mp.br\CLC\01_Processos_e_Aquisicoes\Base de Conhecimento - Thiago\05_Doutrina_e_Biblioteca\Biblioteca_Manuais_e_Cursos\Manuais\PARECER n. 00006-2025-GAB-DECOR-CGU-AGU.pdf"
"COPIAR","OK","E:\Thiago\Dev\PCA_Multiexercicio_Referencias\Base Legal CLC - Atualizada Maio.2026\_ARQUIVAR\Manuais, cadernos, cursos e outros\Manuais\PARECER n. 00006-2025CNLCA-CGU-AGU.pdf","C:\Users\thiagonogueira\OneDrive - mppi.mp.br\CLC\01_Processos_e_Aquisicoes\Base de Conhecimento - Thiago\05_Doutrina_e_Biblioteca\Biblioteca_Manuais_e_Cursos\Manuais\PARECER n. 00006-2025CNLCA-CGU-AGU.pdf"
"COPIAR","OK","E:\Thiago\Dev\PCA_Multiexercicio_Referencias\Base Legal CLC - Atualizada Maio.2026\_ARQUIVAR\Manuais, cadernos, cursos e outros\Manuais\PARECER n. 00019-2025-DECOR-CGU-AGU.pdf","C:\Users\thiagonogueira\OneDrive - mppi.mp.br\CLC\01_Processos_e_Aquisicoes\Base de Conhecimento - Thiago\05_Doutrina_e_Biblioteca\Biblioteca_Manuais_e_Cursos\Manuais\PARECER n. 00019-2025-DECOR-CGU-AGU.pdf"
"COPIAR","OK","E:\Thiago\Dev\PCA_Multiexercicio_Referencias\Base Legal CLC - Atualizada Maio.2026\_ARQUIVAR\Manuais, cadernos, cursos e outros\Manuais\PARECER n. 00196-2024-E-CJU-SCOM-CGU-AGU.pdf","C:\Users\thiagonogueira\OneDrive - mppi.mp.br\CLC\01_Processos_e_Aquisicoes\Base de Conhecimento - Thiago\05_Doutrina_e_Biblioteca\Biblioteca_Manuais_e_Cursos\Manuais\PARECER n. 00196-2024-E-CJU-SCOM-CGU-AGU.pdf"
"COPIAR","OK","E:\Thiago\Dev\PCA_Multiexercicio_Referencias\Base Legal CLC - Atualizada Maio.2026\_ARQUIVAR\Manuais, cadernos, cursos e outros\Manuais\PARECER n. 00261-2024-E-CJU-SCOM-CGU-AGU.pdf","C:\Users\thiagonogueira\OneDrive - mppi.mp.br\CLC\01_Processos_e_Aquisicoes\Base de Conhecimento - Thiago\05_Doutrina_e_Biblioteca\Biblioteca_Manuais_e_Cursos\Manuais\PARECER n. 00261-2024-E-CJU-SCOM-CGU-AGU.pdf"
"COPIAR","OK","E:\Thiago\Dev\PCA_Multiexercicio_Referencias\Base Legal CLC - Atualizada Maio.2026\_ARQUIVAR\Manuais, cadernos, cursos e outros\Manuais\PARECER n. 00860-2023-ADV-E-CJU-SCOM-CGU-AGU.pdf","C:\Users\thiagonogueira\OneDrive - mppi.mp.br\CLC\01_Processos_e_Aquisicoes\Base de Conhecimento - Thiago\05_Doutrina_e_Biblioteca\Biblioteca_Manuais_e_Cursos\Manuais\PARECER n. 00860-2023-ADV-E-CJU-SCOM-CGU-AGU.pdf"
"COPIAR","OK","E:\Thiago\Dev\PCA_Multiexercicio_Referencias\Base Legal CLC - Atualizada Maio.2026\_ARQUIVAR\Manuais, cadernos, cursos e outros\Manuais\PARECER n. 00880-2023-ADV-E-CJU-SCOM-CGU-AGU.pdf","C:\Users\thiagonogueira\OneDrive - mppi.mp.br\CLC\01_Processos_e_Aquisicoes\Base de Conhecimento - Thiago\05_Doutrina_e_Biblioteca\Biblioteca_Manuais_e_Cursos\Manuais\PARECER n. 00880-2023-ADV-E-CJU-SCOM-CGU-AGU.pdf"
"COPIAR","OK","E:\Thiago\Dev\PCA_Multiexercicio_Referencias\Base Legal CLC - Atualizada Maio.2026\_ARQUIVAR\Manuais, cadernos, cursos e outros\Manuais\PARECER Nº 00002-2025-CNLCA-CGU-AGU.pdf","C:\Users\thiagonogueira\OneDrive - mppi.mp.br\CLC\01_Processos_e_Aquisicoes\Base de Conhecimento - Thiago\05_Doutrina_e_Biblioteca\Biblioteca_Manuais_e_Cursos\Manuais\PARECER Nº 00002-2025-CNLCA-CGU-AGU.pdf"
"COPIAR","OK","E:\Thiago\Dev\PCA_Multiexercicio_Referencias\Base Legal CLC - Atualizada Maio.2026\_ARQUIVAR\Manuais, cadernos, cursos e outros\Manuais\PARECER Nº 00005-2025-CNLCA-CGU-AGU.pdf","C:\Users\thiagonogueira\OneDrive - mppi.mp.br\CLC\01_Processos_e_Aquisicoes\Base de Conhecimento - Thiago\05_Doutrina_e_Biblioteca\Biblioteca_Manuais_e_Cursos\Manuais\PARECER Nº 00005-2025-CNLCA-CGU-AGU.pdf"
"COPIAR","OK","E:\Thiago\Dev\PCA_Multiexercicio_Referencias\Base Legal CLC - Atualizada Maio.2026\_ARQUIVAR\Manuais, cadernos, cursos e outros\Manuais\PARECER Nº 00015-2024-CNLCA-CGU-AGU.pdf","C:\Users\thiagonogueira\OneDrive - mppi.mp.br\CLC\01_Processos_e_Aquisicoes\Base de Conhecimento - Thiago\05_Doutrina_e_Biblioteca\Biblioteca_Manuais_e_Cursos\Manuais\PARECER Nº 00015-2024-CNLCA-CGU-AGU.pdf"
"COPIAR","OK","E:\Thiago\Dev\PCA_Multiexercicio_Referencias\Base Legal CLC - Atualizada Maio.2026\_ARQUIVAR\Manuais, cadernos, cursos e outros\Manuais\PARECER Nº 00017-2024-CNLCA-CGU-AGU.pdf","C:\Users\thiagonogueira\OneDrive - mppi.mp.br\CLC\01_Processos_e_Aquisicoes\Base de Conhecimento - Thiago\05_Doutrina_e_Biblioteca\Biblioteca_Manuais_e_Cursos\Manuais\PARECER Nº 00017-2024-CNLCA-CGU-AGU.pdf"
"COPIAR","OK","E:\Thiago\Dev\PCA_Multiexercicio_Referencias\Base Legal CLC - Atualizada Maio.2026\_ARQUIVAR\Manuais, cadernos, cursos e outros\Manuais\PARECER Nº 00019-2024-CNLCA-CGU-AGU.pdf","C:\Users\thiagonogueira\OneDrive - mppi.mp.br\CLC\01_Processos_e_Aquisicoes\Base de Conhecimento - Thiago\05_Doutrina_e_Biblioteca\Biblioteca_Manuais_e_Cursos\Manuais\PARECER Nº 00019-2024-CNLCA-CGU-AGU.pdf"
"COPIAR","OK","E:\Thiago\Dev\PCA_Multiexercicio_Referencias\Base Legal CLC - Atualizada Maio.2026\_ARQUIVAR\Manuais, cadernos, cursos e outros\Manuais\PARECER Nº 00023-2025-CGAQ-BSB-SCGP-CGU-AGU (1).pdf","C:\Users\thiagonogueira\OneDrive - mppi.mp.br\CLC\01_Processos_e_Aquisicoes\Base de Conhecimento - Thiago\05_Doutrina_e_Biblioteca\Biblioteca_Manuais_e_Cursos\Manuais\PARECER Nº 00023-2025-CGAQ-BSB-SCGP-CGU-AGU (1).pdf"
"COPIAR","OK","E:\Thiago\Dev\PCA_Multiexercicio_Referencias\Base Legal CLC - Atualizada Maio.2026\_ARQUIVAR\Manuais, cadernos, cursos e outros\Manuais\PARECER Nº 00060-2024-DECOR-CGU-AGU (1).pdf","C:\Users\thiagonogueira\OneDrive - mppi.mp.br\CLC\01_Processos_e_Aquisicoes\Base de Conhecimento - Thiago\05_Doutrina_e_Biblioteca\Biblioteca_Manuais_e_Cursos\Manuais\PARECER Nº 00060-2024-DECOR-CGU-AGU (1).pdf"
"COPIAR","OK","E:\Thiago\Dev\PCA_Multiexercicio_Referencias\Base Legal CLC - Atualizada Maio.2026\_ARQUIVAR\Manuais, cadernos, cursos e outros\Manuais\PARECER Nº 4632024-PLCCAPGM - Contratação direta por dispensa de licitação.pdf","C:\Users\thiagonogueira\OneDrive - mppi.mp.br\CLC\01_Processos_e_Aquisicoes\Base de Conhecimento - Thiago\05_Doutrina_e_Biblioteca\Biblioteca_Manuais_e_Cursos\Manuais\PARECER Nº 4632024-PLCCAPGM - Contratação direta por dispensa de licitação.pdf"
"COPIAR","OK","E:\Thiago\Dev\PCA_Multiexercicio_Referencias\Base Legal CLC - Atualizada Maio.2026\_ARQUIVAR\Manuais, cadernos, cursos e outros\Manuais\Parecer1774358321.pdf","C:\Users\thiagonogueira\OneDrive - mppi.mp.br\CLC\01_Processos_e_Aquisicoes\Base de Conhecimento - Thiago\05_Doutrina_e_Biblioteca\Biblioteca_Manuais_e_Cursos\Manuais\Parecer1774358321.pdf"
"COPIAR","OK","E:\Thiago\Dev\PCA_Multiexercicio_Referencias\Base Legal CLC - Atualizada Maio.2026\_ARQUIVAR\Manuais, cadernos, cursos e outros\Manuais\Parecer1776093267.pdf","C:\Users\thiagonogueira\OneDrive - mppi.mp.br\CLC\01_Processos_e_Aquisicoes\Base de Conhecimento - Thiago\05_Doutrina_e_Biblioteca\Biblioteca_Manuais_e_Cursos\Manuais\Parecer1776093267.pdf"
"COPIAR","OK","E:\Thiago\Dev\PCA_Multiexercicio_Referencias\Base Legal CLC - Atualizada Maio.2026\_ARQUIVAR\Manuais, cadernos, cursos e outros\Manuais\PARECERn000022022CPLCdosimetriapenalidadecontratual.pdf","C:\Users\thiagonogueira\OneDrive - mppi.mp.br\CLC\01_Processos_e_Aquisicoes\Base de Conhecimento - Thiago\05_Doutrina_e_Biblioteca\Biblioteca_Manuais_e_Cursos\Manuais\PARECERn000022022CPLCdosimetriapenalidadecontratual.pdf"
"COPIAR","OK","E:\Thiago\Dev\PCA_Multiexercicio_Referencias\Base Legal CLC - Atualizada Maio.2026\_ARQUIVAR\Manuais, cadernos, cursos e outros\Manuais\Perguntas e Respostas- Licitações e Contratações.pdf","C:\Users\thiagonogueira\OneDrive - mppi.mp.br\CLC\01_Processos_e_Aquisicoes\Base de Conhecimento - Thiago\05_Doutrina_e_Biblioteca\Biblioteca_Manuais_e_Cursos\Manuais\Perguntas e Respostas- Licitações e Contratações.pdf"
"COPIAR","OK","E:\Thiago\Dev\PCA_Multiexercicio_Referencias\Base Legal CLC - Atualizada Maio.2026\_ARQUIVAR\Manuais, cadernos, cursos e outros\Manuais\PGE PI - Lista Pequeno Valor - Serviços e Compras - DOE.pdf","C:\Users\thiagonogueira\OneDrive - mppi.mp.br\CLC\01_Processos_e_Aquisicoes\Base de Conhecimento - Thiago\05_Doutrina_e_Biblioteca\Biblioteca_Manuais_e_Cursos\Manuais\PGE PI - Lista Pequeno Valor - Serviços e Compras - DOE.pdf"
"COPIAR","OK","E:\Thiago\Dev\PCA_Multiexercicio_Referencias\Base Legal CLC - Atualizada Maio.2026\_ARQUIVAR\Manuais, cadernos, cursos e outros\Manuais\Planejamento_ fundamento legal par.pdf","C:\Users\thiagonogueira\OneDrive - mppi.mp.br\CLC\01_Processos_e_Aquisicoes\Base de Conhecimento - Thiago\05_Doutrina_e_Biblioteca\Biblioteca_Manuais_e_Cursos\Manuais\Planejamento_ fundamento legal par.pdf"
"COPIAR","OK","E:\Thiago\Dev\PCA_Multiexercicio_Referencias\Base Legal CLC - Atualizada Maio.2026\_ARQUIVAR\Manuais, cadernos, cursos e outros\Manuais\PORTARIA SEGES_ME Nº 8.678, DE 19 DE JULHO DE 2021 — Portal de Compras do Governo Federal.pdf","C:\Users\thiagonogueira\OneDrive - mppi.mp.br\CLC\01_Processos_e_Aquisicoes\Base de Conhecimento - Thiago\05_Doutrina_e_Biblioteca\Biblioteca_Manuais_e_Cursos\Manuais\PORTARIA SEGES_ME Nº 8.678, DE 19 DE JULHO DE 2021 — Portal de Compras do Governo Federal.pdf"
"COPIAR","OK","E:\Thiago\Dev\PCA_Multiexercicio_Referencias\Base Legal CLC - Atualizada Maio.2026\_ARQUIVAR\Manuais, cadernos, cursos e outros\Manuais\Publicação - 2º Simpósio de Licitações e Contratos da Justiça Federal - Enunciados aprovados.pdf","C:\Users\thiagonogueira\OneDrive - mppi.mp.br\CLC\01_Processos_e_Aquisicoes\Base de Conhecimento - Thiago\05_Doutrina_e_Biblioteca\Biblioteca_Manuais_e_Cursos\Manuais\Publicação - 2º Simpósio de Licitações e Contratos da Justiça Federal - Enunciados aprovados.pdf"
"COPIAR","OK","E:\Thiago\Dev\PCA_Multiexercicio_Referencias\Base Legal CLC - Atualizada Maio.2026\_ARQUIVAR\Manuais, cadernos, cursos e outros\Manuais\Publicação - cgu_ementarioaquisicoes_a4_2026.pdf","C:\Users\thiagonogueira\OneDrive - mppi.mp.br\CLC\01_Processos_e_Aquisicoes\Base de Conhecimento - Thiago\05_Doutrina_e_Biblioteca\Biblioteca_Manuais_e_Cursos\Manuais\Publicação - cgu_ementarioaquisicoes_a4_2026.pdf"
"COPIAR","OK","E:\Thiago\Dev\PCA_Multiexercicio_Referencias\Base Legal CLC - Atualizada Maio.2026\_ARQUIVAR\Manuais, cadernos, cursos e outros\Manuais\Publicação - ETP - UFJF.pdf","C:\Users\thiagonogueira\OneDrive - mppi.mp.br\CLC\01_Processos_e_Aquisicoes\Base de Conhecimento - Thiago\05_Doutrina_e_Biblioteca\Biblioteca_Manuais_e_Cursos\Manuais\Publicação - ETP - UFJF.pdf"
"COPIAR","OK","E:\Thiago\Dev\PCA_Multiexercicio_Referencias\Base Legal CLC - Atualizada Maio.2026\_ARQUIVAR\Manuais, cadernos, cursos e outros\Manuais\Referencial_Licitacoes_Contratos_TCESC.pdf","C:\Users\thiagonogueira\OneDrive - mppi.mp.br\CLC\01_Processos_e_Aquisicoes\Base de Conhecimento - Thiago\05_Doutrina_e_Biblioteca\Biblioteca_Manuais_e_Cursos\Manuais\Referencial_Licitacoes_Contratos_TCESC.pdf"
"COPIAR","OK","E:\Thiago\Dev\PCA_Multiexercicio_Referencias\Base Legal CLC - Atualizada Maio.2026\_ARQUIVAR\Manuais, cadernos, cursos e outros\Manuais\Relatório - CGU – Relatório de Avaliação- impacto do uso do orçamento sigiloso e dos modos de disputa.pdf","C:\Users\thiagonogueira\OneDrive - mppi.mp.br\CLC\01_Processos_e_Aquisicoes\Base de Conhecimento - Thiago\05_Doutrina_e_Biblioteca\Biblioteca_Manuais_e_Cursos\Manuais\Relatório - CGU – Relatório de Avaliação- impacto do uso do orçamento sigiloso e dos modos de disputa.pdf"
"COPIAR","OK","E:\Thiago\Dev\PCA_Multiexercicio_Referencias\Base Legal CLC - Atualizada Maio.2026\_ARQUIVAR\Manuais, cadernos, cursos e outros\Manuais\TCC - ETP - O Dilema entre Necessidade e Solução.pdf","C:\Users\thiagonogueira\OneDrive - mppi.mp.br\CLC\01_Processos_e_Aquisicoes\Base de Conhecimento - Thiago\05_Doutrina_e_Biblioteca\Biblioteca_Manuais_e_Cursos\Manuais\TCC - ETP - O Dilema entre Necessidade e Solução.pdf"
"COPIAR","OK","E:\Thiago\Dev\PCA_Multiexercicio_Referencias\Base Legal CLC - Atualizada Maio.2026\_ARQUIVAR\Manuais, cadernos, cursos e outros\Manuais\TCE-RS – Conclusões Técnicas da Comissão de Estudos da Nova Lei de Licitações e Contratos para a Fiscalização.pdf","C:\Users\thiagonogueira\OneDrive - mppi.mp.br\CLC\01_Processos_e_Aquisicoes\Base de Conhecimento - Thiago\05_Doutrina_e_Biblioteca\Biblioteca_Manuais_e_Cursos\Manuais\TCE-RS – Conclusões Técnicas da Comissão de Estudos da Nova Lei de Licitações e Contratos para a Fiscalização.pdf"
"COPIAR","OK","E:\Thiago\Dev\PCA_Multiexercicio_Referencias\Base Legal CLC - Atualizada Maio.2026\_ARQUIVAR\Manuais, cadernos, cursos e outros\Manuais\TCE-SC - NOTA TÉCNICA Nº TC-19-2026.pdf","C:\Users\thiagonogueira\OneDrive - mppi.mp.br\CLC\01_Processos_e_Aquisicoes\Base de Conhecimento - Thiago\05_Doutrina_e_Biblioteca\Biblioteca_Manuais_e_Cursos\Manuais\TCE-SC - NOTA TÉCNICA Nº TC-19-2026.pdf"
"COPIAR","OK","E:\Thiago\Dev\PCA_Multiexercicio_Referencias\Base Legal CLC - Atualizada Maio.2026\_ARQUIVAR\Manuais, cadernos, cursos e outros\Manuais\TCE-SC – Perguntas e respostas- licitações e contratos (edição 1 - 2025).pdf","C:\Users\thiagonogueira\OneDrive - mppi.mp.br\CLC\01_Processos_e_Aquisicoes\Base de Conhecimento - Thiago\05_Doutrina_e_Biblioteca\Biblioteca_Manuais_e_Cursos\Manuais\TCE-SC – Perguntas e respostas- licitações e contratos (edição 1 - 2025).pdf"
"COPIAR","OK","E:\Thiago\Dev\PCA_Multiexercicio_Referencias\Base Legal CLC - Atualizada Maio.2026\_ARQUIVAR\Manuais, cadernos, cursos e outros\Manuais\TCU - Edital 001.2024 - Licitação Especial para Contratação de Solução Inovadora.pdf","C:\Users\thiagonogueira\OneDrive - mppi.mp.br\CLC\01_Processos_e_Aquisicoes\Base de Conhecimento - Thiago\05_Doutrina_e_Biblioteca\Biblioteca_Manuais_e_Cursos\Manuais\TCU - Edital 001.2024 - Licitação Especial para Contratação de Solução Inovadora.pdf"
"COPIAR","OK","E:\Thiago\Dev\PCA_Multiexercicio_Referencias\Base Legal CLC - Atualizada Maio.2026\_ARQUIVAR\Manuais, cadernos, cursos e outros\Manuais\Transformação do Estado no Brasil- desenhando compras públicas, empresas estatais e infraestrutura públic (1).pdf","C:\Users\thiagonogueira\OneDrive - mppi.mp.br\CLC\01_Processos_e_Aquisicoes\Base de Conhecimento - Thiago\05_Doutrina_e_Biblioteca\Biblioteca_Manuais_e_Cursos\Manuais\Transformação do Estado no Brasil- desenhando compras públicas, empresas estatais e infraestrutura públic (1).pdf"
"COPIAR","OK","E:\Thiago\Dev\PCA_Multiexercicio_Referencias\Base Legal CLC - Atualizada Maio.2026\_ARQUIVAR\Manuais, cadernos, cursos e outros\Manuais\TutorialContrataesPresenciais.pdf","C:\Users\thiagonogueira\OneDrive - mppi.mp.br\CLC\01_Processos_e_Aquisicoes\Base de Conhecimento - Thiago\05_Doutrina_e_Biblioteca\Biblioteca_Manuais_e_Cursos\Manuais\TutorialContrataesPresenciais.pdf"
"COPIAR","OK","E:\Thiago\Dev\PCA_Multiexercicio_Referencias\Base Legal CLC - Atualizada Maio.2026\_ARQUIVAR\Manuais, cadernos, cursos e outros\Manuais\tutorial_dez.25_AlteraodeDocumentoHbilnoSistemaContratosGov.br.pdf","C:\Users\thiagonogueira\OneDrive - mppi.mp.br\CLC\01_Processos_e_Aquisicoes\Base de Conhecimento - Thiago\05_Doutrina_e_Biblioteca\Biblioteca_Manuais_e_Cursos\Manuais\tutorial_dez.25_AlteraodeDocumentoHbilnoSistemaContratosGov.br.pdf"
"COPIAR","OK","E:\Thiago\Dev\PCA_Multiexercicio_Referencias\Base Legal CLC - Atualizada Maio.2026\_ARQUIVAR\Manuais, cadernos, cursos e outros\Manuais\Zenite - 5 Erros que você não pode cometer com IA nas Contratações.pdf","C:\Users\thiagonogueira\OneDrive - mppi.mp.br\CLC\01_Processos_e_Aquisicoes\Base de Conhecimento - Thiago\05_Doutrina_e_Biblioteca\Biblioteca_Manuais_e_Cursos\Manuais\Zenite - 5 Erros que você não pode cometer com IA nas Contratações.pdf"
"COPIAR","OK","E:\Thiago\Dev\PCA_Multiexercicio_Referencias\Base Legal CLC - Atualizada Maio.2026\_ARQUIVAR\Manuais, cadernos, cursos e outros\Manuais\Zênite - É possível que a Administração dispense a divulgação do aviso noscasos de dispensa em razão do valor.pdf","C:\Users\thiagonogueira\OneDrive - mppi.mp.br\CLC\01_Processos_e_Aquisicoes\Base de Conhecimento - Thiago\05_Doutrina_e_Biblioteca\Biblioteca_Manuais_e_Cursos\Manuais\Zênite - É possível que a Administração dispense a divulgação do aviso noscasos de dispensa em razão do valor.pdf"
"COPIAR","OK","E:\Thiago\Dev\PCA_Multiexercicio_Referencias\Base Legal CLC - Atualizada Maio.2026\_ARQUIVAR\Manuais, cadernos, cursos e outros\Manuais\Zênite Fácil - Dispensa Eletrônica.pdf","C:\Users\thiagonogueira\OneDrive - mppi.mp.br\CLC\01_Processos_e_Aquisicoes\Base de Conhecimento - Thiago\05_Doutrina_e_Biblioteca\Biblioteca_Manuais_e_Cursos\Manuais\Zênite Fácil - Dispensa Eletrônica.pdf"
"COPIAR","OK","E:\Thiago\Dev\PCA_Multiexercicio_Referencias\Base Legal CLC - Atualizada Maio.2026\_ARQUIVAR\Manuais, cadernos, cursos e outros\Manuais\Zênite Fácil - NOVA LEI DE LICITAÇÕES - PRORROGAÇÃO DE VIGÊNCIA DA ATA DE REGISTRO DE PREÇOS E A RENOVAÇÃO DO.pdf","C:\Users\thiagonogueira\OneDrive - mppi.mp.br\CLC\01_Processos_e_Aquisicoes\Base de Conhecimento - Thiago\05_Doutrina_e_Biblioteca\Biblioteca_Manuais_e_Cursos\Manuais\Zênite Fácil - NOVA LEI DE LICITAÇÕES - PRORROGAÇÃO DE VIGÊNCIA DA ATA DE REGISTRO DE PREÇOS E A RENOVAÇÃO DO.pdf"
"COPIAR","OK","E:\Thiago\Dev\PCA_Multiexercicio_Referencias\Base Legal CLC - Atualizada Maio.2026\_ARQUIVAR\Manuais, cadernos, cursos e outros\Manuais\Zênite Fácil.pdf","C:\Users\thiagonogueira\OneDrive - mppi.mp.br\CLC\01_Processos_e_Aquisicoes\Base de Conhecimento - Thiago\05_Doutrina_e_Biblioteca\Biblioteca_Manuais_e_Cursos\Manuais\Zênite Fácil.pdf"
"COPIAR","OK","E:\Thiago\Dev\Mapeamento TCE\jurisprudencia_tce\Informativo-17-09-2026.pdf","C:\Users\thiagonogueira\OneDrive - mppi.mp.br\CLC\01_Processos_e_Aquisicoes\Base de Conhecimento - Thiago\02_Jurisprudencia_e_Orientacoes\Informativos_Julgamentos_TCE_PI\Informativo-17-09-2026.pdf"
"COPIAR","OK","E:\Thiago\Dev\Mapeamento TCE\jurisprudencia_tce\informativos_pdf\Plen_rio_Presencial_2__C_mara___Sess_o_Ordin_ria_Virtual_de_13_a_17_de_abril_de_.pdf","C:\Users\thiagonogueira\OneDrive - mppi.mp.br\CLC\01_Processos_e_Aquisicoes\Base de Conhecimento - Thiago\02_Jurisprudencia_e_Orientacoes\Informativos_Julgamentos_TCE_PI\Plen_rio_Presencial_2__C_mara___Sess_o_Ordin_ria_Virtual_de_13_a_17_de_abril_de_.pdf"
"COPIAR","OK","E:\Thiago\Dev\Mapeamento TCE\jurisprudencia_tce\informativos_pdf\Plen_rio_Presencial_2__C_mara___Sess_o_Ordin_ria_Virtual_de_18_a_22_de_maio_de_2.pdf","C:\Users\thiagonogueira\OneDrive - mppi.mp.br\CLC\01_Processos_e_Aquisicoes\Base de Conhecimento - Thiago\02_Jurisprudencia_e_Orientacoes\Informativos_Julgamentos_TCE_PI\Plen_rio_Presencial_2__C_mara___Sess_o_Ordin_ria_Virtual_de_18_a_22_de_maio_de_2.pdf"
"COPIAR","OK","E:\Thiago\Dev\Mapeamento TCE\jurisprudencia_tce\informativos_pdf\Plen_rio_Presencial_Pleno___Sess_o_Ordin_ria_Presencial_n__004_de_13_de_mar_o_de.pdf","C:\Users\thiagonogueira\OneDrive - mppi.mp.br\CLC\01_Processos_e_Aquisicoes\Base de Conhecimento - Thiago\02_Jurisprudencia_e_Orientacoes\Informativos_Julgamentos_TCE_PI\Plen_rio_Presencial_Pleno___Sess_o_Ordin_ria_Presencial_n__004_de_13_de_mar_o_de.pdf"
"COPIAR","OK","E:\Thiago\Dev\Mapeamento TCE\jurisprudencia_tce\informativos_pdf\Plen_rio_Presencial_Pleno___Sess_o_Ordin_ria_Presencial_n__010_de_11_de_junho_de.pdf","C:\Users\thiagonogueira\OneDrive - mppi.mp.br\CLC\01_Processos_e_Aquisicoes\Base de Conhecimento - Thiago\02_Jurisprudencia_e_Orientacoes\Informativos_Julgamentos_TCE_PI\Plen_rio_Presencial_Pleno___Sess_o_Ordin_ria_Presencial_n__010_de_11_de_junho_de.pdf"
"COPIAR","OK","E:\Thiago\Dev\Mapeamento TCE\jurisprudencia_tce\informativos_pdf\Plen_rio_Presencial_Pleno___Sess_o_Ordin_ria_Presencial_n__011_de_25_de_junho_de.pdf","C:\Users\thiagonogueira\OneDrive - mppi.mp.br\CLC\01_Processos_e_Aquisicoes\Base de Conhecimento - Thiago\02_Jurisprudencia_e_Orientacoes\Informativos_Julgamentos_TCE_PI\Plen_rio_Presencial_Pleno___Sess_o_Ordin_ria_Presencial_n__011_de_25_de_junho_de.pdf"
"COPIAR","OK","E:\Thiago\Dev\Mapeamento TCE\jurisprudencia_tce\informativos_pdf\Plen_rio_Presencial_Pleno___Sess_o_Ordin_ria_Presencial_n__012_de_09_de_julho_de.pdf","C:\Users\thiagonogueira\OneDrive - mppi.mp.br\CLC\01_Processos_e_Aquisicoes\Base de Conhecimento - Thiago\02_Jurisprudencia_e_Orientacoes\Informativos_Julgamentos_TCE_PI\Plen_rio_Presencial_Pleno___Sess_o_Ordin_ria_Presencial_n__012_de_09_de_julho_de.pdf"
"COPIAR","OK","E:\Thiago\Dev\Mapeamento TCE\jurisprudencia_tce\informativos_pdf\Plen_rio_Presencial_Pleno___Sess_o_Ordin_ria_Presencial_n__013_de_16_de_julho_de.pdf","C:\Users\thiagonogueira\OneDrive - mppi.mp.br\CLC\01_Processos_e_Aquisicoes\Base de Conhecimento - Thiago\02_Jurisprudencia_e_Orientacoes\Informativos_Julgamentos_TCE_PI\Plen_rio_Presencial_Pleno___Sess_o_Ordin_ria_Presencial_n__013_de_16_de_julho_de.pdf"
"COPIAR","OK","E:\Thiago\Dev\Mapeamento TCE\jurisprudencia_tce\informativos_pdf\Plen_rio_Presencial_Pleno___Sess_o_Ordin_ria_Presencial_n__014_de_23_de_julho_de.pdf","C:\Users\thiagonogueira\OneDrive - mppi.mp.br\CLC\01_Processos_e_Aquisicoes\Base de Conhecimento - Thiago\02_Jurisprudencia_e_Orientacoes\Informativos_Julgamentos_TCE_PI\Plen_rio_Presencial_Pleno___Sess_o_Ordin_ria_Presencial_n__014_de_23_de_julho_de.pdf"
"COPIAR","OK","E:\Thiago\Dev\Mapeamento TCE\jurisprudencia_tce\informativos_pdf\Plen_rio_Presencial_Pleno___Sess_o_Ordin_ria_Presencial_n__015_de_06_de_agosto_d.pdf","C:\Users\thiagonogueira\OneDrive - mppi.mp.br\CLC\01_Processos_e_Aquisicoes\Base de Conhecimento - Thiago\02_Jurisprudencia_e_Orientacoes\Informativos_Julgamentos_TCE_PI\Plen_rio_Presencial_Pleno___Sess_o_Ordin_ria_Presencial_n__015_de_06_de_agosto_d.pdf"
"COPIAR","OK","E:\Thiago\Dev\Mapeamento TCE\jurisprudencia_tce\informativos_pdf\Plen_rio_Presencial_Pleno___Sess_o_Ordin_ria_Presencial_n__016_de_20_de_agosto_d.pdf","C:\Users\thiagonogueira\OneDrive - mppi.mp.br\CLC\01_Processos_e_Aquisicoes\Base de Conhecimento - Thiago\02_Jurisprudencia_e_Orientacoes\Informativos_Julgamentos_TCE_PI\Plen_rio_Presencial_Pleno___Sess_o_Ordin_ria_Presencial_n__016_de_20_de_agosto_d.pdf"
"COPIAR","OK","E:\Thiago\Dev\Mapeamento TCE\jurisprudencia_tce\informativos_pdf\Plen_rio_Presencial_Pleno___Sess_o_Ordin_ria_Presencial_n__017_de_03_de_setembro.pdf","C:\Users\thiagonogueira\OneDrive - mppi.mp.br\CLC\01_Processos_e_Aquisicoes\Base de Conhecimento - Thiago\02_Jurisprudencia_e_Orientacoes\Informativos_Julgamentos_TCE_PI\Plen_rio_Presencial_Pleno___Sess_o_Ordin_ria_Presencial_n__017_de_03_de_setembro.pdf"
"COPIAR","OK","E:\Thiago\Dev\Mapeamento TCE\jurisprudencia_tce\informativos_pdf\Plen_rio_Presencial_Pleno___Sess_o_Ordin_ria_Presencial_n__01_de_29_de_janeiro_d.pdf","C:\Users\thiagonogueira\OneDrive - mppi.mp.br\CLC\01_Processos_e_Aquisicoes\Base de Conhecimento - Thiago\02_Jurisprudencia_e_Orientacoes\Informativos_Julgamentos_TCE_PI\Plen_rio_Presencial_Pleno___Sess_o_Ordin_ria_Presencial_n__01_de_29_de_janeiro_d.pdf"
"COPIAR","OK","E:\Thiago\Dev\Mapeamento TCE\jurisprudencia_tce\informativos_pdf\Plen_rio_Presencial_Pleno___Sess_o_Ordin_ria_Presencial_n__02_de_12_de_fevereiro.pdf","C:\Users\thiagonogueira\OneDrive - mppi.mp.br\CLC\01_Processos_e_Aquisicoes\Base de Conhecimento - Thiago\02_Jurisprudencia_e_Orientacoes\Informativos_Julgamentos_TCE_PI\Plen_rio_Presencial_Pleno___Sess_o_Ordin_ria_Presencial_n__02_de_12_de_fevereiro.pdf"
"COPIAR","OK","E:\Thiago\Dev\Mapeamento TCE\jurisprudencia_tce\informativos_pdf\Plen_rio_Presencial_Pleno___Sess_o_Ordin_ria_Presencial_n__05_de_26_de_mar_o_de_.pdf","C:\Users\thiagonogueira\OneDrive - mppi.mp.br\CLC\01_Processos_e_Aquisicoes\Base de Conhecimento - Thiago\02_Jurisprudencia_e_Orientacoes\Informativos_Julgamentos_TCE_PI\Plen_rio_Presencial_Pleno___Sess_o_Ordin_ria_Presencial_n__05_de_26_de_mar_o_de_.pdf"
"COPIAR","OK","E:\Thiago\Dev\Mapeamento TCE\jurisprudencia_tce\informativos_pdf\Plen_rio_Presencial_Pleno___Sess_o_Ordin_ria_Presencial_n__06_de_09_de_abril_de_.pdf","C:\Users\thiagonogueira\OneDrive - mppi.mp.br\CLC\01_Processos_e_Aquisicoes\Base de Conhecimento - Thiago\02_Jurisprudencia_e_Orientacoes\Informativos_Julgamentos_TCE_PI\Plen_rio_Presencial_Pleno___Sess_o_Ordin_ria_Presencial_n__06_de_09_de_abril_de_.pdf"
"COPIAR","OK","E:\Thiago\Dev\Mapeamento TCE\jurisprudencia_tce\informativos_pdf\Plen_rio_Presencial_Pleno___Sess_o_Ordin_ria_Presencial_n__07_de_30_de_abril_de_.pdf","C:\Users\thiagonogueira\OneDrive - mppi.mp.br\CLC\01_Processos_e_Aquisicoes\Base de Conhecimento - Thiago\02_Jurisprudencia_e_Orientacoes\Informativos_Julgamentos_TCE_PI\Plen_rio_Presencial_Pleno___Sess_o_Ordin_ria_Presencial_n__07_de_30_de_abril_de_.pdf"
"COPIAR","OK","E:\Thiago\Dev\Mapeamento TCE\jurisprudencia_tce\informativos_pdf\Plen_rio_Presencial_Pleno___Sess_o_Ordin_ria_Presencial_n__08_de_14_de_maio_de_2.pdf","C:\Users\thiagonogueira\OneDrive - mppi.mp.br\CLC\01_Processos_e_Aquisicoes\Base de Conhecimento - Thiago\02_Jurisprudencia_e_Orientacoes\Informativos_Julgamentos_TCE_PI\Plen_rio_Presencial_Pleno___Sess_o_Ordin_ria_Presencial_n__08_de_14_de_maio_de_2.pdf"
"COPIAR","OK","E:\Thiago\Dev\Mapeamento TCE\jurisprudencia_tce\informativos_pdf\Plen_rio_Presencial_Pleno___Sess_o_Ordin_ria_Presencial_n__09_de_28_de_maio_de_2.pdf","C:\Users\thiagonogueira\OneDrive - mppi.mp.br\CLC\01_Processos_e_Aquisicoes\Base de Conhecimento - Thiago\02_Jurisprudencia_e_Orientacoes\Informativos_Julgamentos_TCE_PI\Plen_rio_Presencial_Pleno___Sess_o_Ordin_ria_Presencial_n__09_de_28_de_maio_de_2.pdf"
"COPIAR","OK","E:\Thiago\Dev\Mapeamento TCE\jurisprudencia_tce\informativos_pdf\Plen_rio_Presencial_Pleno___Sess_o_Ordin_ria_Presencial_n__21_de_15_de_dezembro_.pdf","C:\Users\thiagonogueira\OneDrive - mppi.mp.br\CLC\01_Processos_e_Aquisicoes\Base de Conhecimento - Thiago\02_Jurisprudencia_e_Orientacoes\Informativos_Julgamentos_TCE_PI\Plen_rio_Presencial_Pleno___Sess_o_Ordin_ria_Presencial_n__21_de_15_de_dezembro_.pdf"
"COPIAR","OK","E:\Thiago\Dev\Mapeamento TCE\jurisprudencia_tce\informativos_pdf\Plen_rio_Virtual_Pleno___Sess_o_Ordin_ria_Virtual_de_03_a_07_de_agosto_de_2026_.pdf","C:\Users\thiagonogueira\OneDrive - mppi.mp.br\CLC\01_Processos_e_Aquisicoes\Base de Conhecimento - Thiago\02_Jurisprudencia_e_Orientacoes\Informativos_Julgamentos_TCE_PI\Plen_rio_Virtual_Pleno___Sess_o_Ordin_ria_Virtual_de_03_a_07_de_agosto_de_2026_.pdf"
"COPIAR","OK","E:\Thiago\Dev\Mapeamento TCE\jurisprudencia_tce\informativos_pdf\Plen_rio_Virtual_Pleno___Sess_o_Ordin_ria_Virtual_de_04_a_08_de_maio_de_2026_.pdf","C:\Users\thiagonogueira\OneDrive - mppi.mp.br\CLC\01_Processos_e_Aquisicoes\Base de Conhecimento - Thiago\02_Jurisprudencia_e_Orientacoes\Informativos_Julgamentos_TCE_PI\Plen_rio_Virtual_Pleno___Sess_o_Ordin_ria_Virtual_de_04_a_08_de_maio_de_2026_.pdf"
"COPIAR","OK","E:\Thiago\Dev\Mapeamento TCE\jurisprudencia_tce\informativos_pdf\Plen_rio_Virtual_Pleno___Sess_o_Ordin_ria_Virtual_de_06_a_10_de_julho_de_2026_.pdf","C:\Users\thiagonogueira\OneDrive - mppi.mp.br\CLC\01_Processos_e_Aquisicoes\Base de Conhecimento - Thiago\02_Jurisprudencia_e_Orientacoes\Informativos_Julgamentos_TCE_PI\Plen_rio_Virtual_Pleno___Sess_o_Ordin_ria_Virtual_de_06_a_10_de_julho_de_2026_.pdf"
"COPIAR","OK","E:\Thiago\Dev\Mapeamento TCE\jurisprudencia_tce\informativos_pdf\Plen_rio_Virtual_Pleno___Sess_o_Ordin_ria_Virtual_de_08_a_11_de_setembro_de_2026.pdf","C:\Users\thiagonogueira\OneDrive - mppi.mp.br\CLC\01_Processos_e_Aquisicoes\Base de Conhecimento - Thiago\02_Jurisprudencia_e_Orientacoes\Informativos_Julgamentos_TCE_PI\Plen_rio_Virtual_Pleno___Sess_o_Ordin_ria_Virtual_de_08_a_11_de_setembro_de_2026.pdf"
"COPIAR","OK","E:\Thiago\Dev\Mapeamento TCE\jurisprudencia_tce\informativos_pdf\Plen_rio_Virtual_Pleno___Sess_o_Ordin_ria_Virtual_de_08_a_12_de_junho_de_2026_.pdf","C:\Users\thiagonogueira\OneDrive - mppi.mp.br\CLC\01_Processos_e_Aquisicoes\Base de Conhecimento - Thiago\02_Jurisprudencia_e_Orientacoes\Informativos_Julgamentos_TCE_PI\Plen_rio_Virtual_Pleno___Sess_o_Ordin_ria_Virtual_de_08_a_12_de_junho_de_2026_.pdf"
"COPIAR","OK","E:\Thiago\Dev\Mapeamento TCE\jurisprudencia_tce\informativos_pdf\Plen_rio_Virtual_Pleno___Sess_o_Ordin_ria_Virtual_de_10_a_14_de_agosto_de_2026_.pdf","C:\Users\thiagonogueira\OneDrive - mppi.mp.br\CLC\01_Processos_e_Aquisicoes\Base de Conhecimento - Thiago\02_Jurisprudencia_e_Orientacoes\Informativos_Julgamentos_TCE_PI\Plen_rio_Virtual_Pleno___Sess_o_Ordin_ria_Virtual_de_10_a_14_de_agosto_de_2026_.pdf"
"COPIAR","OK","E:\Thiago\Dev\Mapeamento TCE\jurisprudencia_tce\informativos_pdf\Plen_rio_Virtual_Pleno___Sess_o_Ordin_ria_Virtual_de_11_a_15_de_maio_de_2026_.pdf","C:\Users\thiagonogueira\OneDrive - mppi.mp.br\CLC\01_Processos_e_Aquisicoes\Base de Conhecimento - Thiago\02_Jurisprudencia_e_Orientacoes\Informativos_Julgamentos_TCE_PI\Plen_rio_Virtual_Pleno___Sess_o_Ordin_ria_Virtual_de_11_a_15_de_maio_de_2026_.pdf"
"COPIAR","OK","E:\Thiago\Dev\Mapeamento TCE\jurisprudencia_tce\informativos_pdf\Plen_rio_Virtual_Pleno___Sess_o_Ordin_ria_Virtual_de_13_a_17_de_julho_de_2026_.pdf","C:\Users\thiagonogueira\OneDrive - mppi.mp.br\CLC\01_Processos_e_Aquisicoes\Base de Conhecimento - Thiago\02_Jurisprudencia_e_Orientacoes\Informativos_Julgamentos_TCE_PI\Plen_rio_Virtual_Pleno___Sess_o_Ordin_ria_Virtual_de_13_a_17_de_julho_de_2026_.pdf"
"COPIAR","OK","E:\Thiago\Dev\Mapeamento TCE\jurisprudencia_tce\informativos_pdf\Plen_rio_Virtual_Pleno___Sess_o_Ordin_ria_Virtual_de_14_a_18_de_setembro_de_2026.pdf","C:\Users\thiagonogueira\OneDrive - mppi.mp.br\CLC\01_Processos_e_Aquisicoes\Base de Conhecimento - Thiago\02_Jurisprudencia_e_Orientacoes\Informativos_Julgamentos_TCE_PI\Plen_rio_Virtual_Pleno___Sess_o_Ordin_ria_Virtual_de_14_a_18_de_setembro_de_2026.pdf"
"COPIAR","OK","E:\Thiago\Dev\Mapeamento TCE\jurisprudencia_tce\informativos_pdf\Plen_rio_Virtual_Pleno___Sess_o_Ordin_ria_Virtual_de_15_a_19_de_junho_de_2026_.pdf","C:\Users\thiagonogueira\OneDrive - mppi.mp.br\CLC\01_Processos_e_Aquisicoes\Base de Conhecimento - Thiago\02_Jurisprudencia_e_Orientacoes\Informativos_Julgamentos_TCE_PI\Plen_rio_Virtual_Pleno___Sess_o_Ordin_ria_Virtual_de_15_a_19_de_junho_de_2026_.pdf"
"COPIAR","OK","E:\Thiago\Dev\Mapeamento TCE\jurisprudencia_tce\informativos_pdf\Plen_rio_Virtual_Pleno___Sess_o_Ordin_ria_Virtual_de_17_a_21_de_agosto_de_2026_.pdf","C:\Users\thiagonogueira\OneDrive - mppi.mp.br\CLC\01_Processos_e_Aquisicoes\Base de Conhecimento - Thiago\02_Jurisprudencia_e_Orientacoes\Informativos_Julgamentos_TCE_PI\Plen_rio_Virtual_Pleno___Sess_o_Ordin_ria_Virtual_de_17_a_21_de_agosto_de_2026_.pdf"
"COPIAR","OK","E:\Thiago\Dev\Mapeamento TCE\jurisprudencia_tce\informativos_pdf\Plen_rio_Virtual_Pleno___Sess_o_Ordin_ria_Virtual_de_18_a_22_de_maio_de_2026_.pdf","C:\Users\thiagonogueira\OneDrive - mppi.mp.br\CLC\01_Processos_e_Aquisicoes\Base de Conhecimento - Thiago\02_Jurisprudencia_e_Orientacoes\Informativos_Julgamentos_TCE_PI\Plen_rio_Virtual_Pleno___Sess_o_Ordin_ria_Virtual_de_18_a_22_de_maio_de_2026_.pdf"
"COPIAR","OK","E:\Thiago\Dev\Mapeamento TCE\jurisprudencia_tce\informativos_pdf\Plen_rio_Virtual_Pleno___Sess_o_Ordin_ria_Virtual_de_1__a_05_de_junho_de_2026_.pdf","C:\Users\thiagonogueira\OneDrive - mppi.mp.br\CLC\01_Processos_e_Aquisicoes\Base de Conhecimento - Thiago\02_Jurisprudencia_e_Orientacoes\Informativos_Julgamentos_TCE_PI\Plen_rio_Virtual_Pleno___Sess_o_Ordin_ria_Virtual_de_1__a_05_de_junho_de_2026_.pdf"
"COPIAR","OK","E:\Thiago\Dev\Mapeamento TCE\jurisprudencia_tce\informativos_pdf\Plen_rio_Virtual_Pleno___Sess_o_Ordin_ria_Virtual_de_20_a_24_de_julho_de_2026_.pdf","C:\Users\thiagonogueira\OneDrive - mppi.mp.br\CLC\01_Processos_e_Aquisicoes\Base de Conhecimento - Thiago\02_Jurisprudencia_e_Orientacoes\Informativos_Julgamentos_TCE_PI\Plen_rio_Virtual_Pleno___Sess_o_Ordin_ria_Virtual_de_20_a_24_de_julho_de_2026_.pdf"
"COPIAR","OK","E:\Thiago\Dev\Mapeamento TCE\jurisprudencia_tce\informativos_pdf\Plen_rio_Virtual_Pleno___Sess_o_Ordin_ria_Virtual_de_21_a_25_de_setembro_de_2026.pdf","C:\Users\thiagonogueira\OneDrive - mppi.mp.br\CLC\01_Processos_e_Aquisicoes\Base de Conhecimento - Thiago\02_Jurisprudencia_e_Orientacoes\Informativos_Julgamentos_TCE_PI\Plen_rio_Virtual_Pleno___Sess_o_Ordin_ria_Virtual_de_21_a_25_de_setembro_de_2026.pdf"
"COPIAR","OK","E:\Thiago\Dev\Mapeamento TCE\jurisprudencia_tce\informativos_pdf\Plen_rio_Virtual_Pleno___Sess_o_Ordin_ria_Virtual_de_22_a_26_de_junho_de_2026_.pdf","C:\Users\thiagonogueira\OneDrive - mppi.mp.br\CLC\01_Processos_e_Aquisicoes\Base de Conhecimento - Thiago\02_Jurisprudencia_e_Orientacoes\Informativos_Julgamentos_TCE_PI\Plen_rio_Virtual_Pleno___Sess_o_Ordin_ria_Virtual_de_22_a_26_de_junho_de_2026_.pdf"
"COPIAR","OK","E:\Thiago\Dev\Mapeamento TCE\jurisprudencia_tce\informativos_pdf\Plen_rio_Virtual_Pleno___Sess_o_Ordin_ria_Virtual_de_25_a_29_de_maio_de_2026_.pdf","C:\Users\thiagonogueira\OneDrive - mppi.mp.br\CLC\01_Processos_e_Aquisicoes\Base de Conhecimento - Thiago\02_Jurisprudencia_e_Orientacoes\Informativos_Julgamentos_TCE_PI\Plen_rio_Virtual_Pleno___Sess_o_Ordin_ria_Virtual_de_25_a_29_de_maio_de_2026_.pdf"
"COPIAR","OK","E:\Thiago\Dev\Mapeamento TCE\jurisprudencia_tce\informativos_pdf\Plen_rio_Virtual_Pleno___Sess_o_Ordin_ria_Virtual_de_27_a_31_de_julho_de_2026_.pdf","C:\Users\thiagonogueira\OneDrive - mppi.mp.br\CLC\01_Processos_e_Aquisicoes\Base de Conhecimento - Thiago\02_Jurisprudencia_e_Orientacoes\Informativos_Julgamentos_TCE_PI\Plen_rio_Virtual_Pleno___Sess_o_Ordin_ria_Virtual_de_27_a_31_de_julho_de_2026_.pdf"
"COPIAR","OK","E:\Thiago\Dev\Mapeamento TCE\jurisprudencia_tce\informativos_pdf\Plen_rio_Virtual_Pleno___Sess_o_Ordin_ria_Virtual_de_29_de_junho_a_03_de_julho_d.pdf","C:\Users\thiagonogueira\OneDrive - mppi.mp.br\CLC\01_Processos_e_Aquisicoes\Base de Conhecimento - Thiago\02_Jurisprudencia_e_Orientacoes\Informativos_Julgamentos_TCE_PI\Plen_rio_Virtual_Pleno___Sess_o_Ordin_ria_Virtual_de_29_de_junho_a_03_de_julho_d.pdf"
"COPIAR","OK","E:\Thiago\Dev\Mapeamento TCE\jurisprudencia_tce\informativos_pdf\Plen_rio_Virtual_Pleno___Sess_o_Ordin_ria_Virtual_de_31_de_agosto_a_04_de_setemb.pdf","C:\Users\thiagonogueira\OneDrive - mppi.mp.br\CLC\01_Processos_e_Aquisicoes\Base de Conhecimento - Thiago\02_Jurisprudencia_e_Orientacoes\Informativos_Julgamentos_TCE_PI\Plen_rio_Virtual_Pleno___Sess_o_Ordin_ria_Virtual_de_31_de_agosto_a_04_de_setemb.pdf"
"COPIAR","OK","E:\Thiago\Dev\Mapeamento TCE\jurisprudencia_tce\informativos_pdf\Primeira_C_mara_Presencial_1__C_mara___Sess_o_de_Julgamento_Presencial_n__019_de.pdf","C:\Users\thiagonogueira\OneDrive - mppi.mp.br\CLC\01_Processos_e_Aquisicoes\Base de Conhecimento - Thiago\02_Jurisprudencia_e_Orientacoes\Informativos_Julgamentos_TCE_PI\Primeira_C_mara_Presencial_1__C_mara___Sess_o_de_Julgamento_Presencial_n__019_de.pdf"
"COPIAR","OK","E:\Thiago\Dev\Mapeamento TCE\jurisprudencia_tce\informativos_pdf\Primeira_C_mara_Presencial_1__C_mara___Sess_o_Ordin_ria_Presencial_n__01_de_27_d.pdf","C:\Users\thiagonogueira\OneDrive - mppi.mp.br\CLC\01_Processos_e_Aquisicoes\Base de Conhecimento - Thiago\02_Jurisprudencia_e_Orientacoes\Informativos_Julgamentos_TCE_PI\Primeira_C_mara_Presencial_1__C_mara___Sess_o_Ordin_ria_Presencial_n__01_de_27_d.pdf"
"COPIAR","OK","E:\Thiago\Dev\Mapeamento TCE\jurisprudencia_tce\informativos_pdf\Primeira_C_mara_Presencial_1__C_mara___Sess_o_Ordin_ria_Presencial_n__020_de_09_.pdf","C:\Users\thiagonogueira\OneDrive - mppi.mp.br\CLC\01_Processos_e_Aquisicoes\Base de Conhecimento - Thiago\02_Jurisprudencia_e_Orientacoes\Informativos_Julgamentos_TCE_PI\Primeira_C_mara_Presencial_1__C_mara___Sess_o_Ordin_ria_Presencial_n__020_de_09_.pdf"
"COPIAR","OK","E:\Thiago\Dev\Mapeamento TCE\jurisprudencia_tce\informativos_pdf\Primeira_C_mara_Presencial_1__C_mara___Sess_o_Ordin_ria_Presencial_n__021_de_16_.pdf","C:\Users\thiagonogueira\OneDrive - mppi.mp.br\CLC\01_Processos_e_Aquisicoes\Base de Conhecimento - Thiago\02_Jurisprudencia_e_Orientacoes\Informativos_Julgamentos_TCE_PI\Primeira_C_mara_Presencial_1__C_mara___Sess_o_Ordin_ria_Presencial_n__021_de_16_.pdf"
"COPIAR","OK","E:\Thiago\Dev\Mapeamento TCE\jurisprudencia_tce\informativos_pdf\Primeira_C_mara_Presencial_1__C_mara___Sess_o_Ordin_ria_Presencial_n__02_de_10_d.pdf","C:\Users\thiagonogueira\OneDrive - mppi.mp.br\CLC\01_Processos_e_Aquisicoes\Base de Conhecimento - Thiago\02_Jurisprudencia_e_Orientacoes\Informativos_Julgamentos_TCE_PI\Primeira_C_mara_Presencial_1__C_mara___Sess_o_Ordin_ria_Presencial_n__02_de_10_d.pdf"
"COPIAR","OK","E:\Thiago\Dev\Mapeamento TCE\jurisprudencia_tce\informativos_pdf\Primeira_C_mara_Presencial_1__C_mara___Sess_o_Ordin_ria_Presencial_n__03_de_24_d.pdf","C:\Users\thiagonogueira\OneDrive - mppi.mp.br\CLC\01_Processos_e_Aquisicoes\Base de Conhecimento - Thiago\02_Jurisprudencia_e_Orientacoes\Informativos_Julgamentos_TCE_PI\Primeira_C_mara_Presencial_1__C_mara___Sess_o_Ordin_ria_Presencial_n__03_de_24_d.pdf"
"COPIAR","OK","E:\Thiago\Dev\Mapeamento TCE\jurisprudencia_tce\informativos_pdf\Primeira_C_mara_Presencial_1__C_mara___Sess_o_Ordin_ria_Presencial_n__04_de_10_d.pdf","C:\Users\thiagonogueira\OneDrive - mppi.mp.br\CLC\01_Processos_e_Aquisicoes\Base de Conhecimento - Thiago\02_Jurisprudencia_e_Orientacoes\Informativos_Julgamentos_TCE_PI\Primeira_C_mara_Presencial_1__C_mara___Sess_o_Ordin_ria_Presencial_n__04_de_10_d.pdf"
"COPIAR","OK","E:\Thiago\Dev\Mapeamento TCE\jurisprudencia_tce\informativos_pdf\Primeira_C_mara_Presencial_1__C_mara___Sess_o_Ordin_ria_Presencial_n__05_de_24_d.pdf","C:\Users\thiagonogueira\OneDrive - mppi.mp.br\CLC\01_Processos_e_Aquisicoes\Base de Conhecimento - Thiago\02_Jurisprudencia_e_Orientacoes\Informativos_Julgamentos_TCE_PI\Primeira_C_mara_Presencial_1__C_mara___Sess_o_Ordin_ria_Presencial_n__05_de_24_d.pdf"
"COPIAR","OK","E:\Thiago\Dev\Mapeamento TCE\jurisprudencia_tce\informativos_pdf\Primeira_C_mara_Presencial_1__C_mara___Sess_o_Ordin_ria_Presencial_n__06_de_7_de.pdf","C:\Users\thiagonogueira\OneDrive - mppi.mp.br\CLC\01_Processos_e_Aquisicoes\Base de Conhecimento - Thiago\02_Jurisprudencia_e_Orientacoes\Informativos_Julgamentos_TCE_PI\Primeira_C_mara_Presencial_1__C_mara___Sess_o_Ordin_ria_Presencial_n__06_de_7_de.pdf"
"COPIAR","OK","E:\Thiago\Dev\Mapeamento TCE\jurisprudencia_tce\informativos_pdf\Primeira_C_mara_Presencial_1__C_mara___Sess_o_Ordin_ria_Presencial_n__07_de_28_d.pdf","C:\Users\thiagonogueira\OneDrive - mppi.mp.br\CLC\01_Processos_e_Aquisicoes\Base de Conhecimento - Thiago\02_Jurisprudencia_e_Orientacoes\Informativos_Julgamentos_TCE_PI\Primeira_C_mara_Presencial_1__C_mara___Sess_o_Ordin_ria_Presencial_n__07_de_28_d.pdf"
"COPIAR","OK","E:\Thiago\Dev\Mapeamento TCE\jurisprudencia_tce\informativos_pdf\Primeira_C_mara_Presencial_1__C_mara___Sess_o_Ordin_ria_Presencial_n__08_de_12_d.pdf","C:\Users\thiagonogueira\OneDrive - mppi.mp.br\CLC\01_Processos_e_Aquisicoes\Base de Conhecimento - Thiago\02_Jurisprudencia_e_Orientacoes\Informativos_Julgamentos_TCE_PI\Primeira_C_mara_Presencial_1__C_mara___Sess_o_Ordin_ria_Presencial_n__08_de_12_d.pdf"
"COPIAR","OK","E:\Thiago\Dev\Mapeamento TCE\jurisprudencia_tce\informativos_pdf\Primeira_C_mara_Presencial_1__C_mara___Sess_o_Ordin_ria_Presencial_n__09_de_26_d.pdf","C:\Users\thiagonogueira\OneDrive - mppi.mp.br\CLC\01_Processos_e_Aquisicoes\Base de Conhecimento - Thiago\02_Jurisprudencia_e_Orientacoes\Informativos_Julgamentos_TCE_PI\Primeira_C_mara_Presencial_1__C_mara___Sess_o_Ordin_ria_Presencial_n__09_de_26_d.pdf"
"COPIAR","OK","E:\Thiago\Dev\Mapeamento TCE\jurisprudencia_tce\informativos_pdf\Primeira_C_mara_Presencial_1__C_mara___Sess_o_Ordin_ria_Presencial_n__10_de_9_de.pdf","C:\Users\thiagonogueira\OneDrive - mppi.mp.br\CLC\01_Processos_e_Aquisicoes\Base de Conhecimento - Thiago\02_Jurisprudencia_e_Orientacoes\Informativos_Julgamentos_TCE_PI\Primeira_C_mara_Presencial_1__C_mara___Sess_o_Ordin_ria_Presencial_n__10_de_9_de.pdf"
"COPIAR","OK","E:\Thiago\Dev\Mapeamento TCE\jurisprudencia_tce\informativos_pdf\Primeira_C_mara_Presencial_1__C_mara___Sess_o_Ordin_ria_Presencial_n__11_de_23_d.pdf","C:\Users\thiagonogueira\OneDrive - mppi.mp.br\CLC\01_Processos_e_Aquisicoes\Base de Conhecimento - Thiago\02_Jurisprudencia_e_Orientacoes\Informativos_Julgamentos_TCE_PI\Primeira_C_mara_Presencial_1__C_mara___Sess_o_Ordin_ria_Presencial_n__11_de_23_d.pdf"
"COPIAR","OK","E:\Thiago\Dev\Mapeamento TCE\jurisprudencia_tce\informativos_pdf\Primeira_C_mara_Presencial_1__C_mara___Sess_o_Ordin_ria_Presencial_n__12_de_7_de.pdf","C:\Users\thiagonogueira\OneDrive - mppi.mp.br\CLC\01_Processos_e_Aquisicoes\Base de Conhecimento - Thiago\02_Jurisprudencia_e_Orientacoes\Informativos_Julgamentos_TCE_PI\Primeira_C_mara_Presencial_1__C_mara___Sess_o_Ordin_ria_Presencial_n__12_de_7_de.pdf"
"COPIAR","OK","E:\Thiago\Dev\Mapeamento TCE\jurisprudencia_tce\informativos_pdf\Primeira_C_mara_Presencial_1__C_mara___Sess_o_Ordin_ria_Presencial_n__13_de_21_d.pdf","C:\Users\thiagonogueira\OneDrive - mppi.mp.br\CLC\01_Processos_e_Aquisicoes\Base de Conhecimento - Thiago\02_Jurisprudencia_e_Orientacoes\Informativos_Julgamentos_TCE_PI\Primeira_C_mara_Presencial_1__C_mara___Sess_o_Ordin_ria_Presencial_n__13_de_21_d.pdf"
"COPIAR","OK","E:\Thiago\Dev\Mapeamento TCE\jurisprudencia_tce\informativos_pdf\Primeira_C_mara_Presencial_1__C_mara___Sess_o_Ordin_ria_Presencial_n__14_de_04_d.pdf","C:\Users\thiagonogueira\OneDrive - mppi.mp.br\CLC\01_Processos_e_Aquisicoes\Base de Conhecimento - Thiago\02_Jurisprudencia_e_Orientacoes\Informativos_Julgamentos_TCE_PI\Primeira_C_mara_Presencial_1__C_mara___Sess_o_Ordin_ria_Presencial_n__14_de_04_d.pdf"
"COPIAR","OK","E:\Thiago\Dev\Mapeamento TCE\jurisprudencia_tce\informativos_pdf\Primeira_C_mara_Presencial_1__C_mara___Sess_o_Ordin_ria_Presencial_n__15_de_18_d.pdf","C:\Users\thiagonogueira\OneDrive - mppi.mp.br\CLC\01_Processos_e_Aquisicoes\Base de Conhecimento - Thiago\02_Jurisprudencia_e_Orientacoes\Informativos_Julgamentos_TCE_PI\Primeira_C_mara_Presencial_1__C_mara___Sess_o_Ordin_ria_Presencial_n__15_de_18_d.pdf"
"COPIAR","OK","E:\Thiago\Dev\Mapeamento TCE\jurisprudencia_tce\informativos_pdf\Primeira_C_mara_Presencial_1__C_mara___Sess_o_Ordin_ria_Presencial_n__16_de_01_d.pdf","C:\Users\thiagonogueira\OneDrive - mppi.mp.br\CLC\01_Processos_e_Aquisicoes\Base de Conhecimento - Thiago\02_Jurisprudencia_e_Orientacoes\Informativos_Julgamentos_TCE_PI\Primeira_C_mara_Presencial_1__C_mara___Sess_o_Ordin_ria_Presencial_n__16_de_01_d.pdf"
"COPIAR","OK","E:\Thiago\Dev\Mapeamento TCE\jurisprudencia_tce\informativos_pdf\Primeira_C_mara_Presencial_1__C_mara___Sess_o_Ordin_ria_Presencial_n__17_de_15_d.pdf","C:\Users\thiagonogueira\OneDrive - mppi.mp.br\CLC\01_Processos_e_Aquisicoes\Base de Conhecimento - Thiago\02_Jurisprudencia_e_Orientacoes\Informativos_Julgamentos_TCE_PI\Primeira_C_mara_Presencial_1__C_mara___Sess_o_Ordin_ria_Presencial_n__17_de_15_d.pdf"
"COPIAR","OK","E:\Thiago\Dev\Mapeamento TCE\jurisprudencia_tce\informativos_pdf\Primeira_C_mara_Virtual_1__C_mara___Sess_o_Ordin_ria_Virtual_de_03_a_07_de_agost.pdf","C:\Users\thiagonogueira\OneDrive - mppi.mp.br\CLC\01_Processos_e_Aquisicoes\Base de Conhecimento - Thiago\02_Jurisprudencia_e_Orientacoes\Informativos_Julgamentos_TCE_PI\Primeira_C_mara_Virtual_1__C_mara___Sess_o_Ordin_ria_Virtual_de_03_a_07_de_agost.pdf"
"COPIAR","OK","E:\Thiago\Dev\Mapeamento TCE\jurisprudencia_tce\informativos_pdf\Primeira_C_mara_Virtual_1__C_mara___Sess_o_Ordin_ria_Virtual_de_04_a_08_de_maio_.pdf","C:\Users\thiagonogueira\OneDrive - mppi.mp.br\CLC\01_Processos_e_Aquisicoes\Base de Conhecimento - Thiago\02_Jurisprudencia_e_Orientacoes\Informativos_Julgamentos_TCE_PI\Primeira_C_mara_Virtual_1__C_mara___Sess_o_Ordin_ria_Virtual_de_04_a_08_de_maio_.pdf"
"COPIAR","OK","E:\Thiago\Dev\Mapeamento TCE\jurisprudencia_tce\informativos_pdf\Primeira_C_mara_Virtual_1__C_mara___Sess_o_Ordin_ria_Virtual_de_08_a_11_de_setem.pdf","C:\Users\thiagonogueira\OneDrive - mppi.mp.br\CLC\01_Processos_e_Aquisicoes\Base de Conhecimento - Thiago\02_Jurisprudencia_e_Orientacoes\Informativos_Julgamentos_TCE_PI\Primeira_C_mara_Virtual_1__C_mara___Sess_o_Ordin_ria_Virtual_de_08_a_11_de_setem.pdf"
"COPIAR","OK","E:\Thiago\Dev\Mapeamento TCE\jurisprudencia_tce\informativos_pdf\Primeira_C_mara_Virtual_1__C_mara___Sess_o_Ordin_ria_Virtual_de_10_a_14_de_agost.pdf","C:\Users\thiagonogueira\OneDrive - mppi.mp.br\CLC\01_Processos_e_Aquisicoes\Base de Conhecimento - Thiago\02_Jurisprudencia_e_Orientacoes\Informativos_Julgamentos_TCE_PI\Primeira_C_mara_Virtual_1__C_mara___Sess_o_Ordin_ria_Virtual_de_10_a_14_de_agost.pdf"
"COPIAR","OK","E:\Thiago\Dev\Mapeamento TCE\jurisprudencia_tce\informativos_pdf\Primeira_C_mara_Virtual_1__C_mara___Sess_o_Ordin_ria_Virtual_de_11_a_15_de_maio_.pdf","C:\Users\thiagonogueira\OneDrive - mppi.mp.br\CLC\01_Processos_e_Aquisicoes\Base de Conhecimento - Thiago\02_Jurisprudencia_e_Orientacoes\Informativos_Julgamentos_TCE_PI\Primeira_C_mara_Virtual_1__C_mara___Sess_o_Ordin_ria_Virtual_de_11_a_15_de_maio_.pdf"
"COPIAR","OK","E:\Thiago\Dev\Mapeamento TCE\jurisprudencia_tce\informativos_pdf\Primeira_C_mara_Virtual_1__C_mara___Sess_o_Ordin_ria_Virtual_de_13_a_17_de_julho.pdf","C:\Users\thiagonogueira\OneDrive - mppi.mp.br\CLC\01_Processos_e_Aquisicoes\Base de Conhecimento - Thiago\02_Jurisprudencia_e_Orientacoes\Informativos_Julgamentos_TCE_PI\Primeira_C_mara_Virtual_1__C_mara___Sess_o_Ordin_ria_Virtual_de_13_a_17_de_julho.pdf"
"COPIAR","OK","E:\Thiago\Dev\Mapeamento TCE\jurisprudencia_tce\informativos_pdf\Primeira_C_mara_Virtual_1__C_mara___Sess_o_Ordin_ria_Virtual_de_14_a_18_de_setem.pdf","C:\Users\thiagonogueira\OneDrive - mppi.mp.br\CLC\01_Processos_e_Aquisicoes\Base de Conhecimento - Thiago\02_Jurisprudencia_e_Orientacoes\Informativos_Julgamentos_TCE_PI\Primeira_C_mara_Virtual_1__C_mara___Sess_o_Ordin_ria_Virtual_de_14_a_18_de_setem.pdf"
"COPIAR","OK","E:\Thiago\Dev\Mapeamento TCE\jurisprudencia_tce\informativos_pdf\Primeira_C_mara_Virtual_1__C_mara___Sess_o_Ordin_ria_Virtual_de_15_a_19_de_junho.pdf","C:\Users\thiagonogueira\OneDrive - mppi.mp.br\CLC\01_Processos_e_Aquisicoes\Base de Conhecimento - Thiago\02_Jurisprudencia_e_Orientacoes\Informativos_Julgamentos_TCE_PI\Primeira_C_mara_Virtual_1__C_mara___Sess_o_Ordin_ria_Virtual_de_15_a_19_de_junho.pdf"
"COPIAR","OK","E:\Thiago\Dev\Mapeamento TCE\jurisprudencia_tce\informativos_pdf\Primeira_C_mara_Virtual_1__C_mara___Sess_o_Ordin_ria_Virtual_de_17_a_21_de_agost.pdf","C:\Users\thiagonogueira\OneDrive - mppi.mp.br\CLC\01_Processos_e_Aquisicoes\Base de Conhecimento - Thiago\02_Jurisprudencia_e_Orientacoes\Informativos_Julgamentos_TCE_PI\Primeira_C_mara_Virtual_1__C_mara___Sess_o_Ordin_ria_Virtual_de_17_a_21_de_agost.pdf"
"COPIAR","OK","E:\Thiago\Dev\Mapeamento TCE\jurisprudencia_tce\informativos_pdf\Primeira_C_mara_Virtual_1__C_mara___Sess_o_Ordin_ria_Virtual_de_18_a_22_de_maio_.pdf","C:\Users\thiagonogueira\OneDrive - mppi.mp.br\CLC\01_Processos_e_Aquisicoes\Base de Conhecimento - Thiago\02_Jurisprudencia_e_Orientacoes\Informativos_Julgamentos_TCE_PI\Primeira_C_mara_Virtual_1__C_mara___Sess_o_Ordin_ria_Virtual_de_18_a_22_de_maio_.pdf"
"COPIAR","OK","E:\Thiago\Dev\Mapeamento TCE\jurisprudencia_tce\informativos_pdf\Primeira_C_mara_Virtual_1__C_mara___Sess_o_Ordin_ria_Virtual_de_1__a_05_de_junho.pdf","C:\Users\thiagonogueira\OneDrive - mppi.mp.br\CLC\01_Processos_e_Aquisicoes\Base de Conhecimento - Thiago\02_Jurisprudencia_e_Orientacoes\Informativos_Julgamentos_TCE_PI\Primeira_C_mara_Virtual_1__C_mara___Sess_o_Ordin_ria_Virtual_de_1__a_05_de_junho.pdf"
"COPIAR","OK","E:\Thiago\Dev\Mapeamento TCE\jurisprudencia_tce\informativos_pdf\Primeira_C_mara_Virtual_1__C_mara___Sess_o_Ordin_ria_Virtual_de_20_a_24_de_julho.pdf","C:\Users\thiagonogueira\OneDrive - mppi.mp.br\CLC\01_Processos_e_Aquisicoes\Base de Conhecimento - Thiago\02_Jurisprudencia_e_Orientacoes\Informativos_Julgamentos_TCE_PI\Primeira_C_mara_Virtual_1__C_mara___Sess_o_Ordin_ria_Virtual_de_20_a_24_de_julho.pdf"
"COPIAR","OK","E:\Thiago\Dev\Mapeamento TCE\jurisprudencia_tce\informativos_pdf\Primeira_C_mara_Virtual_1__C_mara___Sess_o_Ordin_ria_Virtual_de_22_a_26_de_junho.pdf","C:\Users\thiagonogueira\OneDrive - mppi.mp.br\CLC\01_Processos_e_Aquisicoes\Base de Conhecimento - Thiago\02_Jurisprudencia_e_Orientacoes\Informativos_Julgamentos_TCE_PI\Primeira_C_mara_Virtual_1__C_mara___Sess_o_Ordin_ria_Virtual_de_22_a_26_de_junho.pdf"
"COPIAR","OK","E:\Thiago\Dev\Mapeamento TCE\jurisprudencia_tce\informativos_pdf\Primeira_C_mara_Virtual_1__C_mara___Sess_o_Ordin_ria_Virtual_de_25_a_29_de_maio_.pdf","C:\Users\thiagonogueira\OneDrive - mppi.mp.br\CLC\01_Processos_e_Aquisicoes\Base de Conhecimento - Thiago\02_Jurisprudencia_e_Orientacoes\Informativos_Julgamentos_TCE_PI\Primeira_C_mara_Virtual_1__C_mara___Sess_o_Ordin_ria_Virtual_de_25_a_29_de_maio_.pdf"
"COPIAR","OK","E:\Thiago\Dev\Mapeamento TCE\jurisprudencia_tce\informativos_pdf\Primeira_C_mara_Virtual_1__C_mara___Sess_o_Ordin_ria_Virtual_de_27_a_30_de_abril.pdf","C:\Users\thiagonogueira\OneDrive - mppi.mp.br\CLC\01_Processos_e_Aquisicoes\Base de Conhecimento - Thiago\02_Jurisprudencia_e_Orientacoes\Informativos_Julgamentos_TCE_PI\Primeira_C_mara_Virtual_1__C_mara___Sess_o_Ordin_ria_Virtual_de_27_a_30_de_abril.pdf"
"COPIAR","OK","E:\Thiago\Dev\Mapeamento TCE\jurisprudencia_tce\informativos_pdf\Primeira_C_mara_Virtual_1__C_mara___Sess_o_Ordin_ria_Virtual_de_27_a_31_de_julho.pdf","C:\Users\thiagonogueira\OneDrive - mppi.mp.br\CLC\01_Processos_e_Aquisicoes\Base de Conhecimento - Thiago\02_Jurisprudencia_e_Orientacoes\Informativos_Julgamentos_TCE_PI\Primeira_C_mara_Virtual_1__C_mara___Sess_o_Ordin_ria_Virtual_de_27_a_31_de_julho.pdf"
"COPIAR","OK","E:\Thiago\Dev\Mapeamento TCE\jurisprudencia_tce\informativos_pdf\Primeira_C_mara_Virtual_1__C_mara___Sess_o_Ordin_ria_Virtual_de_29_de_junho_a_03.pdf","C:\Users\thiagonogueira\OneDrive - mppi.mp.br\CLC\01_Processos_e_Aquisicoes\Base de Conhecimento - Thiago\02_Jurisprudencia_e_Orientacoes\Informativos_Julgamentos_TCE_PI\Primeira_C_mara_Virtual_1__C_mara___Sess_o_Ordin_ria_Virtual_de_29_de_junho_a_03.pdf"
"COPIAR","OK","E:\Thiago\Dev\Mapeamento TCE\jurisprudencia_tce\informativos_pdf\Primeira_C_mara_Virtual_1__C_mara___Sess_o_Ordin_ria_Virtual_de_31_de_agosto_a_0.pdf","C:\Users\thiagonogueira\OneDrive - mppi.mp.br\CLC\01_Processos_e_Aquisicoes\Base de Conhecimento - Thiago\02_Jurisprudencia_e_Orientacoes\Informativos_Julgamentos_TCE_PI\Primeira_C_mara_Virtual_1__C_mara___Sess_o_Ordin_ria_Virtual_de_31_de_agosto_a_0.pdf"
"COPIAR","OK","E:\Thiago\Dev\Mapeamento TCE\jurisprudencia_tce\informativos_pdf\Primeira_C_mara_Virtual_1__C_mara___Sess_o_Ordin_ria_Virtual_de_6_a_10_de_julho_.pdf","C:\Users\thiagonogueira\OneDrive - mppi.mp.br\CLC\01_Processos_e_Aquisicoes\Base de Conhecimento - Thiago\02_Jurisprudencia_e_Orientacoes\Informativos_Julgamentos_TCE_PI\Primeira_C_mara_Virtual_1__C_mara___Sess_o_Ordin_ria_Virtual_de_6_a_10_de_julho_.pdf"
"COPIAR","OK","E:\Thiago\Dev\Mapeamento TCE\jurisprudencia_tce\informativos_pdf\Primeira_C_mara_Virtual_1__C_mara___Sess_o_Ordin_ria_Virtual_de_8_a_12_de_junho_.pdf","C:\Users\thiagonogueira\OneDrive - mppi.mp.br\CLC\01_Processos_e_Aquisicoes\Base de Conhecimento - Thiago\02_Jurisprudencia_e_Orientacoes\Informativos_Julgamentos_TCE_PI\Primeira_C_mara_Virtual_1__C_mara___Sess_o_Ordin_ria_Virtual_de_8_a_12_de_junho_.pdf"
"COPIAR","OK","E:\Thiago\Dev\Mapeamento TCE\jurisprudencia_tce\informativos_pdf\Segunda_C_mara_Presencial_2__C_mara___Sess_o_Ordin_ria_Presencial_n__01_de_28_de.pdf","C:\Users\thiagonogueira\OneDrive - mppi.mp.br\CLC\01_Processos_e_Aquisicoes\Base de Conhecimento - Thiago\02_Jurisprudencia_e_Orientacoes\Informativos_Julgamentos_TCE_PI\Segunda_C_mara_Presencial_2__C_mara___Sess_o_Ordin_ria_Presencial_n__01_de_28_de.pdf"
"COPIAR","OK","E:\Thiago\Dev\Mapeamento TCE\jurisprudencia_tce\informativos_pdf\Segunda_C_mara_Presencial_2__C_mara___Sess_o_Ordin_ria_Presencial_n__02_de_11_de.pdf","C:\Users\thiagonogueira\OneDrive - mppi.mp.br\CLC\01_Processos_e_Aquisicoes\Base de Conhecimento - Thiago\02_Jurisprudencia_e_Orientacoes\Informativos_Julgamentos_TCE_PI\Segunda_C_mara_Presencial_2__C_mara___Sess_o_Ordin_ria_Presencial_n__02_de_11_de.pdf"
"COPIAR","OK","E:\Thiago\Dev\Mapeamento TCE\jurisprudencia_tce\informativos_pdf\Segunda_C_mara_Presencial_2__C_mara___Sess_o_Ordin_ria_Presencial_n__03_de_25_de.pdf","C:\Users\thiagonogueira\OneDrive - mppi.mp.br\CLC\01_Processos_e_Aquisicoes\Base de Conhecimento - Thiago\02_Jurisprudencia_e_Orientacoes\Informativos_Julgamentos_TCE_PI\Segunda_C_mara_Presencial_2__C_mara___Sess_o_Ordin_ria_Presencial_n__03_de_25_de.pdf"
"COPIAR","OK","E:\Thiago\Dev\Mapeamento TCE\jurisprudencia_tce\informativos_pdf\Segunda_C_mara_Presencial_2__C_mara___Sess_o_Ordin_ria_Presencial_n__04_de_25_de.pdf","C:\Users\thiagonogueira\OneDrive - mppi.mp.br\CLC\01_Processos_e_Aquisicoes\Base de Conhecimento - Thiago\02_Jurisprudencia_e_Orientacoes\Informativos_Julgamentos_TCE_PI\Segunda_C_mara_Presencial_2__C_mara___Sess_o_Ordin_ria_Presencial_n__04_de_25_de.pdf"
"COPIAR","OK","E:\Thiago\Dev\Mapeamento TCE\jurisprudencia_tce\informativos_pdf\Segunda_C_mara_Presencial_2__C_mara___Sess_o_Ordin_ria_Presencial_n__05_de_8_de_.pdf","C:\Users\thiagonogueira\OneDrive - mppi.mp.br\CLC\01_Processos_e_Aquisicoes\Base de Conhecimento - Thiago\02_Jurisprudencia_e_Orientacoes\Informativos_Julgamentos_TCE_PI\Segunda_C_mara_Presencial_2__C_mara___Sess_o_Ordin_ria_Presencial_n__05_de_8_de_.pdf"
"COPIAR","OK","E:\Thiago\Dev\Mapeamento TCE\jurisprudencia_tce\informativos_pdf\Segunda_C_mara_Presencial_2__C_mara___Sess_o_Ordin_ria_Presencial_n__06_de_29_de.pdf","C:\Users\thiagonogueira\OneDrive - mppi.mp.br\CLC\01_Processos_e_Aquisicoes\Base de Conhecimento - Thiago\02_Jurisprudencia_e_Orientacoes\Informativos_Julgamentos_TCE_PI\Segunda_C_mara_Presencial_2__C_mara___Sess_o_Ordin_ria_Presencial_n__06_de_29_de.pdf"
"COPIAR","OK","E:\Thiago\Dev\Mapeamento TCE\jurisprudencia_tce\informativos_pdf\Segunda_C_mara_Presencial_2__C_mara___Sess_o_Ordin_ria_Presencial_n__07_de_13_de.pdf","C:\Users\thiagonogueira\OneDrive - mppi.mp.br\CLC\01_Processos_e_Aquisicoes\Base de Conhecimento - Thiago\02_Jurisprudencia_e_Orientacoes\Informativos_Julgamentos_TCE_PI\Segunda_C_mara_Presencial_2__C_mara___Sess_o_Ordin_ria_Presencial_n__07_de_13_de.pdf"
"COPIAR","OK","E:\Thiago\Dev\Mapeamento TCE\jurisprudencia_tce\informativos_pdf\Segunda_C_mara_Presencial_2__C_mara___Sess_o_Ordin_ria_Presencial_n__08_de_27_de.pdf","C:\Users\thiagonogueira\OneDrive - mppi.mp.br\CLC\01_Processos_e_Aquisicoes\Base de Conhecimento - Thiago\02_Jurisprudencia_e_Orientacoes\Informativos_Julgamentos_TCE_PI\Segunda_C_mara_Presencial_2__C_mara___Sess_o_Ordin_ria_Presencial_n__08_de_27_de.pdf"
"COPIAR","OK","E:\Thiago\Dev\Mapeamento TCE\jurisprudencia_tce\informativos_pdf\Segunda_C_mara_Presencial_2__C_mara___Sess_o_Ordin_ria_Presencial_n__09_de_10_de.pdf","C:\Users\thiagonogueira\OneDrive - mppi.mp.br\CLC\01_Processos_e_Aquisicoes\Base de Conhecimento - Thiago\02_Jurisprudencia_e_Orientacoes\Informativos_Julgamentos_TCE_PI\Segunda_C_mara_Presencial_2__C_mara___Sess_o_Ordin_ria_Presencial_n__09_de_10_de.pdf"
"COPIAR","OK","E:\Thiago\Dev\Mapeamento TCE\jurisprudencia_tce\informativos_pdf\Segunda_C_mara_Presencial_2__C_mara___Sess_o_Ordin_ria_Presencial_n__10_de_24_de.pdf","C:\Users\thiagonogueira\OneDrive - mppi.mp.br\CLC\01_Processos_e_Aquisicoes\Base de Conhecimento - Thiago\02_Jurisprudencia_e_Orientacoes\Informativos_Julgamentos_TCE_PI\Segunda_C_mara_Presencial_2__C_mara___Sess_o_Ordin_ria_Presencial_n__10_de_24_de.pdf"
"COPIAR","OK","E:\Thiago\Dev\Mapeamento TCE\jurisprudencia_tce\informativos_pdf\Segunda_C_mara_Presencial_2__C_mara___Sess_o_Ordin_ria_Presencial_n__11_de_08_de.pdf","C:\Users\thiagonogueira\OneDrive - mppi.mp.br\CLC\01_Processos_e_Aquisicoes\Base de Conhecimento - Thiago\02_Jurisprudencia_e_Orientacoes\Informativos_Julgamentos_TCE_PI\Segunda_C_mara_Presencial_2__C_mara___Sess_o_Ordin_ria_Presencial_n__11_de_08_de.pdf"
"COPIAR","OK","E:\Thiago\Dev\Mapeamento TCE\jurisprudencia_tce\informativos_pdf\Segunda_C_mara_Presencial_2__C_mara___Sess_o_Ordin_ria_Presencial_n__12_de_22_de.pdf","C:\Users\thiagonogueira\OneDrive - mppi.mp.br\CLC\01_Processos_e_Aquisicoes\Base de Conhecimento - Thiago\02_Jurisprudencia_e_Orientacoes\Informativos_Julgamentos_TCE_PI\Segunda_C_mara_Presencial_2__C_mara___Sess_o_Ordin_ria_Presencial_n__12_de_22_de.pdf"
"COPIAR","OK","E:\Thiago\Dev\Mapeamento TCE\jurisprudencia_tce\informativos_pdf\Segunda_C_mara_Presencial_2__C_mara___Sess_o_Ordin_ria_Presencial_n__13_de_05_de.pdf","C:\Users\thiagonogueira\OneDrive - mppi.mp.br\CLC\01_Processos_e_Aquisicoes\Base de Conhecimento - Thiago\02_Jurisprudencia_e_Orientacoes\Informativos_Julgamentos_TCE_PI\Segunda_C_mara_Presencial_2__C_mara___Sess_o_Ordin_ria_Presencial_n__13_de_05_de.pdf"
"COPIAR","OK","E:\Thiago\Dev\Mapeamento TCE\jurisprudencia_tce\informativos_pdf\Segunda_C_mara_Presencial_2__C_mara___Sess_o_Ordin_ria_Presencial_n__14_de_19_de.pdf","C:\Users\thiagonogueira\OneDrive - mppi.mp.br\CLC\01_Processos_e_Aquisicoes\Base de Conhecimento - Thiago\02_Jurisprudencia_e_Orientacoes\Informativos_Julgamentos_TCE_PI\Segunda_C_mara_Presencial_2__C_mara___Sess_o_Ordin_ria_Presencial_n__14_de_19_de.pdf"
"COPIAR","OK","E:\Thiago\Dev\Mapeamento TCE\jurisprudencia_tce\informativos_pdf\Segunda_C_mara_Presencial_2__C_mara___Sess_o_Ordin_ria_Presencial_n__15_de_02_de.pdf","C:\Users\thiagonogueira\OneDrive - mppi.mp.br\CLC\01_Processos_e_Aquisicoes\Base de Conhecimento - Thiago\02_Jurisprudencia_e_Orientacoes\Informativos_Julgamentos_TCE_PI\Segunda_C_mara_Presencial_2__C_mara___Sess_o_Ordin_ria_Presencial_n__15_de_02_de.pdf"
"COPIAR","OK","E:\Thiago\Dev\Mapeamento TCE\jurisprudencia_tce\informativos_pdf\Segunda_C_mara_Presencial_2__C_mara___Sess_o_Ordin_ria_Presencial_n__16_de_16_de.pdf","C:\Users\thiagonogueira\OneDrive - mppi.mp.br\CLC\01_Processos_e_Aquisicoes\Base de Conhecimento - Thiago\02_Jurisprudencia_e_Orientacoes\Informativos_Julgamentos_TCE_PI\Segunda_C_mara_Presencial_2__C_mara___Sess_o_Ordin_ria_Presencial_n__16_de_16_de.pdf"
"COPIAR","OK","E:\Thiago\Dev\Mapeamento TCE\jurisprudencia_tce\informativos_pdf\Segunda_C_mara_Presencial_Segunda_C_mara___Sess_o_de_Julgamento_Presencial_n__18.pdf","C:\Users\thiagonogueira\OneDrive - mppi.mp.br\CLC\01_Processos_e_Aquisicoes\Base de Conhecimento - Thiago\02_Jurisprudencia_e_Orientacoes\Informativos_Julgamentos_TCE_PI\Segunda_C_mara_Presencial_Segunda_C_mara___Sess_o_de_Julgamento_Presencial_n__18.pdf"
"COPIAR","OK","E:\Thiago\Dev\Mapeamento TCE\jurisprudencia_tce\informativos_pdf\Segunda_C_mara_Presencial_Segunda_C_mara___Sess_o_de_Julgamento_Presencial_n__19.pdf","C:\Users\thiagonogueira\OneDrive - mppi.mp.br\CLC\01_Processos_e_Aquisicoes\Base de Conhecimento - Thiago\02_Jurisprudencia_e_Orientacoes\Informativos_Julgamentos_TCE_PI\Segunda_C_mara_Presencial_Segunda_C_mara___Sess_o_de_Julgamento_Presencial_n__19.pdf"
"COPIAR","OK","E:\Thiago\Dev\Mapeamento TCE\jurisprudencia_tce\informativos_pdf\Segunda_C_mara_Presencial_Segunda_C_mara___Sess_o_de_Julgamento_Presencial_n__20.pdf","C:\Users\thiagonogueira\OneDrive - mppi.mp.br\CLC\01_Processos_e_Aquisicoes\Base de Conhecimento - Thiago\02_Jurisprudencia_e_Orientacoes\Informativos_Julgamentos_TCE_PI\Segunda_C_mara_Presencial_Segunda_C_mara___Sess_o_de_Julgamento_Presencial_n__20.pdf"
"COPIAR","OK","E:\Thiago\Dev\Mapeamento TCE\jurisprudencia_tce\informativos_pdf\Segunda_C_mara_Virtual_2__C_mara___Sess_o_Ordin_ria_Virtual_de_01_a_05_de_junho_.pdf","C:\Users\thiagonogueira\OneDrive - mppi.mp.br\CLC\01_Processos_e_Aquisicoes\Base de Conhecimento - Thiago\02_Jurisprudencia_e_Orientacoes\Informativos_Julgamentos_TCE_PI\Segunda_C_mara_Virtual_2__C_mara___Sess_o_Ordin_ria_Virtual_de_01_a_05_de_junho_.pdf"
"COPIAR","OK","E:\Thiago\Dev\Mapeamento TCE\jurisprudencia_tce\informativos_pdf\Segunda_C_mara_Virtual_2__C_mara___Sess_o_Ordin_ria_Virtual_de_03_a_07_de_agosto.pdf","C:\Users\thiagonogueira\OneDrive - mppi.mp.br\CLC\01_Processos_e_Aquisicoes\Base de Conhecimento - Thiago\02_Jurisprudencia_e_Orientacoes\Informativos_Julgamentos_TCE_PI\Segunda_C_mara_Virtual_2__C_mara___Sess_o_Ordin_ria_Virtual_de_03_a_07_de_agosto.pdf"
"COPIAR","OK","E:\Thiago\Dev\Mapeamento TCE\jurisprudencia_tce\informativos_pdf\Segunda_C_mara_Virtual_2__C_mara___Sess_o_Ordin_ria_Virtual_de_06_a_10_de_julho_.pdf","C:\Users\thiagonogueira\OneDrive - mppi.mp.br\CLC\01_Processos_e_Aquisicoes\Base de Conhecimento - Thiago\02_Jurisprudencia_e_Orientacoes\Informativos_Julgamentos_TCE_PI\Segunda_C_mara_Virtual_2__C_mara___Sess_o_Ordin_ria_Virtual_de_06_a_10_de_julho_.pdf"
"COPIAR","OK","E:\Thiago\Dev\Mapeamento TCE\jurisprudencia_tce\informativos_pdf\Segunda_C_mara_Virtual_2__C_mara___Sess_o_Ordin_ria_Virtual_de_08_a_11_de_setemb.pdf","C:\Users\thiagonogueira\OneDrive - mppi.mp.br\CLC\01_Processos_e_Aquisicoes\Base de Conhecimento - Thiago\02_Jurisprudencia_e_Orientacoes\Informativos_Julgamentos_TCE_PI\Segunda_C_mara_Virtual_2__C_mara___Sess_o_Ordin_ria_Virtual_de_08_a_11_de_setemb.pdf"
"COPIAR","OK","E:\Thiago\Dev\Mapeamento TCE\jurisprudencia_tce\informativos_pdf\Segunda_C_mara_Virtual_2__C_mara___Sess_o_Ordin_ria_Virtual_de_08_a_12_de_junho_.pdf","C:\Users\thiagonogueira\OneDrive - mppi.mp.br\CLC\01_Processos_e_Aquisicoes\Base de Conhecimento - Thiago\02_Jurisprudencia_e_Orientacoes\Informativos_Julgamentos_TCE_PI\Segunda_C_mara_Virtual_2__C_mara___Sess_o_Ordin_ria_Virtual_de_08_a_12_de_junho_.pdf"
"COPIAR","OK","E:\Thiago\Dev\Mapeamento TCE\jurisprudencia_tce\informativos_pdf\Segunda_C_mara_Virtual_2__C_mara___Sess_o_Ordin_ria_Virtual_de_10_a_14_de_agosto.pdf","C:\Users\thiagonogueira\OneDrive - mppi.mp.br\CLC\01_Processos_e_Aquisicoes\Base de Conhecimento - Thiago\02_Jurisprudencia_e_Orientacoes\Informativos_Julgamentos_TCE_PI\Segunda_C_mara_Virtual_2__C_mara___Sess_o_Ordin_ria_Virtual_de_10_a_14_de_agosto.pdf"
"COPIAR","OK","E:\Thiago\Dev\Mapeamento TCE\jurisprudencia_tce\informativos_pdf\Segunda_C_mara_Virtual_2__C_mara___Sess_o_Ordin_ria_Virtual_de_11_a_15_de_maio_d.pdf","C:\Users\thiagonogueira\OneDrive - mppi.mp.br\CLC\01_Processos_e_Aquisicoes\Base de Conhecimento - Thiago\02_Jurisprudencia_e_Orientacoes\Informativos_Julgamentos_TCE_PI\Segunda_C_mara_Virtual_2__C_mara___Sess_o_Ordin_ria_Virtual_de_11_a_15_de_maio_d.pdf"
"COPIAR","OK","E:\Thiago\Dev\Mapeamento TCE\jurisprudencia_tce\informativos_pdf\Segunda_C_mara_Virtual_2__C_mara___Sess_o_Ordin_ria_Virtual_de_13_a_17_de_julho_.pdf","C:\Users\thiagonogueira\OneDrive - mppi.mp.br\CLC\01_Processos_e_Aquisicoes\Base de Conhecimento - Thiago\02_Jurisprudencia_e_Orientacoes\Informativos_Julgamentos_TCE_PI\Segunda_C_mara_Virtual_2__C_mara___Sess_o_Ordin_ria_Virtual_de_13_a_17_de_julho_.pdf"
"COPIAR","OK","E:\Thiago\Dev\Mapeamento TCE\jurisprudencia_tce\informativos_pdf\Segunda_C_mara_Virtual_2__C_mara___Sess_o_Ordin_ria_Virtual_de_14_a_18_de_setemb.pdf","C:\Users\thiagonogueira\OneDrive - mppi.mp.br\CLC\01_Processos_e_Aquisicoes\Base de Conhecimento - Thiago\02_Jurisprudencia_e_Orientacoes\Informativos_Julgamentos_TCE_PI\Segunda_C_mara_Virtual_2__C_mara___Sess_o_Ordin_ria_Virtual_de_14_a_18_de_setemb.pdf"
"COPIAR","OK","E:\Thiago\Dev\Mapeamento TCE\jurisprudencia_tce\informativos_pdf\Segunda_C_mara_Virtual_2__C_mara___Sess_o_Ordin_ria_Virtual_de_15_a_19_de_junho_.pdf","C:\Users\thiagonogueira\OneDrive - mppi.mp.br\CLC\01_Processos_e_Aquisicoes\Base de Conhecimento - Thiago\02_Jurisprudencia_e_Orientacoes\Informativos_Julgamentos_TCE_PI\Segunda_C_mara_Virtual_2__C_mara___Sess_o_Ordin_ria_Virtual_de_15_a_19_de_junho_.pdf"
"COPIAR","OK","E:\Thiago\Dev\Mapeamento TCE\jurisprudencia_tce\informativos_pdf\Segunda_C_mara_Virtual_2__C_mara___Sess_o_Ordin_ria_Virtual_de_17_a_21_de_agosto.pdf","C:\Users\thiagonogueira\OneDrive - mppi.mp.br\CLC\01_Processos_e_Aquisicoes\Base de Conhecimento - Thiago\02_Jurisprudencia_e_Orientacoes\Informativos_Julgamentos_TCE_PI\Segunda_C_mara_Virtual_2__C_mara___Sess_o_Ordin_ria_Virtual_de_17_a_21_de_agosto.pdf"
"COPIAR","OK","E:\Thiago\Dev\Mapeamento TCE\jurisprudencia_tce\informativos_pdf\Segunda_C_mara_Virtual_2__C_mara___Sess_o_Ordin_ria_Virtual_de_20_a_24_de_julho_.pdf","C:\Users\thiagonogueira\OneDrive - mppi.mp.br\CLC\01_Processos_e_Aquisicoes\Base de Conhecimento - Thiago\02_Jurisprudencia_e_Orientacoes\Informativos_Julgamentos_TCE_PI\Segunda_C_mara_Virtual_2__C_mara___Sess_o_Ordin_ria_Virtual_de_20_a_24_de_julho_.pdf"
"COPIAR","OK","E:\Thiago\Dev\Mapeamento TCE\jurisprudencia_tce\informativos_pdf\Segunda_C_mara_Virtual_2__C_mara___Sess_o_Ordin_ria_Virtual_de_21_a_25_de_setemb.pdf","C:\Users\thiagonogueira\OneDrive - mppi.mp.br\CLC\01_Processos_e_Aquisicoes\Base de Conhecimento - Thiago\02_Jurisprudencia_e_Orientacoes\Informativos_Julgamentos_TCE_PI\Segunda_C_mara_Virtual_2__C_mara___Sess_o_Ordin_ria_Virtual_de_21_a_25_de_setemb.pdf"
"COPIAR","OK","E:\Thiago\Dev\Mapeamento TCE\jurisprudencia_tce\informativos_pdf\Segunda_C_mara_Virtual_2__C_mara___Sess_o_Ordin_ria_Virtual_de_22_a_26_de_junho_.pdf","C:\Users\thiagonogueira\OneDrive - mppi.mp.br\CLC\01_Processos_e_Aquisicoes\Base de Conhecimento - Thiago\02_Jurisprudencia_e_Orientacoes\Informativos_Julgamentos_TCE_PI\Segunda_C_mara_Virtual_2__C_mara___Sess_o_Ordin_ria_Virtual_de_22_a_26_de_junho_.pdf"
"COPIAR","OK","E:\Thiago\Dev\Mapeamento TCE\jurisprudencia_tce\informativos_pdf\Segunda_C_mara_Virtual_2__C_mara___Sess_o_Ordin_ria_Virtual_de_25_a_29_de_maio_d.pdf","C:\Users\thiagonogueira\OneDrive - mppi.mp.br\CLC\01_Processos_e_Aquisicoes\Base de Conhecimento - Thiago\02_Jurisprudencia_e_Orientacoes\Informativos_Julgamentos_TCE_PI\Segunda_C_mara_Virtual_2__C_mara___Sess_o_Ordin_ria_Virtual_de_25_a_29_de_maio_d.pdf"
"COPIAR","OK","E:\Thiago\Dev\Mapeamento TCE\jurisprudencia_tce\informativos_pdf\Segunda_C_mara_Virtual_2__C_mara___Sess_o_Ordin_ria_Virtual_de_27_a_31_de_julho_.pdf","C:\Users\thiagonogueira\OneDrive - mppi.mp.br\CLC\01_Processos_e_Aquisicoes\Base de Conhecimento - Thiago\02_Jurisprudencia_e_Orientacoes\Informativos_Julgamentos_TCE_PI\Segunda_C_mara_Virtual_2__C_mara___Sess_o_Ordin_ria_Virtual_de_27_a_31_de_julho_.pdf"
"COPIAR","OK","E:\Thiago\Dev\Mapeamento TCE\jurisprudencia_tce\informativos_pdf\Segunda_C_mara_Virtual_2__C_mara___Sess_o_Ordin_ria_Virtual_de_28_de_setembro_a_.pdf","C:\Users\thiagonogueira\OneDrive - mppi.mp.br\CLC\01_Processos_e_Aquisicoes\Base de Conhecimento - Thiago\02_Jurisprudencia_e_Orientacoes\Informativos_Julgamentos_TCE_PI\Segunda_C_mara_Virtual_2__C_mara___Sess_o_Ordin_ria_Virtual_de_28_de_setembro_a_.pdf"
"COPIAR","OK","E:\Thiago\Dev\Mapeamento TCE\jurisprudencia_tce\informativos_pdf\Segunda_C_mara_Virtual_2__C_mara___Sess_o_Ordin_ria_Virtual_de_29_de_junho_a_03_.pdf","C:\Users\thiagonogueira\OneDrive - mppi.mp.br\CLC\01_Processos_e_Aquisicoes\Base de Conhecimento - Thiago\02_Jurisprudencia_e_Orientacoes\Informativos_Julgamentos_TCE_PI\Segunda_C_mara_Virtual_2__C_mara___Sess_o_Ordin_ria_Virtual_de_29_de_junho_a_03_.pdf"
"COPIAR","OK","E:\Thiago\Dev\Mapeamento TCE\jurisprudencia_tce\informativos_pdf\Segunda_C_mara_Virtual_2__C_mara___Sess_o_Ordin_ria_Virtual_de_31_de_agosto_a_04.pdf","C:\Users\thiagonogueira\OneDrive - mppi.mp.br\CLC\01_Processos_e_Aquisicoes\Base de Conhecimento - Thiago\02_Jurisprudencia_e_Orientacoes\Informativos_Julgamentos_TCE_PI\Segunda_C_mara_Virtual_2__C_mara___Sess_o_Ordin_ria_Virtual_de_31_de_agosto_a_04.pdf"
"MOVER_DUPLICADO","OK","C:\Users\thiagonogueira\OneDrive - mppi.mp.br\Análise de processos\04_Normativos_Relacionados\Normativos_Vigentes\01_Federal\Acórdão TCU nº 547-2026 - Plenário - Auditoria SRP e PNCP.md","C:\Users\thiagonogueira\OneDrive - mppi.mp.br\CLC\01_Processos_e_Aquisicoes\Base de Conhecimento - Thiago\_DUPLICADOS_para_arquivar\Analise_de_processos_04_Normativos_Relacionados\Acórdão TCU nº 547-2026 - Plenário - Auditoria SRP e PNCP.md"
"MOVER_DUPLICADO","OK","C:\Users\thiagonogueira\OneDrive - mppi.mp.br\Análise de processos\04_Normativos_Relacionados\Normativos_Vigentes\01_Federal\Federal -  CF - 88.md","C:\Users\thiagonogueira\OneDrive - mppi.mp.br\CLC\01_Processos_e_Aquisicoes\Base de Conhecimento - Thiago\_DUPLICADOS_para_arquivar\Analise_de_processos_04_Normativos_Relacionados\Federal -  CF - 88.md"
"MOVER_DUPLICADO","OK","C:\Users\thiagonogueira\OneDrive - mppi.mp.br\Análise de processos\04_Normativos_Relacionados\Normativos_Vigentes\01_Federal\Federal - Acordao TCU 2037.2019 Plenario - Governanca de Contratacoes.md","C:\Users\thiagonogueira\OneDrive - mppi.mp.br\CLC\01_Processos_e_Aquisicoes\Base de Conhecimento - Thiago\_DUPLICADOS_para_arquivar\Analise_de_processos_04_Normativos_Relacionados\Federal - Acordao TCU 2037.2019 Plenario - Governanca de Contratacoes.md"
"MOVER_DUPLICADO","OK","C:\Users\thiagonogueira\OneDrive - mppi.mp.br\Análise de processos\04_Normativos_Relacionados\Normativos_Vigentes\01_Federal\Federal - Decreto Federal 10818 - Bens Comuns e de Luxo.md","C:\Users\thiagonogueira\OneDrive - mppi.mp.br\CLC\01_Processos_e_Aquisicoes\Base de Conhecimento - Thiago\_DUPLICADOS_para_arquivar\Analise_de_processos_04_Normativos_Relacionados\Federal - Decreto Federal 10818 - Bens Comuns e de Luxo.md"
"MOVER_DUPLICADO","OK","C:\Users\thiagonogueira\OneDrive - mppi.mp.br\Análise de processos\04_Normativos_Relacionados\Normativos_Vigentes\01_Federal\Federal - Decreto Federal 11462 - Sistema de Registro de Preços.md","C:\Users\thiagonogueira\OneDrive - mppi.mp.br\CLC\01_Processos_e_Aquisicoes\Base de Conhecimento - Thiago\_DUPLICADOS_para_arquivar\Analise_de_processos_04_Normativos_Relacionados\Federal - Decreto Federal 11462 - Sistema de Registro de Preços.md"
"MOVER_DUPLICADO","OK","C:\Users\thiagonogueira\OneDrive - mppi.mp.br\Análise de processos\04_Normativos_Relacionados\Normativos_Vigentes\01_Federal\Federal - Decreto Federal 12343.2024 - Atualiza Valores da 14.133.md","C:\Users\thiagonogueira\OneDrive - mppi.mp.br\CLC\01_Processos_e_Aquisicoes\Base de Conhecimento - Thiago\_DUPLICADOS_para_arquivar\Analise_de_processos_04_Normativos_Relacionados\Federal - Decreto Federal 12343.2024 - Atualiza Valores da 14.133.md"
"MOVER_DUPLICADO","OK","C:\Users\thiagonogueira\OneDrive - mppi.mp.br\Análise de processos\04_Normativos_Relacionados\Normativos_Vigentes\01_Federal\Federal - Decreto Federal 12807.2025 - Atualiza Valores 14133.md","C:\Users\thiagonogueira\OneDrive - mppi.mp.br\CLC\01_Processos_e_Aquisicoes\Base de Conhecimento - Thiago\_DUPLICADOS_para_arquivar\Analise_de_processos_04_Normativos_Relacionados\Federal - Decreto Federal 12807.2025 - Atualiza Valores 14133.md"
"MOVER_DUPLICADO","OK","C:\Users\thiagonogueira\OneDrive - mppi.mp.br\Análise de processos\04_Normativos_Relacionados\Normativos_Vigentes\01_Federal\Federal - IN 05.2017 - Terceirizados.md","C:\Users\thiagonogueira\OneDrive - mppi.mp.br\CLC\01_Processos_e_Aquisicoes\Base de Conhecimento - Thiago\_DUPLICADOS_para_arquivar\Analise_de_processos_04_Normativos_Relacionados\Federal - IN 05.2017 - Terceirizados.md"
"MOVER_DUPLICADO","OK","C:\Users\thiagonogueira\OneDrive - mppi.mp.br\Análise de processos\04_Normativos_Relacionados\Normativos_Vigentes\01_Federal\Federal - IN 103.2022 - Locação de Imóveis.md","C:\Users\thiagonogueira\OneDrive - mppi.mp.br\CLC\01_Processos_e_Aquisicoes\Base de Conhecimento - Thiago\_DUPLICADOS_para_arquivar\Analise_de_processos_04_Normativos_Relacionados\Federal - IN 103.2022 - Locação de Imóveis.md"
"MOVER_DUPLICADO","OK","C:\Users\thiagonogueira\OneDrive - mppi.mp.br\Análise de processos\04_Normativos_Relacionados\Normativos_Vigentes\01_Federal\Federal - IN 58.2022 - ETP 2.md","C:\Users\thiagonogueira\OneDrive - mppi.mp.br\CLC\01_Processos_e_Aquisicoes\Base de Conhecimento - Thiago\_DUPLICADOS_para_arquivar\Analise_de_processos_04_Normativos_Relacionados\Federal - IN 58.2022 - ETP 2.md"
"MOVER_DUPLICADO","OK","C:\Users\thiagonogueira\OneDrive - mppi.mp.br\Análise de processos\04_Normativos_Relacionados\Normativos_Vigentes\01_Federal\Federal - IN 65.2021 - Pesquisa de Preços.md","C:\Users\thiagonogueira\OneDrive - mppi.mp.br\CLC\01_Processos_e_Aquisicoes\Base de Conhecimento - Thiago\_DUPLICADOS_para_arquivar\Analise_de_processos_04_Normativos_Relacionados\Federal - IN 65.2021 - Pesquisa de Preços.md"
"MOVER_DUPLICADO","OK","C:\Users\thiagonogueira\OneDrive - mppi.mp.br\Análise de processos\04_Normativos_Relacionados\Normativos_Vigentes\01_Federal\Federal - IN 67.2021 - Dispensa Eletrônica.md","C:\Users\thiagonogueira\OneDrive - mppi.mp.br\CLC\01_Processos_e_Aquisicoes\Base de Conhecimento - Thiago\_DUPLICADOS_para_arquivar\Analise_de_processos_04_Normativos_Relacionados\Federal - IN 67.2021 - Dispensa Eletrônica.md"
"MOVER_DUPLICADO","OK","C:\Users\thiagonogueira\OneDrive - mppi.mp.br\Análise de processos\04_Normativos_Relacionados\Normativos_Vigentes\01_Federal\Federal - IN 77.2022 - Ordem Cronológica.md","C:\Users\thiagonogueira\OneDrive - mppi.mp.br\CLC\01_Processos_e_Aquisicoes\Base de Conhecimento - Thiago\_DUPLICADOS_para_arquivar\Analise_de_processos_04_Normativos_Relacionados\Federal - IN 77.2022 - Ordem Cronológica.md"
"MOVER_DUPLICADO","OK","C:\Users\thiagonogueira\OneDrive - mppi.mp.br\Análise de processos\04_Normativos_Relacionados\Normativos_Vigentes\01_Federal\Federal - IN 81.2022 - TR 2.md","C:\Users\thiagonogueira\OneDrive - mppi.mp.br\CLC\01_Processos_e_Aquisicoes\Base de Conhecimento - Thiago\_DUPLICADOS_para_arquivar\Analise_de_processos_04_Normativos_Relacionados\Federal - IN 81.2022 - TR 2.md"
"MOVER_DUPLICADO","OK","C:\Users\thiagonogueira\OneDrive - mppi.mp.br\Análise de processos\04_Normativos_Relacionados\Normativos_Vigentes\01_Federal\Federal - IN 81.2022 - TR.md","C:\Users\thiagonogueira\OneDrive - mppi.mp.br\CLC\01_Processos_e_Aquisicoes\Base de Conhecimento - Thiago\_DUPLICADOS_para_arquivar\Analise_de_processos_04_Normativos_Relacionados\Federal - IN 81.2022 - TR.md"
"MOVER_DUPLICADO","OK","C:\Users\thiagonogueira\OneDrive - mppi.mp.br\Análise de processos\04_Normativos_Relacionados\Normativos_Vigentes\01_Federal\Federal - IN 91.2022 - Obras.md","C:\Users\thiagonogueira\OneDrive - mppi.mp.br\CLC\01_Processos_e_Aquisicoes\Base de Conhecimento - Thiago\_DUPLICADOS_para_arquivar\Analise_de_processos_04_Normativos_Relacionados\Federal - IN 91.2022 - Obras.md"
"MOVER_DUPLICADO","OK","C:\Users\thiagonogueira\OneDrive - mppi.mp.br\Análise de processos\04_Normativos_Relacionados\Normativos_Vigentes\01_Federal\Federal - IN 98.2025 SPU MGI - Destinacao e Gestao de Imoveis da Uniao.md","C:\Users\thiagonogueira\OneDrive - mppi.mp.br\CLC\01_Processos_e_Aquisicoes\Base de Conhecimento - Thiago\_DUPLICADOS_para_arquivar\Analise_de_processos_04_Normativos_Relacionados\Federal - IN 98.2025 SPU MGI - Destinacao e Gestao de Imoveis da Uniao.md"
"MOVER_DUPLICADO","OK","C:\Users\thiagonogueira\OneDrive - mppi.mp.br\Análise de processos\04_Normativos_Relacionados\Normativos_Vigentes\01_Federal\Federal - Lei 14133.2021.md","C:\Users\thiagonogueira\OneDrive - mppi.mp.br\CLC\01_Processos_e_Aquisicoes\Base de Conhecimento - Thiago\_DUPLICADOS_para_arquivar\Analise_de_processos_04_Normativos_Relacionados\Federal - Lei 14133.2021.md"
"MOVER_DUPLICADO","OK","C:\Users\thiagonogueira\OneDrive - mppi.mp.br\Análise de processos\04_Normativos_Relacionados\Normativos_Vigentes\01_Federal\Federal - Lei 8078.1990 (Codigo de Defesa do Consumidor).md","C:\Users\thiagonogueira\OneDrive - mppi.mp.br\CLC\01_Processos_e_Aquisicoes\Base de Conhecimento - Thiago\_DUPLICADOS_para_arquivar\Analise_de_processos_04_Normativos_Relacionados\Federal - Lei 8078.1990 (Codigo de Defesa do Consumidor).md"
"MOVER_DUPLICADO","OK","C:\Users\thiagonogueira\OneDrive - mppi.mp.br\Análise de processos\04_Normativos_Relacionados\Normativos_Vigentes\01_Federal\Federal - Lei 9784 - Processo Administrativo.md","C:\Users\thiagonogueira\OneDrive - mppi.mp.br\CLC\01_Processos_e_Aquisicoes\Base de Conhecimento - Thiago\_DUPLICADOS_para_arquivar\Analise_de_processos_04_Normativos_Relacionados\Federal - Lei 9784 - Processo Administrativo.md"
"MOVER_DUPLICADO","OK","C:\Users\thiagonogueira\OneDrive - mppi.mp.br\Análise de processos\04_Normativos_Relacionados\Normativos_Vigentes\01_Federal\Federal - Lei Complementar 123 - ME e EPP.md","C:\Users\thiagonogueira\OneDrive - mppi.mp.br\CLC\01_Processos_e_Aquisicoes\Base de Conhecimento - Thiago\_DUPLICADOS_para_arquivar\Analise_de_processos_04_Normativos_Relacionados\Federal - Lei Complementar 123 - ME e EPP.md"
"MOVER_DUPLICADO","OK","C:\Users\thiagonogueira\OneDrive - mppi.mp.br\Análise de processos\04_Normativos_Relacionados\Normativos_Vigentes\01_Federal\Federal - Lei Complementar 225 - Código de Defesa do Contribuinte.md","C:\Users\thiagonogueira\OneDrive - mppi.mp.br\CLC\01_Processos_e_Aquisicoes\Base de Conhecimento - Thiago\_DUPLICADOS_para_arquivar\Analise_de_processos_04_Normativos_Relacionados\Federal - Lei Complementar 225 - Código de Defesa do Contribuinte.md"
"MOVER_DUPLICADO","OK","C:\Users\thiagonogueira\OneDrive - mppi.mp.br\Análise de processos\04_Normativos_Relacionados\Normativos_Vigentes\01_Federal\Federal - lista-de-atos-normativos-e-estagios-de-regulamentacao-da-lei-14133-de-2021.md","C:\Users\thiagonogueira\OneDrive - mppi.mp.br\CLC\01_Processos_e_Aquisicoes\Base de Conhecimento - Thiago\_DUPLICADOS_para_arquivar\Analise_de_processos_04_Normativos_Relacionados\Federal - lista-de-atos-normativos-e-estagios-de-regulamentacao-da-lei-14133-de-2021.md"
"MOVER_DUPLICADO","OK","C:\Users\thiagonogueira\OneDrive - mppi.mp.br\Análise de processos\04_Normativos_Relacionados\Normativos_Vigentes\01_Federal\Federal - mto_2026_-_versao_5_.md","C:\Users\thiagonogueira\OneDrive - mppi.mp.br\CLC\01_Processos_e_Aquisicoes\Base de Conhecimento - Thiago\_DUPLICADOS_para_arquivar\Analise_de_processos_04_Normativos_Relacionados\Federal - mto_2026_-_versao_5_.md"
"MOVER_DUPLICADO","OK","C:\Users\thiagonogueira\OneDrive - mppi.mp.br\Análise de processos\04_Normativos_Relacionados\Normativos_Vigentes\01_Federal\Federal - Nota Recomendatoria Conjunta 01.2025 - Adesao a ARP Carona.md","C:\Users\thiagonogueira\OneDrive - mppi.mp.br\CLC\01_Processos_e_Aquisicoes\Base de Conhecimento - Thiago\_DUPLICADOS_para_arquivar\Analise_de_processos_04_Normativos_Relacionados\Federal - Nota Recomendatoria Conjunta 01.2025 - Adesao a ARP Carona.md"
"MOVER_DUPLICADO","OK","C:\Users\thiagonogueira\OneDrive - mppi.mp.br\Análise de processos\04_Normativos_Relacionados\Normativos_Vigentes\01_Federal\Federal - ON 88.2024 AGU - Dispensa de Licitacao em Razao do Valor.md","C:\Users\thiagonogueira\OneDrive - mppi.mp.br\CLC\01_Processos_e_Aquisicoes\Base de Conhecimento - Thiago\_DUPLICADOS_para_arquivar\Analise_de_processos_04_Normativos_Relacionados\Federal - ON 88.2024 AGU - Dispensa de Licitacao em Razao do Valor.md"
"MOVER_DUPLICADO","OK","C:\Users\thiagonogueira\OneDrive - mppi.mp.br\Análise de processos\04_Normativos_Relacionados\Normativos_Vigentes\01_Federal\Federal - ON 89.2024 AGU - Contratacoes Diretas e Alteracoes Contratuais.md","C:\Users\thiagonogueira\OneDrive - mppi.mp.br\CLC\01_Processos_e_Aquisicoes\Base de Conhecimento - Thiago\_DUPLICADOS_para_arquivar\Analise_de_processos_04_Normativos_Relacionados\Federal - ON 89.2024 AGU - Contratacoes Diretas e Alteracoes Contratuais.md"
"MOVER_DUPLICADO","OK","C:\Users\thiagonogueira\OneDrive - mppi.mp.br\Análise de processos\04_Normativos_Relacionados\Normativos_Vigentes\01_Federal\Federal - Parecer Referencial 00001.2026 CONJUR-MS-CGU-AGU.md","C:\Users\thiagonogueira\OneDrive - mppi.mp.br\CLC\01_Processos_e_Aquisicoes\Base de Conhecimento - Thiago\_DUPLICADOS_para_arquivar\Analise_de_processos_04_Normativos_Relacionados\Federal - Parecer Referencial 00001.2026 CONJUR-MS-CGU-AGU.md"
"MOVER_DUPLICADO","OK","C:\Users\thiagonogueira\OneDrive - mppi.mp.br\Análise de processos\04_Normativos_Relacionados\Normativos_Vigentes\01_Federal\Federal - Portaria 8678.2021 - Governanca de Contratacoes Publicas.md","C:\Users\thiagonogueira\OneDrive - mppi.mp.br\CLC\01_Processos_e_Aquisicoes\Base de Conhecimento - Thiago\_DUPLICADOS_para_arquivar\Analise_de_processos_04_Normativos_Relacionados\Federal - Portaria 8678.2021 - Governanca de Contratacoes Publicas.md"
"MOVER_DUPLICADO","OK","C:\Users\thiagonogueira\OneDrive - mppi.mp.br\Análise de processos\04_Normativos_Relacionados\Normativos_Vigentes\01_Federal\Federal - Resolução CGSIM nº 48.2018 (Comitê para Gestão da Rede Nacional para a Simplificação do Registro e da Legalização de Empresas e Negócios)..md","C:\Users\thiagonogueira\OneDrive - mppi.mp.br\CLC\01_Processos_e_Aquisicoes\Base de Conhecimento - Thiago\_DUPLICADOS_para_arquivar\Analise_de_processos_04_Normativos_Relacionados\Federal - Resolução CGSIM nº 48.2018 (Comitê para Gestão da Rede Nacional para a Simplificação do Registro e da Legalização de Empresas e Negócios)..md"
"MOVER_DUPLICADO","OK","C:\Users\thiagonogueira\OneDrive - mppi.mp.br\Análise de processos\04_Normativos_Relacionados\Normativos_Vigentes\01_Federal\Federal Lei 12527.2011 (Lei de Acesso à Informação).md","C:\Users\thiagonogueira\OneDrive - mppi.mp.br\CLC\01_Processos_e_Aquisicoes\Base de Conhecimento - Thiago\_DUPLICADOS_para_arquivar\Analise_de_processos_04_Normativos_Relacionados\Federal Lei 12527.2011 (Lei de Acesso à Informação).md"
"MOVER_DUPLICADO","OK","C:\Users\thiagonogueira\OneDrive - mppi.mp.br\Análise de processos\04_Normativos_Relacionados\Normativos_Vigentes\02_Estadual_PI\CGE IN 01.2021 - Pesquisa de Preços.md","C:\Users\thiagonogueira\OneDrive - mppi.mp.br\CLC\01_Processos_e_Aquisicoes\Base de Conhecimento - Thiago\_DUPLICADOS_para_arquivar\Analise_de_processos_04_Normativos_Relacionados\CGE IN 01.2021 - Pesquisa de Preços.md"
"MOVER_DUPLICADO","OK","C:\Users\thiagonogueira\OneDrive - mppi.mp.br\Análise de processos\04_Normativos_Relacionados\Normativos_Vigentes\02_Estadual_PI\CGE IN 02.2025 - Procedimentos Obras.md","C:\Users\thiagonogueira\OneDrive - mppi.mp.br\CLC\01_Processos_e_Aquisicoes\Base de Conhecimento - Thiago\_DUPLICADOS_para_arquivar\Analise_de_processos_04_Normativos_Relacionados\CGE IN 02.2025 - Procedimentos Obras.md"
"MOVER_DUPLICADO","OK","C:\Users\thiagonogueira\OneDrive - mppi.mp.br\Análise de processos\04_Normativos_Relacionados\Normativos_Vigentes\02_Estadual_PI\Decreto Estadual  21813.2023 - Licitações e Contratos de Publicidade.md","C:\Users\thiagonogueira\OneDrive - mppi.mp.br\CLC\01_Processos_e_Aquisicoes\Base de Conhecimento - Thiago\_DUPLICADOS_para_arquivar\Analise_de_processos_04_Normativos_Relacionados\Decreto Estadual  21813.2023 - Licitações e Contratos de Publicidade.md"
"MOVER_DUPLICADO","OK","C:\Users\thiagonogueira\OneDrive - mppi.mp.br\Análise de processos\04_Normativos_Relacionados\Normativos_Vigentes\02_Estadual_PI\Decreto Estadual 11319.2004 - Sistema de Registro de Precos Estadual.md","C:\Users\thiagonogueira\OneDrive - mppi.mp.br\CLC\01_Processos_e_Aquisicoes\Base de Conhecimento - Thiago\_DUPLICADOS_para_arquivar\Analise_de_processos_04_Normativos_Relacionados\Decreto Estadual 11319.2004 - Sistema de Registro de Precos Estadual.md"
"MOVER_DUPLICADO","OK","C:\Users\thiagonogueira\OneDrive - mppi.mp.br\Análise de processos\04_Normativos_Relacionados\Normativos_Vigentes\02_Estadual_PI\Decreto Estadual 11320.2004 - Cadastro Unico de Fornecedores do Piaui.md","C:\Users\thiagonogueira\OneDrive - mppi.mp.br\CLC\01_Processos_e_Aquisicoes\Base de Conhecimento - Thiago\_DUPLICADOS_para_arquivar\Analise_de_processos_04_Normativos_Relacionados\Decreto Estadual 11320.2004 - Cadastro Unico de Fornecedores do Piaui.md"
"MOVER_DUPLICADO","OK","C:\Users\thiagonogueira\OneDrive - mppi.mp.br\Análise de processos\04_Normativos_Relacionados\Normativos_Vigentes\02_Estadual_PI\Decreto Estadual 11346.2004 - Modalidade Pregao no Piaui.md","C:\Users\thiagonogueira\OneDrive - mppi.mp.br\CLC\01_Processos_e_Aquisicoes\Base de Conhecimento - Thiago\_DUPLICADOS_para_arquivar\Analise_de_processos_04_Normativos_Relacionados\Decreto Estadual 11346.2004 - Modalidade Pregao no Piaui.md"
"MOVER_DUPLICADO","OK","C:\Users\thiagonogueira\OneDrive - mppi.mp.br\Análise de processos\04_Normativos_Relacionados\Normativos_Vigentes\02_Estadual_PI\Decreto Estadual 13701.2009 - Contratacoes Publicas Sustentaveis.md","C:\Users\thiagonogueira\OneDrive - mppi.mp.br\CLC\01_Processos_e_Aquisicoes\Base de Conhecimento - Thiago\_DUPLICADOS_para_arquivar\Analise_de_processos_04_Normativos_Relacionados\Decreto Estadual 13701.2009 - Contratacoes Publicas Sustentaveis.md"
"MOVER_DUPLICADO","OK","C:\Users\thiagonogueira\OneDrive - mppi.mp.br\Análise de processos\04_Normativos_Relacionados\Normativos_Vigentes\02_Estadual_PI\Decreto Estadual 14386.2011 - Aquisicao Locacao e Controle de Veiculos Oficiais.md","C:\Users\thiagonogueira\OneDrive - mppi.mp.br\CLC\01_Processos_e_Aquisicoes\Base de Conhecimento - Thiago\_DUPLICADOS_para_arquivar\Analise_de_processos_04_Normativos_Relacionados\Decreto Estadual 14386.2011 - Aquisicao Locacao e Controle de Veiculos Oficiais.md"
"MOVER_DUPLICADO","OK","C:\Users\thiagonogueira\OneDrive - mppi.mp.br\Análise de processos\04_Normativos_Relacionados\Normativos_Vigentes\02_Estadual_PI\Decreto Estadual 14483.2011 - Contratacao de Servicos no Executivo Estadual (Compilado).md","C:\Users\thiagonogueira\OneDrive - mppi.mp.br\CLC\01_Processos_e_Aquisicoes\Base de Conhecimento - Thiago\_DUPLICADOS_para_arquivar\Analise_de_processos_04_Normativos_Relacionados\Decreto Estadual 14483.2011 - Contratacao de Servicos no Executivo Estadual (Compilado).md"
"MOVER_DUPLICADO","OK","C:\Users\thiagonogueira\OneDrive - mppi.mp.br\Análise de processos\04_Normativos_Relacionados\Normativos_Vigentes\02_Estadual_PI\Decreto Estadual 14891.2012 - Aquisicao e Concessao de Passagens Aereas (Compilado).md","C:\Users\thiagonogueira\OneDrive - mppi.mp.br\CLC\01_Processos_e_Aquisicoes\Base de Conhecimento - Thiago\_DUPLICADOS_para_arquivar\Analise_de_processos_04_Normativos_Relacionados\Decreto Estadual 14891.2012 - Aquisicao e Concessao de Passagens Aereas (Compilado).md"
"MOVER_DUPLICADO","OK","C:\Users\thiagonogueira\OneDrive - mppi.mp.br\Análise de processos\04_Normativos_Relacionados\Normativos_Vigentes\02_Estadual_PI\Decreto Estadual 16212.2015 - Regulamenta o tratamento favorecido, diferenciado e simplificado para as microempresas, empresas de pequeno....md","C:\Users\thiagonogueira\OneDrive - mppi.mp.br\CLC\01_Processos_e_Aquisicoes\Base de Conhecimento - Thiago\_DUPLICADOS_para_arquivar\Analise_de_processos_04_Normativos_Relacionados\Decreto Estadual 16212.2015 - Regulamenta o tratamento favorecido, diferenciado e simplificado para as microempresas, empresas de pequeno....md"
"MOVER_DUPLICADO","OK","C:\Users\thiagonogueira\OneDrive - mppi.mp.br\Análise de processos\04_Normativos_Relacionados\Normativos_Vigentes\02_Estadual_PI\Decreto Estadual 16226.2015 - Estabelece normas para a concessão, aplicação e prestação de contas de Suprimento de Fundos, no âmbito do....md","C:\Users\thiagonogueira\OneDrive - mppi.mp.br\CLC\01_Processos_e_Aquisicoes\Base de Conhecimento - Thiago\_DUPLICADOS_para_arquivar\Analise_de_processos_04_Normativos_Relacionados\Decreto Estadual 16226.2015 - Estabelece normas para a concessão, aplicação e prestação de contas de Suprimento de Fundos, no âmbito do....md"
"MOVER_DUPLICADO","OK","C:\Users\thiagonogueira\OneDrive - mppi.mp.br\Análise de processos\04_Normativos_Relacionados\Normativos_Vigentes\02_Estadual_PI\Decreto Estadual 16266.2015 - Regulamenta o art. 41, II, da Lei Estadual nº 7.884, de 08 de dezembro de 2022, disciplina patrocínio dos... [ALTERADO POSTERIORMENTE].md","C:\Users\thiagonogueira\OneDrive - mppi.mp.br\CLC\01_Processos_e_Aquisicoes\Base de Conhecimento - Thiago\_DUPLICADOS_para_arquivar\Analise_de_processos_04_Normativos_Relacionados\Decreto Estadual 16266.2015 - Regulamenta o art. 41, II, da Lei Estadual nº 7.884, de 08 de dezembro de 2022, disciplina patrocínio dos... [ALTERADO POSTERIORMENTE].md"
"MOVER_DUPLICADO","OK","C:\Users\thiagonogueira\OneDrive - mppi.mp.br\Análise de processos\04_Normativos_Relacionados\Normativos_Vigentes\02_Estadual_PI\Decreto Estadual 16737.2016 - Estabelece parâmetros para elaboração de extratos de contratos administrativos e aditamentos contratuais, a....md","C:\Users\thiagonogueira\OneDrive - mppi.mp.br\CLC\01_Processos_e_Aquisicoes\Base de Conhecimento - Thiago\_DUPLICADOS_para_arquivar\Analise_de_processos_04_Normativos_Relacionados\Decreto Estadual 16737.2016 - Estabelece parâmetros para elaboração de extratos de contratos administrativos e aditamentos contratuais, a....md"
"MOVER_DUPLICADO","OK","C:\Users\thiagonogueira\OneDrive - mppi.mp.br\Análise de processos\04_Normativos_Relacionados\Normativos_Vigentes\02_Estadual_PI\Decreto Estadual 17031.2017 - Regulamenta a Lei nº 6.928, de 27 de dezembro de 2016, que dispõe a implantação no Estado do Piauí do....md","C:\Users\thiagonogueira\OneDrive - mppi.mp.br\CLC\01_Processos_e_Aquisicoes\Base de Conhecimento - Thiago\_DUPLICADOS_para_arquivar\Analise_de_processos_04_Normativos_Relacionados\Decreto Estadual 17031.2017 - Regulamenta a Lei nº 6.928, de 27 de dezembro de 2016, que dispõe a implantação no Estado do Piauí do....md"
"MOVER_DUPLICADO","OK","C:\Users\thiagonogueira\OneDrive - mppi.mp.br\Análise de processos\04_Normativos_Relacionados\Normativos_Vigentes\02_Estadual_PI\Decreto Estadual 17083.2017 - Regulamenta a Lei Federal nº 13.019, de 31 de julho de 2014, para dispor sobre regras e procedimentos do....md","C:\Users\thiagonogueira\OneDrive - mppi.mp.br\CLC\01_Processos_e_Aquisicoes\Base de Conhecimento - Thiago\_DUPLICADOS_para_arquivar\Analise_de_processos_04_Normativos_Relacionados\Decreto Estadual 17083.2017 - Regulamenta a Lei Federal nº 13.019, de 31 de julho de 2014, para dispor sobre regras e procedimentos do....md"
"MOVER_DUPLICADO","OK","C:\Users\thiagonogueira\OneDrive - mppi.mp.br\Análise de processos\04_Normativos_Relacionados\Normativos_Vigentes\02_Estadual_PI\Decreto Estadual 17084.2017 - Dispõe sobre a Programação Orçamentária e Financeira dos órgãos e entidades do Poder Executivo, relativa a....md","C:\Users\thiagonogueira\OneDrive - mppi.mp.br\CLC\01_Processos_e_Aquisicoes\Base de Conhecimento - Thiago\_DUPLICADOS_para_arquivar\Analise_de_processos_04_Normativos_Relacionados\Decreto Estadual 17084.2017 - Dispõe sobre a Programação Orçamentária e Financeira dos órgãos e entidades do Poder Executivo, relativa a....md"
"MOVER_DUPLICADO","OK","C:\Users\thiagonogueira\OneDrive - mppi.mp.br\Análise de processos\04_Normativos_Relacionados\Normativos_Vigentes\02_Estadual_PI\Decreto Estadual 17402.2017 - Estabelece, no âmbito da administração pública estadual, diretrizes para recolhimento, controle e prestação....md","C:\Users\thiagonogueira\OneDrive - mppi.mp.br\CLC\01_Processos_e_Aquisicoes\Base de Conhecimento - Thiago\_DUPLICADOS_para_arquivar\Analise_de_processos_04_Normativos_Relacionados\Decreto Estadual 17402.2017 - Estabelece, no âmbito da administração pública estadual, diretrizes para recolhimento, controle e prestação....md"
"MOVER_DUPLICADO","OK","C:\Users\thiagonogueira\OneDrive - mppi.mp.br\Análise de processos\04_Normativos_Relacionados\Normativos_Vigentes\02_Estadual_PI\Decreto Estadual 17526.2017 - Reestrutura o Sistema de Controle Interno do Poder Executivo Estadual, revoga o Decreto 11.434, de 14 de....md","C:\Users\thiagonogueira\OneDrive - mppi.mp.br\CLC\01_Processos_e_Aquisicoes\Base de Conhecimento - Thiago\_DUPLICADOS_para_arquivar\Analise_de_processos_04_Normativos_Relacionados\Decreto Estadual 17526.2017 - Reestrutura o Sistema de Controle Interno do Poder Executivo Estadual, revoga o Decreto 11.434, de 14 de....md"
"MOVER_DUPLICADO","OK","C:\Users\thiagonogueira\OneDrive - mppi.mp.br\Análise de processos\04_Normativos_Relacionados\Normativos_Vigentes\02_Estadual_PI\Decreto Estadual 18077.2018 - Dispõe sobre a utilização da certificação digital no âmbito da Administração Pública Estadual, e dá outras....md","C:\Users\thiagonogueira\OneDrive - mppi.mp.br\CLC\01_Processos_e_Aquisicoes\Base de Conhecimento - Thiago\_DUPLICADOS_para_arquivar\Analise_de_processos_04_Normativos_Relacionados\Decreto Estadual 18077.2018 - Dispõe sobre a utilização da certificação digital no âmbito da Administração Pública Estadual, e dá outras....md"
"MOVER_DUPLICADO","OK","C:\Users\thiagonogueira\OneDrive - mppi.mp.br\Análise de processos\04_Normativos_Relacionados\Normativos_Vigentes\02_Estadual_PI\Decreto Estadual 18142.2019 - Estabelece o Sistema Eletrônico de Informações (SEI) como sistema oficial para a gestão de documentos e....md","C:\Users\thiagonogueira\OneDrive - mppi.mp.br\CLC\01_Processos_e_Aquisicoes\Base de Conhecimento - Thiago\_DUPLICADOS_para_arquivar\Analise_de_processos_04_Normativos_Relacionados\Decreto Estadual 18142.2019 - Estabelece o Sistema Eletrônico de Informações (SEI) como sistema oficial para a gestão de documentos e....md"
"MOVER_DUPLICADO","OK","C:\Users\thiagonogueira\OneDrive - mppi.mp.br\Análise de processos\04_Normativos_Relacionados\Normativos_Vigentes\02_Estadual_PI\Decreto Estadual 18224.2019 - Regulamenta o período de transição no âmbito da reforma administrativa aprovada pela Lei nº 7.211, de 22 de....md","C:\Users\thiagonogueira\OneDrive - mppi.mp.br\CLC\01_Processos_e_Aquisicoes\Base de Conhecimento - Thiago\_DUPLICADOS_para_arquivar\Analise_de_processos_04_Normativos_Relacionados\Decreto Estadual 18224.2019 - Regulamenta o período de transição no âmbito da reforma administrativa aprovada pela Lei nº 7.211, de 22 de....md"
"MOVER_DUPLICADO","OK","C:\Users\thiagonogueira\OneDrive - mppi.mp.br\Análise de processos\04_Normativos_Relacionados\Normativos_Vigentes\02_Estadual_PI\Decreto Estadual 18337.2019 - Define as atribuições e responsabilidades dos agentes designados como liquidantes de órgãos e entidades em....md","C:\Users\thiagonogueira\OneDrive - mppi.mp.br\CLC\01_Processos_e_Aquisicoes\Base de Conhecimento - Thiago\_DUPLICADOS_para_arquivar\Analise_de_processos_04_Normativos_Relacionados\Decreto Estadual 18337.2019 - Define as atribuições e responsabilidades dos agentes designados como liquidantes de órgãos e entidades em....md"
"MOVER_DUPLICADO","OK","C:\Users\thiagonogueira\OneDrive - mppi.mp.br\Análise de processos\04_Normativos_Relacionados\Normativos_Vigentes\02_Estadual_PI\Decreto Estadual 18369.2019 - Aprova a publicação do PARECER PGECJ Nº 0652019, da Procuradoria Geral do Estado, com caráter normativo,....md","C:\Users\thiagonogueira\OneDrive - mppi.mp.br\CLC\01_Processos_e_Aquisicoes\Base de Conhecimento - Thiago\_DUPLICADOS_para_arquivar\Analise_de_processos_04_Normativos_Relacionados\Decreto Estadual 18369.2019 - Aprova a publicação do PARECER PGECJ Nº 0652019, da Procuradoria Geral do Estado, com caráter normativo,....md"
"MOVER_DUPLICADO","OK","C:\Users\thiagonogueira\OneDrive - mppi.mp.br\Análise de processos\04_Normativos_Relacionados\Normativos_Vigentes\02_Estadual_PI\Decreto Estadual 18561.2019 - Regulamenta a Lei nº 6.949, de 11 de janeiro de 2017, que regula o Processo Administrativo Tributário,....md","C:\Users\thiagonogueira\OneDrive - mppi.mp.br\CLC\01_Processos_e_Aquisicoes\Base de Conhecimento - Thiago\_DUPLICADOS_para_arquivar\Analise_de_processos_04_Normativos_Relacionados\Decreto Estadual 18561.2019 - Regulamenta a Lei nº 6.949, de 11 de janeiro de 2017, que regula o Processo Administrativo Tributário,....md"
"MOVER_DUPLICADO","OK","C:\Users\thiagonogueira\OneDrive - mppi.mp.br\Análise de processos\04_Normativos_Relacionados\Normativos_Vigentes\02_Estadual_PI\Decreto Estadual 19743.2021 - Aprova a publicação do Parecer PGECJ nº 1122021, da Procuradoria-Geral do Estado, com caráter normativo,....md","C:\Users\thiagonogueira\OneDrive - mppi.mp.br\CLC\01_Processos_e_Aquisicoes\Base de Conhecimento - Thiago\_DUPLICADOS_para_arquivar\Analise_de_processos_04_Normativos_Relacionados\Decreto Estadual 19743.2021 - Aprova a publicação do Parecer PGECJ nº 1122021, da Procuradoria-Geral do Estado, com caráter normativo,....md"
"MOVER_DUPLICADO","OK","C:\Users\thiagonogueira\OneDrive - mppi.mp.br\Análise de processos\04_Normativos_Relacionados\Normativos_Vigentes\02_Estadual_PI\Decreto Estadual 19841.2021 - Dispõe sobre os procedimentos e critérios para o reequilíbrio econômico-financeiro de contratos....md","C:\Users\thiagonogueira\OneDrive - mppi.mp.br\CLC\01_Processos_e_Aquisicoes\Base de Conhecimento - Thiago\_DUPLICADOS_para_arquivar\Analise_de_processos_04_Normativos_Relacionados\Decreto Estadual 19841.2021 - Dispõe sobre os procedimentos e critérios para o reequilíbrio econômico-financeiro de contratos....md"
"MOVER_DUPLICADO","OK","C:\Users\thiagonogueira\OneDrive - mppi.mp.br\Análise de processos\04_Normativos_Relacionados\Normativos_Vigentes\02_Estadual_PI\Decreto Estadual 19876.2021 - Estabelece normas para o envio de matérias pelos órgãos e entidades da Administração Pública estadual....md","C:\Users\thiagonogueira\OneDrive - mppi.mp.br\CLC\01_Processos_e_Aquisicoes\Base de Conhecimento - Thiago\_DUPLICADOS_para_arquivar\Analise_de_processos_04_Normativos_Relacionados\Decreto Estadual 19876.2021 - Estabelece normas para o envio de matérias pelos órgãos e entidades da Administração Pública estadual....md"
"MOVER_DUPLICADO","OK","C:\Users\thiagonogueira\OneDrive - mppi.mp.br\Análise de processos\04_Normativos_Relacionados\Normativos_Vigentes\02_Estadual_PI\Decreto Estadual 20096.2021 - Credenciamento de Fornecedores e Prestadores de Servicos (Compilado).md","C:\Users\thiagonogueira\OneDrive - mppi.mp.br\CLC\01_Processos_e_Aquisicoes\Base de Conhecimento - Thiago\_DUPLICADOS_para_arquivar\Analise_de_processos_04_Normativos_Relacionados\Decreto Estadual 20096.2021 - Credenciamento de Fornecedores e Prestadores de Servicos (Compilado).md"
"MOVER_DUPLICADO","OK","C:\Users\thiagonogueira\OneDrive - mppi.mp.br\Análise de processos\04_Normativos_Relacionados\Normativos_Vigentes\02_Estadual_PI\Decreto Estadual 20110.2021 - Dispõe sobre o regime de licitações e contratos administrativos a ser utilizado no âmbito da Administração....md","C:\Users\thiagonogueira\OneDrive - mppi.mp.br\CLC\01_Processos_e_Aquisicoes\Base de Conhecimento - Thiago\_DUPLICADOS_para_arquivar\Analise_de_processos_04_Normativos_Relacionados\Decreto Estadual 20110.2021 - Dispõe sobre o regime de licitações e contratos administrativos a ser utilizado no âmbito da Administração....md"
"MOVER_DUPLICADO","OK","C:\Users\thiagonogueira\OneDrive - mppi.mp.br\Análise de processos\04_Normativos_Relacionados\Normativos_Vigentes\02_Estadual_PI\Decreto Estadual 21787.2023 - Regulamenta o Conselho Estadual de Gestão de Pessoas e dá outras providências..md","C:\Users\thiagonogueira\OneDrive - mppi.mp.br\CLC\01_Processos_e_Aquisicoes\Base de Conhecimento - Thiago\_DUPLICADOS_para_arquivar\Analise_de_processos_04_Normativos_Relacionados\Decreto Estadual 21787.2023 - Regulamenta o Conselho Estadual de Gestão de Pessoas e dá outras providências..md"
"MOVER_DUPLICADO","OK","C:\Users\thiagonogueira\OneDrive - mppi.mp.br\Análise de processos\04_Normativos_Relacionados\Normativos_Vigentes\02_Estadual_PI\Decreto Estadual 21812.2023 - Dispõe sobre limites de gastos para contratação de bandas e atrações artísticas para eventos festivos no ano....md","C:\Users\thiagonogueira\OneDrive - mppi.mp.br\CLC\01_Processos_e_Aquisicoes\Base de Conhecimento - Thiago\_DUPLICADOS_para_arquivar\Analise_de_processos_04_Normativos_Relacionados\Decreto Estadual 21812.2023 - Dispõe sobre limites de gastos para contratação de bandas e atrações artísticas para eventos festivos no ano....md"
"MOVER_DUPLICADO","OK","C:\Users\thiagonogueira\OneDrive - mppi.mp.br\Análise de processos\04_Normativos_Relacionados\Normativos_Vigentes\02_Estadual_PI\Decreto Estadual 21864.2023 - Regulamenta o período de transição no âmbito da reforma administrativa aprovada pela Lei nº 7.884, de 08 de....md","C:\Users\thiagonogueira\OneDrive - mppi.mp.br\CLC\01_Processos_e_Aquisicoes\Base de Conhecimento - Thiago\_DUPLICADOS_para_arquivar\Analise_de_processos_04_Normativos_Relacionados\Decreto Estadual 21864.2023 - Regulamenta o período de transição no âmbito da reforma administrativa aprovada pela Lei nº 7.884, de 08 de....md"
"MOVER_DUPLICADO","OK","C:\Users\thiagonogueira\OneDrive - mppi.mp.br\Análise de processos\04_Normativos_Relacionados\Normativos_Vigentes\02_Estadual_PI\Decreto Estadual 21872.2023 - Regulamenta a NLLC.md","C:\Users\thiagonogueira\OneDrive - mppi.mp.br\CLC\01_Processos_e_Aquisicoes\Base de Conhecimento - Thiago\_DUPLICADOS_para_arquivar\Analise_de_processos_04_Normativos_Relacionados\Decreto Estadual 21872.2023 - Regulamenta a NLLC.md"
"MOVER_DUPLICADO","OK","C:\Users\thiagonogueira\OneDrive - mppi.mp.br\Análise de processos\04_Normativos_Relacionados\Normativos_Vigentes\02_Estadual_PI\Decreto Estadual 21908.2023 - Dispõe sobre a Comissão de Gestão Financeira e Gestão por Resultados - CGFR e dá outras providências..md","C:\Users\thiagonogueira\OneDrive - mppi.mp.br\CLC\01_Processos_e_Aquisicoes\Base de Conhecimento - Thiago\_DUPLICADOS_para_arquivar\Analise_de_processos_04_Normativos_Relacionados\Decreto Estadual 21908.2023 - Dispõe sobre a Comissão de Gestão Financeira e Gestão por Resultados - CGFR e dá outras providências..md"
"MOVER_DUPLICADO","OK","C:\Users\thiagonogueira\OneDrive - mppi.mp.br\Análise de processos\04_Normativos_Relacionados\Normativos_Vigentes\02_Estadual_PI\Decreto Estadual 21909.2023 - Obras e Serviços de Engenharia.md","C:\Users\thiagonogueira\OneDrive - mppi.mp.br\CLC\01_Processos_e_Aquisicoes\Base de Conhecimento - Thiago\_DUPLICADOS_para_arquivar\Analise_de_processos_04_Normativos_Relacionados\Decreto Estadual 21909.2023 - Obras e Serviços de Engenharia.md"
"MOVER_DUPLICADO","OK","C:\Users\thiagonogueira\OneDrive - mppi.mp.br\Análise de processos\04_Normativos_Relacionados\Normativos_Vigentes\02_Estadual_PI\Decreto Estadual 21910.2023 - Dispõe sobre o Marco Temporal e o procedimento de transição entre a Lei nº 14.133, de 1º de abril de 2021, e... [REVOGADO].md","C:\Users\thiagonogueira\OneDrive - mppi.mp.br\CLC\01_Processos_e_Aquisicoes\Base de Conhecimento - Thiago\_DUPLICADOS_para_arquivar\Analise_de_processos_04_Normativos_Relacionados\Decreto Estadual 21910.2023 - Dispõe sobre o Marco Temporal e o procedimento de transição entre a Lei nº 14.133, de 1º de abril de 2021, e... [REVOGADO].md"
"MOVER_DUPLICADO","OK","C:\Users\thiagonogueira\OneDrive - mppi.mp.br\Análise de processos\04_Normativos_Relacionados\Normativos_Vigentes\02_Estadual_PI\Decreto Estadual 21938.2023 - SRP PI.md","C:\Users\thiagonogueira\OneDrive - mppi.mp.br\CLC\01_Processos_e_Aquisicoes\Base de Conhecimento - Thiago\_DUPLICADOS_para_arquivar\Analise_de_processos_04_Normativos_Relacionados\Decreto Estadual 21938.2023 - SRP PI.md"
"MOVER_DUPLICADO","OK","C:\Users\thiagonogueira\OneDrive - mppi.mp.br\Análise de processos\04_Normativos_Relacionados\Normativos_Vigentes\02_Estadual_PI\Decreto Estadual 21979.2023 - Institui a Política de Transformação Digital do âmbito do Poder Executivo do Estado, o portal único de... [ALTERADO POSTERIORMENTE].md","C:\Users\thiagonogueira\OneDrive - mppi.mp.br\CLC\01_Processos_e_Aquisicoes\Base de Conhecimento - Thiago\_DUPLICADOS_para_arquivar\Analise_de_processos_04_Normativos_Relacionados\Decreto Estadual 21979.2023 - Institui a Política de Transformação Digital do âmbito do Poder Executivo do Estado, o portal único de... [ALTERADO POSTERIORMENTE].md"
"MOVER_DUPLICADO","OK","C:\Users\thiagonogueira\OneDrive - mppi.mp.br\Análise de processos\04_Normativos_Relacionados\Normativos_Vigentes\02_Estadual_PI\Decreto Estadual 21980.2023 - Revoga o Decreto nº 21.910, de 17 de março de 2023, que estabeleceu o Marco Temporal e o procedimento de....md","C:\Users\thiagonogueira\OneDrive - mppi.mp.br\CLC\01_Processos_e_Aquisicoes\Base de Conhecimento - Thiago\_DUPLICADOS_para_arquivar\Analise_de_processos_04_Normativos_Relacionados\Decreto Estadual 21980.2023 - Revoga o Decreto nº 21.910, de 17 de março de 2023, que estabeleceu o Marco Temporal e o procedimento de....md"
"MOVER_DUPLICADO","OK","C:\Users\thiagonogueira\OneDrive - mppi.mp.br\Análise de processos\04_Normativos_Relacionados\Normativos_Vigentes\02_Estadual_PI\Decreto Estadual 22023.2023 - Implanta o Sistema Integrado de Gestão de Repasses – SIGRP e disciplina os procedimentos para celebração,....md","C:\Users\thiagonogueira\OneDrive - mppi.mp.br\CLC\01_Processos_e_Aquisicoes\Base de Conhecimento - Thiago\_DUPLICADOS_para_arquivar\Analise_de_processos_04_Normativos_Relacionados\Decreto Estadual 22023.2023 - Implanta o Sistema Integrado de Gestão de Repasses – SIGRP e disciplina os procedimentos para celebração,....md"
"MOVER_DUPLICADO","OK","C:\Users\thiagonogueira\OneDrive - mppi.mp.br\Análise de processos\04_Normativos_Relacionados\Normativos_Vigentes\02_Estadual_PI\Decreto Estadual 22050.2023 - Delega competência para a prática de atos administrativo-disciplinares ao Secretário de Estado da Segurança....md","C:\Users\thiagonogueira\OneDrive - mppi.mp.br\CLC\01_Processos_e_Aquisicoes\Base de Conhecimento - Thiago\_DUPLICADOS_para_arquivar\Analise_de_processos_04_Normativos_Relacionados\Decreto Estadual 22050.2023 - Delega competência para a prática de atos administrativo-disciplinares ao Secretário de Estado da Segurança....md"
"MOVER_DUPLICADO","OK","C:\Users\thiagonogueira\OneDrive - mppi.mp.br\Análise de processos\04_Normativos_Relacionados\Normativos_Vigentes\02_Estadual_PI\Decreto Estadual 22089.2023 - Regulamenta a seleção de Organizações Sociais para a celebração de contrato de gestão na forma da Lei....md","C:\Users\thiagonogueira\OneDrive - mppi.mp.br\CLC\01_Processos_e_Aquisicoes\Base de Conhecimento - Thiago\_DUPLICADOS_para_arquivar\Analise_de_processos_04_Normativos_Relacionados\Decreto Estadual 22089.2023 - Regulamenta a seleção de Organizações Sociais para a celebração de contrato de gestão na forma da Lei....md"
"MOVER_DUPLICADO","OK","C:\Users\thiagonogueira\OneDrive - mppi.mp.br\Análise de processos\04_Normativos_Relacionados\Normativos_Vigentes\02_Estadual_PI\Decreto Estadual 22137.2023 - Regulamenta o art. 61 da Lei Complementar nº 13, de 03 de janeiro de 1994..md","C:\Users\thiagonogueira\OneDrive - mppi.mp.br\CLC\01_Processos_e_Aquisicoes\Base de Conhecimento - Thiago\_DUPLICADOS_para_arquivar\Analise_de_processos_04_Normativos_Relacionados\Decreto Estadual 22137.2023 - Regulamenta o art. 61 da Lei Complementar nº 13, de 03 de janeiro de 1994..md"
"MOVER_DUPLICADO","OK","C:\Users\thiagonogueira\OneDrive - mppi.mp.br\Análise de processos\04_Normativos_Relacionados\Normativos_Vigentes\02_Estadual_PI\Decreto Estadual 22249.2023 - Institui a Política Estadual de Segurança da Informação e Comunicação do Estado do Piauí - POSIC, e de....md","C:\Users\thiagonogueira\OneDrive - mppi.mp.br\CLC\01_Processos_e_Aquisicoes\Base de Conhecimento - Thiago\_DUPLICADOS_para_arquivar\Analise_de_processos_04_Normativos_Relacionados\Decreto Estadual 22249.2023 - Institui a Política Estadual de Segurança da Informação e Comunicação do Estado do Piauí - POSIC, e de....md"
"MOVER_DUPLICADO","OK","C:\Users\thiagonogueira\OneDrive - mppi.mp.br\Análise de processos\04_Normativos_Relacionados\Normativos_Vigentes\02_Estadual_PI\Decreto Estadual 22380.2023 - Dispõe sobre a descentralização de crédito orçamentário no Estado do Piauí..md","C:\Users\thiagonogueira\OneDrive - mppi.mp.br\CLC\01_Processos_e_Aquisicoes\Base de Conhecimento - Thiago\_DUPLICADOS_para_arquivar\Analise_de_processos_04_Normativos_Relacionados\Decreto Estadual 22380.2023 - Dispõe sobre a descentralização de crédito orçamentário no Estado do Piauí..md"
"MOVER_DUPLICADO","OK","C:\Users\thiagonogueira\OneDrive - mppi.mp.br\Análise de processos\04_Normativos_Relacionados\Normativos_Vigentes\02_Estadual_PI\Decreto Estadual 22652.2023 - Dispõe sobre o Marco Temporal e o procedimento de transição entre a Lei nº 14.133, de 1º de abril de 2021, e....md","C:\Users\thiagonogueira\OneDrive - mppi.mp.br\CLC\01_Processos_e_Aquisicoes\Base de Conhecimento - Thiago\_DUPLICADOS_para_arquivar\Analise_de_processos_04_Normativos_Relacionados\Decreto Estadual 22652.2023 - Dispõe sobre o Marco Temporal e o procedimento de transição entre a Lei nº 14.133, de 1º de abril de 2021, e....md"
"MOVER_DUPLICADO","OK","C:\Users\thiagonogueira\OneDrive - mppi.mp.br\Análise de processos\04_Normativos_Relacionados\Normativos_Vigentes\02_Estadual_PI\Decreto Estadual 22677.2024 - Responsabilização Administrativa e Civil de Pessoas Jurídicas (Lei 12.846.2013).md","C:\Users\thiagonogueira\OneDrive - mppi.mp.br\CLC\01_Processos_e_Aquisicoes\Base de Conhecimento - Thiago\_DUPLICADOS_para_arquivar\Analise_de_processos_04_Normativos_Relacionados\Decreto Estadual 22677.2024 - Responsabilização Administrativa e Civil de Pessoas Jurídicas (Lei 12.846.2013).md"
"MOVER_DUPLICADO","OK","C:\Users\thiagonogueira\OneDrive - mppi.mp.br\Análise de processos\04_Normativos_Relacionados\Normativos_Vigentes\02_Estadual_PI\Decreto Estadual 22737.2024 - Reajuste de Preços nos Contratos Administrativos.md","C:\Users\thiagonogueira\OneDrive - mppi.mp.br\CLC\01_Processos_e_Aquisicoes\Base de Conhecimento - Thiago\_DUPLICADOS_para_arquivar\Analise_de_processos_04_Normativos_Relacionados\Decreto Estadual 22737.2024 - Reajuste de Preços nos Contratos Administrativos.md"
"MOVER_DUPLICADO","OK","C:\Users\thiagonogueira\OneDrive - mppi.mp.br\Análise de processos\04_Normativos_Relacionados\Normativos_Vigentes\02_Estadual_PI\Decreto Estadual 22811.2024 - Regularidade Fiscal, Econômico-Financeira e Administrativa.md","C:\Users\thiagonogueira\OneDrive - mppi.mp.br\CLC\01_Processos_e_Aquisicoes\Base de Conhecimento - Thiago\_DUPLICADOS_para_arquivar\Analise_de_processos_04_Normativos_Relacionados\Decreto Estadual 22811.2024 - Regularidade Fiscal, Econômico-Financeira e Administrativa.md"
"MOVER_DUPLICADO","OK","C:\Users\thiagonogueira\OneDrive - mppi.mp.br\Análise de processos\04_Normativos_Relacionados\Normativos_Vigentes\02_Estadual_PI\Decreto Estadual 22822.2024 - Diretrizes de Governanca e Contratacoes.md","C:\Users\thiagonogueira\OneDrive - mppi.mp.br\CLC\01_Processos_e_Aquisicoes\Base de Conhecimento - Thiago\_DUPLICADOS_para_arquivar\Analise_de_processos_04_Normativos_Relacionados\Decreto Estadual 22822.2024 - Diretrizes de Governanca e Contratacoes.md"
"MOVER_DUPLICADO","OK","C:\Users\thiagonogueira\OneDrive - mppi.mp.br\Análise de processos\04_Normativos_Relacionados\Normativos_Vigentes\02_Estadual_PI\Decreto Estadual 22822.2024 - Patrocínio dos Órgãos e Entidades do Executivo Estadual.md","C:\Users\thiagonogueira\OneDrive - mppi.mp.br\CLC\01_Processos_e_Aquisicoes\Base de Conhecimento - Thiago\_DUPLICADOS_para_arquivar\Analise_de_processos_04_Normativos_Relacionados\Decreto Estadual 22822.2024 - Patrocínio dos Órgãos e Entidades do Executivo Estadual.md"
"MOVER_DUPLICADO","OK","C:\Users\thiagonogueira\OneDrive - mppi.mp.br\Análise de processos\04_Normativos_Relacionados\Normativos_Vigentes\02_Estadual_PI\Decreto Estadual 23.865.2025 - Dispõe Sobre a Unificação da Plataforma Compras Públicas no PI.md","C:\Users\thiagonogueira\OneDrive - mppi.mp.br\CLC\01_Processos_e_Aquisicoes\Base de Conhecimento - Thiago\_DUPLICADOS_para_arquivar\Analise_de_processos_04_Normativos_Relacionados\Decreto Estadual 23.865.2025 - Dispõe Sobre a Unificação da Plataforma Compras Públicas no PI.md"
"MOVER_DUPLICADO","OK","C:\Users\thiagonogueira\OneDrive - mppi.mp.br\Análise de processos\04_Normativos_Relacionados\Normativos_Vigentes\02_Estadual_PI\Decreto Estadual 23003.2024 - Política Estadual de Proteção de Dados Pessoais e Privacidade.md","C:\Users\thiagonogueira\OneDrive - mppi.mp.br\CLC\01_Processos_e_Aquisicoes\Base de Conhecimento - Thiago\_DUPLICADOS_para_arquivar\Analise_de_processos_04_Normativos_Relacionados\Decreto Estadual 23003.2024 - Política Estadual de Proteção de Dados Pessoais e Privacidade.md"
"MOVER_DUPLICADO","OK","C:\Users\thiagonogueira\OneDrive - mppi.mp.br\Análise de processos\04_Normativos_Relacionados\Normativos_Vigentes\02_Estadual_PI\Decreto Estadual 23269.2024 - Doação de Bens Móveis e Serviços à Administração Pública Estadual.md","C:\Users\thiagonogueira\OneDrive - mppi.mp.br\CLC\01_Processos_e_Aquisicoes\Base de Conhecimento - Thiago\_DUPLICADOS_para_arquivar\Analise_de_processos_04_Normativos_Relacionados\Decreto Estadual 23269.2024 - Doação de Bens Móveis e Serviços à Administração Pública Estadual.md"
"MOVER_DUPLICADO","OK","C:\Users\thiagonogueira\OneDrive - mppi.mp.br\Análise de processos\04_Normativos_Relacionados\Normativos_Vigentes\02_Estadual_PI\Decreto Estadual 23649.2025 - Ordens de Serviço nos Contratos Administrativos.md","C:\Users\thiagonogueira\OneDrive - mppi.mp.br\CLC\01_Processos_e_Aquisicoes\Base de Conhecimento - Thiago\_DUPLICADOS_para_arquivar\Analise_de_processos_04_Normativos_Relacionados\Decreto Estadual 23649.2025 - Ordens de Serviço nos Contratos Administrativos.md"
"MOVER_DUPLICADO","OK","C:\Users\thiagonogueira\OneDrive - mppi.mp.br\Análise de processos\04_Normativos_Relacionados\Normativos_Vigentes\02_Estadual_PI\Decreto Estadual 23865.2025 - Regulamento de Contratacoes e Gestao Estadual.md","C:\Users\thiagonogueira\OneDrive - mppi.mp.br\CLC\01_Processos_e_Aquisicoes\Base de Conhecimento - Thiago\_DUPLICADOS_para_arquivar\Analise_de_processos_04_Normativos_Relacionados\Decreto Estadual 23865.2025 - Regulamento de Contratacoes e Gestao Estadual.md"
"MOVER_DUPLICADO","OK","C:\Users\thiagonogueira\OneDrive - mppi.mp.br\Análise de processos\04_Normativos_Relacionados\Normativos_Vigentes\02_Estadual_PI\Decreto Estadual 23868.2025 - Procedimento de Manifestação de Interesse (PMI).md","C:\Users\thiagonogueira\OneDrive - mppi.mp.br\CLC\01_Processos_e_Aquisicoes\Base de Conhecimento - Thiago\_DUPLICADOS_para_arquivar\Analise_de_processos_04_Normativos_Relacionados\Decreto Estadual 23868.2025 - Procedimento de Manifestação de Interesse (PMI).md"
"MOVER_DUPLICADO","OK","C:\Users\thiagonogueira\OneDrive - mppi.mp.br\Análise de processos\04_Normativos_Relacionados\Normativos_Vigentes\02_Estadual_PI\Decreto Estadual 23891.2025 - Programa Estadual de Aquisições e Contratações Públicas Sustentáveis.md","C:\Users\thiagonogueira\OneDrive - mppi.mp.br\CLC\01_Processos_e_Aquisicoes\Base de Conhecimento - Thiago\_DUPLICADOS_para_arquivar\Analise_de_processos_04_Normativos_Relacionados\Decreto Estadual 23891.2025 - Programa Estadual de Aquisições e Contratações Públicas Sustentáveis.md"
"MOVER_DUPLICADO","OK","C:\Users\thiagonogueira\OneDrive - mppi.mp.br\Análise de processos\04_Normativos_Relacionados\Normativos_Vigentes\02_Estadual_PI\Decreto Estadual 24144.2025 - Ações de Equidade de Gênero como Desempate.md","C:\Users\thiagonogueira\OneDrive - mppi.mp.br\CLC\01_Processos_e_Aquisicoes\Base de Conhecimento - Thiago\_DUPLICADOS_para_arquivar\Analise_de_processos_04_Normativos_Relacionados\Decreto Estadual 24144.2025 - Ações de Equidade de Gênero como Desempate.md"
"MOVER_DUPLICADO","OK","C:\Users\thiagonogueira\OneDrive - mppi.mp.br\Análise de processos\04_Normativos_Relacionados\Normativos_Vigentes\02_Estadual_PI\Instrução Normativa CGE nº 01-2013 - Procedimentos de Controle e Pareceres.md","C:\Users\thiagonogueira\OneDrive - mppi.mp.br\CLC\01_Processos_e_Aquisicoes\Base de Conhecimento - Thiago\_DUPLICADOS_para_arquivar\Analise_de_processos_04_Normativos_Relacionados\Instrução Normativa CGE nº 01-2013 - Procedimentos de Controle e Pareceres.md"
"MOVER_DUPLICADO","OK","C:\Users\thiagonogueira\OneDrive - mppi.mp.br\Análise de processos\04_Normativos_Relacionados\Normativos_Vigentes\02_Estadual_PI\Instrução Normativa CGE nº 01-2015 - Normas Gerais de Controle Interno.md","C:\Users\thiagonogueira\OneDrive - mppi.mp.br\CLC\01_Processos_e_Aquisicoes\Base de Conhecimento - Thiago\_DUPLICADOS_para_arquivar\Analise_de_processos_04_Normativos_Relacionados\Instrução Normativa CGE nº 01-2015 - Normas Gerais de Controle Interno.md"
"MOVER_DUPLICADO","OK","C:\Users\thiagonogueira\OneDrive - mppi.mp.br\Análise de processos\04_Normativos_Relacionados\Normativos_Vigentes\02_Estadual_PI\Instrução Normativa SEFAZ nº 01-2021 - Procedimentos de Gestão Financeira.md","C:\Users\thiagonogueira\OneDrive - mppi.mp.br\CLC\01_Processos_e_Aquisicoes\Base de Conhecimento - Thiago\_DUPLICADOS_para_arquivar\Analise_de_processos_04_Normativos_Relacionados\Instrução Normativa SEFAZ nº 01-2021 - Procedimentos de Gestão Financeira.md"
"MOVER_DUPLICADO","OK","C:\Users\thiagonogueira\OneDrive - mppi.mp.br\Análise de processos\04_Normativos_Relacionados\Normativos_Vigentes\02_Estadual_PI\Lei Estadual 6.872.2016 - Regula o Processo Administrativo.md","C:\Users\thiagonogueira\OneDrive - mppi.mp.br\CLC\01_Processos_e_Aquisicoes\Base de Conhecimento - Thiago\_DUPLICADOS_para_arquivar\Analise_de_processos_04_Normativos_Relacionados\Lei Estadual 6.872.2016 - Regula o Processo Administrativo.md"
"MOVER_DUPLICADO","OK","C:\Users\thiagonogueira\OneDrive - mppi.mp.br\Análise de processos\04_Normativos_Relacionados\Normativos_Vigentes\02_Estadual_PI\Lei Estadual 6782.2016 - Estatuto dos Servidores Publicos do Piaui.md","C:\Users\thiagonogueira\OneDrive - mppi.mp.br\CLC\01_Processos_e_Aquisicoes\Base de Conhecimento - Thiago\_DUPLICADOS_para_arquivar\Analise_de_processos_04_Normativos_Relacionados\Lei Estadual 6782.2016 - Estatuto dos Servidores Publicos do Piaui.md"
"MOVER_DUPLICADO","OK","C:\Users\thiagonogueira\OneDrive - mppi.mp.br\Análise de processos\04_Normativos_Relacionados\Normativos_Vigentes\02_Estadual_PI\Lei Estadual 6782.2016 - Regula o Processo Administrativo no âmbito da Administração Pública do Estado do Piauí..md","C:\Users\thiagonogueira\OneDrive - mppi.mp.br\CLC\01_Processos_e_Aquisicoes\Base de Conhecimento - Thiago\_DUPLICADOS_para_arquivar\Analise_de_processos_04_Normativos_Relacionados\Lei Estadual 6782.2016 - Regula o Processo Administrativo no âmbito da Administração Pública do Estado do Piauí..md"
"MOVER_DUPLICADO","OK","C:\Users\thiagonogueira\OneDrive - mppi.mp.br\Análise de processos\04_Normativos_Relacionados\Normativos_Vigentes\02_Estadual_PI\Lei Estadual 7482.2021 - Diretrizes e Reorganizacao Administrativa.md","C:\Users\thiagonogueira\OneDrive - mppi.mp.br\CLC\01_Processos_e_Aquisicoes\Base de Conhecimento - Thiago\_DUPLICADOS_para_arquivar\Analise_de_processos_04_Normativos_Relacionados\Lei Estadual 7482.2021 - Diretrizes e Reorganizacao Administrativa.md"
"MOVER_DUPLICADO","OK","C:\Users\thiagonogueira\OneDrive - mppi.mp.br\Análise de processos\04_Normativos_Relacionados\Normativos_Vigentes\02_Estadual_PI\Lei Estadual 7482.2021 - Regulamenta o Pregão Eletrônico.md","C:\Users\thiagonogueira\OneDrive - mppi.mp.br\CLC\01_Processos_e_Aquisicoes\Base de Conhecimento - Thiago\_DUPLICADOS_para_arquivar\Analise_de_processos_04_Normativos_Relacionados\Lei Estadual 7482.2021 - Regulamenta o Pregão Eletrônico.md"
"MOVER_DUPLICADO","OK","C:\Users\thiagonogueira\OneDrive - mppi.mp.br\Análise de processos\04_Normativos_Relacionados\Normativos_Vigentes\02_Estadual_PI\Lei Estadual 7612.2021 - Gestão de Bens Imóveis.md","C:\Users\thiagonogueira\OneDrive - mppi.mp.br\CLC\01_Processos_e_Aquisicoes\Base de Conhecimento - Thiago\_DUPLICADOS_para_arquivar\Analise_de_processos_04_Normativos_Relacionados\Lei Estadual 7612.2021 - Gestão de Bens Imóveis.md"
"MOVER_DUPLICADO","OK","C:\Users\thiagonogueira\OneDrive - mppi.mp.br\Análise de processos\04_Normativos_Relacionados\Normativos_Vigentes\02_Estadual_PI\Lei Estadual 7612.2021 - Normas de Gestao e Fiscalizacao.md","C:\Users\thiagonogueira\OneDrive - mppi.mp.br\CLC\01_Processos_e_Aquisicoes\Base de Conhecimento - Thiago\_DUPLICADOS_para_arquivar\Analise_de_processos_04_Normativos_Relacionados\Lei Estadual 7612.2021 - Normas de Gestao e Fiscalizacao.md"
"MOVER_DUPLICADO","OK","C:\Users\thiagonogueira\OneDrive - mppi.mp.br\Análise de processos\04_Normativos_Relacionados\Normativos_Vigentes\02_Estadual_PI\Lei Estadual 8914.2025 - Lei Orçamentária Anual LOA 2026.md","C:\Users\thiagonogueira\OneDrive - mppi.mp.br\CLC\01_Processos_e_Aquisicoes\Base de Conhecimento - Thiago\_DUPLICADOS_para_arquivar\Analise_de_processos_04_Normativos_Relacionados\Lei Estadual 8914.2025 - Lei Orçamentária Anual LOA 2026.md"
"MOVER_DUPLICADO","OK","C:\Users\thiagonogueira\OneDrive - mppi.mp.br\Análise de processos\04_Normativos_Relacionados\Normativos_Vigentes\02_Estadual_PI\manual-2025(e38d727ecdd5bd1591bb6f8ab47d38bd).md","C:\Users\thiagonogueira\OneDrive - mppi.mp.br\CLC\01_Processos_e_Aquisicoes\Base de Conhecimento - Thiago\_DUPLICADOS_para_arquivar\Analise_de_processos_04_Normativos_Relacionados\manual-2025(e38d727ecdd5bd1591bb6f8ab47d38bd).md"
"MOVER_DUPLICADO","OK","C:\Users\thiagonogueira\OneDrive - mppi.mp.br\Análise de processos\04_Normativos_Relacionados\Normativos_Vigentes\02_Estadual_PI\manual-tecnico-2024-2025(ad246a293bfd2f319f1a8b73e64903e3).md","C:\Users\thiagonogueira\OneDrive - mppi.mp.br\CLC\01_Processos_e_Aquisicoes\Base de Conhecimento - Thiago\_DUPLICADOS_para_arquivar\Analise_de_processos_04_Normativos_Relacionados\manual-tecnico-2024-2025(ad246a293bfd2f319f1a8b73e64903e3).md"
"MOVER_DUPLICADO","OK","C:\Users\thiagonogueira\OneDrive - mppi.mp.br\Análise de processos\04_Normativos_Relacionados\Normativos_Vigentes\02_Estadual_PI\manual-tecnico-do-orcamento.md","C:\Users\thiagonogueira\OneDrive - mppi.mp.br\CLC\01_Processos_e_Aquisicoes\Base de Conhecimento - Thiago\_DUPLICADOS_para_arquivar\Analise_de_processos_04_Normativos_Relacionados\manual-tecnico-do-orcamento.md"
"MOVER_DUPLICADO","OK","C:\Users\thiagonogueira\OneDrive - mppi.mp.br\Análise de processos\04_Normativos_Relacionados\Normativos_Vigentes\02_Estadual_PI\Portaria SEAD nº 001.2024 - Diretrizes de Contratacoes SEAD Piaui.md","C:\Users\thiagonogueira\OneDrive - mppi.mp.br\CLC\01_Processos_e_Aquisicoes\Base de Conhecimento - Thiago\_DUPLICADOS_para_arquivar\Analise_de_processos_04_Normativos_Relacionados\Portaria SEAD nº 001.2024 - Diretrizes de Contratacoes SEAD Piaui.md"
"MOVER_DUPLICADO","OK","C:\Users\thiagonogueira\OneDrive - mppi.mp.br\Análise de processos\04_Normativos_Relacionados\Normativos_Vigentes\02_Estadual_PI\Resolução CGFR 002.2021 - Elaboração de Extratos de Licitação e Contratos Administrativos.md","C:\Users\thiagonogueira\OneDrive - mppi.mp.br\CLC\01_Processos_e_Aquisicoes\Base de Conhecimento - Thiago\_DUPLICADOS_para_arquivar\Analise_de_processos_04_Normativos_Relacionados\Resolução CGFR 002.2021 - Elaboração de Extratos de Licitação e Contratos Administrativos.md"
"MOVER_DUPLICADO","OK","C:\Users\thiagonogueira\OneDrive - mppi.mp.br\Análise de processos\04_Normativos_Relacionados\Normativos_Vigentes\02_Estadual_PI\SEAD IN 01.2021 - Dispõe sobre o limite de adesões das atas de Registro de Preços gerenciadas pela SEADPREV.md","C:\Users\thiagonogueira\OneDrive - mppi.mp.br\CLC\01_Processos_e_Aquisicoes\Base de Conhecimento - Thiago\_DUPLICADOS_para_arquivar\Analise_de_processos_04_Normativos_Relacionados\SEAD IN 01.2021 - Dispõe sobre o limite de adesões das atas de Registro de Preços gerenciadas pela SEADPREV.md"
"MOVER_DUPLICADO","OK","C:\Users\thiagonogueira\OneDrive - mppi.mp.br\Análise de processos\04_Normativos_Relacionados\Normativos_Vigentes\02_Estadual_PI\SEAD Portaria 631.2025.GAB.SEAD - Política de Gestão de Riscos.md","C:\Users\thiagonogueira\OneDrive - mppi.mp.br\CLC\01_Processos_e_Aquisicoes\Base de Conhecimento - Thiago\_DUPLICADOS_para_arquivar\Analise_de_processos_04_Normativos_Relacionados\SEAD Portaria 631.2025.GAB.SEAD - Política de Gestão de Riscos.md"
"MOVER_DUPLICADO","OK","C:\Users\thiagonogueira\OneDrive - mppi.mp.br\Análise de processos\04_Normativos_Relacionados\Normativos_Vigentes\02_Estadual_PI\SEAD Portaria Gab Seadprev 34.2021 - Regulamenta a Dispensa Eletrônica.md","C:\Users\thiagonogueira\OneDrive - mppi.mp.br\CLC\01_Processos_e_Aquisicoes\Base de Conhecimento - Thiago\_DUPLICADOS_para_arquivar\Analise_de_processos_04_Normativos_Relacionados\SEAD Portaria Gab Seadprev 34.2021 - Regulamenta a Dispensa Eletrônica.md"
"MOVER_DUPLICADO","OK","C:\Users\thiagonogueira\OneDrive - mppi.mp.br\Análise de processos\04_Normativos_Relacionados\Normativos_Vigentes\02_Estadual_PI\TCE Expediente 30.2025 - DECISAO_SESSAO-PLENARIA-07-DE-24.04.2025.md","C:\Users\thiagonogueira\OneDrive - mppi.mp.br\CLC\01_Processos_e_Aquisicoes\Base de Conhecimento - Thiago\_DUPLICADOS_para_arquivar\Analise_de_processos_04_Normativos_Relacionados\TCE Expediente 30.2025 - DECISAO_SESSAO-PLENARIA-07-DE-24.04.2025.md"
"MOVER_DUPLICADO","OK","C:\Users\thiagonogueira\OneDrive - mppi.mp.br\Análise de processos\04_Normativos_Relacionados\Normativos_Vigentes\02_Estadual_PI\TCE IN 02.2026 -sistemas-licitacoes-web-contratos-web-e-obras-web.md","C:\Users\thiagonogueira\OneDrive - mppi.mp.br\CLC\01_Processos_e_Aquisicoes\Base de Conhecimento - Thiago\_DUPLICADOS_para_arquivar\Analise_de_processos_04_Normativos_Relacionados\TCE IN 02.2026 -sistemas-licitacoes-web-contratos-web-e-obras-web.md"
"MOVER_DUPLICADO","OK","C:\Users\thiagonogueira\OneDrive - mppi.mp.br\Análise de processos\04_Normativos_Relacionados\Normativos_Vigentes\02_Estadual_PI\TCE IN 06.2017 - Licitações WEB, Contratos WEB e Obras WEB.md","C:\Users\thiagonogueira\OneDrive - mppi.mp.br\CLC\01_Processos_e_Aquisicoes\Base de Conhecimento - Thiago\_DUPLICADOS_para_arquivar\Analise_de_processos_04_Normativos_Relacionados\TCE IN 06.2017 - Licitações WEB, Contratos WEB e Obras WEB.md"
"MOVER_DUPLICADO","OK","C:\Users\thiagonogueira\OneDrive - mppi.mp.br\Análise de processos\04_Normativos_Relacionados\Normativos_Vigentes\02_Estadual_PI\TCE IN 07.2021 - Altera a IN 06.2017.md","C:\Users\thiagonogueira\OneDrive - mppi.mp.br\CLC\01_Processos_e_Aquisicoes\Base de Conhecimento - Thiago\_DUPLICADOS_para_arquivar\Analise_de_processos_04_Normativos_Relacionados\TCE IN 07.2021 - Altera a IN 06.2017.md"
"MOVER_DUPLICADO","OK","C:\Users\thiagonogueira\OneDrive - mppi.mp.br\Análise de processos\04_Normativos_Relacionados\Normativos_Vigentes\02_Estadual_PI\TCE NT 03.2020 - Contratações de TIC.md","C:\Users\thiagonogueira\OneDrive - mppi.mp.br\CLC\01_Processos_e_Aquisicoes\Base de Conhecimento - Thiago\_DUPLICADOS_para_arquivar\Analise_de_processos_04_Normativos_Relacionados\TCE NT 03.2020 - Contratações de TIC.md"
"MOVER_DUPLICADO","OK","C:\Users\thiagonogueira\OneDrive - mppi.mp.br\Análise de processos\04_Normativos_Relacionados\Normativos_Vigentes\03_MPPI\Ato PGJ 1228.2022 - Suprimento de Fundos (Compilado).md","C:\Users\thiagonogueira\OneDrive - mppi.mp.br\CLC\01_Processos_e_Aquisicoes\Base de Conhecimento - Thiago\_DUPLICADOS_para_arquivar\Analise_de_processos_04_Normativos_Relacionados\Ato PGJ 1228.2022 - Suprimento de Fundos (Compilado).md"
"MOVER_DUPLICADO","OK","C:\Users\thiagonogueira\OneDrive - mppi.mp.br\Análise de processos\04_Normativos_Relacionados\Normativos_Vigentes\03_MPPI\Ato PGJ 1471.2025 - Regulamenta Suprimento de Fundos MPPI.md","C:\Users\thiagonogueira\OneDrive - mppi.mp.br\CLC\01_Processos_e_Aquisicoes\Base de Conhecimento - Thiago\_DUPLICADOS_para_arquivar\Analise_de_processos_04_Normativos_Relacionados\Ato PGJ 1471.2025 - Regulamenta Suprimento de Fundos MPPI.md"
"MOVER_DUPLICADO","OK","C:\Users\thiagonogueira\OneDrive - mppi.mp.br\Análise de processos\04_Normativos_Relacionados\Normativos_Vigentes\03_MPPI\Lei Orgânica do MPPI.md","C:\Users\thiagonogueira\OneDrive - mppi.mp.br\CLC\01_Processos_e_Aquisicoes\Base de Conhecimento - Thiago\_DUPLICADOS_para_arquivar\Analise_de_processos_04_Normativos_Relacionados\Lei Orgânica do MPPI.md"
"MOVER_DUPLICADO","OK","C:\Users\thiagonogueira\OneDrive - mppi.mp.br\Análise de processos\04_Normativos_Relacionados\Normativos_Vigentes\03_MPPI\Modelo de DFD - TIC.md","C:\Users\thiagonogueira\OneDrive - mppi.mp.br\CLC\01_Processos_e_Aquisicoes\Base de Conhecimento - Thiago\_DUPLICADOS_para_arquivar\Analise_de_processos_04_Normativos_Relacionados\Modelo de DFD - TIC.md"
"MOVER_DUPLICADO","OK","C:\Users\thiagonogueira\OneDrive - mppi.mp.br\Análise de processos\04_Normativos_Relacionados\Normativos_Vigentes\03_MPPI\Modelo de DFD.md","C:\Users\thiagonogueira\OneDrive - mppi.mp.br\CLC\01_Processos_e_Aquisicoes\Base de Conhecimento - Thiago\_DUPLICADOS_para_arquivar\Analise_de_processos_04_Normativos_Relacionados\Modelo de DFD.md"
"MOVER_DUPLICADO","OK","C:\Users\thiagonogueira\OneDrive - mppi.mp.br\Análise de processos\04_Normativos_Relacionados\Normativos_Vigentes\03_MPPI\PCA 2025.md","C:\Users\thiagonogueira\OneDrive - mppi.mp.br\CLC\01_Processos_e_Aquisicoes\Base de Conhecimento - Thiago\_DUPLICADOS_para_arquivar\Analise_de_processos_04_Normativos_Relacionados\PCA 2025.md"
"MOVER_DUPLICADO","OK","C:\Users\thiagonogueira\OneDrive - mppi.mp.br\Análise de processos\04_Normativos_Relacionados\Normativos_Vigentes\03_MPPI\PEI_2022_2029.md","C:\Users\thiagonogueira\OneDrive - mppi.mp.br\CLC\01_Processos_e_Aquisicoes\Base de Conhecimento - Thiago\_DUPLICADOS_para_arquivar\Analise_de_processos_04_Normativos_Relacionados\PEI_2022_2029.md"
"MOVER_DUPLICADO","OK","C:\Users\thiagonogueira\OneDrive - mppi.mp.br\Análise de processos\04_Normativos_Relacionados\Normativos_Vigentes\03_MPPI\Plano-Politico-Pedagogico-CEAF-2026-3.md","C:\Users\thiagonogueira\OneDrive - mppi.mp.br\CLC\01_Processos_e_Aquisicoes\Base de Conhecimento - Thiago\_DUPLICADOS_para_arquivar\Analise_de_processos_04_Normativos_Relacionados\Plano-Politico-Pedagogico-CEAF-2026-3.md"
"MOVER_DUPLICADO","OK","C:\Users\thiagonogueira\OneDrive - mppi.mp.br\Análise de processos\04_Normativos_Relacionados\Normativos_Vigentes\03_MPPI\Res CPJ 08.2025 - Manual de Identidade Visual do MPPI.md","C:\Users\thiagonogueira\OneDrive - mppi.mp.br\CLC\01_Processos_e_Aquisicoes\Base de Conhecimento - Thiago\_DUPLICADOS_para_arquivar\Analise_de_processos_04_Normativos_Relacionados\Res CPJ 08.2025 - Manual de Identidade Visual do MPPI.md"
"MOVER_DUPLICADO","OK","C:\Users\thiagonogueira\OneDrive - mppi.mp.br\Análise de processos\04_Normativos_Relacionados\Normativos_Vigentes\03_MPPI\Atos\Ato PGJ 0228.2022 - Suprimento de Fundos.md","C:\Users\thiagonogueira\OneDrive - mppi.mp.br\CLC\01_Processos_e_Aquisicoes\Base de Conhecimento - Thiago\_DUPLICADOS_para_arquivar\Analise_de_processos_04_Normativos_Relacionados\Ato PGJ 0228.2022 - Suprimento de Fundos.md"
"MOVER_DUPLICADO","OK","C:\Users\thiagonogueira\OneDrive - mppi.mp.br\Análise de processos\04_Normativos_Relacionados\Normativos_Vigentes\03_MPPI\Atos\Ato PGJ 0462.2013 - Fiscalizacao e Gestao de Contratos.md","C:\Users\thiagonogueira\OneDrive - mppi.mp.br\CLC\01_Processos_e_Aquisicoes\Base de Conhecimento - Thiago\_DUPLICADOS_para_arquivar\Analise_de_processos_04_Normativos_Relacionados\Ato PGJ 0462.2013 - Fiscalizacao e Gestao de Contratos.md"
"MOVER_DUPLICADO","OK","C:\Users\thiagonogueira\OneDrive - mppi.mp.br\Análise de processos\04_Normativos_Relacionados\Normativos_Vigentes\03_MPPI\Atos\Ato PGJ 0479.2014 - Estrutura e Organizacao Administrativa do MPPI.md","C:\Users\thiagonogueira\OneDrive - mppi.mp.br\CLC\01_Processos_e_Aquisicoes\Base de Conhecimento - Thiago\_DUPLICADOS_para_arquivar\Analise_de_processos_04_Normativos_Relacionados\Ato PGJ 0479.2014 - Estrutura e Organizacao Administrativa do MPPI.md"
"MOVER_DUPLICADO","OK","C:\Users\thiagonogueira\OneDrive - mppi.mp.br\Análise de processos\04_Normativos_Relacionados\Normativos_Vigentes\03_MPPI\Atos\Ato PGJ 1079.2021 - Regulamento Interno da PGJ Compilado.md","C:\Users\thiagonogueira\OneDrive - mppi.mp.br\CLC\01_Processos_e_Aquisicoes\Base de Conhecimento - Thiago\_DUPLICADOS_para_arquivar\Analise_de_processos_04_Normativos_Relacionados\Ato PGJ 1079.2021 - Regulamento Interno da PGJ Compilado.md"
"MOVER_DUPLICADO","OK","C:\Users\thiagonogueira\OneDrive - mppi.mp.br\Análise de processos\04_Normativos_Relacionados\Normativos_Vigentes\03_MPPI\Atos\Ato PGJ 1180.2022 - Altera Ato PGJ 479.2014 (Assessoria para Pareceres em Processos Licitatórios).md","C:\Users\thiagonogueira\OneDrive - mppi.mp.br\CLC\01_Processos_e_Aquisicoes\Base de Conhecimento - Thiago\_DUPLICADOS_para_arquivar\Analise_de_processos_04_Normativos_Relacionados\Ato PGJ 1180.2022 - Altera Ato PGJ 479.2014 (Assessoria para Pareceres em Processos Licitatórios).md"
"MOVER_DUPLICADO","OK","C:\Users\thiagonogueira\OneDrive - mppi.mp.br\Análise de processos\04_Normativos_Relacionados\Normativos_Vigentes\03_MPPI\Atos\Ato PGJ 1381.2024 - Diretrizes de Contratacoes e Governanca MPPI.md","C:\Users\thiagonogueira\OneDrive - mppi.mp.br\CLC\01_Processos_e_Aquisicoes\Base de Conhecimento - Thiago\_DUPLICADOS_para_arquivar\Analise_de_processos_04_Normativos_Relacionados\Ato PGJ 1381.2024 - Diretrizes de Contratacoes e Governanca MPPI.md"
"MOVER_DUPLICADO","OK","C:\Users\thiagonogueira\OneDrive - mppi.mp.br\Análise de processos\04_Normativos_Relacionados\Normativos_Vigentes\03_MPPI\Atos\Ato PGJ 1382.2024 - Regulamenta a Implementação da 14133 no MPPI.md","C:\Users\thiagonogueira\OneDrive - mppi.mp.br\CLC\01_Processos_e_Aquisicoes\Base de Conhecimento - Thiago\_DUPLICADOS_para_arquivar\Analise_de_processos_04_Normativos_Relacionados\Ato PGJ 1382.2024 - Regulamenta a Implementação da 14133 no MPPI.md"
"MOVER_DUPLICADO","OK","C:\Users\thiagonogueira\OneDrive - mppi.mp.br\Análise de processos\04_Normativos_Relacionados\Normativos_Vigentes\03_MPPI\Atos\Ato PGJ 1383.2024 - Dispensa Parecer Jurídico.md","C:\Users\thiagonogueira\OneDrive - mppi.mp.br\CLC\01_Processos_e_Aquisicoes\Base de Conhecimento - Thiago\_DUPLICADOS_para_arquivar\Analise_de_processos_04_Normativos_Relacionados\Ato PGJ 1383.2024 - Dispensa Parecer Jurídico.md"
"MOVER_DUPLICADO","OK","C:\Users\thiagonogueira\OneDrive - mppi.mp.br\Análise de processos\04_Normativos_Relacionados\Normativos_Vigentes\03_MPPI\Atos\Ato PGJ 1413.2024 - Altera Ato PGJ 1382.2024.md","C:\Users\thiagonogueira\OneDrive - mppi.mp.br\CLC\01_Processos_e_Aquisicoes\Base de Conhecimento - Thiago\_DUPLICADOS_para_arquivar\Analise_de_processos_04_Normativos_Relacionados\Ato PGJ 1413.2024 - Altera Ato PGJ 1382.2024.md"
"MOVER_DUPLICADO","OK","C:\Users\thiagonogueira\OneDrive - mppi.mp.br\Análise de processos\04_Normativos_Relacionados\Normativos_Vigentes\03_MPPI\Atos\Ato PGJ 1414.2024 - Agente de Contratação.md","C:\Users\thiagonogueira\OneDrive - mppi.mp.br\CLC\01_Processos_e_Aquisicoes\Base de Conhecimento - Thiago\_DUPLICADOS_para_arquivar\Analise_de_processos_04_Normativos_Relacionados\Ato PGJ 1414.2024 - Agente de Contratação.md"
"MOVER_DUPLICADO","OK","C:\Users\thiagonogueira\OneDrive - mppi.mp.br\Análise de processos\04_Normativos_Relacionados\Normativos_Vigentes\03_MPPI\Atos\Ato PGJ 1415.2024 - Serviços e fornecimentos contínuos.md","C:\Users\thiagonogueira\OneDrive - mppi.mp.br\CLC\01_Processos_e_Aquisicoes\Base de Conhecimento - Thiago\_DUPLICADOS_para_arquivar\Analise_de_processos_04_Normativos_Relacionados\Ato PGJ 1415.2024 - Serviços e fornecimentos contínuos.md"
"MOVER_DUPLICADO","OK","C:\Users\thiagonogueira\OneDrive - mppi.mp.br\Análise de processos\04_Normativos_Relacionados\Normativos_Vigentes\03_MPPI\Atos\Ato PGJ 1441.2024 - Altera Atos PGJ 939.2019 e 1051.2021 (Acesso a TI e Provimento em Comissão).md","C:\Users\thiagonogueira\OneDrive - mppi.mp.br\CLC\01_Processos_e_Aquisicoes\Base de Conhecimento - Thiago\_DUPLICADOS_para_arquivar\Analise_de_processos_04_Normativos_Relacionados\Ato PGJ 1441.2024 - Altera Atos PGJ 939.2019 e 1051.2021 (Acesso a TI e Provimento em Comissão).md"
"MOVER_DUPLICADO","OK","C:\Users\thiagonogueira\OneDrive - mppi.mp.br\Análise de processos\04_Normativos_Relacionados\Normativos_Vigentes\03_MPPI\Atos\Ato PGJ 1448.2024 - Altera o Ato PGJ 1414.2024.md","C:\Users\thiagonogueira\OneDrive - mppi.mp.br\CLC\01_Processos_e_Aquisicoes\Base de Conhecimento - Thiago\_DUPLICADOS_para_arquivar\Analise_de_processos_04_Normativos_Relacionados\Ato PGJ 1448.2024 - Altera o Ato PGJ 1414.2024.md"
"MOVER_DUPLICADO","OK","C:\Users\thiagonogueira\OneDrive - mppi.mp.br\Análise de processos\04_Normativos_Relacionados\Normativos_Vigentes\03_MPPI\Atos\Ato PGJ 1449.2024 - Reserva de Vagas para Mulheres em Situação de Vulnerabilidade (Terceirização).md","C:\Users\thiagonogueira\OneDrive - mppi.mp.br\CLC\01_Processos_e_Aquisicoes\Base de Conhecimento - Thiago\_DUPLICADOS_para_arquivar\Analise_de_processos_04_Normativos_Relacionados\Ato PGJ 1449.2024 - Reserva de Vagas para Mulheres em Situação de Vulnerabilidade (Terceirização).md"
"MOVER_DUPLICADO","OK","C:\Users\thiagonogueira\OneDrive - mppi.mp.br\Análise de processos\04_Normativos_Relacionados\Normativos_Vigentes\03_MPPI\Atos\Ato PGJ 1456.2024 - Manifestação Jurídica Referencial.md","C:\Users\thiagonogueira\OneDrive - mppi.mp.br\CLC\01_Processos_e_Aquisicoes\Base de Conhecimento - Thiago\_DUPLICADOS_para_arquivar\Analise_de_processos_04_Normativos_Relacionados\Ato PGJ 1456.2024 - Manifestação Jurídica Referencial.md"
"MOVER_DUPLICADO","OK","C:\Users\thiagonogueira\OneDrive - mppi.mp.br\Análise de processos\04_Normativos_Relacionados\Normativos_Vigentes\03_MPPI\Atos\Ato PGJ 1480.2025 - Retira CONINT da Fase Interna.md","C:\Users\thiagonogueira\OneDrive - mppi.mp.br\CLC\01_Processos_e_Aquisicoes\Base de Conhecimento - Thiago\_DUPLICADOS_para_arquivar\Analise_de_processos_04_Normativos_Relacionados\Ato PGJ 1480.2025 - Retira CONINT da Fase Interna.md"
"MOVER_DUPLICADO","OK","C:\Users\thiagonogueira\OneDrive - mppi.mp.br\Análise de processos\04_Normativos_Relacionados\Normativos_Vigentes\03_MPPI\Atos\Ato PGJ 1538.2025 - Altera Atos Normativos de Contratacao MPPI.md","C:\Users\thiagonogueira\OneDrive - mppi.mp.br\CLC\01_Processos_e_Aquisicoes\Base de Conhecimento - Thiago\_DUPLICADOS_para_arquivar\Analise_de_processos_04_Normativos_Relacionados\Ato PGJ 1538.2025 - Altera Atos Normativos de Contratacao MPPI.md"
"MOVER_DUPLICADO","OK","C:\Users\thiagonogueira\OneDrive - mppi.mp.br\Análise de processos\04_Normativos_Relacionados\Normativos_Vigentes\03_MPPI\Atos\Ato PGJ 1599.2025 - Institui a Política de Segurança Institucional e o Sistema de Segurança Institucional do MPPI.md","C:\Users\thiagonogueira\OneDrive - mppi.mp.br\CLC\01_Processos_e_Aquisicoes\Base de Conhecimento - Thiago\_DUPLICADOS_para_arquivar\Analise_de_processos_04_Normativos_Relacionados\Ato PGJ 1599.2025 - Institui a Política de Segurança Institucional e o Sistema de Segurança Institucional do MPPI.md"
"MOVER_DUPLICADO","OK","C:\Users\thiagonogueira\OneDrive - mppi.mp.br\Análise de processos\04_Normativos_Relacionados\Normativos_Vigentes\03_MPPI\Atos\Ato PGJ 939.2019 - Disciplina Atividades de Tecnologia da Informação.md","C:\Users\thiagonogueira\OneDrive - mppi.mp.br\CLC\01_Processos_e_Aquisicoes\Base de Conhecimento - Thiago\_DUPLICADOS_para_arquivar\Analise_de_processos_04_Normativos_Relacionados\Ato PGJ 939.2019 - Disciplina Atividades de Tecnologia da Informação.md"
"MOVER_DUPLICADO","OK","C:\Users\thiagonogueira\OneDrive - mppi.mp.br\Análise de processos\04_Normativos_Relacionados\Normativos_Vigentes\03_MPPI\PCA 2026\PCA 2026 - Plano de Contratacoes Anual Versao 3.0 MPPI.md","C:\Users\thiagonogueira\OneDrive - mppi.mp.br\CLC\01_Processos_e_Aquisicoes\Base de Conhecimento - Thiago\_DUPLICADOS_para_arquivar\Analise_de_processos_04_Normativos_Relacionados\PCA 2026 - Plano de Contratacoes Anual Versao 3.0 MPPI.md"
"MOVER_DUPLICADO","OK","C:\Users\thiagonogueira\OneDrive - mppi.mp.br\Análise de processos\04_Normativos_Relacionados\Normativos_Vigentes\03_MPPI\PCA 2026\Relação de Demandas Suspensas e Retidas (184 registros).pdf","C:\Users\thiagonogueira\OneDrive - mppi.mp.br\CLC\01_Processos_e_Aquisicoes\Base de Conhecimento - Thiago\_DUPLICADOS_para_arquivar\Analise_de_processos_04_Normativos_Relacionados\Relação de Demandas Suspensas e Retidas (184 registros).pdf"
"MOVER_DUPLICADO","OK","C:\Users\thiagonogueira\OneDrive - mppi.mp.br\Análise de processos\04_Normativos_Relacionados\Normativos_Vigentes\03_MPPI\Portarias\Portaria PGJ 0870.2025 - Equipe de Planejamento.md","C:\Users\thiagonogueira\OneDrive - mppi.mp.br\CLC\01_Processos_e_Aquisicoes\Base de Conhecimento - Thiago\_DUPLICADOS_para_arquivar\Analise_de_processos_04_Normativos_Relacionados\Portaria PGJ 0870.2025 - Equipe de Planejamento.md"
"MOVER_DUPLICADO","OK","C:\Users\thiagonogueira\OneDrive - mppi.mp.br\Análise de processos\04_Normativos_Relacionados\Normativos_Vigentes\03_MPPI\Portarias\Portaria PGJ 0942.2025 - Equipe de Planejamento.md","C:\Users\thiagonogueira\OneDrive - mppi.mp.br\CLC\01_Processos_e_Aquisicoes\Base de Conhecimento - Thiago\_DUPLICADOS_para_arquivar\Analise_de_processos_04_Normativos_Relacionados\Portaria PGJ 0942.2025 - Equipe de Planejamento.md"
"MOVER_DUPLICADO","OK","C:\Users\thiagonogueira\OneDrive - mppi.mp.br\Análise de processos\04_Normativos_Relacionados\Normativos_Vigentes\03_MPPI\Portarias\Portaria PGJ 1040.2025 - Equipe de Planejamento.md","C:\Users\thiagonogueira\OneDrive - mppi.mp.br\CLC\01_Processos_e_Aquisicoes\Base de Conhecimento - Thiago\_DUPLICADOS_para_arquivar\Analise_de_processos_04_Normativos_Relacionados\Portaria PGJ 1040.2025 - Equipe de Planejamento.md"
"MOVER_DUPLICADO","OK","C:\Users\thiagonogueira\OneDrive - mppi.mp.br\Análise de processos\04_Normativos_Relacionados\Normativos_Vigentes\03_MPPI\Portarias\Portaria PGJ 1318.2026 - Equipe de Planejamento.md","C:\Users\thiagonogueira\OneDrive - mppi.mp.br\CLC\01_Processos_e_Aquisicoes\Base de Conhecimento - Thiago\_DUPLICADOS_para_arquivar\Analise_de_processos_04_Normativos_Relacionados\Portaria PGJ 1318.2026 - Equipe de Planejamento.md"
"MOVER_DUPLICADO","OK","C:\Users\thiagonogueira\OneDrive - mppi.mp.br\Análise de processos\04_Normativos_Relacionados\Normativos_Vigentes\03_MPPI\Portarias\Portaria PGJ 2065.2026 - Equipe de Planejamento TIC.md","C:\Users\thiagonogueira\OneDrive - mppi.mp.br\CLC\01_Processos_e_Aquisicoes\Base de Conhecimento - Thiago\_DUPLICADOS_para_arquivar\Analise_de_processos_04_Normativos_Relacionados\Portaria PGJ 2065.2026 - Equipe de Planejamento TIC.md"
"MOVER_DUPLICADO","OK","C:\Users\thiagonogueira\OneDrive - mppi.mp.br\Análise de processos\04_Normativos_Relacionados\Normativos_Vigentes\03_MPPI\Portarias\Portaria PGJ 2067.2026 - Equipe de Planejamento.md","C:\Users\thiagonogueira\OneDrive - mppi.mp.br\CLC\01_Processos_e_Aquisicoes\Base de Conhecimento - Thiago\_DUPLICADOS_para_arquivar\Analise_de_processos_04_Normativos_Relacionados\Portaria PGJ 2067.2026 - Equipe de Planejamento.md"
"MOVER_DUPLICADO","OK","C:\Users\thiagonogueira\OneDrive - mppi.mp.br\Análise de processos\04_Normativos_Relacionados\Normativos_Vigentes\03_MPPI\Portarias\Portaria PGJ 2396.2022 - Designacoes e Atribuicoes Administrativas.md","C:\Users\thiagonogueira\OneDrive - mppi.mp.br\CLC\01_Processos_e_Aquisicoes\Base de Conhecimento - Thiago\_DUPLICADOS_para_arquivar\Analise_de_processos_04_Normativos_Relacionados\Portaria PGJ 2396.2022 - Designacoes e Atribuicoes Administrativas.md"
"MOVER_DUPLICADO","OK","C:\Users\thiagonogueira\OneDrive - mppi.mp.br\Análise de processos\04_Normativos_Relacionados\Normativos_Vigentes\03_MPPI\Portarias\Portaria PGJ 2864.2026 - Atribuicoes e Designacoes Administrativas.md","C:\Users\thiagonogueira\OneDrive - mppi.mp.br\CLC\01_Processos_e_Aquisicoes\Base de Conhecimento - Thiago\_DUPLICADOS_para_arquivar\Analise_de_processos_04_Normativos_Relacionados\Portaria PGJ 2864.2026 - Atribuicoes e Designacoes Administrativas.md"
"MOVER_DUPLICADO","OK","C:\Users\thiagonogueira\OneDrive - mppi.mp.br\Análise de processos\04_Normativos_Relacionados\Normativos_Vigentes\03_MPPI\Portarias\Portaria PGJ 2918.2026 - Designacao Procon MPPI.md","C:\Users\thiagonogueira\OneDrive - mppi.mp.br\CLC\01_Processos_e_Aquisicoes\Base de Conhecimento - Thiago\_DUPLICADOS_para_arquivar\Analise_de_processos_04_Normativos_Relacionados\Portaria PGJ 2918.2026 - Designacao Procon MPPI.md"
"MOVER_DUPLICADO","OK","C:\Users\thiagonogueira\OneDrive - mppi.mp.br\Análise de processos\04_Normativos_Relacionados\Normativos_Vigentes\03_MPPI\Portarias\Portaria PGJ 3172.2025 - Designacoes e Atribuicoes Administrativas.md","C:\Users\thiagonogueira\OneDrive - mppi.mp.br\CLC\01_Processos_e_Aquisicoes\Base de Conhecimento - Thiago\_DUPLICADOS_para_arquivar\Analise_de_processos_04_Normativos_Relacionados\Portaria PGJ 3172.2025 - Designacoes e Atribuicoes Administrativas.md"
"MOVER_DUPLICADO","OK","C:\Users\thiagonogueira\OneDrive - mppi.mp.br\Análise de processos\04_Normativos_Relacionados\Normativos_Vigentes\03_MPPI\Portarias\Portaria PGJ 3315.2025 - Equipe de Planejamento da Contratação.md","C:\Users\thiagonogueira\OneDrive - mppi.mp.br\CLC\01_Processos_e_Aquisicoes\Base de Conhecimento - Thiago\_DUPLICADOS_para_arquivar\Analise_de_processos_04_Normativos_Relacionados\Portaria PGJ 3315.2025 - Equipe de Planejamento da Contratação.md"
"MOVER_DUPLICADO","OK","C:\Users\thiagonogueira\OneDrive - mppi.mp.br\Análise de processos\04_Normativos_Relacionados\Normativos_Vigentes\03_MPPI\Portarias\Portaria PGJ 3447.2024 - Equipe de Planejamento TIC.md","C:\Users\thiagonogueira\OneDrive - mppi.mp.br\CLC\01_Processos_e_Aquisicoes\Base de Conhecimento - Thiago\_DUPLICADOS_para_arquivar\Analise_de_processos_04_Normativos_Relacionados\Portaria PGJ 3447.2024 - Equipe de Planejamento TIC.md"
"MOVER_DUPLICADO","OK","C:\Users\thiagonogueira\OneDrive - mppi.mp.br\Análise de processos\04_Normativos_Relacionados\Normativos_Vigentes\03_MPPI\Portarias\Portaria PGJ 3448.2024 - Equipe de Planejamento da Contratacao.md","C:\Users\thiagonogueira\OneDrive - mppi.mp.br\CLC\01_Processos_e_Aquisicoes\Base de Conhecimento - Thiago\_DUPLICADOS_para_arquivar\Analise_de_processos_04_Normativos_Relacionados\Portaria PGJ 3448.2024 - Equipe de Planejamento da Contratacao.md"
"MOVER_DUPLICADO","OK","C:\Users\thiagonogueira\OneDrive - mppi.mp.br\Análise de processos\04_Normativos_Relacionados\Normativos_Vigentes\03_MPPI\Portarias\Portaria PGJ 4333.2024 - Equipe de Planejamento da Contratacao.md","C:\Users\thiagonogueira\OneDrive - mppi.mp.br\CLC\01_Processos_e_Aquisicoes\Base de Conhecimento - Thiago\_DUPLICADOS_para_arquivar\Analise_de_processos_04_Normativos_Relacionados\Portaria PGJ 4333.2024 - Equipe de Planejamento da Contratacao.md"
"MOVER_DUPLICADO","OK","C:\Users\thiagonogueira\OneDrive - mppi.mp.br\Análise de processos\04_Normativos_Relacionados\Normativos_Vigentes\03_MPPI\Portarias\Portaria PGJ 4335.2024 - Equipe de Planejamento TIC.md","C:\Users\thiagonogueira\OneDrive - mppi.mp.br\CLC\01_Processos_e_Aquisicoes\Base de Conhecimento - Thiago\_DUPLICADOS_para_arquivar\Analise_de_processos_04_Normativos_Relacionados\Portaria PGJ 4335.2024 - Equipe de Planejamento TIC.md"
"MOVER_DUPLICADO","OK","C:\Users\thiagonogueira\OneDrive - mppi.mp.br\Análise de processos\04_Normativos_Relacionados\Normativos_Vigentes\03_MPPI\Portarias\Portaria PGJ 4337.2024 - Agente de Contratação e Pregoeiro.md","C:\Users\thiagonogueira\OneDrive - mppi.mp.br\CLC\01_Processos_e_Aquisicoes\Base de Conhecimento - Thiago\_DUPLICADOS_para_arquivar\Analise_de_processos_04_Normativos_Relacionados\Portaria PGJ 4337.2024 - Agente de Contratação e Pregoeiro.md"
"MOVER_DUPLICADO","OK","C:\Users\thiagonogueira\OneDrive - mppi.mp.br\Análise de processos\04_Normativos_Relacionados\Normativos_Vigentes\03_MPPI\Portarias\Portaria PGJ 5644.2025 - Agentes de Contratação e Pregoeiro.md","C:\Users\thiagonogueira\OneDrive - mppi.mp.br\CLC\01_Processos_e_Aquisicoes\Base de Conhecimento - Thiago\_DUPLICADOS_para_arquivar\Analise_de_processos_04_Normativos_Relacionados\Portaria PGJ 5644.2025 - Agentes de Contratação e Pregoeiro.md"
"MOVER_DUPLICADO","OK","C:\Users\thiagonogueira\OneDrive - mppi.mp.br\Análise de processos\04_Normativos_Relacionados\Normativos_Vigentes\04_CNMP\Contratações de TI – Gestão de Contrato.md","C:\Users\thiagonogueira\OneDrive - mppi.mp.br\CLC\01_Processos_e_Aquisicoes\Base de Conhecimento - Thiago\_DUPLICADOS_para_arquivar\Analise_de_processos_04_Normativos_Relacionados\Contratações de TI – Gestão de Contrato.md"
"MOVER_DUPLICADO","OK","C:\Users\thiagonogueira\OneDrive - mppi.mp.br\Análise de processos\04_Normativos_Relacionados\Normativos_Vigentes\04_CNMP\Contratações de TI – Planejamento da.md","C:\Users\thiagonogueira\OneDrive - mppi.mp.br\CLC\01_Processos_e_Aquisicoes\Base de Conhecimento - Thiago\_DUPLICADOS_para_arquivar\Analise_de_processos_04_Normativos_Relacionados\Contratações de TI – Planejamento da.md"
"MOVER_DUPLICADO","OK","C:\Users\thiagonogueira\OneDrive - mppi.mp.br\Análise de processos\04_Normativos_Relacionados\Normativos_Vigentes\04_CNMP\Contratações de TI – Visão Geral.md","C:\Users\thiagonogueira\OneDrive - mppi.mp.br\CLC\01_Processos_e_Aquisicoes\Base de Conhecimento - Thiago\_DUPLICADOS_para_arquivar\Analise_de_processos_04_Normativos_Relacionados\Contratações de TI – Visão Geral.md"
"MOVER_DUPLICADO","OK","C:\Users\thiagonogueira\OneDrive - mppi.mp.br\Análise de processos\04_Normativos_Relacionados\Normativos_Vigentes\04_CNMP\Contratações de TI-Seleção de Fornecedores.md","C:\Users\thiagonogueira\OneDrive - mppi.mp.br\CLC\01_Processos_e_Aquisicoes\Base de Conhecimento - Thiago\_DUPLICADOS_para_arquivar\Analise_de_processos_04_Normativos_Relacionados\Contratações de TI-Seleção de Fornecedores.md"
"MOVER_DUPLICADO","OK","C:\Users\thiagonogueira\OneDrive - mppi.mp.br\Análise de processos\04_Normativos_Relacionados\Normativos_Vigentes\04_CNMP\Manual da Plataforma MP Digital.md","C:\Users\thiagonogueira\OneDrive - mppi.mp.br\CLC\01_Processos_e_Aquisicoes\Base de Conhecimento - Thiago\_DUPLICADOS_para_arquivar\Analise_de_processos_04_Normativos_Relacionados\Manual da Plataforma MP Digital.md"
"MOVER_DUPLICADO","OK","C:\Users\thiagonogueira\OneDrive - mppi.mp.br\Análise de processos\04_Normativos_Relacionados\Normativos_Vigentes\04_CNMP\MOTec.md","C:\Users\thiagonogueira\OneDrive - mppi.mp.br\CLC\01_Processos_e_Aquisicoes\Base de Conhecimento - Thiago\_DUPLICADOS_para_arquivar\Analise_de_processos_04_Normativos_Relacionados\MOTec.md"
"MOVER_DUPLICADO","OK","C:\Users\thiagonogueira\OneDrive - mppi.mp.br\Análise de processos\04_Normativos_Relacionados\Normativos_Vigentes\04_CNMP\Resolucao-CNMP-n-281-de-2023 (Politica de Governanca das Contratacoes).md","C:\Users\thiagonogueira\OneDrive - mppi.mp.br\CLC\01_Processos_e_Aquisicoes\Base de Conhecimento - Thiago\_DUPLICADOS_para_arquivar\Analise_de_processos_04_Normativos_Relacionados\Resolucao-CNMP-n-281-de-2023 (Politica de Governanca das Contratacoes).md"
"MOVER_DUPLICADO","OK","C:\Users\thiagonogueira\OneDrive - mppi.mp.br\Análise de processos\04_Normativos_Relacionados\Normativos_Vigentes\04_CNMP\Resolucao-CNMP-n-283 (Disciplina contratações de TIC).md","C:\Users\thiagonogueira\OneDrive - mppi.mp.br\CLC\01_Processos_e_Aquisicoes\Base de Conhecimento - Thiago\_DUPLICADOS_para_arquivar\Analise_de_processos_04_Normativos_Relacionados\Resolucao-CNMP-n-283 (Disciplina contratações de TIC).md"
"MOVER_DUPLICADO","OK","C:\Users\thiagonogueira\OneDrive - mppi.mp.br\Análise de processos\04_Normativos_Relacionados\Normativos_Vigentes\04_CNMP\POP's Contratação Direta\POP - Contratacao Direta Art 75 IX - Empresa Publica.md","C:\Users\thiagonogueira\OneDrive - mppi.mp.br\CLC\01_Processos_e_Aquisicoes\Base de Conhecimento - Thiago\_DUPLICADOS_para_arquivar\Analise_de_processos_04_Normativos_Relacionados\POP - Contratacao Direta Art 75 IX - Empresa Publica.md"
"MOVER_DUPLICADO","OK","C:\Users\thiagonogueira\OneDrive - mppi.mp.br\Análise de processos\04_Normativos_Relacionados\Normativos_Vigentes\04_CNMP\POP's Contratação Direta\POP - Contratacao Direta Inexigibilidade Art 74 I - Exclusividade.md","C:\Users\thiagonogueira\OneDrive - mppi.mp.br\CLC\01_Processos_e_Aquisicoes\Base de Conhecimento - Thiago\_DUPLICADOS_para_arquivar\Analise_de_processos_04_Normativos_Relacionados\POP - Contratacao Direta Inexigibilidade Art 74 I - Exclusividade.md"
"MOVER_DUPLICADO","OK","C:\Users\thiagonogueira\OneDrive - mppi.mp.br\Análise de processos\04_Normativos_Relacionados\Normativos_Vigentes\04_CNMP\POP's Contratação Direta\POP - Contratacao Direta Inexigibilidade Art 74 II - Setor Artistico.md","C:\Users\thiagonogueira\OneDrive - mppi.mp.br\CLC\01_Processos_e_Aquisicoes\Base de Conhecimento - Thiago\_DUPLICADOS_para_arquivar\Analise_de_processos_04_Normativos_Relacionados\POP - Contratacao Direta Inexigibilidade Art 74 II - Setor Artistico.md"
"MOVER_DUPLICADO","OK","C:\Users\thiagonogueira\OneDrive - mppi.mp.br\Análise de processos\04_Normativos_Relacionados\Normativos_Vigentes\04_CNMP\POP's Contratação Direta\POP - Contratacao Direta Inexigibilidade Art 74 III - Cursos Treinamentos e Palestras.md","C:\Users\thiagonogueira\OneDrive - mppi.mp.br\CLC\01_Processos_e_Aquisicoes\Base de Conhecimento - Thiago\_DUPLICADOS_para_arquivar\Analise_de_processos_04_Normativos_Relacionados\POP - Contratacao Direta Inexigibilidade Art 74 III - Cursos Treinamentos e Palestras.md"
"MOVER_DUPLICADO","OK","C:\Users\thiagonogueira\OneDrive - mppi.mp.br\Análise de processos\04_Normativos_Relacionados\Normativos_Vigentes\04_CNMP\POP's Contratação Direta\POP - Contratacao por Adesao a Ata de Registro de Precos Carona.md","C:\Users\thiagonogueira\OneDrive - mppi.mp.br\CLC\01_Processos_e_Aquisicoes\Base de Conhecimento - Thiago\_DUPLICADOS_para_arquivar\Analise_de_processos_04_Normativos_Relacionados\POP - Contratacao por Adesao a Ata de Registro de Precos Carona.md"
"MOVER_DUPLICADO","OK","C:\Users\thiagonogueira\OneDrive - mppi.mp.br\Análise de processos\04_Normativos_Relacionados\Normativos_Vigentes\04_CNMP\POP's Contratação Direta\POP - Contratacao por Dispensa Eletronica.md","C:\Users\thiagonogueira\OneDrive - mppi.mp.br\CLC\01_Processos_e_Aquisicoes\Base de Conhecimento - Thiago\_DUPLICADOS_para_arquivar\Analise_de_processos_04_Normativos_Relacionados\POP - Contratacao por Dispensa Eletronica.md"
"MOVER_DUPLICADO","OK","C:\Users\thiagonogueira\OneDrive - mppi.mp.br\Análise de processos\04_Normativos_Relacionados\Normativos_Vigentes\04_CNMP\POP's Contratação Direta\POP - Prorrogacao de Vigencia de Ata de Registro de Precos.md","C:\Users\thiagonogueira\OneDrive - mppi.mp.br\CLC\01_Processos_e_Aquisicoes\Base de Conhecimento - Thiago\_DUPLICADOS_para_arquivar\Analise_de_processos_04_Normativos_Relacionados\POP - Prorrogacao de Vigencia de Ata de Registro de Precos.md"
"MOVER_DUPLICADO","OK","C:\Users\thiagonogueira\OneDrive - mppi.mp.br\Análise de processos\04_Normativos_Relacionados\Normativos_Vigentes\05_TCE_PI\Acordao TCE-PI 300.2025 - Primeira Camara - Irregularidades Pregao e Adesao ARP.md","C:\Users\thiagonogueira\OneDrive - mppi.mp.br\CLC\01_Processos_e_Aquisicoes\Base de Conhecimento - Thiago\_DUPLICADOS_para_arquivar\Analise_de_processos_04_Normativos_Relacionados\Acordao TCE-PI 300.2025 - Primeira Camara - Irregularidades Pregao e Adesao ARP.md"
"MOVER_DUPLICADO","OK","C:\Users\thiagonogueira\OneDrive - mppi.mp.br\Análise de processos\04_Normativos_Relacionados\Normativos_Vigentes\05_TCE_PI\IN TCE-PI nº 06.2017 - Sistemas Licitacoes Contratos e Obras Web.md","C:\Users\thiagonogueira\OneDrive - mppi.mp.br\CLC\01_Processos_e_Aquisicoes\Base de Conhecimento - Thiago\_DUPLICADOS_para_arquivar\Analise_de_processos_04_Normativos_Relacionados\IN TCE-PI nº 06.2017 - Sistemas Licitacoes Contratos e Obras Web.md"
"MOVER_DUPLICADO","OK","C:\Users\thiagonogueira\OneDrive - mppi.mp.br\Análise de processos\04_Normativos_Relacionados\Normativos_Vigentes\05_TCE_PI\IN TCE-PI nº 07.2021 - Altera IN 06.2017 Licitacoes Web.md","C:\Users\thiagonogueira\OneDrive - mppi.mp.br\CLC\01_Processos_e_Aquisicoes\Base de Conhecimento - Thiago\_DUPLICADOS_para_arquivar\Analise_de_processos_04_Normativos_Relacionados\IN TCE-PI nº 07.2021 - Altera IN 06.2017 Licitacoes Web.md"
"MOVER_DUPLICADO","OK","C:\Users\thiagonogueira\OneDrive - mppi.mp.br\Análise de processos\04_Normativos_Relacionados\Normativos_Vigentes\05_TCE_PI\Instrução Normativa TCE-PI 002.2026 - Sistemas Licitacoes Web Contratos Web e Obras Web.md","C:\Users\thiagonogueira\OneDrive - mppi.mp.br\CLC\01_Processos_e_Aquisicoes\Base de Conhecimento - Thiago\_DUPLICADOS_para_arquivar\Analise_de_processos_04_Normativos_Relacionados\Instrução Normativa TCE-PI 002.2026 - Sistemas Licitacoes Web Contratos Web e Obras Web.md"
"MOVER_DUPLICADO","OK","C:\Users\thiagonogueira\OneDrive - mppi.mp.br\Análise de processos\04_Normativos_Relacionados\Normativos_Vigentes\05_TCE_PI\Instrução Normativa TCE-PI 002.2026 - Sistemas Licitacoes Web Contratos Web e Obras Web.pdf","C:\Users\thiagonogueira\OneDrive - mppi.mp.br\CLC\01_Processos_e_Aquisicoes\Base de Conhecimento - Thiago\_DUPLICADOS_para_arquivar\Analise_de_processos_04_Normativos_Relacionados\Instrução Normativa TCE-PI 002.2026 - Sistemas Licitacoes Web Contratos Web e Obras Web.pdf"
"MOVER_DUPLICADO","OK","C:\Users\thiagonogueira\OneDrive - mppi.mp.br\Análise de processos\04_Normativos_Relacionados\Normativos_Vigentes\05_TCE_PI\Instrução Normativa TCE-PI 007.2021 - Altera IN 06.2017 Licitacoes Web.md","C:\Users\thiagonogueira\OneDrive - mppi.mp.br\CLC\01_Processos_e_Aquisicoes\Base de Conhecimento - Thiago\_DUPLICADOS_para_arquivar\Analise_de_processos_04_Normativos_Relacionados\Instrução Normativa TCE-PI 007.2021 - Altera IN 06.2017 Licitacoes Web.md"
"MOVER_DUPLICADO","OK","C:\Users\thiagonogueira\OneDrive - mppi.mp.br\Análise de processos\04_Normativos_Relacionados\Normativos_Vigentes\05_TCE_PI\Instrução Normativa TCE-PI 007.2021 - Altera IN 06.2017 Licitacoes Web.pdf","C:\Users\thiagonogueira\OneDrive - mppi.mp.br\CLC\01_Processos_e_Aquisicoes\Base de Conhecimento - Thiago\_DUPLICADOS_para_arquivar\Analise_de_processos_04_Normativos_Relacionados\Instrução Normativa TCE-PI 007.2021 - Altera IN 06.2017 Licitacoes Web.pdf"
"MOVER_DUPLICADO","OK","C:\Users\thiagonogueira\OneDrive - mppi.mp.br\Análise de processos\04_Normativos_Relacionados\Normativos_Vigentes\05_TCE_PI\Lei Estadual 5888.2009 - Lei Organica do TCE-PI Atualizada ate 2026.md","C:\Users\thiagonogueira\OneDrive - mppi.mp.br\CLC\01_Processos_e_Aquisicoes\Base de Conhecimento - Thiago\_DUPLICADOS_para_arquivar\Analise_de_processos_04_Normativos_Relacionados\Lei Estadual 5888.2009 - Lei Organica do TCE-PI Atualizada ate 2026.md"
"MOVER_DUPLICADO","OK","C:\Users\thiagonogueira\OneDrive - mppi.mp.br\Análise de processos\04_Normativos_Relacionados\Normativos_Vigentes\05_TCE_PI\Nota Técnica TCE-PI 001.2025 - Contratacoes por Tempo Determinado e Terceirizacoes.md","C:\Users\thiagonogueira\OneDrive - mppi.mp.br\CLC\01_Processos_e_Aquisicoes\Base de Conhecimento - Thiago\_DUPLICADOS_para_arquivar\Analise_de_processos_04_Normativos_Relacionados\Nota Técnica TCE-PI 001.2025 - Contratacoes por Tempo Determinado e Terceirizacoes.md"
"MOVER_DUPLICADO","OK","C:\Users\thiagonogueira\OneDrive - mppi.mp.br\Análise de processos\04_Normativos_Relacionados\Normativos_Vigentes\05_TCE_PI\Nota Técnica TCE-PI 001.2025 - Contratacoes por Tempo Determinado e Terceirizacoes.pdf","C:\Users\thiagonogueira\OneDrive - mppi.mp.br\CLC\01_Processos_e_Aquisicoes\Base de Conhecimento - Thiago\_DUPLICADOS_para_arquivar\Analise_de_processos_04_Normativos_Relacionados\Nota Técnica TCE-PI 001.2025 - Contratacoes por Tempo Determinado e Terceirizacoes.pdf"
"MOVER_DUPLICADO","OK","C:\Users\thiagonogueira\OneDrive - mppi.mp.br\Análise de processos\04_Normativos_Relacionados\Normativos_Vigentes\05_TCE_PI\Nota Técnica TCE-PI 002.2024 - Despesas com Festas Shows Artistas e Bandas.md","C:\Users\thiagonogueira\OneDrive - mppi.mp.br\CLC\01_Processos_e_Aquisicoes\Base de Conhecimento - Thiago\_DUPLICADOS_para_arquivar\Analise_de_processos_04_Normativos_Relacionados\Nota Técnica TCE-PI 002.2024 - Despesas com Festas Shows Artistas e Bandas.md"
"MOVER_DUPLICADO","OK","C:\Users\thiagonogueira\OneDrive - mppi.mp.br\Análise de processos\04_Normativos_Relacionados\Normativos_Vigentes\05_TCE_PI\Resolucao TCE-PI nº 09.2025 - Padroes Decisoes e Acordaos.md","C:\Users\thiagonogueira\OneDrive - mppi.mp.br\CLC\01_Processos_e_Aquisicoes\Base de Conhecimento - Thiago\_DUPLICADOS_para_arquivar\Analise_de_processos_04_Normativos_Relacionados\Resolucao TCE-PI nº 09.2025 - Padroes Decisoes e Acordaos.md"
"MOVER_DUPLICADO","OK","C:\Users\thiagonogueira\OneDrive - mppi.mp.br\Análise de processos\04_Normativos_Relacionados\Normativos_Vigentes\05_TCE_PI\Resolucao TCE-PI nº 10.2020 - Procedimento de Levantamento.md","C:\Users\thiagonogueira\OneDrive - mppi.mp.br\CLC\01_Processos_e_Aquisicoes\Base de Conhecimento - Thiago\_DUPLICADOS_para_arquivar\Analise_de_processos_04_Normativos_Relacionados\Resolucao TCE-PI nº 10.2020 - Procedimento de Levantamento.md"
"MOVER_DUPLICADO","OK","C:\Users\thiagonogueira\OneDrive - mppi.mp.br\Análise de processos\04_Normativos_Relacionados\Normativos_Vigentes\05_TCE_PI\Resolucao TCE-PI nº 19.2024 - Regimento Interno do TCE-PI.md","C:\Users\thiagonogueira\OneDrive - mppi.mp.br\CLC\01_Processos_e_Aquisicoes\Base de Conhecimento - Thiago\_DUPLICADOS_para_arquivar\Analise_de_processos_04_Normativos_Relacionados\Resolucao TCE-PI nº 19.2024 - Regimento Interno do TCE-PI.md"
"MOVER_DUPLICADO","OK","C:\Users\thiagonogueira\OneDrive - mppi.mp.br\Análise de processos\04_Normativos_Relacionados\Normativos_Vigentes\05_TCE_PI\Resolucao TCE-PI nº 20.2024 - Alteracao Regimental.md","C:\Users\thiagonogueira\OneDrive - mppi.mp.br\CLC\01_Processos_e_Aquisicoes\Base de Conhecimento - Thiago\_DUPLICADOS_para_arquivar\Analise_de_processos_04_Normativos_Relacionados\Resolucao TCE-PI nº 20.2024 - Alteracao Regimental.md"
"MOVER_DUPLICADO","OK","C:\Users\thiagonogueira\OneDrive - mppi.mp.br\Análise de processos\04_Normativos_Relacionados\Normativos_Vigentes\05_TCE_PI\Resolucao TCE-PI nº 37.2024 - Deliberacoes e Medidas Corretivas.md","C:\Users\thiagonogueira\OneDrive - mppi.mp.br\CLC\01_Processos_e_Aquisicoes\Base de Conhecimento - Thiago\_DUPLICADOS_para_arquivar\Analise_de_processos_04_Normativos_Relacionados\Resolucao TCE-PI nº 37.2024 - Deliberacoes e Medidas Corretivas.md"
"MOVER_DUPLICADO","OK","C:\Users\thiagonogueira\OneDrive - mppi.mp.br\Análise de processos\04_Normativos_Relacionados\Normativos_Vigentes\05_TCE_PI\Resolução TCE-PI 011.2026 - Gestao e Fiscalizacao de Contratos Administrativos.md","C:\Users\thiagonogueira\OneDrive - mppi.mp.br\CLC\01_Processos_e_Aquisicoes\Base de Conhecimento - Thiago\_DUPLICADOS_para_arquivar\Analise_de_processos_04_Normativos_Relacionados\Resolução TCE-PI 011.2026 - Gestao e Fiscalizacao de Contratos Administrativos.md"
"MOVER_DUPLICADO","OK","C:\Users\thiagonogueira\OneDrive - mppi.mp.br\Análise de processos\04_Normativos_Relacionados\Normativos_Vigentes\05_TCE_PI\Resolução TCE-PI 011.2026 - Gestao e Fiscalizacao de Contratos Administrativos.pdf","C:\Users\thiagonogueira\OneDrive - mppi.mp.br\CLC\01_Processos_e_Aquisicoes\Base de Conhecimento - Thiago\_DUPLICADOS_para_arquivar\Analise_de_processos_04_Normativos_Relacionados\Resolução TCE-PI 011.2026 - Gestao e Fiscalizacao de Contratos Administrativos.pdf"
"MOVER_DUPLICADO","OK","C:\Users\thiagonogueira\OneDrive - mppi.mp.br\Análise de processos\04_Normativos_Relacionados\Normativos_Vigentes\05_TCE_PI\Resolução TCE-PI 017.2024 - Pesquisa de Precos.md","C:\Users\thiagonogueira\OneDrive - mppi.mp.br\CLC\01_Processos_e_Aquisicoes\Base de Conhecimento - Thiago\_DUPLICADOS_para_arquivar\Analise_de_processos_04_Normativos_Relacionados\Resolução TCE-PI 017.2024 - Pesquisa de Precos.md"
"MOVER_DUPLICADO","OK","C:\Users\thiagonogueira\OneDrive - mppi.mp.br\Análise de processos\04_Normativos_Relacionados\Normativos_Vigentes\05_TCE_PI\Resolução TCE-PI 017.2024 - Pesquisa de Precos.pdf","C:\Users\thiagonogueira\OneDrive - mppi.mp.br\CLC\01_Processos_e_Aquisicoes\Base de Conhecimento - Thiago\_DUPLICADOS_para_arquivar\Analise_de_processos_04_Normativos_Relacionados\Resolução TCE-PI 017.2024 - Pesquisa de Precos.pdf"
"MOVER_DUPLICADO","OK","C:\Users\thiagonogueira\OneDrive - mppi.mp.br\Análise de processos\04_Normativos_Relacionados\Normativos_Vigentes\05_TCE_PI\Resolução TCE-PI 039.2023 - Plano de Contratacoes Anual.md","C:\Users\thiagonogueira\OneDrive - mppi.mp.br\CLC\01_Processos_e_Aquisicoes\Base de Conhecimento - Thiago\_DUPLICADOS_para_arquivar\Analise_de_processos_04_Normativos_Relacionados\Resolução TCE-PI 039.2023 - Plano de Contratacoes Anual.md"
"MOVER_DUPLICADO","OK","C:\Users\thiagonogueira\OneDrive - mppi.mp.br\Análise de processos\04_Normativos_Relacionados\Normativos_Vigentes\05_TCE_PI\Resolução TCE-PI 039.2023 - Plano de Contratacoes Anual.pdf","C:\Users\thiagonogueira\OneDrive - mppi.mp.br\CLC\01_Processos_e_Aquisicoes\Base de Conhecimento - Thiago\_DUPLICADOS_para_arquivar\Analise_de_processos_04_Normativos_Relacionados\Resolução TCE-PI 039.2023 - Plano de Contratacoes Anual.pdf"
"MOVER_DUPLICADO","OK","C:\Users\thiagonogueira\OneDrive - mppi.mp.br\Análise de processos\04_Normativos_Relacionados\Normativos_Vigentes\06_TJPI\Analise de Primeira Linha SLC TJPI - Controle Interno.md","C:\Users\thiagonogueira\OneDrive - mppi.mp.br\CLC\01_Processos_e_Aquisicoes\Base de Conhecimento - Thiago\_DUPLICADOS_para_arquivar\Analise_de_processos_04_Normativos_Relacionados\Analise de Primeira Linha SLC TJPI - Controle Interno.md"
"MOVER_DUPLICADO","OK","C:\Users\thiagonogueira\OneDrive - mppi.mp.br\Análise de processos\04_Normativos_Relacionados\Normativos_Vigentes\06_TJPI\Fluxogramas de Processos Licitatorios TJPI.md","C:\Users\thiagonogueira\OneDrive - mppi.mp.br\CLC\01_Processos_e_Aquisicoes\Base de Conhecimento - Thiago\_DUPLICADOS_para_arquivar\Analise_de_processos_04_Normativos_Relacionados\Fluxogramas de Processos Licitatorios TJPI.md"
"MOVER_DUPLICADO","OK","C:\Users\thiagonogueira\OneDrive - mppi.mp.br\Análise de processos\04_Normativos_Relacionados\Normativos_Vigentes\06_TJPI\Lista de Verificacao SGC TJPI - Conformidade Licitatoria.md","C:\Users\thiagonogueira\OneDrive - mppi.mp.br\CLC\01_Processos_e_Aquisicoes\Base de Conhecimento - Thiago\_DUPLICADOS_para_arquivar\Analise_de_processos_04_Normativos_Relacionados\Lista de Verificacao SGC TJPI - Conformidade Licitatoria.md"
"MOVER_DUPLICADO","OK","C:\Users\thiagonogueira\OneDrive - mppi.mp.br\Análise de processos\04_Normativos_Relacionados\Normativos_Vigentes\06_TJPI\Lista de Verificacao SLC TJPI - Servicos e Licitacoes.md","C:\Users\thiagonogueira\OneDrive - mppi.mp.br\CLC\01_Processos_e_Aquisicoes\Base de Conhecimento - Thiago\_DUPLICADOS_para_arquivar\Analise_de_processos_04_Normativos_Relacionados\Lista de Verificacao SLC TJPI - Servicos e Licitacoes.md"
"MOVER_DUPLICADO","OK","C:\Users\thiagonogueira\OneDrive - mppi.mp.br\Análise de processos\04_Normativos_Relacionados\Normativos_Vigentes\06_TJPI\Manual de Licitacoes e Contratos TJPI (2023-2024).md","C:\Users\thiagonogueira\OneDrive - mppi.mp.br\CLC\01_Processos_e_Aquisicoes\Base de Conhecimento - Thiago\_DUPLICADOS_para_arquivar\Analise_de_processos_04_Normativos_Relacionados\Manual de Licitacoes e Contratos TJPI (2023-2024).md"
"MOVER_DUPLICADO","OK","C:\Users\thiagonogueira\OneDrive - mppi.mp.br\Análise de processos\04_Normativos_Relacionados\Normativos_Vigentes\06_TJPI\Modelo de Aviso de Dispensa de Licitacao TJPI.md","C:\Users\thiagonogueira\OneDrive - mppi.mp.br\CLC\01_Processos_e_Aquisicoes\Base de Conhecimento - Thiago\_DUPLICADOS_para_arquivar\Analise_de_processos_04_Normativos_Relacionados\Modelo de Aviso de Dispensa de Licitacao TJPI.md"
"MOVER_DUPLICADO","OK","C:\Users\thiagonogueira\OneDrive - mppi.mp.br\Análise de processos\04_Normativos_Relacionados\Normativos_Vigentes\06_TJPI\Modelo de Justificativa Tecnico-Administrativa TJPI (Parecer do Agente).md","C:\Users\thiagonogueira\OneDrive - mppi.mp.br\CLC\01_Processos_e_Aquisicoes\Base de Conhecimento - Thiago\_DUPLICADOS_para_arquivar\Analise_de_processos_04_Normativos_Relacionados\Modelo de Justificativa Tecnico-Administrativa TJPI (Parecer do Agente).md"
"MOVER_DUPLICADO","OK","C:\Users\thiagonogueira\OneDrive - mppi.mp.br\Análise de processos\04_Normativos_Relacionados\Normativos_Vigentes\06_TJPI\Portaria TJPI nº 2899.2023 - Dispensa de Licitacao.md","C:\Users\thiagonogueira\OneDrive - mppi.mp.br\CLC\01_Processos_e_Aquisicoes\Base de Conhecimento - Thiago\_DUPLICADOS_para_arquivar\Analise_de_processos_04_Normativos_Relacionados\Portaria TJPI nº 2899.2023 - Dispensa de Licitacao.md"
"MOVER_DUPLICADO","OK","C:\Users\thiagonogueira\OneDrive - mppi.mp.br\Análise de processos\04_Normativos_Relacionados\Normativos_Vigentes\06_TJPI\Provimento TJPI nº 13.2025 - Regulamento de Obras Servicos Compras e Alienacoes.md","C:\Users\thiagonogueira\OneDrive - mppi.mp.br\CLC\01_Processos_e_Aquisicoes\Base de Conhecimento - Thiago\_DUPLICADOS_para_arquivar\Analise_de_processos_04_Normativos_Relacionados\Provimento TJPI nº 13.2025 - Regulamento de Obras Servicos Compras e Alienacoes.md"
"COPIAR_CLONE_PARA_MESTRA","OK","C:\Users\thiagonogueira\Dev\base-conhecimento-licitacoes\01_Normativos_Vigentes\03_MPPI\Atos\Ato PGJ 1106.2021 - Novo Fluxo da Controladoria Interna.pdf","C:\Users\thiagonogueira\OneDrive - mppi.mp.br\CLC\01_Processos_e_Aquisicoes\Base de Conhecimento - Thiago\01_Normativos_Vigentes\03_MPPI\Atos\Ato PGJ 1106.2021 - Novo Fluxo da Controladoria Interna.pdf"
"COPIAR_CLONE_PARA_MESTRA","OK","C:\Users\thiagonogueira\Dev\base-conhecimento-licitacoes\01_Normativos_Vigentes\03_MPPI\Atos\Ato PGJ 1480.2025 - Retira CONINT da Fase Interna.pdf","C:\Users\thiagonogueira\OneDrive - mppi.mp.br\CLC\01_Processos_e_Aquisicoes\Base de Conhecimento - Thiago\01_Normativos_Vigentes\03_MPPI\Atos\Ato PGJ 1480.2025 - Retira CONINT da Fase Interna.pdf"
"COPIAR_CLONE_PARA_MESTRA","OK","C:\Users\thiagonogueira\Dev\base-conhecimento-licitacoes\01_Normativos_Vigentes\03_MPPI\Atos\Ato PGJ 1471.2025 - Altera Ato 823.2018 - Diretor de Sede como Agente Suprido.pdf","C:\Users\thiagonogueira\OneDrive - mppi.mp.br\CLC\01_Processos_e_Aquisicoes\Base de Conhecimento - Thiago\01_Normativos_Vigentes\03_MPPI\Atos\Ato PGJ 1471.2025 - Altera Ato 823.2018 - Diretor de Sede como Agente Suprido.pdf"
"COPIAR_CLONE_PARA_MESTRA","OK","C:\Users\thiagonogueira\Dev\base-conhecimento-licitacoes\01_Normativos_Vigentes\03_MPPI\Atos\Ato PGJ 939.2019 - Disciplina Atividades de Tecnologia da Informação.pdf","C:\Users\thiagonogueira\OneDrive - mppi.mp.br\CLC\01_Processos_e_Aquisicoes\Base de Conhecimento - Thiago\01_Normativos_Vigentes\03_MPPI\Atos\Ato PGJ 939.2019 - Disciplina Atividades de Tecnologia da Informação.pdf"
"COPIAR_CLONE_PARA_MESTRA","OK","C:\Users\thiagonogueira\Dev\base-conhecimento-licitacoes\01_Normativos_Vigentes\03_MPPI\Atos\Ato PGJ 1079.2021 - Regulamento Interno da PGJ Compilado.pdf","C:\Users\thiagonogueira\OneDrive - mppi.mp.br\CLC\01_Processos_e_Aquisicoes\Base de Conhecimento - Thiago\01_Normativos_Vigentes\03_MPPI\Atos\Ato PGJ 1079.2021 - Regulamento Interno da PGJ Compilado.pdf"
"COPIAR_CLONE_PARA_MESTRA","OK","C:\Users\thiagonogueira\Dev\base-conhecimento-licitacoes\01_Normativos_Vigentes\03_MPPI\Atos\Ato PGJ 1180.2022 - Altera Ato PGJ 479.2014 (Assessoria para Pareceres em Processos Licitatórios).pdf","C:\Users\thiagonogueira\OneDrive - mppi.mp.br\CLC\01_Processos_e_Aquisicoes\Base de Conhecimento - Thiago\01_Normativos_Vigentes\03_MPPI\Atos\Ato PGJ 1180.2022 - Altera Ato PGJ 479.2014 (Assessoria para Pareceres em Processos Licitatórios).pdf"
"COPIAR_CLONE_PARA_MESTRA","OK","C:\Users\thiagonogueira\Dev\base-conhecimento-licitacoes\01_Normativos_Vigentes\03_MPPI\Atos\Ato PGJ 1228.2022 - Suprimento de Fundos (Texto Original).pdf","C:\Users\thiagonogueira\OneDrive - mppi.mp.br\CLC\01_Processos_e_Aquisicoes\Base de Conhecimento - Thiago\01_Normativos_Vigentes\03_MPPI\Atos\Ato PGJ 1228.2022 - Suprimento de Fundos (Texto Original).pdf"
"COPIAR_CLONE_PARA_MESTRA","OK","C:\Users\thiagonogueira\Dev\base-conhecimento-licitacoes\01_Normativos_Vigentes\03_MPPI\Atos\Ato PGJ 1382.2024 - Regulamenta a Implementação da 14133 no MPPI.pdf","C:\Users\thiagonogueira\OneDrive - mppi.mp.br\CLC\01_Processos_e_Aquisicoes\Base de Conhecimento - Thiago\01_Normativos_Vigentes\03_MPPI\Atos\Ato PGJ 1382.2024 - Regulamenta a Implementação da 14133 no MPPI.pdf"
"COPIAR_CLONE_PARA_MESTRA","OK","C:\Users\thiagonogueira\Dev\base-conhecimento-licitacoes\01_Normativos_Vigentes\03_MPPI\Atos\Ato PGJ 1413.2024 - Altera Ato PGJ 1382.2024.pdf","C:\Users\thiagonogueira\OneDrive - mppi.mp.br\CLC\01_Processos_e_Aquisicoes\Base de Conhecimento - Thiago\01_Normativos_Vigentes\03_MPPI\Atos\Ato PGJ 1413.2024 - Altera Ato PGJ 1382.2024.pdf"
"COPIAR_CLONE_PARA_MESTRA","OK","C:\Users\thiagonogueira\Dev\base-conhecimento-licitacoes\01_Normativos_Vigentes\03_MPPI\Atos\Ato PGJ 1441.2024 - Altera Atos PGJ 939.2019 e 1051.2021 (Acesso a TI e Provimento em Comissão).pdf","C:\Users\thiagonogueira\OneDrive - mppi.mp.br\CLC\01_Processos_e_Aquisicoes\Base de Conhecimento - Thiago\01_Normativos_Vigentes\03_MPPI\Atos\Ato PGJ 1441.2024 - Altera Atos PGJ 939.2019 e 1051.2021 (Acesso a TI e Provimento em Comissão).pdf"
"COPIAR_CLONE_PARA_MESTRA","OK","C:\Users\thiagonogueira\Dev\base-conhecimento-licitacoes\01_Normativos_Vigentes\03_MPPI\Atos\Ato PGJ 1449.2024 - Reserva de Vagas para Mulheres em Situação de Vulnerabilidade (Terceirização).pdf","C:\Users\thiagonogueira\OneDrive - mppi.mp.br\CLC\01_Processos_e_Aquisicoes\Base de Conhecimento - Thiago\01_Normativos_Vigentes\03_MPPI\Atos\Ato PGJ 1449.2024 - Reserva de Vagas para Mulheres em Situação de Vulnerabilidade (Terceirização).pdf"
"COPIAR_CLONE_PARA_MESTRA","OK","C:\Users\thiagonogueira\Dev\base-conhecimento-licitacoes\01_Normativos_Vigentes\03_MPPI\Atos\Ato PGJ 1538.2025 - Altera Atos Normativos de Contratacao MPPI.pdf","C:\Users\thiagonogueira\OneDrive - mppi.mp.br\CLC\01_Processos_e_Aquisicoes\Base de Conhecimento - Thiago\01_Normativos_Vigentes\03_MPPI\Atos\Ato PGJ 1538.2025 - Altera Atos Normativos de Contratacao MPPI.pdf"
"COPIAR_CLONE_PARA_MESTRA","OK","C:\Users\thiagonogueira\Dev\base-conhecimento-licitacoes\01_Normativos_Vigentes\03_MPPI\Atos\Ato PGJ 1599.2025 - Institui a Política de Segurança Institucional e o Sistema de Segurança Institucional do MPPI.pdf","C:\Users\thiagonogueira\OneDrive - mppi.mp.br\CLC\01_Processos_e_Aquisicoes\Base de Conhecimento - Thiago\01_Normativos_Vigentes\03_MPPI\Atos\Ato PGJ 1599.2025 - Institui a Política de Segurança Institucional e o Sistema de Segurança Institucional do MPPI.pdf"
"COPIAR_CLONE_PARA_MESTRA","OK","C:\Users\thiagonogueira\Dev\base-conhecimento-licitacoes\01_Normativos_Vigentes\03_MPPI\Atos\Ato PGJ 0462.2013 - Fiscalizacao e Gestao de Contratos.pdf","C:\Users\thiagonogueira\OneDrive - mppi.mp.br\CLC\01_Processos_e_Aquisicoes\Base de Conhecimento - Thiago\01_Normativos_Vigentes\03_MPPI\Atos\Ato PGJ 0462.2013 - Fiscalizacao e Gestao de Contratos.pdf"
"COPIAR_CLONE_PARA_MESTRA","OK","C:\Users\thiagonogueira\Dev\base-conhecimento-licitacoes\01_Normativos_Vigentes\03_MPPI\Atos\Ato PGJ 1383.2024 - Dispensa Parecer Jurídico.pdf","C:\Users\thiagonogueira\OneDrive - mppi.mp.br\CLC\01_Processos_e_Aquisicoes\Base de Conhecimento - Thiago\01_Normativos_Vigentes\03_MPPI\Atos\Ato PGJ 1383.2024 - Dispensa Parecer Jurídico.pdf"
"COPIAR_CLONE_PARA_MESTRA","OK","C:\Users\thiagonogueira\Dev\base-conhecimento-licitacoes\01_Normativos_Vigentes\03_MPPI\Atos\Ato PGJ 0479.2014 - Estrutura e Organizacao Administrativa do MPPI.pdf","C:\Users\thiagonogueira\OneDrive - mppi.mp.br\CLC\01_Processos_e_Aquisicoes\Base de Conhecimento - Thiago\01_Normativos_Vigentes\03_MPPI\Atos\Ato PGJ 0479.2014 - Estrutura e Organizacao Administrativa do MPPI.pdf"
