status,tipo,origem,destino
IGNORADO_JA_EXISTE,md,C:\Users\thiagonogueira\OneDrive - mppi.mp.br\CLC\01_Processos_e_Aquisicoes\Base de Conhecimento - Thiago\00_Indice_por_Fase_da_Contratacao.md,C:\Users\thiagonogueira\Dev\base-conhecimento-licitacoes\00_Indice_por_Fase_da_Contratacao.md
IGNORADO_JA_EXISTE,md,C:\Users\thiagonogueira\OneDrive - mppi.mp.br\CLC\01_Processos_e_Aquisicoes\Base de Conhecimento - Thiago\Manual completo - Concorrências Presenciais Lei 12.232_2010 - Novo DC.md,C:\Users\thiagonogueira\Dev\base-conhecimento-licitacoes\Manual completo - Concorrências Presenciais Lei 12.232_2010 - Novo DC.md
IGNORADO_JA_EXISTE,md,C:\Users\thiagonogueira\OneDrive - mppi.mp.br\CLC\01_Processos_e_Aquisicoes\Base de Conhecimento - Thiago\Manual completo - Convocação de Remanescentes.md,C:\Users\thiagonogueira\Dev\base-conhecimento-licitacoes\Manual completo - Convocação de Remanescentes.md
IGNORADO_JA_EXISTE,md,C:\Users\thiagonogueira\OneDrive - mppi.mp.br\CLC\01_Processos_e_Aquisicoes\Base de Conhecimento - Thiago\Manual completo - Manual Compras.gov.br - Pregão Eletrônico.md,C:\Users\thiagonogueira\Dev\base-conhecimento-licitacoes\Manual completo - Manual Compras.gov.br - Pregão Eletrônico.md
IGNORADO_JA_EXISTE,md,C:\Users\thiagonogueira\OneDrive - mppi.mp.br\CLC\01_Processos_e_Aquisicoes\Base de Conhecimento - Thiago\SEI_TJPI_-_6640734_-_Provimento.md,C:\Users\thiagonogueira\Dev\base-conhecimento-licitacoes\SEI_TJPI_-_6640734_-_Provimento.md
IGNORADO_JA_EXISTE,md,C:\Users\thiagonogueira\OneDrive - mppi.mp.br\CLC\01_Processos_e_Aquisicoes\Base de Conhecimento - Thiago\TEMPORRIOManualContratosGov.brVersoOriginal1.40.0jun.2026rascunho.md,C:\Users\thiagonogueira\Dev\base-conhecimento-licitacoes\TEMPORRIOManualContratosGov.brVersoOriginal1.40.0jun.2026rascunho.md
IGNORADO_JA_EXISTE,md,C:\Users\thiagonogueira\OneDrive - mppi.mp.br\CLC\01_Processos_e_Aquisicoes\Base de Conhecimento - Thiago\00_Ferramentas_e_Scripts_Analise\ARP sapiens.agu.gov.br_valida_publico_id=1781507289.md,C:\Users\thiagonogueira\Dev\base-conhecimento-licitacoes\00_Ferramentas_e_Scripts_Analise\ARP sapiens.agu.gov.br_valida_publico_id=1781507289.md
IGNORADO_JA_EXISTE,md,C:\Users\thiagonogueira\OneDrive - mppi.mp.br\CLC\01_Processos_e_Aquisicoes\Base de Conhecimento - Thiago\00_Ferramentas_e_Scripts_Analise\Caderno_Prompts_IA_Auditoria_Licitacoes.md,C:\Users\thiagonogueira\Dev\base-conhecimento-licitacoes\00_Ferramentas_e_Scripts_Analise\Caderno_Prompts_IA_Auditoria_Licitacoes.md
IGNORADO_JA_EXISTE,md,C:\Users\thiagonogueira\OneDrive - mppi.mp.br\CLC\01_Processos_e_Aquisicoes\Base de Conhecimento - Thiago\00_Ferramentas_e_Scripts_Analise\Nota_Tecnica_Sugestoes_Redacao_Correcao_Artefatos.md,C:\Users\thiagonogueira\Dev\base-conhecimento-licitacoes\00_Ferramentas_e_Scripts_Analise\Nota_Tecnica_Sugestoes_Redacao_Correcao_Artefatos.md
IGNORADO_JA_EXISTE,md,C:\Users\thiagonogueira\OneDrive - mppi.mp.br\CLC\01_Processos_e_Aquisicoes\Base de Conhecimento - Thiago\00_Ferramentas_e_Scripts_Analise\Banco_de_Prompts\Checklist Detalhado do TR (rascunho).md,C:\Users\thiagonogueira\Dev\base-conhecimento-licitacoes\00_Ferramentas_e_Scripts_Analise\Banco_de_Prompts\Checklist Detalhado do TR (rascunho).md
IGNORADO_JA_EXISTE,md,C:\Users\thiagonogueira\OneDrive - mppi.mp.br\CLC\01_Processos_e_Aquisicoes\Base de Conhecimento - Thiago\00_Ferramentas_e_Scripts_Analise\Banco_de_Prompts\Prompt Revisor - DFD.md,C:\Users\thiagonogueira\Dev\base-conhecimento-licitacoes\00_Ferramentas_e_Scripts_Analise\Banco_de_Prompts\Prompt Revisor - DFD.md
IGNORADO_JA_EXISTE,md,C:\Users\thiagonogueira\OneDrive - mppi.mp.br\CLC\01_Processos_e_Aquisicoes\Base de Conhecimento - Thiago\00_Ferramentas_e_Scripts_Analise\Banco_de_Prompts\Prompt Revisor - ETP.md,C:\Users\thiagonogueira\Dev\base-conhecimento-licitacoes\00_Ferramentas_e_Scripts_Analise\Banco_de_Prompts\Prompt Revisor - ETP.md
IGNORADO_JA_EXISTE,md,C:\Users\thiagonogueira\OneDrive - mppi.mp.br\CLC\01_Processos_e_Aquisicoes\Base de Conhecimento - Thiago\00_Ferramentas_e_Scripts_Analise\Banco_de_Prompts\Prompt Revisor - TR - Quesitos por Artigo.md,C:\Users\thiagonogueira\Dev\base-conhecimento-licitacoes\00_Ferramentas_e_Scripts_Analise\Banco_de_Prompts\Prompt Revisor - TR - Quesitos por Artigo.md
IGNORADO_JA_EXISTE,md,C:\Users\thiagonogueira\OneDrive - mppi.mp.br\CLC\01_Processos_e_Aquisicoes\Base de Conhecimento - Thiago\00_Ferramentas_e_Scripts_Analise\Banco_de_Prompts\Prompt Revisor - TR.md,C:\Users\thiagonogueira\Dev\base-conhecimento-licitacoes\00_Ferramentas_e_Scripts_Analise\Banco_de_Prompts\Prompt Revisor - TR.md
IGNORADO_JA_EXISTE,md,C:\Users\thiagonogueira\OneDrive - mppi.mp.br\CLC\01_Processos_e_Aquisicoes\Base de Conhecimento - Thiago\00_Ferramentas_e_Scripts_Analise\Banco_de_Prompts\Prompts - Apresentacao e Descricao do Cenario.md,C:\Users\thiagonogueira\Dev\base-conhecimento-licitacoes\00_Ferramentas_e_Scripts_Analise\Banco_de_Prompts\Prompts - Apresentacao e Descricao do Cenario.md
IGNORADO_JA_EXISTE,md,C:\Users\thiagonogueira\OneDrive - mppi.mp.br\CLC\01_Processos_e_Aquisicoes\Base de Conhecimento - Thiago\00_Ferramentas_e_Scripts_Analise\Banco_de_Prompts\Prompts - Contratacao Direta (art. 72).md,C:\Users\thiagonogueira\Dev\base-conhecimento-licitacoes\00_Ferramentas_e_Scripts_Analise\Banco_de_Prompts\Prompts - Contratacao Direta (art. 72).md
IGNORADO_JA_EXISTE,md,C:\Users\thiagonogueira\OneDrive - mppi.mp.br\CLC\01_Processos_e_Aquisicoes\Base de Conhecimento - Thiago\00_Ferramentas_e_Scripts_Analise\Banco_de_Prompts\Prompts - Notebook LM.md,C:\Users\thiagonogueira\Dev\base-conhecimento-licitacoes\00_Ferramentas_e_Scripts_Analise\Banco_de_Prompts\Prompts - Notebook LM.md
IGNORADO_JA_EXISTE,md,C:\Users\thiagonogueira\OneDrive - mppi.mp.br\CLC\01_Processos_e_Aquisicoes\Base de Conhecimento - Thiago\00_Ferramentas_e_Scripts_Analise\Checklists_Auditoria\Checklist de Auditoria - Contratacoes Diretas (Dispensas e Inexigibilidades).md,C:\Users\thiagonogueira\Dev\base-conhecimento-licitacoes\00_Ferramentas_e_Scripts_Analise\Checklists_Auditoria\Checklist de Auditoria - Contratacoes Diretas (Dispensas e Inexigibilidades).md
IGNORADO_JA_EXISTE,md,C:\Users\thiagonogueira\OneDrive - mppi.mp.br\CLC\01_Processos_e_Aquisicoes\Base de Conhecimento - Thiago\00_Ferramentas_e_Scripts_Analise\Checklists_Auditoria\Checklist de Auditoria - DFD (Documento de Formalizacao da Demanda).md,C:\Users\thiagonogueira\Dev\base-conhecimento-licitacoes\00_Ferramentas_e_Scripts_Analise\Checklists_Auditoria\Checklist de Auditoria - DFD (Documento de Formalizacao da Demanda).md
IGNORADO_JA_EXISTE,md,C:\Users\thiagonogueira\OneDrive - mppi.mp.br\CLC\01_Processos_e_Aquisicoes\Base de Conhecimento - Thiago\00_Ferramentas_e_Scripts_Analise\Checklists_Auditoria\Checklist de Auditoria - ETP (Estudo Tecnico Preliminar).md,C:\Users\thiagonogueira\Dev\base-conhecimento-licitacoes\00_Ferramentas_e_Scripts_Analise\Checklists_Auditoria\Checklist de Auditoria - ETP (Estudo Tecnico Preliminar).md
IGNORADO_JA_EXISTE,md,C:\Users\thiagonogueira\OneDrive - mppi.mp.br\CLC\01_Processos_e_Aquisicoes\Base de Conhecimento - Thiago\00_Ferramentas_e_Scripts_Analise\Checklists_Auditoria\Checklist de Auditoria - Fase Interna e Selecao do Fornecedor.md,C:\Users\thiagonogueira\Dev\base-conhecimento-licitacoes\00_Ferramentas_e_Scripts_Analise\Checklists_Auditoria\Checklist de Auditoria - Fase Interna e Selecao do Fornecedor.md
IGNORADO_JA_EXISTE,md,C:\Users\thiagonogueira\OneDrive - mppi.mp.br\CLC\01_Processos_e_Aquisicoes\Base de Conhecimento - Thiago\00_Ferramentas_e_Scripts_Analise\Checklists_Auditoria\Checklist de Auditoria - Revisao e Aprofundamento de Quesitos de TR.md,C:\Users\thiagonogueira\Dev\base-conhecimento-licitacoes\00_Ferramentas_e_Scripts_Analise\Checklists_Auditoria\Checklist de Auditoria - Revisao e Aprofundamento de Quesitos de TR.md
IGNORADO_JA_EXISTE,md,C:\Users\thiagonogueira\OneDrive - mppi.mp.br\CLC\01_Processos_e_Aquisicoes\Base de Conhecimento - Thiago\00_Ferramentas_e_Scripts_Analise\Checklists_Auditoria\Checklist de Auditoria - Termo de Referencia (TR).md,C:\Users\thiagonogueira\Dev\base-conhecimento-licitacoes\00_Ferramentas_e_Scripts_Analise\Checklists_Auditoria\Checklist de Auditoria - Termo de Referencia (TR).md
IGNORADO_JA_EXISTE,md,C:\Users\thiagonogueira\OneDrive - mppi.mp.br\CLC\01_Processos_e_Aquisicoes\Base de Conhecimento - Thiago\00_Ferramentas_e_Scripts_Analise\Checklists_Auditoria\Lista de Verificacao - Fase Interna de Selecao.md,C:\Users\thiagonogueira\Dev\base-conhecimento-licitacoes\00_Ferramentas_e_Scripts_Analise\Checklists_Auditoria\Lista de Verificacao - Fase Interna de Selecao.md
IGNORADO_JA_EXISTE,md,C:\Users\thiagonogueira\OneDrive - mppi.mp.br\CLC\01_Processos_e_Aquisicoes\Base de Conhecimento - Thiago\01_Normativos_Vigentes\01_Federal\Acordaos_Pareceres_Orientacoes\Acórdão TCU nº 547-2026 - Plenário - Auditoria SRP e PNCP.md,C:\Users\thiagonogueira\Dev\base-conhecimento-licitacoes\01_Normativos_Vigentes\01_Federal\Acordaos_Pareceres_Orientacoes\Acórdão TCU nº 547-2026 - Plenário - Auditoria SRP e PNCP.md
IGNORADO_JA_EXISTE,md,C:\Users\thiagonogueira\OneDrive - mppi.mp.br\CLC\01_Processos_e_Aquisicoes\Base de Conhecimento - Thiago\01_Normativos_Vigentes\01_Federal\Acordaos_Pareceres_Orientacoes\Federal - Acordao TCU 2037.2019 Plenario - Governanca de Contratacoes.md,C:\Users\thiagonogueira\Dev\base-conhecimento-licitacoes\01_Normativos_Vigentes\01_Federal\Acordaos_Pareceres_Orientacoes\Federal - Acordao TCU 2037.2019 Plenario - Governanca de Contratacoes.md
IGNORADO_JA_EXISTE,md,C:\Users\thiagonogueira\OneDrive - mppi.mp.br\CLC\01_Processos_e_Aquisicoes\Base de Conhecimento - Thiago\01_Normativos_Vigentes\01_Federal\Acordaos_Pareceres_Orientacoes\Federal - Nota Recomendatoria Conjunta 01.2025 - Adesao a ARP Carona.md,C:\Users\thiagonogueira\Dev\base-conhecimento-licitacoes\01_Normativos_Vigentes\01_Federal\Acordaos_Pareceres_Orientacoes\Federal - Nota Recomendatoria Conjunta 01.2025 - Adesao a ARP Carona.md
IGNORADO_JA_EXISTE,md,C:\Users\thiagonogueira\OneDrive - mppi.mp.br\CLC\01_Processos_e_Aquisicoes\Base de Conhecimento - Thiago\01_Normativos_Vigentes\01_Federal\Acordaos_Pareceres_Orientacoes\Federal - ON 88.2024 AGU - Dispensa de Licitacao em Razao do Valor.md,C:\Users\thiagonogueira\Dev\base-conhecimento-licitacoes\01_Normativos_Vigentes\01_Federal\Acordaos_Pareceres_Orientacoes\Federal - ON 88.2024 AGU - Dispensa de Licitacao em Razao do Valor.md
IGNORADO_JA_EXISTE,md,C:\Users\thiagonogueira\OneDrive - mppi.mp.br\CLC\01_Processos_e_Aquisicoes\Base de Conhecimento - Thiago\01_Normativos_Vigentes\01_Federal\Acordaos_Pareceres_Orientacoes\Federal - ON 89.2024 AGU - Contratacoes Diretas e Alteracoes Contratuais.md,C:\Users\thiagonogueira\Dev\base-conhecimento-licitacoes\01_Normativos_Vigentes\01_Federal\Acordaos_Pareceres_Orientacoes\Federal - ON 89.2024 AGU - Contratacoes Diretas e Alteracoes Contratuais.md
IGNORADO_JA_EXISTE,md,C:\Users\thiagonogueira\OneDrive - mppi.mp.br\CLC\01_Processos_e_Aquisicoes\Base de Conhecimento - Thiago\01_Normativos_Vigentes\01_Federal\Acordaos_Pareceres_Orientacoes\Federal - Parecer Referencial 00001.2026 CONJUR-MS-CGU-AGU.md,C:\Users\thiagonogueira\Dev\base-conhecimento-licitacoes\01_Normativos_Vigentes\01_Federal\Acordaos_Pareceres_Orientacoes\Federal - Parecer Referencial 00001.2026 CONJUR-MS-CGU-AGU.md
IGNORADO_JA_EXISTE,md,C:\Users\thiagonogueira\OneDrive - mppi.mp.br\CLC\01_Processos_e_Aquisicoes\Base de Conhecimento - Thiago\01_Normativos_Vigentes\01_Federal\Acordaos_Pareceres_Orientacoes\Federal - Parecer Referencial 00003.2025 CONJUR-EB-CGU-AGU - Inexigibilidade para Cursos e Pos-Graduacao.md,C:\Users\thiagonogueira\Dev\base-conhecimento-licitacoes\01_Normativos_Vigentes\01_Federal\Acordaos_Pareceres_Orientacoes\Federal - Parecer Referencial 00003.2025 CONJUR-EB-CGU-AGU - Inexigibilidade para Cursos e Pos-Graduacao.md
IGNORADO_JA_EXISTE,md,C:\Users\thiagonogueira\OneDrive - mppi.mp.br\CLC\01_Processos_e_Aquisicoes\Base de Conhecimento - Thiago\01_Normativos_Vigentes\01_Federal\Constituicao\Federal -  CF - 88.md,C:\Users\thiagonogueira\Dev\base-conhecimento-licitacoes\01_Normativos_Vigentes\01_Federal\Constituicao\Federal -  CF - 88.md
IGNORADO_JA_EXISTE,md,C:\Users\thiagonogueira\OneDrive - mppi.mp.br\CLC\01_Processos_e_Aquisicoes\Base de Conhecimento - Thiago\01_Normativos_Vigentes\01_Federal\Constituicao\Federal -  CF - 88_2.md,C:\Users\thiagonogueira\Dev\base-conhecimento-licitacoes\01_Normativos_Vigentes\01_Federal\Constituicao\Federal -  CF - 88_2.md
IGNORADO_JA_EXISTE,md,C:\Users\thiagonogueira\OneDrive - mppi.mp.br\CLC\01_Processos_e_Aquisicoes\Base de Conhecimento - Thiago\01_Normativos_Vigentes\01_Federal\Decretos\Federal - Decreto Federal 10818 - Bens Comuns e de Luxo.md,C:\Users\thiagonogueira\Dev\base-conhecimento-licitacoes\01_Normativos_Vigentes\01_Federal\Decretos\Federal - Decreto Federal 10818 - Bens Comuns e de Luxo.md
IGNORADO_JA_EXISTE,md,C:\Users\thiagonogueira\OneDrive - mppi.mp.br\CLC\01_Processos_e_Aquisicoes\Base de Conhecimento - Thiago\01_Normativos_Vigentes\01_Federal\Decretos\Federal - Decreto Federal 11462 - Sistema de Registro de Preços.md,C:\Users\thiagonogueira\Dev\base-conhecimento-licitacoes\01_Normativos_Vigentes\01_Federal\Decretos\Federal - Decreto Federal 11462 - Sistema de Registro de Preços.md
IGNORADO_JA_EXISTE,md,C:\Users\thiagonogueira\OneDrive - mppi.mp.br\CLC\01_Processos_e_Aquisicoes\Base de Conhecimento - Thiago\01_Normativos_Vigentes\01_Federal\Decretos\Federal - Decreto Federal 12343.2024 - Atualiza Valores da 14.133.md,C:\Users\thiagonogueira\Dev\base-conhecimento-licitacoes\01_Normativos_Vigentes\01_Federal\Decretos\Federal - Decreto Federal 12343.2024 - Atualiza Valores da 14.133.md
IGNORADO_JA_EXISTE,md,C:\Users\thiagonogueira\OneDrive - mppi.mp.br\CLC\01_Processos_e_Aquisicoes\Base de Conhecimento - Thiago\01_Normativos_Vigentes\01_Federal\Decretos\Federal - Decreto Federal 12807.2025 - Atualiza Valores 14133.md,C:\Users\thiagonogueira\Dev\base-conhecimento-licitacoes\01_Normativos_Vigentes\01_Federal\Decretos\Federal - Decreto Federal 12807.2025 - Atualiza Valores 14133.md
IGNORADO_JA_EXISTE,md,C:\Users\thiagonogueira\OneDrive - mppi.mp.br\CLC\01_Processos_e_Aquisicoes\Base de Conhecimento - Thiago\01_Normativos_Vigentes\01_Federal\Instrucoes_Normativas\Federal - IN 05.2017 - Terceirizados.md,C:\Users\thiagonogueira\Dev\base-conhecimento-licitacoes\01_Normativos_Vigentes\01_Federal\Instrucoes_Normativas\Federal - IN 05.2017 - Terceirizados.md
IGNORADO_JA_EXISTE,md,C:\Users\thiagonogueira\OneDrive - mppi.mp.br\CLC\01_Processos_e_Aquisicoes\Base de Conhecimento - Thiago\01_Normativos_Vigentes\01_Federal\Instrucoes_Normativas\Federal - IN 103.2022 - Locação de Imóveis.md,C:\Users\thiagonogueira\Dev\base-conhecimento-licitacoes\01_Normativos_Vigentes\01_Federal\Instrucoes_Normativas\Federal - IN 103.2022 - Locação de Imóveis.md
IGNORADO_JA_EXISTE,md,C:\Users\thiagonogueira\OneDrive - mppi.mp.br\CLC\01_Processos_e_Aquisicoes\Base de Conhecimento - Thiago\01_Normativos_Vigentes\01_Federal\Instrucoes_Normativas\Federal - IN 58.2022 - ETP 2.md,C:\Users\thiagonogueira\Dev\base-conhecimento-licitacoes\01_Normativos_Vigentes\01_Federal\Instrucoes_Normativas\Federal - IN 58.2022 - ETP 2.md
IGNORADO_JA_EXISTE,md,C:\Users\thiagonogueira\OneDrive - mppi.mp.br\CLC\01_Processos_e_Aquisicoes\Base de Conhecimento - Thiago\01_Normativos_Vigentes\01_Federal\Instrucoes_Normativas\Federal - IN 65.2021 - Pesquisa de Preços.md,C:\Users\thiagonogueira\Dev\base-conhecimento-licitacoes\01_Normativos_Vigentes\01_Federal\Instrucoes_Normativas\Federal - IN 65.2021 - Pesquisa de Preços.md
IGNORADO_JA_EXISTE,md,C:\Users\thiagonogueira\OneDrive - mppi.mp.br\CLC\01_Processos_e_Aquisicoes\Base de Conhecimento - Thiago\01_Normativos_Vigentes\01_Federal\Instrucoes_Normativas\Federal - IN 67.2021 - Dispensa Eletrônica.md,C:\Users\thiagonogueira\Dev\base-conhecimento-licitacoes\01_Normativos_Vigentes\01_Federal\Instrucoes_Normativas\Federal - IN 67.2021 - Dispensa Eletrônica.md
IGNORADO_JA_EXISTE,md,C:\Users\thiagonogueira\OneDrive - mppi.mp.br\CLC\01_Processos_e_Aquisicoes\Base de Conhecimento - Thiago\01_Normativos_Vigentes\01_Federal\Instrucoes_Normativas\Federal - IN 77.2022 - Ordem Cronológica.md,C:\Users\thiagonogueira\Dev\base-conhecimento-licitacoes\01_Normativos_Vigentes\01_Federal\Instrucoes_Normativas\Federal - IN 77.2022 - Ordem Cronológica.md
IGNORADO_JA_EXISTE,md,C:\Users\thiagonogueira\OneDrive - mppi.mp.br\CLC\01_Processos_e_Aquisicoes\Base de Conhecimento - Thiago\01_Normativos_Vigentes\01_Federal\Instrucoes_Normativas\Federal - IN 81.2022 - TR 2.md,C:\Users\thiagonogueira\Dev\base-conhecimento-licitacoes\01_Normativos_Vigentes\01_Federal\Instrucoes_Normativas\Federal - IN 81.2022 - TR 2.md
IGNORADO_JA_EXISTE,md,C:\Users\thiagonogueira\OneDrive - mppi.mp.br\CLC\01_Processos_e_Aquisicoes\Base de Conhecimento - Thiago\01_Normativos_Vigentes\01_Federal\Instrucoes_Normativas\Federal - IN 81.2022 - TR.md,C:\Users\thiagonogueira\Dev\base-conhecimento-licitacoes\01_Normativos_Vigentes\01_Federal\Instrucoes_Normativas\Federal - IN 81.2022 - TR.md
IGNORADO_JA_EXISTE,md,C:\Users\thiagonogueira\OneDrive - mppi.mp.br\CLC\01_Processos_e_Aquisicoes\Base de Conhecimento - Thiago\01_Normativos_Vigentes\01_Federal\Instrucoes_Normativas\Federal - IN 91.2022 - Obras.md,C:\Users\thiagonogueira\Dev\base-conhecimento-licitacoes\01_Normativos_Vigentes\01_Federal\Instrucoes_Normativas\Federal - IN 91.2022 - Obras.md
IGNORADO_JA_EXISTE,md,C:\Users\thiagonogueira\OneDrive - mppi.mp.br\CLC\01_Processos_e_Aquisicoes\Base de Conhecimento - Thiago\01_Normativos_Vigentes\01_Federal\Instrucoes_Normativas\Federal - IN 98.2025 SPU MGI - Destinacao e Gestao de Imoveis da Uniao.md,C:\Users\thiagonogueira\Dev\base-conhecimento-licitacoes\01_Normativos_Vigentes\01_Federal\Instrucoes_Normativas\Federal - IN 98.2025 SPU MGI - Destinacao e Gestao de Imoveis da Uniao.md
IGNORADO_JA_EXISTE,md,C:\Users\thiagonogueira\OneDrive - mppi.mp.br\CLC\01_Processos_e_Aquisicoes\Base de Conhecimento - Thiago\01_Normativos_Vigentes\01_Federal\Leis\Federal - Lei 14133.2021.md,C:\Users\thiagonogueira\Dev\base-conhecimento-licitacoes\01_Normativos_Vigentes\01_Federal\Leis\Federal - Lei 14133.2021.md
IGNORADO_JA_EXISTE,md,C:\Users\thiagonogueira\OneDrive - mppi.mp.br\CLC\01_Processos_e_Aquisicoes\Base de Conhecimento - Thiago\01_Normativos_Vigentes\01_Federal\Leis\Federal - Lei 14133.2021_2.md,C:\Users\thiagonogueira\Dev\base-conhecimento-licitacoes\01_Normativos_Vigentes\01_Federal\Leis\Federal - Lei 14133.2021_2.md
IGNORADO_JA_EXISTE,md,C:\Users\thiagonogueira\OneDrive - mppi.mp.br\CLC\01_Processos_e_Aquisicoes\Base de Conhecimento - Thiago\01_Normativos_Vigentes\01_Federal\Leis\Federal - Lei 4320.1964 - Normas Gerais de Direito Financeiro.md,C:\Users\thiagonogueira\Dev\base-conhecimento-licitacoes\01_Normativos_Vigentes\01_Federal\Leis\Federal - Lei 4320.1964 - Normas Gerais de Direito Financeiro.md
IGNORADO_JA_EXISTE,md,C:\Users\thiagonogueira\OneDrive - mppi.mp.br\CLC\01_Processos_e_Aquisicoes\Base de Conhecimento - Thiago\01_Normativos_Vigentes\01_Federal\Leis\Federal - Lei 8078.1990 (Codigo de Defesa do Consumidor).md,C:\Users\thiagonogueira\Dev\base-conhecimento-licitacoes\01_Normativos_Vigentes\01_Federal\Leis\Federal - Lei 8078.1990 (Codigo de Defesa do Consumidor).md
IGNORADO_JA_EXISTE,md,C:\Users\thiagonogueira\OneDrive - mppi.mp.br\CLC\01_Processos_e_Aquisicoes\Base de Conhecimento - Thiago\01_Normativos_Vigentes\01_Federal\Leis\Federal - Lei 9784 - Processo Administrativo.md,C:\Users\thiagonogueira\Dev\base-conhecimento-licitacoes\01_Normativos_Vigentes\01_Federal\Leis\Federal - Lei 9784 - Processo Administrativo.md
IGNORADO_JA_EXISTE,md,C:\Users\thiagonogueira\OneDrive - mppi.mp.br\CLC\01_Processos_e_Aquisicoes\Base de Conhecimento - Thiago\01_Normativos_Vigentes\01_Federal\Leis\Federal - Lei Complementar 101.2000 - Lei de Responsabilidade Fiscal.md,C:\Users\thiagonogueira\Dev\base-conhecimento-licitacoes\01_Normativos_Vigentes\01_Federal\Leis\Federal - Lei Complementar 101.2000 - Lei de Responsabilidade Fiscal.md
IGNORADO_JA_EXISTE,md,C:\Users\thiagonogueira\OneDrive - mppi.mp.br\CLC\01_Processos_e_Aquisicoes\Base de Conhecimento - Thiago\01_Normativos_Vigentes\01_Federal\Leis\Federal - Lei Complementar 123 - ME e EPP.md,C:\Users\thiagonogueira\Dev\base-conhecimento-licitacoes\01_Normativos_Vigentes\01_Federal\Leis\Federal - Lei Complementar 123 - ME e EPP.md
IGNORADO_JA_EXISTE,md,C:\Users\thiagonogueira\OneDrive - mppi.mp.br\CLC\01_Processos_e_Aquisicoes\Base de Conhecimento - Thiago\01_Normativos_Vigentes\01_Federal\Leis\Federal - Lei Complementar 225 - Código de Defesa do Contribuinte.md,C:\Users\thiagonogueira\Dev\base-conhecimento-licitacoes\01_Normativos_Vigentes\01_Federal\Leis\Federal - Lei Complementar 225 - Código de Defesa do Contribuinte.md
IGNORADO_JA_EXISTE,md,C:\Users\thiagonogueira\OneDrive - mppi.mp.br\CLC\01_Processos_e_Aquisicoes\Base de Conhecimento - Thiago\01_Normativos_Vigentes\01_Federal\Leis\Federal - lista-de-atos-normativos-e-estagios-de-regulamentacao-da-lei-14133-de-2021.md,C:\Users\thiagonogueira\Dev\base-conhecimento-licitacoes\01_Normativos_Vigentes\01_Federal\Leis\Federal - lista-de-atos-normativos-e-estagios-de-regulamentacao-da-lei-14133-de-2021.md
IGNORADO_JA_EXISTE,md,C:\Users\thiagonogueira\OneDrive - mppi.mp.br\CLC\01_Processos_e_Aquisicoes\Base de Conhecimento - Thiago\01_Normativos_Vigentes\01_Federal\Leis\Federal Lei 12527.2011 (Lei de Acesso à Informação).md,C:\Users\thiagonogueira\Dev\base-conhecimento-licitacoes\01_Normativos_Vigentes\01_Federal\Leis\Federal Lei 12527.2011 (Lei de Acesso à Informação).md
IGNORADO_JA_EXISTE,md,C:\Users\thiagonogueira\OneDrive - mppi.mp.br\CLC\01_Processos_e_Aquisicoes\Base de Conhecimento - Thiago\01_Normativos_Vigentes\01_Federal\Manuais_e_Guias_Tecnicos\Federal - mto_2026_-_versao_5_.md,C:\Users\thiagonogueira\Dev\base-conhecimento-licitacoes\01_Normativos_Vigentes\01_Federal\Manuais_e_Guias_Tecnicos\Federal - mto_2026_-_versao_5_.md
IGNORADO_JA_EXISTE,md,C:\Users\thiagonogueira\OneDrive - mppi.mp.br\CLC\01_Processos_e_Aquisicoes\Base de Conhecimento - Thiago\01_Normativos_Vigentes\01_Federal\Portarias\Portaria Fedral - n8678.0 - 2021.md,C:\Users\thiagonogueira\Dev\base-conhecimento-licitacoes\01_Normativos_Vigentes\01_Federal\Portarias\Portaria Fedral - n8678.0 - 2021.md
IGNORADO_JA_EXISTE,md,C:\Users\thiagonogueira\OneDrive - mppi.mp.br\CLC\01_Processos_e_Aquisicoes\Base de Conhecimento - Thiago\01_Normativos_Vigentes\01_Federal\Resolucoes\Federal - Resolução CGSIM nº 48.2018 (Comitê para Gestão da Rede Nacional para a Simplificação do Registro e da Legalização de Empresas e Negócios)..md,C:\Users\thiagonogueira\Dev\base-conhecimento-licitacoes\01_Normativos_Vigentes\01_Federal\Resolucoes\Federal - Resolução CGSIM nº 48.2018 (Comitê para Gestão da Rede Nacional para a Simplificação do Registro e da Legalização de Empresas e Negócios)..md
IGNORADO_JA_EXISTE,md,C:\Users\thiagonogueira\OneDrive - mppi.mp.br\CLC\01_Processos_e_Aquisicoes\Base de Conhecimento - Thiago\01_Normativos_Vigentes\02_Estadual_PI\Acordaos_Pareceres_Orientacoes\Nota Técnica Estadual - n032020112020 - 2020.md,C:\Users\thiagonogueira\Dev\base-conhecimento-licitacoes\01_Normativos_Vigentes\02_Estadual_PI\Acordaos_Pareceres_Orientacoes\Nota Técnica Estadual - n032020112020 - 2020.md
IGNORADO_JA_EXISTE,md,C:\Users\thiagonogueira\OneDrive - mppi.mp.br\CLC\01_Processos_e_Aquisicoes\Base de Conhecimento - Thiago\01_Normativos_Vigentes\02_Estadual_PI\Acordaos_Pareceres_Orientacoes\TCE Expediente 30.2025 - DECISAO_SESSAO-PLENARIA-07-DE-24.04.2025.md,C:\Users\thiagonogueira\Dev\base-conhecimento-licitacoes\01_Normativos_Vigentes\02_Estadual_PI\Acordaos_Pareceres_Orientacoes\TCE Expediente 30.2025 - DECISAO_SESSAO-PLENARIA-07-DE-24.04.2025.md
IGNORADO_JA_EXISTE,md,C:\Users\thiagonogueira\OneDrive - mppi.mp.br\CLC\01_Processos_e_Aquisicoes\Base de Conhecimento - Thiago\01_Normativos_Vigentes\02_Estadual_PI\Decretos\DECRETO - n11.319 - 2004.md,C:\Users\thiagonogueira\Dev\base-conhecimento-licitacoes\01_Normativos_Vigentes\02_Estadual_PI\Decretos\DECRETO - n11.319 - 2004.md
IGNORADO_JA_EXISTE,md,C:\Users\thiagonogueira\OneDrive - mppi.mp.br\CLC\01_Processos_e_Aquisicoes\Base de Conhecimento - Thiago\01_Normativos_Vigentes\02_Estadual_PI\Decretos\Decreto Estadual - n11.320132004 - 2004.md,C:\Users\thiagonogueira\Dev\base-conhecimento-licitacoes\01_Normativos_Vigentes\02_Estadual_PI\Decretos\Decreto Estadual - n11.320132004 - 2004.md
IGNORADO_JA_EXISTE,md,C:\Users\thiagonogueira\OneDrive - mppi.mp.br\CLC\01_Processos_e_Aquisicoes\Base de Conhecimento - Thiago\01_Normativos_Vigentes\02_Estadual_PI\Decretos\Decreto Estadual - n11.346302004 - 2004.md,C:\Users\thiagonogueira\Dev\base-conhecimento-licitacoes\01_Normativos_Vigentes\02_Estadual_PI\Decretos\Decreto Estadual - n11.346302004 - 2004.md
IGNORADO_JA_EXISTE,md,C:\Users\thiagonogueira\OneDrive - mppi.mp.br\CLC\01_Processos_e_Aquisicoes\Base de Conhecimento - Thiago\01_Normativos_Vigentes\02_Estadual_PI\Decretos\Decreto Estadual - n13.701052009 - 2009.md,C:\Users\thiagonogueira\Dev\base-conhecimento-licitacoes\01_Normativos_Vigentes\02_Estadual_PI\Decretos\Decreto Estadual - n13.701052009 - 2009.md
IGNORADO_JA_EXISTE,md,C:\Users\thiagonogueira\OneDrive - mppi.mp.br\CLC\01_Processos_e_Aquisicoes\Base de Conhecimento - Thiago\01_Normativos_Vigentes\02_Estadual_PI\Decretos\Decreto Estadual - n14.386182011 - 2011.md,C:\Users\thiagonogueira\Dev\base-conhecimento-licitacoes\01_Normativos_Vigentes\02_Estadual_PI\Decretos\Decreto Estadual - n14.386182011 - 2011.md
IGNORADO_JA_EXISTE,md,C:\Users\thiagonogueira\OneDrive - mppi.mp.br\CLC\01_Processos_e_Aquisicoes\Base de Conhecimento - Thiago\01_Normativos_Vigentes\02_Estadual_PI\Decretos\Decreto Estadual - n14.483262011 - 2011.md,C:\Users\thiagonogueira\Dev\base-conhecimento-licitacoes\01_Normativos_Vigentes\02_Estadual_PI\Decretos\Decreto Estadual - n14.483262011 - 2011.md
IGNORADO_JA_EXISTE,md,C:\Users\thiagonogueira\OneDrive - mppi.mp.br\CLC\01_Processos_e_Aquisicoes\Base de Conhecimento - Thiago\01_Normativos_Vigentes\02_Estadual_PI\Decretos\Decreto Estadual - n14.891112012 - 2012.md,C:\Users\thiagonogueira\Dev\base-conhecimento-licitacoes\01_Normativos_Vigentes\02_Estadual_PI\Decretos\Decreto Estadual - n14.891112012 - 2012.md
IGNORADO_JA_EXISTE,md,C:\Users\thiagonogueira\OneDrive - mppi.mp.br\CLC\01_Processos_e_Aquisicoes\Base de Conhecimento - Thiago\01_Normativos_Vigentes\02_Estadual_PI\Decretos\Decreto Estadual - n15.093212013 - 2013.md,C:\Users\thiagonogueira\Dev\base-conhecimento-licitacoes\01_Normativos_Vigentes\02_Estadual_PI\Decretos\Decreto Estadual - n15.093212013 - 2013.md
IGNORADO_JA_EXISTE,md,C:\Users\thiagonogueira\OneDrive - mppi.mp.br\CLC\01_Processos_e_Aquisicoes\Base de Conhecimento - Thiago\01_Normativos_Vigentes\02_Estadual_PI\Decretos\Decreto Estadual - n15.943192015 - 2015.md,C:\Users\thiagonogueira\Dev\base-conhecimento-licitacoes\01_Normativos_Vigentes\02_Estadual_PI\Decretos\Decreto Estadual - n15.943192015 - 2015.md
IGNORADO_JA_EXISTE,md,C:\Users\thiagonogueira\OneDrive - mppi.mp.br\CLC\01_Processos_e_Aquisicoes\Base de Conhecimento - Thiago\01_Normativos_Vigentes\02_Estadual_PI\Decretos\Decreto Estadual - n16.21252015 - 2015.md,C:\Users\thiagonogueira\Dev\base-conhecimento-licitacoes\01_Normativos_Vigentes\02_Estadual_PI\Decretos\Decreto Estadual - n16.21252015 - 2015.md
IGNORADO_JA_EXISTE,md,C:\Users\thiagonogueira\OneDrive - mppi.mp.br\CLC\01_Processos_e_Aquisicoes\Base de Conhecimento - Thiago\01_Normativos_Vigentes\02_Estadual_PI\Decretos\Decreto Estadual - n16.266032015 - 2015.md,C:\Users\thiagonogueira\Dev\base-conhecimento-licitacoes\01_Normativos_Vigentes\02_Estadual_PI\Decretos\Decreto Estadual - n16.266032015 - 2015.md
IGNORADO_JA_EXISTE,md,C:\Users\thiagonogueira\OneDrive - mppi.mp.br\CLC\01_Processos_e_Aquisicoes\Base de Conhecimento - Thiago\01_Normativos_Vigentes\02_Estadual_PI\Decretos\Decreto Estadual - n16.73722016 - 2016.md,C:\Users\thiagonogueira\Dev\base-conhecimento-licitacoes\01_Normativos_Vigentes\02_Estadual_PI\Decretos\Decreto Estadual - n16.73722016 - 2016.md
IGNORADO_JA_EXISTE,md,C:\Users\thiagonogueira\OneDrive - mppi.mp.br\CLC\01_Processos_e_Aquisicoes\Base de Conhecimento - Thiago\01_Normativos_Vigentes\02_Estadual_PI\Decretos\Decreto Estadual - n17.084032017 - 2017.md,C:\Users\thiagonogueira\Dev\base-conhecimento-licitacoes\01_Normativos_Vigentes\02_Estadual_PI\Decretos\Decreto Estadual - n17.084032017 - 2017.md
IGNORADO_JA_EXISTE,md,C:\Users\thiagonogueira\OneDrive - mppi.mp.br\CLC\01_Processos_e_Aquisicoes\Base de Conhecimento - Thiago\01_Normativos_Vigentes\02_Estadual_PI\Decretos\Decreto Estadual - n19.841062021 - 2021.md,C:\Users\thiagonogueira\Dev\base-conhecimento-licitacoes\01_Normativos_Vigentes\02_Estadual_PI\Decretos\Decreto Estadual - n19.841062021 - 2021.md
IGNORADO_JA_EXISTE,md,C:\Users\thiagonogueira\OneDrive - mppi.mp.br\CLC\01_Processos_e_Aquisicoes\Base de Conhecimento - Thiago\01_Normativos_Vigentes\02_Estadual_PI\Decretos\Decreto Estadual - n20.096112021 - 2021.md,C:\Users\thiagonogueira\Dev\base-conhecimento-licitacoes\01_Normativos_Vigentes\02_Estadual_PI\Decretos\Decreto Estadual - n20.096112021 - 2021.md
IGNORADO_JA_EXISTE,md,C:\Users\thiagonogueira\OneDrive - mppi.mp.br\CLC\01_Processos_e_Aquisicoes\Base de Conhecimento - Thiago\01_Normativos_Vigentes\02_Estadual_PI\Decretos\Decreto Estadual - n20.110132021 - 2021.md,C:\Users\thiagonogueira\Dev\base-conhecimento-licitacoes\01_Normativos_Vigentes\02_Estadual_PI\Decretos\Decreto Estadual - n20.110132021 - 2021.md
IGNORADO_JA_EXISTE,md,C:\Users\thiagonogueira\OneDrive - mppi.mp.br\CLC\01_Processos_e_Aquisicoes\Base de Conhecimento - Thiago\01_Normativos_Vigentes\02_Estadual_PI\Decretos\Decreto Estadual - n21.812092023 - 2023.md,C:\Users\thiagonogueira\Dev\base-conhecimento-licitacoes\01_Normativos_Vigentes\02_Estadual_PI\Decretos\Decreto Estadual - n21.812092023 - 2023.md
IGNORADO_JA_EXISTE,md,C:\Users\thiagonogueira\OneDrive - mppi.mp.br\CLC\01_Processos_e_Aquisicoes\Base de Conhecimento - Thiago\01_Normativos_Vigentes\02_Estadual_PI\Decretos\Decreto Estadual - n21.813092023 - 2023.md,C:\Users\thiagonogueira\Dev\base-conhecimento-licitacoes\01_Normativos_Vigentes\02_Estadual_PI\Decretos\Decreto Estadual - n21.813092023 - 2023.md
IGNORADO_JA_EXISTE,md,C:\Users\thiagonogueira\OneDrive - mppi.mp.br\CLC\01_Processos_e_Aquisicoes\Base de Conhecimento - Thiago\01_Normativos_Vigentes\02_Estadual_PI\Decretos\Decreto Estadual - n21.872072023 - 2023.md,C:\Users\thiagonogueira\Dev\base-conhecimento-licitacoes\01_Normativos_Vigentes\02_Estadual_PI\Decretos\Decreto Estadual - n21.872072023 - 2023.md
IGNORADO_JA_EXISTE,md,C:\Users\thiagonogueira\OneDrive - mppi.mp.br\CLC\01_Processos_e_Aquisicoes\Base de Conhecimento - Thiago\01_Normativos_Vigentes\02_Estadual_PI\Decretos\Decreto Estadual - n21.910172023 - 2023.md,C:\Users\thiagonogueira\Dev\base-conhecimento-licitacoes\01_Normativos_Vigentes\02_Estadual_PI\Decretos\Decreto Estadual - n21.910172023 - 2023.md
IGNORADO_JA_EXISTE,md,C:\Users\thiagonogueira\OneDrive - mppi.mp.br\CLC\01_Processos_e_Aquisicoes\Base de Conhecimento - Thiago\01_Normativos_Vigentes\02_Estadual_PI\Decretos\Decreto Estadual - n21.938282023 - 2023.md,C:\Users\thiagonogueira\Dev\base-conhecimento-licitacoes\01_Normativos_Vigentes\02_Estadual_PI\Decretos\Decreto Estadual - n21.938282023 - 2023.md
IGNORADO_JA_EXISTE,md,C:\Users\thiagonogueira\OneDrive - mppi.mp.br\CLC\01_Processos_e_Aquisicoes\Base de Conhecimento - Thiago\01_Normativos_Vigentes\02_Estadual_PI\Decretos\Decreto Estadual - n21.980132023 - 2023.md,C:\Users\thiagonogueira\Dev\base-conhecimento-licitacoes\01_Normativos_Vigentes\02_Estadual_PI\Decretos\Decreto Estadual - n21.980132023 - 2023.md
IGNORADO_JA_EXISTE,md,C:\Users\thiagonogueira\OneDrive - mppi.mp.br\CLC\01_Processos_e_Aquisicoes\Base de Conhecimento - Thiago\01_Normativos_Vigentes\02_Estadual_PI\Decretos\Decreto Estadual - n22.023262023 - 2023.md,C:\Users\thiagonogueira\Dev\base-conhecimento-licitacoes\01_Normativos_Vigentes\02_Estadual_PI\Decretos\Decreto Estadual - n22.023262023 - 2023.md
IGNORADO_JA_EXISTE,md,C:\Users\thiagonogueira\OneDrive - mppi.mp.br\CLC\01_Processos_e_Aquisicoes\Base de Conhecimento - Thiago\01_Normativos_Vigentes\02_Estadual_PI\Decretos\Decreto Estadual - n22.089192023 - 2023.md,C:\Users\thiagonogueira\Dev\base-conhecimento-licitacoes\01_Normativos_Vigentes\02_Estadual_PI\Decretos\Decreto Estadual - n22.089192023 - 2023.md
IGNORADO_JA_EXISTE,md,C:\Users\thiagonogueira\OneDrive - mppi.mp.br\CLC\01_Processos_e_Aquisicoes\Base de Conhecimento - Thiago\01_Normativos_Vigentes\02_Estadual_PI\Decretos\Decreto Estadual - n22.380052023 - 2023.md,C:\Users\thiagonogueira\Dev\base-conhecimento-licitacoes\01_Normativos_Vigentes\02_Estadual_PI\Decretos\Decreto Estadual - n22.380052023 - 2023.md
IGNORADO_JA_EXISTE,md,C:\Users\thiagonogueira\OneDrive - mppi.mp.br\CLC\01_Processos_e_Aquisicoes\Base de Conhecimento - Thiago\01_Normativos_Vigentes\02_Estadual_PI\Decretos\Decreto Estadual - n22.652272023 - 2023.md,C:\Users\thiagonogueira\Dev\base-conhecimento-licitacoes\01_Normativos_Vigentes\02_Estadual_PI\Decretos\Decreto Estadual - n22.652272023 - 2023.md
IGNORADO_JA_EXISTE,md,C:\Users\thiagonogueira\OneDrive - mppi.mp.br\CLC\01_Processos_e_Aquisicoes\Base de Conhecimento - Thiago\01_Normativos_Vigentes\02_Estadual_PI\Decretos\Decreto Estadual - n22.737062024 - 2024.md,C:\Users\thiagonogueira\Dev\base-conhecimento-licitacoes\01_Normativos_Vigentes\02_Estadual_PI\Decretos\Decreto Estadual - n22.737062024 - 2024.md
IGNORADO_JA_EXISTE,md,C:\Users\thiagonogueira\OneDrive - mppi.mp.br\CLC\01_Processos_e_Aquisicoes\Base de Conhecimento - Thiago\01_Normativos_Vigentes\02_Estadual_PI\Decretos\Decreto Estadual - n22.822112024 - 2024.md,C:\Users\thiagonogueira\Dev\base-conhecimento-licitacoes\01_Normativos_Vigentes\02_Estadual_PI\Decretos\Decreto Estadual - n22.822112024 - 2024.md
IGNORADO_JA_EXISTE,md,C:\Users\thiagonogueira\OneDrive - mppi.mp.br\CLC\01_Processos_e_Aquisicoes\Base de Conhecimento - Thiago\01_Normativos_Vigentes\02_Estadual_PI\Decretos\Decreto Estadual - n23.891122025 - 2025.md,C:\Users\thiagonogueira\Dev\base-conhecimento-licitacoes\01_Normativos_Vigentes\02_Estadual_PI\Decretos\Decreto Estadual - n23.891122025 - 2025.md
IGNORADO_JA_EXISTE,md,C:\Users\thiagonogueira\OneDrive - mppi.mp.br\CLC\01_Processos_e_Aquisicoes\Base de Conhecimento - Thiago\01_Normativos_Vigentes\02_Estadual_PI\Decretos\Decreto Estadual 11320.2004 - Cadastro Unico de Fornecedores do Piaui.md,C:\Users\thiagonogueira\Dev\base-conhecimento-licitacoes\01_Normativos_Vigentes\02_Estadual_PI\Decretos\Decreto Estadual 11320.2004 - Cadastro Unico de Fornecedores do Piaui.md
IGNORADO_JA_EXISTE,md,"C:\Users\thiagonogueira\OneDrive - mppi.mp.br\CLC\01_Processos_e_Aquisicoes\Base de Conhecimento - Thiago\01_Normativos_Vigentes\02_Estadual_PI\Decretos\Decreto Estadual 16226.2015 - Estabelece normas para a concessão, aplicação e prestação de contas de Suprimento de Fundos, no âmbito do....md","C:\Users\thiagonogueira\Dev\base-conhecimento-licitacoes\01_Normativos_Vigentes\02_Estadual_PI\Decretos\Decreto Estadual 16226.2015 - Estabelece normas para a concessão, aplicação e prestação de contas de Suprimento de Fundos, no âmbito do....md"
IGNORADO_JA_EXISTE,md,"C:\Users\thiagonogueira\OneDrive - mppi.mp.br\CLC\01_Processos_e_Aquisicoes\Base de Conhecimento - Thiago\01_Normativos_Vigentes\02_Estadual_PI\Decretos\Decreto Estadual 17031.2017 - Regulamenta a Lei nº 6.928, de 27 de dezembro de 2016, que dispõe a implantação no Estado do Piauí do....md","C:\Users\thiagonogueira\Dev\base-conhecimento-licitacoes\01_Normativos_Vigentes\02_Estadual_PI\Decretos\Decreto Estadual 17031.2017 - Regulamenta a Lei nº 6.928, de 27 de dezembro de 2016, que dispõe a implantação no Estado do Piauí do....md"
IGNORADO_JA_EXISTE,md,"C:\Users\thiagonogueira\OneDrive - mppi.mp.br\CLC\01_Processos_e_Aquisicoes\Base de Conhecimento - Thiago\01_Normativos_Vigentes\02_Estadual_PI\Decretos\Decreto Estadual 17083.2017 - Regulamenta a Lei Federal nº 13.019, de 31 de julho de 2014, para dispor sobre regras e procedimentos do....md","C:\Users\thiagonogueira\Dev\base-conhecimento-licitacoes\01_Normativos_Vigentes\02_Estadual_PI\Decretos\Decreto Estadual 17083.2017 - Regulamenta a Lei Federal nº 13.019, de 31 de julho de 2014, para dispor sobre regras e procedimentos do....md"
IGNORADO_JA_EXISTE,md,"C:\Users\thiagonogueira\OneDrive - mppi.mp.br\CLC\01_Processos_e_Aquisicoes\Base de Conhecimento - Thiago\01_Normativos_Vigentes\02_Estadual_PI\Decretos\Decreto Estadual 17402.2017 - Estabelece, no âmbito da administração pública estadual, diretrizes para recolhimento, controle e prestação....md","C:\Users\thiagonogueira\Dev\base-conhecimento-licitacoes\01_Normativos_Vigentes\02_Estadual_PI\Decretos\Decreto Estadual 17402.2017 - Estabelece, no âmbito da administração pública estadual, diretrizes para recolhimento, controle e prestação....md"
IGNORADO_JA_EXISTE,md,"C:\Users\thiagonogueira\OneDrive - mppi.mp.br\CLC\01_Processos_e_Aquisicoes\Base de Conhecimento - Thiago\01_Normativos_Vigentes\02_Estadual_PI\Decretos\Decreto Estadual 17526.2017 - Reestrutura o Sistema de Controle Interno do Poder Executivo Estadual, revoga o Decreto 11.434, de 14 de....md","C:\Users\thiagonogueira\Dev\base-conhecimento-licitacoes\01_Normativos_Vigentes\02_Estadual_PI\Decretos\Decreto Estadual 17526.2017 - Reestrutura o Sistema de Controle Interno do Poder Executivo Estadual, revoga o Decreto 11.434, de 14 de....md"
IGNORADO_JA_EXISTE,md,"C:\Users\thiagonogueira\OneDrive - mppi.mp.br\CLC\01_Processos_e_Aquisicoes\Base de Conhecimento - Thiago\01_Normativos_Vigentes\02_Estadual_PI\Decretos\Decreto Estadual 18077.2018 - Dispõe sobre a utilização da certificação digital no âmbito da Administração Pública Estadual, e dá outras....md","C:\Users\thiagonogueira\Dev\base-conhecimento-licitacoes\01_Normativos_Vigentes\02_Estadual_PI\Decretos\Decreto Estadual 18077.2018 - Dispõe sobre a utilização da certificação digital no âmbito da Administração Pública Estadual, e dá outras....md"
IGNORADO_JA_EXISTE,md,C:\Users\thiagonogueira\OneDrive - mppi.mp.br\CLC\01_Processos_e_Aquisicoes\Base de Conhecimento - Thiago\01_Normativos_Vigentes\02_Estadual_PI\Decretos\Decreto Estadual 18142.2019 - Estabelece o Sistema Eletrônico de Informações (SEI) como sistema oficial para a gestão de documentos e....md,C:\Users\thiagonogueira\Dev\base-conhecimento-licitacoes\01_Normativos_Vigentes\02_Estadual_PI\Decretos\Decreto Estadual 18142.2019 - Estabelece o Sistema Eletrônico de Informações (SEI) como sistema oficial para a gestão de documentos e....md
IGNORADO_JA_EXISTE,md,"C:\Users\thiagonogueira\OneDrive - mppi.mp.br\CLC\01_Processos_e_Aquisicoes\Base de Conhecimento - Thiago\01_Normativos_Vigentes\02_Estadual_PI\Decretos\Decreto Estadual 18224.2019 - Regulamenta o período de transição no âmbito da reforma administrativa aprovada pela Lei nº 7.211, de 22 de....md","C:\Users\thiagonogueira\Dev\base-conhecimento-licitacoes\01_Normativos_Vigentes\02_Estadual_PI\Decretos\Decreto Estadual 18224.2019 - Regulamenta o período de transição no âmbito da reforma administrativa aprovada pela Lei nº 7.211, de 22 de....md"
IGNORADO_JA_EXISTE,md,C:\Users\thiagonogueira\OneDrive - mppi.mp.br\CLC\01_Processos_e_Aquisicoes\Base de Conhecimento - Thiago\01_Normativos_Vigentes\02_Estadual_PI\Decretos\Decreto Estadual 18337.2019 - Define as atribuições e responsabilidades dos agentes designados como liquidantes de órgãos e entidades em....md,C:\Users\thiagonogueira\Dev\base-conhecimento-licitacoes\01_Normativos_Vigentes\02_Estadual_PI\Decretos\Decreto Estadual 18337.2019 - Define as atribuições e responsabilidades dos agentes designados como liquidantes de órgãos e entidades em....md
IGNORADO_JA_EXISTE,md,"C:\Users\thiagonogueira\OneDrive - mppi.mp.br\CLC\01_Processos_e_Aquisicoes\Base de Conhecimento - Thiago\01_Normativos_Vigentes\02_Estadual_PI\Decretos\Decreto Estadual 18369.2019 - Aprova a publicação do PARECER PGECJ Nº 0652019, da Procuradoria Geral do Estado, com caráter normativo,....md","C:\Users\thiagonogueira\Dev\base-conhecimento-licitacoes\01_Normativos_Vigentes\02_Estadual_PI\Decretos\Decreto Estadual 18369.2019 - Aprova a publicação do PARECER PGECJ Nº 0652019, da Procuradoria Geral do Estado, com caráter normativo,....md"
IGNORADO_JA_EXISTE,md,"C:\Users\thiagonogueira\OneDrive - mppi.mp.br\CLC\01_Processos_e_Aquisicoes\Base de Conhecimento - Thiago\01_Normativos_Vigentes\02_Estadual_PI\Decretos\Decreto Estadual 18561.2019 - Regulamenta a Lei nº 6.949, de 11 de janeiro de 2017, que regula o Processo Administrativo Tributário,....md","C:\Users\thiagonogueira\Dev\base-conhecimento-licitacoes\01_Normativos_Vigentes\02_Estadual_PI\Decretos\Decreto Estadual 18561.2019 - Regulamenta a Lei nº 6.949, de 11 de janeiro de 2017, que regula o Processo Administrativo Tributário,....md"
IGNORADO_JA_EXISTE,md,"C:\Users\thiagonogueira\OneDrive - mppi.mp.br\CLC\01_Processos_e_Aquisicoes\Base de Conhecimento - Thiago\01_Normativos_Vigentes\02_Estadual_PI\Decretos\Decreto Estadual 19743.2021 - Aprova a publicação do Parecer PGECJ nº 1122021, da Procuradoria-Geral do Estado, com caráter normativo,....md","C:\Users\thiagonogueira\Dev\base-conhecimento-licitacoes\01_Normativos_Vigentes\02_Estadual_PI\Decretos\Decreto Estadual 19743.2021 - Aprova a publicação do Parecer PGECJ nº 1122021, da Procuradoria-Geral do Estado, com caráter normativo,....md"
IGNORADO_JA_EXISTE,md,C:\Users\thiagonogueira\OneDrive - mppi.mp.br\CLC\01_Processos_e_Aquisicoes\Base de Conhecimento - Thiago\01_Normativos_Vigentes\02_Estadual_PI\Decretos\Decreto Estadual 19876.2021 - Estabelece normas para o envio de matérias pelos órgãos e entidades da Administração Pública estadual....md,C:\Users\thiagonogueira\Dev\base-conhecimento-licitacoes\01_Normativos_Vigentes\02_Estadual_PI\Decretos\Decreto Estadual 19876.2021 - Estabelece normas para o envio de matérias pelos órgãos e entidades da Administração Pública estadual....md
IGNORADO_JA_EXISTE,md,C:\Users\thiagonogueira\OneDrive - mppi.mp.br\CLC\01_Processos_e_Aquisicoes\Base de Conhecimento - Thiago\01_Normativos_Vigentes\02_Estadual_PI\Decretos\Decreto Estadual 21787.2023 - Regulamenta o Conselho Estadual de Gestão de Pessoas e dá outras providências..md,C:\Users\thiagonogueira\Dev\base-conhecimento-licitacoes\01_Normativos_Vigentes\02_Estadual_PI\Decretos\Decreto Estadual 21787.2023 - Regulamenta o Conselho Estadual de Gestão de Pessoas e dá outras providências..md
IGNORADO_JA_EXISTE,md,"C:\Users\thiagonogueira\OneDrive - mppi.mp.br\CLC\01_Processos_e_Aquisicoes\Base de Conhecimento - Thiago\01_Normativos_Vigentes\02_Estadual_PI\Decretos\Decreto Estadual 21864.2023 - Regulamenta o período de transição no âmbito da reforma administrativa aprovada pela Lei nº 7.884, de 08 de....md","C:\Users\thiagonogueira\Dev\base-conhecimento-licitacoes\01_Normativos_Vigentes\02_Estadual_PI\Decretos\Decreto Estadual 21864.2023 - Regulamenta o período de transição no âmbito da reforma administrativa aprovada pela Lei nº 7.884, de 08 de....md"
IGNORADO_JA_EXISTE,md,C:\Users\thiagonogueira\OneDrive - mppi.mp.br\CLC\01_Processos_e_Aquisicoes\Base de Conhecimento - Thiago\01_Normativos_Vigentes\02_Estadual_PI\Decretos\Decreto Estadual 21908.2023 - Dispõe sobre a Comissão de Gestão Financeira e Gestão por Resultados - CGFR e dá outras providências..md,C:\Users\thiagonogueira\Dev\base-conhecimento-licitacoes\01_Normativos_Vigentes\02_Estadual_PI\Decretos\Decreto Estadual 21908.2023 - Dispõe sobre a Comissão de Gestão Financeira e Gestão por Resultados - CGFR e dá outras providências..md
IGNORADO_JA_EXISTE,md,C:\Users\thiagonogueira\OneDrive - mppi.mp.br\CLC\01_Processos_e_Aquisicoes\Base de Conhecimento - Thiago\01_Normativos_Vigentes\02_Estadual_PI\Decretos\Decreto Estadual 21909.2023 - Obras e Serviços de Engenharia.md,C:\Users\thiagonogueira\Dev\base-conhecimento-licitacoes\01_Normativos_Vigentes\02_Estadual_PI\Decretos\Decreto Estadual 21909.2023 - Obras e Serviços de Engenharia.md
IGNORADO_JA_EXISTE,md,"C:\Users\thiagonogueira\OneDrive - mppi.mp.br\CLC\01_Processos_e_Aquisicoes\Base de Conhecimento - Thiago\01_Normativos_Vigentes\02_Estadual_PI\Decretos\Decreto Estadual 21979.2023 - Institui a Política de Transformação Digital do âmbito do Poder Executivo do Estado, o portal único de... [ALTERADO POSTERIORMENTE].md","C:\Users\thiagonogueira\Dev\base-conhecimento-licitacoes\01_Normativos_Vigentes\02_Estadual_PI\Decretos\Decreto Estadual 21979.2023 - Institui a Política de Transformação Digital do âmbito do Poder Executivo do Estado, o portal único de... [ALTERADO POSTERIORMENTE].md"
IGNORADO_JA_EXISTE,md,C:\Users\thiagonogueira\OneDrive - mppi.mp.br\CLC\01_Processos_e_Aquisicoes\Base de Conhecimento - Thiago\01_Normativos_Vigentes\02_Estadual_PI\Decretos\Decreto Estadual 22050.2023 - Delega competência para a prática de atos administrativo-disciplinares ao Secretário de Estado da Segurança....md,C:\Users\thiagonogueira\Dev\base-conhecimento-licitacoes\01_Normativos_Vigentes\02_Estadual_PI\Decretos\Decreto Estadual 22050.2023 - Delega competência para a prática de atos administrativo-disciplinares ao Secretário de Estado da Segurança....md
IGNORADO_JA_EXISTE,md,"C:\Users\thiagonogueira\OneDrive - mppi.mp.br\CLC\01_Processos_e_Aquisicoes\Base de Conhecimento - Thiago\01_Normativos_Vigentes\02_Estadual_PI\Decretos\Decreto Estadual 22137.2023 - Regulamenta o art. 61 da Lei Complementar nº 13, de 03 de janeiro de 1994..md","C:\Users\thiagonogueira\Dev\base-conhecimento-licitacoes\01_Normativos_Vigentes\02_Estadual_PI\Decretos\Decreto Estadual 22137.2023 - Regulamenta o art. 61 da Lei Complementar nº 13, de 03 de janeiro de 1994..md"
IGNORADO_JA_EXISTE,md,"C:\Users\thiagonogueira\OneDrive - mppi.mp.br\CLC\01_Processos_e_Aquisicoes\Base de Conhecimento - Thiago\01_Normativos_Vigentes\02_Estadual_PI\Decretos\Decreto Estadual 22249.2023 - Institui a Política Estadual de Segurança da Informação e Comunicação do Estado do Piauí - POSIC, e de....md","C:\Users\thiagonogueira\Dev\base-conhecimento-licitacoes\01_Normativos_Vigentes\02_Estadual_PI\Decretos\Decreto Estadual 22249.2023 - Institui a Política Estadual de Segurança da Informação e Comunicação do Estado do Piauí - POSIC, e de....md"
IGNORADO_JA_EXISTE,md,C:\Users\thiagonogueira\OneDrive - mppi.mp.br\CLC\01_Processos_e_Aquisicoes\Base de Conhecimento - Thiago\01_Normativos_Vigentes\02_Estadual_PI\Decretos\Decreto Estadual 22677.2024 - Responsabilização Administrativa e Civil de Pessoas Jurídicas (Lei 12.846.2013).md,C:\Users\thiagonogueira\Dev\base-conhecimento-licitacoes\01_Normativos_Vigentes\02_Estadual_PI\Decretos\Decreto Estadual 22677.2024 - Responsabilização Administrativa e Civil de Pessoas Jurídicas (Lei 12.846.2013).md
IGNORADO_JA_EXISTE,md,"C:\Users\thiagonogueira\OneDrive - mppi.mp.br\CLC\01_Processos_e_Aquisicoes\Base de Conhecimento - Thiago\01_Normativos_Vigentes\02_Estadual_PI\Decretos\Decreto Estadual 22811.2024 - Regularidade Fiscal, Econômico-Financeira e Administrativa.md","C:\Users\thiagonogueira\Dev\base-conhecimento-licitacoes\01_Normativos_Vigentes\02_Estadual_PI\Decretos\Decreto Estadual 22811.2024 - Regularidade Fiscal, Econômico-Financeira e Administrativa.md"
IGNORADO_JA_EXISTE,md,C:\Users\thiagonogueira\OneDrive - mppi.mp.br\CLC\01_Processos_e_Aquisicoes\Base de Conhecimento - Thiago\01_Normativos_Vigentes\02_Estadual_PI\Decretos\Decreto Estadual 22822.2024 - Patrocínio dos Órgãos e Entidades do Executivo Estadual.md,C:\Users\thiagonogueira\Dev\base-conhecimento-licitacoes\01_Normativos_Vigentes\02_Estadual_PI\Decretos\Decreto Estadual 22822.2024 - Patrocínio dos Órgãos e Entidades do Executivo Estadual.md
IGNORADO_JA_EXISTE,md,C:\Users\thiagonogueira\OneDrive - mppi.mp.br\CLC\01_Processos_e_Aquisicoes\Base de Conhecimento - Thiago\01_Normativos_Vigentes\02_Estadual_PI\Decretos\Decreto Estadual 23.865.2025 - Dispõe Sobre a Unificação da Plataforma Compras Públicas no PI.md,C:\Users\thiagonogueira\Dev\base-conhecimento-licitacoes\01_Normativos_Vigentes\02_Estadual_PI\Decretos\Decreto Estadual 23.865.2025 - Dispõe Sobre a Unificação da Plataforma Compras Públicas no PI.md
IGNORADO_JA_EXISTE,md,C:\Users\thiagonogueira\OneDrive - mppi.mp.br\CLC\01_Processos_e_Aquisicoes\Base de Conhecimento - Thiago\01_Normativos_Vigentes\02_Estadual_PI\Decretos\Decreto Estadual 23003.2024 - Política Estadual de Proteção de Dados Pessoais e Privacidade.md,C:\Users\thiagonogueira\Dev\base-conhecimento-licitacoes\01_Normativos_Vigentes\02_Estadual_PI\Decretos\Decreto Estadual 23003.2024 - Política Estadual de Proteção de Dados Pessoais e Privacidade.md
IGNORADO_JA_EXISTE,md,C:\Users\thiagonogueira\OneDrive - mppi.mp.br\CLC\01_Processos_e_Aquisicoes\Base de Conhecimento - Thiago\01_Normativos_Vigentes\02_Estadual_PI\Decretos\Decreto Estadual 23269.2024 - Doação de Bens Móveis e Serviços à Administração Pública Estadual.md,C:\Users\thiagonogueira\Dev\base-conhecimento-licitacoes\01_Normativos_Vigentes\02_Estadual_PI\Decretos\Decreto Estadual 23269.2024 - Doação de Bens Móveis e Serviços à Administração Pública Estadual.md
IGNORADO_JA_EXISTE,md,C:\Users\thiagonogueira\OneDrive - mppi.mp.br\CLC\01_Processos_e_Aquisicoes\Base de Conhecimento - Thiago\01_Normativos_Vigentes\02_Estadual_PI\Decretos\Decreto Estadual 23649.2025 - Ordens de Serviço nos Contratos Administrativos.md,C:\Users\thiagonogueira\Dev\base-conhecimento-licitacoes\01_Normativos_Vigentes\02_Estadual_PI\Decretos\Decreto Estadual 23649.2025 - Ordens de Serviço nos Contratos Administrativos.md
IGNORADO_JA_EXISTE,md,C:\Users\thiagonogueira\OneDrive - mppi.mp.br\CLC\01_Processos_e_Aquisicoes\Base de Conhecimento - Thiago\01_Normativos_Vigentes\02_Estadual_PI\Decretos\Decreto Estadual 23865.2025 - Regulamento de Contratacoes e Gestao Estadual.md,C:\Users\thiagonogueira\Dev\base-conhecimento-licitacoes\01_Normativos_Vigentes\02_Estadual_PI\Decretos\Decreto Estadual 23865.2025 - Regulamento de Contratacoes e Gestao Estadual.md
IGNORADO_JA_EXISTE,md,C:\Users\thiagonogueira\OneDrive - mppi.mp.br\CLC\01_Processos_e_Aquisicoes\Base de Conhecimento - Thiago\01_Normativos_Vigentes\02_Estadual_PI\Decretos\Decreto Estadual 23868.2025 - Procedimento de Manifestação de Interesse (PMI).md,C:\Users\thiagonogueira\Dev\base-conhecimento-licitacoes\01_Normativos_Vigentes\02_Estadual_PI\Decretos\Decreto Estadual 23868.2025 - Procedimento de Manifestação de Interesse (PMI).md
IGNORADO_JA_EXISTE,md,C:\Users\thiagonogueira\OneDrive - mppi.mp.br\CLC\01_Processos_e_Aquisicoes\Base de Conhecimento - Thiago\01_Normativos_Vigentes\02_Estadual_PI\Decretos\Decreto Estadual 24144.2025 - Ações de Equidade de Gênero como Desempate.md,C:\Users\thiagonogueira\Dev\base-conhecimento-licitacoes\01_Normativos_Vigentes\02_Estadual_PI\Decretos\Decreto Estadual 24144.2025 - Ações de Equidade de Gênero como Desempate.md
IGNORADO_JA_EXISTE,md,C:\Users\thiagonogueira\OneDrive - mppi.mp.br\CLC\01_Processos_e_Aquisicoes\Base de Conhecimento - Thiago\01_Normativos_Vigentes\02_Estadual_PI\Instrucoes_Normativas\CGE IN 01.2021 - Pesquisa de Preços.md,C:\Users\thiagonogueira\Dev\base-conhecimento-licitacoes\01_Normativos_Vigentes\02_Estadual_PI\Instrucoes_Normativas\CGE IN 01.2021 - Pesquisa de Preços.md
IGNORADO_JA_EXISTE,md,C:\Users\thiagonogueira\OneDrive - mppi.mp.br\CLC\01_Processos_e_Aquisicoes\Base de Conhecimento - Thiago\01_Normativos_Vigentes\02_Estadual_PI\Instrucoes_Normativas\CGE IN 02.2025 - Procedimentos Obras.md,C:\Users\thiagonogueira\Dev\base-conhecimento-licitacoes\01_Normativos_Vigentes\02_Estadual_PI\Instrucoes_Normativas\CGE IN 02.2025 - Procedimentos Obras.md
IGNORADO_JA_EXISTE,md,C:\Users\thiagonogueira\OneDrive - mppi.mp.br\CLC\01_Processos_e_Aquisicoes\Base de Conhecimento - Thiago\01_Normativos_Vigentes\02_Estadual_PI\Instrucoes_Normativas\Instrução Normativa Estadual - n00012013 - 2013.md,C:\Users\thiagonogueira\Dev\base-conhecimento-licitacoes\01_Normativos_Vigentes\02_Estadual_PI\Instrucoes_Normativas\Instrução Normativa Estadual - n00012013 - 2013.md
IGNORADO_JA_EXISTE,md,C:\Users\thiagonogueira\OneDrive - mppi.mp.br\CLC\01_Processos_e_Aquisicoes\Base de Conhecimento - Thiago\01_Normativos_Vigentes\02_Estadual_PI\Instrucoes_Normativas\Instrução Normativa Estadual - n00012015 - 2015.md,C:\Users\thiagonogueira\Dev\base-conhecimento-licitacoes\01_Normativos_Vigentes\02_Estadual_PI\Instrucoes_Normativas\Instrução Normativa Estadual - n00012015 - 2015.md
IGNORADO_JA_EXISTE,md,C:\Users\thiagonogueira\OneDrive - mppi.mp.br\CLC\01_Processos_e_Aquisicoes\Base de Conhecimento - Thiago\01_Normativos_Vigentes\02_Estadual_PI\Instrucoes_Normativas\Instrução Normativa Estadual - n00012021 - 2021.md,C:\Users\thiagonogueira\Dev\base-conhecimento-licitacoes\01_Normativos_Vigentes\02_Estadual_PI\Instrucoes_Normativas\Instrução Normativa Estadual - n00012021 - 2021.md
IGNORADO_JA_EXISTE,md,C:\Users\thiagonogueira\OneDrive - mppi.mp.br\CLC\01_Processos_e_Aquisicoes\Base de Conhecimento - Thiago\01_Normativos_Vigentes\02_Estadual_PI\Instrucoes_Normativas\SEAD IN 01.2021 - Dispõe sobre o limite de adesões das atas de Registro de Preços gerenciadas pela SEADPREV.md,C:\Users\thiagonogueira\Dev\base-conhecimento-licitacoes\01_Normativos_Vigentes\02_Estadual_PI\Instrucoes_Normativas\SEAD IN 01.2021 - Dispõe sobre o limite de adesões das atas de Registro de Preços gerenciadas pela SEADPREV.md
IGNORADO_JA_EXISTE,md,C:\Users\thiagonogueira\OneDrive - mppi.mp.br\CLC\01_Processos_e_Aquisicoes\Base de Conhecimento - Thiago\01_Normativos_Vigentes\02_Estadual_PI\Instrucoes_Normativas\TCE IN 02.2026 -sistemas-licitacoes-web-contratos-web-e-obras-web.md,C:\Users\thiagonogueira\Dev\base-conhecimento-licitacoes\01_Normativos_Vigentes\02_Estadual_PI\Instrucoes_Normativas\TCE IN 02.2026 -sistemas-licitacoes-web-contratos-web-e-obras-web.md
IGNORADO_JA_EXISTE,md,"C:\Users\thiagonogueira\OneDrive - mppi.mp.br\CLC\01_Processos_e_Aquisicoes\Base de Conhecimento - Thiago\01_Normativos_Vigentes\02_Estadual_PI\Instrucoes_Normativas\TCE IN 06.2017 - Licitações WEB, Contratos WEB e Obras WEB.md","C:\Users\thiagonogueira\Dev\base-conhecimento-licitacoes\01_Normativos_Vigentes\02_Estadual_PI\Instrucoes_Normativas\TCE IN 06.2017 - Licitações WEB, Contratos WEB e Obras WEB.md"
IGNORADO_JA_EXISTE,md,C:\Users\thiagonogueira\OneDrive - mppi.mp.br\CLC\01_Processos_e_Aquisicoes\Base de Conhecimento - Thiago\01_Normativos_Vigentes\02_Estadual_PI\Instrucoes_Normativas\TCE IN 07.2021 - Altera a IN 06.2017.md,C:\Users\thiagonogueira\Dev\base-conhecimento-licitacoes\01_Normativos_Vigentes\02_Estadual_PI\Instrucoes_Normativas\TCE IN 07.2021 - Altera a IN 06.2017.md
IGNORADO_JA_EXISTE,md,C:\Users\thiagonogueira\OneDrive - mppi.mp.br\CLC\01_Processos_e_Aquisicoes\Base de Conhecimento - Thiago\01_Normativos_Vigentes\02_Estadual_PI\Leis\lei complementar 13.94 - servidores cvis.md,C:\Users\thiagonogueira\Dev\base-conhecimento-licitacoes\01_Normativos_Vigentes\02_Estadual_PI\Leis\lei complementar 13.94 - servidores cvis.md
IGNORADO_JA_EXISTE,md,C:\Users\thiagonogueira\OneDrive - mppi.mp.br\CLC\01_Processos_e_Aquisicoes\Base de Conhecimento - Thiago\01_Normativos_Vigentes\02_Estadual_PI\Leis\Lei Estadual - n7.482182021 - 2021.md,C:\Users\thiagonogueira\Dev\base-conhecimento-licitacoes\01_Normativos_Vigentes\02_Estadual_PI\Leis\Lei Estadual - n7.482182021 - 2021.md
IGNORADO_JA_EXISTE,md,C:\Users\thiagonogueira\OneDrive - mppi.mp.br\CLC\01_Processos_e_Aquisicoes\Base de Conhecimento - Thiago\01_Normativos_Vigentes\02_Estadual_PI\Leis\Lei Estadual - n7.612272021 - 2021.md,C:\Users\thiagonogueira\Dev\base-conhecimento-licitacoes\01_Normativos_Vigentes\02_Estadual_PI\Leis\Lei Estadual - n7.612272021 - 2021.md
IGNORADO_JA_EXISTE,md,C:\Users\thiagonogueira\OneDrive - mppi.mp.br\CLC\01_Processos_e_Aquisicoes\Base de Conhecimento - Thiago\01_Normativos_Vigentes\02_Estadual_PI\Leis\Lei Estadual 6.872.2016 - Regula o Processo Administrativo.md,C:\Users\thiagonogueira\Dev\base-conhecimento-licitacoes\01_Normativos_Vigentes\02_Estadual_PI\Leis\Lei Estadual 6.872.2016 - Regula o Processo Administrativo.md
IGNORADO_JA_EXISTE,md,C:\Users\thiagonogueira\OneDrive - mppi.mp.br\CLC\01_Processos_e_Aquisicoes\Base de Conhecimento - Thiago\01_Normativos_Vigentes\02_Estadual_PI\Leis\Lei Estadual 6782.2016 - Estatuto dos Servidores Publicos do Piaui.md,C:\Users\thiagonogueira\Dev\base-conhecimento-licitacoes\01_Normativos_Vigentes\02_Estadual_PI\Leis\Lei Estadual 6782.2016 - Estatuto dos Servidores Publicos do Piaui.md
IGNORADO_JA_EXISTE,md,C:\Users\thiagonogueira\OneDrive - mppi.mp.br\CLC\01_Processos_e_Aquisicoes\Base de Conhecimento - Thiago\01_Normativos_Vigentes\02_Estadual_PI\Leis\Lei Estadual 6782.2016 - Regula o Processo Administrativo no âmbito da Administração Pública do Estado do Piauí..md,C:\Users\thiagonogueira\Dev\base-conhecimento-licitacoes\01_Normativos_Vigentes\02_Estadual_PI\Leis\Lei Estadual 6782.2016 - Regula o Processo Administrativo no âmbito da Administração Pública do Estado do Piauí..md
IGNORADO_JA_EXISTE,md,C:\Users\thiagonogueira\OneDrive - mppi.mp.br\CLC\01_Processos_e_Aquisicoes\Base de Conhecimento - Thiago\01_Normativos_Vigentes\02_Estadual_PI\Leis\Lei Estadual 7482.2021 - Regulamenta o Pregão Eletrônico.md,C:\Users\thiagonogueira\Dev\base-conhecimento-licitacoes\01_Normativos_Vigentes\02_Estadual_PI\Leis\Lei Estadual 7482.2021 - Regulamenta o Pregão Eletrônico.md
IGNORADO_JA_EXISTE,md,C:\Users\thiagonogueira\OneDrive - mppi.mp.br\CLC\01_Processos_e_Aquisicoes\Base de Conhecimento - Thiago\01_Normativos_Vigentes\02_Estadual_PI\Leis\Lei Estadual 7612.2021 - Normas de Gestao e Fiscalizacao.md,C:\Users\thiagonogueira\Dev\base-conhecimento-licitacoes\01_Normativos_Vigentes\02_Estadual_PI\Leis\Lei Estadual 7612.2021 - Normas de Gestao e Fiscalizacao.md
IGNORADO_JA_EXISTE,md,C:\Users\thiagonogueira\OneDrive - mppi.mp.br\CLC\01_Processos_e_Aquisicoes\Base de Conhecimento - Thiago\01_Normativos_Vigentes\02_Estadual_PI\Manuais_e_Guias_Tecnicos\manual-2025(e38d727ecdd5bd1591bb6f8ab47d38bd).md,C:\Users\thiagonogueira\Dev\base-conhecimento-licitacoes\01_Normativos_Vigentes\02_Estadual_PI\Manuais_e_Guias_Tecnicos\manual-2025(e38d727ecdd5bd1591bb6f8ab47d38bd).md
IGNORADO_JA_EXISTE,md,C:\Users\thiagonogueira\OneDrive - mppi.mp.br\CLC\01_Processos_e_Aquisicoes\Base de Conhecimento - Thiago\01_Normativos_Vigentes\02_Estadual_PI\Manuais_e_Guias_Tecnicos\manual-tecnico-2024-2025(ad246a293bfd2f319f1a8b73e64903e3).md,C:\Users\thiagonogueira\Dev\base-conhecimento-licitacoes\01_Normativos_Vigentes\02_Estadual_PI\Manuais_e_Guias_Tecnicos\manual-tecnico-2024-2025(ad246a293bfd2f319f1a8b73e64903e3).md
IGNORADO_JA_EXISTE,md,C:\Users\thiagonogueira\OneDrive - mppi.mp.br\CLC\01_Processos_e_Aquisicoes\Base de Conhecimento - Thiago\01_Normativos_Vigentes\02_Estadual_PI\Manuais_e_Guias_Tecnicos\manual-tecnico-do-orcamento.md,C:\Users\thiagonogueira\Dev\base-conhecimento-licitacoes\01_Normativos_Vigentes\02_Estadual_PI\Manuais_e_Guias_Tecnicos\manual-tecnico-do-orcamento.md
IGNORADO_JA_EXISTE,md,C:\Users\thiagonogueira\OneDrive - mppi.mp.br\CLC\01_Processos_e_Aquisicoes\Base de Conhecimento - Thiago\01_Normativos_Vigentes\02_Estadual_PI\Portarias\Portaria Estadual - n..0342021 - 2021.md,C:\Users\thiagonogueira\Dev\base-conhecimento-licitacoes\01_Normativos_Vigentes\02_Estadual_PI\Portarias\Portaria Estadual - n..0342021 - 2021.md
IGNORADO_JA_EXISTE,md,C:\Users\thiagonogueira\OneDrive - mppi.mp.br\CLC\01_Processos_e_Aquisicoes\Base de Conhecimento - Thiago\01_Normativos_Vigentes\02_Estadual_PI\Portarias\Portaria Estadual - n0012024. - 2024.md,C:\Users\thiagonogueira\Dev\base-conhecimento-licitacoes\01_Normativos_Vigentes\02_Estadual_PI\Portarias\Portaria Estadual - n0012024. - 2024.md
IGNORADO_JA_EXISTE,md,C:\Users\thiagonogueira\OneDrive - mppi.mp.br\CLC\01_Processos_e_Aquisicoes\Base de Conhecimento - Thiago\01_Normativos_Vigentes\02_Estadual_PI\Portarias\SEAD Portaria 631.2025.GAB.SEAD - Política de Gestão de Riscos.md,C:\Users\thiagonogueira\Dev\base-conhecimento-licitacoes\01_Normativos_Vigentes\02_Estadual_PI\Portarias\SEAD Portaria 631.2025.GAB.SEAD - Política de Gestão de Riscos.md
IGNORADO_JA_EXISTE,md,C:\Users\thiagonogueira\OneDrive - mppi.mp.br\CLC\01_Processos_e_Aquisicoes\Base de Conhecimento - Thiago\01_Normativos_Vigentes\02_Estadual_PI\Resolucoes\Resolução Estadual - n0022021182021 - 2021.md,C:\Users\thiagonogueira\Dev\base-conhecimento-licitacoes\01_Normativos_Vigentes\02_Estadual_PI\Resolucoes\Resolução Estadual - n0022021182021 - 2021.md
IGNORADO_JA_EXISTE,md,C:\Users\thiagonogueira\OneDrive - mppi.mp.br\CLC\01_Processos_e_Aquisicoes\Base de Conhecimento - Thiago\01_Normativos_Vigentes\03_MPPI\Ato PGJ 1228.2022 - Suprimento de Fundos (Compilado).md,C:\Users\thiagonogueira\Dev\base-conhecimento-licitacoes\01_Normativos_Vigentes\03_MPPI\Ato PGJ 1228.2022 - Suprimento de Fundos (Compilado).md
IGNORADO_JA_EXISTE,md,C:\Users\thiagonogueira\OneDrive - mppi.mp.br\CLC\01_Processos_e_Aquisicoes\Base de Conhecimento - Thiago\01_Normativos_Vigentes\03_MPPI\Ato PGJ 1471.2025 - Regulamenta Suprimento de Fundos MPPI.md,C:\Users\thiagonogueira\Dev\base-conhecimento-licitacoes\01_Normativos_Vigentes\03_MPPI\Ato PGJ 1471.2025 - Regulamenta Suprimento de Fundos MPPI.md
IGNORADO_JA_EXISTE,md,C:\Users\thiagonogueira\OneDrive - mppi.mp.br\CLC\01_Processos_e_Aquisicoes\Base de Conhecimento - Thiago\01_Normativos_Vigentes\03_MPPI\Informativo-Suprimento-de-Fundos-Maio-de-2024.md,C:\Users\thiagonogueira\Dev\base-conhecimento-licitacoes\01_Normativos_Vigentes\03_MPPI\Informativo-Suprimento-de-Fundos-Maio-de-2024.md
IGNORADO_JA_EXISTE,md,C:\Users\thiagonogueira\OneDrive - mppi.mp.br\CLC\01_Processos_e_Aquisicoes\Base de Conhecimento - Thiago\01_Normativos_Vigentes\03_MPPI\Lei Orgânica do MPPI.md,C:\Users\thiagonogueira\Dev\base-conhecimento-licitacoes\01_Normativos_Vigentes\03_MPPI\Lei Orgânica do MPPI.md
IGNORADO_JA_EXISTE,md,C:\Users\thiagonogueira\OneDrive - mppi.mp.br\CLC\01_Processos_e_Aquisicoes\Base de Conhecimento - Thiago\01_Normativos_Vigentes\03_MPPI\Modelo de DFD - TIC.md,C:\Users\thiagonogueira\Dev\base-conhecimento-licitacoes\01_Normativos_Vigentes\03_MPPI\Modelo de DFD - TIC.md
IGNORADO_JA_EXISTE,md,C:\Users\thiagonogueira\OneDrive - mppi.mp.br\CLC\01_Processos_e_Aquisicoes\Base de Conhecimento - Thiago\01_Normativos_Vigentes\03_MPPI\Modelo de DFD.md,C:\Users\thiagonogueira\Dev\base-conhecimento-licitacoes\01_Normativos_Vigentes\03_MPPI\Modelo de DFD.md
IGNORADO_JA_EXISTE,md,C:\Users\thiagonogueira\OneDrive - mppi.mp.br\CLC\01_Processos_e_Aquisicoes\Base de Conhecimento - Thiago\01_Normativos_Vigentes\03_MPPI\PCA 2025.md,C:\Users\thiagonogueira\Dev\base-conhecimento-licitacoes\01_Normativos_Vigentes\03_MPPI\PCA 2025.md
IGNORADO_JA_EXISTE,md,C:\Users\thiagonogueira\OneDrive - mppi.mp.br\CLC\01_Processos_e_Aquisicoes\Base de Conhecimento - Thiago\01_Normativos_Vigentes\03_MPPI\PEI_2022_2029.md,C:\Users\thiagonogueira\Dev\base-conhecimento-licitacoes\01_Normativos_Vigentes\03_MPPI\PEI_2022_2029.md
IGNORADO_JA_EXISTE,md,C:\Users\thiagonogueira\OneDrive - mppi.mp.br\CLC\01_Processos_e_Aquisicoes\Base de Conhecimento - Thiago\01_Normativos_Vigentes\03_MPPI\Plano-Politico-Pedagogico-CEAF-2026-3.md,C:\Users\thiagonogueira\Dev\base-conhecimento-licitacoes\01_Normativos_Vigentes\03_MPPI\Plano-Politico-Pedagogico-CEAF-2026-3.md
IGNORADO_JA_EXISTE,md,C:\Users\thiagonogueira\OneDrive - mppi.mp.br\CLC\01_Processos_e_Aquisicoes\Base de Conhecimento - Thiago\01_Normativos_Vigentes\03_MPPI\Res CPJ 08.2025 - Manual de Identidade Visual do MPPI.md,C:\Users\thiagonogueira\Dev\base-conhecimento-licitacoes\01_Normativos_Vigentes\03_MPPI\Res CPJ 08.2025 - Manual de Identidade Visual do MPPI.md
IGNORADO_JA_EXISTE,md,C:\Users\thiagonogueira\OneDrive - mppi.mp.br\CLC\01_Processos_e_Aquisicoes\Base de Conhecimento - Thiago\01_Normativos_Vigentes\03_MPPI\Atos\Ato PGJ 0462.2013 - Fiscalizacao e Gestao de Contratos.md,C:\Users\thiagonogueira\Dev\base-conhecimento-licitacoes\01_Normativos_Vigentes\03_MPPI\Atos\Ato PGJ 0462.2013 - Fiscalizacao e Gestao de Contratos.md
IGNORADO_JA_EXISTE,md,C:\Users\thiagonogueira\OneDrive - mppi.mp.br\CLC\01_Processos_e_Aquisicoes\Base de Conhecimento - Thiago\01_Normativos_Vigentes\03_MPPI\Atos\Ato PGJ 0479.2013 - Dispoe sobre a organizacao administrativa do MPPI.md,C:\Users\thiagonogueira\Dev\base-conhecimento-licitacoes\01_Normativos_Vigentes\03_MPPI\Atos\Ato PGJ 0479.2013 - Dispoe sobre a organizacao administrativa do MPPI.md
IGNORADO_JA_EXISTE,md,C:\Users\thiagonogueira\OneDrive - mppi.mp.br\CLC\01_Processos_e_Aquisicoes\Base de Conhecimento - Thiago\01_Normativos_Vigentes\03_MPPI\Atos\Ato PGJ 0479.2014 - Estrutura e Organizacao Administrativa do MPPI.md,C:\Users\thiagonogueira\Dev\base-conhecimento-licitacoes\01_Normativos_Vigentes\03_MPPI\Atos\Ato PGJ 0479.2014 - Estrutura e Organizacao Administrativa do MPPI.md
IGNORADO_JA_EXISTE,md,C:\Users\thiagonogueira\OneDrive - mppi.mp.br\CLC\01_Processos_e_Aquisicoes\Base de Conhecimento - Thiago\01_Normativos_Vigentes\03_MPPI\Atos\Ato PGJ 0823.2018 - Atribuicoes do Diretor de Sede (com alteracoes).md,C:\Users\thiagonogueira\Dev\base-conhecimento-licitacoes\01_Normativos_Vigentes\03_MPPI\Atos\Ato PGJ 0823.2018 - Atribuicoes do Diretor de Sede (com alteracoes).md
IGNORADO_JA_EXISTE,md,C:\Users\thiagonogueira\OneDrive - mppi.mp.br\CLC\01_Processos_e_Aquisicoes\Base de Conhecimento - Thiago\01_Normativos_Vigentes\03_MPPI\Atos\Ato PGJ 1079.2021 - Regulamento Interno da PGJ Compilado.md,C:\Users\thiagonogueira\Dev\base-conhecimento-licitacoes\01_Normativos_Vigentes\03_MPPI\Atos\Ato PGJ 1079.2021 - Regulamento Interno da PGJ Compilado.md
OK,md,C:\Users\thiagonogueira\OneDrive - mppi.mp.br\CLC\01_Processos_e_Aquisicoes\Base de Conhecimento - Thiago\01_Normativos_Vigentes\03_MPPI\Atos\Ato PGJ 1106.2021 - Novo Fluxo da Controladoria Interna.md,C:\Users\thiagonogueira\Dev\base-conhecimento-licitacoes\01_Normativos_Vigentes\03_MPPI\Atos\Ato PGJ 1106.2021 - Novo Fluxo da Controladoria Interna.md
IGNORADO_JA_EXISTE,md,C:\Users\thiagonogueira\OneDrive - mppi.mp.br\CLC\01_Processos_e_Aquisicoes\Base de Conhecimento - Thiago\01_Normativos_Vigentes\03_MPPI\Atos\Ato PGJ 1180.2022 - Altera Ato PGJ 479.2014 (Assessoria para Pareceres em Processos Licitatórios).md,C:\Users\thiagonogueira\Dev\base-conhecimento-licitacoes\01_Normativos_Vigentes\03_MPPI\Atos\Ato PGJ 1180.2022 - Altera Ato PGJ 479.2014 (Assessoria para Pareceres em Processos Licitatórios).md
IGNORADO_JA_EXISTE,md,C:\Users\thiagonogueira\OneDrive - mppi.mp.br\CLC\01_Processos_e_Aquisicoes\Base de Conhecimento - Thiago\01_Normativos_Vigentes\03_MPPI\Atos\Ato PGJ 1228.2022 - Suprimento de Fundos (Texto Original).md,C:\Users\thiagonogueira\Dev\base-conhecimento-licitacoes\01_Normativos_Vigentes\03_MPPI\Atos\Ato PGJ 1228.2022 - Suprimento de Fundos (Texto Original).md
IGNORADO_JA_EXISTE,md,C:\Users\thiagonogueira\OneDrive - mppi.mp.br\CLC\01_Processos_e_Aquisicoes\Base de Conhecimento - Thiago\01_Normativos_Vigentes\03_MPPI\Atos\Ato PGJ 1382.2024 - Regulamenta a Implementação da 14133 no MPPI.md,C:\Users\thiagonogueira\Dev\base-conhecimento-licitacoes\01_Normativos_Vigentes\03_MPPI\Atos\Ato PGJ 1382.2024 - Regulamenta a Implementação da 14133 no MPPI.md
IGNORADO_JA_EXISTE,md,C:\Users\thiagonogueira\OneDrive - mppi.mp.br\CLC\01_Processos_e_Aquisicoes\Base de Conhecimento - Thiago\01_Normativos_Vigentes\03_MPPI\Atos\Ato PGJ 1383.2024 - Dispensa Parecer Jurídico.md,C:\Users\thiagonogueira\Dev\base-conhecimento-licitacoes\01_Normativos_Vigentes\03_MPPI\Atos\Ato PGJ 1383.2024 - Dispensa Parecer Jurídico.md
IGNORADO_JA_EXISTE,md,C:\Users\thiagonogueira\OneDrive - mppi.mp.br\CLC\01_Processos_e_Aquisicoes\Base de Conhecimento - Thiago\01_Normativos_Vigentes\03_MPPI\Atos\Ato PGJ 1413.2024 - Altera Ato PGJ 1382.2024.md,C:\Users\thiagonogueira\Dev\base-conhecimento-licitacoes\01_Normativos_Vigentes\03_MPPI\Atos\Ato PGJ 1413.2024 - Altera Ato PGJ 1382.2024.md
IGNORADO_JA_EXISTE,md,C:\Users\thiagonogueira\OneDrive - mppi.mp.br\CLC\01_Processos_e_Aquisicoes\Base de Conhecimento - Thiago\01_Normativos_Vigentes\03_MPPI\Atos\Ato PGJ 1441.2024 - Altera Atos PGJ 939.2019 e 1051.2021 (Acesso a TI e Provimento em Comissão).md,C:\Users\thiagonogueira\Dev\base-conhecimento-licitacoes\01_Normativos_Vigentes\03_MPPI\Atos\Ato PGJ 1441.2024 - Altera Atos PGJ 939.2019 e 1051.2021 (Acesso a TI e Provimento em Comissão).md
IGNORADO_JA_EXISTE,md,C:\Users\thiagonogueira\OneDrive - mppi.mp.br\CLC\01_Processos_e_Aquisicoes\Base de Conhecimento - Thiago\01_Normativos_Vigentes\03_MPPI\Atos\Ato PGJ 1449.2024 - Reserva de Vagas para Mulheres em Situação de Vulnerabilidade (Terceirização).md,C:\Users\thiagonogueira\Dev\base-conhecimento-licitacoes\01_Normativos_Vigentes\03_MPPI\Atos\Ato PGJ 1449.2024 - Reserva de Vagas para Mulheres em Situação de Vulnerabilidade (Terceirização).md
IGNORADO_JA_EXISTE,md,C:\Users\thiagonogueira\OneDrive - mppi.mp.br\CLC\01_Processos_e_Aquisicoes\Base de Conhecimento - Thiago\01_Normativos_Vigentes\03_MPPI\Atos\Ato PGJ 1480.2025 - Retira CONINT da Fase Interna.md,C:\Users\thiagonogueira\Dev\base-conhecimento-licitacoes\01_Normativos_Vigentes\03_MPPI\Atos\Ato PGJ 1480.2025 - Retira CONINT da Fase Interna.md
IGNORADO_JA_EXISTE,md,C:\Users\thiagonogueira\OneDrive - mppi.mp.br\CLC\01_Processos_e_Aquisicoes\Base de Conhecimento - Thiago\01_Normativos_Vigentes\03_MPPI\Atos\Ato PGJ 1538.2025 - Altera Atos Normativos de Contratacao MPPI.md,C:\Users\thiagonogueira\Dev\base-conhecimento-licitacoes\01_Normativos_Vigentes\03_MPPI\Atos\Ato PGJ 1538.2025 - Altera Atos Normativos de Contratacao MPPI.md
IGNORADO_JA_EXISTE,md,C:\Users\thiagonogueira\OneDrive - mppi.mp.br\CLC\01_Processos_e_Aquisicoes\Base de Conhecimento - Thiago\01_Normativos_Vigentes\03_MPPI\Atos\Ato PGJ 1599.2025 - Institui a Política de Segurança Institucional e o Sistema de Segurança Institucional do MPPI.md,C:\Users\thiagonogueira\Dev\base-conhecimento-licitacoes\01_Normativos_Vigentes\03_MPPI\Atos\Ato PGJ 1599.2025 - Institui a Política de Segurança Institucional e o Sistema de Segurança Institucional do MPPI.md
IGNORADO_JA_EXISTE,md,C:\Users\thiagonogueira\OneDrive - mppi.mp.br\CLC\01_Processos_e_Aquisicoes\Base de Conhecimento - Thiago\01_Normativos_Vigentes\03_MPPI\Atos\Ato PGJ 939.2019 - Disciplina Atividades de Tecnologia da Informação.md,C:\Users\thiagonogueira\Dev\base-conhecimento-licitacoes\01_Normativos_Vigentes\03_MPPI\Atos\Ato PGJ 939.2019 - Disciplina Atividades de Tecnologia da Informação.md
IGNORADO_JA_EXISTE,md,C:\Users\thiagonogueira\OneDrive - mppi.mp.br\CLC\01_Processos_e_Aquisicoes\Base de Conhecimento - Thiago\01_Normativos_Vigentes\03_MPPI\Atos\Ato PGJMPPI - n1381.0 - 2024.md,C:\Users\thiagonogueira\Dev\base-conhecimento-licitacoes\01_Normativos_Vigentes\03_MPPI\Atos\Ato PGJMPPI - n1381.0 - 2024.md
IGNORADO_JA_EXISTE,md,C:\Users\thiagonogueira\OneDrive - mppi.mp.br\CLC\01_Processos_e_Aquisicoes\Base de Conhecimento - Thiago\01_Normativos_Vigentes\03_MPPI\Atos\Ato PGJMPPI - n1382.0 - 2024.md,C:\Users\thiagonogueira\Dev\base-conhecimento-licitacoes\01_Normativos_Vigentes\03_MPPI\Atos\Ato PGJMPPI - n1382.0 - 2024.md
IGNORADO_JA_EXISTE,md,C:\Users\thiagonogueira\OneDrive - mppi.mp.br\CLC\01_Processos_e_Aquisicoes\Base de Conhecimento - Thiago\01_Normativos_Vigentes\03_MPPI\Atos\Ato PGJMPPI - n1383.0 - 2024.md,C:\Users\thiagonogueira\Dev\base-conhecimento-licitacoes\01_Normativos_Vigentes\03_MPPI\Atos\Ato PGJMPPI - n1383.0 - 2024.md
IGNORADO_JA_EXISTE,md,C:\Users\thiagonogueira\OneDrive - mppi.mp.br\CLC\01_Processos_e_Aquisicoes\Base de Conhecimento - Thiago\01_Normativos_Vigentes\03_MPPI\Atos\Ato PGJMPPI - n1413.0 - 2024.md,C:\Users\thiagonogueira\Dev\base-conhecimento-licitacoes\01_Normativos_Vigentes\03_MPPI\Atos\Ato PGJMPPI - n1413.0 - 2024.md
IGNORADO_JA_EXISTE,md,C:\Users\thiagonogueira\OneDrive - mppi.mp.br\CLC\01_Processos_e_Aquisicoes\Base de Conhecimento - Thiago\01_Normativos_Vigentes\03_MPPI\Atos\Ato PGJMPPI - n1414.0 - 2024.md,C:\Users\thiagonogueira\Dev\base-conhecimento-licitacoes\01_Normativos_Vigentes\03_MPPI\Atos\Ato PGJMPPI - n1414.0 - 2024.md
IGNORADO_JA_EXISTE,md,C:\Users\thiagonogueira\OneDrive - mppi.mp.br\CLC\01_Processos_e_Aquisicoes\Base de Conhecimento - Thiago\01_Normativos_Vigentes\03_MPPI\Atos\Ato PGJMPPI - n1415.0 - 2024.md,C:\Users\thiagonogueira\Dev\base-conhecimento-licitacoes\01_Normativos_Vigentes\03_MPPI\Atos\Ato PGJMPPI - n1415.0 - 2024.md
IGNORADO_JA_EXISTE,md,C:\Users\thiagonogueira\OneDrive - mppi.mp.br\CLC\01_Processos_e_Aquisicoes\Base de Conhecimento - Thiago\01_Normativos_Vigentes\03_MPPI\Atos\Ato PGJMPPI - n1448.0 - 2024.md,C:\Users\thiagonogueira\Dev\base-conhecimento-licitacoes\01_Normativos_Vigentes\03_MPPI\Atos\Ato PGJMPPI - n1448.0 - 2024.md
IGNORADO_JA_EXISTE,md,C:\Users\thiagonogueira\OneDrive - mppi.mp.br\CLC\01_Processos_e_Aquisicoes\Base de Conhecimento - Thiago\01_Normativos_Vigentes\03_MPPI\Atos\Ato PGJMPPI - n1449.0 - 2024.md,C:\Users\thiagonogueira\Dev\base-conhecimento-licitacoes\01_Normativos_Vigentes\03_MPPI\Atos\Ato PGJMPPI - n1449.0 - 2024.md
IGNORADO_JA_EXISTE,md,C:\Users\thiagonogueira\OneDrive - mppi.mp.br\CLC\01_Processos_e_Aquisicoes\Base de Conhecimento - Thiago\01_Normativos_Vigentes\03_MPPI\Atos\Ato PGJMPPI - n1456.0 - 2024.md,C:\Users\thiagonogueira\Dev\base-conhecimento-licitacoes\01_Normativos_Vigentes\03_MPPI\Atos\Ato PGJMPPI - n1456.0 - 2024.md
IGNORADO_JA_EXISTE,md,C:\Users\thiagonogueira\OneDrive - mppi.mp.br\CLC\01_Processos_e_Aquisicoes\Base de Conhecimento - Thiago\01_Normativos_Vigentes\03_MPPI\Atos\Ato PGJMPPI - n1480.0 - 2025.md,C:\Users\thiagonogueira\Dev\base-conhecimento-licitacoes\01_Normativos_Vigentes\03_MPPI\Atos\Ato PGJMPPI - n1480.0 - 2025.md
IGNORADO_JA_EXISTE,md,C:\Users\thiagonogueira\OneDrive - mppi.mp.br\CLC\01_Processos_e_Aquisicoes\Base de Conhecimento - Thiago\01_Normativos_Vigentes\03_MPPI\PCA 2026\PCA 2026 - Plano de Contratacoes Anual Versao 3.0 MPPI.md,C:\Users\thiagonogueira\Dev\base-conhecimento-licitacoes\01_Normativos_Vigentes\03_MPPI\PCA 2026\PCA 2026 - Plano de Contratacoes Anual Versao 3.0 MPPI.md
IGNORADO_JA_EXISTE,md,C:\Users\thiagonogueira\OneDrive - mppi.mp.br\CLC\01_Processos_e_Aquisicoes\Base de Conhecimento - Thiago\01_Normativos_Vigentes\03_MPPI\PCA 2026\Relação de Demandas Suspensas e Retidas (184 registros).md,C:\Users\thiagonogueira\Dev\base-conhecimento-licitacoes\01_Normativos_Vigentes\03_MPPI\PCA 2026\Relação de Demandas Suspensas e Retidas (184 registros).md
IGNORADO_JA_EXISTE,md,C:\Users\thiagonogueira\OneDrive - mppi.mp.br\CLC\01_Processos_e_Aquisicoes\Base de Conhecimento - Thiago\01_Normativos_Vigentes\03_MPPI\PCA_2026\PCA 2026 - Versão 2.0 - MPPI.md,C:\Users\thiagonogueira\Dev\base-conhecimento-licitacoes\01_Normativos_Vigentes\03_MPPI\PCA_2026\PCA 2026 - Versão 2.0 - MPPI.md
IGNORADO_JA_EXISTE,md,C:\Users\thiagonogueira\OneDrive - mppi.mp.br\CLC\01_Processos_e_Aquisicoes\Base de Conhecimento - Thiago\01_Normativos_Vigentes\03_MPPI\PCA_2026\PCA 2026 - Versão 3.0 - MPPI.md,C:\Users\thiagonogueira\Dev\base-conhecimento-licitacoes\01_Normativos_Vigentes\03_MPPI\PCA_2026\PCA 2026 - Versão 3.0 - MPPI.md
IGNORADO_JA_EXISTE,md,C:\Users\thiagonogueira\OneDrive - mppi.mp.br\CLC\01_Processos_e_Aquisicoes\Base de Conhecimento - Thiago\01_Normativos_Vigentes\03_MPPI\PCA_2026\PCA 2026.md,C:\Users\thiagonogueira\Dev\base-conhecimento-licitacoes\01_Normativos_Vigentes\03_MPPI\PCA_2026\PCA 2026.md
IGNORADO_JA_EXISTE,md,C:\Users\thiagonogueira\OneDrive - mppi.mp.br\CLC\01_Processos_e_Aquisicoes\Base de Conhecimento - Thiago\01_Normativos_Vigentes\03_MPPI\Portarias\Portaria PGJ 1040.2025 - Equipe de Planejamento.md,C:\Users\thiagonogueira\Dev\base-conhecimento-licitacoes\01_Normativos_Vigentes\03_MPPI\Portarias\Portaria PGJ 1040.2025 - Equipe de Planejamento.md
IGNORADO_JA_EXISTE,md,C:\Users\thiagonogueira\OneDrive - mppi.mp.br\CLC\01_Processos_e_Aquisicoes\Base de Conhecimento - Thiago\01_Normativos_Vigentes\03_MPPI\Portarias\Portaria PGJ 1318.2026 - Equipe de Planejamento.md,C:\Users\thiagonogueira\Dev\base-conhecimento-licitacoes\01_Normativos_Vigentes\03_MPPI\Portarias\Portaria PGJ 1318.2026 - Equipe de Planejamento.md
IGNORADO_JA_EXISTE,md,C:\Users\thiagonogueira\OneDrive - mppi.mp.br\CLC\01_Processos_e_Aquisicoes\Base de Conhecimento - Thiago\01_Normativos_Vigentes\03_MPPI\Portarias\Portaria PGJ 2065.2026 - Equipe de Planejamento TIC.md,C:\Users\thiagonogueira\Dev\base-conhecimento-licitacoes\01_Normativos_Vigentes\03_MPPI\Portarias\Portaria PGJ 2065.2026 - Equipe de Planejamento TIC.md
IGNORADO_JA_EXISTE,md,C:\Users\thiagonogueira\OneDrive - mppi.mp.br\CLC\01_Processos_e_Aquisicoes\Base de Conhecimento - Thiago\01_Normativos_Vigentes\03_MPPI\Portarias\Portaria PGJ 2396.2022 - Designacoes e Atribuicoes Administrativas.md,C:\Users\thiagonogueira\Dev\base-conhecimento-licitacoes\01_Normativos_Vigentes\03_MPPI\Portarias\Portaria PGJ 2396.2022 - Designacoes e Atribuicoes Administrativas.md
IGNORADO_JA_EXISTE,md,C:\Users\thiagonogueira\OneDrive - mppi.mp.br\CLC\01_Processos_e_Aquisicoes\Base de Conhecimento - Thiago\01_Normativos_Vigentes\03_MPPI\Portarias\Portaria PGJ 2864.2026 - Atribuicoes e Designacoes Administrativas.md,C:\Users\thiagonogueira\Dev\base-conhecimento-licitacoes\01_Normativos_Vigentes\03_MPPI\Portarias\Portaria PGJ 2864.2026 - Atribuicoes e Designacoes Administrativas.md
IGNORADO_JA_EXISTE,md,C:\Users\thiagonogueira\OneDrive - mppi.mp.br\CLC\01_Processos_e_Aquisicoes\Base de Conhecimento - Thiago\01_Normativos_Vigentes\03_MPPI\Portarias\Portaria PGJ 2918.2026 - Designacao Procon MPPI.md,C:\Users\thiagonogueira\Dev\base-conhecimento-licitacoes\01_Normativos_Vigentes\03_MPPI\Portarias\Portaria PGJ 2918.2026 - Designacao Procon MPPI.md
IGNORADO_JA_EXISTE,md,C:\Users\thiagonogueira\OneDrive - mppi.mp.br\CLC\01_Processos_e_Aquisicoes\Base de Conhecimento - Thiago\01_Normativos_Vigentes\03_MPPI\Portarias\Portaria PGJ 3172.2025 - Designacoes e Atribuicoes Administrativas.md,C:\Users\thiagonogueira\Dev\base-conhecimento-licitacoes\01_Normativos_Vigentes\03_MPPI\Portarias\Portaria PGJ 3172.2025 - Designacoes e Atribuicoes Administrativas.md
IGNORADO_JA_EXISTE,md,C:\Users\thiagonogueira\OneDrive - mppi.mp.br\CLC\01_Processos_e_Aquisicoes\Base de Conhecimento - Thiago\01_Normativos_Vigentes\03_MPPI\Portarias\Portaria PGJ 3315.2025 - Equipe de Planejamento da Contratação.md,C:\Users\thiagonogueira\Dev\base-conhecimento-licitacoes\01_Normativos_Vigentes\03_MPPI\Portarias\Portaria PGJ 3315.2025 - Equipe de Planejamento da Contratação.md
IGNORADO_JA_EXISTE,md,C:\Users\thiagonogueira\OneDrive - mppi.mp.br\CLC\01_Processos_e_Aquisicoes\Base de Conhecimento - Thiago\01_Normativos_Vigentes\03_MPPI\Portarias\Portaria PGJ 4337.2024 - Agente de Contratação e Pregoeiro.md,C:\Users\thiagonogueira\Dev\base-conhecimento-licitacoes\01_Normativos_Vigentes\03_MPPI\Portarias\Portaria PGJ 4337.2024 - Agente de Contratação e Pregoeiro.md
IGNORADO_JA_EXISTE,md,C:\Users\thiagonogueira\OneDrive - mppi.mp.br\CLC\01_Processos_e_Aquisicoes\Base de Conhecimento - Thiago\01_Normativos_Vigentes\03_MPPI\Portarias\Portaria PGJ 5644.2025 - Agentes de Contratação e Pregoeiro.md,C:\Users\thiagonogueira\Dev\base-conhecimento-licitacoes\01_Normativos_Vigentes\03_MPPI\Portarias\Portaria PGJ 5644.2025 - Agentes de Contratação e Pregoeiro.md
IGNORADO_JA_EXISTE,md,C:\Users\thiagonogueira\OneDrive - mppi.mp.br\CLC\01_Processos_e_Aquisicoes\Base de Conhecimento - Thiago\01_Normativos_Vigentes\03_MPPI\Portarias\Portaria PGJMPPI - n3315.0 - 2025.md,C:\Users\thiagonogueira\Dev\base-conhecimento-licitacoes\01_Normativos_Vigentes\03_MPPI\Portarias\Portaria PGJMPPI - n3315.0 - 2025.md
IGNORADO_JA_EXISTE,md,C:\Users\thiagonogueira\OneDrive - mppi.mp.br\CLC\01_Processos_e_Aquisicoes\Base de Conhecimento - Thiago\01_Normativos_Vigentes\03_MPPI\Portarias\Portaria PGJMPPI - n3447.0 - 2024.md,C:\Users\thiagonogueira\Dev\base-conhecimento-licitacoes\01_Normativos_Vigentes\03_MPPI\Portarias\Portaria PGJMPPI - n3447.0 - 2024.md
IGNORADO_JA_EXISTE,md,C:\Users\thiagonogueira\OneDrive - mppi.mp.br\CLC\01_Processos_e_Aquisicoes\Base de Conhecimento - Thiago\01_Normativos_Vigentes\03_MPPI\Portarias\Portaria PGJMPPI - n3448.0 - 2024.md,C:\Users\thiagonogueira\Dev\base-conhecimento-licitacoes\01_Normativos_Vigentes\03_MPPI\Portarias\Portaria PGJMPPI - n3448.0 - 2024.md
IGNORADO_JA_EXISTE,md,C:\Users\thiagonogueira\OneDrive - mppi.mp.br\CLC\01_Processos_e_Aquisicoes\Base de Conhecimento - Thiago\01_Normativos_Vigentes\03_MPPI\Portarias\Portaria PGJMPPI - n4333.0 - 2024.md,C:\Users\thiagonogueira\Dev\base-conhecimento-licitacoes\01_Normativos_Vigentes\03_MPPI\Portarias\Portaria PGJMPPI - n4333.0 - 2024.md
IGNORADO_JA_EXISTE,md,C:\Users\thiagonogueira\OneDrive - mppi.mp.br\CLC\01_Processos_e_Aquisicoes\Base de Conhecimento - Thiago\01_Normativos_Vigentes\03_MPPI\Portarias\Portaria PGJMPPI - n4335.0 - 2024.md,C:\Users\thiagonogueira\Dev\base-conhecimento-licitacoes\01_Normativos_Vigentes\03_MPPI\Portarias\Portaria PGJMPPI - n4335.0 - 2024.md
IGNORADO_JA_EXISTE,md,C:\Users\thiagonogueira\OneDrive - mppi.mp.br\CLC\01_Processos_e_Aquisicoes\Base de Conhecimento - Thiago\01_Normativos_Vigentes\03_MPPI\Portarias\Portaria PGJMPPI - n870.0 - 2025.md,C:\Users\thiagonogueira\Dev\base-conhecimento-licitacoes\01_Normativos_Vigentes\03_MPPI\Portarias\Portaria PGJMPPI - n870.0 - 2025.md
IGNORADO_JA_EXISTE,md,C:\Users\thiagonogueira\OneDrive - mppi.mp.br\CLC\01_Processos_e_Aquisicoes\Base de Conhecimento - Thiago\01_Normativos_Vigentes\03_MPPI\Portarias\Portaria PGJMPPI - n942.0 - 2025.md,C:\Users\thiagonogueira\Dev\base-conhecimento-licitacoes\01_Normativos_Vigentes\03_MPPI\Portarias\Portaria PGJMPPI - n942.0 - 2025.md
IGNORADO_JA_EXISTE,md,C:\Users\thiagonogueira\OneDrive - mppi.mp.br\CLC\01_Processos_e_Aquisicoes\Base de Conhecimento - Thiago\01_Normativos_Vigentes\03_MPPI\Portarias\PORTARIA_PGJPI_NA___2067.2026___Equipe_de_planejamento.md,C:\Users\thiagonogueira\Dev\base-conhecimento-licitacoes\01_Normativos_Vigentes\03_MPPI\Portarias\PORTARIA_PGJPI_NA___2067.2026___Equipe_de_planejamento.md
IGNORADO_JA_EXISTE,md,C:\Users\thiagonogueira\OneDrive - mppi.mp.br\CLC\01_Processos_e_Aquisicoes\Base de Conhecimento - Thiago\01_Normativos_Vigentes\03_MPPI\Portarias\PORTARIA_PGJ_PI_5644_2025_AGENTE_DE_CONTRATACAO.md,C:\Users\thiagonogueira\Dev\base-conhecimento-licitacoes\01_Normativos_Vigentes\03_MPPI\Portarias\PORTARIA_PGJ_PI_5644_2025_AGENTE_DE_CONTRATACAO.md
IGNORADO_JA_EXISTE,md,C:\Users\thiagonogueira\OneDrive - mppi.mp.br\CLC\01_Processos_e_Aquisicoes\Base de Conhecimento - Thiago\01_Normativos_Vigentes\04_CNMP\Manuais_e_Guias_Tecnicos\Manual da Plataforma MP Digital.md,C:\Users\thiagonogueira\Dev\base-conhecimento-licitacoes\01_Normativos_Vigentes\04_CNMP\Manuais_e_Guias_Tecnicos\Manual da Plataforma MP Digital.md
IGNORADO_JA_EXISTE,md,C:\Users\thiagonogueira\OneDrive - mppi.mp.br\CLC\01_Processos_e_Aquisicoes\Base de Conhecimento - Thiago\01_Normativos_Vigentes\04_CNMP\Outros_Normativos\Contratações de TI – Gestão de Contrato.md,C:\Users\thiagonogueira\Dev\base-conhecimento-licitacoes\01_Normativos_Vigentes\04_CNMP\Outros_Normativos\Contratações de TI – Gestão de Contrato.md
IGNORADO_JA_EXISTE,md,C:\Users\thiagonogueira\OneDrive - mppi.mp.br\CLC\01_Processos_e_Aquisicoes\Base de Conhecimento - Thiago\01_Normativos_Vigentes\04_CNMP\Outros_Normativos\Contratações de TI – Planejamento da.md,C:\Users\thiagonogueira\Dev\base-conhecimento-licitacoes\01_Normativos_Vigentes\04_CNMP\Outros_Normativos\Contratações de TI – Planejamento da.md
IGNORADO_JA_EXISTE,md,C:\Users\thiagonogueira\OneDrive - mppi.mp.br\CLC\01_Processos_e_Aquisicoes\Base de Conhecimento - Thiago\01_Normativos_Vigentes\04_CNMP\Outros_Normativos\Contratações de TI – Visão Geral.md,C:\Users\thiagonogueira\Dev\base-conhecimento-licitacoes\01_Normativos_Vigentes\04_CNMP\Outros_Normativos\Contratações de TI – Visão Geral.md
IGNORADO_JA_EXISTE,md,C:\Users\thiagonogueira\OneDrive - mppi.mp.br\CLC\01_Processos_e_Aquisicoes\Base de Conhecimento - Thiago\01_Normativos_Vigentes\04_CNMP\Outros_Normativos\Contratações de TI-Seleção de Fornecedores.md,C:\Users\thiagonogueira\Dev\base-conhecimento-licitacoes\01_Normativos_Vigentes\04_CNMP\Outros_Normativos\Contratações de TI-Seleção de Fornecedores.md
IGNORADO_JA_EXISTE,md,C:\Users\thiagonogueira\OneDrive - mppi.mp.br\CLC\01_Processos_e_Aquisicoes\Base de Conhecimento - Thiago\01_Normativos_Vigentes\04_CNMP\Outros_Normativos\MOTec.md,C:\Users\thiagonogueira\Dev\base-conhecimento-licitacoes\01_Normativos_Vigentes\04_CNMP\Outros_Normativos\MOTec.md
IGNORADO_JA_EXISTE,md,C:\Users\thiagonogueira\OneDrive - mppi.mp.br\CLC\01_Processos_e_Aquisicoes\Base de Conhecimento - Thiago\01_Normativos_Vigentes\04_CNMP\POP's Contratação Direta\POP - Contratacao Direta Art 75 IX - Empresa Publica.md,C:\Users\thiagonogueira\Dev\base-conhecimento-licitacoes\01_Normativos_Vigentes\04_CNMP\POP's Contratação Direta\POP - Contratacao Direta Art 75 IX - Empresa Publica.md
IGNORADO_JA_EXISTE,md,C:\Users\thiagonogueira\OneDrive - mppi.mp.br\CLC\01_Processos_e_Aquisicoes\Base de Conhecimento - Thiago\01_Normativos_Vigentes\04_CNMP\POP's Contratação Direta\POP - Contratacao Direta Inexigibilidade Art 74 I - Exclusividade.md,C:\Users\thiagonogueira\Dev\base-conhecimento-licitacoes\01_Normativos_Vigentes\04_CNMP\POP's Contratação Direta\POP - Contratacao Direta Inexigibilidade Art 74 I - Exclusividade.md
IGNORADO_JA_EXISTE,md,C:\Users\thiagonogueira\OneDrive - mppi.mp.br\CLC\01_Processos_e_Aquisicoes\Base de Conhecimento - Thiago\01_Normativos_Vigentes\04_CNMP\POP's Contratação Direta\POP - Contratacao Direta Inexigibilidade Art 74 II - Setor Artistico.md,C:\Users\thiagonogueira\Dev\base-conhecimento-licitacoes\01_Normativos_Vigentes\04_CNMP\POP's Contratação Direta\POP - Contratacao Direta Inexigibilidade Art 74 II - Setor Artistico.md
IGNORADO_JA_EXISTE,md,C:\Users\thiagonogueira\OneDrive - mppi.mp.br\CLC\01_Processos_e_Aquisicoes\Base de Conhecimento - Thiago\01_Normativos_Vigentes\04_CNMP\POP's Contratação Direta\POP - Contratacao Direta Inexigibilidade Art 74 III - Cursos Treinamentos e Palestras.md,C:\Users\thiagonogueira\Dev\base-conhecimento-licitacoes\01_Normativos_Vigentes\04_CNMP\POP's Contratação Direta\POP - Contratacao Direta Inexigibilidade Art 74 III - Cursos Treinamentos e Palestras.md
IGNORADO_JA_EXISTE,md,C:\Users\thiagonogueira\OneDrive - mppi.mp.br\CLC\01_Processos_e_Aquisicoes\Base de Conhecimento - Thiago\01_Normativos_Vigentes\04_CNMP\POP's Contratação Direta\POP - Contratacao por Adesao a Ata de Registro de Precos Carona.md,C:\Users\thiagonogueira\Dev\base-conhecimento-licitacoes\01_Normativos_Vigentes\04_CNMP\POP's Contratação Direta\POP - Contratacao por Adesao a Ata de Registro de Precos Carona.md
IGNORADO_JA_EXISTE,md,"C:\Users\thiagonogueira\OneDrive - mppi.mp.br\CLC\01_Processos_e_Aquisicoes\Base de Conhecimento - Thiago\01_Normativos_Vigentes\04_CNMP\POP's Contratação Direta\POP - Contratacao por ARP Propria (POP-CLC-05, rev. 05.02.2025).md","C:\Users\thiagonogueira\Dev\base-conhecimento-licitacoes\01_Normativos_Vigentes\04_CNMP\POP's Contratação Direta\POP - Contratacao por ARP Propria (POP-CLC-05, rev. 05.02.2025).md"
IGNORADO_JA_EXISTE,md,"C:\Users\thiagonogueira\OneDrive - mppi.mp.br\CLC\01_Processos_e_Aquisicoes\Base de Conhecimento - Thiago\01_Normativos_Vigentes\04_CNMP\POP's Contratação Direta\POP - Contratacao por Dispensa de Licitacao (POP-CLC-02, rev. 05.02.2025).md","C:\Users\thiagonogueira\Dev\base-conhecimento-licitacoes\01_Normativos_Vigentes\04_CNMP\POP's Contratação Direta\POP - Contratacao por Dispensa de Licitacao (POP-CLC-02, rev. 05.02.2025).md"
IGNORADO_JA_EXISTE,md,C:\Users\thiagonogueira\OneDrive - mppi.mp.br\CLC\01_Processos_e_Aquisicoes\Base de Conhecimento - Thiago\01_Normativos_Vigentes\04_CNMP\POP's Contratação Direta\POP - Contratacao por Dispensa Eletronica.md,C:\Users\thiagonogueira\Dev\base-conhecimento-licitacoes\01_Normativos_Vigentes\04_CNMP\POP's Contratação Direta\POP - Contratacao por Dispensa Eletronica.md
IGNORADO_JA_EXISTE,md,C:\Users\thiagonogueira\OneDrive - mppi.mp.br\CLC\01_Processos_e_Aquisicoes\Base de Conhecimento - Thiago\01_Normativos_Vigentes\04_CNMP\POP's Contratação Direta\POP - Inexigibilidade - Locacao de Imoveis (POP-CLC-08).md,C:\Users\thiagonogueira\Dev\base-conhecimento-licitacoes\01_Normativos_Vigentes\04_CNMP\POP's Contratação Direta\POP - Inexigibilidade - Locacao de Imoveis (POP-CLC-08).md
IGNORADO_JA_EXISTE,md,C:\Users\thiagonogueira\OneDrive - mppi.mp.br\CLC\01_Processos_e_Aquisicoes\Base de Conhecimento - Thiago\01_Normativos_Vigentes\04_CNMP\POP's Contratação Direta\POP - Prorrogacao de Vigencia de Ata de Registro de Precos.md,C:\Users\thiagonogueira\Dev\base-conhecimento-licitacoes\01_Normativos_Vigentes\04_CNMP\POP's Contratação Direta\POP - Prorrogacao de Vigencia de Ata de Registro de Precos.md
IGNORADO_JA_EXISTE,md,C:\Users\thiagonogueira\OneDrive - mppi.mp.br\CLC\01_Processos_e_Aquisicoes\Base de Conhecimento - Thiago\01_Normativos_Vigentes\04_CNMP\Resolucoes\Resolucao-CNMP-n-281-de-2023 (Politica de Governanca das Contratacoes).md,C:\Users\thiagonogueira\Dev\base-conhecimento-licitacoes\01_Normativos_Vigentes\04_CNMP\Resolucoes\Resolucao-CNMP-n-281-de-2023 (Politica de Governanca das Contratacoes).md
IGNORADO_JA_EXISTE,md,C:\Users\thiagonogueira\OneDrive - mppi.mp.br\CLC\01_Processos_e_Aquisicoes\Base de Conhecimento - Thiago\01_Normativos_Vigentes\04_CNMP\Resolucoes\Resolucao-CNMP-n-283 (Disciplina contratações de TIC).md,C:\Users\thiagonogueira\Dev\base-conhecimento-licitacoes\01_Normativos_Vigentes\04_CNMP\Resolucoes\Resolucao-CNMP-n-283 (Disciplina contratações de TIC).md
IGNORADO_JA_EXISTE,md,C:\Users\thiagonogueira\OneDrive - mppi.mp.br\CLC\01_Processos_e_Aquisicoes\Base de Conhecimento - Thiago\01_Normativos_Vigentes\05_TCE_PI\Acordaos_Pareceres_Orientacoes\Acordao TCE-PI 394-A.2026 - Pleno - Consulta MPPI - Prorrogacao e Renovacao de Quantitativos de ARP.md,C:\Users\thiagonogueira\Dev\base-conhecimento-licitacoes\01_Normativos_Vigentes\05_TCE_PI\Acordaos_Pareceres_Orientacoes\Acordao TCE-PI 394-A.2026 - Pleno - Consulta MPPI - Prorrogacao e Renovacao de Quantitativos de ARP.md
IGNORADO_JA_EXISTE,md,C:\Users\thiagonogueira\OneDrive - mppi.mp.br\CLC\01_Processos_e_Aquisicoes\Base de Conhecimento - Thiago\01_Normativos_Vigentes\05_TCE_PI\Acordaos_Pareceres_Orientacoes\Nota Técnica TCE-PI 001.2025 - Contratacoes por Tempo Determinado e Terceirizacoes.md,C:\Users\thiagonogueira\Dev\base-conhecimento-licitacoes\01_Normativos_Vigentes\05_TCE_PI\Acordaos_Pareceres_Orientacoes\Nota Técnica TCE-PI 001.2025 - Contratacoes por Tempo Determinado e Terceirizacoes.md
IGNORADO_JA_EXISTE,md,C:\Users\thiagonogueira\OneDrive - mppi.mp.br\CLC\01_Processos_e_Aquisicoes\Base de Conhecimento - Thiago\01_Normativos_Vigentes\05_TCE_PI\Acordaos_Pareceres_Orientacoes\Nota Técnica TCE-PI 002.2024 - Despesas com Festas Shows Artistas e Bandas.md,C:\Users\thiagonogueira\Dev\base-conhecimento-licitacoes\01_Normativos_Vigentes\05_TCE_PI\Acordaos_Pareceres_Orientacoes\Nota Técnica TCE-PI 002.2024 - Despesas com Festas Shows Artistas e Bandas.md
IGNORADO_JA_EXISTE,md,C:\Users\thiagonogueira\OneDrive - mppi.mp.br\CLC\01_Processos_e_Aquisicoes\Base de Conhecimento - Thiago\01_Normativos_Vigentes\05_TCE_PI\Instrucoes_Normativas\Instrução Normativa TCE-PI 002.2026 - Sistemas Licitacoes Web Contratos Web e Obras Web.md,C:\Users\thiagonogueira\Dev\base-conhecimento-licitacoes\01_Normativos_Vigentes\05_TCE_PI\Instrucoes_Normativas\Instrução Normativa TCE-PI 002.2026 - Sistemas Licitacoes Web Contratos Web e Obras Web.md
IGNORADO_JA_EXISTE,md,C:\Users\thiagonogueira\OneDrive - mppi.mp.br\CLC\01_Processos_e_Aquisicoes\Base de Conhecimento - Thiago\01_Normativos_Vigentes\05_TCE_PI\Instrucoes_Normativas\Instrução Normativa TCE-PI 007.2021 - Altera IN 06.2017 Licitacoes Web.md,C:\Users\thiagonogueira\Dev\base-conhecimento-licitacoes\01_Normativos_Vigentes\05_TCE_PI\Instrucoes_Normativas\Instrução Normativa TCE-PI 007.2021 - Altera IN 06.2017 Licitacoes Web.md
IGNORADO_JA_EXISTE,md,C:\Users\thiagonogueira\OneDrive - mppi.mp.br\CLC\01_Processos_e_Aquisicoes\Base de Conhecimento - Thiago\01_Normativos_Vigentes\05_TCE_PI\Instrucoes_Normativas\Instrução Normativa TCEPI - n6.0 - 2017.md,C:\Users\thiagonogueira\Dev\base-conhecimento-licitacoes\01_Normativos_Vigentes\05_TCE_PI\Instrucoes_Normativas\Instrução Normativa TCEPI - n6.0 - 2017.md
IGNORADO_JA_EXISTE,md,C:\Users\thiagonogueira\OneDrive - mppi.mp.br\CLC\01_Processos_e_Aquisicoes\Base de Conhecimento - Thiago\01_Normativos_Vigentes\05_TCE_PI\Leis\Lei Estadual 5888.2009 - Lei Organica do TCE-PI Atualizada ate 2026.md,C:\Users\thiagonogueira\Dev\base-conhecimento-licitacoes\01_Normativos_Vigentes\05_TCE_PI\Leis\Lei Estadual 5888.2009 - Lei Organica do TCE-PI Atualizada ate 2026.md
IGNORADO_JA_EXISTE,md,C:\Users\thiagonogueira\OneDrive - mppi.mp.br\CLC\01_Processos_e_Aquisicoes\Base de Conhecimento - Thiago\01_Normativos_Vigentes\05_TCE_PI\Resolucoes\Resolucao TCE-PI nº 37.2024 - Deliberacoes e Medidas Corretivas.md,C:\Users\thiagonogueira\Dev\base-conhecimento-licitacoes\01_Normativos_Vigentes\05_TCE_PI\Resolucoes\Resolucao TCE-PI nº 37.2024 - Deliberacoes e Medidas Corretivas.md
IGNORADO_JA_EXISTE,md,C:\Users\thiagonogueira\OneDrive - mppi.mp.br\CLC\01_Processos_e_Aquisicoes\Base de Conhecimento - Thiago\01_Normativos_Vigentes\05_TCE_PI\Resolucoes\Resolução TCE - n10.0 - 2020.md,C:\Users\thiagonogueira\Dev\base-conhecimento-licitacoes\01_Normativos_Vigentes\05_TCE_PI\Resolucoes\Resolução TCE - n10.0 - 2020.md
IGNORADO_JA_EXISTE,md,C:\Users\thiagonogueira\OneDrive - mppi.mp.br\CLC\01_Processos_e_Aquisicoes\Base de Conhecimento - Thiago\01_Normativos_Vigentes\05_TCE_PI\Resolucoes\Resolução TCE - n19.0 - 2024.md,C:\Users\thiagonogueira\Dev\base-conhecimento-licitacoes\01_Normativos_Vigentes\05_TCE_PI\Resolucoes\Resolução TCE - n19.0 - 2024.md
IGNORADO_JA_EXISTE,md,C:\Users\thiagonogueira\OneDrive - mppi.mp.br\CLC\01_Processos_e_Aquisicoes\Base de Conhecimento - Thiago\01_Normativos_Vigentes\05_TCE_PI\Resolucoes\Resolução TCE - n20.0 - 2024.md,C:\Users\thiagonogueira\Dev\base-conhecimento-licitacoes\01_Normativos_Vigentes\05_TCE_PI\Resolucoes\Resolução TCE - n20.0 - 2024.md
IGNORADO_JA_EXISTE,md,C:\Users\thiagonogueira\OneDrive - mppi.mp.br\CLC\01_Processos_e_Aquisicoes\Base de Conhecimento - Thiago\01_Normativos_Vigentes\05_TCE_PI\Resolucoes\Resolução TCE - n37.0 - 2024.md,C:\Users\thiagonogueira\Dev\base-conhecimento-licitacoes\01_Normativos_Vigentes\05_TCE_PI\Resolucoes\Resolução TCE - n37.0 - 2024.md
IGNORADO_JA_EXISTE,md,C:\Users\thiagonogueira\OneDrive - mppi.mp.br\CLC\01_Processos_e_Aquisicoes\Base de Conhecimento - Thiago\01_Normativos_Vigentes\05_TCE_PI\Resolucoes\Resolução TCE - n9.0 - 2025.md,C:\Users\thiagonogueira\Dev\base-conhecimento-licitacoes\01_Normativos_Vigentes\05_TCE_PI\Resolucoes\Resolução TCE - n9.0 - 2025.md
IGNORADO_JA_EXISTE,md,C:\Users\thiagonogueira\OneDrive - mppi.mp.br\CLC\01_Processos_e_Aquisicoes\Base de Conhecimento - Thiago\01_Normativos_Vigentes\05_TCE_PI\Resolucoes\Resolução TCE-PI 002.2026 - Altera Res 41.2023 (ETP e TR).md,C:\Users\thiagonogueira\Dev\base-conhecimento-licitacoes\01_Normativos_Vigentes\05_TCE_PI\Resolucoes\Resolução TCE-PI 002.2026 - Altera Res 41.2023 (ETP e TR).md
IGNORADO_JA_EXISTE,md,C:\Users\thiagonogueira\OneDrive - mppi.mp.br\CLC\01_Processos_e_Aquisicoes\Base de Conhecimento - Thiago\01_Normativos_Vigentes\05_TCE_PI\Resolucoes\Resolução TCE-PI 008.2026 - Sistema de Integridade do TCE-PI.md,C:\Users\thiagonogueira\Dev\base-conhecimento-licitacoes\01_Normativos_Vigentes\05_TCE_PI\Resolucoes\Resolução TCE-PI 008.2026 - Sistema de Integridade do TCE-PI.md
IGNORADO_JA_EXISTE,md,C:\Users\thiagonogueira\OneDrive - mppi.mp.br\CLC\01_Processos_e_Aquisicoes\Base de Conhecimento - Thiago\01_Normativos_Vigentes\05_TCE_PI\Resolucoes\Resolução TCE-PI 011.2026 - Gestao e Fiscalizacao de Contratos Administrativos.md,C:\Users\thiagonogueira\Dev\base-conhecimento-licitacoes\01_Normativos_Vigentes\05_TCE_PI\Resolucoes\Resolução TCE-PI 011.2026 - Gestao e Fiscalizacao de Contratos Administrativos.md
IGNORADO_JA_EXISTE,md,C:\Users\thiagonogueira\OneDrive - mppi.mp.br\CLC\01_Processos_e_Aquisicoes\Base de Conhecimento - Thiago\01_Normativos_Vigentes\05_TCE_PI\Resolucoes\Resolução TCE-PI 017.2024 - Pesquisa de Precos.md,C:\Users\thiagonogueira\Dev\base-conhecimento-licitacoes\01_Normativos_Vigentes\05_TCE_PI\Resolucoes\Resolução TCE-PI 017.2024 - Pesquisa de Precos.md
IGNORADO_JA_EXISTE,md,C:\Users\thiagonogueira\OneDrive - mppi.mp.br\CLC\01_Processos_e_Aquisicoes\Base de Conhecimento - Thiago\01_Normativos_Vigentes\05_TCE_PI\Resolucoes\Resolução TCE-PI 039.2023 - Plano de Contratacoes Anual.md,C:\Users\thiagonogueira\Dev\base-conhecimento-licitacoes\01_Normativos_Vigentes\05_TCE_PI\Resolucoes\Resolução TCE-PI 039.2023 - Plano de Contratacoes Anual.md
IGNORADO_JA_EXISTE,md,C:\Users\thiagonogueira\OneDrive - mppi.mp.br\CLC\01_Processos_e_Aquisicoes\Base de Conhecimento - Thiago\01_Normativos_Vigentes\05_TCE_PI\Resolucoes\Resolução TCE-PI 041.2023 - ETP e TR (compilada com Res 02.2026).md,C:\Users\thiagonogueira\Dev\base-conhecimento-licitacoes\01_Normativos_Vigentes\05_TCE_PI\Resolucoes\Resolução TCE-PI 041.2023 - ETP e TR (compilada com Res 02.2026).md
IGNORADO_JA_EXISTE,md,C:\Users\thiagonogueira\OneDrive - mppi.mp.br\CLC\01_Processos_e_Aquisicoes\Base de Conhecimento - Thiago\01_Normativos_Vigentes\06_TJPI\Acordaos_Pareceres_Orientacoes\SEI_TJPI - 7071569 - Justificativa (Parecer Agente).md,C:\Users\thiagonogueira\Dev\base-conhecimento-licitacoes\01_Normativos_Vigentes\06_TJPI\Acordaos_Pareceres_Orientacoes\SEI_TJPI - 7071569 - Justificativa (Parecer Agente).md
IGNORADO_JA_EXISTE,md,C:\Users\thiagonogueira\OneDrive - mppi.mp.br\CLC\01_Processos_e_Aquisicoes\Base de Conhecimento - Thiago\01_Normativos_Vigentes\06_TJPI\Manuais_e_Guias_Tecnicos\Manual de Licitacoes e Contratos TJPI (2023-2024).md,C:\Users\thiagonogueira\Dev\base-conhecimento-licitacoes\01_Normativos_Vigentes\06_TJPI\Manuais_e_Guias_Tecnicos\Manual de Licitacoes e Contratos TJPI (2023-2024).md
IGNORADO_JA_EXISTE,md,C:\Users\thiagonogueira\OneDrive - mppi.mp.br\CLC\01_Processos_e_Aquisicoes\Base de Conhecimento - Thiago\01_Normativos_Vigentes\06_TJPI\Manuais_e_Guias_Tecnicos\MANUAL Lic -TJ-PI-2023-2024.md,C:\Users\thiagonogueira\Dev\base-conhecimento-licitacoes\01_Normativos_Vigentes\06_TJPI\Manuais_e_Guias_Tecnicos\MANUAL Lic -TJ-PI-2023-2024.md
IGNORADO_JA_EXISTE,md,C:\Users\thiagonogueira\OneDrive - mppi.mp.br\CLC\01_Processos_e_Aquisicoes\Base de Conhecimento - Thiago\01_Normativos_Vigentes\06_TJPI\Outros_Normativos\Fluxogramas_Atualizados.md,C:\Users\thiagonogueira\Dev\base-conhecimento-licitacoes\01_Normativos_Vigentes\06_TJPI\Outros_Normativos\Fluxogramas_Atualizados.md
IGNORADO_JA_EXISTE,md,C:\Users\thiagonogueira\OneDrive - mppi.mp.br\CLC\01_Processos_e_Aquisicoes\Base de Conhecimento - Thiago\01_Normativos_Vigentes\06_TJPI\Outros_Normativos\Lista de Verificacao SGC TJPI - Conformidade Licitatoria.md,C:\Users\thiagonogueira\Dev\base-conhecimento-licitacoes\01_Normativos_Vigentes\06_TJPI\Outros_Normativos\Lista de Verificacao SGC TJPI - Conformidade Licitatoria.md
IGNORADO_JA_EXISTE,md,C:\Users\thiagonogueira\OneDrive - mppi.mp.br\CLC\01_Processos_e_Aquisicoes\Base de Conhecimento - Thiago\01_Normativos_Vigentes\06_TJPI\Outros_Normativos\Provimento TJPI nº 13.2025 - Regulamento de Obras Servicos Compras e Alienacoes.md,C:\Users\thiagonogueira\Dev\base-conhecimento-licitacoes\01_Normativos_Vigentes\06_TJPI\Outros_Normativos\Provimento TJPI nº 13.2025 - Regulamento de Obras Servicos Compras e Alienacoes.md
IGNORADO_JA_EXISTE,md,"C:\Users\thiagonogueira\OneDrive - mppi.mp.br\CLC\01_Processos_e_Aquisicoes\Base de Conhecimento - Thiago\01_Normativos_Vigentes\06_TJPI\Outros_Normativos\SEI_TJPI - 6640734 - Provimento 13.2025 - Regulamenta Obras, serviços, compras e alienações n.md","C:\Users\thiagonogueira\Dev\base-conhecimento-licitacoes\01_Normativos_Vigentes\06_TJPI\Outros_Normativos\SEI_TJPI - 6640734 - Provimento 13.2025 - Regulamenta Obras, serviços, compras e alienações n.md"
IGNORADO_JA_EXISTE,md,C:\Users\thiagonogueira\OneDrive - mppi.mp.br\CLC\01_Processos_e_Aquisicoes\Base de Conhecimento - Thiago\01_Normativos_Vigentes\06_TJPI\Outros_Normativos\SEI_TJPI - 7097234 - Análise de Primeira Linha da SLC.md,C:\Users\thiagonogueira\Dev\base-conhecimento-licitacoes\01_Normativos_Vigentes\06_TJPI\Outros_Normativos\SEI_TJPI - 7097234 - Análise de Primeira Linha da SLC.md
IGNORADO_JA_EXISTE,md,C:\Users\thiagonogueira\OneDrive - mppi.mp.br\CLC\01_Processos_e_Aquisicoes\Base de Conhecimento - Thiago\01_Normativos_Vigentes\06_TJPI\Outros_Normativos\SEI_TJPI - 7123034 - Lista de Verificação SGC.md,C:\Users\thiagonogueira\Dev\base-conhecimento-licitacoes\01_Normativos_Vigentes\06_TJPI\Outros_Normativos\SEI_TJPI - 7123034 - Lista de Verificação SGC.md
IGNORADO_JA_EXISTE,md,C:\Users\thiagonogueira\OneDrive - mppi.mp.br\CLC\01_Processos_e_Aquisicoes\Base de Conhecimento - Thiago\01_Normativos_Vigentes\06_TJPI\Outros_Normativos\SEI_TJPI - 7134934 - Lista de Verificação (SLC).md,C:\Users\thiagonogueira\Dev\base-conhecimento-licitacoes\01_Normativos_Vigentes\06_TJPI\Outros_Normativos\SEI_TJPI - 7134934 - Lista de Verificação (SLC).md
IGNORADO_JA_EXISTE,md,C:\Users\thiagonogueira\OneDrive - mppi.mp.br\CLC\01_Processos_e_Aquisicoes\Base de Conhecimento - Thiago\01_Normativos_Vigentes\06_TJPI\Outros_Normativos\SEI_TJPI - 7176291 - Aviso Dispensa Licitação.md,C:\Users\thiagonogueira\Dev\base-conhecimento-licitacoes\01_Normativos_Vigentes\06_TJPI\Outros_Normativos\SEI_TJPI - 7176291 - Aviso Dispensa Licitação.md
IGNORADO_JA_EXISTE,md,C:\Users\thiagonogueira\OneDrive - mppi.mp.br\CLC\01_Processos_e_Aquisicoes\Base de Conhecimento - Thiago\01_Normativos_Vigentes\06_TJPI\Portarias\Portaria_n_2899_2023-dispensa_licitacao.md,C:\Users\thiagonogueira\Dev\base-conhecimento-licitacoes\01_Normativos_Vigentes\06_TJPI\Portarias\Portaria_n_2899_2023-dispensa_licitacao.md
IGNORADO_JA_EXISTE,md,C:\Users\thiagonogueira\OneDrive - mppi.mp.br\CLC\01_Processos_e_Aquisicoes\Base de Conhecimento - Thiago\02_Jurisprudencia_e_Orientacoes\Acompanhamento_Contratos_MPPI_2026.md,C:\Users\thiagonogueira\Dev\base-conhecimento-licitacoes\02_Jurisprudencia_e_Orientacoes\Acompanhamento_Contratos_MPPI_2026.md
IGNORADO_JA_EXISTE,md,C:\Users\thiagonogueira\OneDrive - mppi.mp.br\CLC\01_Processos_e_Aquisicoes\Base de Conhecimento - Thiago\02_Jurisprudencia_e_Orientacoes\Quadro_Comparativo_Nova_Lei_14133_vs_8666.md,C:\Users\thiagonogueira\Dev\base-conhecimento-licitacoes\02_Jurisprudencia_e_Orientacoes\Quadro_Comparativo_Nova_Lei_14133_vs_8666.md
IGNORADO_JA_EXISTE,md,C:\Users\thiagonogueira\OneDrive - mppi.mp.br\CLC\01_Processos_e_Aquisicoes\Base de Conhecimento - Thiago\02_Jurisprudencia_e_Orientacoes\Acordaos_TCE_PI\Acórdão TCE - n3001 - 2025.md,C:\Users\thiagonogueira\Dev\base-conhecimento-licitacoes\02_Jurisprudencia_e_Orientacoes\Acordaos_TCE_PI\Acórdão TCE - n3001 - 2025.md
IGNORADO_JA_EXISTE,md,C:\Users\thiagonogueira\OneDrive - mppi.mp.br\CLC\01_Processos_e_Aquisicoes\Base de Conhecimento - Thiago\02_Jurisprudencia_e_Orientacoes\Boletins_TCE_PI\Achados_TCE-PI_Boletins_2023-2026.md,C:\Users\thiagonogueira\Dev\base-conhecimento-licitacoes\02_Jurisprudencia_e_Orientacoes\Boletins_TCE_PI\Achados_TCE-PI_Boletins_2023-2026.md
IGNORADO_JA_EXISTE,md,C:\Users\thiagonogueira\OneDrive - mppi.mp.br\CLC\01_Processos_e_Aquisicoes\Base de Conhecimento - Thiago\02_Jurisprudencia_e_Orientacoes\Boletins_TCE_PI\Boletim de Jurisprudencia TCE-PI - Consolidado Anual 2022.md,C:\Users\thiagonogueira\Dev\base-conhecimento-licitacoes\02_Jurisprudencia_e_Orientacoes\Boletins_TCE_PI\Boletim de Jurisprudencia TCE-PI - Consolidado Anual 2022.md
IGNORADO_JA_EXISTE,md,C:\Users\thiagonogueira\OneDrive - mppi.mp.br\CLC\01_Processos_e_Aquisicoes\Base de Conhecimento - Thiago\02_Jurisprudencia_e_Orientacoes\Boletins_TCE_PI\Boletim de Jurisprudencia TCE-PI - Consolidado Anual 2024.md,C:\Users\thiagonogueira\Dev\base-conhecimento-licitacoes\02_Jurisprudencia_e_Orientacoes\Boletins_TCE_PI\Boletim de Jurisprudencia TCE-PI - Consolidado Anual 2024.md
IGNORADO_JA_EXISTE,md,C:\Users\thiagonogueira\OneDrive - mppi.mp.br\CLC\01_Processos_e_Aquisicoes\Base de Conhecimento - Thiago\02_Jurisprudencia_e_Orientacoes\Boletins_TCE_PI\Boletim de Jurisprudencia TCE-PI - Consolidado Anual 2026.md,C:\Users\thiagonogueira\Dev\base-conhecimento-licitacoes\02_Jurisprudencia_e_Orientacoes\Boletins_TCE_PI\Boletim de Jurisprudencia TCE-PI - Consolidado Anual 2026.md
IGNORADO_JA_EXISTE,md,C:\Users\thiagonogueira\OneDrive - mppi.mp.br\CLC\01_Processos_e_Aquisicoes\Base de Conhecimento - Thiago\02_Jurisprudencia_e_Orientacoes\Boletins_TCE_PI\Boletim de Jurisprudencia TCE-PI nº 01 - Janeiro de 2022.md,C:\Users\thiagonogueira\Dev\base-conhecimento-licitacoes\02_Jurisprudencia_e_Orientacoes\Boletins_TCE_PI\Boletim de Jurisprudencia TCE-PI nº 01 - Janeiro de 2022.md
IGNORADO_JA_EXISTE,md,C:\Users\thiagonogueira\OneDrive - mppi.mp.br\CLC\01_Processos_e_Aquisicoes\Base de Conhecimento - Thiago\02_Jurisprudencia_e_Orientacoes\Boletins_TCE_PI\Boletim de Jurisprudencia TCE-PI nº 01 - Janeiro de 2023.md,C:\Users\thiagonogueira\Dev\base-conhecimento-licitacoes\02_Jurisprudencia_e_Orientacoes\Boletins_TCE_PI\Boletim de Jurisprudencia TCE-PI nº 01 - Janeiro de 2023.md
IGNORADO_JA_EXISTE,md,C:\Users\thiagonogueira\OneDrive - mppi.mp.br\CLC\01_Processos_e_Aquisicoes\Base de Conhecimento - Thiago\02_Jurisprudencia_e_Orientacoes\Boletins_TCE_PI\Boletim de Jurisprudencia TCE-PI nº 01 - Janeiro de 2024.md,C:\Users\thiagonogueira\Dev\base-conhecimento-licitacoes\02_Jurisprudencia_e_Orientacoes\Boletins_TCE_PI\Boletim de Jurisprudencia TCE-PI nº 01 - Janeiro de 2024.md
IGNORADO_JA_EXISTE,md,C:\Users\thiagonogueira\OneDrive - mppi.mp.br\CLC\01_Processos_e_Aquisicoes\Base de Conhecimento - Thiago\02_Jurisprudencia_e_Orientacoes\Boletins_TCE_PI\Boletim de Jurisprudencia TCE-PI nº 01 - Janeiro de 2025.md,C:\Users\thiagonogueira\Dev\base-conhecimento-licitacoes\02_Jurisprudencia_e_Orientacoes\Boletins_TCE_PI\Boletim de Jurisprudencia TCE-PI nº 01 - Janeiro de 2025.md
IGNORADO_JA_EXISTE,md,C:\Users\thiagonogueira\OneDrive - mppi.mp.br\CLC\01_Processos_e_Aquisicoes\Base de Conhecimento - Thiago\02_Jurisprudencia_e_Orientacoes\Boletins_TCE_PI\Boletim de Jurisprudencia TCE-PI nº 01 - Janeiro de 2026.md,C:\Users\thiagonogueira\Dev\base-conhecimento-licitacoes\02_Jurisprudencia_e_Orientacoes\Boletins_TCE_PI\Boletim de Jurisprudencia TCE-PI nº 01 - Janeiro de 2026.md
IGNORADO_JA_EXISTE,md,C:\Users\thiagonogueira\OneDrive - mppi.mp.br\CLC\01_Processos_e_Aquisicoes\Base de Conhecimento - Thiago\02_Jurisprudencia_e_Orientacoes\Boletins_TCE_PI\Boletim de Jurisprudencia TCE-PI nº 02 - Fevereiro de 2022.md,C:\Users\thiagonogueira\Dev\base-conhecimento-licitacoes\02_Jurisprudencia_e_Orientacoes\Boletins_TCE_PI\Boletim de Jurisprudencia TCE-PI nº 02 - Fevereiro de 2022.md
IGNORADO_JA_EXISTE,md,C:\Users\thiagonogueira\OneDrive - mppi.mp.br\CLC\01_Processos_e_Aquisicoes\Base de Conhecimento - Thiago\02_Jurisprudencia_e_Orientacoes\Boletins_TCE_PI\Boletim de Jurisprudencia TCE-PI nº 02 - Fevereiro de 2023.md,C:\Users\thiagonogueira\Dev\base-conhecimento-licitacoes\02_Jurisprudencia_e_Orientacoes\Boletins_TCE_PI\Boletim de Jurisprudencia TCE-PI nº 02 - Fevereiro de 2023.md
IGNORADO_JA_EXISTE,md,C:\Users\thiagonogueira\OneDrive - mppi.mp.br\CLC\01_Processos_e_Aquisicoes\Base de Conhecimento - Thiago\02_Jurisprudencia_e_Orientacoes\Boletins_TCE_PI\Boletim de Jurisprudencia TCE-PI nº 02 - Fevereiro de 2024.md,C:\Users\thiagonogueira\Dev\base-conhecimento-licitacoes\02_Jurisprudencia_e_Orientacoes\Boletins_TCE_PI\Boletim de Jurisprudencia TCE-PI nº 02 - Fevereiro de 2024.md
IGNORADO_JA_EXISTE,md,C:\Users\thiagonogueira\OneDrive - mppi.mp.br\CLC\01_Processos_e_Aquisicoes\Base de Conhecimento - Thiago\02_Jurisprudencia_e_Orientacoes\Boletins_TCE_PI\Boletim de Jurisprudencia TCE-PI nº 02 - Fevereiro de 2025.md,C:\Users\thiagonogueira\Dev\base-conhecimento-licitacoes\02_Jurisprudencia_e_Orientacoes\Boletins_TCE_PI\Boletim de Jurisprudencia TCE-PI nº 02 - Fevereiro de 2025.md
IGNORADO_JA_EXISTE,md,C:\Users\thiagonogueira\OneDrive - mppi.mp.br\CLC\01_Processos_e_Aquisicoes\Base de Conhecimento - Thiago\02_Jurisprudencia_e_Orientacoes\Boletins_TCE_PI\Boletim de Jurisprudencia TCE-PI nº 02 - Fevereiro de 2026.md,C:\Users\thiagonogueira\Dev\base-conhecimento-licitacoes\02_Jurisprudencia_e_Orientacoes\Boletins_TCE_PI\Boletim de Jurisprudencia TCE-PI nº 02 - Fevereiro de 2026.md
IGNORADO_JA_EXISTE,md,C:\Users\thiagonogueira\OneDrive - mppi.mp.br\CLC\01_Processos_e_Aquisicoes\Base de Conhecimento - Thiago\02_Jurisprudencia_e_Orientacoes\Boletins_TCE_PI\Boletim de Jurisprudencia TCE-PI nº 03 - Março de 2022.md,C:\Users\thiagonogueira\Dev\base-conhecimento-licitacoes\02_Jurisprudencia_e_Orientacoes\Boletins_TCE_PI\Boletim de Jurisprudencia TCE-PI nº 03 - Março de 2022.md
IGNORADO_JA_EXISTE,md,C:\Users\thiagonogueira\OneDrive - mppi.mp.br\CLC\01_Processos_e_Aquisicoes\Base de Conhecimento - Thiago\02_Jurisprudencia_e_Orientacoes\Boletins_TCE_PI\Boletim de Jurisprudencia TCE-PI nº 03 - Março de 2023.md,C:\Users\thiagonogueira\Dev\base-conhecimento-licitacoes\02_Jurisprudencia_e_Orientacoes\Boletins_TCE_PI\Boletim de Jurisprudencia TCE-PI nº 03 - Março de 2023.md
IGNORADO_JA_EXISTE,md,C:\Users\thiagonogueira\OneDrive - mppi.mp.br\CLC\01_Processos_e_Aquisicoes\Base de Conhecimento - Thiago\02_Jurisprudencia_e_Orientacoes\Boletins_TCE_PI\Boletim de Jurisprudencia TCE-PI nº 03 - Março de 2024.md,C:\Users\thiagonogueira\Dev\base-conhecimento-licitacoes\02_Jurisprudencia_e_Orientacoes\Boletins_TCE_PI\Boletim de Jurisprudencia TCE-PI nº 03 - Março de 2024.md
IGNORADO_JA_EXISTE,md,C:\Users\thiagonogueira\OneDrive - mppi.mp.br\CLC\01_Processos_e_Aquisicoes\Base de Conhecimento - Thiago\02_Jurisprudencia_e_Orientacoes\Boletins_TCE_PI\Boletim de Jurisprudencia TCE-PI nº 03 - Março de 2025.md,C:\Users\thiagonogueira\Dev\base-conhecimento-licitacoes\02_Jurisprudencia_e_Orientacoes\Boletins_TCE_PI\Boletim de Jurisprudencia TCE-PI nº 03 - Março de 2025.md
IGNORADO_JA_EXISTE,md,C:\Users\thiagonogueira\OneDrive - mppi.mp.br\CLC\01_Processos_e_Aquisicoes\Base de Conhecimento - Thiago\02_Jurisprudencia_e_Orientacoes\Boletins_TCE_PI\Boletim de Jurisprudencia TCE-PI nº 03 - Março de 2026.md,C:\Users\thiagonogueira\Dev\base-conhecimento-licitacoes\02_Jurisprudencia_e_Orientacoes\Boletins_TCE_PI\Boletim de Jurisprudencia TCE-PI nº 03 - Março de 2026.md
IGNORADO_JA_EXISTE,md,C:\Users\thiagonogueira\OneDrive - mppi.mp.br\CLC\01_Processos_e_Aquisicoes\Base de Conhecimento - Thiago\02_Jurisprudencia_e_Orientacoes\Boletins_TCE_PI\Boletim de Jurisprudencia TCE-PI nº 04 - Abril de 2022.md,C:\Users\thiagonogueira\Dev\base-conhecimento-licitacoes\02_Jurisprudencia_e_Orientacoes\Boletins_TCE_PI\Boletim de Jurisprudencia TCE-PI nº 04 - Abril de 2022.md
IGNORADO_JA_EXISTE,md,C:\Users\thiagonogueira\OneDrive - mppi.mp.br\CLC\01_Processos_e_Aquisicoes\Base de Conhecimento - Thiago\02_Jurisprudencia_e_Orientacoes\Boletins_TCE_PI\Boletim de Jurisprudencia TCE-PI nº 04 - Abril de 2023.md,C:\Users\thiagonogueira\Dev\base-conhecimento-licitacoes\02_Jurisprudencia_e_Orientacoes\Boletins_TCE_PI\Boletim de Jurisprudencia TCE-PI nº 04 - Abril de 2023.md
IGNORADO_JA_EXISTE,md,C:\Users\thiagonogueira\OneDrive - mppi.mp.br\CLC\01_Processos_e_Aquisicoes\Base de Conhecimento - Thiago\02_Jurisprudencia_e_Orientacoes\Boletins_TCE_PI\Boletim de Jurisprudencia TCE-PI nº 04 - Abril de 2024.md,C:\Users\thiagonogueira\Dev\base-conhecimento-licitacoes\02_Jurisprudencia_e_Orientacoes\Boletins_TCE_PI\Boletim de Jurisprudencia TCE-PI nº 04 - Abril de 2024.md
IGNORADO_JA_EXISTE,md,C:\Users\thiagonogueira\OneDrive - mppi.mp.br\CLC\01_Processos_e_Aquisicoes\Base de Conhecimento - Thiago\02_Jurisprudencia_e_Orientacoes\Boletins_TCE_PI\Boletim de Jurisprudencia TCE-PI nº 04 - Abril de 2025.md,C:\Users\thiagonogueira\Dev\base-conhecimento-licitacoes\02_Jurisprudencia_e_Orientacoes\Boletins_TCE_PI\Boletim de Jurisprudencia TCE-PI nº 04 - Abril de 2025.md
IGNORADO_JA_EXISTE,md,C:\Users\thiagonogueira\OneDrive - mppi.mp.br\CLC\01_Processos_e_Aquisicoes\Base de Conhecimento - Thiago\02_Jurisprudencia_e_Orientacoes\Boletins_TCE_PI\Boletim de Jurisprudencia TCE-PI nº 04 - Abril de 2026.md,C:\Users\thiagonogueira\Dev\base-conhecimento-licitacoes\02_Jurisprudencia_e_Orientacoes\Boletins_TCE_PI\Boletim de Jurisprudencia TCE-PI nº 04 - Abril de 2026.md
IGNORADO_JA_EXISTE,md,C:\Users\thiagonogueira\OneDrive - mppi.mp.br\CLC\01_Processos_e_Aquisicoes\Base de Conhecimento - Thiago\02_Jurisprudencia_e_Orientacoes\Boletins_TCE_PI\Boletim de Jurisprudencia TCE-PI nº 05 - Maio de 2022.md,C:\Users\thiagonogueira\Dev\base-conhecimento-licitacoes\02_Jurisprudencia_e_Orientacoes\Boletins_TCE_PI\Boletim de Jurisprudencia TCE-PI nº 05 - Maio de 2022.md
IGNORADO_JA_EXISTE,md,C:\Users\thiagonogueira\OneDrive - mppi.mp.br\CLC\01_Processos_e_Aquisicoes\Base de Conhecimento - Thiago\02_Jurisprudencia_e_Orientacoes\Boletins_TCE_PI\Boletim de Jurisprudencia TCE-PI nº 05 - Maio de 2023.md,C:\Users\thiagonogueira\Dev\base-conhecimento-licitacoes\02_Jurisprudencia_e_Orientacoes\Boletins_TCE_PI\Boletim de Jurisprudencia TCE-PI nº 05 - Maio de 2023.md
IGNORADO_JA_EXISTE,md,C:\Users\thiagonogueira\OneDrive - mppi.mp.br\CLC\01_Processos_e_Aquisicoes\Base de Conhecimento - Thiago\02_Jurisprudencia_e_Orientacoes\Boletins_TCE_PI\Boletim de Jurisprudencia TCE-PI nº 05 - Maio de 2024.md,C:\Users\thiagonogueira\Dev\base-conhecimento-licitacoes\02_Jurisprudencia_e_Orientacoes\Boletins_TCE_PI\Boletim de Jurisprudencia TCE-PI nº 05 - Maio de 2024.md
IGNORADO_JA_EXISTE,md,C:\Users\thiagonogueira\OneDrive - mppi.mp.br\CLC\01_Processos_e_Aquisicoes\Base de Conhecimento - Thiago\02_Jurisprudencia_e_Orientacoes\Boletins_TCE_PI\Boletim de Jurisprudencia TCE-PI nº 05 - Maio de 2025.md,C:\Users\thiagonogueira\Dev\base-conhecimento-licitacoes\02_Jurisprudencia_e_Orientacoes\Boletins_TCE_PI\Boletim de Jurisprudencia TCE-PI nº 05 - Maio de 2025.md
IGNORADO_JA_EXISTE,md,C:\Users\thiagonogueira\OneDrive - mppi.mp.br\CLC\01_Processos_e_Aquisicoes\Base de Conhecimento - Thiago\02_Jurisprudencia_e_Orientacoes\Boletins_TCE_PI\Boletim de Jurisprudencia TCE-PI nº 05 - Maio de 2026.md,C:\Users\thiagonogueira\Dev\base-conhecimento-licitacoes\02_Jurisprudencia_e_Orientacoes\Boletins_TCE_PI\Boletim de Jurisprudencia TCE-PI nº 05 - Maio de 2026.md
IGNORADO_JA_EXISTE,md,C:\Users\thiagonogueira\OneDrive - mppi.mp.br\CLC\01_Processos_e_Aquisicoes\Base de Conhecimento - Thiago\02_Jurisprudencia_e_Orientacoes\Boletins_TCE_PI\Boletim de Jurisprudencia TCE-PI nº 06 - Junho de 2022.md,C:\Users\thiagonogueira\Dev\base-conhecimento-licitacoes\02_Jurisprudencia_e_Orientacoes\Boletins_TCE_PI\Boletim de Jurisprudencia TCE-PI nº 06 - Junho de 2022.md
IGNORADO_JA_EXISTE,md,C:\Users\thiagonogueira\OneDrive - mppi.mp.br\CLC\01_Processos_e_Aquisicoes\Base de Conhecimento - Thiago\02_Jurisprudencia_e_Orientacoes\Boletins_TCE_PI\Boletim de Jurisprudencia TCE-PI nº 06 - Junho de 2023.md,C:\Users\thiagonogueira\Dev\base-conhecimento-licitacoes\02_Jurisprudencia_e_Orientacoes\Boletins_TCE_PI\Boletim de Jurisprudencia TCE-PI nº 06 - Junho de 2023.md
IGNORADO_JA_EXISTE,md,C:\Users\thiagonogueira\OneDrive - mppi.mp.br\CLC\01_Processos_e_Aquisicoes\Base de Conhecimento - Thiago\02_Jurisprudencia_e_Orientacoes\Boletins_TCE_PI\Boletim de Jurisprudencia TCE-PI nº 06 - Junho de 2024.md,C:\Users\thiagonogueira\Dev\base-conhecimento-licitacoes\02_Jurisprudencia_e_Orientacoes\Boletins_TCE_PI\Boletim de Jurisprudencia TCE-PI nº 06 - Junho de 2024.md
IGNORADO_JA_EXISTE,md,C:\Users\thiagonogueira\OneDrive - mppi.mp.br\CLC\01_Processos_e_Aquisicoes\Base de Conhecimento - Thiago\02_Jurisprudencia_e_Orientacoes\Boletins_TCE_PI\Boletim de Jurisprudencia TCE-PI nº 06 - Junho de 2025.md,C:\Users\thiagonogueira\Dev\base-conhecimento-licitacoes\02_Jurisprudencia_e_Orientacoes\Boletins_TCE_PI\Boletim de Jurisprudencia TCE-PI nº 06 - Junho de 2025.md
IGNORADO_JA_EXISTE,md,C:\Users\thiagonogueira\OneDrive - mppi.mp.br\CLC\01_Processos_e_Aquisicoes\Base de Conhecimento - Thiago\02_Jurisprudencia_e_Orientacoes\Boletins_TCE_PI\Boletim de Jurisprudencia TCE-PI nº 06 - Junho de 2026.md,C:\Users\thiagonogueira\Dev\base-conhecimento-licitacoes\02_Jurisprudencia_e_Orientacoes\Boletins_TCE_PI\Boletim de Jurisprudencia TCE-PI nº 06 - Junho de 2026.md
IGNORADO_JA_EXISTE,md,C:\Users\thiagonogueira\OneDrive - mppi.mp.br\CLC\01_Processos_e_Aquisicoes\Base de Conhecimento - Thiago\02_Jurisprudencia_e_Orientacoes\Boletins_TCE_PI\Boletim de Jurisprudencia TCE-PI nº 07 - Julho de 2022.md,C:\Users\thiagonogueira\Dev\base-conhecimento-licitacoes\02_Jurisprudencia_e_Orientacoes\Boletins_TCE_PI\Boletim de Jurisprudencia TCE-PI nº 07 - Julho de 2022.md
IGNORADO_JA_EXISTE,md,C:\Users\thiagonogueira\OneDrive - mppi.mp.br\CLC\01_Processos_e_Aquisicoes\Base de Conhecimento - Thiago\02_Jurisprudencia_e_Orientacoes\Boletins_TCE_PI\Boletim de Jurisprudencia TCE-PI nº 07 - Julho de 2023.md,C:\Users\thiagonogueira\Dev\base-conhecimento-licitacoes\02_Jurisprudencia_e_Orientacoes\Boletins_TCE_PI\Boletim de Jurisprudencia TCE-PI nº 07 - Julho de 2023.md
IGNORADO_JA_EXISTE,md,C:\Users\thiagonogueira\OneDrive - mppi.mp.br\CLC\01_Processos_e_Aquisicoes\Base de Conhecimento - Thiago\02_Jurisprudencia_e_Orientacoes\Boletins_TCE_PI\Boletim de Jurisprudencia TCE-PI nº 07 - Julho de 2024.md,C:\Users\thiagonogueira\Dev\base-conhecimento-licitacoes\02_Jurisprudencia_e_Orientacoes\Boletins_TCE_PI\Boletim de Jurisprudencia TCE-PI nº 07 - Julho de 2024.md
IGNORADO_JA_EXISTE,md,C:\Users\thiagonogueira\OneDrive - mppi.mp.br\CLC\01_Processos_e_Aquisicoes\Base de Conhecimento - Thiago\02_Jurisprudencia_e_Orientacoes\Boletins_TCE_PI\Boletim de Jurisprudencia TCE-PI nº 07 - Julho de 2025.md,C:\Users\thiagonogueira\Dev\base-conhecimento-licitacoes\02_Jurisprudencia_e_Orientacoes\Boletins_TCE_PI\Boletim de Jurisprudencia TCE-PI nº 07 - Julho de 2025.md
IGNORADO_JA_EXISTE,md,C:\Users\thiagonogueira\OneDrive - mppi.mp.br\CLC\01_Processos_e_Aquisicoes\Base de Conhecimento - Thiago\02_Jurisprudencia_e_Orientacoes\Boletins_TCE_PI\Boletim de Jurisprudencia TCE-PI nº 07 - Julho de 2026.md,C:\Users\thiagonogueira\Dev\base-conhecimento-licitacoes\02_Jurisprudencia_e_Orientacoes\Boletins_TCE_PI\Boletim de Jurisprudencia TCE-PI nº 07 - Julho de 2026.md
IGNORADO_JA_EXISTE,md,C:\Users\thiagonogueira\OneDrive - mppi.mp.br\CLC\01_Processos_e_Aquisicoes\Base de Conhecimento - Thiago\02_Jurisprudencia_e_Orientacoes\Boletins_TCE_PI\Boletim de Jurisprudencia TCE-PI nº 08 - Agosto de 2022.md,C:\Users\thiagonogueira\Dev\base-conhecimento-licitacoes\02_Jurisprudencia_e_Orientacoes\Boletins_TCE_PI\Boletim de Jurisprudencia TCE-PI nº 08 - Agosto de 2022.md
IGNORADO_JA_EXISTE,md,C:\Users\thiagonogueira\OneDrive - mppi.mp.br\CLC\01_Processos_e_Aquisicoes\Base de Conhecimento - Thiago\02_Jurisprudencia_e_Orientacoes\Boletins_TCE_PI\Boletim de Jurisprudencia TCE-PI nº 08 - Agosto de 2023.md,C:\Users\thiagonogueira\Dev\base-conhecimento-licitacoes\02_Jurisprudencia_e_Orientacoes\Boletins_TCE_PI\Boletim de Jurisprudencia TCE-PI nº 08 - Agosto de 2023.md
IGNORADO_JA_EXISTE,md,C:\Users\thiagonogueira\OneDrive - mppi.mp.br\CLC\01_Processos_e_Aquisicoes\Base de Conhecimento - Thiago\02_Jurisprudencia_e_Orientacoes\Boletins_TCE_PI\Boletim de Jurisprudencia TCE-PI nº 08 - Agosto de 2024.md,C:\Users\thiagonogueira\Dev\base-conhecimento-licitacoes\02_Jurisprudencia_e_Orientacoes\Boletins_TCE_PI\Boletim de Jurisprudencia TCE-PI nº 08 - Agosto de 2024.md
IGNORADO_JA_EXISTE,md,C:\Users\thiagonogueira\OneDrive - mppi.mp.br\CLC\01_Processos_e_Aquisicoes\Base de Conhecimento - Thiago\02_Jurisprudencia_e_Orientacoes\Boletins_TCE_PI\Boletim de Jurisprudencia TCE-PI nº 08 - Agosto de 2025.md,C:\Users\thiagonogueira\Dev\base-conhecimento-licitacoes\02_Jurisprudencia_e_Orientacoes\Boletins_TCE_PI\Boletim de Jurisprudencia TCE-PI nº 08 - Agosto de 2025.md
IGNORADO_JA_EXISTE,md,C:\Users\thiagonogueira\OneDrive - mppi.mp.br\CLC\01_Processos_e_Aquisicoes\Base de Conhecimento - Thiago\02_Jurisprudencia_e_Orientacoes\Boletins_TCE_PI\Boletim de Jurisprudencia TCE-PI nº 08 - Agosto de 2026.md,C:\Users\thiagonogueira\Dev\base-conhecimento-licitacoes\02_Jurisprudencia_e_Orientacoes\Boletins_TCE_PI\Boletim de Jurisprudencia TCE-PI nº 08 - Agosto de 2026.md
IGNORADO_JA_EXISTE,md,C:\Users\thiagonogueira\OneDrive - mppi.mp.br\CLC\01_Processos_e_Aquisicoes\Base de Conhecimento - Thiago\02_Jurisprudencia_e_Orientacoes\Boletins_TCE_PI\Boletim de Jurisprudencia TCE-PI nº 09 - Setembro de 2022.md,C:\Users\thiagonogueira\Dev\base-conhecimento-licitacoes\02_Jurisprudencia_e_Orientacoes\Boletins_TCE_PI\Boletim de Jurisprudencia TCE-PI nº 09 - Setembro de 2022.md
IGNORADO_JA_EXISTE,md,C:\Users\thiagonogueira\OneDrive - mppi.mp.br\CLC\01_Processos_e_Aquisicoes\Base de Conhecimento - Thiago\02_Jurisprudencia_e_Orientacoes\Boletins_TCE_PI\Boletim de Jurisprudencia TCE-PI nº 09 - Setembro de 2023.md,C:\Users\thiagonogueira\Dev\base-conhecimento-licitacoes\02_Jurisprudencia_e_Orientacoes\Boletins_TCE_PI\Boletim de Jurisprudencia TCE-PI nº 09 - Setembro de 2023.md
IGNORADO_JA_EXISTE,md,C:\Users\thiagonogueira\OneDrive - mppi.mp.br\CLC\01_Processos_e_Aquisicoes\Base de Conhecimento - Thiago\02_Jurisprudencia_e_Orientacoes\Boletins_TCE_PI\Boletim de Jurisprudencia TCE-PI nº 09 - Setembro de 2024.md,C:\Users\thiagonogueira\Dev\base-conhecimento-licitacoes\02_Jurisprudencia_e_Orientacoes\Boletins_TCE_PI\Boletim de Jurisprudencia TCE-PI nº 09 - Setembro de 2024.md
IGNORADO_JA_EXISTE,md,C:\Users\thiagonogueira\OneDrive - mppi.mp.br\CLC\01_Processos_e_Aquisicoes\Base de Conhecimento - Thiago\02_Jurisprudencia_e_Orientacoes\Boletins_TCE_PI\Boletim de Jurisprudencia TCE-PI nº 09 - Setembro de 2025.md,C:\Users\thiagonogueira\Dev\base-conhecimento-licitacoes\02_Jurisprudencia_e_Orientacoes\Boletins_TCE_PI\Boletim de Jurisprudencia TCE-PI nº 09 - Setembro de 2025.md
IGNORADO_JA_EXISTE,md,C:\Users\thiagonogueira\OneDrive - mppi.mp.br\CLC\01_Processos_e_Aquisicoes\Base de Conhecimento - Thiago\02_Jurisprudencia_e_Orientacoes\Boletins_TCE_PI\Boletim de Jurisprudencia TCE-PI nº 10 - Outubro de 2022.md,C:\Users\thiagonogueira\Dev\base-conhecimento-licitacoes\02_Jurisprudencia_e_Orientacoes\Boletins_TCE_PI\Boletim de Jurisprudencia TCE-PI nº 10 - Outubro de 2022.md
IGNORADO_JA_EXISTE,md,C:\Users\thiagonogueira\OneDrive - mppi.mp.br\CLC\01_Processos_e_Aquisicoes\Base de Conhecimento - Thiago\02_Jurisprudencia_e_Orientacoes\Boletins_TCE_PI\Boletim de Jurisprudencia TCE-PI nº 10 - Outubro de 2023.md,C:\Users\thiagonogueira\Dev\base-conhecimento-licitacoes\02_Jurisprudencia_e_Orientacoes\Boletins_TCE_PI\Boletim de Jurisprudencia TCE-PI nº 10 - Outubro de 2023.md
IGNORADO_JA_EXISTE,md,C:\Users\thiagonogueira\OneDrive - mppi.mp.br\CLC\01_Processos_e_Aquisicoes\Base de Conhecimento - Thiago\02_Jurisprudencia_e_Orientacoes\Boletins_TCE_PI\Boletim de Jurisprudencia TCE-PI nº 10 - Outubro de 2024.md,C:\Users\thiagonogueira\Dev\base-conhecimento-licitacoes\02_Jurisprudencia_e_Orientacoes\Boletins_TCE_PI\Boletim de Jurisprudencia TCE-PI nº 10 - Outubro de 2024.md
IGNORADO_JA_EXISTE,md,C:\Users\thiagonogueira\OneDrive - mppi.mp.br\CLC\01_Processos_e_Aquisicoes\Base de Conhecimento - Thiago\02_Jurisprudencia_e_Orientacoes\Boletins_TCE_PI\Boletim de Jurisprudencia TCE-PI nº 10 - Outubro de 2025.md,C:\Users\thiagonogueira\Dev\base-conhecimento-licitacoes\02_Jurisprudencia_e_Orientacoes\Boletins_TCE_PI\Boletim de Jurisprudencia TCE-PI nº 10 - Outubro de 2025.md
IGNORADO_JA_EXISTE,md,C:\Users\thiagonogueira\OneDrive - mppi.mp.br\CLC\01_Processos_e_Aquisicoes\Base de Conhecimento - Thiago\02_Jurisprudencia_e_Orientacoes\Boletins_TCE_PI\Boletim de Jurisprudencia TCE-PI nº 11 - Novembro de 2022.md,C:\Users\thiagonogueira\Dev\base-conhecimento-licitacoes\02_Jurisprudencia_e_Orientacoes\Boletins_TCE_PI\Boletim de Jurisprudencia TCE-PI nº 11 - Novembro de 2022.md
IGNORADO_JA_EXISTE,md,C:\Users\thiagonogueira\OneDrive - mppi.mp.br\CLC\01_Processos_e_Aquisicoes\Base de Conhecimento - Thiago\02_Jurisprudencia_e_Orientacoes\Boletins_TCE_PI\Boletim de Jurisprudencia TCE-PI nº 11 - Novembro de 2023.md,C:\Users\thiagonogueira\Dev\base-conhecimento-licitacoes\02_Jurisprudencia_e_Orientacoes\Boletins_TCE_PI\Boletim de Jurisprudencia TCE-PI nº 11 - Novembro de 2023.md
IGNORADO_JA_EXISTE,md,C:\Users\thiagonogueira\OneDrive - mppi.mp.br\CLC\01_Processos_e_Aquisicoes\Base de Conhecimento - Thiago\02_Jurisprudencia_e_Orientacoes\Boletins_TCE_PI\Boletim de Jurisprudencia TCE-PI nº 11 - Novembro de 2024.md,C:\Users\thiagonogueira\Dev\base-conhecimento-licitacoes\02_Jurisprudencia_e_Orientacoes\Boletins_TCE_PI\Boletim de Jurisprudencia TCE-PI nº 11 - Novembro de 2024.md
IGNORADO_JA_EXISTE,md,C:\Users\thiagonogueira\OneDrive - mppi.mp.br\CLC\01_Processos_e_Aquisicoes\Base de Conhecimento - Thiago\02_Jurisprudencia_e_Orientacoes\Boletins_TCE_PI\Boletim de Jurisprudencia TCE-PI nº 11 - Novembro de 2025.md,C:\Users\thiagonogueira\Dev\base-conhecimento-licitacoes\02_Jurisprudencia_e_Orientacoes\Boletins_TCE_PI\Boletim de Jurisprudencia TCE-PI nº 11 - Novembro de 2025.md
IGNORADO_JA_EXISTE,md,C:\Users\thiagonogueira\OneDrive - mppi.mp.br\CLC\01_Processos_e_Aquisicoes\Base de Conhecimento - Thiago\02_Jurisprudencia_e_Orientacoes\Boletins_TCE_PI\Boletim de Jurisprudencia TCE-PI nº 12 - Dezembro de 2022.md,C:\Users\thiagonogueira\Dev\base-conhecimento-licitacoes\02_Jurisprudencia_e_Orientacoes\Boletins_TCE_PI\Boletim de Jurisprudencia TCE-PI nº 12 - Dezembro de 2022.md
IGNORADO_JA_EXISTE,md,C:\Users\thiagonogueira\OneDrive - mppi.mp.br\CLC\01_Processos_e_Aquisicoes\Base de Conhecimento - Thiago\02_Jurisprudencia_e_Orientacoes\Boletins_TCE_PI\Boletim de Jurisprudencia TCE-PI nº 12 - Dezembro de 2023.md,C:\Users\thiagonogueira\Dev\base-conhecimento-licitacoes\02_Jurisprudencia_e_Orientacoes\Boletins_TCE_PI\Boletim de Jurisprudencia TCE-PI nº 12 - Dezembro de 2023.md
IGNORADO_JA_EXISTE,md,C:\Users\thiagonogueira\OneDrive - mppi.mp.br\CLC\01_Processos_e_Aquisicoes\Base de Conhecimento - Thiago\02_Jurisprudencia_e_Orientacoes\Boletins_TCE_PI\Boletim de Jurisprudencia TCE-PI nº 12 - Dezembro de 2024.md,C:\Users\thiagonogueira\Dev\base-conhecimento-licitacoes\02_Jurisprudencia_e_Orientacoes\Boletins_TCE_PI\Boletim de Jurisprudencia TCE-PI nº 12 - Dezembro de 2024.md
IGNORADO_JA_EXISTE,md,C:\Users\thiagonogueira\OneDrive - mppi.mp.br\CLC\01_Processos_e_Aquisicoes\Base de Conhecimento - Thiago\02_Jurisprudencia_e_Orientacoes\Boletins_TCE_PI\Boletim de Jurisprudencia TCE-PI nº 12 - Dezembro de 2025.md,C:\Users\thiagonogueira\Dev\base-conhecimento-licitacoes\02_Jurisprudencia_e_Orientacoes\Boletins_TCE_PI\Boletim de Jurisprudencia TCE-PI nº 12 - Dezembro de 2025.md
IGNORADO_JA_EXISTE,md,C:\Users\thiagonogueira\OneDrive - mppi.mp.br\CLC\01_Processos_e_Aquisicoes\Base de Conhecimento - Thiago\02_Jurisprudencia_e_Orientacoes\Boletins_TCE_PI\merged 2023.md,C:\Users\thiagonogueira\Dev\base-conhecimento-licitacoes\02_Jurisprudencia_e_Orientacoes\Boletins_TCE_PI\merged 2023.md
IGNORADO_JA_EXISTE,md,C:\Users\thiagonogueira\OneDrive - mppi.mp.br\CLC\01_Processos_e_Aquisicoes\Base de Conhecimento - Thiago\02_Jurisprudencia_e_Orientacoes\Boletins_TCE_PI\merged 2024.md,C:\Users\thiagonogueira\Dev\base-conhecimento-licitacoes\02_Jurisprudencia_e_Orientacoes\Boletins_TCE_PI\merged 2024.md
IGNORADO_JA_EXISTE,md,C:\Users\thiagonogueira\OneDrive - mppi.mp.br\CLC\01_Processos_e_Aquisicoes\Base de Conhecimento - Thiago\02_Jurisprudencia_e_Orientacoes\Boletins_TCE_PI\merged 2025.md,C:\Users\thiagonogueira\Dev\base-conhecimento-licitacoes\02_Jurisprudencia_e_Orientacoes\Boletins_TCE_PI\merged 2025.md
IGNORADO_JA_EXISTE,md,C:\Users\thiagonogueira\OneDrive - mppi.mp.br\CLC\01_Processos_e_Aquisicoes\Base de Conhecimento - Thiago\02_Jurisprudencia_e_Orientacoes\Informativos_Guia_Lici\Boletim Guia Lici - Consolidado Anual 2025.md,C:\Users\thiagonogueira\Dev\base-conhecimento-licitacoes\02_Jurisprudencia_e_Orientacoes\Informativos_Guia_Lici\Boletim Guia Lici - Consolidado Anual 2025.md
IGNORADO_JA_EXISTE,md,C:\Users\thiagonogueira\OneDrive - mppi.mp.br\CLC\01_Processos_e_Aquisicoes\Base de Conhecimento - Thiago\02_Jurisprudencia_e_Orientacoes\Informativos_Guia_Lici\Boletim Guia Lici - Consolidado Anual 2026.md,C:\Users\thiagonogueira\Dev\base-conhecimento-licitacoes\02_Jurisprudencia_e_Orientacoes\Informativos_Guia_Lici\Boletim Guia Lici - Consolidado Anual 2026.md
IGNORADO_JA_EXISTE,md,C:\Users\thiagonogueira\OneDrive - mppi.mp.br\CLC\01_Processos_e_Aquisicoes\Base de Conhecimento - Thiago\02_Jurisprudencia_e_Orientacoes\Informativos_Julgamentos_TCE_PI\00_PAINEL_CONSOLIDADO_JURISPRUDENCIA_TCE_PI.md,C:\Users\thiagonogueira\Dev\base-conhecimento-licitacoes\02_Jurisprudencia_e_Orientacoes\Informativos_Julgamentos_TCE_PI\00_PAINEL_CONSOLIDADO_JURISPRUDENCIA_TCE_PI.md
IGNORADO_JA_EXISTE,md,C:\Users\thiagonogueira\OneDrive - mppi.mp.br\CLC\01_Processos_e_Aquisicoes\Base de Conhecimento - Thiago\02_Jurisprudencia_e_Orientacoes\Informativos_Julgamentos_TCE_PI\01_Licitacoes_e_Contratos_Julgados_TCE_PI.md,C:\Users\thiagonogueira\Dev\base-conhecimento-licitacoes\02_Jurisprudencia_e_Orientacoes\Informativos_Julgamentos_TCE_PI\01_Licitacoes_e_Contratos_Julgados_TCE_PI.md
IGNORADO_JA_EXISTE,md,C:\Users\thiagonogueira\OneDrive - mppi.mp.br\CLC\01_Processos_e_Aquisicoes\Base de Conhecimento - Thiago\02_Jurisprudencia_e_Orientacoes\Informativos_Julgamentos_TCE_PI\02_Denuncias_Licitacoes_e_Fraudes_TCE_PI.md,C:\Users\thiagonogueira\Dev\base-conhecimento-licitacoes\02_Jurisprudencia_e_Orientacoes\Informativos_Julgamentos_TCE_PI\02_Denuncias_Licitacoes_e_Fraudes_TCE_PI.md
IGNORADO_JA_EXISTE,md,C:\Users\thiagonogueira\OneDrive - mppi.mp.br\CLC\01_Processos_e_Aquisicoes\Base de Conhecimento - Thiago\02_Jurisprudencia_e_Orientacoes\Informativos_Julgamentos_TCE_PI\03_Recursos_Agravos_Embargos_TCE_PI.md,C:\Users\thiagonogueira\Dev\base-conhecimento-licitacoes\02_Jurisprudencia_e_Orientacoes\Informativos_Julgamentos_TCE_PI\03_Recursos_Agravos_Embargos_TCE_PI.md
IGNORADO_JA_EXISTE,md,C:\Users\thiagonogueira\OneDrive - mppi.mp.br\CLC\01_Processos_e_Aquisicoes\Base de Conhecimento - Thiago\02_Jurisprudencia_e_Orientacoes\Informativos_Julgamentos_TCE_PI\04_Tomadas_de_Contas_Especiais_TCE_PI.md,C:\Users\thiagonogueira\Dev\base-conhecimento-licitacoes\02_Jurisprudencia_e_Orientacoes\Informativos_Julgamentos_TCE_PI\04_Tomadas_de_Contas_Especiais_TCE_PI.md
IGNORADO_JA_EXISTE,md,C:\Users\thiagonogueira\OneDrive - mppi.mp.br\CLC\01_Processos_e_Aquisicoes\Base de Conhecimento - Thiago\02_Jurisprudencia_e_Orientacoes\Informativos_Julgamentos_TCE_PI\05_Representacoes_Licitantes_TCE_PI.md,C:\Users\thiagonogueira\Dev\base-conhecimento-licitacoes\02_Jurisprudencia_e_Orientacoes\Informativos_Julgamentos_TCE_PI\05_Representacoes_Licitantes_TCE_PI.md
IGNORADO_JA_EXISTE,md,C:\Users\thiagonogueira\OneDrive - mppi.mp.br\CLC\01_Processos_e_Aquisicoes\Base de Conhecimento - Thiago\02_Jurisprudencia_e_Orientacoes\Informativos_Julgamentos_TCE_PI\06_Prestacoes_de_Contas_TCE_PI.md,C:\Users\thiagonogueira\Dev\base-conhecimento-licitacoes\02_Jurisprudencia_e_Orientacoes\Informativos_Julgamentos_TCE_PI\06_Prestacoes_de_Contas_TCE_PI.md
IGNORADO_JA_EXISTE,md,C:\Users\thiagonogueira\OneDrive - mppi.mp.br\CLC\01_Processos_e_Aquisicoes\Base de Conhecimento - Thiago\02_Jurisprudencia_e_Orientacoes\Informativos_Julgamentos_TCE_PI\07_Auditorias_e_Medidas_Cautelares_TCE_PI.md,C:\Users\thiagonogueira\Dev\base-conhecimento-licitacoes\02_Jurisprudencia_e_Orientacoes\Informativos_Julgamentos_TCE_PI\07_Auditorias_e_Medidas_Cautelares_TCE_PI.md
IGNORADO_JA_EXISTE,md,C:\Users\thiagonogueira\OneDrive - mppi.mp.br\CLC\01_Processos_e_Aquisicoes\Base de Conhecimento - Thiago\02_Jurisprudencia_e_Orientacoes\Informativos_Julgamentos_TCE_PI\08_Outros_Procedimentos_e_Consultas_TCE_PI.md,C:\Users\thiagonogueira\Dev\base-conhecimento-licitacoes\02_Jurisprudencia_e_Orientacoes\Informativos_Julgamentos_TCE_PI\08_Outros_Procedimentos_e_Consultas_TCE_PI.md
IGNORADO_JA_EXISTE,md,C:\Users\thiagonogueira\OneDrive - mppi.mp.br\CLC\01_Processos_e_Aquisicoes\Base de Conhecimento - Thiago\02_Jurisprudencia_e_Orientacoes\Informativos_Julgamentos_TCE_PI\Informativo-17-09-2026.md,C:\Users\thiagonogueira\Dev\base-conhecimento-licitacoes\02_Jurisprudencia_e_Orientacoes\Informativos_Julgamentos_TCE_PI\Informativo-17-09-2026.md
IGNORADO_JA_EXISTE,md,C:\Users\thiagonogueira\OneDrive - mppi.mp.br\CLC\01_Processos_e_Aquisicoes\Base de Conhecimento - Thiago\02_Jurisprudencia_e_Orientacoes\Informativos_Julgamentos_TCE_PI\Plen_rio_Presencial_2__C_mara___Sess_o_Ordin_ria_Virtual_de_13_a_17_de_abril_de_.md,C:\Users\thiagonogueira\Dev\base-conhecimento-licitacoes\02_Jurisprudencia_e_Orientacoes\Informativos_Julgamentos_TCE_PI\Plen_rio_Presencial_2__C_mara___Sess_o_Ordin_ria_Virtual_de_13_a_17_de_abril_de_.md
IGNORADO_JA_EXISTE,md,C:\Users\thiagonogueira\OneDrive - mppi.mp.br\CLC\01_Processos_e_Aquisicoes\Base de Conhecimento - Thiago\02_Jurisprudencia_e_Orientacoes\Informativos_Julgamentos_TCE_PI\Plen_rio_Presencial_2__C_mara___Sess_o_Ordin_ria_Virtual_de_18_a_22_de_maio_de_2.md,C:\Users\thiagonogueira\Dev\base-conhecimento-licitacoes\02_Jurisprudencia_e_Orientacoes\Informativos_Julgamentos_TCE_PI\Plen_rio_Presencial_2__C_mara___Sess_o_Ordin_ria_Virtual_de_18_a_22_de_maio_de_2.md
IGNORADO_JA_EXISTE,md,C:\Users\thiagonogueira\OneDrive - mppi.mp.br\CLC\01_Processos_e_Aquisicoes\Base de Conhecimento - Thiago\02_Jurisprudencia_e_Orientacoes\Informativos_Julgamentos_TCE_PI\Plen_rio_Presencial_Pleno___Sess_o_Ordin_ria_Presencial_n__004_de_13_de_mar_o_de.md,C:\Users\thiagonogueira\Dev\base-conhecimento-licitacoes\02_Jurisprudencia_e_Orientacoes\Informativos_Julgamentos_TCE_PI\Plen_rio_Presencial_Pleno___Sess_o_Ordin_ria_Presencial_n__004_de_13_de_mar_o_de.md
IGNORADO_JA_EXISTE,md,C:\Users\thiagonogueira\OneDrive - mppi.mp.br\CLC\01_Processos_e_Aquisicoes\Base de Conhecimento - Thiago\02_Jurisprudencia_e_Orientacoes\Informativos_Julgamentos_TCE_PI\Plen_rio_Presencial_Pleno___Sess_o_Ordin_ria_Presencial_n__010_de_11_de_junho_de.md,C:\Users\thiagonogueira\Dev\base-conhecimento-licitacoes\02_Jurisprudencia_e_Orientacoes\Informativos_Julgamentos_TCE_PI\Plen_rio_Presencial_Pleno___Sess_o_Ordin_ria_Presencial_n__010_de_11_de_junho_de.md
IGNORADO_JA_EXISTE,md,C:\Users\thiagonogueira\OneDrive - mppi.mp.br\CLC\01_Processos_e_Aquisicoes\Base de Conhecimento - Thiago\02_Jurisprudencia_e_Orientacoes\Informativos_Julgamentos_TCE_PI\Plen_rio_Presencial_Pleno___Sess_o_Ordin_ria_Presencial_n__011_de_25_de_junho_de.md,C:\Users\thiagonogueira\Dev\base-conhecimento-licitacoes\02_Jurisprudencia_e_Orientacoes\Informativos_Julgamentos_TCE_PI\Plen_rio_Presencial_Pleno___Sess_o_Ordin_ria_Presencial_n__011_de_25_de_junho_de.md
IGNORADO_JA_EXISTE,md,C:\Users\thiagonogueira\OneDrive - mppi.mp.br\CLC\01_Processos_e_Aquisicoes\Base de Conhecimento - Thiago\02_Jurisprudencia_e_Orientacoes\Informativos_Julgamentos_TCE_PI\Plen_rio_Presencial_Pleno___Sess_o_Ordin_ria_Presencial_n__012_de_09_de_julho_de.md,C:\Users\thiagonogueira\Dev\base-conhecimento-licitacoes\02_Jurisprudencia_e_Orientacoes\Informativos_Julgamentos_TCE_PI\Plen_rio_Presencial_Pleno___Sess_o_Ordin_ria_Presencial_n__012_de_09_de_julho_de.md
IGNORADO_JA_EXISTE,md,C:\Users\thiagonogueira\OneDrive - mppi.mp.br\CLC\01_Processos_e_Aquisicoes\Base de Conhecimento - Thiago\02_Jurisprudencia_e_Orientacoes\Informativos_Julgamentos_TCE_PI\Plen_rio_Presencial_Pleno___Sess_o_Ordin_ria_Presencial_n__013_de_16_de_julho_de.md,C:\Users\thiagonogueira\Dev\base-conhecimento-licitacoes\02_Jurisprudencia_e_Orientacoes\Informativos_Julgamentos_TCE_PI\Plen_rio_Presencial_Pleno___Sess_o_Ordin_ria_Presencial_n__013_de_16_de_julho_de.md
IGNORADO_JA_EXISTE,md,C:\Users\thiagonogueira\OneDrive - mppi.mp.br\CLC\01_Processos_e_Aquisicoes\Base de Conhecimento - Thiago\02_Jurisprudencia_e_Orientacoes\Informativos_Julgamentos_TCE_PI\Plen_rio_Presencial_Pleno___Sess_o_Ordin_ria_Presencial_n__014_de_23_de_julho_de.md,C:\Users\thiagonogueira\Dev\base-conhecimento-licitacoes\02_Jurisprudencia_e_Orientacoes\Informativos_Julgamentos_TCE_PI\Plen_rio_Presencial_Pleno___Sess_o_Ordin_ria_Presencial_n__014_de_23_de_julho_de.md
IGNORADO_JA_EXISTE,md,C:\Users\thiagonogueira\OneDrive - mppi.mp.br\CLC\01_Processos_e_Aquisicoes\Base de Conhecimento - Thiago\02_Jurisprudencia_e_Orientacoes\Informativos_Julgamentos_TCE_PI\Plen_rio_Presencial_Pleno___Sess_o_Ordin_ria_Presencial_n__015_de_06_de_agosto_d.md,C:\Users\thiagonogueira\Dev\base-conhecimento-licitacoes\02_Jurisprudencia_e_Orientacoes\Informativos_Julgamentos_TCE_PI\Plen_rio_Presencial_Pleno___Sess_o_Ordin_ria_Presencial_n__015_de_06_de_agosto_d.md
IGNORADO_JA_EXISTE,md,C:\Users\thiagonogueira\OneDrive - mppi.mp.br\CLC\01_Processos_e_Aquisicoes\Base de Conhecimento - Thiago\02_Jurisprudencia_e_Orientacoes\Informativos_Julgamentos_TCE_PI\Plen_rio_Presencial_Pleno___Sess_o_Ordin_ria_Presencial_n__016_de_20_de_agosto_d.md,C:\Users\thiagonogueira\Dev\base-conhecimento-licitacoes\02_Jurisprudencia_e_Orientacoes\Informativos_Julgamentos_TCE_PI\Plen_rio_Presencial_Pleno___Sess_o_Ordin_ria_Presencial_n__016_de_20_de_agosto_d.md
IGNORADO_JA_EXISTE,md,C:\Users\thiagonogueira\OneDrive - mppi.mp.br\CLC\01_Processos_e_Aquisicoes\Base de Conhecimento - Thiago\02_Jurisprudencia_e_Orientacoes\Informativos_Julgamentos_TCE_PI\Plen_rio_Presencial_Pleno___Sess_o_Ordin_ria_Presencial_n__017_de_03_de_setembro.md,C:\Users\thiagonogueira\Dev\base-conhecimento-licitacoes\02_Jurisprudencia_e_Orientacoes\Informativos_Julgamentos_TCE_PI\Plen_rio_Presencial_Pleno___Sess_o_Ordin_ria_Presencial_n__017_de_03_de_setembro.md
IGNORADO_JA_EXISTE,md,C:\Users\thiagonogueira\OneDrive - mppi.mp.br\CLC\01_Processos_e_Aquisicoes\Base de Conhecimento - Thiago\02_Jurisprudencia_e_Orientacoes\Informativos_Julgamentos_TCE_PI\Plen_rio_Presencial_Pleno___Sess_o_Ordin_ria_Presencial_n__01_de_29_de_janeiro_d.md,C:\Users\thiagonogueira\Dev\base-conhecimento-licitacoes\02_Jurisprudencia_e_Orientacoes\Informativos_Julgamentos_TCE_PI\Plen_rio_Presencial_Pleno___Sess_o_Ordin_ria_Presencial_n__01_de_29_de_janeiro_d.md
IGNORADO_JA_EXISTE,md,C:\Users\thiagonogueira\OneDrive - mppi.mp.br\CLC\01_Processos_e_Aquisicoes\Base de Conhecimento - Thiago\02_Jurisprudencia_e_Orientacoes\Informativos_Julgamentos_TCE_PI\Plen_rio_Presencial_Pleno___Sess_o_Ordin_ria_Presencial_n__02_de_12_de_fevereiro.md,C:\Users\thiagonogueira\Dev\base-conhecimento-licitacoes\02_Jurisprudencia_e_Orientacoes\Informativos_Julgamentos_TCE_PI\Plen_rio_Presencial_Pleno___Sess_o_Ordin_ria_Presencial_n__02_de_12_de_fevereiro.md
IGNORADO_JA_EXISTE,md,C:\Users\thiagonogueira\OneDrive - mppi.mp.br\CLC\01_Processos_e_Aquisicoes\Base de Conhecimento - Thiago\02_Jurisprudencia_e_Orientacoes\Informativos_Julgamentos_TCE_PI\Plen_rio_Presencial_Pleno___Sess_o_Ordin_ria_Presencial_n__05_de_26_de_mar_o_de_.md,C:\Users\thiagonogueira\Dev\base-conhecimento-licitacoes\02_Jurisprudencia_e_Orientacoes\Informativos_Julgamentos_TCE_PI\Plen_rio_Presencial_Pleno___Sess_o_Ordin_ria_Presencial_n__05_de_26_de_mar_o_de_.md
IGNORADO_JA_EXISTE,md,C:\Users\thiagonogueira\OneDrive - mppi.mp.br\CLC\01_Processos_e_Aquisicoes\Base de Conhecimento - Thiago\02_Jurisprudencia_e_Orientacoes\Informativos_Julgamentos_TCE_PI\Plen_rio_Presencial_Pleno___Sess_o_Ordin_ria_Presencial_n__06_de_09_de_abril_de_.md,C:\Users\thiagonogueira\Dev\base-conhecimento-licitacoes\02_Jurisprudencia_e_Orientacoes\Informativos_Julgamentos_TCE_PI\Plen_rio_Presencial_Pleno___Sess_o_Ordin_ria_Presencial_n__06_de_09_de_abril_de_.md
IGNORADO_JA_EXISTE,md,C:\Users\thiagonogueira\OneDrive - mppi.mp.br\CLC\01_Processos_e_Aquisicoes\Base de Conhecimento - Thiago\02_Jurisprudencia_e_Orientacoes\Informativos_Julgamentos_TCE_PI\Plen_rio_Presencial_Pleno___Sess_o_Ordin_ria_Presencial_n__07_de_30_de_abril_de_.md,C:\Users\thiagonogueira\Dev\base-conhecimento-licitacoes\02_Jurisprudencia_e_Orientacoes\Informativos_Julgamentos_TCE_PI\Plen_rio_Presencial_Pleno___Sess_o_Ordin_ria_Presencial_n__07_de_30_de_abril_de_.md
IGNORADO_JA_EXISTE,md,C:\Users\thiagonogueira\OneDrive - mppi.mp.br\CLC\01_Processos_e_Aquisicoes\Base de Conhecimento - Thiago\02_Jurisprudencia_e_Orientacoes\Informativos_Julgamentos_TCE_PI\Plen_rio_Presencial_Pleno___Sess_o_Ordin_ria_Presencial_n__08_de_14_de_maio_de_2.md,C:\Users\thiagonogueira\Dev\base-conhecimento-licitacoes\02_Jurisprudencia_e_Orientacoes\Informativos_Julgamentos_TCE_PI\Plen_rio_Presencial_Pleno___Sess_o_Ordin_ria_Presencial_n__08_de_14_de_maio_de_2.md
IGNORADO_JA_EXISTE,md,C:\Users\thiagonogueira\OneDrive - mppi.mp.br\CLC\01_Processos_e_Aquisicoes\Base de Conhecimento - Thiago\02_Jurisprudencia_e_Orientacoes\Informativos_Julgamentos_TCE_PI\Plen_rio_Presencial_Pleno___Sess_o_Ordin_ria_Presencial_n__09_de_28_de_maio_de_2.md,C:\Users\thiagonogueira\Dev\base-conhecimento-licitacoes\02_Jurisprudencia_e_Orientacoes\Informativos_Julgamentos_TCE_PI\Plen_rio_Presencial_Pleno___Sess_o_Ordin_ria_Presencial_n__09_de_28_de_maio_de_2.md
IGNORADO_JA_EXISTE,md,C:\Users\thiagonogueira\OneDrive - mppi.mp.br\CLC\01_Processos_e_Aquisicoes\Base de Conhecimento - Thiago\02_Jurisprudencia_e_Orientacoes\Informativos_Julgamentos_TCE_PI\Plen_rio_Presencial_Pleno___Sess_o_Ordin_ria_Presencial_n__21_de_15_de_dezembro_.md,C:\Users\thiagonogueira\Dev\base-conhecimento-licitacoes\02_Jurisprudencia_e_Orientacoes\Informativos_Julgamentos_TCE_PI\Plen_rio_Presencial_Pleno___Sess_o_Ordin_ria_Presencial_n__21_de_15_de_dezembro_.md
IGNORADO_JA_EXISTE,md,C:\Users\thiagonogueira\OneDrive - mppi.mp.br\CLC\01_Processos_e_Aquisicoes\Base de Conhecimento - Thiago\02_Jurisprudencia_e_Orientacoes\Informativos_Julgamentos_TCE_PI\Plen_rio_Virtual_Pleno___Sess_o_Ordin_ria_Virtual_de_03_a_07_de_agosto_de_2026_.md,C:\Users\thiagonogueira\Dev\base-conhecimento-licitacoes\02_Jurisprudencia_e_Orientacoes\Informativos_Julgamentos_TCE_PI\Plen_rio_Virtual_Pleno___Sess_o_Ordin_ria_Virtual_de_03_a_07_de_agosto_de_2026_.md
IGNORADO_JA_EXISTE,md,C:\Users\thiagonogueira\OneDrive - mppi.mp.br\CLC\01_Processos_e_Aquisicoes\Base de Conhecimento - Thiago\02_Jurisprudencia_e_Orientacoes\Informativos_Julgamentos_TCE_PI\Plen_rio_Virtual_Pleno___Sess_o_Ordin_ria_Virtual_de_04_a_08_de_maio_de_2026_.md,C:\Users\thiagonogueira\Dev\base-conhecimento-licitacoes\02_Jurisprudencia_e_Orientacoes\Informativos_Julgamentos_TCE_PI\Plen_rio_Virtual_Pleno___Sess_o_Ordin_ria_Virtual_de_04_a_08_de_maio_de_2026_.md
IGNORADO_JA_EXISTE,md,C:\Users\thiagonogueira\OneDrive - mppi.mp.br\CLC\01_Processos_e_Aquisicoes\Base de Conhecimento - Thiago\02_Jurisprudencia_e_Orientacoes\Informativos_Julgamentos_TCE_PI\Plen_rio_Virtual_Pleno___Sess_o_Ordin_ria_Virtual_de_06_a_10_de_julho_de_2026_.md,C:\Users\thiagonogueira\Dev\base-conhecimento-licitacoes\02_Jurisprudencia_e_Orientacoes\Informativos_Julgamentos_TCE_PI\Plen_rio_Virtual_Pleno___Sess_o_Ordin_ria_Virtual_de_06_a_10_de_julho_de_2026_.md
IGNORADO_JA_EXISTE,md,C:\Users\thiagonogueira\OneDrive - mppi.mp.br\CLC\01_Processos_e_Aquisicoes\Base de Conhecimento - Thiago\02_Jurisprudencia_e_Orientacoes\Informativos_Julgamentos_TCE_PI\Plen_rio_Virtual_Pleno___Sess_o_Ordin_ria_Virtual_de_08_a_11_de_setembro_de_2026.md,C:\Users\thiagonogueira\Dev\base-conhecimento-licitacoes\02_Jurisprudencia_e_Orientacoes\Informativos_Julgamentos_TCE_PI\Plen_rio_Virtual_Pleno___Sess_o_Ordin_ria_Virtual_de_08_a_11_de_setembro_de_2026.md
IGNORADO_JA_EXISTE,md,C:\Users\thiagonogueira\OneDrive - mppi.mp.br\CLC\01_Processos_e_Aquisicoes\Base de Conhecimento - Thiago\02_Jurisprudencia_e_Orientacoes\Informativos_Julgamentos_TCE_PI\Plen_rio_Virtual_Pleno___Sess_o_Ordin_ria_Virtual_de_08_a_12_de_junho_de_2026_.md,C:\Users\thiagonogueira\Dev\base-conhecimento-licitacoes\02_Jurisprudencia_e_Orientacoes\Informativos_Julgamentos_TCE_PI\Plen_rio_Virtual_Pleno___Sess_o_Ordin_ria_Virtual_de_08_a_12_de_junho_de_2026_.md
IGNORADO_JA_EXISTE,md,C:\Users\thiagonogueira\OneDrive - mppi.mp.br\CLC\01_Processos_e_Aquisicoes\Base de Conhecimento - Thiago\02_Jurisprudencia_e_Orientacoes\Informativos_Julgamentos_TCE_PI\Plen_rio_Virtual_Pleno___Sess_o_Ordin_ria_Virtual_de_10_a_14_de_agosto_de_2026_.md,C:\Users\thiagonogueira\Dev\base-conhecimento-licitacoes\02_Jurisprudencia_e_Orientacoes\Informativos_Julgamentos_TCE_PI\Plen_rio_Virtual_Pleno___Sess_o_Ordin_ria_Virtual_de_10_a_14_de_agosto_de_2026_.md
IGNORADO_JA_EXISTE,md,C:\Users\thiagonogueira\OneDrive - mppi.mp.br\CLC\01_Processos_e_Aquisicoes\Base de Conhecimento - Thiago\02_Jurisprudencia_e_Orientacoes\Informativos_Julgamentos_TCE_PI\Plen_rio_Virtual_Pleno___Sess_o_Ordin_ria_Virtual_de_11_a_15_de_maio_de_2026_.md,C:\Users\thiagonogueira\Dev\base-conhecimento-licitacoes\02_Jurisprudencia_e_Orientacoes\Informativos_Julgamentos_TCE_PI\Plen_rio_Virtual_Pleno___Sess_o_Ordin_ria_Virtual_de_11_a_15_de_maio_de_2026_.md
IGNORADO_JA_EXISTE,md,C:\Users\thiagonogueira\OneDrive - mppi.mp.br\CLC\01_Processos_e_Aquisicoes\Base de Conhecimento - Thiago\02_Jurisprudencia_e_Orientacoes\Informativos_Julgamentos_TCE_PI\Plen_rio_Virtual_Pleno___Sess_o_Ordin_ria_Virtual_de_13_a_17_de_julho_de_2026_.md,C:\Users\thiagonogueira\Dev\base-conhecimento-licitacoes\02_Jurisprudencia_e_Orientacoes\Informativos_Julgamentos_TCE_PI\Plen_rio_Virtual_Pleno___Sess_o_Ordin_ria_Virtual_de_13_a_17_de_julho_de_2026_.md
IGNORADO_JA_EXISTE,md,C:\Users\thiagonogueira\OneDrive - mppi.mp.br\CLC\01_Processos_e_Aquisicoes\Base de Conhecimento - Thiago\02_Jurisprudencia_e_Orientacoes\Informativos_Julgamentos_TCE_PI\Plen_rio_Virtual_Pleno___Sess_o_Ordin_ria_Virtual_de_14_a_18_de_setembro_de_2026.md,C:\Users\thiagonogueira\Dev\base-conhecimento-licitacoes\02_Jurisprudencia_e_Orientacoes\Informativos_Julgamentos_TCE_PI\Plen_rio_Virtual_Pleno___Sess_o_Ordin_ria_Virtual_de_14_a_18_de_setembro_de_2026.md
IGNORADO_JA_EXISTE,md,C:\Users\thiagonogueira\OneDrive - mppi.mp.br\CLC\01_Processos_e_Aquisicoes\Base de Conhecimento - Thiago\02_Jurisprudencia_e_Orientacoes\Informativos_Julgamentos_TCE_PI\Plen_rio_Virtual_Pleno___Sess_o_Ordin_ria_Virtual_de_15_a_19_de_junho_de_2026_.md,C:\Users\thiagonogueira\Dev\base-conhecimento-licitacoes\02_Jurisprudencia_e_Orientacoes\Informativos_Julgamentos_TCE_PI\Plen_rio_Virtual_Pleno___Sess_o_Ordin_ria_Virtual_de_15_a_19_de_junho_de_2026_.md
IGNORADO_JA_EXISTE,md,C:\Users\thiagonogueira\OneDrive - mppi.mp.br\CLC\01_Processos_e_Aquisicoes\Base de Conhecimento - Thiago\02_Jurisprudencia_e_Orientacoes\Informativos_Julgamentos_TCE_PI\Plen_rio_Virtual_Pleno___Sess_o_Ordin_ria_Virtual_de_17_a_21_de_agosto_de_2026_.md,C:\Users\thiagonogueira\Dev\base-conhecimento-licitacoes\02_Jurisprudencia_e_Orientacoes\Informativos_Julgamentos_TCE_PI\Plen_rio_Virtual_Pleno___Sess_o_Ordin_ria_Virtual_de_17_a_21_de_agosto_de_2026_.md
IGNORADO_JA_EXISTE,md,C:\Users\thiagonogueira\OneDrive - mppi.mp.br\CLC\01_Processos_e_Aquisicoes\Base de Conhecimento - Thiago\02_Jurisprudencia_e_Orientacoes\Informativos_Julgamentos_TCE_PI\Plen_rio_Virtual_Pleno___Sess_o_Ordin_ria_Virtual_de_18_a_22_de_maio_de_2026_.md,C:\Users\thiagonogueira\Dev\base-conhecimento-licitacoes\02_Jurisprudencia_e_Orientacoes\Informativos_Julgamentos_TCE_PI\Plen_rio_Virtual_Pleno___Sess_o_Ordin_ria_Virtual_de_18_a_22_de_maio_de_2026_.md
IGNORADO_JA_EXISTE,md,C:\Users\thiagonogueira\OneDrive - mppi.mp.br\CLC\01_Processos_e_Aquisicoes\Base de Conhecimento - Thiago\02_Jurisprudencia_e_Orientacoes\Informativos_Julgamentos_TCE_PI\Plen_rio_Virtual_Pleno___Sess_o_Ordin_ria_Virtual_de_1__a_05_de_junho_de_2026_.md,C:\Users\thiagonogueira\Dev\base-conhecimento-licitacoes\02_Jurisprudencia_e_Orientacoes\Informativos_Julgamentos_TCE_PI\Plen_rio_Virtual_Pleno___Sess_o_Ordin_ria_Virtual_de_1__a_05_de_junho_de_2026_.md
IGNORADO_JA_EXISTE,md,C:\Users\thiagonogueira\OneDrive - mppi.mp.br\CLC\01_Processos_e_Aquisicoes\Base de Conhecimento - Thiago\02_Jurisprudencia_e_Orientacoes\Informativos_Julgamentos_TCE_PI\Plen_rio_Virtual_Pleno___Sess_o_Ordin_ria_Virtual_de_20_a_24_de_julho_de_2026_.md,C:\Users\thiagonogueira\Dev\base-conhecimento-licitacoes\02_Jurisprudencia_e_Orientacoes\Informativos_Julgamentos_TCE_PI\Plen_rio_Virtual_Pleno___Sess_o_Ordin_ria_Virtual_de_20_a_24_de_julho_de_2026_.md
IGNORADO_JA_EXISTE,md,C:\Users\thiagonogueira\OneDrive - mppi.mp.br\CLC\01_Processos_e_Aquisicoes\Base de Conhecimento - Thiago\02_Jurisprudencia_e_Orientacoes\Informativos_Julgamentos_TCE_PI\Plen_rio_Virtual_Pleno___Sess_o_Ordin_ria_Virtual_de_21_a_25_de_setembro_de_2026.md,C:\Users\thiagonogueira\Dev\base-conhecimento-licitacoes\02_Jurisprudencia_e_Orientacoes\Informativos_Julgamentos_TCE_PI\Plen_rio_Virtual_Pleno___Sess_o_Ordin_ria_Virtual_de_21_a_25_de_setembro_de_2026.md
IGNORADO_JA_EXISTE,md,C:\Users\thiagonogueira\OneDrive - mppi.mp.br\CLC\01_Processos_e_Aquisicoes\Base de Conhecimento - Thiago\02_Jurisprudencia_e_Orientacoes\Informativos_Julgamentos_TCE_PI\Plen_rio_Virtual_Pleno___Sess_o_Ordin_ria_Virtual_de_22_a_26_de_junho_de_2026_.md,C:\Users\thiagonogueira\Dev\base-conhecimento-licitacoes\02_Jurisprudencia_e_Orientacoes\Informativos_Julgamentos_TCE_PI\Plen_rio_Virtual_Pleno___Sess_o_Ordin_ria_Virtual_de_22_a_26_de_junho_de_2026_.md
IGNORADO_JA_EXISTE,md,C:\Users\thiagonogueira\OneDrive - mppi.mp.br\CLC\01_Processos_e_Aquisicoes\Base de Conhecimento - Thiago\02_Jurisprudencia_e_Orientacoes\Informativos_Julgamentos_TCE_PI\Plen_rio_Virtual_Pleno___Sess_o_Ordin_ria_Virtual_de_25_a_29_de_maio_de_2026_.md,C:\Users\thiagonogueira\Dev\base-conhecimento-licitacoes\02_Jurisprudencia_e_Orientacoes\Informativos_Julgamentos_TCE_PI\Plen_rio_Virtual_Pleno___Sess_o_Ordin_ria_Virtual_de_25_a_29_de_maio_de_2026_.md
IGNORADO_JA_EXISTE,md,C:\Users\thiagonogueira\OneDrive - mppi.mp.br\CLC\01_Processos_e_Aquisicoes\Base de Conhecimento - Thiago\02_Jurisprudencia_e_Orientacoes\Informativos_Julgamentos_TCE_PI\Plen_rio_Virtual_Pleno___Sess_o_Ordin_ria_Virtual_de_27_a_31_de_julho_de_2026_.md,C:\Users\thiagonogueira\Dev\base-conhecimento-licitacoes\02_Jurisprudencia_e_Orientacoes\Informativos_Julgamentos_TCE_PI\Plen_rio_Virtual_Pleno___Sess_o_Ordin_ria_Virtual_de_27_a_31_de_julho_de_2026_.md
IGNORADO_JA_EXISTE,md,C:\Users\thiagonogueira\OneDrive - mppi.mp.br\CLC\01_Processos_e_Aquisicoes\Base de Conhecimento - Thiago\02_Jurisprudencia_e_Orientacoes\Informativos_Julgamentos_TCE_PI\Plen_rio_Virtual_Pleno___Sess_o_Ordin_ria_Virtual_de_29_de_junho_a_03_de_julho_d.md,C:\Users\thiagonogueira\Dev\base-conhecimento-licitacoes\02_Jurisprudencia_e_Orientacoes\Informativos_Julgamentos_TCE_PI\Plen_rio_Virtual_Pleno___Sess_o_Ordin_ria_Virtual_de_29_de_junho_a_03_de_julho_d.md
IGNORADO_JA_EXISTE,md,C:\Users\thiagonogueira\OneDrive - mppi.mp.br\CLC\01_Processos_e_Aquisicoes\Base de Conhecimento - Thiago\02_Jurisprudencia_e_Orientacoes\Informativos_Julgamentos_TCE_PI\Plen_rio_Virtual_Pleno___Sess_o_Ordin_ria_Virtual_de_31_de_agosto_a_04_de_setemb.md,C:\Users\thiagonogueira\Dev\base-conhecimento-licitacoes\02_Jurisprudencia_e_Orientacoes\Informativos_Julgamentos_TCE_PI\Plen_rio_Virtual_Pleno___Sess_o_Ordin_ria_Virtual_de_31_de_agosto_a_04_de_setemb.md
IGNORADO_JA_EXISTE,md,C:\Users\thiagonogueira\OneDrive - mppi.mp.br\CLC\01_Processos_e_Aquisicoes\Base de Conhecimento - Thiago\02_Jurisprudencia_e_Orientacoes\Informativos_Julgamentos_TCE_PI\Primeira_C_mara_Presencial_1__C_mara___Sess_o_de_Julgamento_Presencial_n__019_de.md,C:\Users\thiagonogueira\Dev\base-conhecimento-licitacoes\02_Jurisprudencia_e_Orientacoes\Informativos_Julgamentos_TCE_PI\Primeira_C_mara_Presencial_1__C_mara___Sess_o_de_Julgamento_Presencial_n__019_de.md
IGNORADO_JA_EXISTE,md,C:\Users\thiagonogueira\OneDrive - mppi.mp.br\CLC\01_Processos_e_Aquisicoes\Base de Conhecimento - Thiago\02_Jurisprudencia_e_Orientacoes\Informativos_Julgamentos_TCE_PI\Primeira_C_mara_Presencial_1__C_mara___Sess_o_Ordin_ria_Presencial_n__01_de_27_d.md,C:\Users\thiagonogueira\Dev\base-conhecimento-licitacoes\02_Jurisprudencia_e_Orientacoes\Informativos_Julgamentos_TCE_PI\Primeira_C_mara_Presencial_1__C_mara___Sess_o_Ordin_ria_Presencial_n__01_de_27_d.md
IGNORADO_JA_EXISTE,md,C:\Users\thiagonogueira\OneDrive - mppi.mp.br\CLC\01_Processos_e_Aquisicoes\Base de Conhecimento - Thiago\02_Jurisprudencia_e_Orientacoes\Informativos_Julgamentos_TCE_PI\Primeira_C_mara_Presencial_1__C_mara___Sess_o_Ordin_ria_Presencial_n__020_de_09_.md,C:\Users\thiagonogueira\Dev\base-conhecimento-licitacoes\02_Jurisprudencia_e_Orientacoes\Informativos_Julgamentos_TCE_PI\Primeira_C_mara_Presencial_1__C_mara___Sess_o_Ordin_ria_Presencial_n__020_de_09_.md
IGNORADO_JA_EXISTE,md,C:\Users\thiagonogueira\OneDrive - mppi.mp.br\CLC\01_Processos_e_Aquisicoes\Base de Conhecimento - Thiago\02_Jurisprudencia_e_Orientacoes\Informativos_Julgamentos_TCE_PI\Primeira_C_mara_Presencial_1__C_mara___Sess_o_Ordin_ria_Presencial_n__021_de_16_.md,C:\Users\thiagonogueira\Dev\base-conhecimento-licitacoes\02_Jurisprudencia_e_Orientacoes\Informativos_Julgamentos_TCE_PI\Primeira_C_mara_Presencial_1__C_mara___Sess_o_Ordin_ria_Presencial_n__021_de_16_.md
IGNORADO_JA_EXISTE,md,C:\Users\thiagonogueira\OneDrive - mppi.mp.br\CLC\01_Processos_e_Aquisicoes\Base de Conhecimento - Thiago\02_Jurisprudencia_e_Orientacoes\Informativos_Julgamentos_TCE_PI\Primeira_C_mara_Presencial_1__C_mara___Sess_o_Ordin_ria_Presencial_n__02_de_10_d.md,C:\Users\thiagonogueira\Dev\base-conhecimento-licitacoes\02_Jurisprudencia_e_Orientacoes\Informativos_Julgamentos_TCE_PI\Primeira_C_mara_Presencial_1__C_mara___Sess_o_Ordin_ria_Presencial_n__02_de_10_d.md
IGNORADO_JA_EXISTE,md,C:\Users\thiagonogueira\OneDrive - mppi.mp.br\CLC\01_Processos_e_Aquisicoes\Base de Conhecimento - Thiago\02_Jurisprudencia_e_Orientacoes\Informativos_Julgamentos_TCE_PI\Primeira_C_mara_Presencial_1__C_mara___Sess_o_Ordin_ria_Presencial_n__03_de_24_d.md,C:\Users\thiagonogueira\Dev\base-conhecimento-licitacoes\02_Jurisprudencia_e_Orientacoes\Informativos_Julgamentos_TCE_PI\Primeira_C_mara_Presencial_1__C_mara___Sess_o_Ordin_ria_Presencial_n__03_de_24_d.md
IGNORADO_JA_EXISTE,md,C:\Users\thiagonogueira\OneDrive - mppi.mp.br\CLC\01_Processos_e_Aquisicoes\Base de Conhecimento - Thiago\02_Jurisprudencia_e_Orientacoes\Informativos_Julgamentos_TCE_PI\Primeira_C_mara_Presencial_1__C_mara___Sess_o_Ordin_ria_Presencial_n__04_de_10_d.md,C:\Users\thiagonogueira\Dev\base-conhecimento-licitacoes\02_Jurisprudencia_e_Orientacoes\Informativos_Julgamentos_TCE_PI\Primeira_C_mara_Presencial_1__C_mara___Sess_o_Ordin_ria_Presencial_n__04_de_10_d.md
IGNORADO_JA_EXISTE,md,C:\Users\thiagonogueira\OneDrive - mppi.mp.br\CLC\01_Processos_e_Aquisicoes\Base de Conhecimento - Thiago\02_Jurisprudencia_e_Orientacoes\Informativos_Julgamentos_TCE_PI\Primeira_C_mara_Presencial_1__C_mara___Sess_o_Ordin_ria_Presencial_n__05_de_24_d.md,C:\Users\thiagonogueira\Dev\base-conhecimento-licitacoes\02_Jurisprudencia_e_Orientacoes\Informativos_Julgamentos_TCE_PI\Primeira_C_mara_Presencial_1__C_mara___Sess_o_Ordin_ria_Presencial_n__05_de_24_d.md
IGNORADO_JA_EXISTE,md,C:\Users\thiagonogueira\OneDrive - mppi.mp.br\CLC\01_Processos_e_Aquisicoes\Base de Conhecimento - Thiago\02_Jurisprudencia_e_Orientacoes\Informativos_Julgamentos_TCE_PI\Primeira_C_mara_Presencial_1__C_mara___Sess_o_Ordin_ria_Presencial_n__06_de_7_de.md,C:\Users\thiagonogueira\Dev\base-conhecimento-licitacoes\02_Jurisprudencia_e_Orientacoes\Informativos_Julgamentos_TCE_PI\Primeira_C_mara_Presencial_1__C_mara___Sess_o_Ordin_ria_Presencial_n__06_de_7_de.md
IGNORADO_JA_EXISTE,md,C:\Users\thiagonogueira\OneDrive - mppi.mp.br\CLC\01_Processos_e_Aquisicoes\Base de Conhecimento - Thiago\02_Jurisprudencia_e_Orientacoes\Informativos_Julgamentos_TCE_PI\Primeira_C_mara_Presencial_1__C_mara___Sess_o_Ordin_ria_Presencial_n__07_de_28_d.md,C:\Users\thiagonogueira\Dev\base-conhecimento-licitacoes\02_Jurisprudencia_e_Orientacoes\Informativos_Julgamentos_TCE_PI\Primeira_C_mara_Presencial_1__C_mara___Sess_o_Ordin_ria_Presencial_n__07_de_28_d.md
IGNORADO_JA_EXISTE,md,C:\Users\thiagonogueira\OneDrive - mppi.mp.br\CLC\01_Processos_e_Aquisicoes\Base de Conhecimento - Thiago\02_Jurisprudencia_e_Orientacoes\Informativos_Julgamentos_TCE_PI\Primeira_C_mara_Presencial_1__C_mara___Sess_o_Ordin_ria_Presencial_n__08_de_12_d.md,C:\Users\thiagonogueira\Dev\base-conhecimento-licitacoes\02_Jurisprudencia_e_Orientacoes\Informativos_Julgamentos_TCE_PI\Primeira_C_mara_Presencial_1__C_mara___Sess_o_Ordin_ria_Presencial_n__08_de_12_d.md
IGNORADO_JA_EXISTE,md,C:\Users\thiagonogueira\OneDrive - mppi.mp.br\CLC\01_Processos_e_Aquisicoes\Base de Conhecimento - Thiago\02_Jurisprudencia_e_Orientacoes\Informativos_Julgamentos_TCE_PI\Primeira_C_mara_Presencial_1__C_mara___Sess_o_Ordin_ria_Presencial_n__09_de_26_d.md,C:\Users\thiagonogueira\Dev\base-conhecimento-licitacoes\02_Jurisprudencia_e_Orientacoes\Informativos_Julgamentos_TCE_PI\Primeira_C_mara_Presencial_1__C_mara___Sess_o_Ordin_ria_Presencial_n__09_de_26_d.md
IGNORADO_JA_EXISTE,md,C:\Users\thiagonogueira\OneDrive - mppi.mp.br\CLC\01_Processos_e_Aquisicoes\Base de Conhecimento - Thiago\02_Jurisprudencia_e_Orientacoes\Informativos_Julgamentos_TCE_PI\Primeira_C_mara_Presencial_1__C_mara___Sess_o_Ordin_ria_Presencial_n__10_de_9_de.md,C:\Users\thiagonogueira\Dev\base-conhecimento-licitacoes\02_Jurisprudencia_e_Orientacoes\Informativos_Julgamentos_TCE_PI\Primeira_C_mara_Presencial_1__C_mara___Sess_o_Ordin_ria_Presencial_n__10_de_9_de.md
IGNORADO_JA_EXISTE,md,C:\Users\thiagonogueira\OneDrive - mppi.mp.br\CLC\01_Processos_e_Aquisicoes\Base de Conhecimento - Thiago\02_Jurisprudencia_e_Orientacoes\Informativos_Julgamentos_TCE_PI\Primeira_C_mara_Presencial_1__C_mara___Sess_o_Ordin_ria_Presencial_n__11_de_23_d.md,C:\Users\thiagonogueira\Dev\base-conhecimento-licitacoes\02_Jurisprudencia_e_Orientacoes\Informativos_Julgamentos_TCE_PI\Primeira_C_mara_Presencial_1__C_mara___Sess_o_Ordin_ria_Presencial_n__11_de_23_d.md
IGNORADO_JA_EXISTE,md,C:\Users\thiagonogueira\OneDrive - mppi.mp.br\CLC\01_Processos_e_Aquisicoes\Base de Conhecimento - Thiago\02_Jurisprudencia_e_Orientacoes\Informativos_Julgamentos_TCE_PI\Primeira_C_mara_Presencial_1__C_mara___Sess_o_Ordin_ria_Presencial_n__12_de_7_de.md,C:\Users\thiagonogueira\Dev\base-conhecimento-licitacoes\02_Jurisprudencia_e_Orientacoes\Informativos_Julgamentos_TCE_PI\Primeira_C_mara_Presencial_1__C_mara___Sess_o_Ordin_ria_Presencial_n__12_de_7_de.md
IGNORADO_JA_EXISTE,md,C:\Users\thiagonogueira\OneDrive - mppi.mp.br\CLC\01_Processos_e_Aquisicoes\Base de Conhecimento - Thiago\02_Jurisprudencia_e_Orientacoes\Informativos_Julgamentos_TCE_PI\Primeira_C_mara_Presencial_1__C_mara___Sess_o_Ordin_ria_Presencial_n__13_de_21_d.md,C:\Users\thiagonogueira\Dev\base-conhecimento-licitacoes\02_Jurisprudencia_e_Orientacoes\Informativos_Julgamentos_TCE_PI\Primeira_C_mara_Presencial_1__C_mara___Sess_o_Ordin_ria_Presencial_n__13_de_21_d.md
IGNORADO_JA_EXISTE,md,C:\Users\thiagonogueira\OneDrive - mppi.mp.br\CLC\01_Processos_e_Aquisicoes\Base de Conhecimento - Thiago\02_Jurisprudencia_e_Orientacoes\Informativos_Julgamentos_TCE_PI\Primeira_C_mara_Presencial_1__C_mara___Sess_o_Ordin_ria_Presencial_n__14_de_04_d.md,C:\Users\thiagonogueira\Dev\base-conhecimento-licitacoes\02_Jurisprudencia_e_Orientacoes\Informativos_Julgamentos_TCE_PI\Primeira_C_mara_Presencial_1__C_mara___Sess_o_Ordin_ria_Presencial_n__14_de_04_d.md
IGNORADO_JA_EXISTE,md,C:\Users\thiagonogueira\OneDrive - mppi.mp.br\CLC\01_Processos_e_Aquisicoes\Base de Conhecimento - Thiago\02_Jurisprudencia_e_Orientacoes\Informativos_Julgamentos_TCE_PI\Primeira_C_mara_Presencial_1__C_mara___Sess_o_Ordin_ria_Presencial_n__15_de_18_d.md,C:\Users\thiagonogueira\Dev\base-conhecimento-licitacoes\02_Jurisprudencia_e_Orientacoes\Informativos_Julgamentos_TCE_PI\Primeira_C_mara_Presencial_1__C_mara___Sess_o_Ordin_ria_Presencial_n__15_de_18_d.md
IGNORADO_JA_EXISTE,md,C:\Users\thiagonogueira\OneDrive - mppi.mp.br\CLC\01_Processos_e_Aquisicoes\Base de Conhecimento - Thiago\02_Jurisprudencia_e_Orientacoes\Informativos_Julgamentos_TCE_PI\Primeira_C_mara_Presencial_1__C_mara___Sess_o_Ordin_ria_Presencial_n__16_de_01_d.md,C:\Users\thiagonogueira\Dev\base-conhecimento-licitacoes\02_Jurisprudencia_e_Orientacoes\Informativos_Julgamentos_TCE_PI\Primeira_C_mara_Presencial_1__C_mara___Sess_o_Ordin_ria_Presencial_n__16_de_01_d.md
IGNORADO_JA_EXISTE,md,C:\Users\thiagonogueira\OneDrive - mppi.mp.br\CLC\01_Processos_e_Aquisicoes\Base de Conhecimento - Thiago\02_Jurisprudencia_e_Orientacoes\Informativos_Julgamentos_TCE_PI\Primeira_C_mara_Presencial_1__C_mara___Sess_o_Ordin_ria_Presencial_n__17_de_15_d.md,C:\Users\thiagonogueira\Dev\base-conhecimento-licitacoes\02_Jurisprudencia_e_Orientacoes\Informativos_Julgamentos_TCE_PI\Primeira_C_mara_Presencial_1__C_mara___Sess_o_Ordin_ria_Presencial_n__17_de_15_d.md
IGNORADO_JA_EXISTE,md,C:\Users\thiagonogueira\OneDrive - mppi.mp.br\CLC\01_Processos_e_Aquisicoes\Base de Conhecimento - Thiago\02_Jurisprudencia_e_Orientacoes\Informativos_Julgamentos_TCE_PI\Primeira_C_mara_Virtual_1__C_mara___Sess_o_Ordin_ria_Virtual_de_03_a_07_de_agost.md,C:\Users\thiagonogueira\Dev\base-conhecimento-licitacoes\02_Jurisprudencia_e_Orientacoes\Informativos_Julgamentos_TCE_PI\Primeira_C_mara_Virtual_1__C_mara___Sess_o_Ordin_ria_Virtual_de_03_a_07_de_agost.md
IGNORADO_JA_EXISTE,md,C:\Users\thiagonogueira\OneDrive - mppi.mp.br\CLC\01_Processos_e_Aquisicoes\Base de Conhecimento - Thiago\02_Jurisprudencia_e_Orientacoes\Informativos_Julgamentos_TCE_PI\Primeira_C_mara_Virtual_1__C_mara___Sess_o_Ordin_ria_Virtual_de_04_a_08_de_maio_.md,C:\Users\thiagonogueira\Dev\base-conhecimento-licitacoes\02_Jurisprudencia_e_Orientacoes\Informativos_Julgamentos_TCE_PI\Primeira_C_mara_Virtual_1__C_mara___Sess_o_Ordin_ria_Virtual_de_04_a_08_de_maio_.md
IGNORADO_JA_EXISTE,md,C:\Users\thiagonogueira\OneDrive - mppi.mp.br\CLC\01_Processos_e_Aquisicoes\Base de Conhecimento - Thiago\02_Jurisprudencia_e_Orientacoes\Informativos_Julgamentos_TCE_PI\Primeira_C_mara_Virtual_1__C_mara___Sess_o_Ordin_ria_Virtual_de_08_a_11_de_setem.md,C:\Users\thiagonogueira\Dev\base-conhecimento-licitacoes\02_Jurisprudencia_e_Orientacoes\Informativos_Julgamentos_TCE_PI\Primeira_C_mara_Virtual_1__C_mara___Sess_o_Ordin_ria_Virtual_de_08_a_11_de_setem.md
IGNORADO_JA_EXISTE,md,C:\Users\thiagonogueira\OneDrive - mppi.mp.br\CLC\01_Processos_e_Aquisicoes\Base de Conhecimento - Thiago\02_Jurisprudencia_e_Orientacoes\Informativos_Julgamentos_TCE_PI\Primeira_C_mara_Virtual_1__C_mara___Sess_o_Ordin_ria_Virtual_de_10_a_14_de_agost.md,C:\Users\thiagonogueira\Dev\base-conhecimento-licitacoes\02_Jurisprudencia_e_Orientacoes\Informativos_Julgamentos_TCE_PI\Primeira_C_mara_Virtual_1__C_mara___Sess_o_Ordin_ria_Virtual_de_10_a_14_de_agost.md
IGNORADO_JA_EXISTE,md,C:\Users\thiagonogueira\OneDrive - mppi.mp.br\CLC\01_Processos_e_Aquisicoes\Base de Conhecimento - Thiago\02_Jurisprudencia_e_Orientacoes\Informativos_Julgamentos_TCE_PI\Primeira_C_mara_Virtual_1__C_mara___Sess_o_Ordin_ria_Virtual_de_11_a_15_de_maio_.md,C:\Users\thiagonogueira\Dev\base-conhecimento-licitacoes\02_Jurisprudencia_e_Orientacoes\Informativos_Julgamentos_TCE_PI\Primeira_C_mara_Virtual_1__C_mara___Sess_o_Ordin_ria_Virtual_de_11_a_15_de_maio_.md
IGNORADO_JA_EXISTE,md,C:\Users\thiagonogueira\OneDrive - mppi.mp.br\CLC\01_Processos_e_Aquisicoes\Base de Conhecimento - Thiago\02_Jurisprudencia_e_Orientacoes\Informativos_Julgamentos_TCE_PI\Primeira_C_mara_Virtual_1__C_mara___Sess_o_Ordin_ria_Virtual_de_13_a_17_de_julho.md,C:\Users\thiagonogueira\Dev\base-conhecimento-licitacoes\02_Jurisprudencia_e_Orientacoes\Informativos_Julgamentos_TCE_PI\Primeira_C_mara_Virtual_1__C_mara___Sess_o_Ordin_ria_Virtual_de_13_a_17_de_julho.md
IGNORADO_JA_EXISTE,md,C:\Users\thiagonogueira\OneDrive - mppi.mp.br\CLC\01_Processos_e_Aquisicoes\Base de Conhecimento - Thiago\02_Jurisprudencia_e_Orientacoes\Informativos_Julgamentos_TCE_PI\Primeira_C_mara_Virtual_1__C_mara___Sess_o_Ordin_ria_Virtual_de_14_a_18_de_setem.md,C:\Users\thiagonogueira\Dev\base-conhecimento-licitacoes\02_Jurisprudencia_e_Orientacoes\Informativos_Julgamentos_TCE_PI\Primeira_C_mara_Virtual_1__C_mara___Sess_o_Ordin_ria_Virtual_de_14_a_18_de_setem.md
IGNORADO_JA_EXISTE,md,C:\Users\thiagonogueira\OneDrive - mppi.mp.br\CLC\01_Processos_e_Aquisicoes\Base de Conhecimento - Thiago\02_Jurisprudencia_e_Orientacoes\Informativos_Julgamentos_TCE_PI\Primeira_C_mara_Virtual_1__C_mara___Sess_o_Ordin_ria_Virtual_de_15_a_19_de_junho.md,C:\Users\thiagonogueira\Dev\base-conhecimento-licitacoes\02_Jurisprudencia_e_Orientacoes\Informativos_Julgamentos_TCE_PI\Primeira_C_mara_Virtual_1__C_mara___Sess_o_Ordin_ria_Virtual_de_15_a_19_de_junho.md
IGNORADO_JA_EXISTE,md,C:\Users\thiagonogueira\OneDrive - mppi.mp.br\CLC\01_Processos_e_Aquisicoes\Base de Conhecimento - Thiago\02_Jurisprudencia_e_Orientacoes\Informativos_Julgamentos_TCE_PI\Primeira_C_mara_Virtual_1__C_mara___Sess_o_Ordin_ria_Virtual_de_17_a_21_de_agost.md,C:\Users\thiagonogueira\Dev\base-conhecimento-licitacoes\02_Jurisprudencia_e_Orientacoes\Informativos_Julgamentos_TCE_PI\Primeira_C_mara_Virtual_1__C_mara___Sess_o_Ordin_ria_Virtual_de_17_a_21_de_agost.md
IGNORADO_JA_EXISTE,md,C:\Users\thiagonogueira\OneDrive - mppi.mp.br\CLC\01_Processos_e_Aquisicoes\Base de Conhecimento - Thiago\02_Jurisprudencia_e_Orientacoes\Informativos_Julgamentos_TCE_PI\Primeira_C_mara_Virtual_1__C_mara___Sess_o_Ordin_ria_Virtual_de_18_a_22_de_maio_.md,C:\Users\thiagonogueira\Dev\base-conhecimento-licitacoes\02_Jurisprudencia_e_Orientacoes\Informativos_Julgamentos_TCE_PI\Primeira_C_mara_Virtual_1__C_mara___Sess_o_Ordin_ria_Virtual_de_18_a_22_de_maio_.md
IGNORADO_JA_EXISTE,md,C:\Users\thiagonogueira\OneDrive - mppi.mp.br\CLC\01_Processos_e_Aquisicoes\Base de Conhecimento - Thiago\02_Jurisprudencia_e_Orientacoes\Informativos_Julgamentos_TCE_PI\Primeira_C_mara_Virtual_1__C_mara___Sess_o_Ordin_ria_Virtual_de_1__a_05_de_junho.md,C:\Users\thiagonogueira\Dev\base-conhecimento-licitacoes\02_Jurisprudencia_e_Orientacoes\Informativos_Julgamentos_TCE_PI\Primeira_C_mara_Virtual_1__C_mara___Sess_o_Ordin_ria_Virtual_de_1__a_05_de_junho.md
IGNORADO_JA_EXISTE,md,C:\Users\thiagonogueira\OneDrive - mppi.mp.br\CLC\01_Processos_e_Aquisicoes\Base de Conhecimento - Thiago\02_Jurisprudencia_e_Orientacoes\Informativos_Julgamentos_TCE_PI\Primeira_C_mara_Virtual_1__C_mara___Sess_o_Ordin_ria_Virtual_de_20_a_24_de_julho.md,C:\Users\thiagonogueira\Dev\base-conhecimento-licitacoes\02_Jurisprudencia_e_Orientacoes\Informativos_Julgamentos_TCE_PI\Primeira_C_mara_Virtual_1__C_mara___Sess_o_Ordin_ria_Virtual_de_20_a_24_de_julho.md
IGNORADO_JA_EXISTE,md,C:\Users\thiagonogueira\OneDrive - mppi.mp.br\CLC\01_Processos_e_Aquisicoes\Base de Conhecimento - Thiago\02_Jurisprudencia_e_Orientacoes\Informativos_Julgamentos_TCE_PI\Primeira_C_mara_Virtual_1__C_mara___Sess_o_Ordin_ria_Virtual_de_22_a_26_de_junho.md,C:\Users\thiagonogueira\Dev\base-conhecimento-licitacoes\02_Jurisprudencia_e_Orientacoes\Informativos_Julgamentos_TCE_PI\Primeira_C_mara_Virtual_1__C_mara___Sess_o_Ordin_ria_Virtual_de_22_a_26_de_junho.md
IGNORADO_JA_EXISTE,md,C:\Users\thiagonogueira\OneDrive - mppi.mp.br\CLC\01_Processos_e_Aquisicoes\Base de Conhecimento - Thiago\02_Jurisprudencia_e_Orientacoes\Informativos_Julgamentos_TCE_PI\Primeira_C_mara_Virtual_1__C_mara___Sess_o_Ordin_ria_Virtual_de_25_a_29_de_maio_.md,C:\Users\thiagonogueira\Dev\base-conhecimento-licitacoes\02_Jurisprudencia_e_Orientacoes\Informativos_Julgamentos_TCE_PI\Primeira_C_mara_Virtual_1__C_mara___Sess_o_Ordin_ria_Virtual_de_25_a_29_de_maio_.md
IGNORADO_JA_EXISTE,md,C:\Users\thiagonogueira\OneDrive - mppi.mp.br\CLC\01_Processos_e_Aquisicoes\Base de Conhecimento - Thiago\02_Jurisprudencia_e_Orientacoes\Informativos_Julgamentos_TCE_PI\Primeira_C_mara_Virtual_1__C_mara___Sess_o_Ordin_ria_Virtual_de_27_a_30_de_abril.md,C:\Users\thiagonogueira\Dev\base-conhecimento-licitacoes\02_Jurisprudencia_e_Orientacoes\Informativos_Julgamentos_TCE_PI\Primeira_C_mara_Virtual_1__C_mara___Sess_o_Ordin_ria_Virtual_de_27_a_30_de_abril.md
IGNORADO_JA_EXISTE,md,C:\Users\thiagonogueira\OneDrive - mppi.mp.br\CLC\01_Processos_e_Aquisicoes\Base de Conhecimento - Thiago\02_Jurisprudencia_e_Orientacoes\Informativos_Julgamentos_TCE_PI\Primeira_C_mara_Virtual_1__C_mara___Sess_o_Ordin_ria_Virtual_de_27_a_31_de_julho.md,C:\Users\thiagonogueira\Dev\base-conhecimento-licitacoes\02_Jurisprudencia_e_Orientacoes\Informativos_Julgamentos_TCE_PI\Primeira_C_mara_Virtual_1__C_mara___Sess_o_Ordin_ria_Virtual_de_27_a_31_de_julho.md
IGNORADO_JA_EXISTE,md,C:\Users\thiagonogueira\OneDrive - mppi.mp.br\CLC\01_Processos_e_Aquisicoes\Base de Conhecimento - Thiago\02_Jurisprudencia_e_Orientacoes\Informativos_Julgamentos_TCE_PI\Primeira_C_mara_Virtual_1__C_mara___Sess_o_Ordin_ria_Virtual_de_29_de_junho_a_03.md,C:\Users\thiagonogueira\Dev\base-conhecimento-licitacoes\02_Jurisprudencia_e_Orientacoes\Informativos_Julgamentos_TCE_PI\Primeira_C_mara_Virtual_1__C_mara___Sess_o_Ordin_ria_Virtual_de_29_de_junho_a_03.md
IGNORADO_JA_EXISTE,md,C:\Users\thiagonogueira\OneDrive - mppi.mp.br\CLC\01_Processos_e_Aquisicoes\Base de Conhecimento - Thiago\02_Jurisprudencia_e_Orientacoes\Informativos_Julgamentos_TCE_PI\Primeira_C_mara_Virtual_1__C_mara___Sess_o_Ordin_ria_Virtual_de_31_de_agosto_a_0.md,C:\Users\thiagonogueira\Dev\base-conhecimento-licitacoes\02_Jurisprudencia_e_Orientacoes\Informativos_Julgamentos_TCE_PI\Primeira_C_mara_Virtual_1__C_mara___Sess_o_Ordin_ria_Virtual_de_31_de_agosto_a_0.md
IGNORADO_JA_EXISTE,md,C:\Users\thiagonogueira\OneDrive - mppi.mp.br\CLC\01_Processos_e_Aquisicoes\Base de Conhecimento - Thiago\02_Jurisprudencia_e_Orientacoes\Informativos_Julgamentos_TCE_PI\Primeira_C_mara_Virtual_1__C_mara___Sess_o_Ordin_ria_Virtual_de_6_a_10_de_julho_.md,C:\Users\thiagonogueira\Dev\base-conhecimento-licitacoes\02_Jurisprudencia_e_Orientacoes\Informativos_Julgamentos_TCE_PI\Primeira_C_mara_Virtual_1__C_mara___Sess_o_Ordin_ria_Virtual_de_6_a_10_de_julho_.md
IGNORADO_JA_EXISTE,md,C:\Users\thiagonogueira\OneDrive - mppi.mp.br\CLC\01_Processos_e_Aquisicoes\Base de Conhecimento - Thiago\02_Jurisprudencia_e_Orientacoes\Informativos_Julgamentos_TCE_PI\Primeira_C_mara_Virtual_1__C_mara___Sess_o_Ordin_ria_Virtual_de_8_a_12_de_junho_.md,C:\Users\thiagonogueira\Dev\base-conhecimento-licitacoes\02_Jurisprudencia_e_Orientacoes\Informativos_Julgamentos_TCE_PI\Primeira_C_mara_Virtual_1__C_mara___Sess_o_Ordin_ria_Virtual_de_8_a_12_de_junho_.md
IGNORADO_JA_EXISTE,md,C:\Users\thiagonogueira\OneDrive - mppi.mp.br\CLC\01_Processos_e_Aquisicoes\Base de Conhecimento - Thiago\02_Jurisprudencia_e_Orientacoes\Informativos_Julgamentos_TCE_PI\Segunda_C_mara_Presencial_2__C_mara___Sess_o_Ordin_ria_Presencial_n__01_de_28_de.md,C:\Users\thiagonogueira\Dev\base-conhecimento-licitacoes\02_Jurisprudencia_e_Orientacoes\Informativos_Julgamentos_TCE_PI\Segunda_C_mara_Presencial_2__C_mara___Sess_o_Ordin_ria_Presencial_n__01_de_28_de.md
IGNORADO_JA_EXISTE,md,C:\Users\thiagonogueira\OneDrive - mppi.mp.br\CLC\01_Processos_e_Aquisicoes\Base de Conhecimento - Thiago\02_Jurisprudencia_e_Orientacoes\Informativos_Julgamentos_TCE_PI\Segunda_C_mara_Presencial_2__C_mara___Sess_o_Ordin_ria_Presencial_n__02_de_11_de.md,C:\Users\thiagonogueira\Dev\base-conhecimento-licitacoes\02_Jurisprudencia_e_Orientacoes\Informativos_Julgamentos_TCE_PI\Segunda_C_mara_Presencial_2__C_mara___Sess_o_Ordin_ria_Presencial_n__02_de_11_de.md
IGNORADO_JA_EXISTE,md,C:\Users\thiagonogueira\OneDrive - mppi.mp.br\CLC\01_Processos_e_Aquisicoes\Base de Conhecimento - Thiago\02_Jurisprudencia_e_Orientacoes\Informativos_Julgamentos_TCE_PI\Segunda_C_mara_Presencial_2__C_mara___Sess_o_Ordin_ria_Presencial_n__03_de_25_de.md,C:\Users\thiagonogueira\Dev\base-conhecimento-licitacoes\02_Jurisprudencia_e_Orientacoes\Informativos_Julgamentos_TCE_PI\Segunda_C_mara_Presencial_2__C_mara___Sess_o_Ordin_ria_Presencial_n__03_de_25_de.md
IGNORADO_JA_EXISTE,md,C:\Users\thiagonogueira\OneDrive - mppi.mp.br\CLC\01_Processos_e_Aquisicoes\Base de Conhecimento - Thiago\02_Jurisprudencia_e_Orientacoes\Informativos_Julgamentos_TCE_PI\Segunda_C_mara_Presencial_2__C_mara___Sess_o_Ordin_ria_Presencial_n__04_de_25_de.md,C:\Users\thiagonogueira\Dev\base-conhecimento-licitacoes\02_Jurisprudencia_e_Orientacoes\Informativos_Julgamentos_TCE_PI\Segunda_C_mara_Presencial_2__C_mara___Sess_o_Ordin_ria_Presencial_n__04_de_25_de.md
IGNORADO_JA_EXISTE,md,C:\Users\thiagonogueira\OneDrive - mppi.mp.br\CLC\01_Processos_e_Aquisicoes\Base de Conhecimento - Thiago\02_Jurisprudencia_e_Orientacoes\Informativos_Julgamentos_TCE_PI\Segunda_C_mara_Presencial_2__C_mara___Sess_o_Ordin_ria_Presencial_n__05_de_8_de_.md,C:\Users\thiagonogueira\Dev\base-conhecimento-licitacoes\02_Jurisprudencia_e_Orientacoes\Informativos_Julgamentos_TCE_PI\Segunda_C_mara_Presencial_2__C_mara___Sess_o_Ordin_ria_Presencial_n__05_de_8_de_.md
IGNORADO_JA_EXISTE,md,C:\Users\thiagonogueira\OneDrive - mppi.mp.br\CLC\01_Processos_e_Aquisicoes\Base de Conhecimento - Thiago\02_Jurisprudencia_e_Orientacoes\Informativos_Julgamentos_TCE_PI\Segunda_C_mara_Presencial_2__C_mara___Sess_o_Ordin_ria_Presencial_n__06_de_29_de.md,C:\Users\thiagonogueira\Dev\base-conhecimento-licitacoes\02_Jurisprudencia_e_Orientacoes\Informativos_Julgamentos_TCE_PI\Segunda_C_mara_Presencial_2__C_mara___Sess_o_Ordin_ria_Presencial_n__06_de_29_de.md
IGNORADO_JA_EXISTE,md,C:\Users\thiagonogueira\OneDrive - mppi.mp.br\CLC\01_Processos_e_Aquisicoes\Base de Conhecimento - Thiago\02_Jurisprudencia_e_Orientacoes\Informativos_Julgamentos_TCE_PI\Segunda_C_mara_Presencial_2__C_mara___Sess_o_Ordin_ria_Presencial_n__07_de_13_de.md,C:\Users\thiagonogueira\Dev\base-conhecimento-licitacoes\02_Jurisprudencia_e_Orientacoes\Informativos_Julgamentos_TCE_PI\Segunda_C_mara_Presencial_2__C_mara___Sess_o_Ordin_ria_Presencial_n__07_de_13_de.md
IGNORADO_JA_EXISTE,md,C:\Users\thiagonogueira\OneDrive - mppi.mp.br\CLC\01_Processos_e_Aquisicoes\Base de Conhecimento - Thiago\02_Jurisprudencia_e_Orientacoes\Informativos_Julgamentos_TCE_PI\Segunda_C_mara_Presencial_2__C_mara___Sess_o_Ordin_ria_Presencial_n__08_de_27_de.md,C:\Users\thiagonogueira\Dev\base-conhecimento-licitacoes\02_Jurisprudencia_e_Orientacoes\Informativos_Julgamentos_TCE_PI\Segunda_C_mara_Presencial_2__C_mara___Sess_o_Ordin_ria_Presencial_n__08_de_27_de.md
IGNORADO_JA_EXISTE,md,C:\Users\thiagonogueira\OneDrive - mppi.mp.br\CLC\01_Processos_e_Aquisicoes\Base de Conhecimento - Thiago\02_Jurisprudencia_e_Orientacoes\Informativos_Julgamentos_TCE_PI\Segunda_C_mara_Presencial_2__C_mara___Sess_o_Ordin_ria_Presencial_n__09_de_10_de.md,C:\Users\thiagonogueira\Dev\base-conhecimento-licitacoes\02_Jurisprudencia_e_Orientacoes\Informativos_Julgamentos_TCE_PI\Segunda_C_mara_Presencial_2__C_mara___Sess_o_Ordin_ria_Presencial_n__09_de_10_de.md
IGNORADO_JA_EXISTE,md,C:\Users\thiagonogueira\OneDrive - mppi.mp.br\CLC\01_Processos_e_Aquisicoes\Base de Conhecimento - Thiago\02_Jurisprudencia_e_Orientacoes\Informativos_Julgamentos_TCE_PI\Segunda_C_mara_Presencial_2__C_mara___Sess_o_Ordin_ria_Presencial_n__10_de_24_de.md,C:\Users\thiagonogueira\Dev\base-conhecimento-licitacoes\02_Jurisprudencia_e_Orientacoes\Informativos_Julgamentos_TCE_PI\Segunda_C_mara_Presencial_2__C_mara___Sess_o_Ordin_ria_Presencial_n__10_de_24_de.md
IGNORADO_JA_EXISTE,md,C:\Users\thiagonogueira\OneDrive - mppi.mp.br\CLC\01_Processos_e_Aquisicoes\Base de Conhecimento - Thiago\02_Jurisprudencia_e_Orientacoes\Informativos_Julgamentos_TCE_PI\Segunda_C_mara_Presencial_2__C_mara___Sess_o_Ordin_ria_Presencial_n__11_de_08_de.md,C:\Users\thiagonogueira\Dev\base-conhecimento-licitacoes\02_Jurisprudencia_e_Orientacoes\Informativos_Julgamentos_TCE_PI\Segunda_C_mara_Presencial_2__C_mara___Sess_o_Ordin_ria_Presencial_n__11_de_08_de.md
IGNORADO_JA_EXISTE,md,C:\Users\thiagonogueira\OneDrive - mppi.mp.br\CLC\01_Processos_e_Aquisicoes\Base de Conhecimento - Thiago\02_Jurisprudencia_e_Orientacoes\Informativos_Julgamentos_TCE_PI\Segunda_C_mara_Presencial_2__C_mara___Sess_o_Ordin_ria_Presencial_n__12_de_22_de.md,C:\Users\thiagonogueira\Dev\base-conhecimento-licitacoes\02_Jurisprudencia_e_Orientacoes\Informativos_Julgamentos_TCE_PI\Segunda_C_mara_Presencial_2__C_mara___Sess_o_Ordin_ria_Presencial_n__12_de_22_de.md
IGNORADO_JA_EXISTE,md,C:\Users\thiagonogueira\OneDrive - mppi.mp.br\CLC\01_Processos_e_Aquisicoes\Base de Conhecimento - Thiago\02_Jurisprudencia_e_Orientacoes\Informativos_Julgamentos_TCE_PI\Segunda_C_mara_Presencial_2__C_mara___Sess_o_Ordin_ria_Presencial_n__13_de_05_de.md,C:\Users\thiagonogueira\Dev\base-conhecimento-licitacoes\02_Jurisprudencia_e_Orientacoes\Informativos_Julgamentos_TCE_PI\Segunda_C_mara_Presencial_2__C_mara___Sess_o_Ordin_ria_Presencial_n__13_de_05_de.md
IGNORADO_JA_EXISTE,md,C:\Users\thiagonogueira\OneDrive - mppi.mp.br\CLC\01_Processos_e_Aquisicoes\Base de Conhecimento - Thiago\02_Jurisprudencia_e_Orientacoes\Informativos_Julgamentos_TCE_PI\Segunda_C_mara_Presencial_2__C_mara___Sess_o_Ordin_ria_Presencial_n__14_de_19_de.md,C:\Users\thiagonogueira\Dev\base-conhecimento-licitacoes\02_Jurisprudencia_e_Orientacoes\Informativos_Julgamentos_TCE_PI\Segunda_C_mara_Presencial_2__C_mara___Sess_o_Ordin_ria_Presencial_n__14_de_19_de.md
IGNORADO_JA_EXISTE,md,C:\Users\thiagonogueira\OneDrive - mppi.mp.br\CLC\01_Processos_e_Aquisicoes\Base de Conhecimento - Thiago\02_Jurisprudencia_e_Orientacoes\Informativos_Julgamentos_TCE_PI\Segunda_C_mara_Presencial_2__C_mara___Sess_o_Ordin_ria_Presencial_n__15_de_02_de.md,C:\Users\thiagonogueira\Dev\base-conhecimento-licitacoes\02_Jurisprudencia_e_Orientacoes\Informativos_Julgamentos_TCE_PI\Segunda_C_mara_Presencial_2__C_mara___Sess_o_Ordin_ria_Presencial_n__15_de_02_de.md
IGNORADO_JA_EXISTE,md,C:\Users\thiagonogueira\OneDrive - mppi.mp.br\CLC\01_Processos_e_Aquisicoes\Base de Conhecimento - Thiago\02_Jurisprudencia_e_Orientacoes\Informativos_Julgamentos_TCE_PI\Segunda_C_mara_Presencial_2__C_mara___Sess_o_Ordin_ria_Presencial_n__16_de_16_de.md,C:\Users\thiagonogueira\Dev\base-conhecimento-licitacoes\02_Jurisprudencia_e_Orientacoes\Informativos_Julgamentos_TCE_PI\Segunda_C_mara_Presencial_2__C_mara___Sess_o_Ordin_ria_Presencial_n__16_de_16_de.md
IGNORADO_JA_EXISTE,md,C:\Users\thiagonogueira\OneDrive - mppi.mp.br\CLC\01_Processos_e_Aquisicoes\Base de Conhecimento - Thiago\02_Jurisprudencia_e_Orientacoes\Informativos_Julgamentos_TCE_PI\Segunda_C_mara_Presencial_Segunda_C_mara___Sess_o_de_Julgamento_Presencial_n__18.md,C:\Users\thiagonogueira\Dev\base-conhecimento-licitacoes\02_Jurisprudencia_e_Orientacoes\Informativos_Julgamentos_TCE_PI\Segunda_C_mara_Presencial_Segunda_C_mara___Sess_o_de_Julgamento_Presencial_n__18.md
IGNORADO_JA_EXISTE,md,C:\Users\thiagonogueira\OneDrive - mppi.mp.br\CLC\01_Processos_e_Aquisicoes\Base de Conhecimento - Thiago\02_Jurisprudencia_e_Orientacoes\Informativos_Julgamentos_TCE_PI\Segunda_C_mara_Presencial_Segunda_C_mara___Sess_o_de_Julgamento_Presencial_n__19.md,C:\Users\thiagonogueira\Dev\base-conhecimento-licitacoes\02_Jurisprudencia_e_Orientacoes\Informativos_Julgamentos_TCE_PI\Segunda_C_mara_Presencial_Segunda_C_mara___Sess_o_de_Julgamento_Presencial_n__19.md
IGNORADO_JA_EXISTE,md,C:\Users\thiagonogueira\OneDrive - mppi.mp.br\CLC\01_Processos_e_Aquisicoes\Base de Conhecimento - Thiago\02_Jurisprudencia_e_Orientacoes\Informativos_Julgamentos_TCE_PI\Segunda_C_mara_Presencial_Segunda_C_mara___Sess_o_de_Julgamento_Presencial_n__20.md,C:\Users\thiagonogueira\Dev\base-conhecimento-licitacoes\02_Jurisprudencia_e_Orientacoes\Informativos_Julgamentos_TCE_PI\Segunda_C_mara_Presencial_Segunda_C_mara___Sess_o_de_Julgamento_Presencial_n__20.md
IGNORADO_JA_EXISTE,md,C:\Users\thiagonogueira\OneDrive - mppi.mp.br\CLC\01_Processos_e_Aquisicoes\Base de Conhecimento - Thiago\02_Jurisprudencia_e_Orientacoes\Informativos_Julgamentos_TCE_PI\Segunda_C_mara_Virtual_2__C_mara___Sess_o_Ordin_ria_Virtual_de_01_a_05_de_junho_.md,C:\Users\thiagonogueira\Dev\base-conhecimento-licitacoes\02_Jurisprudencia_e_Orientacoes\Informativos_Julgamentos_TCE_PI\Segunda_C_mara_Virtual_2__C_mara___Sess_o_Ordin_ria_Virtual_de_01_a_05_de_junho_.md
IGNORADO_JA_EXISTE,md,C:\Users\thiagonogueira\OneDrive - mppi.mp.br\CLC\01_Processos_e_Aquisicoes\Base de Conhecimento - Thiago\02_Jurisprudencia_e_Orientacoes\Informativos_Julgamentos_TCE_PI\Segunda_C_mara_Virtual_2__C_mara___Sess_o_Ordin_ria_Virtual_de_03_a_07_de_agosto.md,C:\Users\thiagonogueira\Dev\base-conhecimento-licitacoes\02_Jurisprudencia_e_Orientacoes\Informativos_Julgamentos_TCE_PI\Segunda_C_mara_Virtual_2__C_mara___Sess_o_Ordin_ria_Virtual_de_03_a_07_de_agosto.md
IGNORADO_JA_EXISTE,md,C:\Users\thiagonogueira\OneDrive - mppi.mp.br\CLC\01_Processos_e_Aquisicoes\Base de Conhecimento - Thiago\02_Jurisprudencia_e_Orientacoes\Informativos_Julgamentos_TCE_PI\Segunda_C_mara_Virtual_2__C_mara___Sess_o_Ordin_ria_Virtual_de_06_a_10_de_julho_.md,C:\Users\thiagonogueira\Dev\base-conhecimento-licitacoes\02_Jurisprudencia_e_Orientacoes\Informativos_Julgamentos_TCE_PI\Segunda_C_mara_Virtual_2__C_mara___Sess_o_Ordin_ria_Virtual_de_06_a_10_de_julho_.md
IGNORADO_JA_EXISTE,md,C:\Users\thiagonogueira\OneDrive - mppi.mp.br\CLC\01_Processos_e_Aquisicoes\Base de Conhecimento - Thiago\02_Jurisprudencia_e_Orientacoes\Informativos_Julgamentos_TCE_PI\Segunda_C_mara_Virtual_2__C_mara___Sess_o_Ordin_ria_Virtual_de_08_a_11_de_setemb.md,C:\Users\thiagonogueira\Dev\base-conhecimento-licitacoes\02_Jurisprudencia_e_Orientacoes\Informativos_Julgamentos_TCE_PI\Segunda_C_mara_Virtual_2__C_mara___Sess_o_Ordin_ria_Virtual_de_08_a_11_de_setemb.md
IGNORADO_JA_EXISTE,md,C:\Users\thiagonogueira\OneDrive - mppi.mp.br\CLC\01_Processos_e_Aquisicoes\Base de Conhecimento - Thiago\02_Jurisprudencia_e_Orientacoes\Informativos_Julgamentos_TCE_PI\Segunda_C_mara_Virtual_2__C_mara___Sess_o_Ordin_ria_Virtual_de_08_a_12_de_junho_.md,C:\Users\thiagonogueira\Dev\base-conhecimento-licitacoes\02_Jurisprudencia_e_Orientacoes\Informativos_Julgamentos_TCE_PI\Segunda_C_mara_Virtual_2__C_mara___Sess_o_Ordin_ria_Virtual_de_08_a_12_de_junho_.md
IGNORADO_JA_EXISTE,md,C:\Users\thiagonogueira\OneDrive - mppi.mp.br\CLC\01_Processos_e_Aquisicoes\Base de Conhecimento - Thiago\02_Jurisprudencia_e_Orientacoes\Informativos_Julgamentos_TCE_PI\Segunda_C_mara_Virtual_2__C_mara___Sess_o_Ordin_ria_Virtual_de_10_a_14_de_agosto.md,C:\Users\thiagonogueira\Dev\base-conhecimento-licitacoes\02_Jurisprudencia_e_Orientacoes\Informativos_Julgamentos_TCE_PI\Segunda_C_mara_Virtual_2__C_mara___Sess_o_Ordin_ria_Virtual_de_10_a_14_de_agosto.md
IGNORADO_JA_EXISTE,md,C:\Users\thiagonogueira\OneDrive - mppi.mp.br\CLC\01_Processos_e_Aquisicoes\Base de Conhecimento - Thiago\02_Jurisprudencia_e_Orientacoes\Informativos_Julgamentos_TCE_PI\Segunda_C_mara_Virtual_2__C_mara___Sess_o_Ordin_ria_Virtual_de_11_a_15_de_maio_d.md,C:\Users\thiagonogueira\Dev\base-conhecimento-licitacoes\02_Jurisprudencia_e_Orientacoes\Informativos_Julgamentos_TCE_PI\Segunda_C_mara_Virtual_2__C_mara___Sess_o_Ordin_ria_Virtual_de_11_a_15_de_maio_d.md
IGNORADO_JA_EXISTE,md,C:\Users\thiagonogueira\OneDrive - mppi.mp.br\CLC\01_Processos_e_Aquisicoes\Base de Conhecimento - Thiago\02_Jurisprudencia_e_Orientacoes\Informativos_Julgamentos_TCE_PI\Segunda_C_mara_Virtual_2__C_mara___Sess_o_Ordin_ria_Virtual_de_13_a_17_de_julho_.md,C:\Users\thiagonogueira\Dev\base-conhecimento-licitacoes\02_Jurisprudencia_e_Orientacoes\Informativos_Julgamentos_TCE_PI\Segunda_C_mara_Virtual_2__C_mara___Sess_o_Ordin_ria_Virtual_de_13_a_17_de_julho_.md
IGNORADO_JA_EXISTE,md,C:\Users\thiagonogueira\OneDrive - mppi.mp.br\CLC\01_Processos_e_Aquisicoes\Base de Conhecimento - Thiago\02_Jurisprudencia_e_Orientacoes\Informativos_Julgamentos_TCE_PI\Segunda_C_mara_Virtual_2__C_mara___Sess_o_Ordin_ria_Virtual_de_14_a_18_de_setemb.md,C:\Users\thiagonogueira\Dev\base-conhecimento-licitacoes\02_Jurisprudencia_e_Orientacoes\Informativos_Julgamentos_TCE_PI\Segunda_C_mara_Virtual_2__C_mara___Sess_o_Ordin_ria_Virtual_de_14_a_18_de_setemb.md
IGNORADO_JA_EXISTE,md,C:\Users\thiagonogueira\OneDrive - mppi.mp.br\CLC\01_Processos_e_Aquisicoes\Base de Conhecimento - Thiago\02_Jurisprudencia_e_Orientacoes\Informativos_Julgamentos_TCE_PI\Segunda_C_mara_Virtual_2__C_mara___Sess_o_Ordin_ria_Virtual_de_15_a_19_de_junho_.md,C:\Users\thiagonogueira\Dev\base-conhecimento-licitacoes\02_Jurisprudencia_e_Orientacoes\Informativos_Julgamentos_TCE_PI\Segunda_C_mara_Virtual_2__C_mara___Sess_o_Ordin_ria_Virtual_de_15_a_19_de_junho_.md
IGNORADO_JA_EXISTE,md,C:\Users\thiagonogueira\OneDrive - mppi.mp.br\CLC\01_Processos_e_Aquisicoes\Base de Conhecimento - Thiago\02_Jurisprudencia_e_Orientacoes\Informativos_Julgamentos_TCE_PI\Segunda_C_mara_Virtual_2__C_mara___Sess_o_Ordin_ria_Virtual_de_17_a_21_de_agosto.md,C:\Users\thiagonogueira\Dev\base-conhecimento-licitacoes\02_Jurisprudencia_e_Orientacoes\Informativos_Julgamentos_TCE_PI\Segunda_C_mara_Virtual_2__C_mara___Sess_o_Ordin_ria_Virtual_de_17_a_21_de_agosto.md
IGNORADO_JA_EXISTE,md,C:\Users\thiagonogueira\OneDrive - mppi.mp.br\CLC\01_Processos_e_Aquisicoes\Base de Conhecimento - Thiago\02_Jurisprudencia_e_Orientacoes\Informativos_Julgamentos_TCE_PI\Segunda_C_mara_Virtual_2__C_mara___Sess_o_Ordin_ria_Virtual_de_20_a_24_de_julho_.md,C:\Users\thiagonogueira\Dev\base-conhecimento-licitacoes\02_Jurisprudencia_e_Orientacoes\Informativos_Julgamentos_TCE_PI\Segunda_C_mara_Virtual_2__C_mara___Sess_o_Ordin_ria_Virtual_de_20_a_24_de_julho_.md
IGNORADO_JA_EXISTE,md,C:\Users\thiagonogueira\OneDrive - mppi.mp.br\CLC\01_Processos_e_Aquisicoes\Base de Conhecimento - Thiago\02_Jurisprudencia_e_Orientacoes\Informativos_Julgamentos_TCE_PI\Segunda_C_mara_Virtual_2__C_mara___Sess_o_Ordin_ria_Virtual_de_21_a_25_de_setemb.md,C:\Users\thiagonogueira\Dev\base-conhecimento-licitacoes\02_Jurisprudencia_e_Orientacoes\Informativos_Julgamentos_TCE_PI\Segunda_C_mara_Virtual_2__C_mara___Sess_o_Ordin_ria_Virtual_de_21_a_25_de_setemb.md
IGNORADO_JA_EXISTE,md,C:\Users\thiagonogueira\OneDrive - mppi.mp.br\CLC\01_Processos_e_Aquisicoes\Base de Conhecimento - Thiago\02_Jurisprudencia_e_Orientacoes\Informativos_Julgamentos_TCE_PI\Segunda_C_mara_Virtual_2__C_mara___Sess_o_Ordin_ria_Virtual_de_22_a_26_de_junho_.md,C:\Users\thiagonogueira\Dev\base-conhecimento-licitacoes\02_Jurisprudencia_e_Orientacoes\Informativos_Julgamentos_TCE_PI\Segunda_C_mara_Virtual_2__C_mara___Sess_o_Ordin_ria_Virtual_de_22_a_26_de_junho_.md
IGNORADO_JA_EXISTE,md,C:\Users\thiagonogueira\OneDrive - mppi.mp.br\CLC\01_Processos_e_Aquisicoes\Base de Conhecimento - Thiago\02_Jurisprudencia_e_Orientacoes\Informativos_Julgamentos_TCE_PI\Segunda_C_mara_Virtual_2__C_mara___Sess_o_Ordin_ria_Virtual_de_25_a_29_de_maio_d.md,C:\Users\thiagonogueira\Dev\base-conhecimento-licitacoes\02_Jurisprudencia_e_Orientacoes\Informativos_Julgamentos_TCE_PI\Segunda_C_mara_Virtual_2__C_mara___Sess_o_Ordin_ria_Virtual_de_25_a_29_de_maio_d.md
IGNORADO_JA_EXISTE,md,C:\Users\thiagonogueira\OneDrive - mppi.mp.br\CLC\01_Processos_e_Aquisicoes\Base de Conhecimento - Thiago\02_Jurisprudencia_e_Orientacoes\Informativos_Julgamentos_TCE_PI\Segunda_C_mara_Virtual_2__C_mara___Sess_o_Ordin_ria_Virtual_de_27_a_31_de_julho_.md,C:\Users\thiagonogueira\Dev\base-conhecimento-licitacoes\02_Jurisprudencia_e_Orientacoes\Informativos_Julgamentos_TCE_PI\Segunda_C_mara_Virtual_2__C_mara___Sess_o_Ordin_ria_Virtual_de_27_a_31_de_julho_.md
IGNORADO_JA_EXISTE,md,C:\Users\thiagonogueira\OneDrive - mppi.mp.br\CLC\01_Processos_e_Aquisicoes\Base de Conhecimento - Thiago\02_Jurisprudencia_e_Orientacoes\Informativos_Julgamentos_TCE_PI\Segunda_C_mara_Virtual_2__C_mara___Sess_o_Ordin_ria_Virtual_de_28_de_setembro_a_.md,C:\Users\thiagonogueira\Dev\base-conhecimento-licitacoes\02_Jurisprudencia_e_Orientacoes\Informativos_Julgamentos_TCE_PI\Segunda_C_mara_Virtual_2__C_mara___Sess_o_Ordin_ria_Virtual_de_28_de_setembro_a_.md
IGNORADO_JA_EXISTE,md,C:\Users\thiagonogueira\OneDrive - mppi.mp.br\CLC\01_Processos_e_Aquisicoes\Base de Conhecimento - Thiago\02_Jurisprudencia_e_Orientacoes\Informativos_Julgamentos_TCE_PI\Segunda_C_mara_Virtual_2__C_mara___Sess_o_Ordin_ria_Virtual_de_29_de_junho_a_03_.md,C:\Users\thiagonogueira\Dev\base-conhecimento-licitacoes\02_Jurisprudencia_e_Orientacoes\Informativos_Julgamentos_TCE_PI\Segunda_C_mara_Virtual_2__C_mara___Sess_o_Ordin_ria_Virtual_de_29_de_junho_a_03_.md
IGNORADO_JA_EXISTE,md,C:\Users\thiagonogueira\OneDrive - mppi.mp.br\CLC\01_Processos_e_Aquisicoes\Base de Conhecimento - Thiago\02_Jurisprudencia_e_Orientacoes\Informativos_Julgamentos_TCE_PI\Segunda_C_mara_Virtual_2__C_mara___Sess_o_Ordin_ria_Virtual_de_31_de_agosto_a_04.md,C:\Users\thiagonogueira\Dev\base-conhecimento-licitacoes\02_Jurisprudencia_e_Orientacoes\Informativos_Julgamentos_TCE_PI\Segunda_C_mara_Virtual_2__C_mara___Sess_o_Ordin_ria_Virtual_de_31_de_agosto_a_04.md
IGNORADO_JA_EXISTE,md,C:\Users\thiagonogueira\OneDrive - mppi.mp.br\CLC\01_Processos_e_Aquisicoes\Base de Conhecimento - Thiago\02_Jurisprudencia_e_Orientacoes\MJRs_MPPI\Manifestação Jurídico Referencial - MJR - n92 - 2024.md,C:\Users\thiagonogueira\Dev\base-conhecimento-licitacoes\02_Jurisprudencia_e_Orientacoes\MJRs_MPPI\Manifestação Jurídico Referencial - MJR - n92 - 2024.md
IGNORADO_JA_EXISTE,md,C:\Users\thiagonogueira\OneDrive - mppi.mp.br\CLC\01_Processos_e_Aquisicoes\Base de Conhecimento - Thiago\02_Jurisprudencia_e_Orientacoes\MJRs_MPPI\MJR 56 - Pedido de Substituição de Marca.md,C:\Users\thiagonogueira\Dev\base-conhecimento-licitacoes\02_Jurisprudencia_e_Orientacoes\MJRs_MPPI\MJR 56 - Pedido de Substituição de Marca.md
IGNORADO_JA_EXISTE,md,C:\Users\thiagonogueira\OneDrive - mppi.mp.br\CLC\01_Processos_e_Aquisicoes\Base de Conhecimento - Thiago\02_Jurisprudencia_e_Orientacoes\MJRs_MPPI\MJR nº 562025APPL - Troca de Marca Contrato ou ARP\MJR 56 - Análise Conclusiva de Conformidade.md,C:\Users\thiagonogueira\Dev\base-conhecimento-licitacoes\02_Jurisprudencia_e_Orientacoes\MJRs_MPPI\MJR nº 562025APPL - Troca de Marca Contrato ou ARP\MJR 56 - Análise Conclusiva de Conformidade.md
IGNORADO_JA_EXISTE,md,C:\Users\thiagonogueira\OneDrive - mppi.mp.br\CLC\01_Processos_e_Aquisicoes\Base de Conhecimento - Thiago\02_Jurisprudencia_e_Orientacoes\MJRs_MPPI\MJR nº 562025APPL - Troca de Marca Contrato ou ARP\MJR 56 - Análise Preliminar de Conformidade.md,C:\Users\thiagonogueira\Dev\base-conhecimento-licitacoes\02_Jurisprudencia_e_Orientacoes\MJRs_MPPI\MJR nº 562025APPL - Troca de Marca Contrato ou ARP\MJR 56 - Análise Preliminar de Conformidade.md
IGNORADO_JA_EXISTE,md,C:\Users\thiagonogueira\OneDrive - mppi.mp.br\CLC\01_Processos_e_Aquisicoes\Base de Conhecimento - Thiago\02_Jurisprudencia_e_Orientacoes\MJRs_MPPI\MJR nº 662025APPL - Pagamento por Indenização\MJR 66 - Análise Conclusiva de Conformidade.md,C:\Users\thiagonogueira\Dev\base-conhecimento-licitacoes\02_Jurisprudencia_e_Orientacoes\MJRs_MPPI\MJR nº 662025APPL - Pagamento por Indenização\MJR 66 - Análise Conclusiva de Conformidade.md
IGNORADO_JA_EXISTE,md,C:\Users\thiagonogueira\OneDrive - mppi.mp.br\CLC\01_Processos_e_Aquisicoes\Base de Conhecimento - Thiago\02_Jurisprudencia_e_Orientacoes\MJRs_MPPI\MJR nº 662025APPL - Pagamento por Indenização\MJR 66 - Análise Preliminar de Conformidade.md,C:\Users\thiagonogueira\Dev\base-conhecimento-licitacoes\02_Jurisprudencia_e_Orientacoes\MJRs_MPPI\MJR nº 662025APPL - Pagamento por Indenização\MJR 66 - Análise Preliminar de Conformidade.md
IGNORADO_JA_EXISTE,md,C:\Users\thiagonogueira\OneDrive - mppi.mp.br\CLC\01_Processos_e_Aquisicoes\Base de Conhecimento - Thiago\02_Jurisprudencia_e_Orientacoes\MJRs_MPPI\MJR nº 662025APPL - Pagamento por Indenização\MJR 66 - Modelo Termo de Reconhecimento de Divida.md,C:\Users\thiagonogueira\Dev\base-conhecimento-licitacoes\02_Jurisprudencia_e_Orientacoes\MJRs_MPPI\MJR nº 662025APPL - Pagamento por Indenização\MJR 66 - Modelo Termo de Reconhecimento de Divida.md
IGNORADO_JA_EXISTE,md,C:\Users\thiagonogueira\OneDrive - mppi.mp.br\CLC\01_Processos_e_Aquisicoes\Base de Conhecimento - Thiago\02_Jurisprudencia_e_Orientacoes\MJRs_MPPI\MJR nº 662025APPL - Pagamento por Indenização\MJR 66 - Pagamento Por Indenização.md,C:\Users\thiagonogueira\Dev\base-conhecimento-licitacoes\02_Jurisprudencia_e_Orientacoes\MJRs_MPPI\MJR nº 662025APPL - Pagamento por Indenização\MJR 66 - Pagamento Por Indenização.md
IGNORADO_JA_EXISTE,md,C:\Users\thiagonogueira\OneDrive - mppi.mp.br\CLC\01_Processos_e_Aquisicoes\Base de Conhecimento - Thiago\02_Jurisprudencia_e_Orientacoes\MJRs_MPPI\MJR nº 862025APPL - Adesão a ARP\MJR 86 - Adesão por ARP.md,C:\Users\thiagonogueira\Dev\base-conhecimento-licitacoes\02_Jurisprudencia_e_Orientacoes\MJRs_MPPI\MJR nº 862025APPL - Adesão a ARP\MJR 86 - Adesão por ARP.md
IGNORADO_JA_EXISTE,md,C:\Users\thiagonogueira\OneDrive - mppi.mp.br\CLC\01_Processos_e_Aquisicoes\Base de Conhecimento - Thiago\02_Jurisprudencia_e_Orientacoes\MJRs_MPPI\MJR nº 862025APPL - Adesão a ARP\MJR 86 - Análise Conclusiva de Conformidade.md,C:\Users\thiagonogueira\Dev\base-conhecimento-licitacoes\02_Jurisprudencia_e_Orientacoes\MJRs_MPPI\MJR nº 862025APPL - Adesão a ARP\MJR 86 - Análise Conclusiva de Conformidade.md
IGNORADO_JA_EXISTE,md,C:\Users\thiagonogueira\OneDrive - mppi.mp.br\CLC\01_Processos_e_Aquisicoes\Base de Conhecimento - Thiago\02_Jurisprudencia_e_Orientacoes\MJRs_MPPI\MJR nº 862025APPL - Adesão a ARP\MJR 86 - Análise Preliminar de Conformidade.md,C:\Users\thiagonogueira\Dev\base-conhecimento-licitacoes\02_Jurisprudencia_e_Orientacoes\MJRs_MPPI\MJR nº 862025APPL - Adesão a ARP\MJR 86 - Análise Preliminar de Conformidade.md
IGNORADO_JA_EXISTE,md,C:\Users\thiagonogueira\OneDrive - mppi.mp.br\CLC\01_Processos_e_Aquisicoes\Base de Conhecimento - Thiago\02_Jurisprudencia_e_Orientacoes\MJRs_MPPI\MJR nº 922024APPL - Dispensa de Licitação - Art 75 I e II\MJR 92 - Analise Conclusiva de Conformidade.md,C:\Users\thiagonogueira\Dev\base-conhecimento-licitacoes\02_Jurisprudencia_e_Orientacoes\MJRs_MPPI\MJR nº 922024APPL - Dispensa de Licitação - Art 75 I e II\MJR 92 - Analise Conclusiva de Conformidade.md
IGNORADO_JA_EXISTE,md,C:\Users\thiagonogueira\OneDrive - mppi.mp.br\CLC\01_Processos_e_Aquisicoes\Base de Conhecimento - Thiago\02_Jurisprudencia_e_Orientacoes\MJRs_MPPI\MJR nº 922024APPL - Dispensa de Licitação - Art 75 I e II\MJR 92 - Analise Preliminar de Conformidade.md,C:\Users\thiagonogueira\Dev\base-conhecimento-licitacoes\02_Jurisprudencia_e_Orientacoes\MJRs_MPPI\MJR nº 922024APPL - Dispensa de Licitação - Art 75 I e II\MJR 92 - Analise Preliminar de Conformidade.md
IGNORADO_JA_EXISTE,md,C:\Users\thiagonogueira\OneDrive - mppi.mp.br\CLC\01_Processos_e_Aquisicoes\Base de Conhecimento - Thiago\02_Jurisprudencia_e_Orientacoes\MJRs_MPPI\MJR nº 922024APPL - Dispensa de Licitação - Art 75 I e II\MJR 92 - Aprovação MJR.md,C:\Users\thiagonogueira\Dev\base-conhecimento-licitacoes\02_Jurisprudencia_e_Orientacoes\MJRs_MPPI\MJR nº 922024APPL - Dispensa de Licitação - Art 75 I e II\MJR 92 - Aprovação MJR.md
IGNORADO_JA_EXISTE,md,C:\Users\thiagonogueira\OneDrive - mppi.mp.br\CLC\01_Processos_e_Aquisicoes\Base de Conhecimento - Thiago\02_Jurisprudencia_e_Orientacoes\MJRs_MPPI\MJR nº 952025APPL - Prorrogação de Vigência de ARP\MJR 95 - ANALISE_CONCLUSIVA_DE_CONFORMIDADE-PRORROGACAO-DE-VIGENCIA-DE-ARP.md,C:\Users\thiagonogueira\Dev\base-conhecimento-licitacoes\02_Jurisprudencia_e_Orientacoes\MJRs_MPPI\MJR nº 952025APPL - Prorrogação de Vigência de ARP\MJR 95 - ANALISE_CONCLUSIVA_DE_CONFORMIDADE-PRORROGACAO-DE-VIGENCIA-DE-ARP.md
IGNORADO_JA_EXISTE,md,C:\Users\thiagonogueira\OneDrive - mppi.mp.br\CLC\01_Processos_e_Aquisicoes\Base de Conhecimento - Thiago\02_Jurisprudencia_e_Orientacoes\MJRs_MPPI\MJR nº 952025APPL - Prorrogação de Vigência de ARP\MJR 95 - ANALISE_PRELIMINAR_DE_CONFORMIDADE-PRORROGACAO-DE-VIGENCIA-DE-ARP.md,C:\Users\thiagonogueira\Dev\base-conhecimento-licitacoes\02_Jurisprudencia_e_Orientacoes\MJRs_MPPI\MJR nº 952025APPL - Prorrogação de Vigência de ARP\MJR 95 - ANALISE_PRELIMINAR_DE_CONFORMIDADE-PRORROGACAO-DE-VIGENCIA-DE-ARP.md
IGNORADO_JA_EXISTE,md,C:\Users\thiagonogueira\OneDrive - mppi.mp.br\CLC\01_Processos_e_Aquisicoes\Base de Conhecimento - Thiago\02_Jurisprudencia_e_Orientacoes\MJRs_MPPI\MJR nº 952025APPL - Prorrogação de Vigência de ARP\MJR 95 - LISTA_DE_VERIFICACAO_PRORROGACAO_ARP.md,C:\Users\thiagonogueira\Dev\base-conhecimento-licitacoes\02_Jurisprudencia_e_Orientacoes\MJRs_MPPI\MJR nº 952025APPL - Prorrogação de Vigência de ARP\MJR 95 - LISTA_DE_VERIFICACAO_PRORROGACAO_ARP.md
IGNORADO_JA_EXISTE,md,C:\Users\thiagonogueira\OneDrive - mppi.mp.br\CLC\01_Processos_e_Aquisicoes\Base de Conhecimento - Thiago\02_Jurisprudencia_e_Orientacoes\MJRs_MPPI\MJR nº 952025APPL - Prorrogação de Vigência de ARP\MJR 95 - MANIFESTACAO-JURIDICA-REFERENCIAL-PRORROGACAO-DE-VIGENCIA-DE-ARP.md,C:\Users\thiagonogueira\Dev\base-conhecimento-licitacoes\02_Jurisprudencia_e_Orientacoes\MJRs_MPPI\MJR nº 952025APPL - Prorrogação de Vigência de ARP\MJR 95 - MANIFESTACAO-JURIDICA-REFERENCIAL-PRORROGACAO-DE-VIGENCIA-DE-ARP.md
IGNORADO_JA_EXISTE,md,C:\Users\thiagonogueira\OneDrive - mppi.mp.br\CLC\01_Processos_e_Aquisicoes\Base de Conhecimento - Thiago\02_Jurisprudencia_e_Orientacoes\MJRs_MPPI\MJR nº 952025APPL - Prorrogação de Vigência de ARP\MJR 95 - Modelo de Termo Aditivo para Prorrogacao de ARP.md,C:\Users\thiagonogueira\Dev\base-conhecimento-licitacoes\02_Jurisprudencia_e_Orientacoes\MJRs_MPPI\MJR nº 952025APPL - Prorrogação de Vigência de ARP\MJR 95 - Modelo de Termo Aditivo para Prorrogacao de ARP.md
IGNORADO_JA_EXISTE,md,C:\Users\thiagonogueira\OneDrive - mppi.mp.br\CLC\01_Processos_e_Aquisicoes\Base de Conhecimento - Thiago\03_Modelos_e_Minutas\Modelos_AGU_14133\Bens e serviços de TIC\modelo-de-edital-pregao-e-concorrencia-tic-lei-no-14-133-ago-25.md,C:\Users\thiagonogueira\Dev\base-conhecimento-licitacoes\03_Modelos_e_Minutas\Modelos_AGU_14133\Bens e serviços de TIC\modelo-de-edital-pregao-e-concorrencia-tic-lei-no-14-133-ago-25.md
IGNORADO_JA_EXISTE,md,C:\Users\thiagonogueira\OneDrive - mppi.mp.br\CLC\01_Processos_e_Aquisicoes\Base de Conhecimento - Thiago\03_Modelos_e_Minutas\Modelos_AGU_14133\Bens e serviços de TIC\modelo-de-lista-de-verificacao-tic-lei-no-14-133-set-24.md,C:\Users\thiagonogueira\Dev\base-conhecimento-licitacoes\03_Modelos_e_Minutas\Modelos_AGU_14133\Bens e serviços de TIC\modelo-de-lista-de-verificacao-tic-lei-no-14-133-set-24.md
IGNORADO_JA_EXISTE,md,C:\Users\thiagonogueira\OneDrive - mppi.mp.br\CLC\01_Processos_e_Aquisicoes\Base de Conhecimento - Thiago\03_Modelos_e_Minutas\Modelos_AGU_14133\Bens e serviços de TIC\modelo-de-termo-de-contrato-tic-compras-lei-no-14-133-ago-25.md,C:\Users\thiagonogueira\Dev\base-conhecimento-licitacoes\03_Modelos_e_Minutas\Modelos_AGU_14133\Bens e serviços de TIC\modelo-de-termo-de-contrato-tic-compras-lei-no-14-133-ago-25.md
IGNORADO_JA_EXISTE,md,C:\Users\thiagonogueira\OneDrive - mppi.mp.br\CLC\01_Processos_e_Aquisicoes\Base de Conhecimento - Thiago\03_Modelos_e_Minutas\Modelos_AGU_14133\Bens e serviços de TIC\modelo-de-termo-de-contrato-tic-servicos-lei-no-14-133-ago-25.md,C:\Users\thiagonogueira\Dev\base-conhecimento-licitacoes\03_Modelos_e_Minutas\Modelos_AGU_14133\Bens e serviços de TIC\modelo-de-termo-de-contrato-tic-servicos-lei-no-14-133-ago-25.md
IGNORADO_JA_EXISTE,md,C:\Users\thiagonogueira\OneDrive - mppi.mp.br\CLC\01_Processos_e_Aquisicoes\Base de Conhecimento - Thiago\03_Modelos_e_Minutas\Modelos_AGU_14133\Bens e serviços de TIC\modelo-de-termo-de-referencia-compras-tic-lei-no-14-133-set-25.md,C:\Users\thiagonogueira\Dev\base-conhecimento-licitacoes\03_Modelos_e_Minutas\Modelos_AGU_14133\Bens e serviços de TIC\modelo-de-termo-de-referencia-compras-tic-lei-no-14-133-set-25.md
IGNORADO_JA_EXISTE,md,C:\Users\thiagonogueira\OneDrive - mppi.mp.br\CLC\01_Processos_e_Aquisicoes\Base de Conhecimento - Thiago\03_Modelos_e_Minutas\Modelos_AGU_14133\Bens e serviços de TIC\modelo-de-termo-de-referencia-servicos-tic-lei-no-14-133-abr-26.md,C:\Users\thiagonogueira\Dev\base-conhecimento-licitacoes\03_Modelos_e_Minutas\Modelos_AGU_14133\Bens e serviços de TIC\modelo-de-termo-de-referencia-servicos-tic-lei-no-14-133-abr-26.md
IGNORADO_JA_EXISTE,md,C:\Users\thiagonogueira\OneDrive - mppi.mp.br\CLC\01_Processos_e_Aquisicoes\Base de Conhecimento - Thiago\03_Modelos_e_Minutas\Modelos_AGU_14133\Contratação Direta\modelo-de-aviso-de-contratacao-direta-lei-no-14-133-abr-26.md,C:\Users\thiagonogueira\Dev\base-conhecimento-licitacoes\03_Modelos_e_Minutas\Modelos_AGU_14133\Contratação Direta\modelo-de-aviso-de-contratacao-direta-lei-no-14-133-abr-26.md
IGNORADO_JA_EXISTE,md,C:\Users\thiagonogueira\OneDrive - mppi.mp.br\CLC\01_Processos_e_Aquisicoes\Base de Conhecimento - Thiago\03_Modelos_e_Minutas\Modelos_AGU_14133\Contratação Direta\modelo-de-edital-credenciamento-lei-no-14-133-abr-26.md,C:\Users\thiagonogueira\Dev\base-conhecimento-licitacoes\03_Modelos_e_Minutas\Modelos_AGU_14133\Contratação Direta\modelo-de-edital-credenciamento-lei-no-14-133-abr-26.md
IGNORADO_JA_EXISTE,md,C:\Users\thiagonogueira\OneDrive - mppi.mp.br\CLC\01_Processos_e_Aquisicoes\Base de Conhecimento - Thiago\03_Modelos_e_Minutas\Modelos_AGU_14133\Contratação Direta\modelo-de-lista-de-verificacao-contratacoes-diretas-lei-no-14-133-set-24.md,C:\Users\thiagonogueira\Dev\base-conhecimento-licitacoes\03_Modelos_e_Minutas\Modelos_AGU_14133\Contratação Direta\modelo-de-lista-de-verificacao-contratacoes-diretas-lei-no-14-133-set-24.md
IGNORADO_JA_EXISTE,md,C:\Users\thiagonogueira\OneDrive - mppi.mp.br\CLC\01_Processos_e_Aquisicoes\Base de Conhecimento - Thiago\03_Modelos_e_Minutas\Modelos_AGU_14133\Contratação Direta\modelo-de-termo-de-contrato-compras-lei-no-14-133-dez-25.md,C:\Users\thiagonogueira\Dev\base-conhecimento-licitacoes\03_Modelos_e_Minutas\Modelos_AGU_14133\Contratação Direta\modelo-de-termo-de-contrato-compras-lei-no-14-133-dez-25.md
IGNORADO_JA_EXISTE,md,C:\Users\thiagonogueira\OneDrive - mppi.mp.br\CLC\01_Processos_e_Aquisicoes\Base de Conhecimento - Thiago\03_Modelos_e_Minutas\Modelos_AGU_14133\Contratação Direta\modelo-de-termo-de-contrato-obras-e-servicos-de-engenharia-lei-no-14-133-dez-25.md,C:\Users\thiagonogueira\Dev\base-conhecimento-licitacoes\03_Modelos_e_Minutas\Modelos_AGU_14133\Contratação Direta\modelo-de-termo-de-contrato-obras-e-servicos-de-engenharia-lei-no-14-133-dez-25.md
IGNORADO_JA_EXISTE,md,C:\Users\thiagonogueira\OneDrive - mppi.mp.br\CLC\01_Processos_e_Aquisicoes\Base de Conhecimento - Thiago\03_Modelos_e_Minutas\Modelos_AGU_14133\Contratação Direta\modelo-de-termo-de-contrato-servico-com-mao-de-obra-exclusiva-lei-no-14-133-dez-25.md,C:\Users\thiagonogueira\Dev\base-conhecimento-licitacoes\03_Modelos_e_Minutas\Modelos_AGU_14133\Contratação Direta\modelo-de-termo-de-contrato-servico-com-mao-de-obra-exclusiva-lei-no-14-133-dez-25.md
IGNORADO_JA_EXISTE,md,C:\Users\thiagonogueira\OneDrive - mppi.mp.br\CLC\01_Processos_e_Aquisicoes\Base de Conhecimento - Thiago\03_Modelos_e_Minutas\Modelos_AGU_14133\Contratação Direta\modelo-de-termo-de-contrato-servico-sem-mao-de-obra-exclusiva-lei-no-14-133-dez-25.md,C:\Users\thiagonogueira\Dev\base-conhecimento-licitacoes\03_Modelos_e_Minutas\Modelos_AGU_14133\Contratação Direta\modelo-de-termo-de-contrato-servico-sem-mao-de-obra-exclusiva-lei-no-14-133-dez-25.md
IGNORADO_JA_EXISTE,md,C:\Users\thiagonogueira\OneDrive - mppi.mp.br\CLC\01_Processos_e_Aquisicoes\Base de Conhecimento - Thiago\03_Modelos_e_Minutas\Modelos_AGU_14133\Contratação Direta\modelo-de-termo-de-referencia-compras-lei-no-14-133-dez-25.md,C:\Users\thiagonogueira\Dev\base-conhecimento-licitacoes\03_Modelos_e_Minutas\Modelos_AGU_14133\Contratação Direta\modelo-de-termo-de-referencia-compras-lei-no-14-133-dez-25.md
IGNORADO_JA_EXISTE,md,C:\Users\thiagonogueira\OneDrive - mppi.mp.br\CLC\01_Processos_e_Aquisicoes\Base de Conhecimento - Thiago\03_Modelos_e_Minutas\Modelos_AGU_14133\Contratação Direta\modelo-de-termo-de-referencia-servicos-e-obras-lei-no-14-133-dez-25.md,C:\Users\thiagonogueira\Dev\base-conhecimento-licitacoes\03_Modelos_e_Minutas\Modelos_AGU_14133\Contratação Direta\modelo-de-termo-de-referencia-servicos-e-obras-lei-no-14-133-dez-25.md
IGNORADO_JA_EXISTE,md,C:\Users\thiagonogueira\OneDrive - mppi.mp.br\CLC\01_Processos_e_Aquisicoes\Base de Conhecimento - Thiago\03_Modelos_e_Minutas\Modelos_AGU_14133\Contratação Direta\modelo-de-termo-de-referencia-servicos-e-obras-lei-no-14-133-mai-26.md,C:\Users\thiagonogueira\Dev\base-conhecimento-licitacoes\03_Modelos_e_Minutas\Modelos_AGU_14133\Contratação Direta\modelo-de-termo-de-referencia-servicos-e-obras-lei-no-14-133-mai-26.md
IGNORADO_JA_EXISTE,md,C:\Users\thiagonogueira\OneDrive - mppi.mp.br\CLC\01_Processos_e_Aquisicoes\Base de Conhecimento - Thiago\03_Modelos_e_Minutas\Modelos_AGU_14133\Pregão e Concorrência\Compras\modelo-de-lista-de-verificacao-compras-e-servicos-sem-mao-de-obra-exclusiva-lei-no-14-133.md,C:\Users\thiagonogueira\Dev\base-conhecimento-licitacoes\03_Modelos_e_Minutas\Modelos_AGU_14133\Pregão e Concorrência\Compras\modelo-de-lista-de-verificacao-compras-e-servicos-sem-mao-de-obra-exclusiva-lei-no-14-133.md
IGNORADO_JA_EXISTE,md,C:\Users\thiagonogueira\OneDrive - mppi.mp.br\CLC\01_Processos_e_Aquisicoes\Base de Conhecimento - Thiago\03_Modelos_e_Minutas\Modelos_AGU_14133\Pregão e Concorrência\Compras\modelo-de-termo-de-contrato-compras-lei-no-14-133-dez-25.md,C:\Users\thiagonogueira\Dev\base-conhecimento-licitacoes\03_Modelos_e_Minutas\Modelos_AGU_14133\Pregão e Concorrência\Compras\modelo-de-termo-de-contrato-compras-lei-no-14-133-dez-25.md
IGNORADO_JA_EXISTE,md,C:\Users\thiagonogueira\OneDrive - mppi.mp.br\CLC\01_Processos_e_Aquisicoes\Base de Conhecimento - Thiago\03_Modelos_e_Minutas\Modelos_AGU_14133\Pregão e Concorrência\Compras\modelo-de-termo-de-referencia-compras-lei-no-14-133-dez-25.md,C:\Users\thiagonogueira\Dev\base-conhecimento-licitacoes\03_Modelos_e_Minutas\Modelos_AGU_14133\Pregão e Concorrência\Compras\modelo-de-termo-de-referencia-compras-lei-no-14-133-dez-25.md
IGNORADO_JA_EXISTE,md,C:\Users\thiagonogueira\OneDrive - mppi.mp.br\CLC\01_Processos_e_Aquisicoes\Base de Conhecimento - Thiago\03_Modelos_e_Minutas\Modelos_AGU_14133\Pregão e Concorrência\Editais e Atas - Todos os Objetos\modelo-de-ata-de-registro-de-precos-lei-ndeg-14-133-nov-25.md,C:\Users\thiagonogueira\Dev\base-conhecimento-licitacoes\03_Modelos_e_Minutas\Modelos_AGU_14133\Pregão e Concorrência\Editais e Atas - Todos os Objetos\modelo-de-ata-de-registro-de-precos-lei-ndeg-14-133-nov-25.md
IGNORADO_JA_EXISTE,md,C:\Users\thiagonogueira\OneDrive - mppi.mp.br\CLC\01_Processos_e_Aquisicoes\Base de Conhecimento - Thiago\03_Modelos_e_Minutas\Modelos_AGU_14133\Pregão e Concorrência\Editais e Atas - Todos os Objetos\modelo-de-edital-concorrencia-tecnica-e-preco-lei-no-14-133-abr-26.md,C:\Users\thiagonogueira\Dev\base-conhecimento-licitacoes\03_Modelos_e_Minutas\Modelos_AGU_14133\Pregão e Concorrência\Editais e Atas - Todos os Objetos\modelo-de-edital-concorrencia-tecnica-e-preco-lei-no-14-133-abr-26.md
IGNORADO_JA_EXISTE,md,C:\Users\thiagonogueira\OneDrive - mppi.mp.br\CLC\01_Processos_e_Aquisicoes\Base de Conhecimento - Thiago\03_Modelos_e_Minutas\Modelos_AGU_14133\Pregão e Concorrência\Editais e Atas - Todos os Objetos\modelo-de-edital-pregao-e-concorrencia-menor-preco-e-maior-desconto-lei-no-14-133-nov-25.md,C:\Users\thiagonogueira\Dev\base-conhecimento-licitacoes\03_Modelos_e_Minutas\Modelos_AGU_14133\Pregão e Concorrência\Editais e Atas - Todos os Objetos\modelo-de-edital-pregao-e-concorrencia-menor-preco-e-maior-desconto-lei-no-14-133-nov-25.md
IGNORADO_JA_EXISTE,md,C:\Users\thiagonogueira\OneDrive - mppi.mp.br\CLC\01_Processos_e_Aquisicoes\Base de Conhecimento - Thiago\03_Modelos_e_Minutas\Modelos_AGU_14133\Pregão e Concorrência\Obras e Serviços de Engenharia\modelo-de-lista-de-verificacao-obras-e-servicos-de-engenharia-lei-.md,C:\Users\thiagonogueira\Dev\base-conhecimento-licitacoes\03_Modelos_e_Minutas\Modelos_AGU_14133\Pregão e Concorrência\Obras e Serviços de Engenharia\modelo-de-lista-de-verificacao-obras-e-servicos-de-engenharia-lei-.md
IGNORADO_JA_EXISTE,md,C:\Users\thiagonogueira\OneDrive - mppi.mp.br\CLC\01_Processos_e_Aquisicoes\Base de Conhecimento - Thiago\03_Modelos_e_Minutas\Modelos_AGU_14133\Pregão e Concorrência\Obras e Serviços de Engenharia\modelo-de-termo-de-contrato-obras-e-servicos-de-engenharia-lei-no-.md,C:\Users\thiagonogueira\Dev\base-conhecimento-licitacoes\03_Modelos_e_Minutas\Modelos_AGU_14133\Pregão e Concorrência\Obras e Serviços de Engenharia\modelo-de-termo-de-contrato-obras-e-servicos-de-engenharia-lei-no-.md
IGNORADO_JA_EXISTE,md,C:\Users\thiagonogueira\OneDrive - mppi.mp.br\CLC\01_Processos_e_Aquisicoes\Base de Conhecimento - Thiago\03_Modelos_e_Minutas\Modelos_AGU_14133\Pregão e Concorrência\Obras e Serviços de Engenharia\termo-de-justificativas-tecnicas-relevantes-obras-e-servicos-engen.md,C:\Users\thiagonogueira\Dev\base-conhecimento-licitacoes\03_Modelos_e_Minutas\Modelos_AGU_14133\Pregão e Concorrência\Obras e Serviços de Engenharia\termo-de-justificativas-tecnicas-relevantes-obras-e-servicos-engen.md
IGNORADO_JA_EXISTE,md,C:\Users\thiagonogueira\OneDrive - mppi.mp.br\CLC\01_Processos_e_Aquisicoes\Base de Conhecimento - Thiago\03_Modelos_e_Minutas\Modelos_AGU_14133\Pregão e Concorrência\Serviços com Demo\modelo-de-lista-de-verificacao-servicos-com-mao-de-obra-exclusiva-lei-no-14-133.md,C:\Users\thiagonogueira\Dev\base-conhecimento-licitacoes\03_Modelos_e_Minutas\Modelos_AGU_14133\Pregão e Concorrência\Serviços com Demo\modelo-de-lista-de-verificacao-servicos-com-mao-de-obra-exclusiva-lei-no-14-133.md
IGNORADO_JA_EXISTE,md,C:\Users\thiagonogueira\OneDrive - mppi.mp.br\CLC\01_Processos_e_Aquisicoes\Base de Conhecimento - Thiago\03_Modelos_e_Minutas\Modelos_AGU_14133\Pregão e Concorrência\Serviços com Demo\modelo-de-termo-de-contrato-servico-com-mao-de-obra-exclusiva-lei-no-14-133-dez.md,C:\Users\thiagonogueira\Dev\base-conhecimento-licitacoes\03_Modelos_e_Minutas\Modelos_AGU_14133\Pregão e Concorrência\Serviços com Demo\modelo-de-termo-de-contrato-servico-com-mao-de-obra-exclusiva-lei-no-14-133-dez.md
IGNORADO_JA_EXISTE,md,C:\Users\thiagonogueira\OneDrive - mppi.mp.br\CLC\01_Processos_e_Aquisicoes\Base de Conhecimento - Thiago\03_Modelos_e_Minutas\Modelos_AGU_14133\Pregão e Concorrência\Serviços sem DEMO\modelo-de-lista-de-verificacao-compras-e-servicos-sem-mao-de-obra-exclusiva-lei.md,C:\Users\thiagonogueira\Dev\base-conhecimento-licitacoes\03_Modelos_e_Minutas\Modelos_AGU_14133\Pregão e Concorrência\Serviços sem DEMO\modelo-de-lista-de-verificacao-compras-e-servicos-sem-mao-de-obra-exclusiva-lei.md
IGNORADO_JA_EXISTE,md,C:\Users\thiagonogueira\OneDrive - mppi.mp.br\CLC\01_Processos_e_Aquisicoes\Base de Conhecimento - Thiago\03_Modelos_e_Minutas\Modelos_AGU_14133\Pregão e Concorrência\Serviços sem DEMO\modelo-de-termo-de-contrato-servico-sem-mao-de-obra-exclusiva-lei-no-14-133-dez-25.md,C:\Users\thiagonogueira\Dev\base-conhecimento-licitacoes\03_Modelos_e_Minutas\Modelos_AGU_14133\Pregão e Concorrência\Serviços sem DEMO\modelo-de-termo-de-contrato-servico-sem-mao-de-obra-exclusiva-lei-no-14-133-dez-25.md
IGNORADO_JA_EXISTE,md,C:\Users\thiagonogueira\OneDrive - mppi.mp.br\CLC\01_Processos_e_Aquisicoes\Base de Conhecimento - Thiago\03_Modelos_e_Minutas\Modelos_MPPE\Checklist padronizado - Fase de planejamento da contratação (consolidado) - versão 2.0.md,C:\Users\thiagonogueira\Dev\base-conhecimento-licitacoes\03_Modelos_e_Minutas\Modelos_MPPE\Checklist padronizado - Fase de planejamento da contratação (consolidado) - versão 2.0.md
IGNORADO_JA_EXISTE,md,C:\Users\thiagonogueira\OneDrive - mppi.mp.br\CLC\01_Processos_e_Aquisicoes\Base de Conhecimento - Thiago\03_Modelos_e_Minutas\Modelos_MPPE\DOD - Documento de Oficializacao da Demanda MPPE - Versao 3.0.md,C:\Users\thiagonogueira\Dev\base-conhecimento-licitacoes\03_Modelos_e_Minutas\Modelos_MPPE\DOD - Documento de Oficializacao da Demanda MPPE - Versao 3.0.md
IGNORADO_JA_EXISTE,md,C:\Users\thiagonogueira\OneDrive - mppi.mp.br\CLC\01_Processos_e_Aquisicoes\Base de Conhecimento - Thiago\03_Modelos_e_Minutas\Modelos_MPPE\ETP - Estudo Tecnico Preliminar MPPE - Versao 5.0.md,C:\Users\thiagonogueira\Dev\base-conhecimento-licitacoes\03_Modelos_e_Minutas\Modelos_MPPE\ETP - Estudo Tecnico Preliminar MPPE - Versao 5.0.md
IGNORADO_JA_EXISTE,md,C:\Users\thiagonogueira\OneDrive - mppi.mp.br\CLC\01_Processos_e_Aquisicoes\Base de Conhecimento - Thiago\03_Modelos_e_Minutas\Modelos_MPPE\Matriz de Riscos MPPE - Versao 2.0.md,C:\Users\thiagonogueira\Dev\base-conhecimento-licitacoes\03_Modelos_e_Minutas\Modelos_MPPE\Matriz de Riscos MPPE - Versao 2.0.md
IGNORADO_JA_EXISTE,md,C:\Users\thiagonogueira\OneDrive - mppi.mp.br\CLC\01_Processos_e_Aquisicoes\Base de Conhecimento - Thiago\03_Modelos_e_Minutas\Modelos_MPPE\TAPP DIMPLANC 004_2025-0 (AMCS) - Empresa Grafica - MPPE.md,C:\Users\thiagonogueira\Dev\base-conhecimento-licitacoes\03_Modelos_e_Minutas\Modelos_MPPE\TAPP DIMPLANC 004_2025-0 (AMCS) - Empresa Grafica - MPPE.md
IGNORADO_JA_EXISTE,md,C:\Users\thiagonogueira\OneDrive - mppi.mp.br\CLC\01_Processos_e_Aquisicoes\Base de Conhecimento - Thiago\03_Modelos_e_Minutas\Modelos_MPPE\TAPP DIMPLANC 004_2025-1 (AMCS) - Empresa Grafica - MPPE.md,C:\Users\thiagonogueira\Dev\base-conhecimento-licitacoes\03_Modelos_e_Minutas\Modelos_MPPE\TAPP DIMPLANC 004_2025-1 (AMCS) - Empresa Grafica - MPPE.md
IGNORADO_JA_EXISTE,md,C:\Users\thiagonogueira\OneDrive - mppi.mp.br\CLC\01_Processos_e_Aquisicoes\Base de Conhecimento - Thiago\03_Modelos_e_Minutas\Modelos_MPPE\TR - Termo de Referencia MPPE - Versao 3.0.md,C:\Users\thiagonogueira\Dev\base-conhecimento-licitacoes\03_Modelos_e_Minutas\Modelos_MPPE\TR - Termo de Referencia MPPE - Versao 3.0.md
IGNORADO_JA_EXISTE,md,C:\Users\thiagonogueira\OneDrive - mppi.mp.br\CLC\01_Processos_e_Aquisicoes\Base de Conhecimento - Thiago\03_Modelos_e_Minutas\Modelos_MPPI_CLC\Anexo_1204260_MAPA_DE_RISCOS___Licitacoes_e_Contratos.md,C:\Users\thiagonogueira\Dev\base-conhecimento-licitacoes\03_Modelos_e_Minutas\Modelos_MPPI_CLC\Anexo_1204260_MAPA_DE_RISCOS___Licitacoes_e_Contratos.md
IGNORADO_JA_EXISTE,md,C:\Users\thiagonogueira\OneDrive - mppi.mp.br\CLC\01_Processos_e_Aquisicoes\Base de Conhecimento - Thiago\03_Modelos_e_Minutas\Modelos_MPPI_CLC\Check List Habilitação.md,C:\Users\thiagonogueira\Dev\base-conhecimento-licitacoes\03_Modelos_e_Minutas\Modelos_MPPI_CLC\Check List Habilitação.md
IGNORADO_JA_EXISTE,md,C:\Users\thiagonogueira\OneDrive - mppi.mp.br\CLC\01_Processos_e_Aquisicoes\Base de Conhecimento - Thiago\03_Modelos_e_Minutas\Modelos_MPPI_CLC\Glossario de Mensagens - Sessao Publica de Pregao.md,C:\Users\thiagonogueira\Dev\base-conhecimento-licitacoes\03_Modelos_e_Minutas\Modelos_MPPI_CLC\Glossario de Mensagens - Sessao Publica de Pregao.md
IGNORADO_JA_EXISTE,md,C:\Users\thiagonogueira\OneDrive - mppi.mp.br\CLC\01_Processos_e_Aquisicoes\Base de Conhecimento - Thiago\03_Modelos_e_Minutas\Modelos_MPPI_CLC\Modelo - Manifestacao do Ordenador de Despesas - Liberacao de Adesao a ARP (Acordao TCE-PI 394-A-2026).md,C:\Users\thiagonogueira\Dev\base-conhecimento-licitacoes\03_Modelos_e_Minutas\Modelos_MPPI_CLC\Modelo - Manifestacao do Ordenador de Despesas - Liberacao de Adesao a ARP (Acordao TCE-PI 394-A-2026).md
IGNORADO_JA_EXISTE,md,C:\Users\thiagonogueira\OneDrive - mppi.mp.br\CLC\01_Processos_e_Aquisicoes\Base de Conhecimento - Thiago\03_Modelos_e_Minutas\Modelos_MPPI_CLC\Modelo - Oficio ao Orgao Aderente - Efetivacao da Contratacao por Adesao a ARP.md,C:\Users\thiagonogueira\Dev\base-conhecimento-licitacoes\03_Modelos_e_Minutas\Modelos_MPPI_CLC\Modelo - Oficio ao Orgao Aderente - Efetivacao da Contratacao por Adesao a ARP.md
IGNORADO_JA_EXISTE,md,C:\Users\thiagonogueira\OneDrive - mppi.mp.br\CLC\01_Processos_e_Aquisicoes\Base de Conhecimento - Thiago\03_Modelos_e_Minutas\Modelos_MPPI_CLC\Modelo Proposta de Precos.md,C:\Users\thiagonogueira\Dev\base-conhecimento-licitacoes\03_Modelos_e_Minutas\Modelos_MPPI_CLC\Modelo Proposta de Precos.md
IGNORADO_JA_EXISTE,md,C:\Users\thiagonogueira\OneDrive - mppi.mp.br\CLC\01_Processos_e_Aquisicoes\Base de Conhecimento - Thiago\03_Modelos_e_Minutas\Modelos_MPPI_CLC\Oficio_Devolucao_Saneamento_ETP_TR.md,C:\Users\thiagonogueira\Dev\base-conhecimento-licitacoes\03_Modelos_e_Minutas\Modelos_MPPI_CLC\Oficio_Devolucao_Saneamento_ETP_TR.md
IGNORADO_JA_EXISTE,md,C:\Users\thiagonogueira\OneDrive - mppi.mp.br\CLC\01_Processos_e_Aquisicoes\Base de Conhecimento - Thiago\03_Modelos_e_Minutas\Modelos_MPPI_CLC\Roteiro_Falas_Sessao_Publica_Pregao_Eletronico.md,C:\Users\thiagonogueira\Dev\base-conhecimento-licitacoes\03_Modelos_e_Minutas\Modelos_MPPI_CLC\Roteiro_Falas_Sessao_Publica_Pregao_Eletronico.md
IGNORADO_JA_EXISTE,md,C:\Users\thiagonogueira\OneDrive - mppi.mp.br\CLC\01_Processos_e_Aquisicoes\Base de Conhecimento - Thiago\03_Modelos_e_Minutas\Modelos_MPPI_CLC\TAAP Thiago - TERMO DE ANÁLISE PRELIMINAR DO PLANEJAMENTO DA CONTRATAÇÃO.md,C:\Users\thiagonogueira\Dev\base-conhecimento-licitacoes\03_Modelos_e_Minutas\Modelos_MPPI_CLC\TAAP Thiago - TERMO DE ANÁLISE PRELIMINAR DO PLANEJAMENTO DA CONTRATAÇÃO.md
IGNORADO_JA_EXISTE,md,C:\Users\thiagonogueira\OneDrive - mppi.mp.br\CLC\01_Processos_e_Aquisicoes\Base de Conhecimento - Thiago\03_Modelos_e_Minutas\Modelos_MPPI_CLC\TAPP DIMPLANC - Modelo Analise Preliminar Planejamento.md,C:\Users\thiagonogueira\Dev\base-conhecimento-licitacoes\03_Modelos_e_Minutas\Modelos_MPPI_CLC\TAPP DIMPLANC - Modelo Analise Preliminar Planejamento.md
IGNORADO_JA_EXISTE,md,C:\Users\thiagonogueira\OneDrive - mppi.mp.br\CLC\01_Processos_e_Aquisicoes\Base de Conhecimento - Thiago\03_Modelos_e_Minutas\Modelos_MPPI_CLC\TAPP DIMPLANC 006_2024-0 (CMAD) - Lavagem a seco de togas.md,C:\Users\thiagonogueira\Dev\base-conhecimento-licitacoes\03_Modelos_e_Minutas\Modelos_MPPI_CLC\TAPP DIMPLANC 006_2024-0 (CMAD) - Lavagem a seco de togas.md
IGNORADO_JA_EXISTE,md,C:\Users\thiagonogueira\OneDrive - mppi.mp.br\CLC\01_Processos_e_Aquisicoes\Base de Conhecimento - Thiago\03_Modelos_e_Minutas\Modelos_MPPI_CLC\TAPP-D - Diagnostico e Matriz de Notas (02.09.2026).md,C:\Users\thiagonogueira\Dev\base-conhecimento-licitacoes\03_Modelos_e_Minutas\Modelos_MPPI_CLC\TAPP-D - Diagnostico e Matriz de Notas (02.09.2026).md
IGNORADO_JA_EXISTE,md,C:\Users\thiagonogueira\OneDrive - mppi.mp.br\CLC\01_Processos_e_Aquisicoes\Base de Conhecimento - Thiago\03_Modelos_e_Minutas\Modelos_MPPI_CLC\TAPP-D - Nota Tecnica de Revisao da Minuta (02.09.2026).md,C:\Users\thiagonogueira\Dev\base-conhecimento-licitacoes\03_Modelos_e_Minutas\Modelos_MPPI_CLC\TAPP-D - Nota Tecnica de Revisao da Minuta (02.09.2026).md
IGNORADO_JA_EXISTE,md,C:\Users\thiagonogueira\OneDrive - mppi.mp.br\CLC\01_Processos_e_Aquisicoes\Base de Conhecimento - Thiago\03_Modelos_e_Minutas\Modelos_MPPI_CLC\TAPP_DIMPLANC_000_202X-X_Documento_modelo_Thiago.md,C:\Users\thiagonogueira\Dev\base-conhecimento-licitacoes\03_Modelos_e_Minutas\Modelos_MPPI_CLC\TAPP_DIMPLANC_000_202X-X_Documento_modelo_Thiago.md
IGNORADO_JA_EXISTE,md,C:\Users\thiagonogueira\OneDrive - mppi.mp.br\CLC\01_Processos_e_Aquisicoes\Base de Conhecimento - Thiago\03_Modelos_e_Minutas\Modelos_MPPI_CLC\TAPP_D_Minuta_Revisada_v4.md,C:\Users\thiagonogueira\Dev\base-conhecimento-licitacoes\03_Modelos_e_Minutas\Modelos_MPPI_CLC\TAPP_D_Minuta_Revisada_v4.md
IGNORADO_JA_EXISTE,md,C:\Users\thiagonogueira\OneDrive - mppi.mp.br\CLC\01_Processos_e_Aquisicoes\Base de Conhecimento - Thiago\03_Modelos_e_Minutas\Modelos_MPPI_CLC\TJ_MA_termo_de_referencia_dispensa_por_item_2024.md,C:\Users\thiagonogueira\Dev\base-conhecimento-licitacoes\03_Modelos_e_Minutas\Modelos_MPPI_CLC\TJ_MA_termo_de_referencia_dispensa_por_item_2024.md
IGNORADO_JA_EXISTE,md,C:\Users\thiagonogueira\OneDrive - mppi.mp.br\CLC\01_Processos_e_Aquisicoes\Base de Conhecimento - Thiago\03_Modelos_e_Minutas\Modelos_MPPI_CLC\Modelos_SEI\Aprovacao_de_Artefatos_14133_SEI_1422714.md,C:\Users\thiagonogueira\Dev\base-conhecimento-licitacoes\03_Modelos_e_Minutas\Modelos_MPPI_CLC\Modelos_SEI\Aprovacao_de_Artefatos_14133_SEI_1422714.md
IGNORADO_JA_EXISTE,md,C:\Users\thiagonogueira\OneDrive - mppi.mp.br\CLC\01_Processos_e_Aquisicoes\Base de Conhecimento - Thiago\03_Modelos_e_Minutas\Modelos_MPPI_CLC\Modelos_SEI\Despacho_PGJ_Liberacao_Adesao_MPAL_SEI.md,C:\Users\thiagonogueira\Dev\base-conhecimento-licitacoes\03_Modelos_e_Minutas\Modelos_MPPI_CLC\Modelos_SEI\Despacho_PGJ_Liberacao_Adesao_MPAL_SEI.md
IGNORADO_JA_EXISTE,md,C:\Users\thiagonogueira\OneDrive - mppi.mp.br\CLC\01_Processos_e_Aquisicoes\Base de Conhecimento - Thiago\03_Modelos_e_Minutas\Modelos_MPPI_CLC\Modelos_SEI\SEI_1496852_Aprovacao_Artefatos_14133.md,C:\Users\thiagonogueira\Dev\base-conhecimento-licitacoes\03_Modelos_e_Minutas\Modelos_MPPI_CLC\Modelos_SEI\SEI_1496852_Aprovacao_Artefatos_14133.md
IGNORADO_JA_EXISTE,md,C:\Users\thiagonogueira\OneDrive - mppi.mp.br\CLC\01_Processos_e_Aquisicoes\Base de Conhecimento - Thiago\03_Modelos_e_Minutas\Modelos_MPPI_CLC\Roteiros_CLC\Roteiro - Adesao a ARP no Compras.gov.md,C:\Users\thiagonogueira\Dev\base-conhecimento-licitacoes\03_Modelos_e_Minutas\Modelos_MPPI_CLC\Roteiros_CLC\Roteiro - Adesao a ARP no Compras.gov.md
IGNORADO_JA_EXISTE,md,C:\Users\thiagonogueira\OneDrive - mppi.mp.br\CLC\01_Processos_e_Aquisicoes\Base de Conhecimento - Thiago\03_Modelos_e_Minutas\Modelos_MPPI_CLC\Roteiros_CLC\Roteiro - Contratacao por ARP.md,C:\Users\thiagonogueira\Dev\base-conhecimento-licitacoes\03_Modelos_e_Minutas\Modelos_MPPI_CLC\Roteiros_CLC\Roteiro - Contratacao por ARP.md
IGNORADO_JA_EXISTE,md,C:\Users\thiagonogueira\OneDrive - mppi.mp.br\CLC\01_Processos_e_Aquisicoes\Base de Conhecimento - Thiago\03_Modelos_e_Minutas\Modelos_MPPI_CLC\Roteiros_CLC\Roteiro - Credenciamento.md,C:\Users\thiagonogueira\Dev\base-conhecimento-licitacoes\03_Modelos_e_Minutas\Modelos_MPPI_CLC\Roteiros_CLC\Roteiro - Credenciamento.md
IGNORADO_JA_EXISTE,md,C:\Users\thiagonogueira\OneDrive - mppi.mp.br\CLC\01_Processos_e_Aquisicoes\Base de Conhecimento - Thiago\03_Modelos_e_Minutas\Modelos_MPPI_CLC\Roteiros_CLC\Roteiro - Dispensa (lista de documentos 2024).md,C:\Users\thiagonogueira\Dev\base-conhecimento-licitacoes\03_Modelos_e_Minutas\Modelos_MPPI_CLC\Roteiros_CLC\Roteiro - Dispensa (lista de documentos 2024).md
IGNORADO_JA_EXISTE,md,C:\Users\thiagonogueira\OneDrive - mppi.mp.br\CLC\01_Processos_e_Aquisicoes\Base de Conhecimento - Thiago\03_Modelos_e_Minutas\Modelos_MPPI_CLC\Roteiros_CLC\Roteiro - Dispensa Eletronica.md,C:\Users\thiagonogueira\Dev\base-conhecimento-licitacoes\03_Modelos_e_Minutas\Modelos_MPPI_CLC\Roteiros_CLC\Roteiro - Dispensa Eletronica.md
IGNORADO_JA_EXISTE,md,C:\Users\thiagonogueira\OneDrive - mppi.mp.br\CLC\01_Processos_e_Aquisicoes\Base de Conhecimento - Thiago\03_Modelos_e_Minutas\Modelos_MPPI_CLC\Roteiros_CLC\Roteiro - Dispensa sem Disputa.md,C:\Users\thiagonogueira\Dev\base-conhecimento-licitacoes\03_Modelos_e_Minutas\Modelos_MPPI_CLC\Roteiros_CLC\Roteiro - Dispensa sem Disputa.md
IGNORADO_JA_EXISTE,md,C:\Users\thiagonogueira\OneDrive - mppi.mp.br\CLC\01_Processos_e_Aquisicoes\Base de Conhecimento - Thiago\03_Modelos_e_Minutas\Modelos_MPPI_CLC\Roteiros_CLC\Roteiro - Inexigibilidade.md,C:\Users\thiagonogueira\Dev\base-conhecimento-licitacoes\03_Modelos_e_Minutas\Modelos_MPPI_CLC\Roteiros_CLC\Roteiro - Inexigibilidade.md
IGNORADO_JA_EXISTE,md,C:\Users\thiagonogueira\OneDrive - mppi.mp.br\CLC\01_Processos_e_Aquisicoes\Base de Conhecimento - Thiago\03_Modelos_e_Minutas\Modelos_MPPI_CLC\Roteiros_CLC\Roteiro - Liberacao de ARP para Adesao.md,C:\Users\thiagonogueira\Dev\base-conhecimento-licitacoes\03_Modelos_e_Minutas\Modelos_MPPI_CLC\Roteiros_CLC\Roteiro - Liberacao de ARP para Adesao.md
IGNORADO_JA_EXISTE,md,C:\Users\thiagonogueira\OneDrive - mppi.mp.br\CLC\01_Processos_e_Aquisicoes\Base de Conhecimento - Thiago\03_Modelos_e_Minutas\Modelos_MPPI_CLC\Roteiros_CLC\Roteiro - Publicacao de Contrato no Site do MPPI.md,C:\Users\thiagonogueira\Dev\base-conhecimento-licitacoes\03_Modelos_e_Minutas\Modelos_MPPI_CLC\Roteiros_CLC\Roteiro - Publicacao de Contrato no Site do MPPI.md
IGNORADO_JA_EXISTE,md,C:\Users\thiagonogueira\OneDrive - mppi.mp.br\CLC\01_Processos_e_Aquisicoes\Base de Conhecimento - Thiago\03_Modelos_e_Minutas\Modelos_SEAD_PI\CARTILHA-DE-MENSAGENS-PADRONIZADAS-PARA-AGENTE-DE-CONTRATACAO.md,C:\Users\thiagonogueira\Dev\base-conhecimento-licitacoes\03_Modelos_e_Minutas\Modelos_SEAD_PI\CARTILHA-DE-MENSAGENS-PADRONIZADAS-PARA-AGENTE-DE-CONTRATACAO.md
IGNORADO_JA_EXISTE,md,"C:\Users\thiagonogueira\OneDrive - mppi.mp.br\CLC\01_Processos_e_Aquisicoes\Base de Conhecimento - Thiago\04_Sistemas_e_Catalogos\Manuais_Sistemas_Oficiais\Compras.gov.br - Tutorial de eventos de anulação, suspensão e revogação.md","C:\Users\thiagonogueira\Dev\base-conhecimento-licitacoes\04_Sistemas_e_Catalogos\Manuais_Sistemas_Oficiais\Compras.gov.br - Tutorial de eventos de anulação, suspensão e revogação.md"
IGNORADO_JA_EXISTE,md,C:\Users\thiagonogueira\OneDrive - mppi.mp.br\CLC\01_Processos_e_Aquisicoes\Base de Conhecimento - Thiago\04_Sistemas_e_Catalogos\Manuais_Sistemas_Oficiais\Compras.gov.br – Eventos de alteração em procedimento auxiliar de credenciamento - mar-2025.md,C:\Users\thiagonogueira\Dev\base-conhecimento-licitacoes\04_Sistemas_e_Catalogos\Manuais_Sistemas_Oficiais\Compras.gov.br – Eventos de alteração em procedimento auxiliar de credenciamento - mar-2025.md
IGNORADO_JA_EXISTE,md,C:\Users\thiagonogueira\OneDrive - mppi.mp.br\CLC\01_Processos_e_Aquisicoes\Base de Conhecimento - Thiago\04_Sistemas_e_Catalogos\Manuais_Sistemas_Oficiais\Compras.gov.br – Novo divulgação de contratações - Evento de alteração - abr-2024.md,C:\Users\thiagonogueira\Dev\base-conhecimento-licitacoes\04_Sistemas_e_Catalogos\Manuais_Sistemas_Oficiais\Compras.gov.br – Novo divulgação de contratações - Evento de alteração - abr-2024.md
IGNORADO_JA_EXISTE,md,C:\Users\thiagonogueira\OneDrive - mppi.mp.br\CLC\01_Processos_e_Aquisicoes\Base de Conhecimento - Thiago\04_Sistemas_e_Catalogos\Manuais_Sistemas_Oficiais\Compras.gov.br – Tutorial compras executivo (jan-2026).md,C:\Users\thiagonogueira\Dev\base-conhecimento-licitacoes\04_Sistemas_e_Catalogos\Manuais_Sistemas_Oficiais\Compras.gov.br – Tutorial compras executivo (jan-2026).md
IGNORADO_JA_EXISTE,md,C:\Users\thiagonogueira\OneDrive - mppi.mp.br\CLC\01_Processos_e_Aquisicoes\Base de Conhecimento - Thiago\04_Sistemas_e_Catalogos\Manuais_Sistemas_Oficiais\Compras.gov.br – Tutorial de como copiar e compartilhar cotações  no Pesquisa de Preço.md,C:\Users\thiagonogueira\Dev\base-conhecimento-licitacoes\04_Sistemas_e_Catalogos\Manuais_Sistemas_Oficiais\Compras.gov.br – Tutorial de como copiar e compartilhar cotações  no Pesquisa de Preço.md
IGNORADO_JA_EXISTE,md,C:\Users\thiagonogueira\OneDrive - mppi.mp.br\CLC\01_Processos_e_Aquisicoes\Base de Conhecimento - Thiago\04_Sistemas_e_Catalogos\Manuais_Sistemas_Oficiais\Compras.gov.br – Tutorial de como criar matriz de riscos.md,C:\Users\thiagonogueira\Dev\base-conhecimento-licitacoes\04_Sistemas_e_Catalogos\Manuais_Sistemas_Oficiais\Compras.gov.br – Tutorial de como criar matriz de riscos.md
IGNORADO_JA_EXISTE,md,C:\Users\thiagonogueira\OneDrive - mppi.mp.br\CLC\01_Processos_e_Aquisicoes\Base de Conhecimento - Thiago\04_Sistemas_e_Catalogos\Manuais_Sistemas_Oficiais\Compras.gov.br – Tutorial de como publicar dispensas com disputa no Novo DC.md,C:\Users\thiagonogueira\Dev\base-conhecimento-licitacoes\04_Sistemas_e_Catalogos\Manuais_Sistemas_Oficiais\Compras.gov.br – Tutorial de como publicar dispensas com disputa no Novo DC.md
IGNORADO_JA_EXISTE,md,C:\Users\thiagonogueira\OneDrive - mppi.mp.br\CLC\01_Processos_e_Aquisicoes\Base de Conhecimento - Thiago\04_Sistemas_e_Catalogos\Manuais_Sistemas_Oficiais\Compras.gov.br – Tutorial de como publicar dispensas sem disputa e inexibilidades no Novo DC.md,C:\Users\thiagonogueira\Dev\base-conhecimento-licitacoes\04_Sistemas_e_Catalogos\Manuais_Sistemas_Oficiais\Compras.gov.br – Tutorial de como publicar dispensas sem disputa e inexibilidades no Novo DC.md
IGNORADO_JA_EXISTE,md,"C:\Users\thiagonogueira\OneDrive - mppi.mp.br\CLC\01_Processos_e_Aquisicoes\Base de Conhecimento - Thiago\04_Sistemas_e_Catalogos\Manuais_Sistemas_Oficiais\Compras.gov.br – Tutorial para critério de julgamento, melhor técnica ou conteúdo artístico - jun-2024.md","C:\Users\thiagonogueira\Dev\base-conhecimento-licitacoes\04_Sistemas_e_Catalogos\Manuais_Sistemas_Oficiais\Compras.gov.br – Tutorial para critério de julgamento, melhor técnica ou conteúdo artístico - jun-2024.md"
IGNORADO_JA_EXISTE,md,C:\Users\thiagonogueira\OneDrive - mppi.mp.br\CLC\01_Processos_e_Aquisicoes\Base de Conhecimento - Thiago\04_Sistemas_e_Catalogos\Manuais_Sistemas_Oficiais\Guia Essencial de Suprimento de Fundos MPPI.md,C:\Users\thiagonogueira\Dev\base-conhecimento-licitacoes\04_Sistemas_e_Catalogos\Manuais_Sistemas_Oficiais\Guia Essencial de Suprimento de Fundos MPPI.md
IGNORADO_JA_EXISTE,md,C:\Users\thiagonogueira\OneDrive - mppi.mp.br\CLC\01_Processos_e_Aquisicoes\Base de Conhecimento - Thiago\04_Sistemas_e_Catalogos\Manuais_Sistemas_Oficiais\Manual de Suprimento de Fundos do MPPI 2025.md,C:\Users\thiagonogueira\Dev\base-conhecimento-licitacoes\04_Sistemas_e_Catalogos\Manuais_Sistemas_Oficiais\Manual de Suprimento de Fundos do MPPI 2025.md
IGNORADO_JA_EXISTE,md,C:\Users\thiagonogueira\OneDrive - mppi.mp.br\CLC\01_Processos_e_Aquisicoes\Base de Conhecimento - Thiago\04_Sistemas_e_Catalogos\Manuais_Sistemas_Oficiais\Ministério da gestão – Manual do usuário - API de dados abertos do Compras.gov.br - Fev-2026.md,C:\Users\thiagonogueira\Dev\base-conhecimento-licitacoes\04_Sistemas_e_Catalogos\Manuais_Sistemas_Oficiais\Ministério da gestão – Manual do usuário - API de dados abertos do Compras.gov.br - Fev-2026.md
IGNORADO_JA_EXISTE,md,C:\Users\thiagonogueira\OneDrive - mppi.mp.br\CLC\01_Processos_e_Aquisicoes\Base de Conhecimento - Thiago\04_Sistemas_e_Catalogos\Manuais_Sistemas_Oficiais\TJMA - checklist_dispensa_eletronica_24_10_2023_19_20_10.md,C:\Users\thiagonogueira\Dev\base-conhecimento-licitacoes\04_Sistemas_e_Catalogos\Manuais_Sistemas_Oficiais\TJMA - checklist_dispensa_eletronica_24_10_2023_19_20_10.md
IGNORADO_JA_EXISTE,md,C:\Users\thiagonogueira\OneDrive - mppi.mp.br\CLC\01_Processos_e_Aquisicoes\Base de Conhecimento - Thiago\04_Sistemas_e_Catalogos\Manuais_Sistemas_Oficiais\Banco_de_Precos\Banco de Precos - Passo a Passo Cotacao Nova e Rapida Plus.md,C:\Users\thiagonogueira\Dev\base-conhecimento-licitacoes\04_Sistemas_e_Catalogos\Manuais_Sistemas_Oficiais\Banco_de_Precos\Banco de Precos - Passo a Passo Cotacao Nova e Rapida Plus.md
IGNORADO_JA_EXISTE,md,C:\Users\thiagonogueira\OneDrive - mppi.mp.br\CLC\01_Processos_e_Aquisicoes\Base de Conhecimento - Thiago\04_Sistemas_e_Catalogos\Manuais_Sistemas_Oficiais\Banco_de_Precos\Manual - BPPlus.md,C:\Users\thiagonogueira\Dev\base-conhecimento-licitacoes\04_Sistemas_e_Catalogos\Manuais_Sistemas_Oficiais\Banco_de_Precos\Manual - BPPlus.md
IGNORADO_JA_EXISTE,md,C:\Users\thiagonogueira\OneDrive - mppi.mp.br\CLC\01_Processos_e_Aquisicoes\Base de Conhecimento - Thiago\04_Sistemas_e_Catalogos\Manuais_Sistemas_Oficiais\Banco_de_Precos\Passo a Passo - Como Convidar Fornecedores + LOG + TR.md,C:\Users\thiagonogueira\Dev\base-conhecimento-licitacoes\04_Sistemas_e_Catalogos\Manuais_Sistemas_Oficiais\Banco_de_Precos\Passo a Passo - Como Convidar Fornecedores + LOG + TR.md
IGNORADO_JA_EXISTE,md,C:\Users\thiagonogueira\OneDrive - mppi.mp.br\CLC\01_Processos_e_Aquisicoes\Base de Conhecimento - Thiago\04_Sistemas_e_Catalogos\Manuais_Sistemas_Oficiais\Banco_de_Precos\Passo a Passo - Cotação Nova e Rápida (+lotes) (Plus).md,C:\Users\thiagonogueira\Dev\base-conhecimento-licitacoes\04_Sistemas_e_Catalogos\Manuais_Sistemas_Oficiais\Banco_de_Precos\Passo a Passo - Cotação Nova e Rápida (+lotes) (Plus).md
IGNORADO_JA_EXISTE,md,C:\Users\thiagonogueira\OneDrive - mppi.mp.br\CLC\01_Processos_e_Aquisicoes\Base de Conhecimento - Thiago\04_Sistemas_e_Catalogos\Manuais_Sistemas_Oficiais\Banco_de_Precos\Passo a Passo - Cotação Nova e Rápida (Standard).md,C:\Users\thiagonogueira\Dev\base-conhecimento-licitacoes\04_Sistemas_e_Catalogos\Manuais_Sistemas_Oficiais\Banco_de_Precos\Passo a Passo - Cotação Nova e Rápida (Standard).md
IGNORADO_JA_EXISTE,md,C:\Users\thiagonogueira\OneDrive - mppi.mp.br\CLC\01_Processos_e_Aquisicoes\Base de Conhecimento - Thiago\04_Sistemas_e_Catalogos\Orcamento_LOA_2026\loa-2026-anexo-i-demonstrativos-consolidados.md,C:\Users\thiagonogueira\Dev\base-conhecimento-licitacoes\04_Sistemas_e_Catalogos\Orcamento_LOA_2026\loa-2026-anexo-i-demonstrativos-consolidados.md
IGNORADO_JA_EXISTE,md,C:\Users\thiagonogueira\OneDrive - mppi.mp.br\CLC\01_Processos_e_Aquisicoes\Base de Conhecimento - Thiago\04_Sistemas_e_Catalogos\Orcamento_LOA_2026\loa-2026-anexo-ii-receitas.md,C:\Users\thiagonogueira\Dev\base-conhecimento-licitacoes\04_Sistemas_e_Catalogos\Orcamento_LOA_2026\loa-2026-anexo-ii-receitas.md
IGNORADO_JA_EXISTE,md,C:\Users\thiagonogueira\OneDrive - mppi.mp.br\CLC\01_Processos_e_Aquisicoes\Base de Conhecimento - Thiago\04_Sistemas_e_Catalogos\Orcamento_LOA_2026\loa-2026-anexo-iii-despesa.md,C:\Users\thiagonogueira\Dev\base-conhecimento-licitacoes\04_Sistemas_e_Catalogos\Orcamento_LOA_2026\loa-2026-anexo-iii-despesa.md
IGNORADO_JA_EXISTE,md,C:\Users\thiagonogueira\OneDrive - mppi.mp.br\CLC\01_Processos_e_Aquisicoes\Base de Conhecimento - Thiago\04_Sistemas_e_Catalogos\Orcamento_LOA_2026\loa-2026-anexo-iv-despesa-por-poderes.md,C:\Users\thiagonogueira\Dev\base-conhecimento-licitacoes\04_Sistemas_e_Catalogos\Orcamento_LOA_2026\loa-2026-anexo-iv-despesa-por-poderes.md
IGNORADO_JA_EXISTE,md,C:\Users\thiagonogueira\OneDrive - mppi.mp.br\CLC\01_Processos_e_Aquisicoes\Base de Conhecimento - Thiago\04_Sistemas_e_Catalogos\Orcamento_LOA_2026\loa-2026-anexo-vi-demonstrativo-das-unidades-gestoras.md,C:\Users\thiagonogueira\Dev\base-conhecimento-licitacoes\04_Sistemas_e_Catalogos\Orcamento_LOA_2026\loa-2026-anexo-vi-demonstrativo-das-unidades-gestoras.md
IGNORADO_JA_EXISTE,md,C:\Users\thiagonogueira\OneDrive - mppi.mp.br\CLC\01_Processos_e_Aquisicoes\Base de Conhecimento - Thiago\04_Sistemas_e_Catalogos\Orcamento_LOA_2026\loa-2026-anexo-vii-demostrativo-das-despesas-primarias.md,C:\Users\thiagonogueira\Dev\base-conhecimento-licitacoes\04_Sistemas_e_Catalogos\Orcamento_LOA_2026\loa-2026-anexo-vii-demostrativo-das-despesas-primarias.md
IGNORADO_JA_EXISTE,md,C:\Users\thiagonogueira\OneDrive - mppi.mp.br\CLC\01_Processos_e_Aquisicoes\Base de Conhecimento - Thiago\04_Sistemas_e_Catalogos\Orcamento_LOA_2026\loa-2026-anexo-viii-demonstrativo-do-marco-orcamentario.md,C:\Users\thiagonogueira\Dev\base-conhecimento-licitacoes\04_Sistemas_e_Catalogos\Orcamento_LOA_2026\loa-2026-anexo-viii-demonstrativo-do-marco-orcamentario.md
IGNORADO_JA_EXISTE,md,C:\Users\thiagonogueira\OneDrive - mppi.mp.br\CLC\01_Processos_e_Aquisicoes\Base de Conhecimento - Thiago\04_Sistemas_e_Catalogos\Orcamento_LOA_2026\loa-2026-emendas-parlamentares.md,C:\Users\thiagonogueira\Dev\base-conhecimento-licitacoes\04_Sistemas_e_Catalogos\Orcamento_LOA_2026\loa-2026-emendas-parlamentares.md
IGNORADO_JA_EXISTE,md,C:\Users\thiagonogueira\OneDrive - mppi.mp.br\CLC\01_Processos_e_Aquisicoes\Base de Conhecimento - Thiago\04_Sistemas_e_Catalogos\Orcamento_LOA_2026\loa-2026-lei-8.914.2025.md,C:\Users\thiagonogueira\Dev\base-conhecimento-licitacoes\04_Sistemas_e_Catalogos\Orcamento_LOA_2026\loa-2026-lei-8.914.2025.md
IGNORADO_JA_EXISTE,md,C:\Users\thiagonogueira\OneDrive - mppi.mp.br\CLC\01_Processos_e_Aquisicoes\Base de Conhecimento - Thiago\04_Sistemas_e_Catalogos\Orcamento_LOA_2026\loa-anexo-v-despesa-empresas-estatais.md,C:\Users\thiagonogueira\Dev\base-conhecimento-licitacoes\04_Sistemas_e_Catalogos\Orcamento_LOA_2026\loa-anexo-v-despesa-empresas-estatais.md
IGNORADO_JA_EXISTE,md,C:\Users\thiagonogueira\OneDrive - mppi.mp.br\CLC\01_Processos_e_Aquisicoes\Base de Conhecimento - Thiago\04_Sistemas_e_Catalogos\Orcamento_LOA_2026\qdd-2026-executivo.md,C:\Users\thiagonogueira\Dev\base-conhecimento-licitacoes\04_Sistemas_e_Catalogos\Orcamento_LOA_2026\qdd-2026-executivo.md
IGNORADO_JA_EXISTE,md,C:\Users\thiagonogueira\OneDrive - mppi.mp.br\CLC\01_Processos_e_Aquisicoes\Base de Conhecimento - Thiago\04_Sistemas_e_Catalogos\Orcamento_LOA_2026\qdd-2026-judiciario.md,C:\Users\thiagonogueira\Dev\base-conhecimento-licitacoes\04_Sistemas_e_Catalogos\Orcamento_LOA_2026\qdd-2026-judiciario.md
IGNORADO_JA_EXISTE,md,C:\Users\thiagonogueira\OneDrive - mppi.mp.br\CLC\01_Processos_e_Aquisicoes\Base de Conhecimento - Thiago\04_Sistemas_e_Catalogos\Orcamento_LOA_2026\qdd-2026-legislativo.md,C:\Users\thiagonogueira\Dev\base-conhecimento-licitacoes\04_Sistemas_e_Catalogos\Orcamento_LOA_2026\qdd-2026-legislativo.md
IGNORADO_JA_EXISTE,md,C:\Users\thiagonogueira\OneDrive - mppi.mp.br\CLC\01_Processos_e_Aquisicoes\Base de Conhecimento - Thiago\04_Sistemas_e_Catalogos\Orcamento_LOA_2026\qdd-2026-mp.md,C:\Users\thiagonogueira\Dev\base-conhecimento-licitacoes\04_Sistemas_e_Catalogos\Orcamento_LOA_2026\qdd-2026-mp.md
IGNORADO_JA_EXISTE,md,C:\Users\thiagonogueira\OneDrive - mppi.mp.br\CLC\01_Processos_e_Aquisicoes\Base de Conhecimento - Thiago\05_Doutrina_e_Biblioteca\Biblioteca_Manuais_e_Cursos\Apostila_Capacitacao_Contratacoes_Modulo_01.md,C:\Users\thiagonogueira\Dev\base-conhecimento-licitacoes\05_Doutrina_e_Biblioteca\Biblioteca_Manuais_e_Cursos\Apostila_Capacitacao_Contratacoes_Modulo_01.md
IGNORADO_JA_EXISTE,md,C:\Users\thiagonogueira\OneDrive - mppi.mp.br\CLC\01_Processos_e_Aquisicoes\Base de Conhecimento - Thiago\05_Doutrina_e_Biblioteca\Biblioteca_Manuais_e_Cursos\Apresentação - Contratação Direta - GOVSP.md,C:\Users\thiagonogueira\Dev\base-conhecimento-licitacoes\05_Doutrina_e_Biblioteca\Biblioteca_Manuais_e_Cursos\Apresentação - Contratação Direta - GOVSP.md
IGNORADO_JA_EXISTE,md,C:\Users\thiagonogueira\OneDrive - mppi.mp.br\CLC\01_Processos_e_Aquisicoes\Base de Conhecimento - Thiago\05_Doutrina_e_Biblioteca\Biblioteca_Manuais_e_Cursos\Apresentação - Da Especificação do Objeto ao Orçamento Estimado.md,C:\Users\thiagonogueira\Dev\base-conhecimento-licitacoes\05_Doutrina_e_Biblioteca\Biblioteca_Manuais_e_Cursos\Apresentação - Da Especificação do Objeto ao Orçamento Estimado.md
IGNORADO_JA_EXISTE,md,C:\Users\thiagonogueira\OneDrive - mppi.mp.br\CLC\01_Processos_e_Aquisicoes\Base de Conhecimento - Thiago\05_Doutrina_e_Biblioteca\Biblioteca_Manuais_e_Cursos\Cartilha - Acesso a Informação - Atricon.md,C:\Users\thiagonogueira\Dev\base-conhecimento-licitacoes\05_Doutrina_e_Biblioteca\Biblioteca_Manuais_e_Cursos\Cartilha - Acesso a Informação - Atricon.md
IGNORADO_JA_EXISTE,md,C:\Users\thiagonogueira\OneDrive - mppi.mp.br\CLC\01_Processos_e_Aquisicoes\Base de Conhecimento - Thiago\05_Doutrina_e_Biblioteca\Biblioteca_Manuais_e_Cursos\Cartilha de Retencoes Tributarias nos Contratos e Convenios - SEFAZ-PI.md,C:\Users\thiagonogueira\Dev\base-conhecimento-licitacoes\05_Doutrina_e_Biblioteca\Biblioteca_Manuais_e_Cursos\Cartilha de Retencoes Tributarias nos Contratos e Convenios - SEFAZ-PI.md
IGNORADO_JA_EXISTE,md,C:\Users\thiagonogueira\OneDrive - mppi.mp.br\CLC\01_Processos_e_Aquisicoes\Base de Conhecimento - Thiago\05_Doutrina_e_Biblioteca\Biblioteca_Manuais_e_Cursos\Cartilha do Fiscal de Contratos - TCE-PI.md,C:\Users\thiagonogueira\Dev\base-conhecimento-licitacoes\05_Doutrina_e_Biblioteca\Biblioteca_Manuais_e_Cursos\Cartilha do Fiscal de Contratos - TCE-PI.md
IGNORADO_JA_EXISTE,md,C:\Users\thiagonogueira\OneDrive - mppi.mp.br\CLC\01_Processos_e_Aquisicoes\Base de Conhecimento - Thiago\05_Doutrina_e_Biblioteca\Biblioteca_Manuais_e_Cursos\Cartilha Portal da Transparencia TCE.md,C:\Users\thiagonogueira\Dev\base-conhecimento-licitacoes\05_Doutrina_e_Biblioteca\Biblioteca_Manuais_e_Cursos\Cartilha Portal da Transparencia TCE.md
IGNORADO_JA_EXISTE,md,C:\Users\thiagonogueira\OneDrive - mppi.mp.br\CLC\01_Processos_e_Aquisicoes\Base de Conhecimento - Thiago\05_Doutrina_e_Biblioteca\Biblioteca_Manuais_e_Cursos\Cartilha Zenite - 5 Erros que Voce Nao Pode Cometer com IA nas Contratacoes Publicas.md,C:\Users\thiagonogueira\Dev\base-conhecimento-licitacoes\05_Doutrina_e_Biblioteca\Biblioteca_Manuais_e_Cursos\Cartilha Zenite - 5 Erros que Voce Nao Pode Cometer com IA nas Contratacoes Publicas.md
IGNORADO_JA_EXISTE,md,C:\Users\thiagonogueira\OneDrive - mppi.mp.br\CLC\01_Processos_e_Aquisicoes\Base de Conhecimento - Thiago\05_Doutrina_e_Biblioteca\Biblioteca_Manuais_e_Cursos\Cartilha_Minuta_do_IPPC_Engenharia_16_11_23_14h_Visualizao.md,C:\Users\thiagonogueira\Dev\base-conhecimento-licitacoes\05_Doutrina_e_Biblioteca\Biblioteca_Manuais_e_Cursos\Cartilha_Minuta_do_IPPC_Engenharia_16_11_23_14h_Visualizao.md
IGNORADO_JA_EXISTE,md,C:\Users\thiagonogueira\OneDrive - mppi.mp.br\CLC\01_Processos_e_Aquisicoes\Base de Conhecimento - Thiago\05_Doutrina_e_Biblioteca\Biblioteca_Manuais_e_Cursos\Compras_publicas_para_inovacao_no_Brasil.md,C:\Users\thiagonogueira\Dev\base-conhecimento-licitacoes\05_Doutrina_e_Biblioteca\Biblioteca_Manuais_e_Cursos\Compras_publicas_para_inovacao_no_Brasil.md
IGNORADO_JA_EXISTE,md,C:\Users\thiagonogueira\OneDrive - mppi.mp.br\CLC\01_Processos_e_Aquisicoes\Base de Conhecimento - Thiago\05_Doutrina_e_Biblioteca\Biblioteca_Manuais_e_Cursos\Conselho Superior da Justiça do Trabalho – Guia de Contratações Sustentáveis da Justiça do Trabalho (4ª ediçã.md,C:\Users\thiagonogueira\Dev\base-conhecimento-licitacoes\05_Doutrina_e_Biblioteca\Biblioteca_Manuais_e_Cursos\Conselho Superior da Justiça do Trabalho – Guia de Contratações Sustentáveis da Justiça do Trabalho (4ª ediçã.md
IGNORADO_JA_EXISTE,md,C:\Users\thiagonogueira\OneDrive - mppi.mp.br\CLC\01_Processos_e_Aquisicoes\Base de Conhecimento - Thiago\05_Doutrina_e_Biblioteca\Biblioteca_Manuais_e_Cursos\Curso Banco de Preços - Pesquisa de Preços.md,C:\Users\thiagonogueira\Dev\base-conhecimento-licitacoes\05_Doutrina_e_Biblioteca\Biblioteca_Manuais_e_Cursos\Curso Banco de Preços - Pesquisa de Preços.md
IGNORADO_JA_EXISTE,md,C:\Users\thiagonogueira\OneDrive - mppi.mp.br\CLC\01_Processos_e_Aquisicoes\Base de Conhecimento - Thiago\05_Doutrina_e_Biblioteca\Biblioteca_Manuais_e_Cursos\Estudo_Tematico_Agosto_2025____II.md,C:\Users\thiagonogueira\Dev\base-conhecimento-licitacoes\05_Doutrina_e_Biblioteca\Biblioteca_Manuais_e_Cursos\Estudo_Tematico_Agosto_2025____II.md
IGNORADO_JA_EXISTE,md,C:\Users\thiagonogueira\OneDrive - mppi.mp.br\CLC\01_Processos_e_Aquisicoes\Base de Conhecimento - Thiago\05_Doutrina_e_Biblioteca\Biblioteca_Manuais_e_Cursos\Guia Pratico de Prompt e Pesquisa com IA para Servidores Publicos - Governo Digital.md,C:\Users\thiagonogueira\Dev\base-conhecimento-licitacoes\05_Doutrina_e_Biblioteca\Biblioteca_Manuais_e_Cursos\Guia Pratico de Prompt e Pesquisa com IA para Servidores Publicos - Governo Digital.md
IGNORADO_JA_EXISTE,md,C:\Users\thiagonogueira\OneDrive - mppi.mp.br\CLC\01_Processos_e_Aquisicoes\Base de Conhecimento - Thiago\05_Doutrina_e_Biblioteca\Biblioteca_Manuais_e_Cursos\guia-de-contratacoes-sustentaveis-set-2023.md,C:\Users\thiagonogueira\Dev\base-conhecimento-licitacoes\05_Doutrina_e_Biblioteca\Biblioteca_Manuais_e_Cursos\guia-de-contratacoes-sustentaveis-set-2023.md
IGNORADO_JA_EXISTE,md,C:\Users\thiagonogueira\OneDrive - mppi.mp.br\CLC\01_Processos_e_Aquisicoes\Base de Conhecimento - Thiago\05_Doutrina_e_Biblioteca\Biblioteca_Manuais_e_Cursos\GUIANACIONALDECONTRATACOESSUSTENTAVEIS2024.md,C:\Users\thiagonogueira\Dev\base-conhecimento-licitacoes\05_Doutrina_e_Biblioteca\Biblioteca_Manuais_e_Cursos\GUIANACIONALDECONTRATACOESSUSTENTAVEIS2024.md
IGNORADO_JA_EXISTE,md,C:\Users\thiagonogueira\OneDrive - mppi.mp.br\CLC\01_Processos_e_Aquisicoes\Base de Conhecimento - Thiago\05_Doutrina_e_Biblioteca\Biblioteca_Manuais_e_Cursos\instrumento-de-padronizacao-dos-procedimentos.md,C:\Users\thiagonogueira\Dev\base-conhecimento-licitacoes\05_Doutrina_e_Biblioteca\Biblioteca_Manuais_e_Cursos\instrumento-de-padronizacao-dos-procedimentos.md
IGNORADO_JA_EXISTE,md,C:\Users\thiagonogueira\OneDrive - mppi.mp.br\CLC\01_Processos_e_Aquisicoes\Base de Conhecimento - Thiago\05_Doutrina_e_Biblioteca\Biblioteca_Manuais_e_Cursos\Instrumento_de_Padronizao_AGU_TIC_Digital_reduzido.md,C:\Users\thiagonogueira\Dev\base-conhecimento-licitacoes\05_Doutrina_e_Biblioteca\Biblioteca_Manuais_e_Cursos\Instrumento_de_Padronizao_AGU_TIC_Digital_reduzido.md
IGNORADO_JA_EXISTE,md,C:\Users\thiagonogueira\OneDrive - mppi.mp.br\CLC\01_Processos_e_Aquisicoes\Base de Conhecimento - Thiago\05_Doutrina_e_Biblioteca\Biblioteca_Manuais_e_Cursos\Jornada de Compras Publicas de Inovacao.md,C:\Users\thiagonogueira\Dev\base-conhecimento-licitacoes\05_Doutrina_e_Biblioteca\Biblioteca_Manuais_e_Cursos\Jornada de Compras Publicas de Inovacao.md
IGNORADO_JA_EXISTE,md,C:\Users\thiagonogueira\OneDrive - mppi.mp.br\CLC\01_Processos_e_Aquisicoes\Base de Conhecimento - Thiago\05_Doutrina_e_Biblioteca\Biblioteca_Manuais_e_Cursos\Licitacoes e Contratos - Orientacoes e Jurisprudencia do TCU - 5a Edicao.md,C:\Users\thiagonogueira\Dev\base-conhecimento-licitacoes\05_Doutrina_e_Biblioteca\Biblioteca_Manuais_e_Cursos\Licitacoes e Contratos - Orientacoes e Jurisprudencia do TCU - 5a Edicao.md
IGNORADO_JA_EXISTE,md,C:\Users\thiagonogueira\OneDrive - mppi.mp.br\CLC\01_Processos_e_Aquisicoes\Base de Conhecimento - Thiago\05_Doutrina_e_Biblioteca\Biblioteca_Manuais_e_Cursos\Licitações e contratos.md,C:\Users\thiagonogueira\Dev\base-conhecimento-licitacoes\05_Doutrina_e_Biblioteca\Biblioteca_Manuais_e_Cursos\Licitações e contratos.md
IGNORADO_JA_EXISTE,md,C:\Users\thiagonogueira\OneDrive - mppi.mp.br\CLC\01_Processos_e_Aquisicoes\Base de Conhecimento - Thiago\05_Doutrina_e_Biblioteca\Biblioteca_Manuais_e_Cursos\Livro - Compras_publicas_para_inovacao_no_Brasil.md,C:\Users\thiagonogueira\Dev\base-conhecimento-licitacoes\05_Doutrina_e_Biblioteca\Biblioteca_Manuais_e_Cursos\Livro - Compras_publicas_para_inovacao_no_Brasil.md
IGNORADO_JA_EXISTE,md,C:\Users\thiagonogueira\OneDrive - mppi.mp.br\CLC\01_Processos_e_Aquisicoes\Base de Conhecimento - Thiago\05_Doutrina_e_Biblioteca\Biblioteca_Manuais_e_Cursos\Livro - ELABORAÇÃO DE ETP E TR EFICIENTES COM O CHATGPT EM CONTRATAÇÕES PÚBLICAS.md,C:\Users\thiagonogueira\Dev\base-conhecimento-licitacoes\05_Doutrina_e_Biblioteca\Biblioteca_Manuais_e_Cursos\Livro - ELABORAÇÃO DE ETP E TR EFICIENTES COM O CHATGPT EM CONTRATAÇÕES PÚBLICAS.md
IGNORADO_JA_EXISTE,md,C:\Users\thiagonogueira\OneDrive - mppi.mp.br\CLC\01_Processos_e_Aquisicoes\Base de Conhecimento - Thiago\05_Doutrina_e_Biblioteca\Biblioteca_Manuais_e_Cursos\Livro - NLLC Esquematizada.md,C:\Users\thiagonogueira\Dev\base-conhecimento-licitacoes\05_Doutrina_e_Biblioteca\Biblioteca_Manuais_e_Cursos\Livro - NLLC Esquematizada.md
IGNORADO_JA_EXISTE,md,C:\Users\thiagonogueira\OneDrive - mppi.mp.br\CLC\01_Processos_e_Aquisicoes\Base de Conhecimento - Thiago\05_Doutrina_e_Biblioteca\Biblioteca_Manuais_e_Cursos\Manual - Manual de Planejamento da Contratação-SEMA_PMT-2023.md,C:\Users\thiagonogueira\Dev\base-conhecimento-licitacoes\05_Doutrina_e_Biblioteca\Biblioteca_Manuais_e_Cursos\Manual - Manual de Planejamento da Contratação-SEMA_PMT-2023.md
IGNORADO_JA_EXISTE,md,C:\Users\thiagonogueira\OneDrive - mppi.mp.br\CLC\01_Processos_e_Aquisicoes\Base de Conhecimento - Thiago\05_Doutrina_e_Biblioteca\Biblioteca_Manuais_e_Cursos\Manual de Contratação de TIC sob a Ótica da Nova L.md,C:\Users\thiagonogueira\Dev\base-conhecimento-licitacoes\05_Doutrina_e_Biblioteca\Biblioteca_Manuais_e_Cursos\Manual de Contratação de TIC sob a Ótica da Nova L.md
IGNORADO_JA_EXISTE,md,C:\Users\thiagonogueira\OneDrive - mppi.mp.br\CLC\01_Processos_e_Aquisicoes\Base de Conhecimento - Thiago\05_Doutrina_e_Biblioteca\Biblioteca_Manuais_e_Cursos\Manual de Orientacao - Compras Publicas Baseadas na Relacao Custo-Beneficio.md,C:\Users\thiagonogueira\Dev\base-conhecimento-licitacoes\05_Doutrina_e_Biblioteca\Biblioteca_Manuais_e_Cursos\Manual de Orientacao - Compras Publicas Baseadas na Relacao Custo-Beneficio.md
IGNORADO_JA_EXISTE,md,C:\Users\thiagonogueira\OneDrive - mppi.mp.br\CLC\01_Processos_e_Aquisicoes\Base de Conhecimento - Thiago\05_Doutrina_e_Biblioteca\Biblioteca_Manuais_e_Cursos\Manual de Padronizacao de Decisoes e Termos - TCE-PI 2025.md,C:\Users\thiagonogueira\Dev\base-conhecimento-licitacoes\05_Doutrina_e_Biblioteca\Biblioteca_Manuais_e_Cursos\Manual de Padronizacao de Decisoes e Termos - TCE-PI 2025.md
IGNORADO_JA_EXISTE,md,C:\Users\thiagonogueira\OneDrive - mppi.mp.br\CLC\01_Processos_e_Aquisicoes\Base de Conhecimento - Thiago\05_Doutrina_e_Biblioteca\Biblioteca_Manuais_e_Cursos\Manual do Contratos.gov.br (abr-2026) (V. 1.39.0).md,C:\Users\thiagonogueira\Dev\base-conhecimento-licitacoes\05_Doutrina_e_Biblioteca\Biblioteca_Manuais_e_Cursos\Manual do Contratos.gov.br (abr-2026) (V. 1.39.0).md
IGNORADO_JA_EXISTE,md,C:\Users\thiagonogueira\OneDrive - mppi.mp.br\CLC\01_Processos_e_Aquisicoes\Base de Conhecimento - Thiago\05_Doutrina_e_Biblioteca\Biblioteca_Manuais_e_Cursos\Manual Institucional - Compras e Licitacoes - TRT 2a Regiao 2025-2027.md,C:\Users\thiagonogueira\Dev\base-conhecimento-licitacoes\05_Doutrina_e_Biblioteca\Biblioteca_Manuais_e_Cursos\Manual Institucional - Compras e Licitacoes - TRT 2a Regiao 2025-2027.md
IGNORADO_JA_EXISTE,md,C:\Users\thiagonogueira\OneDrive - mppi.mp.br\CLC\01_Processos_e_Aquisicoes\Base de Conhecimento - Thiago\05_Doutrina_e_Biblioteca\Biblioteca_Manuais_e_Cursos\Manual MPBA - Cadastro no Compras.gov para Dispensas e Inexigibilidades.md,C:\Users\thiagonogueira\Dev\base-conhecimento-licitacoes\05_Doutrina_e_Biblioteca\Biblioteca_Manuais_e_Cursos\Manual MPBA - Cadastro no Compras.gov para Dispensas e Inexigibilidades.md
IGNORADO_JA_EXISTE,md,C:\Users\thiagonogueira\OneDrive - mppi.mp.br\CLC\01_Processos_e_Aquisicoes\Base de Conhecimento - Thiago\05_Doutrina_e_Biblioteca\Biblioteca_Manuais_e_Cursos\Manual MROSC – Do Planejamento à Prestação de Contas – Implementação do marco regulatório das OSC no Governo.md,C:\Users\thiagonogueira\Dev\base-conhecimento-licitacoes\05_Doutrina_e_Biblioteca\Biblioteca_Manuais_e_Cursos\Manual MROSC – Do Planejamento à Prestação de Contas – Implementação do marco regulatório das OSC no Governo.md
IGNORADO_JA_EXISTE,md,C:\Users\thiagonogueira\OneDrive - mppi.mp.br\CLC\01_Processos_e_Aquisicoes\Base de Conhecimento - Thiago\05_Doutrina_e_Biblioteca\Biblioteca_Manuais_e_Cursos\Manual Operacional - Contratos.gov.br - Perfil Fornecedor.md,C:\Users\thiagonogueira\Dev\base-conhecimento-licitacoes\05_Doutrina_e_Biblioteca\Biblioteca_Manuais_e_Cursos\Manual Operacional - Contratos.gov.br - Perfil Fornecedor.md
IGNORADO_JA_EXISTE,md,C:\Users\thiagonogueira\OneDrive - mppi.mp.br\CLC\01_Processos_e_Aquisicoes\Base de Conhecimento - Thiago\05_Doutrina_e_Biblioteca\Biblioteca_Manuais_e_Cursos\Manual Operacional - Dispensa Eletronica no Compras.gov.br - Visao Governo.md,C:\Users\thiagonogueira\Dev\base-conhecimento-licitacoes\05_Doutrina_e_Biblioteca\Biblioteca_Manuais_e_Cursos\Manual Operacional - Dispensa Eletronica no Compras.gov.br - Visao Governo.md
IGNORADO_JA_EXISTE,md,C:\Users\thiagonogueira\OneDrive - mppi.mp.br\CLC\01_Processos_e_Aquisicoes\Base de Conhecimento - Thiago\05_Doutrina_e_Biblioteca\Biblioteca_Manuais_e_Cursos\Manual Operacional TCE-PI - Sistema Licitacoes Web - Orientacoes aos Jurisdicionados.md,C:\Users\thiagonogueira\Dev\base-conhecimento-licitacoes\05_Doutrina_e_Biblioteca\Biblioteca_Manuais_e_Cursos\Manual Operacional TCE-PI - Sistema Licitacoes Web - Orientacoes aos Jurisdicionados.md
IGNORADO_JA_EXISTE,md,C:\Users\thiagonogueira\OneDrive - mppi.mp.br\CLC\01_Processos_e_Aquisicoes\Base de Conhecimento - Thiago\05_Doutrina_e_Biblioteca\Biblioteca_Manuais_e_Cursos\Manual TCU - 2016.md,C:\Users\thiagonogueira\Dev\base-conhecimento-licitacoes\05_Doutrina_e_Biblioteca\Biblioteca_Manuais_e_Cursos\Manual TCU - 2016.md
IGNORADO_JA_EXISTE,md,C:\Users\thiagonogueira\OneDrive - mppi.mp.br\CLC\01_Processos_e_Aquisicoes\Base de Conhecimento - Thiago\05_Doutrina_e_Biblioteca\Biblioteca_Manuais_e_Cursos\manual-comprasgovbr-contratos.md,C:\Users\thiagonogueira\Dev\base-conhecimento-licitacoes\05_Doutrina_e_Biblioteca\Biblioteca_Manuais_e_Cursos\manual-comprasgovbr-contratos.md
IGNORADO_JA_EXISTE,md,C:\Users\thiagonogueira\OneDrive - mppi.mp.br\CLC\01_Processos_e_Aquisicoes\Base de Conhecimento - Thiago\05_Doutrina_e_Biblioteca\Biblioteca_Manuais_e_Cursos\manual-contratos-gov-br-nova-versao.md,C:\Users\thiagonogueira\Dev\base-conhecimento-licitacoes\05_Doutrina_e_Biblioteca\Biblioteca_Manuais_e_Cursos\manual-contratos-gov-br-nova-versao.md
IGNORADO_JA_EXISTE,md,C:\Users\thiagonogueira\OneDrive - mppi.mp.br\CLC\01_Processos_e_Aquisicoes\Base de Conhecimento - Thiago\05_Doutrina_e_Biblioteca\Biblioteca_Manuais_e_Cursos\Manual-do-Portal-da-Transparncia---5-Edio_Final.md,C:\Users\thiagonogueira\Dev\base-conhecimento-licitacoes\05_Doutrina_e_Biblioteca\Biblioteca_Manuais_e_Cursos\Manual-do-Portal-da-Transparncia---5-Edio_Final.md
IGNORADO_JA_EXISTE,md,C:\Users\thiagonogueira\OneDrive - mppi.mp.br\CLC\01_Processos_e_Aquisicoes\Base de Conhecimento - Thiago\05_Doutrina_e_Biblioteca\Biblioteca_Manuais_e_Cursos\Manual_integracao_pncp.md,C:\Users\thiagonogueira\Dev\base-conhecimento-licitacoes\05_Doutrina_e_Biblioteca\Biblioteca_Manuais_e_Cursos\Manual_integracao_pncp.md
IGNORADO_JA_EXISTE,md,C:\Users\thiagonogueira\OneDrive - mppi.mp.br\CLC\01_Processos_e_Aquisicoes\Base de Conhecimento - Thiago\05_Doutrina_e_Biblioteca\Biblioteca_Manuais_e_Cursos\Modelo - Termo de Justificativa de Dispensa sem Disputa.md,C:\Users\thiagonogueira\Dev\base-conhecimento-licitacoes\05_Doutrina_e_Biblioteca\Biblioteca_Manuais_e_Cursos\Modelo - Termo de Justificativa de Dispensa sem Disputa.md
IGNORADO_JA_EXISTE,md,C:\Users\thiagonogueira\OneDrive - mppi.mp.br\CLC\01_Processos_e_Aquisicoes\Base de Conhecimento - Thiago\05_Doutrina_e_Biblioteca\Biblioteca_Manuais_e_Cursos\Norma Internacional ISSAI 100 - Principios Fundamentais de Auditoria do Setor Publico.md,C:\Users\thiagonogueira\Dev\base-conhecimento-licitacoes\05_Doutrina_e_Biblioteca\Biblioteca_Manuais_e_Cursos\Norma Internacional ISSAI 100 - Principios Fundamentais de Auditoria do Setor Publico.md
IGNORADO_JA_EXISTE,md,C:\Users\thiagonogueira\OneDrive - mppi.mp.br\CLC\01_Processos_e_Aquisicoes\Base de Conhecimento - Thiago\05_Doutrina_e_Biblioteca\Biblioteca_Manuais_e_Cursos\Operacionalização do Sistema - Jamil Manasfi.md,C:\Users\thiagonogueira\Dev\base-conhecimento-licitacoes\05_Doutrina_e_Biblioteca\Biblioteca_Manuais_e_Cursos\Operacionalização do Sistema - Jamil Manasfi.md
IGNORADO_JA_EXISTE,md,C:\Users\thiagonogueira\OneDrive - mppi.mp.br\CLC\01_Processos_e_Aquisicoes\Base de Conhecimento - Thiago\05_Doutrina_e_Biblioteca\Biblioteca_Manuais_e_Cursos\Operacionalização do Sistema - Vanessa Ventura.md,C:\Users\thiagonogueira\Dev\base-conhecimento-licitacoes\05_Doutrina_e_Biblioteca\Biblioteca_Manuais_e_Cursos\Operacionalização do Sistema - Vanessa Ventura.md
IGNORADO_JA_EXISTE,md,C:\Users\thiagonogueira\OneDrive - mppi.mp.br\CLC\01_Processos_e_Aquisicoes\Base de Conhecimento - Thiago\05_Doutrina_e_Biblioteca\Biblioteca_Manuais_e_Cursos\OrientaessobreasEvoluesdaCompraDireta.md,C:\Users\thiagonogueira\Dev\base-conhecimento-licitacoes\05_Doutrina_e_Biblioteca\Biblioteca_Manuais_e_Cursos\OrientaessobreasEvoluesdaCompraDireta.md
IGNORADO_JA_EXISTE,md,C:\Users\thiagonogueira\OneDrive - mppi.mp.br\CLC\01_Processos_e_Aquisicoes\Base de Conhecimento - Thiago\05_Doutrina_e_Biblioteca\Biblioteca_Manuais_e_Cursos\Palestra Tecnica - Aplicacoes e Limitacoes de Inteligencia Artificial no Controle Externo.md,C:\Users\thiagonogueira\Dev\base-conhecimento-licitacoes\05_Doutrina_e_Biblioteca\Biblioteca_Manuais_e_Cursos\Palestra Tecnica - Aplicacoes e Limitacoes de Inteligencia Artificial no Controle Externo.md
IGNORADO_JA_EXISTE,md,C:\Users\thiagonogueira\OneDrive - mppi.mp.br\CLC\01_Processos_e_Aquisicoes\Base de Conhecimento - Thiago\05_Doutrina_e_Biblioteca\Biblioteca_Manuais_e_Cursos\PARECER Nº 00004-2024-CGEST-CGU-AGU.md,C:\Users\thiagonogueira\Dev\base-conhecimento-licitacoes\05_Doutrina_e_Biblioteca\Biblioteca_Manuais_e_Cursos\PARECER Nº 00004-2024-CGEST-CGU-AGU.md
IGNORADO_JA_EXISTE,md,C:\Users\thiagonogueira\OneDrive - mppi.mp.br\CLC\01_Processos_e_Aquisicoes\Base de Conhecimento - Thiago\05_Doutrina_e_Biblioteca\Biblioteca_Manuais_e_Cursos\PassoapassoPGC.md,C:\Users\thiagonogueira\Dev\base-conhecimento-licitacoes\05_Doutrina_e_Biblioteca\Biblioteca_Manuais_e_Cursos\PassoapassoPGC.md
IGNORADO_JA_EXISTE,md,C:\Users\thiagonogueira\OneDrive - mppi.mp.br\CLC\01_Processos_e_Aquisicoes\Base de Conhecimento - Thiago\05_Doutrina_e_Biblioteca\Biblioteca_Manuais_e_Cursos\Pesquisa de Preços Nas contratações Publicas 3.md,C:\Users\thiagonogueira\Dev\base-conhecimento-licitacoes\05_Doutrina_e_Biblioteca\Biblioteca_Manuais_e_Cursos\Pesquisa de Preços Nas contratações Publicas 3.md
IGNORADO_JA_EXISTE,md,C:\Users\thiagonogueira\OneDrive - mppi.mp.br\CLC\01_Processos_e_Aquisicoes\Base de Conhecimento - Thiago\05_Doutrina_e_Biblioteca\Biblioteca_Manuais_e_Cursos\Publicacao PGE-PI - Lista de Contratacoes de Pequeno Valor no DOE.md,C:\Users\thiagonogueira\Dev\base-conhecimento-licitacoes\05_Doutrina_e_Biblioteca\Biblioteca_Manuais_e_Cursos\Publicacao PGE-PI - Lista de Contratacoes de Pequeno Valor no DOE.md
IGNORADO_JA_EXISTE,md,C:\Users\thiagonogueira\OneDrive - mppi.mp.br\CLC\01_Processos_e_Aquisicoes\Base de Conhecimento - Thiago\05_Doutrina_e_Biblioteca\Biblioteca_Manuais_e_Cursos\Roteiro_Pedagogico_Aula_Contratos_Planejamento.md,C:\Users\thiagonogueira\Dev\base-conhecimento-licitacoes\05_Doutrina_e_Biblioteca\Biblioteca_Manuais_e_Cursos\Roteiro_Pedagogico_Aula_Contratos_Planejamento.md
IGNORADO_JA_EXISTE,md,C:\Users\thiagonogueira\OneDrive - mppi.mp.br\CLC\01_Processos_e_Aquisicoes\Base de Conhecimento - Thiago\05_Doutrina_e_Biblioteca\Biblioteca_Manuais_e_Cursos\Slides - 50 Erros mais Comuns em Licitações.md,C:\Users\thiagonogueira\Dev\base-conhecimento-licitacoes\05_Doutrina_e_Biblioteca\Biblioteca_Manuais_e_Cursos\Slides - 50 Erros mais Comuns em Licitações.md
IGNORADO_JA_EXISTE,md,C:\Users\thiagonogueira\OneDrive - mppi.mp.br\CLC\01_Processos_e_Aquisicoes\Base de Conhecimento - Thiago\05_Doutrina_e_Biblioteca\Biblioteca_Manuais_e_Cursos\Slides - IA Aplicada nas Licitações.md,C:\Users\thiagonogueira\Dev\base-conhecimento-licitacoes\05_Doutrina_e_Biblioteca\Biblioteca_Manuais_e_Cursos\Slides - IA Aplicada nas Licitações.md
IGNORADO_JA_EXISTE,md,C:\Users\thiagonogueira\OneDrive - mppi.mp.br\CLC\01_Processos_e_Aquisicoes\Base de Conhecimento - Thiago\05_Doutrina_e_Biblioteca\Biblioteca_Manuais_e_Cursos\Storytelling com Dados (Cole Nussbaumer Knaflic [Knaflic etc.).md,C:\Users\thiagonogueira\Dev\base-conhecimento-licitacoes\05_Doutrina_e_Biblioteca\Biblioteca_Manuais_e_Cursos\Storytelling com Dados (Cole Nussbaumer Knaflic [Knaflic etc.).md
IGNORADO_JA_EXISTE,md,C:\Users\thiagonogueira\OneDrive - mppi.mp.br\CLC\01_Processos_e_Aquisicoes\Base de Conhecimento - Thiago\05_Doutrina_e_Biblioteca\Biblioteca_Manuais_e_Cursos\TCE-PR – Cartilha de Obras e Serviços de Engenharia- estudo técnico preliminar.md,C:\Users\thiagonogueira\Dev\base-conhecimento-licitacoes\05_Doutrina_e_Biblioteca\Biblioteca_Manuais_e_Cursos\TCE-PR – Cartilha de Obras e Serviços de Engenharia- estudo técnico preliminar.md
IGNORADO_JA_EXISTE,md,C:\Users\thiagonogueira\OneDrive - mppi.mp.br\CLC\01_Processos_e_Aquisicoes\Base de Conhecimento - Thiago\05_Doutrina_e_Biblioteca\Biblioteca_Manuais_e_Cursos\TCU – Transição Energética- guia prático de auditoria para instituições superiores de controle.md,C:\Users\thiagonogueira\Dev\base-conhecimento-licitacoes\05_Doutrina_e_Biblioteca\Biblioteca_Manuais_e_Cursos\TCU – Transição Energética- guia prático de auditoria para instituições superiores de controle.md
IGNORADO_JA_EXISTE,md,C:\Users\thiagonogueira\OneDrive - mppi.mp.br\CLC\01_Processos_e_Aquisicoes\Base de Conhecimento - Thiago\05_Doutrina_e_Biblioteca\Biblioteca_Manuais_e_Cursos\TEMPORÁRIO Manual Contratos Gov.br - Nova Versão - 2.14.0 – set.2026.md,C:\Users\thiagonogueira\Dev\base-conhecimento-licitacoes\05_Doutrina_e_Biblioteca\Biblioteca_Manuais_e_Cursos\TEMPORÁRIO Manual Contratos Gov.br - Nova Versão - 2.14.0 – set.2026.md
IGNORADO_JA_EXISTE,md,C:\Users\thiagonogueira\OneDrive - mppi.mp.br\CLC\01_Processos_e_Aquisicoes\Base de Conhecimento - Thiago\05_Doutrina_e_Biblioteca\Biblioteca_Manuais_e_Cursos\Transcrição.md,C:\Users\thiagonogueira\Dev\base-conhecimento-licitacoes\05_Doutrina_e_Biblioteca\Biblioteca_Manuais_e_Cursos\Transcrição.md
IGNORADO_JA_EXISTE,md,C:\Users\thiagonogueira\OneDrive - mppi.mp.br\CLC\01_Processos_e_Aquisicoes\Base de Conhecimento - Thiago\05_Doutrina_e_Biblioteca\Biblioteca_Manuais_e_Cursos\Tutorial Compras.gov.br - Operacionalizacao de Contratacoes Presenciais na NLLC.md,C:\Users\thiagonogueira\Dev\base-conhecimento-licitacoes\05_Doutrina_e_Biblioteca\Biblioteca_Manuais_e_Cursos\Tutorial Compras.gov.br - Operacionalizacao de Contratacoes Presenciais na NLLC.md
IGNORADO_JA_EXISTE,md,C:\Users\thiagonogueira\OneDrive - mppi.mp.br\CLC\01_Processos_e_Aquisicoes\Base de Conhecimento - Thiago\05_Doutrina_e_Biblioteca\Biblioteca_Manuais_e_Cursos\UNIFESPA - Fluxo Descritivo das Contratações Diretas para ações de Desenv. e Capacitação.md,C:\Users\thiagonogueira\Dev\base-conhecimento-licitacoes\05_Doutrina_e_Biblioteca\Biblioteca_Manuais_e_Cursos\UNIFESPA - Fluxo Descritivo das Contratações Diretas para ações de Desenv. e Capacitação.md
IGNORADO_JA_EXISTE,md,C:\Users\thiagonogueira\OneDrive - mppi.mp.br\CLC\01_Processos_e_Aquisicoes\Base de Conhecimento - Thiago\05_Doutrina_e_Biblioteca\Biblioteca_Manuais_e_Cursos\Zênite - Apresentação - Curso Habilitação nas Contratações Públicas.md,C:\Users\thiagonogueira\Dev\base-conhecimento-licitacoes\05_Doutrina_e_Biblioteca\Biblioteca_Manuais_e_Cursos\Zênite - Apresentação - Curso Habilitação nas Contratações Públicas.md
IGNORADO_JA_EXISTE,md,C:\Users\thiagonogueira\OneDrive - mppi.mp.br\CLC\01_Processos_e_Aquisicoes\Base de Conhecimento - Thiago\05_Doutrina_e_Biblioteca\Biblioteca_Manuais_e_Cursos\Zênite - Compilado de Leis sobre Licitações e Contratos.md,C:\Users\thiagonogueira\Dev\base-conhecimento-licitacoes\05_Doutrina_e_Biblioteca\Biblioteca_Manuais_e_Cursos\Zênite - Compilado de Leis sobre Licitações e Contratos.md
IGNORADO_JA_EXISTE,md,C:\Users\thiagonogueira\OneDrive - mppi.mp.br\CLC\01_Processos_e_Aquisicoes\Base de Conhecimento - Thiago\05_Doutrina_e_Biblioteca\Biblioteca_Manuais_e_Cursos\Curso_Imersao_Contratacoes_Diretas\1.2 - Ponto_de_vista_I_Profa_Michelle_Marry.md,C:\Users\thiagonogueira\Dev\base-conhecimento-licitacoes\05_Doutrina_e_Biblioteca\Biblioteca_Manuais_e_Cursos\Curso_Imersao_Contratacoes_Diretas\1.2 - Ponto_de_vista_I_Profa_Michelle_Marry.md
IGNORADO_JA_EXISTE,md,C:\Users\thiagonogueira\OneDrive - mppi.mp.br\CLC\01_Processos_e_Aquisicoes\Base de Conhecimento - Thiago\05_Doutrina_e_Biblioteca\Biblioteca_Manuais_e_Cursos\Curso_Imersao_Contratacoes_Diretas\1.3 - Ponto_de_vista_II_Profa_Suzana_Rossetti.md,C:\Users\thiagonogueira\Dev\base-conhecimento-licitacoes\05_Doutrina_e_Biblioteca\Biblioteca_Manuais_e_Cursos\Curso_Imersao_Contratacoes_Diretas\1.3 - Ponto_de_vista_II_Profa_Suzana_Rossetti.md
IGNORADO_JA_EXISTE,md,C:\Users\thiagonogueira\OneDrive - mppi.mp.br\CLC\01_Processos_e_Aquisicoes\Base de Conhecimento - Thiago\05_Doutrina_e_Biblioteca\Biblioteca_Manuais_e_Cursos\Curso_Imersao_Contratacoes_Diretas\1.4 - Na_pratica_I.md,C:\Users\thiagonogueira\Dev\base-conhecimento-licitacoes\05_Doutrina_e_Biblioteca\Biblioteca_Manuais_e_Cursos\Curso_Imersao_Contratacoes_Diretas\1.4 - Na_pratica_I.md
IGNORADO_JA_EXISTE,md,C:\Users\thiagonogueira\OneDrive - mppi.mp.br\CLC\01_Processos_e_Aquisicoes\Base de Conhecimento - Thiago\05_Doutrina_e_Biblioteca\Biblioteca_Manuais_e_Cursos\Curso_Imersao_Contratacoes_Diretas\2.1 - Na_pratica_II.md,C:\Users\thiagonogueira\Dev\base-conhecimento-licitacoes\05_Doutrina_e_Biblioteca\Biblioteca_Manuais_e_Cursos\Curso_Imersao_Contratacoes_Diretas\2.1 - Na_pratica_II.md
IGNORADO_JA_EXISTE,md,C:\Users\thiagonogueira\OneDrive - mppi.mp.br\CLC\01_Processos_e_Aquisicoes\Base de Conhecimento - Thiago\05_Doutrina_e_Biblioteca\Biblioteca_Manuais_e_Cursos\Curso_Imersao_Contratacoes_Diretas\2.2 - Na_pratica_III_profa_manuela.md,C:\Users\thiagonogueira\Dev\base-conhecimento-licitacoes\05_Doutrina_e_Biblioteca\Biblioteca_Manuais_e_Cursos\Curso_Imersao_Contratacoes_Diretas\2.2 - Na_pratica_III_profa_manuela.md
IGNORADO_JA_EXISTE,md,C:\Users\thiagonogueira\OneDrive - mppi.mp.br\CLC\01_Processos_e_Aquisicoes\Base de Conhecimento - Thiago\05_Doutrina_e_Biblioteca\Biblioteca_Manuais_e_Cursos\Curso_Imersao_Contratacoes_Diretas\2.3 - Na_pratica_IV.md,C:\Users\thiagonogueira\Dev\base-conhecimento-licitacoes\05_Doutrina_e_Biblioteca\Biblioteca_Manuais_e_Cursos\Curso_Imersao_Contratacoes_Diretas\2.3 - Na_pratica_IV.md
IGNORADO_JA_EXISTE,md,C:\Users\thiagonogueira\OneDrive - mppi.mp.br\CLC\01_Processos_e_Aquisicoes\Base de Conhecimento - Thiago\05_Doutrina_e_Biblioteca\Biblioteca_Manuais_e_Cursos\Curso_Imersao_Contratacoes_Diretas\3.3 - Ponto_de_vista_III.md,C:\Users\thiagonogueira\Dev\base-conhecimento-licitacoes\05_Doutrina_e_Biblioteca\Biblioteca_Manuais_e_Cursos\Curso_Imersao_Contratacoes_Diretas\3.3 - Ponto_de_vista_III.md
IGNORADO_JA_EXISTE,md,C:\Users\thiagonogueira\OneDrive - mppi.mp.br\CLC\01_Processos_e_Aquisicoes\Base de Conhecimento - Thiago\05_Doutrina_e_Biblioteca\Biblioteca_Manuais_e_Cursos\Curso_Imersao_Contratacoes_Diretas\Informativo Decisões – Nova Lei.md,C:\Users\thiagonogueira\Dev\base-conhecimento-licitacoes\05_Doutrina_e_Biblioteca\Biblioteca_Manuais_e_Cursos\Curso_Imersao_Contratacoes_Diretas\Informativo Decisões – Nova Lei.md
IGNORADO_JA_EXISTE,md,C:\Users\thiagonogueira\OneDrive - mppi.mp.br\CLC\01_Processos_e_Aquisicoes\Base de Conhecimento - Thiago\05_Doutrina_e_Biblioteca\Biblioteca_Manuais_e_Cursos\Curso_Imersao_Contratacoes_Diretas\Laboratório_Professor_Thiago_Zagatto.md,C:\Users\thiagonogueira\Dev\base-conhecimento-licitacoes\05_Doutrina_e_Biblioteca\Biblioteca_Manuais_e_Cursos\Curso_Imersao_Contratacoes_Diretas\Laboratório_Professor_Thiago_Zagatto.md
IGNORADO_JA_EXISTE,md,C:\Users\thiagonogueira\OneDrive - mppi.mp.br\CLC\01_Processos_e_Aquisicoes\Base de Conhecimento - Thiago\05_Doutrina_e_Biblioteca\Biblioteca_Manuais_e_Cursos\Curso_Imersao_Contratacoes_Diretas\Material Selecionado – Produção Zênite – Regime Lei nº 14.133.2021.md,C:\Users\thiagonogueira\Dev\base-conhecimento-licitacoes\05_Doutrina_e_Biblioteca\Biblioteca_Manuais_e_Cursos\Curso_Imersao_Contratacoes_Diretas\Material Selecionado – Produção Zênite – Regime Lei nº 14.133.2021.md
IGNORADO_JA_EXISTE,md,C:\Users\thiagonogueira\OneDrive - mppi.mp.br\CLC\01_Processos_e_Aquisicoes\Base de Conhecimento - Thiago\05_Doutrina_e_Biblioteca\Biblioteca_Manuais_e_Cursos\Curso_Imersao_Contratacoes_Diretas\Programacao.md,C:\Users\thiagonogueira\Dev\base-conhecimento-licitacoes\05_Doutrina_e_Biblioteca\Biblioteca_Manuais_e_Cursos\Curso_Imersao_Contratacoes_Diretas\Programacao.md
IGNORADO_JA_EXISTE,md,C:\Users\thiagonogueira\OneDrive - mppi.mp.br\CLC\01_Processos_e_Aquisicoes\Base de Conhecimento - Thiago\05_Doutrina_e_Biblioteca\Biblioteca_Manuais_e_Cursos\Manuais\AGU – Parecer nº 00453-2024 – Renovação de quantitativos em caso de prorrogação da ata de registro de preços.md,C:\Users\thiagonogueira\Dev\base-conhecimento-licitacoes\05_Doutrina_e_Biblioteca\Biblioteca_Manuais_e_Cursos\Manuais\AGU – Parecer nº 00453-2024 – Renovação de quantitativos em caso de prorrogação da ata de registro de preços.md
IGNORADO_JA_EXISTE,md,C:\Users\thiagonogueira\OneDrive - mppi.mp.br\CLC\01_Processos_e_Aquisicoes\Base de Conhecimento - Thiago\05_Doutrina_e_Biblioteca\Biblioteca_Manuais_e_Cursos\Manuais\Apostila - CURSO DE CONTRATAÇÃO DIRETA E DISPENSA ELETRÔNICA COM IA - JAMIL - IINEX_ocred.md,C:\Users\thiagonogueira\Dev\base-conhecimento-licitacoes\05_Doutrina_e_Biblioteca\Biblioteca_Manuais_e_Cursos\Manuais\Apostila - CURSO DE CONTRATAÇÃO DIRETA E DISPENSA ELETRÔNICA COM IA - JAMIL - IINEX_ocred.md
IGNORADO_JA_EXISTE,md,C:\Users\thiagonogueira\OneDrive - mppi.mp.br\CLC\01_Processos_e_Aquisicoes\Base de Conhecimento - Thiago\05_Doutrina_e_Biblioteca\Biblioteca_Manuais_e_Cursos\Manuais\Artigo - A existência de prop inferiores de outros profis impede a contratação por inex de not especialista.md,C:\Users\thiagonogueira\Dev\base-conhecimento-licitacoes\05_Doutrina_e_Biblioteca\Biblioteca_Manuais_e_Cursos\Manuais\Artigo - A existência de prop inferiores de outros profis impede a contratação por inex de not especialista.md
IGNORADO_JA_EXISTE,md,"C:\Users\thiagonogueira\OneDrive - mppi.mp.br\CLC\01_Processos_e_Aquisicoes\Base de Conhecimento - Thiago\05_Doutrina_e_Biblioteca\Biblioteca_Manuais_e_Cursos\Manuais\Artigo - A fase recursal na nova Lei de Licitaçõesuma análise comparativa com as Leis n°8.66693, 10.5202002 e 12.462.md","C:\Users\thiagonogueira\Dev\base-conhecimento-licitacoes\05_Doutrina_e_Biblioteca\Biblioteca_Manuais_e_Cursos\Manuais\Artigo - A fase recursal na nova Lei de Licitaçõesuma análise comparativa com as Leis n°8.66693, 10.5202002 e 12.462.md"
IGNORADO_JA_EXISTE,md,C:\Users\thiagonogueira\OneDrive - mppi.mp.br\CLC\01_Processos_e_Aquisicoes\Base de Conhecimento - Thiago\05_Doutrina_e_Biblioteca\Biblioteca_Manuais_e_Cursos\Manuais\Artigo - A Pesquisa de Preços Concomitante à Seleção da Proposta na Dispensa Eletrônica..md,C:\Users\thiagonogueira\Dev\base-conhecimento-licitacoes\05_Doutrina_e_Biblioteca\Biblioteca_Manuais_e_Cursos\Manuais\Artigo - A Pesquisa de Preços Concomitante à Seleção da Proposta na Dispensa Eletrônica..md
IGNORADO_JA_EXISTE,md,C:\Users\thiagonogueira\OneDrive - mppi.mp.br\CLC\01_Processos_e_Aquisicoes\Base de Conhecimento - Thiago\05_Doutrina_e_Biblioteca\Biblioteca_Manuais_e_Cursos\Manuais\Artigo - As Quatro Formatações da Dispensa por Valor nos Termos da NLLC e as Regulamentações Pertinentes.md,C:\Users\thiagonogueira\Dev\base-conhecimento-licitacoes\05_Doutrina_e_Biblioteca\Biblioteca_Manuais_e_Cursos\Manuais\Artigo - As Quatro Formatações da Dispensa por Valor nos Termos da NLLC e as Regulamentações Pertinentes.md
IGNORADO_JA_EXISTE,md,C:\Users\thiagonogueira\OneDrive - mppi.mp.br\CLC\01_Processos_e_Aquisicoes\Base de Conhecimento - Thiago\05_Doutrina_e_Biblioteca\Biblioteca_Manuais_e_Cursos\Manuais\Artigo - Como formalizar a prorrogação da vigência de uma ARP.md,C:\Users\thiagonogueira\Dev\base-conhecimento-licitacoes\05_Doutrina_e_Biblioteca\Biblioteca_Manuais_e_Cursos\Manuais\Artigo - Como formalizar a prorrogação da vigência de uma ARP.md
IGNORADO_JA_EXISTE,md,"C:\Users\thiagonogueira\OneDrive - mppi.mp.br\CLC\01_Processos_e_Aquisicoes\Base de Conhecimento - Thiago\05_Doutrina_e_Biblioteca\Biblioteca_Manuais_e_Cursos\Manuais\Artigo - Das Impugnações, dos Pedidos de Esclarecimento e dos Recursos nas Dispensas de Licitação.md","C:\Users\thiagonogueira\Dev\base-conhecimento-licitacoes\05_Doutrina_e_Biblioteca\Biblioteca_Manuais_e_Cursos\Manuais\Artigo - Das Impugnações, dos Pedidos de Esclarecimento e dos Recursos nas Dispensas de Licitação.md"
IGNORADO_JA_EXISTE,md,C:\Users\thiagonogueira\OneDrive - mppi.mp.br\CLC\01_Processos_e_Aquisicoes\Base de Conhecimento - Thiago\05_Doutrina_e_Biblioteca\Biblioteca_Manuais_e_Cursos\Manuais\Artigo - Leonardo Mota - Dispensa de licitação na nova Lei de Licitações e Contratos Administrativos.md,C:\Users\thiagonogueira\Dev\base-conhecimento-licitacoes\05_Doutrina_e_Biblioteca\Biblioteca_Manuais_e_Cursos\Manuais\Artigo - Leonardo Mota - Dispensa de licitação na nova Lei de Licitações e Contratos Administrativos.md
IGNORADO_JA_EXISTE,md,C:\Users\thiagonogueira\OneDrive - mppi.mp.br\CLC\01_Processos_e_Aquisicoes\Base de Conhecimento - Thiago\05_Doutrina_e_Biblioteca\Biblioteca_Manuais_e_Cursos\Manuais\Artigo - Sem Singularidade não há Inexigibilidade.md,C:\Users\thiagonogueira\Dev\base-conhecimento-licitacoes\05_Doutrina_e_Biblioteca\Biblioteca_Manuais_e_Cursos\Manuais\Artigo - Sem Singularidade não há Inexigibilidade.md
IGNORADO_JA_EXISTE,md,C:\Users\thiagonogueira\OneDrive - mppi.mp.br\CLC\01_Processos_e_Aquisicoes\Base de Conhecimento - Thiago\05_Doutrina_e_Biblioteca\Biblioteca_Manuais_e_Cursos\Manuais\Aspectos gerais da nova lei de licitações e contratos 14.133.21.md,C:\Users\thiagonogueira\Dev\base-conhecimento-licitacoes\05_Doutrina_e_Biblioteca\Biblioteca_Manuais_e_Cursos\Manuais\Aspectos gerais da nova lei de licitações e contratos 14.133.21.md
IGNORADO_JA_EXISTE,md,C:\Users\thiagonogueira\OneDrive - mppi.mp.br\CLC\01_Processos_e_Aquisicoes\Base de Conhecimento - Thiago\05_Doutrina_e_Biblioteca\Biblioteca_Manuais_e_Cursos\Manuais\ATO 008_2024_PGJ - que define os procedimentos administrativos de contratação de bens e serviços no âmbito do MPAM.md,C:\Users\thiagonogueira\Dev\base-conhecimento-licitacoes\05_Doutrina_e_Biblioteca\Biblioteca_Manuais_e_Cursos\Manuais\ATO 008_2024_PGJ - que define os procedimentos administrativos de contratação de bens e serviços no âmbito do MPAM.md
IGNORADO_JA_EXISTE,md,C:\Users\thiagonogueira\OneDrive - mppi.mp.br\CLC\01_Processos_e_Aquisicoes\Base de Conhecimento - Thiago\05_Doutrina_e_Biblioteca\Biblioteca_Manuais_e_Cursos\Manuais\Contratos.gov – Manual operacional de gestão e fiscalização contratual.md,C:\Users\thiagonogueira\Dev\base-conhecimento-licitacoes\05_Doutrina_e_Biblioteca\Biblioteca_Manuais_e_Cursos\Manuais\Contratos.gov – Manual operacional de gestão e fiscalização contratual.md
IGNORADO_JA_EXISTE,md,"C:\Users\thiagonogueira\OneDrive - mppi.mp.br\CLC\01_Processos_e_Aquisicoes\Base de Conhecimento - Thiago\05_Doutrina_e_Biblioteca\Biblioteca_Manuais_e_Cursos\Manuais\Controladoria-Geral da União- Guia referencial para identificação, quantificaçao e mitigação de superfaturame.md","C:\Users\thiagonogueira\Dev\base-conhecimento-licitacoes\05_Doutrina_e_Biblioteca\Biblioteca_Manuais_e_Cursos\Manuais\Controladoria-Geral da União- Guia referencial para identificação, quantificaçao e mitigação de superfaturame.md"
IGNORADO_JA_EXISTE,md,C:\Users\thiagonogueira\OneDrive - mppi.mp.br\CLC\01_Processos_e_Aquisicoes\Base de Conhecimento - Thiago\05_Doutrina_e_Biblioteca\Biblioteca_Manuais_e_Cursos\Manuais\Curso Elaboração do Termo de Referência e Pesquisa de Preços nas Contratações Públicas - Parte 01.md,C:\Users\thiagonogueira\Dev\base-conhecimento-licitacoes\05_Doutrina_e_Biblioteca\Biblioteca_Manuais_e_Cursos\Manuais\Curso Elaboração do Termo de Referência e Pesquisa de Preços nas Contratações Públicas - Parte 01.md
IGNORADO_JA_EXISTE,md,C:\Users\thiagonogueira\OneDrive - mppi.mp.br\CLC\01_Processos_e_Aquisicoes\Base de Conhecimento - Thiago\05_Doutrina_e_Biblioteca\Biblioteca_Manuais_e_Cursos\Manuais\Curso Elaboração do Termo de Referência e Pesquisa de Preços nas Contratações Públicas - Parte 02.md,C:\Users\thiagonogueira\Dev\base-conhecimento-licitacoes\05_Doutrina_e_Biblioteca\Biblioteca_Manuais_e_Cursos\Manuais\Curso Elaboração do Termo de Referência e Pesquisa de Preços nas Contratações Públicas - Parte 02.md
IGNORADO_JA_EXISTE,md,C:\Users\thiagonogueira\OneDrive - mppi.mp.br\CLC\01_Processos_e_Aquisicoes\Base de Conhecimento - Thiago\05_Doutrina_e_Biblioteca\Biblioteca_Manuais_e_Cursos\Manuais\Decreto PMT 24750.2023.md,C:\Users\thiagonogueira\Dev\base-conhecimento-licitacoes\05_Doutrina_e_Biblioteca\Biblioteca_Manuais_e_Cursos\Manuais\Decreto PMT 24750.2023.md
IGNORADO_JA_EXISTE,md,C:\Users\thiagonogueira\OneDrive - mppi.mp.br\CLC\01_Processos_e_Aquisicoes\Base de Conhecimento - Thiago\05_Doutrina_e_Biblioteca\Biblioteca_Manuais_e_Cursos\Manuais\Decreto PMT 25530.2024 - Regula-o-procedimento-de-contratacao-direta.md,C:\Users\thiagonogueira\Dev\base-conhecimento-licitacoes\05_Doutrina_e_Biblioteca\Biblioteca_Manuais_e_Cursos\Manuais\Decreto PMT 25530.2024 - Regula-o-procedimento-de-contratacao-direta.md
IGNORADO_JA_EXISTE,md,C:\Users\thiagonogueira\OneDrive - mppi.mp.br\CLC\01_Processos_e_Aquisicoes\Base de Conhecimento - Thiago\05_Doutrina_e_Biblioteca\Biblioteca_Manuais_e_Cursos\Manuais\E-BOX 01 - ESTUDO TÉCNICO PRELIMINAR - AQUISIÇÕES - SERVIÇOS EM GERAL.md,C:\Users\thiagonogueira\Dev\base-conhecimento-licitacoes\05_Doutrina_e_Biblioteca\Biblioteca_Manuais_e_Cursos\Manuais\E-BOX 01 - ESTUDO TÉCNICO PRELIMINAR - AQUISIÇÕES - SERVIÇOS EM GERAL.md
IGNORADO_JA_EXISTE,md,C:\Users\thiagonogueira\OneDrive - mppi.mp.br\CLC\01_Processos_e_Aquisicoes\Base de Conhecimento - Thiago\05_Doutrina_e_Biblioteca\Biblioteca_Manuais_e_Cursos\Manuais\E-BOX 02 - ESTUDO TÉCNICO PRELIMINAR - OBRAS E SERVIÇOS DE ENGENHARIA.md,C:\Users\thiagonogueira\Dev\base-conhecimento-licitacoes\05_Doutrina_e_Biblioteca\Biblioteca_Manuais_e_Cursos\Manuais\E-BOX 02 - ESTUDO TÉCNICO PRELIMINAR - OBRAS E SERVIÇOS DE ENGENHARIA.md
IGNORADO_JA_EXISTE,md,C:\Users\thiagonogueira\OneDrive - mppi.mp.br\CLC\01_Processos_e_Aquisicoes\Base de Conhecimento - Thiago\05_Doutrina_e_Biblioteca\Biblioteca_Manuais_e_Cursos\Manuais\E-BOX 03 - ESTUDO TÉCNICO PRELIMINAR TIC.md,C:\Users\thiagonogueira\Dev\base-conhecimento-licitacoes\05_Doutrina_e_Biblioteca\Biblioteca_Manuais_e_Cursos\Manuais\E-BOX 03 - ESTUDO TÉCNICO PRELIMINAR TIC.md
IGNORADO_JA_EXISTE,md,C:\Users\thiagonogueira\OneDrive - mppi.mp.br\CLC\01_Processos_e_Aquisicoes\Base de Conhecimento - Thiago\05_Doutrina_e_Biblioteca\Biblioteca_Manuais_e_Cursos\Manuais\Enap - Caderno de curso Nova lei de licitações - Planejamento e Governança.md,C:\Users\thiagonogueira\Dev\base-conhecimento-licitacoes\05_Doutrina_e_Biblioteca\Biblioteca_Manuais_e_Cursos\Manuais\Enap - Caderno de curso Nova lei de licitações - Planejamento e Governança.md
IGNORADO_JA_EXISTE,md,C:\Users\thiagonogueira\OneDrive - mppi.mp.br\CLC\01_Processos_e_Aquisicoes\Base de Conhecimento - Thiago\05_Doutrina_e_Biblioteca\Biblioteca_Manuais_e_Cursos\Manuais\Estudo Temático do TCE-MG (fev-2025)- Terceirização na Administração Pública - Um levantamento jurisprudencia.md,C:\Users\thiagonogueira\Dev\base-conhecimento-licitacoes\05_Doutrina_e_Biblioteca\Biblioteca_Manuais_e_Cursos\Manuais\Estudo Temático do TCE-MG (fev-2025)- Terceirização na Administração Pública - Um levantamento jurisprudencia.md
IGNORADO_JA_EXISTE,md,C:\Users\thiagonogueira\OneDrive - mppi.mp.br\CLC\01_Processos_e_Aquisicoes\Base de Conhecimento - Thiago\05_Doutrina_e_Biblioteca\Biblioteca_Manuais_e_Cursos\Manuais\estudo_tematico_recuperacao_judicial.md,C:\Users\thiagonogueira\Dev\base-conhecimento-licitacoes\05_Doutrina_e_Biblioteca\Biblioteca_Manuais_e_Cursos\Manuais\estudo_tematico_recuperacao_judicial.md
IGNORADO_JA_EXISTE,md,C:\Users\thiagonogueira\OneDrive - mppi.mp.br\CLC\01_Processos_e_Aquisicoes\Base de Conhecimento - Thiago\05_Doutrina_e_Biblioteca\Biblioteca_Manuais_e_Cursos\Manuais\Federal - Caderno de Logistica - Pesquisa de Preços - 2017.md,C:\Users\thiagonogueira\Dev\base-conhecimento-licitacoes\05_Doutrina_e_Biblioteca\Biblioteca_Manuais_e_Cursos\Manuais\Federal - Caderno de Logistica - Pesquisa de Preços - 2017.md
IGNORADO_JA_EXISTE,md,C:\Users\thiagonogueira\OneDrive - mppi.mp.br\CLC\01_Processos_e_Aquisicoes\Base de Conhecimento - Thiago\05_Doutrina_e_Biblioteca\Biblioteca_Manuais_e_Cursos\Manuais\FLUXOGRAMA ATOS PARA A APLICAÇÃO DE SANÇÕES CONTRATUAIS (1) - Copia.md,C:\Users\thiagonogueira\Dev\base-conhecimento-licitacoes\05_Doutrina_e_Biblioteca\Biblioteca_Manuais_e_Cursos\Manuais\FLUXOGRAMA ATOS PARA A APLICAÇÃO DE SANÇÕES CONTRATUAIS (1) - Copia.md
IGNORADO_JA_EXISTE,md,C:\Users\thiagonogueira\OneDrive - mppi.mp.br\CLC\01_Processos_e_Aquisicoes\Base de Conhecimento - Thiago\05_Doutrina_e_Biblioteca\Biblioteca_Manuais_e_Cursos\Manuais\Guia Prático de Contratações em Situações de Calamidade Pública da CGU – Conforme a Medida Provisória nº 1.22.md,C:\Users\thiagonogueira\Dev\base-conhecimento-licitacoes\05_Doutrina_e_Biblioteca\Biblioteca_Manuais_e_Cursos\Manuais\Guia Prático de Contratações em Situações de Calamidade Pública da CGU – Conforme a Medida Provisória nº 1.22.md
IGNORADO_JA_EXISTE,md,C:\Users\thiagonogueira\OneDrive - mppi.mp.br\CLC\01_Processos_e_Aquisicoes\Base de Conhecimento - Thiago\05_Doutrina_e_Biblioteca\Biblioteca_Manuais_e_Cursos\Manuais\GUIAREEMBOLSOCRECHEAbril_26.md,C:\Users\thiagonogueira\Dev\base-conhecimento-licitacoes\05_Doutrina_e_Biblioteca\Biblioteca_Manuais_e_Cursos\Manuais\GUIAREEMBOLSOCRECHEAbril_26.md
IGNORADO_JA_EXISTE,md,C:\Users\thiagonogueira\OneDrive - mppi.mp.br\CLC\01_Processos_e_Aquisicoes\Base de Conhecimento - Thiago\05_Doutrina_e_Biblioteca\Biblioteca_Manuais_e_Cursos\Manuais\Guia_boas_praticas_contratacoes_publicas_publicidade_4749af44f2.md,C:\Users\thiagonogueira\Dev\base-conhecimento-licitacoes\05_Doutrina_e_Biblioteca\Biblioteca_Manuais_e_Cursos\Manuais\Guia_boas_praticas_contratacoes_publicas_publicidade_4749af44f2.md
IGNORADO_JA_EXISTE,md,C:\Users\thiagonogueira\OneDrive - mppi.mp.br\CLC\01_Processos_e_Aquisicoes\Base de Conhecimento - Thiago\05_Doutrina_e_Biblioteca\Biblioteca_Manuais_e_Cursos\Manuais\ia-generativa-no-servico-publico.md,C:\Users\thiagonogueira\Dev\base-conhecimento-licitacoes\05_Doutrina_e_Biblioteca\Biblioteca_Manuais_e_Cursos\Manuais\ia-generativa-no-servico-publico.md
IGNORADO_JA_EXISTE,md,C:\Users\thiagonogueira\OneDrive - mppi.mp.br\CLC\01_Processos_e_Aquisicoes\Base de Conhecimento - Thiago\05_Doutrina_e_Biblioteca\Biblioteca_Manuais_e_Cursos\Manuais\INOVAGOV SC – Guia para Planejamento de Contratações de Inovação no Setor Público.md,C:\Users\thiagonogueira\Dev\base-conhecimento-licitacoes\05_Doutrina_e_Biblioteca\Biblioteca_Manuais_e_Cursos\Manuais\INOVAGOV SC – Guia para Planejamento de Contratações de Inovação no Setor Público.md
IGNORADO_JA_EXISTE,md,C:\Users\thiagonogueira\OneDrive - mppi.mp.br\CLC\01_Processos_e_Aquisicoes\Base de Conhecimento - Thiago\05_Doutrina_e_Biblioteca\Biblioteca_Manuais_e_Cursos\Manuais\Livro - 218187_LV_Compras publicas_Cap03.md,C:\Users\thiagonogueira\Dev\base-conhecimento-licitacoes\05_Doutrina_e_Biblioteca\Biblioteca_Manuais_e_Cursos\Manuais\Livro - 218187_LV_Compras publicas_Cap03.md
IGNORADO_JA_EXISTE,md,C:\Users\thiagonogueira\OneDrive - mppi.mp.br\CLC\01_Processos_e_Aquisicoes\Base de Conhecimento - Thiago\05_Doutrina_e_Biblioteca\Biblioteca_Manuais_e_Cursos\Manuais\Livro - Aula 002 - PDFL -  (Capítulo Livro) TIPOLOGIA DE FRAUDES EM LICITAÇÃO.md,C:\Users\thiagonogueira\Dev\base-conhecimento-licitacoes\05_Doutrina_e_Biblioteca\Biblioteca_Manuais_e_Cursos\Manuais\Livro - Aula 002 - PDFL -  (Capítulo Livro) TIPOLOGIA DE FRAUDES EM LICITAÇÃO.md
IGNORADO_JA_EXISTE,md,C:\Users\thiagonogueira\OneDrive - mppi.mp.br\CLC\01_Processos_e_Aquisicoes\Base de Conhecimento - Thiago\05_Doutrina_e_Biblioteca\Biblioteca_Manuais_e_Cursos\Manuais\Manual - Capítulo de Compras Governamentais no Brasil.md,C:\Users\thiagonogueira\Dev\base-conhecimento-licitacoes\05_Doutrina_e_Biblioteca\Biblioteca_Manuais_e_Cursos\Manuais\Manual - Capítulo de Compras Governamentais no Brasil.md
IGNORADO_JA_EXISTE,md,C:\Users\thiagonogueira\OneDrive - mppi.mp.br\CLC\01_Processos_e_Aquisicoes\Base de Conhecimento - Thiago\05_Doutrina_e_Biblioteca\Biblioteca_Manuais_e_Cursos\Manuais\Manual - Dispensa Eletrônica - Governo (padrão) (3).md,C:\Users\thiagonogueira\Dev\base-conhecimento-licitacoes\05_Doutrina_e_Biblioteca\Biblioteca_Manuais_e_Cursos\Manuais\Manual - Dispensa Eletrônica - Governo (padrão) (3).md
IGNORADO_JA_EXISTE,md,C:\Users\thiagonogueira\OneDrive - mppi.mp.br\CLC\01_Processos_e_Aquisicoes\Base de Conhecimento - Thiago\05_Doutrina_e_Biblioteca\Biblioteca_Manuais_e_Cursos\Manuais\Manual - Dispensa Eletrônica - Governo (padrão).md,C:\Users\thiagonogueira\Dev\base-conhecimento-licitacoes\05_Doutrina_e_Biblioteca\Biblioteca_Manuais_e_Cursos\Manuais\Manual - Dispensa Eletrônica - Governo (padrão).md
IGNORADO_JA_EXISTE,md,C:\Users\thiagonogueira\OneDrive - mppi.mp.br\CLC\01_Processos_e_Aquisicoes\Base de Conhecimento - Thiago\05_Doutrina_e_Biblioteca\Biblioteca_Manuais_e_Cursos\Manuais\Manual Compras e Licitacoes TRT 2 SP - 2024-2026.md,C:\Users\thiagonogueira\Dev\base-conhecimento-licitacoes\05_Doutrina_e_Biblioteca\Biblioteca_Manuais_e_Cursos\Manuais\Manual Compras e Licitacoes TRT 2 SP - 2024-2026.md
IGNORADO_JA_EXISTE,md,C:\Users\thiagonogueira\OneDrive - mppi.mp.br\CLC\01_Processos_e_Aquisicoes\Base de Conhecimento - Thiago\05_Doutrina_e_Biblioteca\Biblioteca_Manuais_e_Cursos\Manuais\Manual Compras e Licitacoes TRT 2 SP - 2025-2027.md,C:\Users\thiagonogueira\Dev\base-conhecimento-licitacoes\05_Doutrina_e_Biblioteca\Biblioteca_Manuais_e_Cursos\Manuais\Manual Compras e Licitacoes TRT 2 SP - 2025-2027.md
IGNORADO_JA_EXISTE,md,C:\Users\thiagonogueira\OneDrive - mppi.mp.br\CLC\01_Processos_e_Aquisicoes\Base de Conhecimento - Thiago\05_Doutrina_e_Biblioteca\Biblioteca_Manuais_e_Cursos\Manuais\Manual de Compras Baseadas na Relação Custo-Benefício (abr-2025).md,C:\Users\thiagonogueira\Dev\base-conhecimento-licitacoes\05_Doutrina_e_Biblioteca\Biblioteca_Manuais_e_Cursos\Manuais\Manual de Compras Baseadas na Relação Custo-Benefício (abr-2025).md
IGNORADO_JA_EXISTE,md,C:\Users\thiagonogueira\OneDrive - mppi.mp.br\CLC\01_Processos_e_Aquisicoes\Base de Conhecimento - Thiago\05_Doutrina_e_Biblioteca\Biblioteca_Manuais_e_Cursos\Manuais\Manual-de-Mapeamento-e-Melhoria-de-Processos-do-MPPI-1.md,C:\Users\thiagonogueira\Dev\base-conhecimento-licitacoes\05_Doutrina_e_Biblioteca\Biblioteca_Manuais_e_Cursos\Manuais\Manual-de-Mapeamento-e-Melhoria-de-Processos-do-MPPI-1.md
IGNORADO_JA_EXISTE,md,C:\Users\thiagonogueira\OneDrive - mppi.mp.br\CLC\01_Processos_e_Aquisicoes\Base de Conhecimento - Thiago\05_Doutrina_e_Biblioteca\Biblioteca_Manuais_e_Cursos\Manuais\MGIS - Modelo Maturidade de Dado MMD.md,C:\Users\thiagonogueira\Dev\base-conhecimento-licitacoes\05_Doutrina_e_Biblioteca\Biblioteca_Manuais_e_Cursos\Manuais\MGIS - Modelo Maturidade de Dado MMD.md
IGNORADO_JA_EXISTE,md,C:\Users\thiagonogueira\OneDrive - mppi.mp.br\CLC\01_Processos_e_Aquisicoes\Base de Conhecimento - Thiago\05_Doutrina_e_Biblioteca\Biblioteca_Manuais_e_Cursos\Manuais\MPBA - Cadastro no Compras Gov - Dispensas e Inex.md,C:\Users\thiagonogueira\Dev\base-conhecimento-licitacoes\05_Doutrina_e_Biblioteca\Biblioteca_Manuais_e_Cursos\Manuais\MPBA - Cadastro no Compras Gov - Dispensas e Inex.md
IGNORADO_JA_EXISTE,md,C:\Users\thiagonogueira\OneDrive - mppi.mp.br\CLC\01_Processos_e_Aquisicoes\Base de Conhecimento - Thiago\05_Doutrina_e_Biblioteca\Biblioteca_Manuais_e_Cursos\Manuais\Nota Técnica 5-2024 (Dispensa Licitação Eletrônica).md,C:\Users\thiagonogueira\Dev\base-conhecimento-licitacoes\05_Doutrina_e_Biblioteca\Biblioteca_Manuais_e_Cursos\Manuais\Nota Técnica 5-2024 (Dispensa Licitação Eletrônica).md
IGNORADO_JA_EXISTE,md,C:\Users\thiagonogueira\OneDrive - mppi.mp.br\CLC\01_Processos_e_Aquisicoes\Base de Conhecimento - Thiago\05_Doutrina_e_Biblioteca\Biblioteca_Manuais_e_Cursos\Manuais\NOTA TÉCNICA CONJUNTA ATRICON-IRB Nº 01-2026.md,C:\Users\thiagonogueira\Dev\base-conhecimento-licitacoes\05_Doutrina_e_Biblioteca\Biblioteca_Manuais_e_Cursos\Manuais\NOTA TÉCNICA CONJUNTA ATRICON-IRB Nº 01-2026.md
IGNORADO_JA_EXISTE,md,C:\Users\thiagonogueira\OneDrive - mppi.mp.br\CLC\01_Processos_e_Aquisicoes\Base de Conhecimento - Thiago\05_Doutrina_e_Biblioteca\Biblioteca_Manuais_e_Cursos\Manuais\Nota Técnica N° 18_2026 - Leis.org.md,C:\Users\thiagonogueira\Dev\base-conhecimento-licitacoes\05_Doutrina_e_Biblioteca\Biblioteca_Manuais_e_Cursos\Manuais\Nota Técnica N° 18_2026 - Leis.org.md
IGNORADO_JA_EXISTE,md,C:\Users\thiagonogueira\OneDrive - mppi.mp.br\CLC\01_Processos_e_Aquisicoes\Base de Conhecimento - Thiago\05_Doutrina_e_Biblioteca\Biblioteca_Manuais_e_Cursos\Manuais\ORIENTACAO-TECNICA-REEQUILIBRIO-ECONOMICO-FINANCEIRO.md,C:\Users\thiagonogueira\Dev\base-conhecimento-licitacoes\05_Doutrina_e_Biblioteca\Biblioteca_Manuais_e_Cursos\Manuais\ORIENTACAO-TECNICA-REEQUILIBRIO-ECONOMICO-FINANCEIRO.md
IGNORADO_JA_EXISTE,md,C:\Users\thiagonogueira\OneDrive - mppi.mp.br\CLC\01_Processos_e_Aquisicoes\Base de Conhecimento - Thiago\05_Doutrina_e_Biblioteca\Biblioteca_Manuais_e_Cursos\Manuais\Palestra - Aplicações e Limitações de Inteligência Artificial no Controle Externo.md,C:\Users\thiagonogueira\Dev\base-conhecimento-licitacoes\05_Doutrina_e_Biblioteca\Biblioteca_Manuais_e_Cursos\Manuais\Palestra - Aplicações e Limitações de Inteligência Artificial no Controle Externo.md
IGNORADO_JA_EXISTE,md,C:\Users\thiagonogueira\OneDrive - mppi.mp.br\CLC\01_Processos_e_Aquisicoes\Base de Conhecimento - Thiago\05_Doutrina_e_Biblioteca\Biblioteca_Manuais_e_Cursos\Manuais\Palestra - Inventário de Riscos e Controles nas contratações públicas.md,C:\Users\thiagonogueira\Dev\base-conhecimento-licitacoes\05_Doutrina_e_Biblioteca\Biblioteca_Manuais_e_Cursos\Manuais\Palestra - Inventário de Riscos e Controles nas contratações públicas.md
IGNORADO_JA_EXISTE,md,C:\Users\thiagonogueira\OneDrive - mppi.mp.br\CLC\01_Processos_e_Aquisicoes\Base de Conhecimento - Thiago\05_Doutrina_e_Biblioteca\Biblioteca_Manuais_e_Cursos\Manuais\PARECER n. 00003-2025-GAB-CGU-CGU-AGU.md,C:\Users\thiagonogueira\Dev\base-conhecimento-licitacoes\05_Doutrina_e_Biblioteca\Biblioteca_Manuais_e_Cursos\Manuais\PARECER n. 00003-2025-GAB-CGU-CGU-AGU.md
IGNORADO_JA_EXISTE,md,C:\Users\thiagonogueira\OneDrive - mppi.mp.br\CLC\01_Processos_e_Aquisicoes\Base de Conhecimento - Thiago\05_Doutrina_e_Biblioteca\Biblioteca_Manuais_e_Cursos\Manuais\PARECER n. 00004-2025-CNLCA-CGU-AGU.md,C:\Users\thiagonogueira\Dev\base-conhecimento-licitacoes\05_Doutrina_e_Biblioteca\Biblioteca_Manuais_e_Cursos\Manuais\PARECER n. 00004-2025-CNLCA-CGU-AGU.md
IGNORADO_JA_EXISTE,md,C:\Users\thiagonogueira\OneDrive - mppi.mp.br\CLC\01_Processos_e_Aquisicoes\Base de Conhecimento - Thiago\05_Doutrina_e_Biblioteca\Biblioteca_Manuais_e_Cursos\Manuais\PARECER n. 00005-2025-DECOR-CGU-AGU.md,C:\Users\thiagonogueira\Dev\base-conhecimento-licitacoes\05_Doutrina_e_Biblioteca\Biblioteca_Manuais_e_Cursos\Manuais\PARECER n. 00005-2025-DECOR-CGU-AGU.md
IGNORADO_JA_EXISTE,md,C:\Users\thiagonogueira\OneDrive - mppi.mp.br\CLC\01_Processos_e_Aquisicoes\Base de Conhecimento - Thiago\05_Doutrina_e_Biblioteca\Biblioteca_Manuais_e_Cursos\Manuais\PARECER n. 00006-2025-GAB-DECOR-CGU-AGU.md,C:\Users\thiagonogueira\Dev\base-conhecimento-licitacoes\05_Doutrina_e_Biblioteca\Biblioteca_Manuais_e_Cursos\Manuais\PARECER n. 00006-2025-GAB-DECOR-CGU-AGU.md
IGNORADO_JA_EXISTE,md,C:\Users\thiagonogueira\OneDrive - mppi.mp.br\CLC\01_Processos_e_Aquisicoes\Base de Conhecimento - Thiago\05_Doutrina_e_Biblioteca\Biblioteca_Manuais_e_Cursos\Manuais\PARECER n. 00006-2025CNLCA-CGU-AGU.md,C:\Users\thiagonogueira\Dev\base-conhecimento-licitacoes\05_Doutrina_e_Biblioteca\Biblioteca_Manuais_e_Cursos\Manuais\PARECER n. 00006-2025CNLCA-CGU-AGU.md
IGNORADO_JA_EXISTE,md,C:\Users\thiagonogueira\OneDrive - mppi.mp.br\CLC\01_Processos_e_Aquisicoes\Base de Conhecimento - Thiago\05_Doutrina_e_Biblioteca\Biblioteca_Manuais_e_Cursos\Manuais\PARECER n. 00019-2025-DECOR-CGU-AGU.md,C:\Users\thiagonogueira\Dev\base-conhecimento-licitacoes\05_Doutrina_e_Biblioteca\Biblioteca_Manuais_e_Cursos\Manuais\PARECER n. 00019-2025-DECOR-CGU-AGU.md
IGNORADO_JA_EXISTE,md,C:\Users\thiagonogueira\OneDrive - mppi.mp.br\CLC\01_Processos_e_Aquisicoes\Base de Conhecimento - Thiago\05_Doutrina_e_Biblioteca\Biblioteca_Manuais_e_Cursos\Manuais\PARECER n. 00196-2024-E-CJU-SCOM-CGU-AGU.md,C:\Users\thiagonogueira\Dev\base-conhecimento-licitacoes\05_Doutrina_e_Biblioteca\Biblioteca_Manuais_e_Cursos\Manuais\PARECER n. 00196-2024-E-CJU-SCOM-CGU-AGU.md
IGNORADO_JA_EXISTE,md,C:\Users\thiagonogueira\OneDrive - mppi.mp.br\CLC\01_Processos_e_Aquisicoes\Base de Conhecimento - Thiago\05_Doutrina_e_Biblioteca\Biblioteca_Manuais_e_Cursos\Manuais\PARECER n. 00261-2024-E-CJU-SCOM-CGU-AGU.md,C:\Users\thiagonogueira\Dev\base-conhecimento-licitacoes\05_Doutrina_e_Biblioteca\Biblioteca_Manuais_e_Cursos\Manuais\PARECER n. 00261-2024-E-CJU-SCOM-CGU-AGU.md
IGNORADO_JA_EXISTE,md,C:\Users\thiagonogueira\OneDrive - mppi.mp.br\CLC\01_Processos_e_Aquisicoes\Base de Conhecimento - Thiago\05_Doutrina_e_Biblioteca\Biblioteca_Manuais_e_Cursos\Manuais\PARECER n. 00860-2023-ADV-E-CJU-SCOM-CGU-AGU.md,C:\Users\thiagonogueira\Dev\base-conhecimento-licitacoes\05_Doutrina_e_Biblioteca\Biblioteca_Manuais_e_Cursos\Manuais\PARECER n. 00860-2023-ADV-E-CJU-SCOM-CGU-AGU.md
IGNORADO_JA_EXISTE,md,C:\Users\thiagonogueira\OneDrive - mppi.mp.br\CLC\01_Processos_e_Aquisicoes\Base de Conhecimento - Thiago\05_Doutrina_e_Biblioteca\Biblioteca_Manuais_e_Cursos\Manuais\PARECER n. 00880-2023-ADV-E-CJU-SCOM-CGU-AGU.md,C:\Users\thiagonogueira\Dev\base-conhecimento-licitacoes\05_Doutrina_e_Biblioteca\Biblioteca_Manuais_e_Cursos\Manuais\PARECER n. 00880-2023-ADV-E-CJU-SCOM-CGU-AGU.md
IGNORADO_JA_EXISTE,md,C:\Users\thiagonogueira\OneDrive - mppi.mp.br\CLC\01_Processos_e_Aquisicoes\Base de Conhecimento - Thiago\05_Doutrina_e_Biblioteca\Biblioteca_Manuais_e_Cursos\Manuais\PARECER Nº 00002-2025-CNLCA-CGU-AGU.md,C:\Users\thiagonogueira\Dev\base-conhecimento-licitacoes\05_Doutrina_e_Biblioteca\Biblioteca_Manuais_e_Cursos\Manuais\PARECER Nº 00002-2025-CNLCA-CGU-AGU.md
IGNORADO_JA_EXISTE,md,C:\Users\thiagonogueira\OneDrive - mppi.mp.br\CLC\01_Processos_e_Aquisicoes\Base de Conhecimento - Thiago\05_Doutrina_e_Biblioteca\Biblioteca_Manuais_e_Cursos\Manuais\PARECER Nº 00005-2025-CNLCA-CGU-AGU.md,C:\Users\thiagonogueira\Dev\base-conhecimento-licitacoes\05_Doutrina_e_Biblioteca\Biblioteca_Manuais_e_Cursos\Manuais\PARECER Nº 00005-2025-CNLCA-CGU-AGU.md
IGNORADO_JA_EXISTE,md,C:\Users\thiagonogueira\OneDrive - mppi.mp.br\CLC\01_Processos_e_Aquisicoes\Base de Conhecimento - Thiago\05_Doutrina_e_Biblioteca\Biblioteca_Manuais_e_Cursos\Manuais\PARECER Nº 00015-2024-CNLCA-CGU-AGU.md,C:\Users\thiagonogueira\Dev\base-conhecimento-licitacoes\05_Doutrina_e_Biblioteca\Biblioteca_Manuais_e_Cursos\Manuais\PARECER Nº 00015-2024-CNLCA-CGU-AGU.md
IGNORADO_JA_EXISTE,md,C:\Users\thiagonogueira\OneDrive - mppi.mp.br\CLC\01_Processos_e_Aquisicoes\Base de Conhecimento - Thiago\05_Doutrina_e_Biblioteca\Biblioteca_Manuais_e_Cursos\Manuais\PARECER Nº 00017-2024-CNLCA-CGU-AGU.md,C:\Users\thiagonogueira\Dev\base-conhecimento-licitacoes\05_Doutrina_e_Biblioteca\Biblioteca_Manuais_e_Cursos\Manuais\PARECER Nº 00017-2024-CNLCA-CGU-AGU.md
IGNORADO_JA_EXISTE,md,C:\Users\thiagonogueira\OneDrive - mppi.mp.br\CLC\01_Processos_e_Aquisicoes\Base de Conhecimento - Thiago\05_Doutrina_e_Biblioteca\Biblioteca_Manuais_e_Cursos\Manuais\PARECER Nº 00019-2024-CNLCA-CGU-AGU.md,C:\Users\thiagonogueira\Dev\base-conhecimento-licitacoes\05_Doutrina_e_Biblioteca\Biblioteca_Manuais_e_Cursos\Manuais\PARECER Nº 00019-2024-CNLCA-CGU-AGU.md
IGNORADO_JA_EXISTE,md,C:\Users\thiagonogueira\OneDrive - mppi.mp.br\CLC\01_Processos_e_Aquisicoes\Base de Conhecimento - Thiago\05_Doutrina_e_Biblioteca\Biblioteca_Manuais_e_Cursos\Manuais\PARECER Nº 00023-2025-CGAQ-BSB-SCGP-CGU-AGU (1).md,C:\Users\thiagonogueira\Dev\base-conhecimento-licitacoes\05_Doutrina_e_Biblioteca\Biblioteca_Manuais_e_Cursos\Manuais\PARECER Nº 00023-2025-CGAQ-BSB-SCGP-CGU-AGU (1).md
IGNORADO_JA_EXISTE,md,C:\Users\thiagonogueira\OneDrive - mppi.mp.br\CLC\01_Processos_e_Aquisicoes\Base de Conhecimento - Thiago\05_Doutrina_e_Biblioteca\Biblioteca_Manuais_e_Cursos\Manuais\PARECER Nº 00060-2024-DECOR-CGU-AGU (1).md,C:\Users\thiagonogueira\Dev\base-conhecimento-licitacoes\05_Doutrina_e_Biblioteca\Biblioteca_Manuais_e_Cursos\Manuais\PARECER Nº 00060-2024-DECOR-CGU-AGU (1).md
IGNORADO_JA_EXISTE,md,C:\Users\thiagonogueira\OneDrive - mppi.mp.br\CLC\01_Processos_e_Aquisicoes\Base de Conhecimento - Thiago\05_Doutrina_e_Biblioteca\Biblioteca_Manuais_e_Cursos\Manuais\PARECER Nº 4632024-PLCCAPGM - Contratação direta por dispensa de licitação.md,C:\Users\thiagonogueira\Dev\base-conhecimento-licitacoes\05_Doutrina_e_Biblioteca\Biblioteca_Manuais_e_Cursos\Manuais\PARECER Nº 4632024-PLCCAPGM - Contratação direta por dispensa de licitação.md
IGNORADO_JA_EXISTE,md,C:\Users\thiagonogueira\OneDrive - mppi.mp.br\CLC\01_Processos_e_Aquisicoes\Base de Conhecimento - Thiago\05_Doutrina_e_Biblioteca\Biblioteca_Manuais_e_Cursos\Manuais\Parecer1774358321.md,C:\Users\thiagonogueira\Dev\base-conhecimento-licitacoes\05_Doutrina_e_Biblioteca\Biblioteca_Manuais_e_Cursos\Manuais\Parecer1774358321.md
IGNORADO_JA_EXISTE,md,C:\Users\thiagonogueira\OneDrive - mppi.mp.br\CLC\01_Processos_e_Aquisicoes\Base de Conhecimento - Thiago\05_Doutrina_e_Biblioteca\Biblioteca_Manuais_e_Cursos\Manuais\Parecer1776093267.md,C:\Users\thiagonogueira\Dev\base-conhecimento-licitacoes\05_Doutrina_e_Biblioteca\Biblioteca_Manuais_e_Cursos\Manuais\Parecer1776093267.md
IGNORADO_JA_EXISTE,md,C:\Users\thiagonogueira\OneDrive - mppi.mp.br\CLC\01_Processos_e_Aquisicoes\Base de Conhecimento - Thiago\05_Doutrina_e_Biblioteca\Biblioteca_Manuais_e_Cursos\Manuais\PARECERn000022022CPLCdosimetriapenalidadecontratual.md,C:\Users\thiagonogueira\Dev\base-conhecimento-licitacoes\05_Doutrina_e_Biblioteca\Biblioteca_Manuais_e_Cursos\Manuais\PARECERn000022022CPLCdosimetriapenalidadecontratual.md
IGNORADO_JA_EXISTE,md,C:\Users\thiagonogueira\OneDrive - mppi.mp.br\CLC\01_Processos_e_Aquisicoes\Base de Conhecimento - Thiago\05_Doutrina_e_Biblioteca\Biblioteca_Manuais_e_Cursos\Manuais\Perguntas e Respostas- Licitações e Contratações.md,C:\Users\thiagonogueira\Dev\base-conhecimento-licitacoes\05_Doutrina_e_Biblioteca\Biblioteca_Manuais_e_Cursos\Manuais\Perguntas e Respostas- Licitações e Contratações.md
IGNORADO_JA_EXISTE,md,C:\Users\thiagonogueira\OneDrive - mppi.mp.br\CLC\01_Processos_e_Aquisicoes\Base de Conhecimento - Thiago\05_Doutrina_e_Biblioteca\Biblioteca_Manuais_e_Cursos\Manuais\PGE PI - Lista Pequeno Valor - Serviços e Compras - DOE.md,C:\Users\thiagonogueira\Dev\base-conhecimento-licitacoes\05_Doutrina_e_Biblioteca\Biblioteca_Manuais_e_Cursos\Manuais\PGE PI - Lista Pequeno Valor - Serviços e Compras - DOE.md
IGNORADO_JA_EXISTE,md,C:\Users\thiagonogueira\OneDrive - mppi.mp.br\CLC\01_Processos_e_Aquisicoes\Base de Conhecimento - Thiago\05_Doutrina_e_Biblioteca\Biblioteca_Manuais_e_Cursos\Manuais\Planejamento_ fundamento legal par.md,C:\Users\thiagonogueira\Dev\base-conhecimento-licitacoes\05_Doutrina_e_Biblioteca\Biblioteca_Manuais_e_Cursos\Manuais\Planejamento_ fundamento legal par.md
IGNORADO_JA_EXISTE,md,"C:\Users\thiagonogueira\OneDrive - mppi.mp.br\CLC\01_Processos_e_Aquisicoes\Base de Conhecimento - Thiago\05_Doutrina_e_Biblioteca\Biblioteca_Manuais_e_Cursos\Manuais\PORTARIA SEGES_ME Nº 8.678, DE 19 DE JULHO DE 2021 — Portal de Compras do Governo Federal.md","C:\Users\thiagonogueira\Dev\base-conhecimento-licitacoes\05_Doutrina_e_Biblioteca\Biblioteca_Manuais_e_Cursos\Manuais\PORTARIA SEGES_ME Nº 8.678, DE 19 DE JULHO DE 2021 — Portal de Compras do Governo Federal.md"
IGNORADO_JA_EXISTE,md,C:\Users\thiagonogueira\OneDrive - mppi.mp.br\CLC\01_Processos_e_Aquisicoes\Base de Conhecimento - Thiago\05_Doutrina_e_Biblioteca\Biblioteca_Manuais_e_Cursos\Manuais\Publicação - 2º Simpósio de Licitações e Contratos da Justiça Federal - Enunciados aprovados.md,C:\Users\thiagonogueira\Dev\base-conhecimento-licitacoes\05_Doutrina_e_Biblioteca\Biblioteca_Manuais_e_Cursos\Manuais\Publicação - 2º Simpósio de Licitações e Contratos da Justiça Federal - Enunciados aprovados.md
IGNORADO_JA_EXISTE,md,C:\Users\thiagonogueira\OneDrive - mppi.mp.br\CLC\01_Processos_e_Aquisicoes\Base de Conhecimento - Thiago\05_Doutrina_e_Biblioteca\Biblioteca_Manuais_e_Cursos\Manuais\Publicação - cgu_ementarioaquisicoes_a4_2026.md,C:\Users\thiagonogueira\Dev\base-conhecimento-licitacoes\05_Doutrina_e_Biblioteca\Biblioteca_Manuais_e_Cursos\Manuais\Publicação - cgu_ementarioaquisicoes_a4_2026.md
IGNORADO_JA_EXISTE,md,C:\Users\thiagonogueira\OneDrive - mppi.mp.br\CLC\01_Processos_e_Aquisicoes\Base de Conhecimento - Thiago\05_Doutrina_e_Biblioteca\Biblioteca_Manuais_e_Cursos\Manuais\Publicação - ETP - UFJF.md,C:\Users\thiagonogueira\Dev\base-conhecimento-licitacoes\05_Doutrina_e_Biblioteca\Biblioteca_Manuais_e_Cursos\Manuais\Publicação - ETP - UFJF.md
IGNORADO_JA_EXISTE,md,C:\Users\thiagonogueira\OneDrive - mppi.mp.br\CLC\01_Processos_e_Aquisicoes\Base de Conhecimento - Thiago\05_Doutrina_e_Biblioteca\Biblioteca_Manuais_e_Cursos\Manuais\Referencial_Licitacoes_Contratos_TCESC.md,C:\Users\thiagonogueira\Dev\base-conhecimento-licitacoes\05_Doutrina_e_Biblioteca\Biblioteca_Manuais_e_Cursos\Manuais\Referencial_Licitacoes_Contratos_TCESC.md
IGNORADO_JA_EXISTE,md,C:\Users\thiagonogueira\OneDrive - mppi.mp.br\CLC\01_Processos_e_Aquisicoes\Base de Conhecimento - Thiago\05_Doutrina_e_Biblioteca\Biblioteca_Manuais_e_Cursos\Manuais\Relatório - CGU – Relatório de Avaliação- impacto do uso do orçamento sigiloso e dos modos de disputa.md,C:\Users\thiagonogueira\Dev\base-conhecimento-licitacoes\05_Doutrina_e_Biblioteca\Biblioteca_Manuais_e_Cursos\Manuais\Relatório - CGU – Relatório de Avaliação- impacto do uso do orçamento sigiloso e dos modos de disputa.md
IGNORADO_JA_EXISTE,md,C:\Users\thiagonogueira\OneDrive - mppi.mp.br\CLC\01_Processos_e_Aquisicoes\Base de Conhecimento - Thiago\05_Doutrina_e_Biblioteca\Biblioteca_Manuais_e_Cursos\Manuais\TCC - ETP - O Dilema entre Necessidade e Solução.md,C:\Users\thiagonogueira\Dev\base-conhecimento-licitacoes\05_Doutrina_e_Biblioteca\Biblioteca_Manuais_e_Cursos\Manuais\TCC - ETP - O Dilema entre Necessidade e Solução.md
IGNORADO_JA_EXISTE,md,C:\Users\thiagonogueira\OneDrive - mppi.mp.br\CLC\01_Processos_e_Aquisicoes\Base de Conhecimento - Thiago\05_Doutrina_e_Biblioteca\Biblioteca_Manuais_e_Cursos\Manuais\TCE-RS – Conclusões Técnicas da Comissão de Estudos da Nova Lei de Licitações e Contratos para a Fiscalização.md,C:\Users\thiagonogueira\Dev\base-conhecimento-licitacoes\05_Doutrina_e_Biblioteca\Biblioteca_Manuais_e_Cursos\Manuais\TCE-RS – Conclusões Técnicas da Comissão de Estudos da Nova Lei de Licitações e Contratos para a Fiscalização.md
IGNORADO_JA_EXISTE,md,C:\Users\thiagonogueira\OneDrive - mppi.mp.br\CLC\01_Processos_e_Aquisicoes\Base de Conhecimento - Thiago\05_Doutrina_e_Biblioteca\Biblioteca_Manuais_e_Cursos\Manuais\TCE-SC - NOTA TÉCNICA Nº TC-19-2026.md,C:\Users\thiagonogueira\Dev\base-conhecimento-licitacoes\05_Doutrina_e_Biblioteca\Biblioteca_Manuais_e_Cursos\Manuais\TCE-SC - NOTA TÉCNICA Nº TC-19-2026.md
IGNORADO_JA_EXISTE,md,C:\Users\thiagonogueira\OneDrive - mppi.mp.br\CLC\01_Processos_e_Aquisicoes\Base de Conhecimento - Thiago\05_Doutrina_e_Biblioteca\Biblioteca_Manuais_e_Cursos\Manuais\TCE-SC – Perguntas e respostas- licitações e contratos (edição 1 - 2025).md,C:\Users\thiagonogueira\Dev\base-conhecimento-licitacoes\05_Doutrina_e_Biblioteca\Biblioteca_Manuais_e_Cursos\Manuais\TCE-SC – Perguntas e respostas- licitações e contratos (edição 1 - 2025).md
IGNORADO_JA_EXISTE,md,C:\Users\thiagonogueira\OneDrive - mppi.mp.br\CLC\01_Processos_e_Aquisicoes\Base de Conhecimento - Thiago\05_Doutrina_e_Biblioteca\Biblioteca_Manuais_e_Cursos\Manuais\TCU - Edital 001.2024 - Licitação Especial para Contratação de Solução Inovadora.md,C:\Users\thiagonogueira\Dev\base-conhecimento-licitacoes\05_Doutrina_e_Biblioteca\Biblioteca_Manuais_e_Cursos\Manuais\TCU - Edital 001.2024 - Licitação Especial para Contratação de Solução Inovadora.md
IGNORADO_JA_EXISTE,md,"C:\Users\thiagonogueira\OneDrive - mppi.mp.br\CLC\01_Processos_e_Aquisicoes\Base de Conhecimento - Thiago\05_Doutrina_e_Biblioteca\Biblioteca_Manuais_e_Cursos\Manuais\Transformação do Estado no Brasil- desenhando compras públicas, empresas estatais e infraestrutura públic (1).md","C:\Users\thiagonogueira\Dev\base-conhecimento-licitacoes\05_Doutrina_e_Biblioteca\Biblioteca_Manuais_e_Cursos\Manuais\Transformação do Estado no Brasil- desenhando compras públicas, empresas estatais e infraestrutura públic (1).md"
IGNORADO_JA_EXISTE,md,C:\Users\thiagonogueira\OneDrive - mppi.mp.br\CLC\01_Processos_e_Aquisicoes\Base de Conhecimento - Thiago\05_Doutrina_e_Biblioteca\Biblioteca_Manuais_e_Cursos\Manuais\TutorialContrataesPresenciais.md,C:\Users\thiagonogueira\Dev\base-conhecimento-licitacoes\05_Doutrina_e_Biblioteca\Biblioteca_Manuais_e_Cursos\Manuais\TutorialContrataesPresenciais.md
IGNORADO_JA_EXISTE,md,C:\Users\thiagonogueira\OneDrive - mppi.mp.br\CLC\01_Processos_e_Aquisicoes\Base de Conhecimento - Thiago\05_Doutrina_e_Biblioteca\Biblioteca_Manuais_e_Cursos\Manuais\tutorial_dez.25_AlteraodeDocumentoHbilnoSistemaContratosGov.br.md,C:\Users\thiagonogueira\Dev\base-conhecimento-licitacoes\05_Doutrina_e_Biblioteca\Biblioteca_Manuais_e_Cursos\Manuais\tutorial_dez.25_AlteraodeDocumentoHbilnoSistemaContratosGov.br.md
IGNORADO_JA_EXISTE,md,C:\Users\thiagonogueira\OneDrive - mppi.mp.br\CLC\01_Processos_e_Aquisicoes\Base de Conhecimento - Thiago\05_Doutrina_e_Biblioteca\Biblioteca_Manuais_e_Cursos\Manuais\Zenite - 5 Erros que você não pode cometer com IA nas Contratações.md,C:\Users\thiagonogueira\Dev\base-conhecimento-licitacoes\05_Doutrina_e_Biblioteca\Biblioteca_Manuais_e_Cursos\Manuais\Zenite - 5 Erros que você não pode cometer com IA nas Contratações.md
IGNORADO_JA_EXISTE,md,C:\Users\thiagonogueira\OneDrive - mppi.mp.br\CLC\01_Processos_e_Aquisicoes\Base de Conhecimento - Thiago\05_Doutrina_e_Biblioteca\Biblioteca_Manuais_e_Cursos\Manuais\Zênite - É possível que a Administração dispense a divulgação do aviso noscasos de dispensa em razão do valor.md,C:\Users\thiagonogueira\Dev\base-conhecimento-licitacoes\05_Doutrina_e_Biblioteca\Biblioteca_Manuais_e_Cursos\Manuais\Zênite - É possível que a Administração dispense a divulgação do aviso noscasos de dispensa em razão do valor.md
IGNORADO_JA_EXISTE,md,C:\Users\thiagonogueira\OneDrive - mppi.mp.br\CLC\01_Processos_e_Aquisicoes\Base de Conhecimento - Thiago\05_Doutrina_e_Biblioteca\Biblioteca_Manuais_e_Cursos\Manuais\Zênite Fácil - Dispensa Eletrônica.md,C:\Users\thiagonogueira\Dev\base-conhecimento-licitacoes\05_Doutrina_e_Biblioteca\Biblioteca_Manuais_e_Cursos\Manuais\Zênite Fácil - Dispensa Eletrônica.md
IGNORADO_JA_EXISTE,md,C:\Users\thiagonogueira\OneDrive - mppi.mp.br\CLC\01_Processos_e_Aquisicoes\Base de Conhecimento - Thiago\05_Doutrina_e_Biblioteca\Biblioteca_Manuais_e_Cursos\Manuais\Zênite Fácil - NOVA LEI DE LICITAÇÕES - PRORROGAÇÃO DE VIGÊNCIA DA ATA DE REGISTRO DE PREÇOS E A RENOVAÇÃO DO.md,C:\Users\thiagonogueira\Dev\base-conhecimento-licitacoes\05_Doutrina_e_Biblioteca\Biblioteca_Manuais_e_Cursos\Manuais\Zênite Fácil - NOVA LEI DE LICITAÇÕES - PRORROGAÇÃO DE VIGÊNCIA DA ATA DE REGISTRO DE PREÇOS E A RENOVAÇÃO DO.md
IGNORADO_JA_EXISTE,md,C:\Users\thiagonogueira\OneDrive - mppi.mp.br\CLC\01_Processos_e_Aquisicoes\Base de Conhecimento - Thiago\05_Doutrina_e_Biblioteca\Biblioteca_Manuais_e_Cursos\Manuais\Zênite Fácil.md,C:\Users\thiagonogueira\Dev\base-conhecimento-licitacoes\05_Doutrina_e_Biblioteca\Biblioteca_Manuais_e_Cursos\Manuais\Zênite Fácil.md
IGNORADO_JA_EXISTE,md,C:\Users\thiagonogueira\OneDrive - mppi.mp.br\CLC\01_Processos_e_Aquisicoes\Base de Conhecimento - Thiago\05_Doutrina_e_Biblioteca\Biblioteca_Manuais_e_Cursos\Material_Didatico_CLC\Estrutura da Apresentação.md,C:\Users\thiagonogueira\Dev\base-conhecimento-licitacoes\05_Doutrina_e_Biblioteca\Biblioteca_Manuais_e_Cursos\Material_Didatico_CLC\Estrutura da Apresentação.md
IGNORADO_JA_EXISTE,md,C:\Users\thiagonogueira\OneDrive - mppi.mp.br\CLC\01_Processos_e_Aquisicoes\Base de Conhecimento - Thiago\05_Doutrina_e_Biblioteca\Biblioteca_Manuais_e_Cursos\Material_Didatico_CLC\Kahoot_Importacao_AEI.md,C:\Users\thiagonogueira\Dev\base-conhecimento-licitacoes\05_Doutrina_e_Biblioteca\Biblioteca_Manuais_e_Cursos\Material_Didatico_CLC\Kahoot_Importacao_AEI.md
IGNORADO_JA_EXISTE,md,C:\Users\thiagonogueira\OneDrive - mppi.mp.br\CLC\01_Processos_e_Aquisicoes\Base de Conhecimento - Thiago\05_Doutrina_e_Biblioteca\Biblioteca_Manuais_e_Cursos\Material_Didatico_CLC\Roteiros_Fala_Escrita_Curso_Interno_MPPI.md,C:\Users\thiagonogueira\Dev\base-conhecimento-licitacoes\05_Doutrina_e_Biblioteca\Biblioteca_Manuais_e_Cursos\Material_Didatico_CLC\Roteiros_Fala_Escrita_Curso_Interno_MPPI.md
IGNORADO_JA_EXISTE,md,C:\Users\thiagonogueira\OneDrive - mppi.mp.br\CLC\01_Processos_e_Aquisicoes\Base de Conhecimento - Thiago\05_Doutrina_e_Biblioteca\Biblioteca_Manuais_e_Cursos\Material_Didatico_CLC\Roteiro_Executivo_Chefia.md,C:\Users\thiagonogueira\Dev\base-conhecimento-licitacoes\05_Doutrina_e_Biblioteca\Biblioteca_Manuais_e_Cursos\Material_Didatico_CLC\Roteiro_Executivo_Chefia.md
IGNORADO_JA_EXISTE,md,C:\Users\thiagonogueira\OneDrive - mppi.mp.br\CLC\01_Processos_e_Aquisicoes\Base de Conhecimento - Thiago\05_Doutrina_e_Biblioteca\Biblioteca_Manuais_e_Cursos\Material_Didatico_CLC\Roteiro_Resumido_1pagina.md,C:\Users\thiagonogueira\Dev\base-conhecimento-licitacoes\05_Doutrina_e_Biblioteca\Biblioteca_Manuais_e_Cursos\Material_Didatico_CLC\Roteiro_Resumido_1pagina.md
IGNORADO_JA_EXISTE,md,C:\Users\thiagonogueira\OneDrive - mppi.mp.br\CLC\01_Processos_e_Aquisicoes\Base de Conhecimento - Thiago\05_Doutrina_e_Biblioteca\Biblioteca_Manuais_e_Cursos\Material_Didatico_CLC\Roteiro_Video_PCA_MPPI.md,C:\Users\thiagonogueira\Dev\base-conhecimento-licitacoes\05_Doutrina_e_Biblioteca\Biblioteca_Manuais_e_Cursos\Material_Didatico_CLC\Roteiro_Video_PCA_MPPI.md
IGNORADO_JA_EXISTE,md,C:\Users\thiagonogueira\OneDrive - mppi.mp.br\CLC\01_Processos_e_Aquisicoes\Base de Conhecimento - Thiago\05_Doutrina_e_Biblioteca\BID - Cursos\00_INDICE_GERAL_CURSO_BID.md,C:\Users\thiagonogueira\Dev\base-conhecimento-licitacoes\05_Doutrina_e_Biblioteca\BID - Cursos\00_INDICE_GERAL_CURSO_BID.md
IGNORADO_JA_EXISTE,md,C:\Users\thiagonogueira\OneDrive - mppi.mp.br\CLC\01_Processos_e_Aquisicoes\Base de Conhecimento - Thiago\05_Doutrina_e_Biblioteca\BID - Cursos\Carta_Consulta_MPPI_MD\Carta_Consulta_-_MPPI_-_Dados_Iniciais.md,C:\Users\thiagonogueira\Dev\base-conhecimento-licitacoes\05_Doutrina_e_Biblioteca\BID - Cursos\Carta_Consulta_MPPI_MD\Carta_Consulta_-_MPPI_-_Dados_Iniciais.md
IGNORADO_JA_EXISTE,md,C:\Users\thiagonogueira\OneDrive - mppi.mp.br\CLC\01_Processos_e_Aquisicoes\Base de Conhecimento - Thiago\05_Doutrina_e_Biblioteca\BID - Cursos\Carta_Consulta_MPPI_MD\Carta_Consulta_-_MPPI_-_Dados_Iniciais_(2).md,C:\Users\thiagonogueira\Dev\base-conhecimento-licitacoes\05_Doutrina_e_Biblioteca\BID - Cursos\Carta_Consulta_MPPI_MD\Carta_Consulta_-_MPPI_-_Dados_Iniciais_(2).md
IGNORADO_JA_EXISTE,md,C:\Users\thiagonogueira\OneDrive - mppi.mp.br\CLC\01_Processos_e_Aquisicoes\Base de Conhecimento - Thiago\05_Doutrina_e_Biblioteca\BID - Cursos\Carta_Consulta_MPPI_MD\Carta_Consulta_BID_Ceara_Mais_Digital_2021.md,C:\Users\thiagonogueira\Dev\base-conhecimento-licitacoes\05_Doutrina_e_Biblioteca\BID - Cursos\Carta_Consulta_MPPI_MD\Carta_Consulta_BID_Ceara_Mais_Digital_2021.md
IGNORADO_JA_EXISTE,md,C:\Users\thiagonogueira\OneDrive - mppi.mp.br\CLC\01_Processos_e_Aquisicoes\Base de Conhecimento - Thiago\05_Doutrina_e_Biblioteca\BID - Cursos\Guias_Digitais_e_Leituras_MD\1.GD_Indicadores_diagno_stico.md,C:\Users\thiagonogueira\Dev\base-conhecimento-licitacoes\05_Doutrina_e_Biblioteca\BID - Cursos\Guias_Digitais_e_Leituras_MD\1.GD_Indicadores_diagno_stico.md
IGNORADO_JA_EXISTE,md,C:\Users\thiagonogueira\OneDrive - mppi.mp.br\CLC\01_Processos_e_Aquisicoes\Base de Conhecimento - Thiago\05_Doutrina_e_Biblioteca\BID - Cursos\Guias_Digitais_e_Leituras_MD\10.GD_Gesta_o_do_talento_humano.md,C:\Users\thiagonogueira\Dev\base-conhecimento-licitacoes\05_Doutrina_e_Biblioteca\BID - Cursos\Guias_Digitais_e_Leituras_MD\10.GD_Gesta_o_do_talento_humano.md
IGNORADO_JA_EXISTE,md,C:\Users\thiagonogueira\OneDrive - mppi.mp.br\CLC\01_Processos_e_Aquisicoes\Base de Conhecimento - Thiago\05_Doutrina_e_Biblioteca\BID - Cursos\Guias_Digitais_e_Leituras_MD\2.3.2_-_O_papel_da_TI_na_gestão_administrativa_-_4.GD_Entrevista_o_papel_da_ti_na_-.md,C:\Users\thiagonogueira\Dev\base-conhecimento-licitacoes\05_Doutrina_e_Biblioteca\BID - Cursos\Guias_Digitais_e_Leituras_MD\2.3.2_-_O_papel_da_TI_na_gestão_administrativa_-_4.GD_Entrevista_o_papel_da_ti_na_-.md
IGNORADO_JA_EXISTE,md,C:\Users\thiagonogueira\OneDrive - mppi.mp.br\CLC\01_Processos_e_Aquisicoes\Base de Conhecimento - Thiago\05_Doutrina_e_Biblioteca\BID - Cursos\Guias_Digitais_e_Leituras_MD\2.3.4_Leitura_-_Importância_da_gestão_de_ativos_na_transformação_digital_o_caso_da_Coréia5.GD_Importancia_da_gestao_de_ativos_na_transformacao.md,C:\Users\thiagonogueira\Dev\base-conhecimento-licitacoes\05_Doutrina_e_Biblioteca\BID - Cursos\Guias_Digitais_e_Leituras_MD\2.3.4_Leitura_-_Importância_da_gestão_de_ativos_na_transformação_digital_o_caso_da_Coréia5.GD_Importancia_da_gestao_de_ativos_na_transformacao.md
IGNORADO_JA_EXISTE,md,C:\Users\thiagonogueira\OneDrive - mppi.mp.br\CLC\01_Processos_e_Aquisicoes\Base de Conhecimento - Thiago\05_Doutrina_e_Biblioteca\BID - Cursos\Guias_Digitais_e_Leituras_MD\2.4.4_Leitura_-_Como_melhorar_a_gestão_de_dados_em_uma_instituição_pública.md,C:\Users\thiagonogueira\Dev\base-conhecimento-licitacoes\05_Doutrina_e_Biblioteca\BID - Cursos\Guias_Digitais_e_Leituras_MD\2.4.4_Leitura_-_Como_melhorar_a_gestão_de_dados_em_uma_instituição_pública.md
IGNORADO_JA_EXISTE,md,C:\Users\thiagonogueira\OneDrive - mppi.mp.br\CLC\01_Processos_e_Aquisicoes\Base de Conhecimento - Thiago\05_Doutrina_e_Biblioteca\BID - Cursos\Guias_Digitais_e_Leituras_MD\2.4.6_Fórum_de_discussão_de_dados.md,C:\Users\thiagonogueira\Dev\base-conhecimento-licitacoes\05_Doutrina_e_Biblioteca\BID - Cursos\Guias_Digitais_e_Leituras_MD\2.4.6_Fórum_de_discussão_de_dados.md
IGNORADO_JA_EXISTE,md,C:\Users\thiagonogueira\OneDrive - mppi.mp.br\CLC\01_Processos_e_Aquisicoes\Base de Conhecimento - Thiago\05_Doutrina_e_Biblioteca\BID - Cursos\Guias_Digitais_e_Leituras_MD\3.2.2_Infográfico_-_Institucionalidade_quem_faz_o_qu.md,C:\Users\thiagonogueira\Dev\base-conhecimento-licitacoes\05_Doutrina_e_Biblioteca\BID - Cursos\Guias_Digitais_e_Leituras_MD\3.2.2_Infográfico_-_Institucionalidade_quem_faz_o_qu.md
IGNORADO_JA_EXISTE,md,C:\Users\thiagonogueira\OneDrive - mppi.mp.br\CLC\01_Processos_e_Aquisicoes\Base de Conhecimento - Thiago\05_Doutrina_e_Biblioteca\BID - Cursos\Guias_Digitais_e_Leituras_MD\3.3.6_Fórum_de_discussão_Desafios_da_gestão_de_talento_humano_para_a_transformação_digital.md,C:\Users\thiagonogueira\Dev\base-conhecimento-licitacoes\05_Doutrina_e_Biblioteca\BID - Cursos\Guias_Digitais_e_Leituras_MD\3.3.6_Fórum_de_discussão_Desafios_da_gestão_de_talento_humano_para_a_transformação_digital.md
IGNORADO_JA_EXISTE,md,C:\Users\thiagonogueira\OneDrive - mppi.mp.br\CLC\01_Processos_e_Aquisicoes\Base de Conhecimento - Thiago\05_Doutrina_e_Biblioteca\BID - Cursos\Guias_Digitais_e_Leituras_MD\3.GD_Simplificac_a_o_e_digitalizac_a_o.md,C:\Users\thiagonogueira\Dev\base-conhecimento-licitacoes\05_Doutrina_e_Biblioteca\BID - Cursos\Guias_Digitais_e_Leituras_MD\3.GD_Simplificac_a_o_e_digitalizac_a_o.md
IGNORADO_JA_EXISTE,md,C:\Users\thiagonogueira\OneDrive - mppi.mp.br\CLC\01_Processos_e_Aquisicoes\Base de Conhecimento - Thiago\05_Doutrina_e_Biblioteca\BID - Cursos\Guias_Digitais_e_Leituras_MD\8.GD_Como_melhorar_a_ciberseguranc_a_em_organizac_o_es_pu_blicas.md,C:\Users\thiagonogueira\Dev\base-conhecimento-licitacoes\05_Doutrina_e_Biblioteca\BID - Cursos\Guias_Digitais_e_Leituras_MD\8.GD_Como_melhorar_a_ciberseguranc_a_em_organizac_o_es_pu_blicas.md
IGNORADO_JA_EXISTE,md,C:\Users\thiagonogueira\OneDrive - mppi.mp.br\CLC\01_Processos_e_Aquisicoes\Base de Conhecimento - Thiago\05_Doutrina_e_Biblioteca\BID - Cursos\Guias_Digitais_e_Leituras_MD\9.GD_Governanc_a__normas_e_compete_ncias.md,C:\Users\thiagonogueira\Dev\base-conhecimento-licitacoes\05_Doutrina_e_Biblioteca\BID - Cursos\Guias_Digitais_e_Leituras_MD\9.GD_Governanc_a__normas_e_compete_ncias.md
IGNORADO_JA_EXISTE,md,C:\Users\thiagonogueira\OneDrive - mppi.mp.br\CLC\01_Processos_e_Aquisicoes\Base de Conhecimento - Thiago\05_Doutrina_e_Biblioteca\BID - Cursos\Guias_Digitais_e_Leituras_MD\asset-v1_IDBx_IDB50.2x_3T2022_type_asset_block_Nota_técnica_gobernanza.md,C:\Users\thiagonogueira\Dev\base-conhecimento-licitacoes\05_Doutrina_e_Biblioteca\BID - Cursos\Guias_Digitais_e_Leituras_MD\asset-v1_IDBx_IDB50.2x_3T2022_type_asset_block_Nota_técnica_gobernanza.md
IGNORADO_JA_EXISTE,md,C:\Users\thiagonogueira\OneDrive - mppi.mp.br\CLC\01_Processos_e_Aquisicoes\Base de Conhecimento - Thiago\05_Doutrina_e_Biblioteca\BID - Cursos\Guias_Digitais_e_Leituras_MD\Elementos_centrais_da_estratégia_de_transformação_digital.md,C:\Users\thiagonogueira\Dev\base-conhecimento-licitacoes\05_Doutrina_e_Biblioteca\BID - Cursos\Guias_Digitais_e_Leituras_MD\Elementos_centrais_da_estratégia_de_transformação_digital.md
IGNORADO_JA_EXISTE,md,C:\Users\thiagonogueira\OneDrive - mppi.mp.br\CLC\01_Processos_e_Aquisicoes\Base de Conhecimento - Thiago\05_Doutrina_e_Biblioteca\BID - Cursos\Guias_Digitais_e_Leituras_MD\El_Fin_del_Tramite_Eterno_Ciudadanos_Burocracia_Gobierno_Digital_BID.md,C:\Users\thiagonogueira\Dev\base-conhecimento-licitacoes\05_Doutrina_e_Biblioteca\BID - Cursos\Guias_Digitais_e_Leituras_MD\El_Fin_del_Tramite_Eterno_Ciudadanos_Burocracia_Gobierno_Digital_BID.md
IGNORADO_JA_EXISTE,md,C:\Users\thiagonogueira\OneDrive - mppi.mp.br\CLC\01_Processos_e_Aquisicoes\Base de Conhecimento - Thiago\05_Doutrina_e_Biblioteca\BID - Cursos\Guias_Digitais_e_Leituras_MD\INSTITUIÇÃO_LÍDER_quem_faz_o_que.md,C:\Users\thiagonogueira\Dev\base-conhecimento-licitacoes\05_Doutrina_e_Biblioteca\BID - Cursos\Guias_Digitais_e_Leituras_MD\INSTITUIÇÃO_LÍDER_quem_faz_o_que.md
IGNORADO_JA_EXISTE,md,C:\Users\thiagonogueira\OneDrive - mppi.mp.br\CLC\01_Processos_e_Aquisicoes\Base de Conhecimento - Thiago\05_Doutrina_e_Biblioteca\BID - Cursos\Guias_Digitais_e_Leituras_MD\OCDE_BEPS_Reports_2015_Executive_Summaries.md,C:\Users\thiagonogueira\Dev\base-conhecimento-licitacoes\05_Doutrina_e_Biblioteca\BID - Cursos\Guias_Digitais_e_Leituras_MD\OCDE_BEPS_Reports_2015_Executive_Summaries.md
IGNORADO_JA_EXISTE,md,C:\Users\thiagonogueira\OneDrive - mppi.mp.br\CLC\01_Processos_e_Aquisicoes\Base de Conhecimento - Thiago\05_Doutrina_e_Biblioteca\BID - Cursos\Guias_Digitais_e_Leituras_MD\Privacidade_e_Protecao_de_Dados_2023_Livro.md,C:\Users\thiagonogueira\Dev\base-conhecimento-licitacoes\05_Doutrina_e_Biblioteca\BID - Cursos\Guias_Digitais_e_Leituras_MD\Privacidade_e_Protecao_de_Dados_2023_Livro.md
IGNORADO_JA_EXISTE,md,C:\Users\thiagonogueira\OneDrive - mppi.mp.br\CLC\01_Processos_e_Aquisicoes\Base de Conhecimento - Thiago\05_Doutrina_e_Biblioteca\BID - Cursos\Guias_Digitais_e_Leituras_MD\QUEM_FAZ_O_QUÊ.md,C:\Users\thiagonogueira\Dev\base-conhecimento-licitacoes\05_Doutrina_e_Biblioteca\BID - Cursos\Guias_Digitais_e_Leituras_MD\QUEM_FAZ_O_QUÊ.md
IGNORADO_JA_EXISTE,md,C:\Users\thiagonogueira\OneDrive - mppi.mp.br\CLC\01_Processos_e_Aquisicoes\Base de Conhecimento - Thiago\05_Doutrina_e_Biblioteca\BID - Cursos\Guias_Digitais_e_Leituras_MD\Relatório_IA_2023.md,C:\Users\thiagonogueira\Dev\base-conhecimento-licitacoes\05_Doutrina_e_Biblioteca\BID - Cursos\Guias_Digitais_e_Leituras_MD\Relatório_IA_2023.md
IGNORADO_JA_EXISTE,md,C:\Users\thiagonogueira\OneDrive - mppi.mp.br\CLC\01_Processos_e_Aquisicoes\Base de Conhecimento - Thiago\05_Doutrina_e_Biblioteca\BID - Cursos\Guias_Digitais_e_Leituras_MD\resumo_executivo_privacidade_protecao_de_dados_pessoais_2023.md,C:\Users\thiagonogueira\Dev\base-conhecimento-licitacoes\05_Doutrina_e_Biblioteca\BID - Cursos\Guias_Digitais_e_Leituras_MD\resumo_executivo_privacidade_protecao_de_dados_pessoais_2023.md
IGNORADO_JA_EXISTE,md,C:\Users\thiagonogueira\OneDrive - mppi.mp.br\CLC\01_Processos_e_Aquisicoes\Base de Conhecimento - Thiago\05_Doutrina_e_Biblioteca\BID - Cursos\Guias_Digitais_e_Leituras_MD\Resumo_módulo_2.md,C:\Users\thiagonogueira\Dev\base-conhecimento-licitacoes\05_Doutrina_e_Biblioteca\BID - Cursos\Guias_Digitais_e_Leituras_MD\Resumo_módulo_2.md
IGNORADO_JA_EXISTE,md,C:\Users\thiagonogueira\OneDrive - mppi.mp.br\CLC\01_Processos_e_Aquisicoes\Base de Conhecimento - Thiago\05_Doutrina_e_Biblioteca\BID - Cursos\Guias_Digitais_e_Leituras_MD\Servicios_Publicos_Gobierno_Digital_Pandemia_BID.md,C:\Users\thiagonogueira\Dev\base-conhecimento-licitacoes\05_Doutrina_e_Biblioteca\BID - Cursos\Guias_Digitais_e_Leituras_MD\Servicios_Publicos_Gobierno_Digital_Pandemia_BID.md
IGNORADO_JA_EXISTE,md,C:\Users\thiagonogueira\OneDrive - mppi.mp.br\CLC\01_Processos_e_Aquisicoes\Base de Conhecimento - Thiago\05_Doutrina_e_Biblioteca\BID - Cursos\Guias_Digitais_e_Leituras_MD\Simplificando_Vidas_Gestion_Calidad_Servicios_Publicos_BID_2018.md,C:\Users\thiagonogueira\Dev\base-conhecimento-licitacoes\05_Doutrina_e_Biblioteca\BID - Cursos\Guias_Digitais_e_Leituras_MD\Simplificando_Vidas_Gestion_Calidad_Servicios_Publicos_BID_2018.md
IGNORADO_JA_EXISTE,md,C:\Users\thiagonogueira\OneDrive - mppi.mp.br\CLC\01_Processos_e_Aquisicoes\Base de Conhecimento - Thiago\05_Doutrina_e_Biblioteca\BID - Cursos\Guias_Digitais_e_Leituras_MD\TIC_Governo_Eletronico_2023_Livro_Eletronico.md,C:\Users\thiagonogueira\Dev\base-conhecimento-licitacoes\05_Doutrina_e_Biblioteca\BID - Cursos\Guias_Digitais_e_Leituras_MD\TIC_Governo_Eletronico_2023_Livro_Eletronico.md
IGNORADO_JA_EXISTE,md,C:\Users\thiagonogueira\OneDrive - mppi.mp.br\CLC\01_Processos_e_Aquisicoes\Base de Conhecimento - Thiago\05_Doutrina_e_Biblioteca\BID - Cursos\Guias_Digitais_e_Leituras_MD\Un-Lab-en-constante-evolucion-La-experiencia-del-Laboratorio-de-Innovacion-en-Gobierno-Digital-de-Uruguay.md,C:\Users\thiagonogueira\Dev\base-conhecimento-licitacoes\05_Doutrina_e_Biblioteca\BID - Cursos\Guias_Digitais_e_Leituras_MD\Un-Lab-en-constante-evolucion-La-experiencia-del-Laboratorio-de-Innovacion-en-Gobierno-Digital-de-Uruguay.md
IGNORADO_JA_EXISTE,md,C:\Users\thiagonogueira\OneDrive - mppi.mp.br\CLC\01_Processos_e_Aquisicoes\Base de Conhecimento - Thiago\05_Doutrina_e_Biblioteca\BID - Cursos\Transcrições_Videoaulas_MD\0.1.1-pt.md,C:\Users\thiagonogueira\Dev\base-conhecimento-licitacoes\05_Doutrina_e_Biblioteca\BID - Cursos\Transcrições_Videoaulas_MD\0.1.1-pt.md
IGNORADO_JA_EXISTE,md,C:\Users\thiagonogueira\OneDrive - mppi.mp.br\CLC\01_Processos_e_Aquisicoes\Base de Conhecimento - Thiago\05_Doutrina_e_Biblioteca\BID - Cursos\Transcrições_Videoaulas_MD\1.2.1-pt_-_Identificação_de_evidências_de_um_problema_que_requer_transformação_digital_do_governo.md,C:\Users\thiagonogueira\Dev\base-conhecimento-licitacoes\05_Doutrina_e_Biblioteca\BID - Cursos\Transcrições_Videoaulas_MD\1.2.1-pt_-_Identificação_de_evidências_de_um_problema_que_requer_transformação_digital_do_governo.md
IGNORADO_JA_EXISTE,md,C:\Users\thiagonogueira\OneDrive - mppi.mp.br\CLC\01_Processos_e_Aquisicoes\Base de Conhecimento - Thiago\05_Doutrina_e_Biblioteca\BID - Cursos\Transcrições_Videoaulas_MD\1.2.2-pt_-_Diagnóstico_em_projetos_de_transformação_digital.md,C:\Users\thiagonogueira\Dev\base-conhecimento-licitacoes\05_Doutrina_e_Biblioteca\BID - Cursos\Transcrições_Videoaulas_MD\1.2.2-pt_-_Diagnóstico_em_projetos_de_transformação_digital.md
IGNORADO_JA_EXISTE,md,C:\Users\thiagonogueira\OneDrive - mppi.mp.br\CLC\01_Processos_e_Aquisicoes\Base de Conhecimento - Thiago\05_Doutrina_e_Biblioteca\BID - Cursos\Transcrições_Videoaulas_MD\1.3.1-pt_-_A_estratégia_de_transformação_digital.md,C:\Users\thiagonogueira\Dev\base-conhecimento-licitacoes\05_Doutrina_e_Biblioteca\BID - Cursos\Transcrições_Videoaulas_MD\1.3.1-pt_-_A_estratégia_de_transformação_digital.md
IGNORADO_JA_EXISTE,md,C:\Users\thiagonogueira\OneDrive - mppi.mp.br\CLC\01_Processos_e_Aquisicoes\Base de Conhecimento - Thiago\05_Doutrina_e_Biblioteca\BID - Cursos\Transcrições_Videoaulas_MD\1.3.2-pt_-_Experiência_britânica_de_estratégia_de_governo_digital.md,C:\Users\thiagonogueira\Dev\base-conhecimento-licitacoes\05_Doutrina_e_Biblioteca\BID - Cursos\Transcrições_Videoaulas_MD\1.3.2-pt_-_Experiência_britânica_de_estratégia_de_governo_digital.md
IGNORADO_JA_EXISTE,md,C:\Users\thiagonogueira\OneDrive - mppi.mp.br\CLC\01_Processos_e_Aquisicoes\Base de Conhecimento - Thiago\05_Doutrina_e_Biblioteca\BID - Cursos\Transcrições_Videoaulas_MD\1.3.4-pt_-_Coordenação_interinstitucional_para_a_agenda_digital.md,C:\Users\thiagonogueira\Dev\base-conhecimento-licitacoes\05_Doutrina_e_Biblioteca\BID - Cursos\Transcrições_Videoaulas_MD\1.3.4-pt_-_Coordenação_interinstitucional_para_a_agenda_digital.md
IGNORADO_JA_EXISTE,md,C:\Users\thiagonogueira\OneDrive - mppi.mp.br\CLC\01_Processos_e_Aquisicoes\Base de Conhecimento - Thiago\05_Doutrina_e_Biblioteca\BID - Cursos\Transcrições_Videoaulas_MD\1.4.1_-_Monitoramento_de_projetos_de_transformação_digital.md,C:\Users\thiagonogueira\Dev\base-conhecimento-licitacoes\05_Doutrina_e_Biblioteca\BID - Cursos\Transcrições_Videoaulas_MD\1.4.1_-_Monitoramento_de_projetos_de_transformação_digital.md
IGNORADO_JA_EXISTE,md,C:\Users\thiagonogueira\OneDrive - mppi.mp.br\CLC\01_Processos_e_Aquisicoes\Base de Conhecimento - Thiago\05_Doutrina_e_Biblioteca\BID - Cursos\Transcrições_Videoaulas_MD\1.4.2_-_Experiência_no_monitoramento_de_projetos_de_transformação_digital.md,C:\Users\thiagonogueira\Dev\base-conhecimento-licitacoes\05_Doutrina_e_Biblioteca\BID - Cursos\Transcrições_Videoaulas_MD\1.4.2_-_Experiência_no_monitoramento_de_projetos_de_transformação_digital.md
IGNORADO_JA_EXISTE,md,C:\Users\thiagonogueira\OneDrive - mppi.mp.br\CLC\01_Processos_e_Aquisicoes\Base de Conhecimento - Thiago\05_Doutrina_e_Biblioteca\BID - Cursos\Transcrições_Videoaulas_MD\1.4.3_-_Avaliação_de_projetos_de_transformação_digital.md,C:\Users\thiagonogueira\Dev\base-conhecimento-licitacoes\05_Doutrina_e_Biblioteca\BID - Cursos\Transcrições_Videoaulas_MD\1.4.3_-_Avaliação_de_projetos_de_transformação_digital.md
IGNORADO_JA_EXISTE,md,C:\Users\thiagonogueira\OneDrive - mppi.mp.br\CLC\01_Processos_e_Aquisicoes\Base de Conhecimento - Thiago\05_Doutrina_e_Biblioteca\BID - Cursos\Transcrições_Videoaulas_MD\2.2.1_-_Simplificando_procedimentos_em_projetos_de_transformação_digital.md,C:\Users\thiagonogueira\Dev\base-conhecimento-licitacoes\05_Doutrina_e_Biblioteca\BID - Cursos\Transcrições_Videoaulas_MD\2.2.1_-_Simplificando_procedimentos_em_projetos_de_transformação_digital.md
IGNORADO_JA_EXISTE,md,C:\Users\thiagonogueira\OneDrive - mppi.mp.br\CLC\01_Processos_e_Aquisicoes\Base de Conhecimento - Thiago\05_Doutrina_e_Biblioteca\BID - Cursos\Transcrições_Videoaulas_MD\2.2.2_-_Estado_de_São_Paulo_como_pioneiro_na_simplificação_e_digitalização_de_serviços_públicos_no_Brasil_e_na_América_Latina.md,C:\Users\thiagonogueira\Dev\base-conhecimento-licitacoes\05_Doutrina_e_Biblioteca\BID - Cursos\Transcrições_Videoaulas_MD\2.2.2_-_Estado_de_São_Paulo_como_pioneiro_na_simplificação_e_digitalização_de_serviços_públicos_no_Brasil_e_na_América_Latina.md
IGNORADO_JA_EXISTE,md,C:\Users\thiagonogueira\OneDrive - mppi.mp.br\CLC\01_Processos_e_Aquisicoes\Base de Conhecimento - Thiago\05_Doutrina_e_Biblioteca\BID - Cursos\Transcrições_Videoaulas_MD\2.2.4_-_Exemplo_de_simplificação_de_procedimentos_(carteira_de_motorista).md,C:\Users\thiagonogueira\Dev\base-conhecimento-licitacoes\05_Doutrina_e_Biblioteca\BID - Cursos\Transcrições_Videoaulas_MD\2.2.4_-_Exemplo_de_simplificação_de_procedimentos_(carteira_de_motorista).md
IGNORADO_JA_EXISTE,md,C:\Users\thiagonogueira\OneDrive - mppi.mp.br\CLC\01_Processos_e_Aquisicoes\Base de Conhecimento - Thiago\05_Doutrina_e_Biblioteca\BID - Cursos\Transcrições_Videoaulas_MD\2.3.1_-_Gestão_administrativa_e_transformação_digital.md,C:\Users\thiagonogueira\Dev\base-conhecimento-licitacoes\05_Doutrina_e_Biblioteca\BID - Cursos\Transcrições_Videoaulas_MD\2.3.1_-_Gestão_administrativa_e_transformação_digital.md
IGNORADO_JA_EXISTE,md,C:\Users\thiagonogueira\OneDrive - mppi.mp.br\CLC\01_Processos_e_Aquisicoes\Base de Conhecimento - Thiago\05_Doutrina_e_Biblioteca\BID - Cursos\Transcrições_Videoaulas_MD\2.3.2_-_O_papel_da_TI_na_gestão_administrativa.md,C:\Users\thiagonogueira\Dev\base-conhecimento-licitacoes\05_Doutrina_e_Biblioteca\BID - Cursos\Transcrições_Videoaulas_MD\2.3.2_-_O_papel_da_TI_na_gestão_administrativa.md
IGNORADO_JA_EXISTE,md,C:\Users\thiagonogueira\OneDrive - mppi.mp.br\CLC\01_Processos_e_Aquisicoes\Base de Conhecimento - Thiago\05_Doutrina_e_Biblioteca\BID - Cursos\Transcrições_Videoaulas_MD\2.3.3_-_MapaInversiones_-_transparência_e_integridade_no_uso_dos_recursos_públicos.md,C:\Users\thiagonogueira\Dev\base-conhecimento-licitacoes\05_Doutrina_e_Biblioteca\BID - Cursos\Transcrições_Videoaulas_MD\2.3.3_-_MapaInversiones_-_transparência_e_integridade_no_uso_dos_recursos_públicos.md
IGNORADO_JA_EXISTE,md,C:\Users\thiagonogueira\OneDrive - mppi.mp.br\CLC\01_Processos_e_Aquisicoes\Base de Conhecimento - Thiago\05_Doutrina_e_Biblioteca\BID - Cursos\Transcrições_Videoaulas_MD\2.4.1_-_Gerenciamento_de_dados_na_transformação_digital.md,C:\Users\thiagonogueira\Dev\base-conhecimento-licitacoes\05_Doutrina_e_Biblioteca\BID - Cursos\Transcrições_Videoaulas_MD\2.4.1_-_Gerenciamento_de_dados_na_transformação_digital.md
IGNORADO_JA_EXISTE,md,C:\Users\thiagonogueira\OneDrive - mppi.mp.br\CLC\01_Processos_e_Aquisicoes\Base de Conhecimento - Thiago\05_Doutrina_e_Biblioteca\BID - Cursos\Transcrições_Videoaulas_MD\2.4.2_-_Agenda_de_dados_da_Colômbia.md,C:\Users\thiagonogueira\Dev\base-conhecimento-licitacoes\05_Doutrina_e_Biblioteca\BID - Cursos\Transcrições_Videoaulas_MD\2.4.2_-_Agenda_de_dados_da_Colômbia.md
IGNORADO_JA_EXISTE,md,C:\Users\thiagonogueira\OneDrive - mppi.mp.br\CLC\01_Processos_e_Aquisicoes\Base de Conhecimento - Thiago\05_Doutrina_e_Biblioteca\BID - Cursos\Transcrições_Videoaulas_MD\2.4.3_-_Gestão_de_dados_no_Uruguai.md,C:\Users\thiagonogueira\Dev\base-conhecimento-licitacoes\05_Doutrina_e_Biblioteca\BID - Cursos\Transcrições_Videoaulas_MD\2.4.3_-_Gestão_de_dados_no_Uruguai.md
IGNORADO_JA_EXISTE,md,C:\Users\thiagonogueira\OneDrive - mppi.mp.br\CLC\01_Processos_e_Aquisicoes\Base de Conhecimento - Thiago\05_Doutrina_e_Biblioteca\BID - Cursos\Transcrições_Videoaulas_MD\2.5.1_-_Cibersegurança_em_organizações_públicas.md,C:\Users\thiagonogueira\Dev\base-conhecimento-licitacoes\05_Doutrina_e_Biblioteca\BID - Cursos\Transcrições_Videoaulas_MD\2.5.1_-_Cibersegurança_em_organizações_públicas.md
IGNORADO_JA_EXISTE,md,"C:\Users\thiagonogueira\OneDrive - mppi.mp.br\CLC\01_Processos_e_Aquisicoes\Base de Conhecimento - Thiago\05_Doutrina_e_Biblioteca\BID - Cursos\Transcrições_Videoaulas_MD\3.2.1_-_O_que_são_governança,_marco_normativo_e_institucionalidade.md","C:\Users\thiagonogueira\Dev\base-conhecimento-licitacoes\05_Doutrina_e_Biblioteca\BID - Cursos\Transcrições_Videoaulas_MD\3.2.1_-_O_que_são_governança,_marco_normativo_e_institucionalidade.md"
IGNORADO_JA_EXISTE,md,"C:\Users\thiagonogueira\OneDrive - mppi.mp.br\CLC\01_Processos_e_Aquisicoes\Base de Conhecimento - Thiago\05_Doutrina_e_Biblioteca\BID - Cursos\Transcrições_Videoaulas_MD\3.2.4_-_Entrevista_sobre_governança,_instituições_e_marco_normativo_no_Rio_Grande_do_Sul.md","C:\Users\thiagonogueira\Dev\base-conhecimento-licitacoes\05_Doutrina_e_Biblioteca\BID - Cursos\Transcrições_Videoaulas_MD\3.2.4_-_Entrevista_sobre_governança,_instituições_e_marco_normativo_no_Rio_Grande_do_Sul.md"
IGNORADO_JA_EXISTE,md,C:\Users\thiagonogueira\OneDrive - mppi.mp.br\CLC\01_Processos_e_Aquisicoes\Base de Conhecimento - Thiago\05_Doutrina_e_Biblioteca\BID - Cursos\Transcrições_Videoaulas_MD\3.2.5_Vídeo_-_Gerenciamento_de_projetos_de_transformação_digital.md,C:\Users\thiagonogueira\Dev\base-conhecimento-licitacoes\05_Doutrina_e_Biblioteca\BID - Cursos\Transcrições_Videoaulas_MD\3.2.5_Vídeo_-_Gerenciamento_de_projetos_de_transformação_digital.md
IGNORADO_JA_EXISTE,md,C:\Users\thiagonogueira\OneDrive - mppi.mp.br\CLC\01_Processos_e_Aquisicoes\Base de Conhecimento - Thiago\05_Doutrina_e_Biblioteca\BID - Cursos\Transcrições_Videoaulas_MD\3.3.1_Vídeo_-_Desafios_do_capital_humano_em_projetos_de_transformação_digital.md,C:\Users\thiagonogueira\Dev\base-conhecimento-licitacoes\05_Doutrina_e_Biblioteca\BID - Cursos\Transcrições_Videoaulas_MD\3.3.1_Vídeo_-_Desafios_do_capital_humano_em_projetos_de_transformação_digital.md
IGNORADO_JA_EXISTE,md,C:\Users\thiagonogueira\OneDrive - mppi.mp.br\CLC\01_Processos_e_Aquisicoes\Base de Conhecimento - Thiago\05_Doutrina_e_Biblioteca\BID - Cursos\Transcrições_Videoaulas_MD\3.3.3_Vídeo_-_Atraindo_talentos_para_a_transformação_digital.md,C:\Users\thiagonogueira\Dev\base-conhecimento-licitacoes\05_Doutrina_e_Biblioteca\BID - Cursos\Transcrições_Videoaulas_MD\3.3.3_Vídeo_-_Atraindo_talentos_para_a_transformação_digital.md
IGNORADO_JA_EXISTE,md,C:\Users\thiagonogueira\OneDrive - mppi.mp.br\CLC\01_Processos_e_Aquisicoes\Base de Conhecimento - Thiago\05_Doutrina_e_Biblioteca\BID - Cursos\Transcrições_Videoaulas_MD\3.3.4_Vídeo_-_Adaptando_o_talento_à_transformação_digital.md,C:\Users\thiagonogueira\Dev\base-conhecimento-licitacoes\05_Doutrina_e_Biblioteca\BID - Cursos\Transcrições_Videoaulas_MD\3.3.4_Vídeo_-_Adaptando_o_talento_à_transformação_digital.md
IGNORADO_JA_EXISTE,md,C:\Users\thiagonogueira\OneDrive - mppi.mp.br\CLC\01_Processos_e_Aquisicoes\Base de Conhecimento - Thiago\05_Doutrina_e_Biblioteca\Infograficos_Zenite\E-possivel-fazer-dispensa-de-licitacao-sem-disputa_.md,C:\Users\thiagonogueira\Dev\base-conhecimento-licitacoes\05_Doutrina_e_Biblioteca\Infograficos_Zenite\E-possivel-fazer-dispensa-de-licitacao-sem-disputa_.md
IGNORADO_JA_EXISTE,md,C:\Users\thiagonogueira\OneDrive - mppi.mp.br\CLC\01_Processos_e_Aquisicoes\Base de Conhecimento - Thiago\05_Doutrina_e_Biblioteca\Suprimento_de_Fundos\32-Custos de uma licitação - NP.md,C:\Users\thiagonogueira\Dev\base-conhecimento-licitacoes\05_Doutrina_e_Biblioteca\Suprimento_de_Fundos\32-Custos de uma licitação - NP.md
IGNORADO_JA_EXISTE,md,C:\Users\thiagonogueira\OneDrive - mppi.mp.br\CLC\01_Processos_e_Aquisicoes\Base de Conhecimento - Thiago\05_Doutrina_e_Biblioteca\Suprimento_de_Fundos\34_suprimento_de_fundos_2ed.md,C:\Users\thiagonogueira\Dev\base-conhecimento-licitacoes\05_Doutrina_e_Biblioteca\Suprimento_de_Fundos\34_suprimento_de_fundos_2ed.md
IGNORADO_JA_EXISTE,md,C:\Users\thiagonogueira\OneDrive - mppi.mp.br\CLC\01_Processos_e_Aquisicoes\Base de Conhecimento - Thiago\05_Doutrina_e_Biblioteca\Suprimento_de_Fundos\68_Texto_do_artigo_318_2_10_20200915.md,C:\Users\thiagonogueira\Dev\base-conhecimento-licitacoes\05_Doutrina_e_Biblioteca\Suprimento_de_Fundos\68_Texto_do_artigo_318_2_10_20200915.md
IGNORADO_JA_EXISTE,md,C:\Users\thiagonogueira\OneDrive - mppi.mp.br\CLC\01_Processos_e_Aquisicoes\Base de Conhecimento - Thiago\05_Doutrina_e_Biblioteca\Suprimento_de_Fundos\Carlos Vinicius de Souza Motta.md,C:\Users\thiagonogueira\Dev\base-conhecimento-licitacoes\05_Doutrina_e_Biblioteca\Suprimento_de_Fundos\Carlos Vinicius de Souza Motta.md
IGNORADO_JA_EXISTE,md,C:\Users\thiagonogueira\OneDrive - mppi.mp.br\CLC\01_Processos_e_Aquisicoes\Base de Conhecimento - Thiago\05_Doutrina_e_Biblioteca\Suprimento_de_Fundos\CGU - GuiaSuprimento.md,C:\Users\thiagonogueira\Dev\base-conhecimento-licitacoes\05_Doutrina_e_Biblioteca\Suprimento_de_Fundos\CGU - GuiaSuprimento.md
IGNORADO_JA_EXISTE,md,C:\Users\thiagonogueira\OneDrive - mppi.mp.br\CLC\01_Processos_e_Aquisicoes\Base de Conhecimento - Thiago\05_Doutrina_e_Biblioteca\Suprimento_de_Fundos\CONGRESSO CUSTOS 2013.md,C:\Users\thiagonogueira\Dev\base-conhecimento-licitacoes\05_Doutrina_e_Biblioteca\Suprimento_de_Fundos\CONGRESSO CUSTOS 2013.md
IGNORADO_JA_EXISTE,md,C:\Users\thiagonogueira\OneDrive - mppi.mp.br\CLC\01_Processos_e_Aquisicoes\Base de Conhecimento - Thiago\05_Doutrina_e_Biblioteca\Suprimento_de_Fundos\CONGRESSO CUSTOS 2015.md,C:\Users\thiagonogueira\Dev\base-conhecimento-licitacoes\05_Doutrina_e_Biblioteca\Suprimento_de_Fundos\CONGRESSO CUSTOS 2015.md
IGNORADO_JA_EXISTE,md,C:\Users\thiagonogueira\OneDrive - mppi.mp.br\CLC\01_Processos_e_Aquisicoes\Base de Conhecimento - Thiago\05_Doutrina_e_Biblioteca\Suprimento_de_Fundos\CUSTO LICITAÇÃO - CONGRESSO UFSC.md,C:\Users\thiagonogueira\Dev\base-conhecimento-licitacoes\05_Doutrina_e_Biblioteca\Suprimento_de_Fundos\CUSTO LICITAÇÃO - CONGRESSO UFSC.md
IGNORADO_JA_EXISTE,md,C:\Users\thiagonogueira\OneDrive - mppi.mp.br\CLC\01_Processos_e_Aquisicoes\Base de Conhecimento - Thiago\05_Doutrina_e_Biblioteca\Suprimento_de_Fundos\INSTRUCAO NORMATIVA N_ CCI 001-2011 DIARIAS E ADIANTAMENTOS.md,C:\Users\thiagonogueira\Dev\base-conhecimento-licitacoes\05_Doutrina_e_Biblioteca\Suprimento_de_Fundos\INSTRUCAO NORMATIVA N_ CCI 001-2011 DIARIAS E ADIANTAMENTOS.md
IGNORADO_JA_EXISTE,md,C:\Users\thiagonogueira\OneDrive - mppi.mp.br\CLC\01_Processos_e_Aquisicoes\Base de Conhecimento - Thiago\05_Doutrina_e_Biblioteca\Suprimento_de_Fundos\MANUAL-DE-ADIANTAMENTO-DO-MP-BA_3a-Edicao_Junho2022.md,C:\Users\thiagonogueira\Dev\base-conhecimento-licitacoes\05_Doutrina_e_Biblioteca\Suprimento_de_Fundos\MANUAL-DE-ADIANTAMENTO-DO-MP-BA_3a-Edicao_Junho2022.md
IGNORADO_JA_EXISTE,md,C:\Users\thiagonogueira\OneDrive - mppi.mp.br\CLC\01_Processos_e_Aquisicoes\Base de Conhecimento - Thiago\05_Doutrina_e_Biblioteca\Suprimento_de_Fundos\manual_fundo_rotativo_3.md,C:\Users\thiagonogueira\Dev\base-conhecimento-licitacoes\05_Doutrina_e_Biblioteca\Suprimento_de_Fundos\manual_fundo_rotativo_3.md
IGNORADO_JA_EXISTE,md,C:\Users\thiagonogueira\OneDrive - mppi.mp.br\CLC\01_Processos_e_Aquisicoes\Base de Conhecimento - Thiago\05_Doutrina_e_Biblioteca\Suprimento_de_Fundos\MPES - Portaria-n-7.843-de-22-outubro-de-2015-Suprimentos-de-Fundos.md,C:\Users\thiagonogueira\Dev\base-conhecimento-licitacoes\05_Doutrina_e_Biblioteca\Suprimento_de_Fundos\MPES - Portaria-n-7.843-de-22-outubro-de-2015-Suprimentos-de-Fundos.md
IGNORADO_JA_EXISTE,md,C:\Users\thiagonogueira\OneDrive - mppi.mp.br\CLC\01_Processos_e_Aquisicoes\Base de Conhecimento - Thiago\05_Doutrina_e_Biblioteca\Suprimento_de_Fundos\MPMG - 1-1-D646-39-res_pgj_01_2024 _repub.md,C:\Users\thiagonogueira\Dev\base-conhecimento-licitacoes\05_Doutrina_e_Biblioteca\Suprimento_de_Fundos\MPMG - 1-1-D646-39-res_pgj_01_2024 _repub.md
IGNORADO_JA_EXISTE,md,C:\Users\thiagonogueira\OneDrive - mppi.mp.br\CLC\01_Processos_e_Aquisicoes\Base de Conhecimento - Thiago\05_Doutrina_e_Biblioteca\Suprimento_de_Fundos\MPRJ - guiarapido_atualizado20_07_21.md,C:\Users\thiagonogueira\Dev\base-conhecimento-licitacoes\05_Doutrina_e_Biblioteca\Suprimento_de_Fundos\MPRJ - guiarapido_atualizado20_07_21.md
IGNORADO_JA_EXISTE,md,C:\Users\thiagonogueira\OneDrive - mppi.mp.br\CLC\01_Processos_e_Aquisicoes\Base de Conhecimento - Thiago\05_Doutrina_e_Biblioteca\Suprimento_de_Fundos\QUANTO CUSTA UMA LICITAÇÃO - 2014.md,C:\Users\thiagonogueira\Dev\base-conhecimento-licitacoes\05_Doutrina_e_Biblioteca\Suprimento_de_Fundos\QUANTO CUSTA UMA LICITAÇÃO - 2014.md
IGNORADO_JA_EXISTE,md,C:\Users\thiagonogueira\OneDrive - mppi.mp.br\CLC\01_Processos_e_Aquisicoes\Base de Conhecimento - Thiago\05_Doutrina_e_Biblioteca\Suprimento_de_Fundos\Raquel Pereira Alves.md,C:\Users\thiagonogueira\Dev\base-conhecimento-licitacoes\05_Doutrina_e_Biblioteca\Suprimento_de_Fundos\Raquel Pereira Alves.md
IGNORADO_JA_EXISTE,md,C:\Users\thiagonogueira\OneDrive - mppi.mp.br\CLC\01_Processos_e_Aquisicoes\Base de Conhecimento - Thiago\05_Doutrina_e_Biblioteca\Suprimento_de_Fundos\RT 12 - Levantamento de custos - consolidação de todos os órgãos.md,C:\Users\thiagonogueira\Dev\base-conhecimento-licitacoes\05_Doutrina_e_Biblioteca\Suprimento_de_Fundos\RT 12 - Levantamento de custos - consolidação de todos os órgãos.md
IGNORADO_JA_EXISTE,md,C:\Users\thiagonogueira\OneDrive - mppi.mp.br\CLC\01_Processos_e_Aquisicoes\Base de Conhecimento - Thiago\05_Doutrina_e_Biblioteca\Suprimento_de_Fundos\Você sabe quanto custa uma licitação_.md,C:\Users\thiagonogueira\Dev\base-conhecimento-licitacoes\05_Doutrina_e_Biblioteca\Suprimento_de_Fundos\Você sabe quanto custa uma licitação_.md
IGNORADO_JA_EXISTE,md,C:\Users\thiagonogueira\OneDrive - mppi.mp.br\CLC\01_Processos_e_Aquisicoes\Base de Conhecimento - Thiago\06_Paineis_e_Contratos_Historicos\Guia Onboarding.md,C:\Users\thiagonogueira\Dev\base-conhecimento-licitacoes\06_Paineis_e_Contratos_Historicos\Guia Onboarding.md
IGNORADO_JA_EXISTE,md,C:\Users\thiagonogueira\OneDrive - mppi.mp.br\CLC\01_Processos_e_Aquisicoes\Base de Conhecimento - Thiago\06_Paineis_e_Contratos_Historicos\manual-api-compras.md,C:\Users\thiagonogueira\Dev\base-conhecimento-licitacoes\06_Paineis_e_Contratos_Historicos\manual-api-compras.md
IGNORADO_JA_EXISTE,md,C:\Users\thiagonogueira\OneDrive - mppi.mp.br\CLC\01_Processos_e_Aquisicoes\Base de Conhecimento - Thiago\06_Paineis_e_Contratos_Historicos\manual-contratos-gov-br-nova-versao.md,C:\Users\thiagonogueira\Dev\base-conhecimento-licitacoes\06_Paineis_e_Contratos_Historicos\manual-contratos-gov-br-nova-versao.md
IGNORADO_JA_EXISTE,md,C:\Users\thiagonogueira\OneDrive - mppi.mp.br\CLC\01_Processos_e_Aquisicoes\Base de Conhecimento - Thiago\06_Paineis_e_Contratos_Historicos\Manual_das_APIs_Manual_das_APIs .md,C:\Users\thiagonogueira\Dev\base-conhecimento-licitacoes\06_Paineis_e_Contratos_Historicos\Manual_das_APIs_Manual_das_APIs .md
IGNORADO_JA_EXISTE,md,C:\Users\thiagonogueira\OneDrive - mppi.mp.br\CLC\01_Processos_e_Aquisicoes\Base de Conhecimento - Thiago\06_Paineis_e_Contratos_Historicos\Mapeamento_Licitacoes_TCE_PI.md,C:\Users\thiagonogueira\Dev\base-conhecimento-licitacoes\06_Paineis_e_Contratos_Historicos\Mapeamento_Licitacoes_TCE_PI.md
IGNORADO_JA_EXISTE,md,C:\Users\thiagonogueira\OneDrive - mppi.mp.br\CLC\01_Processos_e_Aquisicoes\Base de Conhecimento - Thiago\06_Paineis_e_Contratos_Historicos\PCA 2026 - Versão 3.0 - MPPI.md,C:\Users\thiagonogueira\Dev\base-conhecimento-licitacoes\06_Paineis_e_Contratos_Historicos\PCA 2026 - Versão 3.0 - MPPI.md
IGNORADO_JA_EXISTE,md,C:\Users\thiagonogueira\OneDrive - mppi.mp.br\CLC\01_Processos_e_Aquisicoes\Base de Conhecimento - Thiago\06_Paineis_e_Contratos_Historicos\README.md,C:\Users\thiagonogueira\Dev\base-conhecimento-licitacoes\06_Paineis_e_Contratos_Historicos\README.md
IGNORADO_JA_EXISTE,md,C:\Users\thiagonogueira\OneDrive - mppi.mp.br\CLC\01_Processos_e_Aquisicoes\Base de Conhecimento - Thiago\06_Paineis_e_Contratos_Historicos\Relatorio de Estrutura de Arquitetura.md,C:\Users\thiagonogueira\Dev\base-conhecimento-licitacoes\06_Paineis_e_Contratos_Historicos\Relatorio de Estrutura de Arquitetura.md
IGNORADO_JA_EXISTE,md,C:\Users\thiagonogueira\OneDrive - mppi.mp.br\CLC\01_Processos_e_Aquisicoes\Base de Conhecimento - Thiago\06_Paineis_e_Contratos_Historicos\Relatorio_PCA_2027.md,C:\Users\thiagonogueira\Dev\base-conhecimento-licitacoes\06_Paineis_e_Contratos_Historicos\Relatorio_PCA_2027.md
IGNORADO_JA_EXISTE,md,C:\Users\thiagonogueira\OneDrive - mppi.mp.br\CLC\01_Processos_e_Aquisicoes\Base de Conhecimento - Thiago\06_Paineis_e_Contratos_Historicos\SEI_0978996_Ata_de_Registro_de_Precos.md,C:\Users\thiagonogueira\Dev\base-conhecimento-licitacoes\06_Paineis_e_Contratos_Historicos\SEI_0978996_Ata_de_Registro_de_Precos.md
IGNORADO_JA_EXISTE,md,C:\Users\thiagonogueira\OneDrive - mppi.mp.br\CLC\01_Processos_e_Aquisicoes\Base de Conhecimento - Thiago\06_Paineis_e_Contratos_Historicos\sistema_licitacoes_mppi_roadmap_tecnico(2).md,C:\Users\thiagonogueira\Dev\base-conhecimento-licitacoes\06_Paineis_e_Contratos_Historicos\sistema_licitacoes_mppi_roadmap_tecnico(2).md
IGNORADO_JA_EXISTE,md,C:\Users\thiagonogueira\OneDrive - mppi.mp.br\CLC\01_Processos_e_Aquisicoes\Base de Conhecimento - Thiago\06_Paineis_e_Contratos_Historicos\sistema_licitacoes_mppi_roadmap_tecnico(3).md,C:\Users\thiagonogueira\Dev\base-conhecimento-licitacoes\06_Paineis_e_Contratos_Historicos\sistema_licitacoes_mppi_roadmap_tecnico(3).md
IGNORADO_JA_EXISTE,md,C:\Users\thiagonogueira\OneDrive - mppi.mp.br\CLC\01_Processos_e_Aquisicoes\Base de Conhecimento - Thiago\06_Paineis_e_Contratos_Historicos\sistema_licitacoes_mppi_roadmap_tecnico_v3.1.md,C:\Users\thiagonogueira\Dev\base-conhecimento-licitacoes\06_Paineis_e_Contratos_Historicos\sistema_licitacoes_mppi_roadmap_tecnico_v3.1.md
IGNORADO_JA_EXISTE,md,C:\Users\thiagonogueira\OneDrive - mppi.mp.br\CLC\01_Processos_e_Aquisicoes\Base de Conhecimento - Thiago\06_Paineis_e_Contratos_Historicos\Tutorial_PCA_MPPI_2026 (2).md,C:\Users\thiagonogueira\Dev\base-conhecimento-licitacoes\06_Paineis_e_Contratos_Historicos\Tutorial_PCA_MPPI_2026 (2).md
IGNORADO_JA_EXISTE,md,C:\Users\thiagonogueira\OneDrive - mppi.mp.br\CLC\01_Processos_e_Aquisicoes\Base de Conhecimento - Thiago\06_Paineis_e_Contratos_Historicos\Tutorial_PCA_MPPI_2027.md,C:\Users\thiagonogueira\Dev\base-conhecimento-licitacoes\06_Paineis_e_Contratos_Historicos\Tutorial_PCA_MPPI_2027.md
IGNORADO_JA_EXISTE,md,C:\Users\thiagonogueira\OneDrive - mppi.mp.br\CLC\01_Processos_e_Aquisicoes\Base de Conhecimento - Thiago\SIte_PGE_PI\ACT - Termo de Autorização de Uso - Espaços da Cidadania\Publicacao-Acordo-de-Cooperacao-Tecnica-Espaco-da-Cidadania.md,C:\Users\thiagonogueira\Dev\base-conhecimento-licitacoes\SIte_PGE_PI\ACT - Termo de Autorização de Uso - Espaços da Cidadania\Publicacao-Acordo-de-Cooperacao-Tecnica-Espaco-da-Cidadania.md
IGNORADO_JA_EXISTE,md,C:\Users\thiagonogueira\OneDrive - mppi.mp.br\CLC\01_Processos_e_Aquisicoes\Base de Conhecimento - Thiago\SIte_PGE_PI\ACT - Termo de Autorização de Uso - Espaços da Cidadania\Publicacao-Termo-de-Autorizacao-de-Uso-Espaco-da-Cidadania.md,C:\Users\thiagonogueira\Dev\base-conhecimento-licitacoes\SIte_PGE_PI\ACT - Termo de Autorização de Uso - Espaços da Cidadania\Publicacao-Termo-de-Autorizacao-de-Uso-Espaco-da-Cidadania.md
IGNORADO_JA_EXISTE,md,C:\Users\thiagonogueira\OneDrive - mppi.mp.br\CLC\01_Processos_e_Aquisicoes\Base de Conhecimento - Thiago\SIte_PGE_PI\Adesão\Lei-14133-Lista-de-Verificacao-Adesao(1).md,C:\Users\thiagonogueira\Dev\base-conhecimento-licitacoes\SIte_PGE_PI\Adesão\Lei-14133-Lista-de-Verificacao-Adesao(1).md
IGNORADO_JA_EXISTE,md,C:\Users\thiagonogueira\OneDrive - mppi.mp.br\CLC\01_Processos_e_Aquisicoes\Base de Conhecimento - Thiago\SIte_PGE_PI\Adesão\Lei-14133-Lista-de-Verificacao-Adesao-DOE(1).md,C:\Users\thiagonogueira\Dev\base-conhecimento-licitacoes\SIte_PGE_PI\Adesão\Lei-14133-Lista-de-Verificacao-Adesao-DOE(1).md
IGNORADO_JA_EXISTE,md,C:\Users\thiagonogueira\OneDrive - mppi.mp.br\CLC\01_Processos_e_Aquisicoes\Base de Conhecimento - Thiago\SIte_PGE_PI\Adesão\Lei-14133-Lista-de-Verificacao-Adesao-DOE.md,C:\Users\thiagonogueira\Dev\base-conhecimento-licitacoes\SIte_PGE_PI\Adesão\Lei-14133-Lista-de-Verificacao-Adesao-DOE.md
IGNORADO_JA_EXISTE,md,C:\Users\thiagonogueira\OneDrive - mppi.mp.br\CLC\01_Processos_e_Aquisicoes\Base de Conhecimento - Thiago\SIte_PGE_PI\Adesão\Lei-14133-Lista-de-Verificacao-Adesao.md,C:\Users\thiagonogueira\Dev\base-conhecimento-licitacoes\SIte_PGE_PI\Adesão\Lei-14133-Lista-de-Verificacao-Adesao.md
IGNORADO_JA_EXISTE,md,C:\Users\thiagonogueira\OneDrive - mppi.mp.br\CLC\01_Processos_e_Aquisicoes\Base de Conhecimento - Thiago\SIte_PGE_PI\Adesão ARP Gerenciada pela SEAD\Lei-14133-Lista-de-Verificacao-Adesao-SEAD-DOE.md,C:\Users\thiagonogueira\Dev\base-conhecimento-licitacoes\SIte_PGE_PI\Adesão ARP Gerenciada pela SEAD\Lei-14133-Lista-de-Verificacao-Adesao-SEAD-DOE.md
IGNORADO_JA_EXISTE,md,C:\Users\thiagonogueira\OneDrive - mppi.mp.br\CLC\01_Processos_e_Aquisicoes\Base de Conhecimento - Thiago\SIte_PGE_PI\Adesão ARP Gerenciada pela SEAD\Lei-14133-Lista-de-Verificacao-Adesao-SEAD.md,C:\Users\thiagonogueira\Dev\base-conhecimento-licitacoes\SIte_PGE_PI\Adesão ARP Gerenciada pela SEAD\Lei-14133-Lista-de-Verificacao-Adesao-SEAD.md
IGNORADO_JA_EXISTE,md,C:\Users\thiagonogueira\OneDrive - mppi.mp.br\CLC\01_Processos_e_Aquisicoes\Base de Conhecimento - Thiago\SIte_PGE_PI\Cessão Gratuita de Bem Imovel\DOEPI_179_2024.md,C:\Users\thiagonogueira\Dev\base-conhecimento-licitacoes\SIte_PGE_PI\Cessão Gratuita de Bem Imovel\DOEPI_179_2024.md
IGNORADO_JA_EXISTE,md,C:\Users\thiagonogueira\OneDrive - mppi.mp.br\CLC\01_Processos_e_Aquisicoes\Base de Conhecimento - Thiago\SIte_PGE_PI\Cessão Gratuita de Bem Imovel\Termo_de_Cessao_Gratuita_de_Uso_de_Imovel_Publico._Setembro_2024.md,C:\Users\thiagonogueira\Dev\base-conhecimento-licitacoes\SIte_PGE_PI\Cessão Gratuita de Bem Imovel\Termo_de_Cessao_Gratuita_de_Uso_de_Imovel_Publico._Setembro_2024.md
IGNORADO_JA_EXISTE,md,C:\Users\thiagonogueira\OneDrive - mppi.mp.br\CLC\01_Processos_e_Aquisicoes\Base de Conhecimento - Thiago\SIte_PGE_PI\Concorrencia_Eletronica\Lei-14133-Lista-de-Verificacao-Concorrencia-Eletronica-COM-SRP-Obras-e-Servicos-Especiais-de-Engenharia.md,C:\Users\thiagonogueira\Dev\base-conhecimento-licitacoes\SIte_PGE_PI\Concorrencia_Eletronica\Lei-14133-Lista-de-Verificacao-Concorrencia-Eletronica-COM-SRP-Obras-e-Servicos-Especiais-de-Engenharia.md
IGNORADO_JA_EXISTE,md,C:\Users\thiagonogueira\OneDrive - mppi.mp.br\CLC\01_Processos_e_Aquisicoes\Base de Conhecimento - Thiago\SIte_PGE_PI\Concorrencia_Eletronica\Lei-14133-Lista-de-Verificacao-Concorrencia-Eletronica-SEM-SRP-Obras-e-Servicos-Especiais-de-Engenharia.md,C:\Users\thiagonogueira\Dev\base-conhecimento-licitacoes\SIte_PGE_PI\Concorrencia_Eletronica\Lei-14133-Lista-de-Verificacao-Concorrencia-Eletronica-SEM-SRP-Obras-e-Servicos-Especiais-de-Engenharia.md
IGNORADO_JA_EXISTE,md,C:\Users\thiagonogueira\OneDrive - mppi.mp.br\CLC\01_Processos_e_Aquisicoes\Base de Conhecimento - Thiago\SIte_PGE_PI\Concorrencia_Eletronica\Lista-de-Verificacao-Concorrencia-Eletronica-COM-SRP-Obras-e-Servicos-Especiais-de-Engenharia-DOE.md,C:\Users\thiagonogueira\Dev\base-conhecimento-licitacoes\SIte_PGE_PI\Concorrencia_Eletronica\Lista-de-Verificacao-Concorrencia-Eletronica-COM-SRP-Obras-e-Servicos-Especiais-de-Engenharia-DOE.md
IGNORADO_JA_EXISTE,md,C:\Users\thiagonogueira\OneDrive - mppi.mp.br\CLC\01_Processos_e_Aquisicoes\Base de Conhecimento - Thiago\SIte_PGE_PI\Concorrencia_Eletronica\Lista-de-Verificacao-Concorrencia-Eletronica-SEM-SRP-Obras-e-Servicos-Especiais-de-Engenharia-DOE.md,C:\Users\thiagonogueira\Dev\base-conhecimento-licitacoes\SIte_PGE_PI\Concorrencia_Eletronica\Lista-de-Verificacao-Concorrencia-Eletronica-SEM-SRP-Obras-e-Servicos-Especiais-de-Engenharia-DOE.md
IGNORADO_JA_EXISTE,md,"C:\Users\thiagonogueira\OneDrive - mppi.mp.br\CLC\01_Processos_e_Aquisicoes\Base de Conhecimento - Thiago\SIte_PGE_PI\Contratacao de pequeno valor (75, I)\Lei-14133-Lista-de-Verificacao-Contratacao-Direta-Pequeno-Valor-Obras-DOE.md","C:\Users\thiagonogueira\Dev\base-conhecimento-licitacoes\SIte_PGE_PI\Contratacao de pequeno valor (75, I)\Lei-14133-Lista-de-Verificacao-Contratacao-Direta-Pequeno-Valor-Obras-DOE.md"
IGNORADO_JA_EXISTE,md,"C:\Users\thiagonogueira\OneDrive - mppi.mp.br\CLC\01_Processos_e_Aquisicoes\Base de Conhecimento - Thiago\SIte_PGE_PI\Contratacao de pequeno valor (75, I)\Lei-14133-Lista-de-Verificacao-Contratacao-Direta-Pequeno-Valor-Obras.md","C:\Users\thiagonogueira\Dev\base-conhecimento-licitacoes\SIte_PGE_PI\Contratacao de pequeno valor (75, I)\Lei-14133-Lista-de-Verificacao-Contratacao-Direta-Pequeno-Valor-Obras.md"
IGNORADO_JA_EXISTE,md,"C:\Users\thiagonogueira\OneDrive - mppi.mp.br\CLC\01_Processos_e_Aquisicoes\Base de Conhecimento - Thiago\SIte_PGE_PI\Contratacao de pequeno valor (75, II)\Lei-14133-Lista-de-Verificacao-Direta-Pequeno-Valor-Servicos-e-Compras-DOE.md","C:\Users\thiagonogueira\Dev\base-conhecimento-licitacoes\SIte_PGE_PI\Contratacao de pequeno valor (75, II)\Lei-14133-Lista-de-Verificacao-Direta-Pequeno-Valor-Servicos-e-Compras-DOE.md"
IGNORADO_JA_EXISTE,md,"C:\Users\thiagonogueira\OneDrive - mppi.mp.br\CLC\01_Processos_e_Aquisicoes\Base de Conhecimento - Thiago\SIte_PGE_PI\Contratacao de pequeno valor (75, II)\Lei-14133-Lista-de-Verificacao-Direta-Pequeno-Valor-Servicos-e-Compras.md","C:\Users\thiagonogueira\Dev\base-conhecimento-licitacoes\SIte_PGE_PI\Contratacao de pequeno valor (75, II)\Lei-14133-Lista-de-Verificacao-Direta-Pequeno-Valor-Servicos-e-Compras.md"
IGNORADO_JA_EXISTE,md,"C:\Users\thiagonogueira\OneDrive - mppi.mp.br\CLC\01_Processos_e_Aquisicoes\Base de Conhecimento - Thiago\SIte_PGE_PI\Contratacao de pequeno valor - 75, I\Lei-14133-Lista-de-Verificacao-Contratacao-Direta-Pequeno-Valor-Servicos-Comuns-de-Engenharia(1).md","C:\Users\thiagonogueira\Dev\base-conhecimento-licitacoes\SIte_PGE_PI\Contratacao de pequeno valor - 75, I\Lei-14133-Lista-de-Verificacao-Contratacao-Direta-Pequeno-Valor-Servicos-Comuns-de-Engenharia(1).md"
IGNORADO_JA_EXISTE,md,"C:\Users\thiagonogueira\OneDrive - mppi.mp.br\CLC\01_Processos_e_Aquisicoes\Base de Conhecimento - Thiago\SIte_PGE_PI\Contratacao de pequeno valor - 75, I\Lei-14133-Lista-de-Verificacao-Contratacao-Direta-Pequeno-Valor-Servicos-Comuns-de-Engenharia-DOE(1).md","C:\Users\thiagonogueira\Dev\base-conhecimento-licitacoes\SIte_PGE_PI\Contratacao de pequeno valor - 75, I\Lei-14133-Lista-de-Verificacao-Contratacao-Direta-Pequeno-Valor-Servicos-Comuns-de-Engenharia-DOE(1).md"
IGNORADO_JA_EXISTE,md,"C:\Users\thiagonogueira\OneDrive - mppi.mp.br\CLC\01_Processos_e_Aquisicoes\Base de Conhecimento - Thiago\SIte_PGE_PI\Contratacao de pequeno valor - 75, I\Lei-14133-Lista-de-Verificacao-Contratacao-Direta-Pequeno-Valor-Servicos-Comuns-de-Engenharia-DOE.md","C:\Users\thiagonogueira\Dev\base-conhecimento-licitacoes\SIte_PGE_PI\Contratacao de pequeno valor - 75, I\Lei-14133-Lista-de-Verificacao-Contratacao-Direta-Pequeno-Valor-Servicos-Comuns-de-Engenharia-DOE.md"
IGNORADO_JA_EXISTE,md,"C:\Users\thiagonogueira\OneDrive - mppi.mp.br\CLC\01_Processos_e_Aquisicoes\Base de Conhecimento - Thiago\SIte_PGE_PI\Contratacao de pequeno valor - 75, I\Lei-14133-Lista-de-Verificacao-Contratacao-Direta-Pequeno-Valor-Servicos-Comuns-de-Engenharia.md","C:\Users\thiagonogueira\Dev\base-conhecimento-licitacoes\SIte_PGE_PI\Contratacao de pequeno valor - 75, I\Lei-14133-Lista-de-Verificacao-Contratacao-Direta-Pequeno-Valor-Servicos-Comuns-de-Engenharia.md"
IGNORADO_JA_EXISTE,md,C:\Users\thiagonogueira\OneDrive - mppi.mp.br\CLC\01_Processos_e_Aquisicoes\Base de Conhecimento - Thiago\SIte_PGE_PI\Lista de Verificação - Alteração Quantitativa\Lei-14133-Lista-de-Verificacao-Alteracao-Quantitativa-DOE.md,C:\Users\thiagonogueira\Dev\base-conhecimento-licitacoes\SIte_PGE_PI\Lista de Verificação - Alteração Quantitativa\Lei-14133-Lista-de-Verificacao-Alteracao-Quantitativa-DOE.md
IGNORADO_JA_EXISTE,md,C:\Users\thiagonogueira\OneDrive - mppi.mp.br\CLC\01_Processos_e_Aquisicoes\Base de Conhecimento - Thiago\SIte_PGE_PI\Lista de Verificação - Alteração Quantitativa\Lei-14133-Lista-de-Verificacao-Alteracao-Quantitativa.md,C:\Users\thiagonogueira\Dev\base-conhecimento-licitacoes\SIte_PGE_PI\Lista de Verificação - Alteração Quantitativa\Lei-14133-Lista-de-Verificacao-Alteracao-Quantitativa.md
IGNORADO_JA_EXISTE,md,C:\Users\thiagonogueira\OneDrive - mppi.mp.br\CLC\01_Processos_e_Aquisicoes\Base de Conhecimento - Thiago\SIte_PGE_PI\Lista de Verificação - Contratação Direta - Obras\Lei-14133-Lista-de-Verificacao-Contratacao-Direta-Obras-DOE.md,C:\Users\thiagonogueira\Dev\base-conhecimento-licitacoes\SIte_PGE_PI\Lista de Verificação - Contratação Direta - Obras\Lei-14133-Lista-de-Verificacao-Contratacao-Direta-Obras-DOE.md
IGNORADO_JA_EXISTE,md,C:\Users\thiagonogueira\OneDrive - mppi.mp.br\CLC\01_Processos_e_Aquisicoes\Base de Conhecimento - Thiago\SIte_PGE_PI\Lista de Verificação - Contratação Direta - Obras\Lei-14133-Lista-de-Verificacao-Contratacao-Direta-Obras.md,C:\Users\thiagonogueira\Dev\base-conhecimento-licitacoes\SIte_PGE_PI\Lista de Verificação - Contratação Direta - Obras\Lei-14133-Lista-de-Verificacao-Contratacao-Direta-Obras.md
IGNORADO_JA_EXISTE,md,C:\Users\thiagonogueira\OneDrive - mppi.mp.br\CLC\01_Processos_e_Aquisicoes\Base de Conhecimento - Thiago\SIte_PGE_PI\Lista de Verificação - Contratação Direta - Serviços ou Compras\Lei-14133-Lista-de-Verificacao-Contratacao-Direta-Servicos-ou-Compras-DOE.md,C:\Users\thiagonogueira\Dev\base-conhecimento-licitacoes\SIte_PGE_PI\Lista de Verificação - Contratação Direta - Serviços ou Compras\Lei-14133-Lista-de-Verificacao-Contratacao-Direta-Servicos-ou-Compras-DOE.md
IGNORADO_JA_EXISTE,md,C:\Users\thiagonogueira\OneDrive - mppi.mp.br\CLC\01_Processos_e_Aquisicoes\Base de Conhecimento - Thiago\SIte_PGE_PI\Lista de Verificação - Contratação Direta - Serviços ou Compras\Lei-14133-Lista-de-Verificacao-Contratacao-Direta-Servicos-ou-Compras.md,C:\Users\thiagonogueira\Dev\base-conhecimento-licitacoes\SIte_PGE_PI\Lista de Verificação - Contratação Direta - Serviços ou Compras\Lei-14133-Lista-de-Verificacao-Contratacao-Direta-Servicos-ou-Compras.md
IGNORADO_JA_EXISTE,md,C:\Users\thiagonogueira\OneDrive - mppi.mp.br\CLC\01_Processos_e_Aquisicoes\Base de Conhecimento - Thiago\SIte_PGE_PI\Lista de Verificação - Reajuste - Decreto Estadual 22737-2024\Lei-14133-Lista-de-Verificacao-Reajuste-DOE.md,C:\Users\thiagonogueira\Dev\base-conhecimento-licitacoes\SIte_PGE_PI\Lista de Verificação - Reajuste - Decreto Estadual 22737-2024\Lei-14133-Lista-de-Verificacao-Reajuste-DOE.md
IGNORADO_JA_EXISTE,md,C:\Users\thiagonogueira\OneDrive - mppi.mp.br\CLC\01_Processos_e_Aquisicoes\Base de Conhecimento - Thiago\SIte_PGE_PI\Lista de Verificação - Reajuste - Decreto Estadual 22737-2024\Lei-14133-Lista-de-Verificacao-Reajuste.md,C:\Users\thiagonogueira\Dev\base-conhecimento-licitacoes\SIte_PGE_PI\Lista de Verificação - Reajuste - Decreto Estadual 22737-2024\Lei-14133-Lista-de-Verificacao-Reajuste.md
IGNORADO_JA_EXISTE,md,C:\Users\thiagonogueira\OneDrive - mppi.mp.br\CLC\01_Processos_e_Aquisicoes\Base de Conhecimento - Thiago\SIte_PGE_PI\Lista de Verificação - Repactuação\Lei-14133-Lista-de-Verificacao-Repactuacao-DOE.md,C:\Users\thiagonogueira\Dev\base-conhecimento-licitacoes\SIte_PGE_PI\Lista de Verificação - Repactuação\Lei-14133-Lista-de-Verificacao-Repactuacao-DOE.md
IGNORADO_JA_EXISTE,md,C:\Users\thiagonogueira\OneDrive - mppi.mp.br\CLC\01_Processos_e_Aquisicoes\Base de Conhecimento - Thiago\SIte_PGE_PI\Lista de Verificação - Repactuação\Lei-14133-Lista-de-Verificacao-Repactuacao.md,C:\Users\thiagonogueira\Dev\base-conhecimento-licitacoes\SIte_PGE_PI\Lista de Verificação - Repactuação\Lei-14133-Lista-de-Verificacao-Repactuacao.md
IGNORADO_JA_EXISTE,md,C:\Users\thiagonogueira\OneDrive - mppi.mp.br\CLC\01_Processos_e_Aquisicoes\Base de Conhecimento - Thiago\SIte_PGE_PI\Lista de Verificação - Revisão-Realinhamento\Lei-14133-Lista-de-Verificacao-Revisao-Realinhamento-DOE.md,C:\Users\thiagonogueira\Dev\base-conhecimento-licitacoes\SIte_PGE_PI\Lista de Verificação - Revisão-Realinhamento\Lei-14133-Lista-de-Verificacao-Revisao-Realinhamento-DOE.md
IGNORADO_JA_EXISTE,md,C:\Users\thiagonogueira\OneDrive - mppi.mp.br\CLC\01_Processos_e_Aquisicoes\Base de Conhecimento - Thiago\SIte_PGE_PI\Lista de Verificação - Revisão-Realinhamento\Lei-14133-Lista-de-Verificacao-Revisao-Realinhamento.md,C:\Users\thiagonogueira\Dev\base-conhecimento-licitacoes\SIte_PGE_PI\Lista de Verificação - Revisão-Realinhamento\Lei-14133-Lista-de-Verificacao-Revisao-Realinhamento.md
IGNORADO_JA_EXISTE,md,C:\Users\thiagonogueira\OneDrive - mppi.mp.br\CLC\01_Processos_e_Aquisicoes\Base de Conhecimento - Thiago\SIte_PGE_PI\Locação de Imóvel - Abril 2024\Contrato_de_Locacao_de_Imovel._Lei_14.133.md,C:\Users\thiagonogueira\Dev\base-conhecimento-licitacoes\SIte_PGE_PI\Locação de Imóvel - Abril 2024\Contrato_de_Locacao_de_Imovel._Lei_14.133.md
IGNORADO_JA_EXISTE,md,C:\Users\thiagonogueira\OneDrive - mppi.mp.br\CLC\01_Processos_e_Aquisicoes\Base de Conhecimento - Thiago\SIte_PGE_PI\Locação de Imóvel - Abril 2024\Lei-14133-Lista-de-Verificacao-Locacao-Imovel.md,C:\Users\thiagonogueira\Dev\base-conhecimento-licitacoes\SIte_PGE_PI\Locação de Imóvel - Abril 2024\Lei-14133-Lista-de-Verificacao-Locacao-Imovel.md
IGNORADO_JA_EXISTE,md,C:\Users\thiagonogueira\OneDrive - mppi.mp.br\CLC\01_Processos_e_Aquisicoes\Base de Conhecimento - Thiago\SIte_PGE_PI\Locação de Imóvel - Abril 2024\Lei-14133-Locacao-Imovel-DOE.md,C:\Users\thiagonogueira\Dev\base-conhecimento-licitacoes\SIte_PGE_PI\Locação de Imóvel - Abril 2024\Lei-14133-Locacao-Imovel-DOE.md
IGNORADO_JA_EXISTE,md,C:\Users\thiagonogueira\OneDrive - mppi.mp.br\CLC\01_Processos_e_Aquisicoes\Base de Conhecimento - Thiago\SIte_PGE_PI\Locação de Imóvel - Abril 2024\Minuta-Padrao-Contrato-de-Locacao-de-Imovel.md,C:\Users\thiagonogueira\Dev\base-conhecimento-licitacoes\SIte_PGE_PI\Locação de Imóvel - Abril 2024\Minuta-Padrao-Contrato-de-Locacao-de-Imovel.md
IGNORADO_JA_EXISTE,md,C:\Users\thiagonogueira\OneDrive - mppi.mp.br\CLC\01_Processos_e_Aquisicoes\Base de Conhecimento - Thiago\SIte_PGE_PI\LV - Contratação Direta - Serv Comuns Eng\Lista-de-Verificacao-Contratacao-Direta-Servicos-Comuns-de-Engenharia-DOE.md,C:\Users\thiagonogueira\Dev\base-conhecimento-licitacoes\SIte_PGE_PI\LV - Contratação Direta - Serv Comuns Eng\Lista-de-Verificacao-Contratacao-Direta-Servicos-Comuns-de-Engenharia-DOE.md
IGNORADO_JA_EXISTE,md,C:\Users\thiagonogueira\OneDrive - mppi.mp.br\CLC\01_Processos_e_Aquisicoes\Base de Conhecimento - Thiago\SIte_PGE_PI\LV - Contratação Direta - Serv Comuns Eng\Lista-de-Verificacao-Contratacao-Direta-Servicos-Comuns-de-Engenharia.md,C:\Users\thiagonogueira\Dev\base-conhecimento-licitacoes\SIte_PGE_PI\LV - Contratação Direta - Serv Comuns Eng\Lista-de-Verificacao-Contratacao-Direta-Servicos-Comuns-de-Engenharia.md
IGNORADO_JA_EXISTE,md,C:\Users\thiagonogueira\OneDrive - mppi.mp.br\CLC\01_Processos_e_Aquisicoes\Base de Conhecimento - Thiago\SIte_PGE_PI\LV - Prorrogação Contínuos\Lei-14133-Lista-de-Verificacao-Prorrogacao-Servicos-ou-Fornecimentos-Continuos-DOE.md,C:\Users\thiagonogueira\Dev\base-conhecimento-licitacoes\SIte_PGE_PI\LV - Prorrogação Contínuos\Lei-14133-Lista-de-Verificacao-Prorrogacao-Servicos-ou-Fornecimentos-Continuos-DOE.md
IGNORADO_JA_EXISTE,md,C:\Users\thiagonogueira\OneDrive - mppi.mp.br\CLC\01_Processos_e_Aquisicoes\Base de Conhecimento - Thiago\SIte_PGE_PI\LV - Prorrogação Contínuos\Lei-14133-Lista-de-Verificacao-Prorrogacao-Servicos-ou-Fornecimentos-Continuos.md,C:\Users\thiagonogueira\Dev\base-conhecimento-licitacoes\SIte_PGE_PI\LV - Prorrogação Contínuos\Lei-14133-Lista-de-Verificacao-Prorrogacao-Servicos-ou-Fornecimentos-Continuos.md
IGNORADO_JA_EXISTE,md,C:\Users\thiagonogueira\OneDrive - mppi.mp.br\CLC\01_Processos_e_Aquisicoes\Base de Conhecimento - Thiago\SIte_PGE_PI\LV - Prorrogação Não Contínuos\Lei-14133-Lista-de-Verificacao-Prorrogacao-Obras-Servicos-ou-Fornecimentos-nao-continuados-DOE.md,C:\Users\thiagonogueira\Dev\base-conhecimento-licitacoes\SIte_PGE_PI\LV - Prorrogação Não Contínuos\Lei-14133-Lista-de-Verificacao-Prorrogacao-Obras-Servicos-ou-Fornecimentos-nao-continuados-DOE.md
IGNORADO_JA_EXISTE,md,C:\Users\thiagonogueira\OneDrive - mppi.mp.br\CLC\01_Processos_e_Aquisicoes\Base de Conhecimento - Thiago\SIte_PGE_PI\LV - Prorrogação Não Contínuos\Lei-14133-Lista-de-Verificacao-Prorrogacao-Obras-Servicos-ou-Fornecimentos-nao-continuados.md,C:\Users\thiagonogueira\Dev\base-conhecimento-licitacoes\SIte_PGE_PI\LV - Prorrogação Não Contínuos\Lei-14133-Lista-de-Verificacao-Prorrogacao-Obras-Servicos-ou-Fornecimentos-nao-continuados.md
IGNORADO_JA_EXISTE,md,C:\Users\thiagonogueira\OneDrive - mppi.mp.br\CLC\01_Processos_e_Aquisicoes\Base de Conhecimento - Thiago\SIte_PGE_PI\Pregão Eletrônico - Bens e Serviços\01-Lei-14133-Lista-de-Verificacao-Pregao-Eletronico-SEM-SRP-Outubro-2025.md,C:\Users\thiagonogueira\Dev\base-conhecimento-licitacoes\SIte_PGE_PI\Pregão Eletrônico - Bens e Serviços\01-Lei-14133-Lista-de-Verificacao-Pregao-Eletronico-SEM-SRP-Outubro-2025.md
IGNORADO_JA_EXISTE,md,C:\Users\thiagonogueira\OneDrive - mppi.mp.br\CLC\01_Processos_e_Aquisicoes\Base de Conhecimento - Thiago\SIte_PGE_PI\Pregão Eletrônico - Bens e Serviços\02-Lei-14133-Lista-de-Verificacao-Pregao-Eletronico-COM-SRP-Outubro-2025.md,C:\Users\thiagonogueira\Dev\base-conhecimento-licitacoes\SIte_PGE_PI\Pregão Eletrônico - Bens e Serviços\02-Lei-14133-Lista-de-Verificacao-Pregao-Eletronico-COM-SRP-Outubro-2025.md
IGNORADO_JA_EXISTE,md,C:\Users\thiagonogueira\OneDrive - mppi.mp.br\CLC\01_Processos_e_Aquisicoes\Base de Conhecimento - Thiago\SIte_PGE_PI\Pregão Eletrônico - Bens e Serviços\Lista-de-Verificacao-para-Abertura-de-Pregao-Bens-e-Servicos-Comuns-DOE.md,C:\Users\thiagonogueira\Dev\base-conhecimento-licitacoes\SIte_PGE_PI\Pregão Eletrônico - Bens e Serviços\Lista-de-Verificacao-para-Abertura-de-Pregao-Bens-e-Servicos-Comuns-DOE.md
IGNORADO_JA_EXISTE,md,C:\Users\thiagonogueira\OneDrive - mppi.mp.br\CLC\01_Processos_e_Aquisicoes\Base de Conhecimento - Thiago\SIte_PGE_PI\Pregão Eletrônico - Bens e Serviços\Lista-de-Verificacao-para-Abertura-de-Pregao-Registro-de-Precos-DOE.md,C:\Users\thiagonogueira\Dev\base-conhecimento-licitacoes\SIte_PGE_PI\Pregão Eletrônico - Bens e Serviços\Lista-de-Verificacao-para-Abertura-de-Pregao-Registro-de-Precos-DOE.md
IGNORADO_JA_EXISTE,md,C:\Users\thiagonogueira\OneDrive - mppi.mp.br\CLC\01_Processos_e_Aquisicoes\Base de Conhecimento - Thiago\SIte_PGE_PI\Pregão Eletrônico - Serviços Comuns de Engenharia\Lei-14133-Lista-de-Verificacao-Pregao-Eletronico-COM-SRP-Servicos-Comuns-de-Engenharia.md,C:\Users\thiagonogueira\Dev\base-conhecimento-licitacoes\SIte_PGE_PI\Pregão Eletrônico - Serviços Comuns de Engenharia\Lei-14133-Lista-de-Verificacao-Pregao-Eletronico-COM-SRP-Servicos-Comuns-de-Engenharia.md
IGNORADO_JA_EXISTE,md,C:\Users\thiagonogueira\OneDrive - mppi.mp.br\CLC\01_Processos_e_Aquisicoes\Base de Conhecimento - Thiago\SIte_PGE_PI\Pregão Eletrônico - Serviços Comuns de Engenharia\Lei-14133-Lista-de-Verificacao-Pregao-Eletronico-SEM-SRP-Servicos-Comuns-de-Engenharia.md,C:\Users\thiagonogueira\Dev\base-conhecimento-licitacoes\SIte_PGE_PI\Pregão Eletrônico - Serviços Comuns de Engenharia\Lei-14133-Lista-de-Verificacao-Pregao-Eletronico-SEM-SRP-Servicos-Comuns-de-Engenharia.md
IGNORADO_JA_EXISTE,md,C:\Users\thiagonogueira\OneDrive - mppi.mp.br\CLC\01_Processos_e_Aquisicoes\Base de Conhecimento - Thiago\SIte_PGE_PI\Pregão Eletrônico - Serviços Comuns de Engenharia\Lista-de-Verificacao-Pregao-Eletronico-COM-SRP-Servicos-Comuns-de-Engenharia-DOE.md,C:\Users\thiagonogueira\Dev\base-conhecimento-licitacoes\SIte_PGE_PI\Pregão Eletrônico - Serviços Comuns de Engenharia\Lista-de-Verificacao-Pregao-Eletronico-COM-SRP-Servicos-Comuns-de-Engenharia-DOE.md
IGNORADO_JA_EXISTE,md,C:\Users\thiagonogueira\OneDrive - mppi.mp.br\CLC\01_Processos_e_Aquisicoes\Base de Conhecimento - Thiago\SIte_PGE_PI\Pregão Eletrônico - Serviços Comuns de Engenharia\Lista-de-Verificacao-Pregao-Eletronico-SEM-SRP-Servicos-Comuns-de-Engenharia-DOE.md,C:\Users\thiagonogueira\Dev\base-conhecimento-licitacoes\SIte_PGE_PI\Pregão Eletrônico - Serviços Comuns de Engenharia\Lista-de-Verificacao-Pregao-Eletronico-SEM-SRP-Servicos-Comuns-de-Engenharia-DOE.md
IGNORADO_JA_EXISTE,pdf,C:\Users\thiagonogueira\OneDrive - mppi.mp.br\CLC\01_Processos_e_Aquisicoes\Base de Conhecimento - Thiago\01_Normativos_Vigentes\05_TCE_PI\Resolucoes\Resolução TCE-PI 039.2023 - Plano de Contratacoes Anual.pdf,C:\Users\thiagonogueira\Dev\base-conhecimento-licitacoes\01_Normativos_Vigentes\05_TCE_PI\Resolucoes\Resolução TCE-PI 039.2023 - Plano de Contratacoes Anual.pdf
IGNORADO_JA_EXISTE,pdf,C:\Users\thiagonogueira\OneDrive - mppi.mp.br\CLC\01_Processos_e_Aquisicoes\Base de Conhecimento - Thiago\05_Doutrina_e_Biblioteca\Biblioteca_Manuais_e_Cursos\Manuais\TCE-SC – Perguntas e respostas- licitações e contratos (edição 1 - 2025).pdf,C:\Users\thiagonogueira\Dev\base-conhecimento-licitacoes\05_Doutrina_e_Biblioteca\Biblioteca_Manuais_e_Cursos\Manuais\TCE-SC – Perguntas e respostas- licitações e contratos (edição 1 - 2025).pdf
IGNORADO_JA_EXISTE,pdf,C:\Users\thiagonogueira\OneDrive - mppi.mp.br\CLC\01_Processos_e_Aquisicoes\Base de Conhecimento - Thiago\02_Jurisprudencia_e_Orientacoes\Informativos_Julgamentos_TCE_PI\Plen_rio_Virtual_Pleno___Sess_o_Ordin_ria_Virtual_de_10_a_14_de_agosto_de_2026_.pdf,C:\Users\thiagonogueira\Dev\base-conhecimento-licitacoes\02_Jurisprudencia_e_Orientacoes\Informativos_Julgamentos_TCE_PI\Plen_rio_Virtual_Pleno___Sess_o_Ordin_ria_Virtual_de_10_a_14_de_agosto_de_2026_.pdf
IGNORADO_JA_EXISTE,pdf,C:\Users\thiagonogueira\OneDrive - mppi.mp.br\CLC\01_Processos_e_Aquisicoes\Base de Conhecimento - Thiago\02_Jurisprudencia_e_Orientacoes\Informativos_Julgamentos_TCE_PI\Primeira_C_mara_Presencial_1__C_mara___Sess_o_Ordin_ria_Presencial_n__13_de_21_d.pdf,C:\Users\thiagonogueira\Dev\base-conhecimento-licitacoes\02_Jurisprudencia_e_Orientacoes\Informativos_Julgamentos_TCE_PI\Primeira_C_mara_Presencial_1__C_mara___Sess_o_Ordin_ria_Presencial_n__13_de_21_d.pdf
IGNORADO_JA_EXISTE,pdf,C:\Users\thiagonogueira\OneDrive - mppi.mp.br\CLC\01_Processos_e_Aquisicoes\Base de Conhecimento - Thiago\02_Jurisprudencia_e_Orientacoes\Informativos_Julgamentos_TCE_PI\Primeira_C_mara_Presencial_1__C_mara___Sess_o_Ordin_ria_Presencial_n__021_de_16_.pdf,C:\Users\thiagonogueira\Dev\base-conhecimento-licitacoes\02_Jurisprudencia_e_Orientacoes\Informativos_Julgamentos_TCE_PI\Primeira_C_mara_Presencial_1__C_mara___Sess_o_Ordin_ria_Presencial_n__021_de_16_.pdf
IGNORADO_JA_EXISTE,pdf,C:\Users\thiagonogueira\OneDrive - mppi.mp.br\CLC\01_Processos_e_Aquisicoes\Base de Conhecimento - Thiago\02_Jurisprudencia_e_Orientacoes\Informativos_Julgamentos_TCE_PI\Plen_rio_Virtual_Pleno___Sess_o_Ordin_ria_Virtual_de_29_de_junho_a_03_de_julho_d.pdf,C:\Users\thiagonogueira\Dev\base-conhecimento-licitacoes\02_Jurisprudencia_e_Orientacoes\Informativos_Julgamentos_TCE_PI\Plen_rio_Virtual_Pleno___Sess_o_Ordin_ria_Virtual_de_29_de_junho_a_03_de_julho_d.pdf
IGNORADO_JA_EXISTE,pdf,C:\Users\thiagonogueira\OneDrive - mppi.mp.br\CLC\01_Processos_e_Aquisicoes\Base de Conhecimento - Thiago\01_Normativos_Vigentes\02_Estadual_PI\Instrucoes_Normativas\Instrução Normativa Estadual - n00012015 - 2015.pdf,C:\Users\thiagonogueira\Dev\base-conhecimento-licitacoes\01_Normativos_Vigentes\02_Estadual_PI\Instrucoes_Normativas\Instrução Normativa Estadual - n00012015 - 2015.pdf
IGNORADO_JA_EXISTE,pdf,C:\Users\thiagonogueira\OneDrive - mppi.mp.br\CLC\01_Processos_e_Aquisicoes\Base de Conhecimento - Thiago\04_Sistemas_e_Catalogos\Orcamento_LOA_2026\loa-2026-lei-8.914.2025.pdf,C:\Users\thiagonogueira\Dev\base-conhecimento-licitacoes\04_Sistemas_e_Catalogos\Orcamento_LOA_2026\loa-2026-lei-8.914.2025.pdf
IGNORADO_JA_EXISTE,pdf,C:\Users\thiagonogueira\OneDrive - mppi.mp.br\CLC\01_Processos_e_Aquisicoes\Base de Conhecimento - Thiago\02_Jurisprudencia_e_Orientacoes\Informativos_Julgamentos_TCE_PI\Primeira_C_mara_Presencial_1__C_mara___Sess_o_Ordin_ria_Presencial_n__15_de_18_d.pdf,C:\Users\thiagonogueira\Dev\base-conhecimento-licitacoes\02_Jurisprudencia_e_Orientacoes\Informativos_Julgamentos_TCE_PI\Primeira_C_mara_Presencial_1__C_mara___Sess_o_Ordin_ria_Presencial_n__15_de_18_d.pdf
IGNORADO_JA_EXISTE,pdf,C:\Users\thiagonogueira\OneDrive - mppi.mp.br\CLC\01_Processos_e_Aquisicoes\Base de Conhecimento - Thiago\02_Jurisprudencia_e_Orientacoes\Informativos_Julgamentos_TCE_PI\Segunda_C_mara_Presencial_2__C_mara___Sess_o_Ordin_ria_Presencial_n__13_de_05_de.pdf,C:\Users\thiagonogueira\Dev\base-conhecimento-licitacoes\02_Jurisprudencia_e_Orientacoes\Informativos_Julgamentos_TCE_PI\Segunda_C_mara_Presencial_2__C_mara___Sess_o_Ordin_ria_Presencial_n__13_de_05_de.pdf
IGNORADO_JA_EXISTE,pdf,C:\Users\thiagonogueira\OneDrive - mppi.mp.br\CLC\01_Processos_e_Aquisicoes\Base de Conhecimento - Thiago\01_Normativos_Vigentes\06_TJPI\Outros_Normativos\SEI_TJPI - 7123034 - Lista de Verificação SGC.pdf,C:\Users\thiagonogueira\Dev\base-conhecimento-licitacoes\01_Normativos_Vigentes\06_TJPI\Outros_Normativos\SEI_TJPI - 7123034 - Lista de Verificação SGC.pdf
IGNORADO_JA_EXISTE,pdf,C:\Users\thiagonogueira\OneDrive - mppi.mp.br\CLC\01_Processos_e_Aquisicoes\Base de Conhecimento - Thiago\05_Doutrina_e_Biblioteca\Biblioteca_Manuais_e_Cursos\Estudo_Tematico_Agosto_2025____II.pdf,C:\Users\thiagonogueira\Dev\base-conhecimento-licitacoes\05_Doutrina_e_Biblioteca\Biblioteca_Manuais_e_Cursos\Estudo_Tematico_Agosto_2025____II.pdf
IGNORADO_JA_EXISTE,pdf,C:\Users\thiagonogueira\OneDrive - mppi.mp.br\CLC\01_Processos_e_Aquisicoes\Base de Conhecimento - Thiago\01_Normativos_Vigentes\02_Estadual_PI\Decretos\Decreto Estadual - n22.822112024 - 2024.pdf,C:\Users\thiagonogueira\Dev\base-conhecimento-licitacoes\01_Normativos_Vigentes\02_Estadual_PI\Decretos\Decreto Estadual - n22.822112024 - 2024.pdf
IGNORADO_JA_EXISTE,pdf,C:\Users\thiagonogueira\OneDrive - mppi.mp.br\CLC\01_Processos_e_Aquisicoes\Base de Conhecimento - Thiago\01_Normativos_Vigentes\03_MPPI\Atos\Ato PGJMPPI - n1381.0 - 2024.pdf,C:\Users\thiagonogueira\Dev\base-conhecimento-licitacoes\01_Normativos_Vigentes\03_MPPI\Atos\Ato PGJMPPI - n1381.0 - 2024.pdf
IGNORADO_JA_EXISTE,pdf,C:\Users\thiagonogueira\OneDrive - mppi.mp.br\CLC\01_Processos_e_Aquisicoes\Base de Conhecimento - Thiago\SIte_PGE_PI\Pregão Eletrônico - Serviços Comuns de Engenharia\Lista-de-Verificacao-Pregao-Eletronico-COM-SRP-Servicos-Comuns-de-Engenharia-DOE.pdf,C:\Users\thiagonogueira\Dev\base-conhecimento-licitacoes\SIte_PGE_PI\Pregão Eletrônico - Serviços Comuns de Engenharia\Lista-de-Verificacao-Pregao-Eletronico-COM-SRP-Servicos-Comuns-de-Engenharia-DOE.pdf
IGNORADO_JA_EXISTE,pdf,C:\Users\thiagonogueira\OneDrive - mppi.mp.br\CLC\01_Processos_e_Aquisicoes\Base de Conhecimento - Thiago\02_Jurisprudencia_e_Orientacoes\Informativos_Julgamentos_TCE_PI\Primeira_C_mara_Presencial_1__C_mara___Sess_o_Ordin_ria_Presencial_n__17_de_15_d.pdf,C:\Users\thiagonogueira\Dev\base-conhecimento-licitacoes\02_Jurisprudencia_e_Orientacoes\Informativos_Julgamentos_TCE_PI\Primeira_C_mara_Presencial_1__C_mara___Sess_o_Ordin_ria_Presencial_n__17_de_15_d.pdf
IGNORADO_JA_EXISTE,pdf,C:\Users\thiagonogueira\OneDrive - mppi.mp.br\CLC\01_Processos_e_Aquisicoes\Base de Conhecimento - Thiago\01_Normativos_Vigentes\01_Federal\Acordaos_Pareceres_Orientacoes\Federal - Parecer Referencial 00003.2025 CONJUR-EB-CGU-AGU - Inexigibilidade para Cursos e Pos-Graduacao.pdf,C:\Users\thiagonogueira\Dev\base-conhecimento-licitacoes\01_Normativos_Vigentes\01_Federal\Acordaos_Pareceres_Orientacoes\Federal - Parecer Referencial 00003.2025 CONJUR-EB-CGU-AGU - Inexigibilidade para Cursos e Pos-Graduacao.pdf
IGNORADO_JA_EXISTE,pdf,C:\Users\thiagonogueira\OneDrive - mppi.mp.br\CLC\01_Processos_e_Aquisicoes\Base de Conhecimento - Thiago\04_Sistemas_e_Catalogos\Manuais_Sistemas_Oficiais\Banco_de_Precos\Passo a Passo - Cotação Nova e Rápida (Standard).pdf,C:\Users\thiagonogueira\Dev\base-conhecimento-licitacoes\04_Sistemas_e_Catalogos\Manuais_Sistemas_Oficiais\Banco_de_Precos\Passo a Passo - Cotação Nova e Rápida (Standard).pdf
IGNORADO_JA_EXISTE,pdf,C:\Users\thiagonogueira\OneDrive - mppi.mp.br\CLC\01_Processos_e_Aquisicoes\Base de Conhecimento - Thiago\02_Jurisprudencia_e_Orientacoes\Informativos_Julgamentos_TCE_PI\Plen_rio_Presencial_Pleno___Sess_o_Ordin_ria_Presencial_n__07_de_30_de_abril_de_.pdf,C:\Users\thiagonogueira\Dev\base-conhecimento-licitacoes\02_Jurisprudencia_e_Orientacoes\Informativos_Julgamentos_TCE_PI\Plen_rio_Presencial_Pleno___Sess_o_Ordin_ria_Presencial_n__07_de_30_de_abril_de_.pdf
IGNORADO_JA_EXISTE,pdf,C:\Users\thiagonogueira\OneDrive - mppi.mp.br\CLC\01_Processos_e_Aquisicoes\Base de Conhecimento - Thiago\05_Doutrina_e_Biblioteca\Suprimento_de_Fundos\68_Texto_do_artigo_318_2_10_20200915.pdf,C:\Users\thiagonogueira\Dev\base-conhecimento-licitacoes\05_Doutrina_e_Biblioteca\Suprimento_de_Fundos\68_Texto_do_artigo_318_2_10_20200915.pdf
IGNORADO_JA_EXISTE,pdf,C:\Users\thiagonogueira\OneDrive - mppi.mp.br\CLC\01_Processos_e_Aquisicoes\Base de Conhecimento - Thiago\05_Doutrina_e_Biblioteca\Biblioteca_Manuais_e_Cursos\Manuais\Manual - Dispensa Eletrônica - Governo (padrão) (3).pdf,C:\Users\thiagonogueira\Dev\base-conhecimento-licitacoes\05_Doutrina_e_Biblioteca\Biblioteca_Manuais_e_Cursos\Manuais\Manual - Dispensa Eletrônica - Governo (padrão) (3).pdf
IGNORADO_JA_EXISTE,pdf,C:\Users\thiagonogueira\OneDrive - mppi.mp.br\CLC\01_Processos_e_Aquisicoes\Base de Conhecimento - Thiago\SIte_PGE_PI\Concorrencia_Eletronica\Lei-14133-Lista-de-Verificacao-Concorrencia-Eletronica-COM-SRP-Obras-e-Servicos-Especiais-de-Engenharia.pdf,C:\Users\thiagonogueira\Dev\base-conhecimento-licitacoes\SIte_PGE_PI\Concorrencia_Eletronica\Lei-14133-Lista-de-Verificacao-Concorrencia-Eletronica-COM-SRP-Obras-e-Servicos-Especiais-de-Engenharia.pdf
IGNORADO_JA_EXISTE,pdf,C:\Users\thiagonogueira\OneDrive - mppi.mp.br\CLC\01_Processos_e_Aquisicoes\Base de Conhecimento - Thiago\02_Jurisprudencia_e_Orientacoes\Informativos_Julgamentos_TCE_PI\Segunda_C_mara_Presencial_2__C_mara___Sess_o_Ordin_ria_Presencial_n__16_de_16_de.pdf,C:\Users\thiagonogueira\Dev\base-conhecimento-licitacoes\02_Jurisprudencia_e_Orientacoes\Informativos_Julgamentos_TCE_PI\Segunda_C_mara_Presencial_2__C_mara___Sess_o_Ordin_ria_Presencial_n__16_de_16_de.pdf
IGNORADO_JA_EXISTE,pdf,C:\Users\thiagonogueira\OneDrive - mppi.mp.br\CLC\01_Processos_e_Aquisicoes\Base de Conhecimento - Thiago\04_Sistemas_e_Catalogos\Orcamento_LOA_2026\loa-2026-emendas-parlamentares.pdf,C:\Users\thiagonogueira\Dev\base-conhecimento-licitacoes\04_Sistemas_e_Catalogos\Orcamento_LOA_2026\loa-2026-emendas-parlamentares.pdf
IGNORADO_JA_EXISTE,pdf,C:\Users\thiagonogueira\OneDrive - mppi.mp.br\CLC\01_Processos_e_Aquisicoes\Base de Conhecimento - Thiago\02_Jurisprudencia_e_Orientacoes\Informativos_Julgamentos_TCE_PI\Segunda_C_mara_Presencial_Segunda_C_mara___Sess_o_de_Julgamento_Presencial_n__19.pdf,C:\Users\thiagonogueira\Dev\base-conhecimento-licitacoes\02_Jurisprudencia_e_Orientacoes\Informativos_Julgamentos_TCE_PI\Segunda_C_mara_Presencial_Segunda_C_mara___Sess_o_de_Julgamento_Presencial_n__19.pdf
IGNORADO_JA_EXISTE,pdf,C:\Users\thiagonogueira\OneDrive - mppi.mp.br\CLC\01_Processos_e_Aquisicoes\Base de Conhecimento - Thiago\01_Normativos_Vigentes\02_Estadual_PI\Decretos\Decreto Estadual - n22.023262023 - 2023.pdf,C:\Users\thiagonogueira\Dev\base-conhecimento-licitacoes\01_Normativos_Vigentes\02_Estadual_PI\Decretos\Decreto Estadual - n22.023262023 - 2023.pdf
IGNORADO_JA_EXISTE,pdf,C:\Users\thiagonogueira\OneDrive - mppi.mp.br\CLC\01_Processos_e_Aquisicoes\Base de Conhecimento - Thiago\02_Jurisprudencia_e_Orientacoes\Informativos_Julgamentos_TCE_PI\Plen_rio_Presencial_Pleno___Sess_o_Ordin_ria_Presencial_n__01_de_29_de_janeiro_d.pdf,C:\Users\thiagonogueira\Dev\base-conhecimento-licitacoes\02_Jurisprudencia_e_Orientacoes\Informativos_Julgamentos_TCE_PI\Plen_rio_Presencial_Pleno___Sess_o_Ordin_ria_Presencial_n__01_de_29_de_janeiro_d.pdf
IGNORADO_JA_EXISTE,pdf,C:\Users\thiagonogueira\OneDrive - mppi.mp.br\CLC\01_Processos_e_Aquisicoes\Base de Conhecimento - Thiago\SIte_PGE_PI\Lista de Verificação - Reajuste - Decreto Estadual 22737-2024\Lei-14133-Lista-de-Verificacao-Reajuste.pdf,C:\Users\thiagonogueira\Dev\base-conhecimento-licitacoes\SIte_PGE_PI\Lista de Verificação - Reajuste - Decreto Estadual 22737-2024\Lei-14133-Lista-de-Verificacao-Reajuste.pdf
IGNORADO_JA_EXISTE,pdf,C:\Users\thiagonogueira\OneDrive - mppi.mp.br\CLC\01_Processos_e_Aquisicoes\Base de Conhecimento - Thiago\01_Normativos_Vigentes\02_Estadual_PI\Portarias\Portaria Estadual - n0012024. - 2024.pdf,C:\Users\thiagonogueira\Dev\base-conhecimento-licitacoes\01_Normativos_Vigentes\02_Estadual_PI\Portarias\Portaria Estadual - n0012024. - 2024.pdf
IGNORADO_JA_EXISTE,pdf,C:\Users\thiagonogueira\OneDrive - mppi.mp.br\CLC\01_Processos_e_Aquisicoes\Base de Conhecimento - Thiago\02_Jurisprudencia_e_Orientacoes\Informativos_Julgamentos_TCE_PI\Informativo-17-09-2026.pdf,C:\Users\thiagonogueira\Dev\base-conhecimento-licitacoes\02_Jurisprudencia_e_Orientacoes\Informativos_Julgamentos_TCE_PI\Informativo-17-09-2026.pdf
IGNORADO_JA_EXISTE,pdf,C:\Users\thiagonogueira\OneDrive - mppi.mp.br\CLC\01_Processos_e_Aquisicoes\Base de Conhecimento - Thiago\SIte_PGE_PI\Lista de Verificação - Contratação Direta - Obras\Lei-14133-Lista-de-Verificacao-Contratacao-Direta-Obras.pdf,C:\Users\thiagonogueira\Dev\base-conhecimento-licitacoes\SIte_PGE_PI\Lista de Verificação - Contratação Direta - Obras\Lei-14133-Lista-de-Verificacao-Contratacao-Direta-Obras.pdf
IGNORADO_JA_EXISTE,pdf,C:\Users\thiagonogueira\OneDrive - mppi.mp.br\CLC\01_Processos_e_Aquisicoes\Base de Conhecimento - Thiago\05_Doutrina_e_Biblioteca\Biblioteca_Manuais_e_Cursos\Manuais\NOTA TÉCNICA CONJUNTA ATRICON-IRB Nº 01-2026.pdf,C:\Users\thiagonogueira\Dev\base-conhecimento-licitacoes\05_Doutrina_e_Biblioteca\Biblioteca_Manuais_e_Cursos\Manuais\NOTA TÉCNICA CONJUNTA ATRICON-IRB Nº 01-2026.pdf
IGNORADO_JA_EXISTE,pdf,C:\Users\thiagonogueira\OneDrive - mppi.mp.br\CLC\01_Processos_e_Aquisicoes\Base de Conhecimento - Thiago\01_Normativos_Vigentes\03_MPPI\PCA 2026\Relação de Demandas Suspensas e Retidas (184 registros).pdf,C:\Users\thiagonogueira\Dev\base-conhecimento-licitacoes\01_Normativos_Vigentes\03_MPPI\PCA 2026\Relação de Demandas Suspensas e Retidas (184 registros).pdf
IGNORADO_JA_EXISTE,pdf,C:\Users\thiagonogueira\OneDrive - mppi.mp.br\CLC\01_Processos_e_Aquisicoes\Base de Conhecimento - Thiago\SIte_PGE_PI\Lista de Verificação - Repactuação\Lei-14133-Lista-de-Verificacao-Repactuacao.pdf,C:\Users\thiagonogueira\Dev\base-conhecimento-licitacoes\SIte_PGE_PI\Lista de Verificação - Repactuação\Lei-14133-Lista-de-Verificacao-Repactuacao.pdf
IGNORADO_JA_EXISTE,pdf,C:\Users\thiagonogueira\OneDrive - mppi.mp.br\CLC\01_Processos_e_Aquisicoes\Base de Conhecimento - Thiago\01_Normativos_Vigentes\03_MPPI\PCA_2026\PCA 2026.pdf,C:\Users\thiagonogueira\Dev\base-conhecimento-licitacoes\01_Normativos_Vigentes\03_MPPI\PCA_2026\PCA 2026.pdf
IGNORADO_JA_EXISTE,pdf,C:\Users\thiagonogueira\OneDrive - mppi.mp.br\CLC\01_Processos_e_Aquisicoes\Base de Conhecimento - Thiago\05_Doutrina_e_Biblioteca\Biblioteca_Manuais_e_Cursos\Manuais\PARECER n. 00006-2025-GAB-DECOR-CGU-AGU.pdf,C:\Users\thiagonogueira\Dev\base-conhecimento-licitacoes\05_Doutrina_e_Biblioteca\Biblioteca_Manuais_e_Cursos\Manuais\PARECER n. 00006-2025-GAB-DECOR-CGU-AGU.pdf
IGNORADO_JA_EXISTE,pdf,C:\Users\thiagonogueira\OneDrive - mppi.mp.br\CLC\01_Processos_e_Aquisicoes\Base de Conhecimento - Thiago\05_Doutrina_e_Biblioteca\Suprimento_de_Fundos\CUSTO LICITAÇÃO - CONGRESSO UFSC.pdf,C:\Users\thiagonogueira\Dev\base-conhecimento-licitacoes\05_Doutrina_e_Biblioteca\Suprimento_de_Fundos\CUSTO LICITAÇÃO - CONGRESSO UFSC.pdf
IGNORADO_JA_EXISTE,pdf,C:\Users\thiagonogueira\OneDrive - mppi.mp.br\CLC\01_Processos_e_Aquisicoes\Base de Conhecimento - Thiago\02_Jurisprudencia_e_Orientacoes\Informativos_Julgamentos_TCE_PI\Segunda_C_mara_Presencial_2__C_mara___Sess_o_Ordin_ria_Presencial_n__10_de_24_de.pdf,C:\Users\thiagonogueira\Dev\base-conhecimento-licitacoes\02_Jurisprudencia_e_Orientacoes\Informativos_Julgamentos_TCE_PI\Segunda_C_mara_Presencial_2__C_mara___Sess_o_Ordin_ria_Presencial_n__10_de_24_de.pdf
IGNORADO_JA_EXISTE,pdf,C:\Users\thiagonogueira\OneDrive - mppi.mp.br\CLC\01_Processos_e_Aquisicoes\Base de Conhecimento - Thiago\04_Sistemas_e_Catalogos\Manuais_Sistemas_Oficiais\Compras.gov.br – Tutorial de como copiar e compartilhar cotações  no Pesquisa de Preço.pdf,C:\Users\thiagonogueira\Dev\base-conhecimento-licitacoes\04_Sistemas_e_Catalogos\Manuais_Sistemas_Oficiais\Compras.gov.br – Tutorial de como copiar e compartilhar cotações  no Pesquisa de Preço.pdf
IGNORADO_JA_EXISTE,pdf,"C:\Users\thiagonogueira\OneDrive - mppi.mp.br\CLC\01_Processos_e_Aquisicoes\Base de Conhecimento - Thiago\05_Doutrina_e_Biblioteca\Biblioteca_Manuais_e_Cursos\Manuais\PORTARIA SEGES_ME Nº 8.678, DE 19 DE JULHO DE 2021 — Portal de Compras do Governo Federal.pdf","C:\Users\thiagonogueira\Dev\base-conhecimento-licitacoes\05_Doutrina_e_Biblioteca\Biblioteca_Manuais_e_Cursos\Manuais\PORTARIA SEGES_ME Nº 8.678, DE 19 DE JULHO DE 2021 — Portal de Compras do Governo Federal.pdf"
IGNORADO_JA_EXISTE,pdf,C:\Users\thiagonogueira\OneDrive - mppi.mp.br\CLC\01_Processos_e_Aquisicoes\Base de Conhecimento - Thiago\02_Jurisprudencia_e_Orientacoes\Informativos_Julgamentos_TCE_PI\Plen_rio_Presencial_Pleno___Sess_o_Ordin_ria_Presencial_n__011_de_25_de_junho_de.pdf,C:\Users\thiagonogueira\Dev\base-conhecimento-licitacoes\02_Jurisprudencia_e_Orientacoes\Informativos_Julgamentos_TCE_PI\Plen_rio_Presencial_Pleno___Sess_o_Ordin_ria_Presencial_n__011_de_25_de_junho_de.pdf
IGNORADO_JA_EXISTE,pdf,C:\Users\thiagonogueira\OneDrive - mppi.mp.br\CLC\01_Processos_e_Aquisicoes\Base de Conhecimento - Thiago\05_Doutrina_e_Biblioteca\Biblioteca_Manuais_e_Cursos\Manual - Manual de Planejamento da Contratação-SEMA_PMT-2023.pdf,C:\Users\thiagonogueira\Dev\base-conhecimento-licitacoes\05_Doutrina_e_Biblioteca\Biblioteca_Manuais_e_Cursos\Manual - Manual de Planejamento da Contratação-SEMA_PMT-2023.pdf
IGNORADO_JA_EXISTE,pdf,C:\Users\thiagonogueira\OneDrive - mppi.mp.br\CLC\01_Processos_e_Aquisicoes\Base de Conhecimento - Thiago\04_Sistemas_e_Catalogos\Orcamento_LOA_2026\loa-2026-anexo-iii-despesa.pdf,C:\Users\thiagonogueira\Dev\base-conhecimento-licitacoes\04_Sistemas_e_Catalogos\Orcamento_LOA_2026\loa-2026-anexo-iii-despesa.pdf
IGNORADO_JA_EXISTE,pdf,C:\Users\thiagonogueira\OneDrive - mppi.mp.br\CLC\01_Processos_e_Aquisicoes\Base de Conhecimento - Thiago\SIte_PGE_PI\Lista de Verificação - Reajuste - Decreto Estadual 22737-2024\Lei-14133-Lista-de-Verificacao-Reajuste-DOE.pdf,C:\Users\thiagonogueira\Dev\base-conhecimento-licitacoes\SIte_PGE_PI\Lista de Verificação - Reajuste - Decreto Estadual 22737-2024\Lei-14133-Lista-de-Verificacao-Reajuste-DOE.pdf
IGNORADO_JA_EXISTE,pdf,C:\Users\thiagonogueira\OneDrive - mppi.mp.br\CLC\01_Processos_e_Aquisicoes\Base de Conhecimento - Thiago\05_Doutrina_e_Biblioteca\Biblioteca_Manuais_e_Cursos\Manual-do-Portal-da-Transparncia---5-Edio_Final.pdf,C:\Users\thiagonogueira\Dev\base-conhecimento-licitacoes\05_Doutrina_e_Biblioteca\Biblioteca_Manuais_e_Cursos\Manual-do-Portal-da-Transparncia---5-Edio_Final.pdf
IGNORADO_JA_EXISTE,pdf,C:\Users\thiagonogueira\OneDrive - mppi.mp.br\CLC\01_Processos_e_Aquisicoes\Base de Conhecimento - Thiago\05_Doutrina_e_Biblioteca\Suprimento_de_Fundos\MANUAL-DE-ADIANTAMENTO-DO-MP-BA_3a-Edicao_Junho2022.pdf,C:\Users\thiagonogueira\Dev\base-conhecimento-licitacoes\05_Doutrina_e_Biblioteca\Suprimento_de_Fundos\MANUAL-DE-ADIANTAMENTO-DO-MP-BA_3a-Edicao_Junho2022.pdf
IGNORADO_JA_EXISTE,pdf,C:\Users\thiagonogueira\OneDrive - mppi.mp.br\CLC\01_Processos_e_Aquisicoes\Base de Conhecimento - Thiago\05_Doutrina_e_Biblioteca\Biblioteca_Manuais_e_Cursos\Curso_Imersao_Contratacoes_Diretas\2.2 - Na_pratica_III_profa_manuela.pdf,C:\Users\thiagonogueira\Dev\base-conhecimento-licitacoes\05_Doutrina_e_Biblioteca\Biblioteca_Manuais_e_Cursos\Curso_Imersao_Contratacoes_Diretas\2.2 - Na_pratica_III_profa_manuela.pdf
IGNORADO_JA_EXISTE,pdf,C:\Users\thiagonogueira\OneDrive - mppi.mp.br\CLC\01_Processos_e_Aquisicoes\Base de Conhecimento - Thiago\01_Normativos_Vigentes\03_MPPI\Portarias\Portaria PGJMPPI - n870.0 - 2025.pdf,C:\Users\thiagonogueira\Dev\base-conhecimento-licitacoes\01_Normativos_Vigentes\03_MPPI\Portarias\Portaria PGJMPPI - n870.0 - 2025.pdf
IGNORADO_JA_EXISTE,pdf,C:\Users\thiagonogueira\OneDrive - mppi.mp.br\CLC\01_Processos_e_Aquisicoes\Base de Conhecimento - Thiago\05_Doutrina_e_Biblioteca\Biblioteca_Manuais_e_Cursos\Manuais\TCE-RS – Conclusões Técnicas da Comissão de Estudos da Nova Lei de Licitações e Contratos para a Fiscalização.pdf,C:\Users\thiagonogueira\Dev\base-conhecimento-licitacoes\05_Doutrina_e_Biblioteca\Biblioteca_Manuais_e_Cursos\Manuais\TCE-RS – Conclusões Técnicas da Comissão de Estudos da Nova Lei de Licitações e Contratos para a Fiscalização.pdf
IGNORADO_JA_EXISTE,pdf,C:\Users\thiagonogueira\OneDrive - mppi.mp.br\CLC\01_Processos_e_Aquisicoes\Base de Conhecimento - Thiago\01_Normativos_Vigentes\02_Estadual_PI\Decretos\Decreto Estadual - n21.813092023 - 2023.pdf,C:\Users\thiagonogueira\Dev\base-conhecimento-licitacoes\01_Normativos_Vigentes\02_Estadual_PI\Decretos\Decreto Estadual - n21.813092023 - 2023.pdf
IGNORADO_JA_EXISTE,pdf,C:\Users\thiagonogueira\OneDrive - mppi.mp.br\CLC\01_Processos_e_Aquisicoes\Base de Conhecimento - Thiago\05_Doutrina_e_Biblioteca\Biblioteca_Manuais_e_Cursos\Pesquisa de Preços Nas contratações Publicas 3.pdf,C:\Users\thiagonogueira\Dev\base-conhecimento-licitacoes\05_Doutrina_e_Biblioteca\Biblioteca_Manuais_e_Cursos\Pesquisa de Preços Nas contratações Publicas 3.pdf
IGNORADO_JA_EXISTE,pdf,C:\Users\thiagonogueira\OneDrive - mppi.mp.br\CLC\01_Processos_e_Aquisicoes\Base de Conhecimento - Thiago\04_Sistemas_e_Catalogos\Manuais_Sistemas_Oficiais\Banco_de_Precos\Passo a Passo - Como Convidar Fornecedores + LOG + TR.pdf,C:\Users\thiagonogueira\Dev\base-conhecimento-licitacoes\04_Sistemas_e_Catalogos\Manuais_Sistemas_Oficiais\Banco_de_Precos\Passo a Passo - Como Convidar Fornecedores + LOG + TR.pdf
IGNORADO_JA_EXISTE,pdf,C:\Users\thiagonogueira\OneDrive - mppi.mp.br\CLC\01_Processos_e_Aquisicoes\Base de Conhecimento - Thiago\02_Jurisprudencia_e_Orientacoes\Informativos_Julgamentos_TCE_PI\Primeira_C_mara_Presencial_1__C_mara___Sess_o_de_Julgamento_Presencial_n__019_de.pdf,C:\Users\thiagonogueira\Dev\base-conhecimento-licitacoes\02_Jurisprudencia_e_Orientacoes\Informativos_Julgamentos_TCE_PI\Primeira_C_mara_Presencial_1__C_mara___Sess_o_de_Julgamento_Presencial_n__019_de.pdf
IGNORADO_JA_EXISTE,pdf,C:\Users\thiagonogueira\OneDrive - mppi.mp.br\CLC\01_Processos_e_Aquisicoes\Base de Conhecimento - Thiago\05_Doutrina_e_Biblioteca\Biblioteca_Manuais_e_Cursos\PARECER Nº 00004-2024-CGEST-CGU-AGU.pdf,C:\Users\thiagonogueira\Dev\base-conhecimento-licitacoes\05_Doutrina_e_Biblioteca\Biblioteca_Manuais_e_Cursos\PARECER Nº 00004-2024-CGEST-CGU-AGU.pdf
IGNORADO_JA_EXISTE,pdf,C:\Users\thiagonogueira\OneDrive - mppi.mp.br\CLC\01_Processos_e_Aquisicoes\Base de Conhecimento - Thiago\05_Doutrina_e_Biblioteca\Biblioteca_Manuais_e_Cursos\manual-contratos-gov-br-nova-versao.pdf,C:\Users\thiagonogueira\Dev\base-conhecimento-licitacoes\05_Doutrina_e_Biblioteca\Biblioteca_Manuais_e_Cursos\manual-contratos-gov-br-nova-versao.pdf
IGNORADO_JA_EXISTE,pdf,C:\Users\thiagonogueira\OneDrive - mppi.mp.br\CLC\01_Processos_e_Aquisicoes\Base de Conhecimento - Thiago\06_Paineis_e_Contratos_Historicos\manual-api-compras.pdf,C:\Users\thiagonogueira\Dev\base-conhecimento-licitacoes\06_Paineis_e_Contratos_Historicos\manual-api-compras.pdf
IGNORADO_JA_EXISTE,pdf,C:\Users\thiagonogueira\OneDrive - mppi.mp.br\CLC\01_Processos_e_Aquisicoes\Base de Conhecimento - Thiago\02_Jurisprudencia_e_Orientacoes\Informativos_Julgamentos_TCE_PI\Segunda_C_mara_Virtual_2__C_mara___Sess_o_Ordin_ria_Virtual_de_13_a_17_de_julho_.pdf,C:\Users\thiagonogueira\Dev\base-conhecimento-licitacoes\02_Jurisprudencia_e_Orientacoes\Informativos_Julgamentos_TCE_PI\Segunda_C_mara_Virtual_2__C_mara___Sess_o_Ordin_ria_Virtual_de_13_a_17_de_julho_.pdf
IGNORADO_JA_EXISTE,pdf,C:\Users\thiagonogueira\OneDrive - mppi.mp.br\CLC\01_Processos_e_Aquisicoes\Base de Conhecimento - Thiago\02_Jurisprudencia_e_Orientacoes\Informativos_Julgamentos_TCE_PI\Segunda_C_mara_Presencial_2__C_mara___Sess_o_Ordin_ria_Presencial_n__07_de_13_de.pdf,C:\Users\thiagonogueira\Dev\base-conhecimento-licitacoes\02_Jurisprudencia_e_Orientacoes\Informativos_Julgamentos_TCE_PI\Segunda_C_mara_Presencial_2__C_mara___Sess_o_Ordin_ria_Presencial_n__07_de_13_de.pdf
IGNORADO_JA_EXISTE,pdf,C:\Users\thiagonogueira\OneDrive - mppi.mp.br\CLC\01_Processos_e_Aquisicoes\Base de Conhecimento - Thiago\Manual completo - Concorrências Presenciais Lei 12.232_2010 - Novo DC.pdf,C:\Users\thiagonogueira\Dev\base-conhecimento-licitacoes\Manual completo - Concorrências Presenciais Lei 12.232_2010 - Novo DC.pdf
IGNORADO_JA_EXISTE,pdf,C:\Users\thiagonogueira\OneDrive - mppi.mp.br\CLC\01_Processos_e_Aquisicoes\Base de Conhecimento - Thiago\05_Doutrina_e_Biblioteca\Biblioteca_Manuais_e_Cursos\Manuais\TCU - Edital 001.2024 - Licitação Especial para Contratação de Solução Inovadora.pdf,C:\Users\thiagonogueira\Dev\base-conhecimento-licitacoes\05_Doutrina_e_Biblioteca\Biblioteca_Manuais_e_Cursos\Manuais\TCU - Edital 001.2024 - Licitação Especial para Contratação de Solução Inovadora.pdf
IGNORADO_JA_EXISTE,pdf,C:\Users\thiagonogueira\OneDrive - mppi.mp.br\CLC\01_Processos_e_Aquisicoes\Base de Conhecimento - Thiago\01_Normativos_Vigentes\01_Federal\Leis\Federal - Lei Complementar 101.2000 - Lei de Responsabilidade Fiscal.pdf,C:\Users\thiagonogueira\Dev\base-conhecimento-licitacoes\01_Normativos_Vigentes\01_Federal\Leis\Federal - Lei Complementar 101.2000 - Lei de Responsabilidade Fiscal.pdf
IGNORADO_JA_EXISTE,pdf,C:\Users\thiagonogueira\OneDrive - mppi.mp.br\CLC\01_Processos_e_Aquisicoes\Base de Conhecimento - Thiago\05_Doutrina_e_Biblioteca\Biblioteca_Manuais_e_Cursos\Curso_Imersao_Contratacoes_Diretas\Informativo Decisões – Nova Lei.pdf,C:\Users\thiagonogueira\Dev\base-conhecimento-licitacoes\05_Doutrina_e_Biblioteca\Biblioteca_Manuais_e_Cursos\Curso_Imersao_Contratacoes_Diretas\Informativo Decisões – Nova Lei.pdf
IGNORADO_JA_EXISTE,pdf,C:\Users\thiagonogueira\OneDrive - mppi.mp.br\CLC\01_Processos_e_Aquisicoes\Base de Conhecimento - Thiago\02_Jurisprudencia_e_Orientacoes\Informativos_Julgamentos_TCE_PI\Primeira_C_mara_Virtual_1__C_mara___Sess_o_Ordin_ria_Virtual_de_08_a_11_de_setem.pdf,C:\Users\thiagonogueira\Dev\base-conhecimento-licitacoes\02_Jurisprudencia_e_Orientacoes\Informativos_Julgamentos_TCE_PI\Primeira_C_mara_Virtual_1__C_mara___Sess_o_Ordin_ria_Virtual_de_08_a_11_de_setem.pdf
IGNORADO_JA_EXISTE,pdf,C:\Users\thiagonogueira\OneDrive - mppi.mp.br\CLC\01_Processos_e_Aquisicoes\Base de Conhecimento - Thiago\SIte_PGE_PI\Lista de Verificação - Alteração Quantitativa\Lei-14133-Lista-de-Verificacao-Alteracao-Quantitativa-DOE.pdf,C:\Users\thiagonogueira\Dev\base-conhecimento-licitacoes\SIte_PGE_PI\Lista de Verificação - Alteração Quantitativa\Lei-14133-Lista-de-Verificacao-Alteracao-Quantitativa-DOE.pdf
IGNORADO_JA_EXISTE,pdf,C:\Users\thiagonogueira\OneDrive - mppi.mp.br\CLC\01_Processos_e_Aquisicoes\Base de Conhecimento - Thiago\05_Doutrina_e_Biblioteca\Biblioteca_Manuais_e_Cursos\Manuais\PARECER Nº 00060-2024-DECOR-CGU-AGU (1).pdf,C:\Users\thiagonogueira\Dev\base-conhecimento-licitacoes\05_Doutrina_e_Biblioteca\Biblioteca_Manuais_e_Cursos\Manuais\PARECER Nº 00060-2024-DECOR-CGU-AGU (1).pdf
IGNORADO_JA_EXISTE,pdf,C:\Users\thiagonogueira\OneDrive - mppi.mp.br\CLC\01_Processos_e_Aquisicoes\Base de Conhecimento - Thiago\05_Doutrina_e_Biblioteca\Biblioteca_Manuais_e_Cursos\Manuais\Zênite Fácil.pdf,C:\Users\thiagonogueira\Dev\base-conhecimento-licitacoes\05_Doutrina_e_Biblioteca\Biblioteca_Manuais_e_Cursos\Manuais\Zênite Fácil.pdf
IGNORADO_JA_EXISTE,pdf,C:\Users\thiagonogueira\OneDrive - mppi.mp.br\CLC\01_Processos_e_Aquisicoes\Base de Conhecimento - Thiago\02_Jurisprudencia_e_Orientacoes\Informativos_Julgamentos_TCE_PI\Segunda_C_mara_Presencial_2__C_mara___Sess_o_Ordin_ria_Presencial_n__03_de_25_de.pdf,C:\Users\thiagonogueira\Dev\base-conhecimento-licitacoes\02_Jurisprudencia_e_Orientacoes\Informativos_Julgamentos_TCE_PI\Segunda_C_mara_Presencial_2__C_mara___Sess_o_Ordin_ria_Presencial_n__03_de_25_de.pdf
IGNORADO_JA_EXISTE,pdf,C:\Users\thiagonogueira\OneDrive - mppi.mp.br\CLC\01_Processos_e_Aquisicoes\Base de Conhecimento - Thiago\05_Doutrina_e_Biblioteca\Biblioteca_Manuais_e_Cursos\Manuais\Publicação - ETP - UFJF.pdf,C:\Users\thiagonogueira\Dev\base-conhecimento-licitacoes\05_Doutrina_e_Biblioteca\Biblioteca_Manuais_e_Cursos\Manuais\Publicação - ETP - UFJF.pdf
IGNORADO_JA_EXISTE,pdf,C:\Users\thiagonogueira\OneDrive - mppi.mp.br\CLC\01_Processos_e_Aquisicoes\Base de Conhecimento - Thiago\05_Doutrina_e_Biblioteca\Biblioteca_Manuais_e_Cursos\Manuais\MGIS - Modelo Maturidade de Dado MMD.pdf,C:\Users\thiagonogueira\Dev\base-conhecimento-licitacoes\05_Doutrina_e_Biblioteca\Biblioteca_Manuais_e_Cursos\Manuais\MGIS - Modelo Maturidade de Dado MMD.pdf
IGNORADO_JA_EXISTE,pdf,C:\Users\thiagonogueira\OneDrive - mppi.mp.br\CLC\01_Processos_e_Aquisicoes\Base de Conhecimento - Thiago\SIte_PGE_PI\Lista de Verificação - Repactuação\Lei-14133-Lista-de-Verificacao-Repactuacao-DOE.pdf,C:\Users\thiagonogueira\Dev\base-conhecimento-licitacoes\SIte_PGE_PI\Lista de Verificação - Repactuação\Lei-14133-Lista-de-Verificacao-Repactuacao-DOE.pdf
IGNORADO_JA_EXISTE,pdf,C:\Users\thiagonogueira\OneDrive - mppi.mp.br\CLC\01_Processos_e_Aquisicoes\Base de Conhecimento - Thiago\05_Doutrina_e_Biblioteca\Biblioteca_Manuais_e_Cursos\Manuais\MPBA - Cadastro no Compras Gov - Dispensas e Inex.pdf,C:\Users\thiagonogueira\Dev\base-conhecimento-licitacoes\05_Doutrina_e_Biblioteca\Biblioteca_Manuais_e_Cursos\Manuais\MPBA - Cadastro no Compras Gov - Dispensas e Inex.pdf
IGNORADO_JA_EXISTE,pdf,C:\Users\thiagonogueira\OneDrive - mppi.mp.br\CLC\01_Processos_e_Aquisicoes\Base de Conhecimento - Thiago\05_Doutrina_e_Biblioteca\Biblioteca_Manuais_e_Cursos\Operacionalização do Sistema - Vanessa Ventura.pdf,C:\Users\thiagonogueira\Dev\base-conhecimento-licitacoes\05_Doutrina_e_Biblioteca\Biblioteca_Manuais_e_Cursos\Operacionalização do Sistema - Vanessa Ventura.pdf
IGNORADO_JA_EXISTE,pdf,C:\Users\thiagonogueira\OneDrive - mppi.mp.br\CLC\01_Processos_e_Aquisicoes\Base de Conhecimento - Thiago\01_Normativos_Vigentes\03_MPPI\Portarias\PORTARIA_PGJ_PI_5644_2025_AGENTE_DE_CONTRATACAO.pdf,C:\Users\thiagonogueira\Dev\base-conhecimento-licitacoes\01_Normativos_Vigentes\03_MPPI\Portarias\PORTARIA_PGJ_PI_5644_2025_AGENTE_DE_CONTRATACAO.pdf
IGNORADO_JA_EXISTE,pdf,C:\Users\thiagonogueira\OneDrive - mppi.mp.br\CLC\01_Processos_e_Aquisicoes\Base de Conhecimento - Thiago\05_Doutrina_e_Biblioteca\Biblioteca_Manuais_e_Cursos\Manual TCU - 2016.pdf,C:\Users\thiagonogueira\Dev\base-conhecimento-licitacoes\05_Doutrina_e_Biblioteca\Biblioteca_Manuais_e_Cursos\Manual TCU - 2016.pdf
IGNORADO_JA_EXISTE,pdf,C:\Users\thiagonogueira\OneDrive - mppi.mp.br\CLC\01_Processos_e_Aquisicoes\Base de Conhecimento - Thiago\02_Jurisprudencia_e_Orientacoes\Informativos_Julgamentos_TCE_PI\Plen_rio_Virtual_Pleno___Sess_o_Ordin_ria_Virtual_de_08_a_11_de_setembro_de_2026.pdf,C:\Users\thiagonogueira\Dev\base-conhecimento-licitacoes\02_Jurisprudencia_e_Orientacoes\Informativos_Julgamentos_TCE_PI\Plen_rio_Virtual_Pleno___Sess_o_Ordin_ria_Virtual_de_08_a_11_de_setembro_de_2026.pdf
IGNORADO_JA_EXISTE,pdf,C:\Users\thiagonogueira\OneDrive - mppi.mp.br\CLC\01_Processos_e_Aquisicoes\Base de Conhecimento - Thiago\01_Normativos_Vigentes\02_Estadual_PI\Leis\lei complementar 13.94 - servidores cvis.pdf,C:\Users\thiagonogueira\Dev\base-conhecimento-licitacoes\01_Normativos_Vigentes\02_Estadual_PI\Leis\lei complementar 13.94 - servidores cvis.pdf
IGNORADO_JA_EXISTE,pdf,C:\Users\thiagonogueira\OneDrive - mppi.mp.br\CLC\01_Processos_e_Aquisicoes\Base de Conhecimento - Thiago\02_Jurisprudencia_e_Orientacoes\Informativos_Julgamentos_TCE_PI\Plen_rio_Virtual_Pleno___Sess_o_Ordin_ria_Virtual_de_03_a_07_de_agosto_de_2026_.pdf,C:\Users\thiagonogueira\Dev\base-conhecimento-licitacoes\02_Jurisprudencia_e_Orientacoes\Informativos_Julgamentos_TCE_PI\Plen_rio_Virtual_Pleno___Sess_o_Ordin_ria_Virtual_de_03_a_07_de_agosto_de_2026_.pdf
IGNORADO_JA_EXISTE,pdf,C:\Users\thiagonogueira\OneDrive - mppi.mp.br\CLC\01_Processos_e_Aquisicoes\Base de Conhecimento - Thiago\05_Doutrina_e_Biblioteca\Biblioteca_Manuais_e_Cursos\Manuais\Manual - Dispensa Eletrônica - Governo (padrão).pdf,C:\Users\thiagonogueira\Dev\base-conhecimento-licitacoes\05_Doutrina_e_Biblioteca\Biblioteca_Manuais_e_Cursos\Manuais\Manual - Dispensa Eletrônica - Governo (padrão).pdf
IGNORADO_JA_EXISTE,pdf,C:\Users\thiagonogueira\OneDrive - mppi.mp.br\CLC\01_Processos_e_Aquisicoes\Base de Conhecimento - Thiago\05_Doutrina_e_Biblioteca\Biblioteca_Manuais_e_Cursos\Manuais\PARECER Nº 00019-2024-CNLCA-CGU-AGU.pdf,C:\Users\thiagonogueira\Dev\base-conhecimento-licitacoes\05_Doutrina_e_Biblioteca\Biblioteca_Manuais_e_Cursos\Manuais\PARECER Nº 00019-2024-CNLCA-CGU-AGU.pdf
IGNORADO_JA_EXISTE,pdf,C:\Users\thiagonogueira\OneDrive - mppi.mp.br\CLC\01_Processos_e_Aquisicoes\Base de Conhecimento - Thiago\02_Jurisprudencia_e_Orientacoes\Informativos_Julgamentos_TCE_PI\Primeira_C_mara_Virtual_1__C_mara___Sess_o_Ordin_ria_Virtual_de_20_a_24_de_julho.pdf,C:\Users\thiagonogueira\Dev\base-conhecimento-licitacoes\02_Jurisprudencia_e_Orientacoes\Informativos_Julgamentos_TCE_PI\Primeira_C_mara_Virtual_1__C_mara___Sess_o_Ordin_ria_Virtual_de_20_a_24_de_julho.pdf
IGNORADO_JA_EXISTE,pdf,C:\Users\thiagonogueira\OneDrive - mppi.mp.br\CLC\01_Processos_e_Aquisicoes\Base de Conhecimento - Thiago\04_Sistemas_e_Catalogos\Manuais_Sistemas_Oficiais\Compras.gov.br – Tutorial de como criar matriz de riscos.pdf,C:\Users\thiagonogueira\Dev\base-conhecimento-licitacoes\04_Sistemas_e_Catalogos\Manuais_Sistemas_Oficiais\Compras.gov.br – Tutorial de como criar matriz de riscos.pdf
IGNORADO_JA_EXISTE,pdf,C:\Users\thiagonogueira\OneDrive - mppi.mp.br\CLC\01_Processos_e_Aquisicoes\Base de Conhecimento - Thiago\01_Normativos_Vigentes\03_MPPI\Atos\Ato PGJMPPI - n1448.0 - 2024.pdf,C:\Users\thiagonogueira\Dev\base-conhecimento-licitacoes\01_Normativos_Vigentes\03_MPPI\Atos\Ato PGJMPPI - n1448.0 - 2024.pdf
IGNORADO_JA_EXISTE,pdf,C:\Users\thiagonogueira\OneDrive - mppi.mp.br\CLC\01_Processos_e_Aquisicoes\Base de Conhecimento - Thiago\05_Doutrina_e_Biblioteca\Biblioteca_Manuais_e_Cursos\Manuais\FLUXOGRAMA ATOS PARA A APLICAÇÃO DE SANÇÕES CONTRATUAIS (1) - Copia.pdf,C:\Users\thiagonogueira\Dev\base-conhecimento-licitacoes\05_Doutrina_e_Biblioteca\Biblioteca_Manuais_e_Cursos\Manuais\FLUXOGRAMA ATOS PARA A APLICAÇÃO DE SANÇÕES CONTRATUAIS (1) - Copia.pdf
IGNORADO_JA_EXISTE,pdf,C:\Users\thiagonogueira\OneDrive - mppi.mp.br\CLC\01_Processos_e_Aquisicoes\Base de Conhecimento - Thiago\02_Jurisprudencia_e_Orientacoes\Informativos_Julgamentos_TCE_PI\Primeira_C_mara_Virtual_1__C_mara___Sess_o_Ordin_ria_Virtual_de_17_a_21_de_agost.pdf,C:\Users\thiagonogueira\Dev\base-conhecimento-licitacoes\02_Jurisprudencia_e_Orientacoes\Informativos_Julgamentos_TCE_PI\Primeira_C_mara_Virtual_1__C_mara___Sess_o_Ordin_ria_Virtual_de_17_a_21_de_agost.pdf
IGNORADO_JA_EXISTE,pdf,C:\Users\thiagonogueira\OneDrive - mppi.mp.br\CLC\01_Processos_e_Aquisicoes\Base de Conhecimento - Thiago\05_Doutrina_e_Biblioteca\Infograficos_Zenite\E-possivel-fazer-dispensa-de-licitacao-sem-disputa_.pdf,C:\Users\thiagonogueira\Dev\base-conhecimento-licitacoes\05_Doutrina_e_Biblioteca\Infograficos_Zenite\E-possivel-fazer-dispensa-de-licitacao-sem-disputa_.pdf
IGNORADO_JA_EXISTE,pdf,C:\Users\thiagonogueira\OneDrive - mppi.mp.br\CLC\01_Processos_e_Aquisicoes\Base de Conhecimento - Thiago\05_Doutrina_e_Biblioteca\Biblioteca_Manuais_e_Cursos\Compras_publicas_para_inovacao_no_Brasil.pdf,C:\Users\thiagonogueira\Dev\base-conhecimento-licitacoes\05_Doutrina_e_Biblioteca\Biblioteca_Manuais_e_Cursos\Compras_publicas_para_inovacao_no_Brasil.pdf
IGNORADO_JA_EXISTE,pdf,C:\Users\thiagonogueira\OneDrive - mppi.mp.br\CLC\01_Processos_e_Aquisicoes\Base de Conhecimento - Thiago\SIte_PGE_PI\Lista de Verificação - Contratação Direta - Serviços ou Compras\Lei-14133-Lista-de-Verificacao-Contratacao-Direta-Servicos-ou-Compras.pdf,C:\Users\thiagonogueira\Dev\base-conhecimento-licitacoes\SIte_PGE_PI\Lista de Verificação - Contratação Direta - Serviços ou Compras\Lei-14133-Lista-de-Verificacao-Contratacao-Direta-Servicos-ou-Compras.pdf
IGNORADO_JA_EXISTE,pdf,C:\Users\thiagonogueira\OneDrive - mppi.mp.br\CLC\01_Processos_e_Aquisicoes\Base de Conhecimento - Thiago\02_Jurisprudencia_e_Orientacoes\Informativos_Julgamentos_TCE_PI\Plen_rio_Virtual_Pleno___Sess_o_Ordin_ria_Virtual_de_21_a_25_de_setembro_de_2026.pdf,C:\Users\thiagonogueira\Dev\base-conhecimento-licitacoes\02_Jurisprudencia_e_Orientacoes\Informativos_Julgamentos_TCE_PI\Plen_rio_Virtual_Pleno___Sess_o_Ordin_ria_Virtual_de_21_a_25_de_setembro_de_2026.pdf
IGNORADO_JA_EXISTE,pdf,C:\Users\thiagonogueira\OneDrive - mppi.mp.br\CLC\01_Processos_e_Aquisicoes\Base de Conhecimento - Thiago\05_Doutrina_e_Biblioteca\Suprimento_de_Fundos\32-Custos de uma licitação - NP.pdf,C:\Users\thiagonogueira\Dev\base-conhecimento-licitacoes\05_Doutrina_e_Biblioteca\Suprimento_de_Fundos\32-Custos de uma licitação - NP.pdf
IGNORADO_JA_EXISTE,pdf,C:\Users\thiagonogueira\OneDrive - mppi.mp.br\CLC\01_Processos_e_Aquisicoes\Base de Conhecimento - Thiago\02_Jurisprudencia_e_Orientacoes\Informativos_Julgamentos_TCE_PI\Primeira_C_mara_Virtual_1__C_mara___Sess_o_Ordin_ria_Virtual_de_22_a_26_de_junho.pdf,C:\Users\thiagonogueira\Dev\base-conhecimento-licitacoes\02_Jurisprudencia_e_Orientacoes\Informativos_Julgamentos_TCE_PI\Primeira_C_mara_Virtual_1__C_mara___Sess_o_Ordin_ria_Virtual_de_22_a_26_de_junho.pdf
IGNORADO_JA_EXISTE,pdf,C:\Users\thiagonogueira\OneDrive - mppi.mp.br\CLC\01_Processos_e_Aquisicoes\Base de Conhecimento - Thiago\02_Jurisprudencia_e_Orientacoes\Informativos_Julgamentos_TCE_PI\Plen_rio_Virtual_Pleno___Sess_o_Ordin_ria_Virtual_de_31_de_agosto_a_04_de_setemb.pdf,C:\Users\thiagonogueira\Dev\base-conhecimento-licitacoes\02_Jurisprudencia_e_Orientacoes\Informativos_Julgamentos_TCE_PI\Plen_rio_Virtual_Pleno___Sess_o_Ordin_ria_Virtual_de_31_de_agosto_a_04_de_setemb.pdf
IGNORADO_JA_EXISTE,pdf,C:\Users\thiagonogueira\OneDrive - mppi.mp.br\CLC\01_Processos_e_Aquisicoes\Base de Conhecimento - Thiago\02_Jurisprudencia_e_Orientacoes\Informativos_Julgamentos_TCE_PI\Segunda_C_mara_Virtual_2__C_mara___Sess_o_Ordin_ria_Virtual_de_08_a_12_de_junho_.pdf,C:\Users\thiagonogueira\Dev\base-conhecimento-licitacoes\02_Jurisprudencia_e_Orientacoes\Informativos_Julgamentos_TCE_PI\Segunda_C_mara_Virtual_2__C_mara___Sess_o_Ordin_ria_Virtual_de_08_a_12_de_junho_.pdf
IGNORADO_JA_EXISTE,pdf,C:\Users\thiagonogueira\OneDrive - mppi.mp.br\CLC\01_Processos_e_Aquisicoes\Base de Conhecimento - Thiago\02_Jurisprudencia_e_Orientacoes\Informativos_Julgamentos_TCE_PI\Segunda_C_mara_Virtual_2__C_mara___Sess_o_Ordin_ria_Virtual_de_20_a_24_de_julho_.pdf,C:\Users\thiagonogueira\Dev\base-conhecimento-licitacoes\02_Jurisprudencia_e_Orientacoes\Informativos_Julgamentos_TCE_PI\Segunda_C_mara_Virtual_2__C_mara___Sess_o_Ordin_ria_Virtual_de_20_a_24_de_julho_.pdf
IGNORADO_JA_EXISTE,pdf,C:\Users\thiagonogueira\OneDrive - mppi.mp.br\CLC\01_Processos_e_Aquisicoes\Base de Conhecimento - Thiago\06_Paineis_e_Contratos_Historicos\SEI_0978996_Ata_de_Registro_de_Precos.pdf,C:\Users\thiagonogueira\Dev\base-conhecimento-licitacoes\06_Paineis_e_Contratos_Historicos\SEI_0978996_Ata_de_Registro_de_Precos.pdf
IGNORADO_JA_EXISTE,pdf,C:\Users\thiagonogueira\OneDrive - mppi.mp.br\CLC\01_Processos_e_Aquisicoes\Base de Conhecimento - Thiago\05_Doutrina_e_Biblioteca\Biblioteca_Manuais_e_Cursos\Manuais\Federal - Caderno de Logistica - Pesquisa de Preços - 2017.pdf,C:\Users\thiagonogueira\Dev\base-conhecimento-licitacoes\05_Doutrina_e_Biblioteca\Biblioteca_Manuais_e_Cursos\Manuais\Federal - Caderno de Logistica - Pesquisa de Preços - 2017.pdf
ORIGEM_NAO_ENCONTRADA,pdf,C:\Users\thiagonogueira\OneDrive - mppi.mp.br\CLC\01_Processos_e_Aquisicoes\Base de Conhecimento - Thiago\02_Jurisprudencia_e_Orientacoes\MJRs_MPPI\MJR n56 - 2025 - Substituição de Marca.pdf,C:\Users\thiagonogueira\Dev\base-conhecimento-licitacoes\02_Jurisprudencia_e_Orientacoes\MJRs_MPPI\MJR n56 - 2025 - Substituição de Marca.pdf
IGNORADO_JA_EXISTE,pdf,C:\Users\thiagonogueira\OneDrive - mppi.mp.br\CLC\01_Processos_e_Aquisicoes\Base de Conhecimento - Thiago\02_Jurisprudencia_e_Orientacoes\Boletins_TCE_PI\merged 2023.pdf,C:\Users\thiagonogueira\Dev\base-conhecimento-licitacoes\02_Jurisprudencia_e_Orientacoes\Boletins_TCE_PI\merged 2023.pdf
IGNORADO_JA_EXISTE,pdf,C:\Users\thiagonogueira\OneDrive - mppi.mp.br\CLC\01_Processos_e_Aquisicoes\Base de Conhecimento - Thiago\05_Doutrina_e_Biblioteca\Biblioteca_Manuais_e_Cursos\Manual do Contratos.gov.br (abr-2026) (V. 1.39.0).pdf,C:\Users\thiagonogueira\Dev\base-conhecimento-licitacoes\05_Doutrina_e_Biblioteca\Biblioteca_Manuais_e_Cursos\Manual do Contratos.gov.br (abr-2026) (V. 1.39.0).pdf
IGNORADO_JA_EXISTE,pdf,C:\Users\thiagonogueira\OneDrive - mppi.mp.br\CLC\01_Processos_e_Aquisicoes\Base de Conhecimento - Thiago\05_Doutrina_e_Biblioteca\Biblioteca_Manuais_e_Cursos\Manuais\E-BOX 03 - ESTUDO TÉCNICO PRELIMINAR TIC.pdf,C:\Users\thiagonogueira\Dev\base-conhecimento-licitacoes\05_Doutrina_e_Biblioteca\Biblioteca_Manuais_e_Cursos\Manuais\E-BOX 03 - ESTUDO TÉCNICO PRELIMINAR TIC.pdf
IGNORADO_JA_EXISTE,pdf,C:\Users\thiagonogueira\OneDrive - mppi.mp.br\CLC\01_Processos_e_Aquisicoes\Base de Conhecimento - Thiago\SIte_PGE_PI\Pregão Eletrônico - Serviços Comuns de Engenharia\Lista-de-Verificacao-Pregao-Eletronico-SEM-SRP-Servicos-Comuns-de-Engenharia-DOE.pdf,C:\Users\thiagonogueira\Dev\base-conhecimento-licitacoes\SIte_PGE_PI\Pregão Eletrônico - Serviços Comuns de Engenharia\Lista-de-Verificacao-Pregao-Eletronico-SEM-SRP-Servicos-Comuns-de-Engenharia-DOE.pdf
IGNORADO_JA_EXISTE,pdf,C:\Users\thiagonogueira\OneDrive - mppi.mp.br\CLC\01_Processos_e_Aquisicoes\Base de Conhecimento - Thiago\01_Normativos_Vigentes\02_Estadual_PI\Instrucoes_Normativas\Instrução Normativa Estadual - n00012021 - 2021.pdf,C:\Users\thiagonogueira\Dev\base-conhecimento-licitacoes\01_Normativos_Vigentes\02_Estadual_PI\Instrucoes_Normativas\Instrução Normativa Estadual - n00012021 - 2021.pdf
IGNORADO_JA_EXISTE,pdf,C:\Users\thiagonogueira\OneDrive - mppi.mp.br\CLC\01_Processos_e_Aquisicoes\Base de Conhecimento - Thiago\05_Doutrina_e_Biblioteca\Biblioteca_Manuais_e_Cursos\TCU – Transição Energética- guia prático de auditoria para instituições superiores de controle.pdf,C:\Users\thiagonogueira\Dev\base-conhecimento-licitacoes\05_Doutrina_e_Biblioteca\Biblioteca_Manuais_e_Cursos\TCU – Transição Energética- guia prático de auditoria para instituições superiores de controle.pdf
IGNORADO_JA_EXISTE,pdf,"C:\Users\thiagonogueira\OneDrive - mppi.mp.br\CLC\01_Processos_e_Aquisicoes\Base de Conhecimento - Thiago\SIte_PGE_PI\Contratacao de pequeno valor (75, II)\Lei-14133-Lista-de-Verificacao-Direta-Pequeno-Valor-Servicos-e-Compras-DOE.pdf","C:\Users\thiagonogueira\Dev\base-conhecimento-licitacoes\SIte_PGE_PI\Contratacao de pequeno valor (75, II)\Lei-14133-Lista-de-Verificacao-Direta-Pequeno-Valor-Servicos-e-Compras-DOE.pdf"
IGNORADO_JA_EXISTE,pdf,C:\Users\thiagonogueira\OneDrive - mppi.mp.br\CLC\01_Processos_e_Aquisicoes\Base de Conhecimento - Thiago\04_Sistemas_e_Catalogos\Orcamento_LOA_2026\loa-2026-anexo-vi-demonstrativo-das-unidades-gestoras.pdf,C:\Users\thiagonogueira\Dev\base-conhecimento-licitacoes\04_Sistemas_e_Catalogos\Orcamento_LOA_2026\loa-2026-anexo-vi-demonstrativo-das-unidades-gestoras.pdf
IGNORADO_JA_EXISTE,pdf,C:\Users\thiagonogueira\OneDrive - mppi.mp.br\CLC\01_Processos_e_Aquisicoes\Base de Conhecimento - Thiago\05_Doutrina_e_Biblioteca\Biblioteca_Manuais_e_Cursos\Manuais\tutorial_dez.25_AlteraodeDocumentoHbilnoSistemaContratosGov.br.pdf,C:\Users\thiagonogueira\Dev\base-conhecimento-licitacoes\05_Doutrina_e_Biblioteca\Biblioteca_Manuais_e_Cursos\Manuais\tutorial_dez.25_AlteraodeDocumentoHbilnoSistemaContratosGov.br.pdf
IGNORADO_JA_EXISTE,pdf,C:\Users\thiagonogueira\OneDrive - mppi.mp.br\CLC\01_Processos_e_Aquisicoes\Base de Conhecimento - Thiago\02_Jurisprudencia_e_Orientacoes\Informativos_Julgamentos_TCE_PI\Segunda_C_mara_Virtual_2__C_mara___Sess_o_Ordin_ria_Virtual_de_08_a_11_de_setemb.pdf,C:\Users\thiagonogueira\Dev\base-conhecimento-licitacoes\02_Jurisprudencia_e_Orientacoes\Informativos_Julgamentos_TCE_PI\Segunda_C_mara_Virtual_2__C_mara___Sess_o_Ordin_ria_Virtual_de_08_a_11_de_setemb.pdf
IGNORADO_JA_EXISTE,pdf,C:\Users\thiagonogueira\OneDrive - mppi.mp.br\CLC\01_Processos_e_Aquisicoes\Base de Conhecimento - Thiago\01_Normativos_Vigentes\03_MPPI\Portarias\Portaria PGJMPPI - n4333.0 - 2024.pdf,C:\Users\thiagonogueira\Dev\base-conhecimento-licitacoes\01_Normativos_Vigentes\03_MPPI\Portarias\Portaria PGJMPPI - n4333.0 - 2024.pdf
IGNORADO_JA_EXISTE,pdf,C:\Users\thiagonogueira\OneDrive - mppi.mp.br\CLC\01_Processos_e_Aquisicoes\Base de Conhecimento - Thiago\01_Normativos_Vigentes\02_Estadual_PI\Decretos\Decreto Estadual - n14.483262011 - 2011.pdf,C:\Users\thiagonogueira\Dev\base-conhecimento-licitacoes\01_Normativos_Vigentes\02_Estadual_PI\Decretos\Decreto Estadual - n14.483262011 - 2011.pdf
IGNORADO_JA_EXISTE,pdf,C:\Users\thiagonogueira\OneDrive - mppi.mp.br\CLC\01_Processos_e_Aquisicoes\Base de Conhecimento - Thiago\05_Doutrina_e_Biblioteca\Suprimento_de_Fundos\RT 12 - Levantamento de custos - consolidação de todos os órgãos.pdf,C:\Users\thiagonogueira\Dev\base-conhecimento-licitacoes\05_Doutrina_e_Biblioteca\Suprimento_de_Fundos\RT 12 - Levantamento de custos - consolidação de todos os órgãos.pdf
IGNORADO_JA_EXISTE,pdf,C:\Users\thiagonogueira\OneDrive - mppi.mp.br\CLC\01_Processos_e_Aquisicoes\Base de Conhecimento - Thiago\05_Doutrina_e_Biblioteca\Biblioteca_Manuais_e_Cursos\Manuais\PARECERn000022022CPLCdosimetriapenalidadecontratual.pdf,C:\Users\thiagonogueira\Dev\base-conhecimento-licitacoes\05_Doutrina_e_Biblioteca\Biblioteca_Manuais_e_Cursos\Manuais\PARECERn000022022CPLCdosimetriapenalidadecontratual.pdf
IGNORADO_JA_EXISTE,pdf,C:\Users\thiagonogueira\OneDrive - mppi.mp.br\CLC\01_Processos_e_Aquisicoes\Base de Conhecimento - Thiago\05_Doutrina_e_Biblioteca\Biblioteca_Manuais_e_Cursos\Manuais\PARECER n. 00004-2025-CNLCA-CGU-AGU.pdf,C:\Users\thiagonogueira\Dev\base-conhecimento-licitacoes\05_Doutrina_e_Biblioteca\Biblioteca_Manuais_e_Cursos\Manuais\PARECER n. 00004-2025-CNLCA-CGU-AGU.pdf
IGNORADO_JA_EXISTE,pdf,C:\Users\thiagonogueira\OneDrive - mppi.mp.br\CLC\01_Processos_e_Aquisicoes\Base de Conhecimento - Thiago\01_Normativos_Vigentes\02_Estadual_PI\Acordaos_Pareceres_Orientacoes\Nota Técnica Estadual - n032020112020 - 2020.pdf,C:\Users\thiagonogueira\Dev\base-conhecimento-licitacoes\01_Normativos_Vigentes\02_Estadual_PI\Acordaos_Pareceres_Orientacoes\Nota Técnica Estadual - n032020112020 - 2020.pdf
IGNORADO_JA_EXISTE,pdf,C:\Users\thiagonogueira\OneDrive - mppi.mp.br\CLC\01_Processos_e_Aquisicoes\Base de Conhecimento - Thiago\01_Normativos_Vigentes\02_Estadual_PI\Decretos\Decreto Estadual - n22.737062024 - 2024.pdf,C:\Users\thiagonogueira\Dev\base-conhecimento-licitacoes\01_Normativos_Vigentes\02_Estadual_PI\Decretos\Decreto Estadual - n22.737062024 - 2024.pdf
IGNORADO_JA_EXISTE,pdf,C:\Users\thiagonogueira\OneDrive - mppi.mp.br\CLC\01_Processos_e_Aquisicoes\Base de Conhecimento - Thiago\05_Doutrina_e_Biblioteca\Biblioteca_Manuais_e_Cursos\Manuais\E-BOX 02 - ESTUDO TÉCNICO PRELIMINAR - OBRAS E SERVIÇOS DE ENGENHARIA.pdf,C:\Users\thiagonogueira\Dev\base-conhecimento-licitacoes\05_Doutrina_e_Biblioteca\Biblioteca_Manuais_e_Cursos\Manuais\E-BOX 02 - ESTUDO TÉCNICO PRELIMINAR - OBRAS E SERVIÇOS DE ENGENHARIA.pdf
IGNORADO_JA_EXISTE,pdf,C:\Users\thiagonogueira\OneDrive - mppi.mp.br\CLC\01_Processos_e_Aquisicoes\Base de Conhecimento - Thiago\05_Doutrina_e_Biblioteca\Biblioteca_Manuais_e_Cursos\Manuais\ATO 008_2024_PGJ - que define os procedimentos administrativos de contratação de bens e serviços no âmbito do MPAM.pdf,C:\Users\thiagonogueira\Dev\base-conhecimento-licitacoes\05_Doutrina_e_Biblioteca\Biblioteca_Manuais_e_Cursos\Manuais\ATO 008_2024_PGJ - que define os procedimentos administrativos de contratação de bens e serviços no âmbito do MPAM.pdf
IGNORADO_JA_EXISTE,pdf,C:\Users\thiagonogueira\OneDrive - mppi.mp.br\CLC\01_Processos_e_Aquisicoes\Base de Conhecimento - Thiago\02_Jurisprudencia_e_Orientacoes\Informativos_Julgamentos_TCE_PI\Segunda_C_mara_Presencial_2__C_mara___Sess_o_Ordin_ria_Presencial_n__09_de_10_de.pdf,C:\Users\thiagonogueira\Dev\base-conhecimento-licitacoes\02_Jurisprudencia_e_Orientacoes\Informativos_Julgamentos_TCE_PI\Segunda_C_mara_Presencial_2__C_mara___Sess_o_Ordin_ria_Presencial_n__09_de_10_de.pdf
IGNORADO_JA_EXISTE,pdf,C:\Users\thiagonogueira\OneDrive - mppi.mp.br\CLC\01_Processos_e_Aquisicoes\Base de Conhecimento - Thiago\02_Jurisprudencia_e_Orientacoes\Informativos_Julgamentos_TCE_PI\Segunda_C_mara_Virtual_2__C_mara___Sess_o_Ordin_ria_Virtual_de_14_a_18_de_setemb.pdf,C:\Users\thiagonogueira\Dev\base-conhecimento-licitacoes\02_Jurisprudencia_e_Orientacoes\Informativos_Julgamentos_TCE_PI\Segunda_C_mara_Virtual_2__C_mara___Sess_o_Ordin_ria_Virtual_de_14_a_18_de_setemb.pdf
IGNORADO_JA_EXISTE,pdf,C:\Users\thiagonogueira\OneDrive - mppi.mp.br\CLC\01_Processos_e_Aquisicoes\Base de Conhecimento - Thiago\05_Doutrina_e_Biblioteca\Biblioteca_Manuais_e_Cursos\Manuais\PARECER Nº 00017-2024-CNLCA-CGU-AGU.pdf,C:\Users\thiagonogueira\Dev\base-conhecimento-licitacoes\05_Doutrina_e_Biblioteca\Biblioteca_Manuais_e_Cursos\Manuais\PARECER Nº 00017-2024-CNLCA-CGU-AGU.pdf
IGNORADO_JA_EXISTE,pdf,C:\Users\thiagonogueira\OneDrive - mppi.mp.br\CLC\01_Processos_e_Aquisicoes\Base de Conhecimento - Thiago\05_Doutrina_e_Biblioteca\Suprimento_de_Fundos\MPMG - 1-1-D646-39-res_pgj_01_2024 _repub.pdf,C:\Users\thiagonogueira\Dev\base-conhecimento-licitacoes\05_Doutrina_e_Biblioteca\Suprimento_de_Fundos\MPMG - 1-1-D646-39-res_pgj_01_2024 _repub.pdf
IGNORADO_JA_EXISTE,pdf,C:\Users\thiagonogueira\OneDrive - mppi.mp.br\CLC\01_Processos_e_Aquisicoes\Base de Conhecimento - Thiago\02_Jurisprudencia_e_Orientacoes\Informativos_Julgamentos_TCE_PI\Segunda_C_mara_Virtual_2__C_mara___Sess_o_Ordin_ria_Virtual_de_21_a_25_de_setemb.pdf,C:\Users\thiagonogueira\Dev\base-conhecimento-licitacoes\02_Jurisprudencia_e_Orientacoes\Informativos_Julgamentos_TCE_PI\Segunda_C_mara_Virtual_2__C_mara___Sess_o_Ordin_ria_Virtual_de_21_a_25_de_setemb.pdf
IGNORADO_JA_EXISTE,pdf,C:\Users\thiagonogueira\OneDrive - mppi.mp.br\CLC\01_Processos_e_Aquisicoes\Base de Conhecimento - Thiago\01_Normativos_Vigentes\06_TJPI\Outros_Normativos\SEI_TJPI - 7176291 - Aviso Dispensa Licitação.pdf,C:\Users\thiagonogueira\Dev\base-conhecimento-licitacoes\01_Normativos_Vigentes\06_TJPI\Outros_Normativos\SEI_TJPI - 7176291 - Aviso Dispensa Licitação.pdf
IGNORADO_JA_EXISTE,pdf,C:\Users\thiagonogueira\OneDrive - mppi.mp.br\CLC\01_Processos_e_Aquisicoes\Base de Conhecimento - Thiago\04_Sistemas_e_Catalogos\Manuais_Sistemas_Oficiais\Banco_de_Precos\Passo a Passo - Cotação Nova e Rápida (+lotes) (Plus).pdf,C:\Users\thiagonogueira\Dev\base-conhecimento-licitacoes\04_Sistemas_e_Catalogos\Manuais_Sistemas_Oficiais\Banco_de_Precos\Passo a Passo - Cotação Nova e Rápida (+lotes) (Plus).pdf
IGNORADO_JA_EXISTE,pdf,C:\Users\thiagonogueira\OneDrive - mppi.mp.br\CLC\01_Processos_e_Aquisicoes\Base de Conhecimento - Thiago\02_Jurisprudencia_e_Orientacoes\Informativos_Julgamentos_TCE_PI\Segunda_C_mara_Presencial_2__C_mara___Sess_o_Ordin_ria_Presencial_n__06_de_29_de.pdf,C:\Users\thiagonogueira\Dev\base-conhecimento-licitacoes\02_Jurisprudencia_e_Orientacoes\Informativos_Julgamentos_TCE_PI\Segunda_C_mara_Presencial_2__C_mara___Sess_o_Ordin_ria_Presencial_n__06_de_29_de.pdf
IGNORADO_JA_EXISTE,pdf,C:\Users\thiagonogueira\OneDrive - mppi.mp.br\CLC\01_Processos_e_Aquisicoes\Base de Conhecimento - Thiago\01_Normativos_Vigentes\05_TCE_PI\Instrucoes_Normativas\Instrução Normativa TCE-PI 007.2021 - Altera IN 06.2017 Licitacoes Web.pdf,C:\Users\thiagonogueira\Dev\base-conhecimento-licitacoes\01_Normativos_Vigentes\05_TCE_PI\Instrucoes_Normativas\Instrução Normativa TCE-PI 007.2021 - Altera IN 06.2017 Licitacoes Web.pdf
IGNORADO_JA_EXISTE,pdf,C:\Users\thiagonogueira\OneDrive - mppi.mp.br\CLC\01_Processos_e_Aquisicoes\Base de Conhecimento - Thiago\05_Doutrina_e_Biblioteca\Biblioteca_Manuais_e_Cursos\Manuais\Nota Técnica N° 18_2026 - Leis.org.pdf,C:\Users\thiagonogueira\Dev\base-conhecimento-licitacoes\05_Doutrina_e_Biblioteca\Biblioteca_Manuais_e_Cursos\Manuais\Nota Técnica N° 18_2026 - Leis.org.pdf
IGNORADO_JA_EXISTE,pdf,C:\Users\thiagonogueira\OneDrive - mppi.mp.br\CLC\01_Processos_e_Aquisicoes\Base de Conhecimento - Thiago\02_Jurisprudencia_e_Orientacoes\Informativos_Julgamentos_TCE_PI\Segunda_C_mara_Presencial_Segunda_C_mara___Sess_o_de_Julgamento_Presencial_n__18.pdf,C:\Users\thiagonogueira\Dev\base-conhecimento-licitacoes\02_Jurisprudencia_e_Orientacoes\Informativos_Julgamentos_TCE_PI\Segunda_C_mara_Presencial_Segunda_C_mara___Sess_o_de_Julgamento_Presencial_n__18.pdf
IGNORADO_JA_EXISTE,pdf,C:\Users\thiagonogueira\OneDrive - mppi.mp.br\CLC\01_Processos_e_Aquisicoes\Base de Conhecimento - Thiago\05_Doutrina_e_Biblioteca\Biblioteca_Manuais_e_Cursos\Manual de Contratação de TIC sob a Ótica da Nova L.pdf,C:\Users\thiagonogueira\Dev\base-conhecimento-licitacoes\05_Doutrina_e_Biblioteca\Biblioteca_Manuais_e_Cursos\Manual de Contratação de TIC sob a Ótica da Nova L.pdf
IGNORADO_JA_EXISTE,pdf,C:\Users\thiagonogueira\OneDrive - mppi.mp.br\CLC\01_Processos_e_Aquisicoes\Base de Conhecimento - Thiago\02_Jurisprudencia_e_Orientacoes\Informativos_Julgamentos_TCE_PI\Primeira_C_mara_Presencial_1__C_mara___Sess_o_Ordin_ria_Presencial_n__06_de_7_de.pdf,C:\Users\thiagonogueira\Dev\base-conhecimento-licitacoes\02_Jurisprudencia_e_Orientacoes\Informativos_Julgamentos_TCE_PI\Primeira_C_mara_Presencial_1__C_mara___Sess_o_Ordin_ria_Presencial_n__06_de_7_de.pdf
IGNORADO_JA_EXISTE,pdf,C:\Users\thiagonogueira\OneDrive - mppi.mp.br\CLC\01_Processos_e_Aquisicoes\Base de Conhecimento - Thiago\01_Normativos_Vigentes\03_MPPI\Atos\Ato PGJ 1480.2025 - Retira CONINT da Fase Interna.pdf,C:\Users\thiagonogueira\Dev\base-conhecimento-licitacoes\01_Normativos_Vigentes\03_MPPI\Atos\Ato PGJ 1480.2025 - Retira CONINT da Fase Interna.pdf
IGNORADO_JA_EXISTE,pdf,C:\Users\thiagonogueira\OneDrive - mppi.mp.br\CLC\01_Processos_e_Aquisicoes\Base de Conhecimento - Thiago\02_Jurisprudencia_e_Orientacoes\Informativos_Julgamentos_TCE_PI\Plen_rio_Presencial_Pleno___Sess_o_Ordin_ria_Presencial_n__09_de_28_de_maio_de_2.pdf,C:\Users\thiagonogueira\Dev\base-conhecimento-licitacoes\02_Jurisprudencia_e_Orientacoes\Informativos_Julgamentos_TCE_PI\Plen_rio_Presencial_Pleno___Sess_o_Ordin_ria_Presencial_n__09_de_28_de_maio_de_2.pdf
IGNORADO_JA_EXISTE,pdf,C:\Users\thiagonogueira\OneDrive - mppi.mp.br\CLC\01_Processos_e_Aquisicoes\Base de Conhecimento - Thiago\02_Jurisprudencia_e_Orientacoes\Informativos_Julgamentos_TCE_PI\Plen_rio_Virtual_Pleno___Sess_o_Ordin_ria_Virtual_de_22_a_26_de_junho_de_2026_.pdf,C:\Users\thiagonogueira\Dev\base-conhecimento-licitacoes\02_Jurisprudencia_e_Orientacoes\Informativos_Julgamentos_TCE_PI\Plen_rio_Virtual_Pleno___Sess_o_Ordin_ria_Virtual_de_22_a_26_de_junho_de_2026_.pdf
IGNORADO_JA_EXISTE,pdf,C:\Users\thiagonogueira\OneDrive - mppi.mp.br\CLC\01_Processos_e_Aquisicoes\Base de Conhecimento - Thiago\SIte_PGE_PI\LV - Prorrogação Contínuos\Lei-14133-Lista-de-Verificacao-Prorrogacao-Servicos-ou-Fornecimentos-Continuos-DOE.pdf,C:\Users\thiagonogueira\Dev\base-conhecimento-licitacoes\SIte_PGE_PI\LV - Prorrogação Contínuos\Lei-14133-Lista-de-Verificacao-Prorrogacao-Servicos-ou-Fornecimentos-Continuos-DOE.pdf
IGNORADO_JA_EXISTE,pdf,"C:\Users\thiagonogueira\OneDrive - mppi.mp.br\CLC\01_Processos_e_Aquisicoes\Base de Conhecimento - Thiago\04_Sistemas_e_Catalogos\Manuais_Sistemas_Oficiais\Compras.gov.br – Tutorial para critério de julgamento, melhor técnica ou conteúdo artístico - jun-2024.pdf","C:\Users\thiagonogueira\Dev\base-conhecimento-licitacoes\04_Sistemas_e_Catalogos\Manuais_Sistemas_Oficiais\Compras.gov.br – Tutorial para critério de julgamento, melhor técnica ou conteúdo artístico - jun-2024.pdf"
IGNORADO_JA_EXISTE,pdf,C:\Users\thiagonogueira\OneDrive - mppi.mp.br\CLC\01_Processos_e_Aquisicoes\Base de Conhecimento - Thiago\01_Normativos_Vigentes\03_MPPI\Atos\Ato PGJMPPI - n1456.0 - 2024.pdf,C:\Users\thiagonogueira\Dev\base-conhecimento-licitacoes\01_Normativos_Vigentes\03_MPPI\Atos\Ato PGJMPPI - n1456.0 - 2024.pdf
IGNORADO_JA_EXISTE,pdf,C:\Users\thiagonogueira\OneDrive - mppi.mp.br\CLC\01_Processos_e_Aquisicoes\Base de Conhecimento - Thiago\01_Normativos_Vigentes\02_Estadual_PI\Decretos\Decreto Estadual - n21.980132023 - 2023.pdf,C:\Users\thiagonogueira\Dev\base-conhecimento-licitacoes\01_Normativos_Vigentes\02_Estadual_PI\Decretos\Decreto Estadual - n21.980132023 - 2023.pdf
IGNORADO_JA_EXISTE,pdf,C:\Users\thiagonogueira\OneDrive - mppi.mp.br\CLC\01_Processos_e_Aquisicoes\Base de Conhecimento - Thiago\02_Jurisprudencia_e_Orientacoes\Informativos_Julgamentos_TCE_PI\Primeira_C_mara_Presencial_1__C_mara___Sess_o_Ordin_ria_Presencial_n__14_de_04_d.pdf,C:\Users\thiagonogueira\Dev\base-conhecimento-licitacoes\02_Jurisprudencia_e_Orientacoes\Informativos_Julgamentos_TCE_PI\Primeira_C_mara_Presencial_1__C_mara___Sess_o_Ordin_ria_Presencial_n__14_de_04_d.pdf
IGNORADO_JA_EXISTE,pdf,C:\Users\thiagonogueira\OneDrive - mppi.mp.br\CLC\01_Processos_e_Aquisicoes\Base de Conhecimento - Thiago\02_Jurisprudencia_e_Orientacoes\Informativos_Julgamentos_TCE_PI\Plen_rio_Virtual_Pleno___Sess_o_Ordin_ria_Virtual_de_27_a_31_de_julho_de_2026_.pdf,C:\Users\thiagonogueira\Dev\base-conhecimento-licitacoes\02_Jurisprudencia_e_Orientacoes\Informativos_Julgamentos_TCE_PI\Plen_rio_Virtual_Pleno___Sess_o_Ordin_ria_Virtual_de_27_a_31_de_julho_de_2026_.pdf
IGNORADO_JA_EXISTE,pdf,C:\Users\thiagonogueira\OneDrive - mppi.mp.br\CLC\01_Processos_e_Aquisicoes\Base de Conhecimento - Thiago\02_Jurisprudencia_e_Orientacoes\Informativos_Julgamentos_TCE_PI\Segunda_C_mara_Presencial_2__C_mara___Sess_o_Ordin_ria_Presencial_n__14_de_19_de.pdf,C:\Users\thiagonogueira\Dev\base-conhecimento-licitacoes\02_Jurisprudencia_e_Orientacoes\Informativos_Julgamentos_TCE_PI\Segunda_C_mara_Presencial_2__C_mara___Sess_o_Ordin_ria_Presencial_n__14_de_19_de.pdf
IGNORADO_JA_EXISTE,pdf,C:\Users\thiagonogueira\OneDrive - mppi.mp.br\CLC\01_Processos_e_Aquisicoes\Base de Conhecimento - Thiago\05_Doutrina_e_Biblioteca\Biblioteca_Manuais_e_Cursos\Manuais\Contratos.gov – Manual operacional de gestão e fiscalização contratual.pdf,C:\Users\thiagonogueira\Dev\base-conhecimento-licitacoes\05_Doutrina_e_Biblioteca\Biblioteca_Manuais_e_Cursos\Manuais\Contratos.gov – Manual operacional de gestão e fiscalização contratual.pdf
IGNORADO_JA_EXISTE,pdf,C:\Users\thiagonogueira\OneDrive - mppi.mp.br\CLC\01_Processos_e_Aquisicoes\Base de Conhecimento - Thiago\01_Normativos_Vigentes\05_TCE_PI\Instrucoes_Normativas\Instrução Normativa TCEPI - n6.0 - 2017.pdf,C:\Users\thiagonogueira\Dev\base-conhecimento-licitacoes\01_Normativos_Vigentes\05_TCE_PI\Instrucoes_Normativas\Instrução Normativa TCEPI - n6.0 - 2017.pdf
IGNORADO_JA_EXISTE,pdf,C:\Users\thiagonogueira\OneDrive - mppi.mp.br\CLC\01_Processos_e_Aquisicoes\Base de Conhecimento - Thiago\01_Normativos_Vigentes\05_TCE_PI\Acordaos_Pareceres_Orientacoes\Acordao TCE-PI 394-A.2026 - Pleno - Consulta MPPI - Prorrogacao e Renovacao de Quantitativos de ARP.pdf,C:\Users\thiagonogueira\Dev\base-conhecimento-licitacoes\01_Normativos_Vigentes\05_TCE_PI\Acordaos_Pareceres_Orientacoes\Acordao TCE-PI 394-A.2026 - Pleno - Consulta MPPI - Prorrogacao e Renovacao de Quantitativos de ARP.pdf
IGNORADO_JA_EXISTE,pdf,C:\Users\thiagonogueira\OneDrive - mppi.mp.br\CLC\01_Processos_e_Aquisicoes\Base de Conhecimento - Thiago\02_Jurisprudencia_e_Orientacoes\Informativos_Julgamentos_TCE_PI\Plen_rio_Presencial_Pleno___Sess_o_Ordin_ria_Presencial_n__010_de_11_de_junho_de.pdf,C:\Users\thiagonogueira\Dev\base-conhecimento-licitacoes\02_Jurisprudencia_e_Orientacoes\Informativos_Julgamentos_TCE_PI\Plen_rio_Presencial_Pleno___Sess_o_Ordin_ria_Presencial_n__010_de_11_de_junho_de.pdf
IGNORADO_JA_EXISTE,pdf,C:\Users\thiagonogueira\OneDrive - mppi.mp.br\CLC\01_Processos_e_Aquisicoes\Base de Conhecimento - Thiago\04_Sistemas_e_Catalogos\Orcamento_LOA_2026\qdd-2026-legislativo.pdf,C:\Users\thiagonogueira\Dev\base-conhecimento-licitacoes\04_Sistemas_e_Catalogos\Orcamento_LOA_2026\qdd-2026-legislativo.pdf
IGNORADO_JA_EXISTE,pdf,C:\Users\thiagonogueira\OneDrive - mppi.mp.br\CLC\01_Processos_e_Aquisicoes\Base de Conhecimento - Thiago\SIte_PGE_PI\Pregão Eletrônico - Bens e Serviços\Lista-de-Verificacao-para-Abertura-de-Pregao-Bens-e-Servicos-Comuns-DOE.pdf,C:\Users\thiagonogueira\Dev\base-conhecimento-licitacoes\SIte_PGE_PI\Pregão Eletrônico - Bens e Serviços\Lista-de-Verificacao-para-Abertura-de-Pregao-Bens-e-Servicos-Comuns-DOE.pdf
IGNORADO_JA_EXISTE,pdf,C:\Users\thiagonogueira\OneDrive - mppi.mp.br\CLC\01_Processos_e_Aquisicoes\Base de Conhecimento - Thiago\01_Normativos_Vigentes\02_Estadual_PI\Decretos\Decreto Estadual - n14.891112012 - 2012.pdf,C:\Users\thiagonogueira\Dev\base-conhecimento-licitacoes\01_Normativos_Vigentes\02_Estadual_PI\Decretos\Decreto Estadual - n14.891112012 - 2012.pdf
IGNORADO_JA_EXISTE,pdf,C:\Users\thiagonogueira\OneDrive - mppi.mp.br\CLC\01_Processos_e_Aquisicoes\Base de Conhecimento - Thiago\01_Normativos_Vigentes\02_Estadual_PI\Decretos\Decreto Estadual - n15.093212013 - 2013.pdf,C:\Users\thiagonogueira\Dev\base-conhecimento-licitacoes\01_Normativos_Vigentes\02_Estadual_PI\Decretos\Decreto Estadual - n15.093212013 - 2013.pdf
IGNORADO_JA_EXISTE,pdf,C:\Users\thiagonogueira\OneDrive - mppi.mp.br\CLC\01_Processos_e_Aquisicoes\Base de Conhecimento - Thiago\SIte_PGE_PI\Concorrencia_Eletronica\Lista-de-Verificacao-Concorrencia-Eletronica-SEM-SRP-Obras-e-Servicos-Especiais-de-Engenharia-DOE.pdf,C:\Users\thiagonogueira\Dev\base-conhecimento-licitacoes\SIte_PGE_PI\Concorrencia_Eletronica\Lista-de-Verificacao-Concorrencia-Eletronica-SEM-SRP-Obras-e-Servicos-Especiais-de-Engenharia-DOE.pdf
IGNORADO_JA_EXISTE,pdf,C:\Users\thiagonogueira\OneDrive - mppi.mp.br\CLC\01_Processos_e_Aquisicoes\Base de Conhecimento - Thiago\05_Doutrina_e_Biblioteca\Biblioteca_Manuais_e_Cursos\Manuais\Artigo - A existência de prop inferiores de outros profis impede a contratação por inex de not especialista.pdf,C:\Users\thiagonogueira\Dev\base-conhecimento-licitacoes\05_Doutrina_e_Biblioteca\Biblioteca_Manuais_e_Cursos\Manuais\Artigo - A existência de prop inferiores de outros profis impede a contratação por inex de not especialista.pdf
IGNORADO_JA_EXISTE,pdf,C:\Users\thiagonogueira\OneDrive - mppi.mp.br\CLC\01_Processos_e_Aquisicoes\Base de Conhecimento - Thiago\02_Jurisprudencia_e_Orientacoes\Informativos_Julgamentos_TCE_PI\Plen_rio_Presencial_Pleno___Sess_o_Ordin_ria_Presencial_n__013_de_16_de_julho_de.pdf,C:\Users\thiagonogueira\Dev\base-conhecimento-licitacoes\02_Jurisprudencia_e_Orientacoes\Informativos_Julgamentos_TCE_PI\Plen_rio_Presencial_Pleno___Sess_o_Ordin_ria_Presencial_n__013_de_16_de_julho_de.pdf
IGNORADO_JA_EXISTE,pdf,C:\Users\thiagonogueira\OneDrive - mppi.mp.br\CLC\01_Processos_e_Aquisicoes\Base de Conhecimento - Thiago\05_Doutrina_e_Biblioteca\Biblioteca_Manuais_e_Cursos\Manual MROSC – Do Planejamento à Prestação de Contas – Implementação do marco regulatório das OSC no Governo.pdf,C:\Users\thiagonogueira\Dev\base-conhecimento-licitacoes\05_Doutrina_e_Biblioteca\Biblioteca_Manuais_e_Cursos\Manual MROSC – Do Planejamento à Prestação de Contas – Implementação do marco regulatório das OSC no Governo.pdf
IGNORADO_JA_EXISTE,pdf,C:\Users\thiagonogueira\OneDrive - mppi.mp.br\CLC\01_Processos_e_Aquisicoes\Base de Conhecimento - Thiago\05_Doutrina_e_Biblioteca\Biblioteca_Manuais_e_Cursos\Manuais\Curso Elaboração do Termo de Referência e Pesquisa de Preços nas Contratações Públicas - Parte 01.pdf,C:\Users\thiagonogueira\Dev\base-conhecimento-licitacoes\05_Doutrina_e_Biblioteca\Biblioteca_Manuais_e_Cursos\Manuais\Curso Elaboração do Termo de Referência e Pesquisa de Preços nas Contratações Públicas - Parte 01.pdf
IGNORADO_JA_EXISTE,pdf,C:\Users\thiagonogueira\OneDrive - mppi.mp.br\CLC\01_Processos_e_Aquisicoes\Base de Conhecimento - Thiago\02_Jurisprudencia_e_Orientacoes\Informativos_Julgamentos_TCE_PI\Primeira_C_mara_Virtual_1__C_mara___Sess_o_Ordin_ria_Virtual_de_03_a_07_de_agost.pdf,C:\Users\thiagonogueira\Dev\base-conhecimento-licitacoes\02_Jurisprudencia_e_Orientacoes\Informativos_Julgamentos_TCE_PI\Primeira_C_mara_Virtual_1__C_mara___Sess_o_Ordin_ria_Virtual_de_03_a_07_de_agost.pdf
IGNORADO_JA_EXISTE,pdf,C:\Users\thiagonogueira\OneDrive - mppi.mp.br\CLC\01_Processos_e_Aquisicoes\Base de Conhecimento - Thiago\05_Doutrina_e_Biblioteca\Biblioteca_Manuais_e_Cursos\Manuais\Artigo - As Quatro Formatações da Dispensa por Valor nos Termos da NLLC e as Regulamentações Pertinentes.pdf,C:\Users\thiagonogueira\Dev\base-conhecimento-licitacoes\05_Doutrina_e_Biblioteca\Biblioteca_Manuais_e_Cursos\Manuais\Artigo - As Quatro Formatações da Dispensa por Valor nos Termos da NLLC e as Regulamentações Pertinentes.pdf
IGNORADO_JA_EXISTE,pdf,C:\Users\thiagonogueira\OneDrive - mppi.mp.br\CLC\01_Processos_e_Aquisicoes\Base de Conhecimento - Thiago\05_Doutrina_e_Biblioteca\Biblioteca_Manuais_e_Cursos\Curso_Imersao_Contratacoes_Diretas\2.3 - Na_pratica_IV.pdf,C:\Users\thiagonogueira\Dev\base-conhecimento-licitacoes\05_Doutrina_e_Biblioteca\Biblioteca_Manuais_e_Cursos\Curso_Imersao_Contratacoes_Diretas\2.3 - Na_pratica_IV.pdf
IGNORADO_JA_EXISTE,pdf,C:\Users\thiagonogueira\OneDrive - mppi.mp.br\CLC\01_Processos_e_Aquisicoes\Base de Conhecimento - Thiago\05_Doutrina_e_Biblioteca\Biblioteca_Manuais_e_Cursos\Manuais\Decreto PMT 25530.2024 - Regula-o-procedimento-de-contratacao-direta.pdf,C:\Users\thiagonogueira\Dev\base-conhecimento-licitacoes\05_Doutrina_e_Biblioteca\Biblioteca_Manuais_e_Cursos\Manuais\Decreto PMT 25530.2024 - Regula-o-procedimento-de-contratacao-direta.pdf
IGNORADO_JA_EXISTE,pdf,C:\Users\thiagonogueira\OneDrive - mppi.mp.br\CLC\01_Processos_e_Aquisicoes\Base de Conhecimento - Thiago\06_Paineis_e_Contratos_Historicos\Guia Onboarding.pdf,C:\Users\thiagonogueira\Dev\base-conhecimento-licitacoes\06_Paineis_e_Contratos_Historicos\Guia Onboarding.pdf
IGNORADO_JA_EXISTE,pdf,C:\Users\thiagonogueira\OneDrive - mppi.mp.br\CLC\01_Processos_e_Aquisicoes\Base de Conhecimento - Thiago\06_Paineis_e_Contratos_Historicos\Relatorio_PCA_2027.pdf,C:\Users\thiagonogueira\Dev\base-conhecimento-licitacoes\06_Paineis_e_Contratos_Historicos\Relatorio_PCA_2027.pdf
IGNORADO_JA_EXISTE,pdf,C:\Users\thiagonogueira\OneDrive - mppi.mp.br\CLC\01_Processos_e_Aquisicoes\Base de Conhecimento - Thiago\05_Doutrina_e_Biblioteca\Biblioteca_Manuais_e_Cursos\Instrumento_de_Padronizao_AGU_TIC_Digital_reduzido.pdf,C:\Users\thiagonogueira\Dev\base-conhecimento-licitacoes\05_Doutrina_e_Biblioteca\Biblioteca_Manuais_e_Cursos\Instrumento_de_Padronizao_AGU_TIC_Digital_reduzido.pdf
IGNORADO_JA_EXISTE,pdf,C:\Users\thiagonogueira\OneDrive - mppi.mp.br\CLC\01_Processos_e_Aquisicoes\Base de Conhecimento - Thiago\05_Doutrina_e_Biblioteca\Biblioteca_Manuais_e_Cursos\Transcrição.pdf,C:\Users\thiagonogueira\Dev\base-conhecimento-licitacoes\05_Doutrina_e_Biblioteca\Biblioteca_Manuais_e_Cursos\Transcrição.pdf
IGNORADO_JA_EXISTE,pdf,C:\Users\thiagonogueira\OneDrive - mppi.mp.br\CLC\01_Processos_e_Aquisicoes\Base de Conhecimento - Thiago\05_Doutrina_e_Biblioteca\Biblioteca_Manuais_e_Cursos\Manuais\PARECER Nº 00005-2025-CNLCA-CGU-AGU.pdf,C:\Users\thiagonogueira\Dev\base-conhecimento-licitacoes\05_Doutrina_e_Biblioteca\Biblioteca_Manuais_e_Cursos\Manuais\PARECER Nº 00005-2025-CNLCA-CGU-AGU.pdf
IGNORADO_JA_EXISTE,pdf,C:\Users\thiagonogueira\OneDrive - mppi.mp.br\CLC\01_Processos_e_Aquisicoes\Base de Conhecimento - Thiago\05_Doutrina_e_Biblioteca\Biblioteca_Manuais_e_Cursos\Manuais\Parecer1774358321.pdf,C:\Users\thiagonogueira\Dev\base-conhecimento-licitacoes\05_Doutrina_e_Biblioteca\Biblioteca_Manuais_e_Cursos\Manuais\Parecer1774358321.pdf
IGNORADO_JA_EXISTE,pdf,C:\Users\thiagonogueira\OneDrive - mppi.mp.br\CLC\01_Processos_e_Aquisicoes\Base de Conhecimento - Thiago\SIte_PGE_PI\Lista de Verificação - Alteração Quantitativa\Lei-14133-Lista-de-Verificacao-Alteracao-Quantitativa.pdf,C:\Users\thiagonogueira\Dev\base-conhecimento-licitacoes\SIte_PGE_PI\Lista de Verificação - Alteração Quantitativa\Lei-14133-Lista-de-Verificacao-Alteracao-Quantitativa.pdf
IGNORADO_JA_EXISTE,pdf,C:\Users\thiagonogueira\OneDrive - mppi.mp.br\CLC\01_Processos_e_Aquisicoes\Base de Conhecimento - Thiago\05_Doutrina_e_Biblioteca\Biblioteca_Manuais_e_Cursos\Curso_Imersao_Contratacoes_Diretas\1.4 - Na_pratica_I.pdf,C:\Users\thiagonogueira\Dev\base-conhecimento-licitacoes\05_Doutrina_e_Biblioteca\Biblioteca_Manuais_e_Cursos\Curso_Imersao_Contratacoes_Diretas\1.4 - Na_pratica_I.pdf
IGNORADO_JA_EXISTE,pdf,C:\Users\thiagonogueira\OneDrive - mppi.mp.br\CLC\01_Processos_e_Aquisicoes\Base de Conhecimento - Thiago\01_Normativos_Vigentes\02_Estadual_PI\Decretos\Decreto Estadual - n16.73722016 - 2016.pdf,C:\Users\thiagonogueira\Dev\base-conhecimento-licitacoes\01_Normativos_Vigentes\02_Estadual_PI\Decretos\Decreto Estadual - n16.73722016 - 2016.pdf
IGNORADO_JA_EXISTE,pdf,C:\Users\thiagonogueira\OneDrive - mppi.mp.br\CLC\01_Processos_e_Aquisicoes\Base de Conhecimento - Thiago\05_Doutrina_e_Biblioteca\Biblioteca_Manuais_e_Cursos\Manuais\PARECER n. 00006-2025CNLCA-CGU-AGU.pdf,C:\Users\thiagonogueira\Dev\base-conhecimento-licitacoes\05_Doutrina_e_Biblioteca\Biblioteca_Manuais_e_Cursos\Manuais\PARECER n. 00006-2025CNLCA-CGU-AGU.pdf
IGNORADO_JA_EXISTE,pdf,C:\Users\thiagonogueira\OneDrive - mppi.mp.br\CLC\01_Processos_e_Aquisicoes\Base de Conhecimento - Thiago\01_Normativos_Vigentes\05_TCE_PI\Resolucoes\Resolução TCE-PI 002.2026 - Altera Res 41.2023 (ETP e TR).pdf,C:\Users\thiagonogueira\Dev\base-conhecimento-licitacoes\01_Normativos_Vigentes\05_TCE_PI\Resolucoes\Resolução TCE-PI 002.2026 - Altera Res 41.2023 (ETP e TR).pdf
IGNORADO_JA_EXISTE,pdf,C:\Users\thiagonogueira\OneDrive - mppi.mp.br\CLC\01_Processos_e_Aquisicoes\Base de Conhecimento - Thiago\06_Paineis_e_Contratos_Historicos\manual-contratos-gov-br-nova-versao.pdf,C:\Users\thiagonogueira\Dev\base-conhecimento-licitacoes\06_Paineis_e_Contratos_Historicos\manual-contratos-gov-br-nova-versao.pdf
IGNORADO_JA_EXISTE,pdf,C:\Users\thiagonogueira\OneDrive - mppi.mp.br\CLC\01_Processos_e_Aquisicoes\Base de Conhecimento - Thiago\05_Doutrina_e_Biblioteca\Suprimento_de_Fundos\CONGRESSO CUSTOS 2013.pdf,C:\Users\thiagonogueira\Dev\base-conhecimento-licitacoes\05_Doutrina_e_Biblioteca\Suprimento_de_Fundos\CONGRESSO CUSTOS 2013.pdf
IGNORADO_JA_EXISTE,pdf,C:\Users\thiagonogueira\OneDrive - mppi.mp.br\CLC\01_Processos_e_Aquisicoes\Base de Conhecimento - Thiago\05_Doutrina_e_Biblioteca\Suprimento_de_Fundos\34_suprimento_de_fundos_2ed.pdf,C:\Users\thiagonogueira\Dev\base-conhecimento-licitacoes\05_Doutrina_e_Biblioteca\Suprimento_de_Fundos\34_suprimento_de_fundos_2ed.pdf
IGNORADO_JA_EXISTE,pdf,C:\Users\thiagonogueira\OneDrive - mppi.mp.br\CLC\01_Processos_e_Aquisicoes\Base de Conhecimento - Thiago\02_Jurisprudencia_e_Orientacoes\Informativos_Julgamentos_TCE_PI\Segunda_C_mara_Virtual_2__C_mara___Sess_o_Ordin_ria_Virtual_de_03_a_07_de_agosto.pdf,C:\Users\thiagonogueira\Dev\base-conhecimento-licitacoes\02_Jurisprudencia_e_Orientacoes\Informativos_Julgamentos_TCE_PI\Segunda_C_mara_Virtual_2__C_mara___Sess_o_Ordin_ria_Virtual_de_03_a_07_de_agosto.pdf
IGNORADO_JA_EXISTE,pdf,C:\Users\thiagonogueira\OneDrive - mppi.mp.br\CLC\01_Processos_e_Aquisicoes\Base de Conhecimento - Thiago\02_Jurisprudencia_e_Orientacoes\Informativos_Julgamentos_TCE_PI\Primeira_C_mara_Virtual_1__C_mara___Sess_o_Ordin_ria_Virtual_de_10_a_14_de_agost.pdf,C:\Users\thiagonogueira\Dev\base-conhecimento-licitacoes\02_Jurisprudencia_e_Orientacoes\Informativos_Julgamentos_TCE_PI\Primeira_C_mara_Virtual_1__C_mara___Sess_o_Ordin_ria_Virtual_de_10_a_14_de_agost.pdf
IGNORADO_JA_EXISTE,pdf,C:\Users\thiagonogueira\OneDrive - mppi.mp.br\CLC\01_Processos_e_Aquisicoes\Base de Conhecimento - Thiago\05_Doutrina_e_Biblioteca\Biblioteca_Manuais_e_Cursos\Curso_Imersao_Contratacoes_Diretas\2.1 - Na_pratica_II.pdf,C:\Users\thiagonogueira\Dev\base-conhecimento-licitacoes\05_Doutrina_e_Biblioteca\Biblioteca_Manuais_e_Cursos\Curso_Imersao_Contratacoes_Diretas\2.1 - Na_pratica_II.pdf
IGNORADO_JA_EXISTE,pdf,C:\Users\thiagonogueira\OneDrive - mppi.mp.br\CLC\01_Processos_e_Aquisicoes\Base de Conhecimento - Thiago\04_Sistemas_e_Catalogos\Manuais_Sistemas_Oficiais\TJMA - checklist_dispensa_eletronica_24_10_2023_19_20_10.pdf,C:\Users\thiagonogueira\Dev\base-conhecimento-licitacoes\04_Sistemas_e_Catalogos\Manuais_Sistemas_Oficiais\TJMA - checklist_dispensa_eletronica_24_10_2023_19_20_10.pdf
IGNORADO_JA_EXISTE,pdf,C:\Users\thiagonogueira\OneDrive - mppi.mp.br\CLC\01_Processos_e_Aquisicoes\Base de Conhecimento - Thiago\02_Jurisprudencia_e_Orientacoes\Informativos_Julgamentos_TCE_PI\Segunda_C_mara_Presencial_2__C_mara___Sess_o_Ordin_ria_Presencial_n__02_de_11_de.pdf,C:\Users\thiagonogueira\Dev\base-conhecimento-licitacoes\02_Jurisprudencia_e_Orientacoes\Informativos_Julgamentos_TCE_PI\Segunda_C_mara_Presencial_2__C_mara___Sess_o_Ordin_ria_Presencial_n__02_de_11_de.pdf
IGNORADO_JA_EXISTE,pdf,C:\Users\thiagonogueira\OneDrive - mppi.mp.br\CLC\01_Processos_e_Aquisicoes\Base de Conhecimento - Thiago\02_Jurisprudencia_e_Orientacoes\Informativos_Julgamentos_TCE_PI\Primeira_C_mara_Virtual_1__C_mara___Sess_o_Ordin_ria_Virtual_de_6_a_10_de_julho_.pdf,C:\Users\thiagonogueira\Dev\base-conhecimento-licitacoes\02_Jurisprudencia_e_Orientacoes\Informativos_Julgamentos_TCE_PI\Primeira_C_mara_Virtual_1__C_mara___Sess_o_Ordin_ria_Virtual_de_6_a_10_de_julho_.pdf
IGNORADO_JA_EXISTE,pdf,C:\Users\thiagonogueira\OneDrive - mppi.mp.br\CLC\01_Processos_e_Aquisicoes\Base de Conhecimento - Thiago\SIte_PGE_PI\ACT - Termo de Autorização de Uso - Espaços da Cidadania\Publicacao-Termo-de-Autorizacao-de-Uso-Espaco-da-Cidadania.pdf,C:\Users\thiagonogueira\Dev\base-conhecimento-licitacoes\SIte_PGE_PI\ACT - Termo de Autorização de Uso - Espaços da Cidadania\Publicacao-Termo-de-Autorizacao-de-Uso-Espaco-da-Cidadania.pdf
IGNORADO_JA_EXISTE,pdf,C:\Users\thiagonogueira\OneDrive - mppi.mp.br\CLC\01_Processos_e_Aquisicoes\Base de Conhecimento - Thiago\02_Jurisprudencia_e_Orientacoes\Informativos_Julgamentos_TCE_PI\Segunda_C_mara_Presencial_2__C_mara___Sess_o_Ordin_ria_Presencial_n__08_de_27_de.pdf,C:\Users\thiagonogueira\Dev\base-conhecimento-licitacoes\02_Jurisprudencia_e_Orientacoes\Informativos_Julgamentos_TCE_PI\Segunda_C_mara_Presencial_2__C_mara___Sess_o_Ordin_ria_Presencial_n__08_de_27_de.pdf
IGNORADO_JA_EXISTE,pdf,C:\Users\thiagonogueira\OneDrive - mppi.mp.br\CLC\01_Processos_e_Aquisicoes\Base de Conhecimento - Thiago\SIte_PGE_PI\Adesão\Lei-14133-Lista-de-Verificacao-Adesao.pdf,C:\Users\thiagonogueira\Dev\base-conhecimento-licitacoes\SIte_PGE_PI\Adesão\Lei-14133-Lista-de-Verificacao-Adesao.pdf
IGNORADO_JA_EXISTE,pdf,"C:\Users\thiagonogueira\OneDrive - mppi.mp.br\CLC\01_Processos_e_Aquisicoes\Base de Conhecimento - Thiago\SIte_PGE_PI\Contratacao de pequeno valor - 75, I\Lei-14133-Lista-de-Verificacao-Contratacao-Direta-Pequeno-Valor-Servicos-Comuns-de-Engenharia(1).pdf","C:\Users\thiagonogueira\Dev\base-conhecimento-licitacoes\SIte_PGE_PI\Contratacao de pequeno valor - 75, I\Lei-14133-Lista-de-Verificacao-Contratacao-Direta-Pequeno-Valor-Servicos-Comuns-de-Engenharia(1).pdf"
IGNORADO_JA_EXISTE,pdf,C:\Users\thiagonogueira\OneDrive - mppi.mp.br\CLC\01_Processos_e_Aquisicoes\Base de Conhecimento - Thiago\02_Jurisprudencia_e_Orientacoes\Informativos_Julgamentos_TCE_PI\Primeira_C_mara_Presencial_1__C_mara___Sess_o_Ordin_ria_Presencial_n__01_de_27_d.pdf,C:\Users\thiagonogueira\Dev\base-conhecimento-licitacoes\02_Jurisprudencia_e_Orientacoes\Informativos_Julgamentos_TCE_PI\Primeira_C_mara_Presencial_1__C_mara___Sess_o_Ordin_ria_Presencial_n__01_de_27_d.pdf
IGNORADO_JA_EXISTE,pdf,C:\Users\thiagonogueira\OneDrive - mppi.mp.br\CLC\01_Processos_e_Aquisicoes\Base de Conhecimento - Thiago\01_Normativos_Vigentes\03_MPPI\Portarias\Portaria PGJMPPI - n942.0 - 2025.pdf,C:\Users\thiagonogueira\Dev\base-conhecimento-licitacoes\01_Normativos_Vigentes\03_MPPI\Portarias\Portaria PGJMPPI - n942.0 - 2025.pdf
IGNORADO_JA_EXISTE,pdf,C:\Users\thiagonogueira\OneDrive - mppi.mp.br\CLC\01_Processos_e_Aquisicoes\Base de Conhecimento - Thiago\02_Jurisprudencia_e_Orientacoes\Informativos_Julgamentos_TCE_PI\Plen_rio_Virtual_Pleno___Sess_o_Ordin_ria_Virtual_de_1__a_05_de_junho_de_2026_.pdf,C:\Users\thiagonogueira\Dev\base-conhecimento-licitacoes\02_Jurisprudencia_e_Orientacoes\Informativos_Julgamentos_TCE_PI\Plen_rio_Virtual_Pleno___Sess_o_Ordin_ria_Virtual_de_1__a_05_de_junho_de_2026_.pdf
IGNORADO_JA_EXISTE,pdf,C:\Users\thiagonogueira\OneDrive - mppi.mp.br\CLC\01_Processos_e_Aquisicoes\Base de Conhecimento - Thiago\SIte_PGE_PI\Adesão\Lei-14133-Lista-de-Verificacao-Adesao-DOE.pdf,C:\Users\thiagonogueira\Dev\base-conhecimento-licitacoes\SIte_PGE_PI\Adesão\Lei-14133-Lista-de-Verificacao-Adesao-DOE.pdf
IGNORADO_JA_EXISTE,pdf,C:\Users\thiagonogueira\OneDrive - mppi.mp.br\CLC\01_Processos_e_Aquisicoes\Base de Conhecimento - Thiago\SIte_PGE_PI\ACT - Termo de Autorização de Uso - Espaços da Cidadania\Publicacao-Acordo-de-Cooperacao-Tecnica-Espaco-da-Cidadania.pdf,C:\Users\thiagonogueira\Dev\base-conhecimento-licitacoes\SIte_PGE_PI\ACT - Termo de Autorização de Uso - Espaços da Cidadania\Publicacao-Acordo-de-Cooperacao-Tecnica-Espaco-da-Cidadania.pdf
IGNORADO_JA_EXISTE,pdf,C:\Users\thiagonogueira\OneDrive - mppi.mp.br\CLC\01_Processos_e_Aquisicoes\Base de Conhecimento - Thiago\02_Jurisprudencia_e_Orientacoes\Informativos_Julgamentos_TCE_PI\Plen_rio_Presencial_Pleno___Sess_o_Ordin_ria_Presencial_n__012_de_09_de_julho_de.pdf,C:\Users\thiagonogueira\Dev\base-conhecimento-licitacoes\02_Jurisprudencia_e_Orientacoes\Informativos_Julgamentos_TCE_PI\Plen_rio_Presencial_Pleno___Sess_o_Ordin_ria_Presencial_n__012_de_09_de_julho_de.pdf
IGNORADO_JA_EXISTE,pdf,C:\Users\thiagonogueira\OneDrive - mppi.mp.br\CLC\01_Processos_e_Aquisicoes\Base de Conhecimento - Thiago\01_Normativos_Vigentes\05_TCE_PI\Resolucoes\Resolução TCE - n19.0 - 2024.pdf,C:\Users\thiagonogueira\Dev\base-conhecimento-licitacoes\01_Normativos_Vigentes\05_TCE_PI\Resolucoes\Resolução TCE - n19.0 - 2024.pdf
IGNORADO_JA_EXISTE,pdf,C:\Users\thiagonogueira\OneDrive - mppi.mp.br\CLC\01_Processos_e_Aquisicoes\Base de Conhecimento - Thiago\05_Doutrina_e_Biblioteca\Biblioteca_Manuais_e_Cursos\instrumento-de-padronizacao-dos-procedimentos.pdf,C:\Users\thiagonogueira\Dev\base-conhecimento-licitacoes\05_Doutrina_e_Biblioteca\Biblioteca_Manuais_e_Cursos\instrumento-de-padronizacao-dos-procedimentos.pdf
IGNORADO_JA_EXISTE,pdf,C:\Users\thiagonogueira\OneDrive - mppi.mp.br\CLC\01_Processos_e_Aquisicoes\Base de Conhecimento - Thiago\01_Normativos_Vigentes\01_Federal\Portarias\Portaria Fedral - n8678.0 - 2021.pdf,C:\Users\thiagonogueira\Dev\base-conhecimento-licitacoes\01_Normativos_Vigentes\01_Federal\Portarias\Portaria Fedral - n8678.0 - 2021.pdf
IGNORADO_JA_EXISTE,pdf,C:\Users\thiagonogueira\OneDrive - mppi.mp.br\CLC\01_Processos_e_Aquisicoes\Base de Conhecimento - Thiago\02_Jurisprudencia_e_Orientacoes\Informativos_Julgamentos_TCE_PI\Plen_rio_Presencial_2__C_mara___Sess_o_Ordin_ria_Virtual_de_13_a_17_de_abril_de_.pdf,C:\Users\thiagonogueira\Dev\base-conhecimento-licitacoes\02_Jurisprudencia_e_Orientacoes\Informativos_Julgamentos_TCE_PI\Plen_rio_Presencial_2__C_mara___Sess_o_Ordin_ria_Virtual_de_13_a_17_de_abril_de_.pdf
IGNORADO_JA_EXISTE,pdf,C:\Users\thiagonogueira\OneDrive - mppi.mp.br\CLC\01_Processos_e_Aquisicoes\Base de Conhecimento - Thiago\05_Doutrina_e_Biblioteca\Biblioteca_Manuais_e_Cursos\Manuais\Publicação - cgu_ementarioaquisicoes_a4_2026.pdf,C:\Users\thiagonogueira\Dev\base-conhecimento-licitacoes\05_Doutrina_e_Biblioteca\Biblioteca_Manuais_e_Cursos\Manuais\Publicação - cgu_ementarioaquisicoes_a4_2026.pdf
IGNORADO_JA_EXISTE,pdf,C:\Users\thiagonogueira\OneDrive - mppi.mp.br\CLC\01_Processos_e_Aquisicoes\Base de Conhecimento - Thiago\01_Normativos_Vigentes\03_MPPI\Atos\Ato PGJ 1106.2021 - Novo Fluxo da Controladoria Interna.pdf,C:\Users\thiagonogueira\Dev\base-conhecimento-licitacoes\01_Normativos_Vigentes\03_MPPI\Atos\Ato PGJ 1106.2021 - Novo Fluxo da Controladoria Interna.pdf
IGNORADO_JA_EXISTE,pdf,C:\Users\thiagonogueira\OneDrive - mppi.mp.br\CLC\01_Processos_e_Aquisicoes\Base de Conhecimento - Thiago\05_Doutrina_e_Biblioteca\Biblioteca_Manuais_e_Cursos\Curso_Imersao_Contratacoes_Diretas\3.3 - Ponto_de_vista_III.pdf,C:\Users\thiagonogueira\Dev\base-conhecimento-licitacoes\05_Doutrina_e_Biblioteca\Biblioteca_Manuais_e_Cursos\Curso_Imersao_Contratacoes_Diretas\3.3 - Ponto_de_vista_III.pdf
IGNORADO_JA_EXISTE,pdf,C:\Users\thiagonogueira\OneDrive - mppi.mp.br\CLC\01_Processos_e_Aquisicoes\Base de Conhecimento - Thiago\05_Doutrina_e_Biblioteca\Biblioteca_Manuais_e_Cursos\Manuais\PARECER n. 00019-2025-DECOR-CGU-AGU.pdf,C:\Users\thiagonogueira\Dev\base-conhecimento-licitacoes\05_Doutrina_e_Biblioteca\Biblioteca_Manuais_e_Cursos\Manuais\PARECER n. 00019-2025-DECOR-CGU-AGU.pdf
IGNORADO_JA_EXISTE,pdf,"C:\Users\thiagonogueira\OneDrive - mppi.mp.br\CLC\01_Processos_e_Aquisicoes\Base de Conhecimento - Thiago\SIte_PGE_PI\Contratacao de pequeno valor - 75, I\Lei-14133-Lista-de-Verificacao-Contratacao-Direta-Pequeno-Valor-Servicos-Comuns-de-Engenharia-DOE(1).pdf","C:\Users\thiagonogueira\Dev\base-conhecimento-licitacoes\SIte_PGE_PI\Contratacao de pequeno valor - 75, I\Lei-14133-Lista-de-Verificacao-Contratacao-Direta-Pequeno-Valor-Servicos-Comuns-de-Engenharia-DOE(1).pdf"
IGNORADO_JA_EXISTE,pdf,C:\Users\thiagonogueira\OneDrive - mppi.mp.br\CLC\01_Processos_e_Aquisicoes\Base de Conhecimento - Thiago\SIte_PGE_PI\Concorrencia_Eletronica\Lista-de-Verificacao-Concorrencia-Eletronica-COM-SRP-Obras-e-Servicos-Especiais-de-Engenharia-DOE.pdf,C:\Users\thiagonogueira\Dev\base-conhecimento-licitacoes\SIte_PGE_PI\Concorrencia_Eletronica\Lista-de-Verificacao-Concorrencia-Eletronica-COM-SRP-Obras-e-Servicos-Especiais-de-Engenharia-DOE.pdf
IGNORADO_JA_EXISTE,pdf,C:\Users\thiagonogueira\OneDrive - mppi.mp.br\CLC\01_Processos_e_Aquisicoes\Base de Conhecimento - Thiago\05_Doutrina_e_Biblioteca\Biblioteca_Manuais_e_Cursos\Manuais\Estudo Temático do TCE-MG (fev-2025)- Terceirização na Administração Pública - Um levantamento jurisprudencia.pdf,C:\Users\thiagonogueira\Dev\base-conhecimento-licitacoes\05_Doutrina_e_Biblioteca\Biblioteca_Manuais_e_Cursos\Manuais\Estudo Temático do TCE-MG (fev-2025)- Terceirização na Administração Pública - Um levantamento jurisprudencia.pdf
IGNORADO_JA_EXISTE,pdf,C:\Users\thiagonogueira\OneDrive - mppi.mp.br\CLC\01_Processos_e_Aquisicoes\Base de Conhecimento - Thiago\05_Doutrina_e_Biblioteca\Biblioteca_Manuais_e_Cursos\Manuais\Curso Elaboração do Termo de Referência e Pesquisa de Preços nas Contratações Públicas - Parte 02.pdf,C:\Users\thiagonogueira\Dev\base-conhecimento-licitacoes\05_Doutrina_e_Biblioteca\Biblioteca_Manuais_e_Cursos\Manuais\Curso Elaboração do Termo de Referência e Pesquisa de Preços nas Contratações Públicas - Parte 02.pdf
IGNORADO_JA_EXISTE,pdf,C:\Users\thiagonogueira\OneDrive - mppi.mp.br\CLC\01_Processos_e_Aquisicoes\Base de Conhecimento - Thiago\02_Jurisprudencia_e_Orientacoes\Informativos_Julgamentos_TCE_PI\Plen_rio_Virtual_Pleno___Sess_o_Ordin_ria_Virtual_de_06_a_10_de_julho_de_2026_.pdf,C:\Users\thiagonogueira\Dev\base-conhecimento-licitacoes\02_Jurisprudencia_e_Orientacoes\Informativos_Julgamentos_TCE_PI\Plen_rio_Virtual_Pleno___Sess_o_Ordin_ria_Virtual_de_06_a_10_de_julho_de_2026_.pdf
IGNORADO_JA_EXISTE,pdf,C:\Users\thiagonogueira\OneDrive - mppi.mp.br\CLC\01_Processos_e_Aquisicoes\Base de Conhecimento - Thiago\05_Doutrina_e_Biblioteca\Biblioteca_Manuais_e_Cursos\Manuais\Manual Compras e Licitacoes TRT 2 SP - 2025-2027.pdf,C:\Users\thiagonogueira\Dev\base-conhecimento-licitacoes\05_Doutrina_e_Biblioteca\Biblioteca_Manuais_e_Cursos\Manuais\Manual Compras e Licitacoes TRT 2 SP - 2025-2027.pdf
IGNORADO_JA_EXISTE,pdf,C:\Users\thiagonogueira\OneDrive - mppi.mp.br\CLC\01_Processos_e_Aquisicoes\Base de Conhecimento - Thiago\05_Doutrina_e_Biblioteca\Biblioteca_Manuais_e_Cursos\Manuais\Referencial_Licitacoes_Contratos_TCESC.pdf,C:\Users\thiagonogueira\Dev\base-conhecimento-licitacoes\05_Doutrina_e_Biblioteca\Biblioteca_Manuais_e_Cursos\Manuais\Referencial_Licitacoes_Contratos_TCESC.pdf
IGNORADO_JA_EXISTE,pdf,C:\Users\thiagonogueira\OneDrive - mppi.mp.br\CLC\01_Processos_e_Aquisicoes\Base de Conhecimento - Thiago\02_Jurisprudencia_e_Orientacoes\Informativos_Julgamentos_TCE_PI\Plen_rio_Presencial_Pleno___Sess_o_Ordin_ria_Presencial_n__02_de_12_de_fevereiro.pdf,C:\Users\thiagonogueira\Dev\base-conhecimento-licitacoes\02_Jurisprudencia_e_Orientacoes\Informativos_Julgamentos_TCE_PI\Plen_rio_Presencial_Pleno___Sess_o_Ordin_ria_Presencial_n__02_de_12_de_fevereiro.pdf
IGNORADO_JA_EXISTE,pdf,C:\Users\thiagonogueira\OneDrive - mppi.mp.br\CLC\01_Processos_e_Aquisicoes\Base de Conhecimento - Thiago\01_Normativos_Vigentes\03_MPPI\Informativo-Suprimento-de-Fundos-Maio-de-2024.pdf,C:\Users\thiagonogueira\Dev\base-conhecimento-licitacoes\01_Normativos_Vigentes\03_MPPI\Informativo-Suprimento-de-Fundos-Maio-de-2024.pdf
IGNORADO_JA_EXISTE,pdf,C:\Users\thiagonogueira\OneDrive - mppi.mp.br\CLC\01_Processos_e_Aquisicoes\Base de Conhecimento - Thiago\05_Doutrina_e_Biblioteca\Biblioteca_Manuais_e_Cursos\Manuais\Aspectos gerais da nova lei de licitações e contratos 14.133.21.pdf,C:\Users\thiagonogueira\Dev\base-conhecimento-licitacoes\05_Doutrina_e_Biblioteca\Biblioteca_Manuais_e_Cursos\Manuais\Aspectos gerais da nova lei de licitações e contratos 14.133.21.pdf
IGNORADO_JA_EXISTE,pdf,C:\Users\thiagonogueira\OneDrive - mppi.mp.br\CLC\01_Processos_e_Aquisicoes\Base de Conhecimento - Thiago\01_Normativos_Vigentes\02_Estadual_PI\Decretos\Decreto Estadual - n14.386182011 - 2011.pdf,C:\Users\thiagonogueira\Dev\base-conhecimento-licitacoes\01_Normativos_Vigentes\02_Estadual_PI\Decretos\Decreto Estadual - n14.386182011 - 2011.pdf
IGNORADO_JA_EXISTE,pdf,C:\Users\thiagonogueira\OneDrive - mppi.mp.br\CLC\01_Processos_e_Aquisicoes\Base de Conhecimento - Thiago\02_Jurisprudencia_e_Orientacoes\Informativos_Julgamentos_TCE_PI\Segunda_C_mara_Virtual_2__C_mara___Sess_o_Ordin_ria_Virtual_de_01_a_05_de_junho_.pdf,C:\Users\thiagonogueira\Dev\base-conhecimento-licitacoes\02_Jurisprudencia_e_Orientacoes\Informativos_Julgamentos_TCE_PI\Segunda_C_mara_Virtual_2__C_mara___Sess_o_Ordin_ria_Virtual_de_01_a_05_de_junho_.pdf
IGNORADO_JA_EXISTE,pdf,C:\Users\thiagonogueira\OneDrive - mppi.mp.br\CLC\01_Processos_e_Aquisicoes\Base de Conhecimento - Thiago\05_Doutrina_e_Biblioteca\Biblioteca_Manuais_e_Cursos\Manuais\PARECER n. 00005-2025-DECOR-CGU-AGU.pdf,C:\Users\thiagonogueira\Dev\base-conhecimento-licitacoes\05_Doutrina_e_Biblioteca\Biblioteca_Manuais_e_Cursos\Manuais\PARECER n. 00005-2025-DECOR-CGU-AGU.pdf
IGNORADO_JA_EXISTE,pdf,C:\Users\thiagonogueira\OneDrive - mppi.mp.br\CLC\01_Processos_e_Aquisicoes\Base de Conhecimento - Thiago\01_Normativos_Vigentes\06_TJPI\Manuais_e_Guias_Tecnicos\MANUAL Lic -TJ-PI-2023-2024.pdf,C:\Users\thiagonogueira\Dev\base-conhecimento-licitacoes\01_Normativos_Vigentes\06_TJPI\Manuais_e_Guias_Tecnicos\MANUAL Lic -TJ-PI-2023-2024.pdf
IGNORADO_JA_EXISTE,pdf,C:\Users\thiagonogueira\OneDrive - mppi.mp.br\CLC\01_Processos_e_Aquisicoes\Base de Conhecimento - Thiago\01_Normativos_Vigentes\02_Estadual_PI\Decretos\Decreto Estadual - n13.701052009 - 2009.pdf,C:\Users\thiagonogueira\Dev\base-conhecimento-licitacoes\01_Normativos_Vigentes\02_Estadual_PI\Decretos\Decreto Estadual - n13.701052009 - 2009.pdf
IGNORADO_JA_EXISTE,pdf,C:\Users\thiagonogueira\OneDrive - mppi.mp.br\CLC\01_Processos_e_Aquisicoes\Base de Conhecimento - Thiago\01_Normativos_Vigentes\03_MPPI\Atos\Ato PGJMPPI - n1449.0 - 2024.pdf,C:\Users\thiagonogueira\Dev\base-conhecimento-licitacoes\01_Normativos_Vigentes\03_MPPI\Atos\Ato PGJMPPI - n1449.0 - 2024.pdf
IGNORADO_JA_EXISTE,pdf,C:\Users\thiagonogueira\OneDrive - mppi.mp.br\CLC\01_Processos_e_Aquisicoes\Base de Conhecimento - Thiago\02_Jurisprudencia_e_Orientacoes\Informativos_Julgamentos_TCE_PI\Plen_rio_Presencial_Pleno___Sess_o_Ordin_ria_Presencial_n__015_de_06_de_agosto_d.pdf,C:\Users\thiagonogueira\Dev\base-conhecimento-licitacoes\02_Jurisprudencia_e_Orientacoes\Informativos_Julgamentos_TCE_PI\Plen_rio_Presencial_Pleno___Sess_o_Ordin_ria_Presencial_n__015_de_06_de_agosto_d.pdf
IGNORADO_JA_EXISTE,pdf,C:\Users\thiagonogueira\OneDrive - mppi.mp.br\CLC\01_Processos_e_Aquisicoes\Base de Conhecimento - Thiago\01_Normativos_Vigentes\02_Estadual_PI\Decretos\Decreto Estadual - n22.652272023 - 2023.pdf,C:\Users\thiagonogueira\Dev\base-conhecimento-licitacoes\01_Normativos_Vigentes\02_Estadual_PI\Decretos\Decreto Estadual - n22.652272023 - 2023.pdf
IGNORADO_JA_EXISTE,pdf,C:\Users\thiagonogueira\OneDrive - mppi.mp.br\CLC\01_Processos_e_Aquisicoes\Base de Conhecimento - Thiago\01_Normativos_Vigentes\06_TJPI\Outros_Normativos\Fluxogramas_Atualizados.pdf,C:\Users\thiagonogueira\Dev\base-conhecimento-licitacoes\01_Normativos_Vigentes\06_TJPI\Outros_Normativos\Fluxogramas_Atualizados.pdf
IGNORADO_JA_EXISTE,pdf,"C:\Users\thiagonogueira\OneDrive - mppi.mp.br\CLC\01_Processos_e_Aquisicoes\Base de Conhecimento - Thiago\SIte_PGE_PI\Contratacao de pequeno valor - 75, I\Lei-14133-Lista-de-Verificacao-Contratacao-Direta-Pequeno-Valor-Servicos-Comuns-de-Engenharia-DOE.pdf","C:\Users\thiagonogueira\Dev\base-conhecimento-licitacoes\SIte_PGE_PI\Contratacao de pequeno valor - 75, I\Lei-14133-Lista-de-Verificacao-Contratacao-Direta-Pequeno-Valor-Servicos-Comuns-de-Engenharia-DOE.pdf"
IGNORADO_JA_EXISTE,pdf,C:\Users\thiagonogueira\OneDrive - mppi.mp.br\CLC\01_Processos_e_Aquisicoes\Base de Conhecimento - Thiago\05_Doutrina_e_Biblioteca\Biblioteca_Manuais_e_Cursos\Manuais\PARECER n. 00860-2023-ADV-E-CJU-SCOM-CGU-AGU.pdf,C:\Users\thiagonogueira\Dev\base-conhecimento-licitacoes\05_Doutrina_e_Biblioteca\Biblioteca_Manuais_e_Cursos\Manuais\PARECER n. 00860-2023-ADV-E-CJU-SCOM-CGU-AGU.pdf
IGNORADO_JA_EXISTE,pdf,C:\Users\thiagonogueira\OneDrive - mppi.mp.br\CLC\01_Processos_e_Aquisicoes\Base de Conhecimento - Thiago\05_Doutrina_e_Biblioteca\Biblioteca_Manuais_e_Cursos\Manuais\Livro - 218187_LV_Compras publicas_Cap03.pdf,C:\Users\thiagonogueira\Dev\base-conhecimento-licitacoes\05_Doutrina_e_Biblioteca\Biblioteca_Manuais_e_Cursos\Manuais\Livro - 218187_LV_Compras publicas_Cap03.pdf
IGNORADO_JA_EXISTE,pdf,C:\Users\thiagonogueira\OneDrive - mppi.mp.br\CLC\01_Processos_e_Aquisicoes\Base de Conhecimento - Thiago\05_Doutrina_e_Biblioteca\Suprimento_de_Fundos\manual_fundo_rotativo_3.pdf,C:\Users\thiagonogueira\Dev\base-conhecimento-licitacoes\05_Doutrina_e_Biblioteca\Suprimento_de_Fundos\manual_fundo_rotativo_3.pdf
IGNORADO_JA_EXISTE,pdf,C:\Users\thiagonogueira\OneDrive - mppi.mp.br\CLC\01_Processos_e_Aquisicoes\Base de Conhecimento - Thiago\01_Normativos_Vigentes\02_Estadual_PI\Leis\Lei Estadual - n7.482182021 - 2021.pdf,C:\Users\thiagonogueira\Dev\base-conhecimento-licitacoes\01_Normativos_Vigentes\02_Estadual_PI\Leis\Lei Estadual - n7.482182021 - 2021.pdf
IGNORADO_JA_EXISTE,pdf,C:\Users\thiagonogueira\OneDrive - mppi.mp.br\CLC\01_Processos_e_Aquisicoes\Base de Conhecimento - Thiago\04_Sistemas_e_Catalogos\Manuais_Sistemas_Oficiais\Ministério da gestão – Manual do usuário - API de dados abertos do Compras.gov.br - Fev-2026.pdf,C:\Users\thiagonogueira\Dev\base-conhecimento-licitacoes\04_Sistemas_e_Catalogos\Manuais_Sistemas_Oficiais\Ministério da gestão – Manual do usuário - API de dados abertos do Compras.gov.br - Fev-2026.pdf
IGNORADO_JA_EXISTE,pdf,C:\Users\thiagonogueira\OneDrive - mppi.mp.br\CLC\01_Processos_e_Aquisicoes\Base de Conhecimento - Thiago\05_Doutrina_e_Biblioteca\Biblioteca_Manuais_e_Cursos\GUIANACIONALDECONTRATACOESSUSTENTAVEIS2024.pdf,C:\Users\thiagonogueira\Dev\base-conhecimento-licitacoes\05_Doutrina_e_Biblioteca\Biblioteca_Manuais_e_Cursos\GUIANACIONALDECONTRATACOESSUSTENTAVEIS2024.pdf
IGNORADO_JA_EXISTE,pdf,C:\Users\thiagonogueira\OneDrive - mppi.mp.br\CLC\01_Processos_e_Aquisicoes\Base de Conhecimento - Thiago\05_Doutrina_e_Biblioteca\Biblioteca_Manuais_e_Cursos\Livro - ELABORAÇÃO DE ETP E TR EFICIENTES COM O CHATGPT EM CONTRATAÇÕES PÚBLICAS.pdf,C:\Users\thiagonogueira\Dev\base-conhecimento-licitacoes\05_Doutrina_e_Biblioteca\Biblioteca_Manuais_e_Cursos\Livro - ELABORAÇÃO DE ETP E TR EFICIENTES COM O CHATGPT EM CONTRATAÇÕES PÚBLICAS.pdf
IGNORADO_JA_EXISTE,pdf,C:\Users\thiagonogueira\OneDrive - mppi.mp.br\CLC\01_Processos_e_Aquisicoes\Base de Conhecimento - Thiago\04_Sistemas_e_Catalogos\Manuais_Sistemas_Oficiais\Compras.gov.br – Eventos de alteração em procedimento auxiliar de credenciamento - mar-2025.pdf,C:\Users\thiagonogueira\Dev\base-conhecimento-licitacoes\04_Sistemas_e_Catalogos\Manuais_Sistemas_Oficiais\Compras.gov.br – Eventos de alteração em procedimento auxiliar de credenciamento - mar-2025.pdf
IGNORADO_JA_EXISTE,pdf,C:\Users\thiagonogueira\OneDrive - mppi.mp.br\CLC\01_Processos_e_Aquisicoes\Base de Conhecimento - Thiago\04_Sistemas_e_Catalogos\Orcamento_LOA_2026\qdd-2026-mp.pdf,C:\Users\thiagonogueira\Dev\base-conhecimento-licitacoes\04_Sistemas_e_Catalogos\Orcamento_LOA_2026\qdd-2026-mp.pdf
IGNORADO_JA_EXISTE,pdf,C:\Users\thiagonogueira\OneDrive - mppi.mp.br\CLC\01_Processos_e_Aquisicoes\Base de Conhecimento - Thiago\05_Doutrina_e_Biblioteca\Biblioteca_Manuais_e_Cursos\Manuais\Artigo - A Pesquisa de Preços Concomitante à Seleção da Proposta na Dispensa Eletrônica..pdf,C:\Users\thiagonogueira\Dev\base-conhecimento-licitacoes\05_Doutrina_e_Biblioteca\Biblioteca_Manuais_e_Cursos\Manuais\Artigo - A Pesquisa de Preços Concomitante à Seleção da Proposta na Dispensa Eletrônica..pdf
IGNORADO_JA_EXISTE,pdf,C:\Users\thiagonogueira\OneDrive - mppi.mp.br\CLC\01_Processos_e_Aquisicoes\Base de Conhecimento - Thiago\05_Doutrina_e_Biblioteca\Biblioteca_Manuais_e_Cursos\Manuais\Manual - Capítulo de Compras Governamentais no Brasil.pdf,C:\Users\thiagonogueira\Dev\base-conhecimento-licitacoes\05_Doutrina_e_Biblioteca\Biblioteca_Manuais_e_Cursos\Manuais\Manual - Capítulo de Compras Governamentais no Brasil.pdf
IGNORADO_JA_EXISTE,pdf,C:\Users\thiagonogueira\OneDrive - mppi.mp.br\CLC\01_Processos_e_Aquisicoes\Base de Conhecimento - Thiago\05_Doutrina_e_Biblioteca\Biblioteca_Manuais_e_Cursos\Manuais\Zênite Fácil - NOVA LEI DE LICITAÇÕES - PRORROGAÇÃO DE VIGÊNCIA DA ATA DE REGISTRO DE PREÇOS E A RENOVAÇÃO DO.pdf,C:\Users\thiagonogueira\Dev\base-conhecimento-licitacoes\05_Doutrina_e_Biblioteca\Biblioteca_Manuais_e_Cursos\Manuais\Zênite Fácil - NOVA LEI DE LICITAÇÕES - PRORROGAÇÃO DE VIGÊNCIA DA ATA DE REGISTRO DE PREÇOS E A RENOVAÇÃO DO.pdf
IGNORADO_JA_EXISTE,pdf,C:\Users\thiagonogueira\OneDrive - mppi.mp.br\CLC\01_Processos_e_Aquisicoes\Base de Conhecimento - Thiago\02_Jurisprudencia_e_Orientacoes\Informativos_Julgamentos_TCE_PI\Primeira_C_mara_Presencial_1__C_mara___Sess_o_Ordin_ria_Presencial_n__020_de_09_.pdf,C:\Users\thiagonogueira\Dev\base-conhecimento-licitacoes\02_Jurisprudencia_e_Orientacoes\Informativos_Julgamentos_TCE_PI\Primeira_C_mara_Presencial_1__C_mara___Sess_o_Ordin_ria_Presencial_n__020_de_09_.pdf
IGNORADO_JA_EXISTE,pdf,C:\Users\thiagonogueira\OneDrive - mppi.mp.br\CLC\01_Processos_e_Aquisicoes\Base de Conhecimento - Thiago\05_Doutrina_e_Biblioteca\Biblioteca_Manuais_e_Cursos\Manuais\Manual-de-Mapeamento-e-Melhoria-de-Processos-do-MPPI-1.pdf,C:\Users\thiagonogueira\Dev\base-conhecimento-licitacoes\05_Doutrina_e_Biblioteca\Biblioteca_Manuais_e_Cursos\Manuais\Manual-de-Mapeamento-e-Melhoria-de-Processos-do-MPPI-1.pdf
IGNORADO_JA_EXISTE,pdf,C:\Users\thiagonogueira\OneDrive - mppi.mp.br\CLC\01_Processos_e_Aquisicoes\Base de Conhecimento - Thiago\01_Normativos_Vigentes\03_MPPI\PCA_2026\PCA 2026 - Versão 3.0 - MPPI.pdf,C:\Users\thiagonogueira\Dev\base-conhecimento-licitacoes\01_Normativos_Vigentes\03_MPPI\PCA_2026\PCA 2026 - Versão 3.0 - MPPI.pdf
IGNORADO_JA_EXISTE,pdf,C:\Users\thiagonogueira\OneDrive - mppi.mp.br\CLC\01_Processos_e_Aquisicoes\Base de Conhecimento - Thiago\SIte_PGE_PI\Lista de Verificação - Contratação Direta - Serviços ou Compras\Lei-14133-Lista-de-Verificacao-Contratacao-Direta-Servicos-ou-Compras-DOE.pdf,C:\Users\thiagonogueira\Dev\base-conhecimento-licitacoes\SIte_PGE_PI\Lista de Verificação - Contratação Direta - Serviços ou Compras\Lei-14133-Lista-de-Verificacao-Contratacao-Direta-Servicos-ou-Compras-DOE.pdf
IGNORADO_JA_EXISTE,pdf,C:\Users\thiagonogueira\OneDrive - mppi.mp.br\CLC\01_Processos_e_Aquisicoes\Base de Conhecimento - Thiago\05_Doutrina_e_Biblioteca\Biblioteca_Manuais_e_Cursos\PassoapassoPGC.pdf,C:\Users\thiagonogueira\Dev\base-conhecimento-licitacoes\05_Doutrina_e_Biblioteca\Biblioteca_Manuais_e_Cursos\PassoapassoPGC.pdf
IGNORADO_JA_EXISTE,pdf,C:\Users\thiagonogueira\OneDrive - mppi.mp.br\CLC\01_Processos_e_Aquisicoes\Base de Conhecimento - Thiago\05_Doutrina_e_Biblioteca\Biblioteca_Manuais_e_Cursos\Manuais\Zenite - 5 Erros que você não pode cometer com IA nas Contratações.pdf,C:\Users\thiagonogueira\Dev\base-conhecimento-licitacoes\05_Doutrina_e_Biblioteca\Biblioteca_Manuais_e_Cursos\Manuais\Zenite - 5 Erros que você não pode cometer com IA nas Contratações.pdf
IGNORADO_JA_EXISTE,pdf,"C:\Users\thiagonogueira\OneDrive - mppi.mp.br\CLC\01_Processos_e_Aquisicoes\Base de Conhecimento - Thiago\05_Doutrina_e_Biblioteca\Biblioteca_Manuais_e_Cursos\Manuais\Artigo - Das Impugnações, dos Pedidos de Esclarecimento e dos Recursos nas Dispensas de Licitação.pdf","C:\Users\thiagonogueira\Dev\base-conhecimento-licitacoes\05_Doutrina_e_Biblioteca\Biblioteca_Manuais_e_Cursos\Manuais\Artigo - Das Impugnações, dos Pedidos de Esclarecimento e dos Recursos nas Dispensas de Licitação.pdf"
IGNORADO_JA_EXISTE,pdf,C:\Users\thiagonogueira\OneDrive - mppi.mp.br\CLC\01_Processos_e_Aquisicoes\Base de Conhecimento - Thiago\05_Doutrina_e_Biblioteca\Biblioteca_Manuais_e_Cursos\Manuais\Palestra - Inventário de Riscos e Controles nas contratações públicas.pdf,C:\Users\thiagonogueira\Dev\base-conhecimento-licitacoes\05_Doutrina_e_Biblioteca\Biblioteca_Manuais_e_Cursos\Manuais\Palestra - Inventário de Riscos e Controles nas contratações públicas.pdf
IGNORADO_JA_EXISTE,pdf,C:\Users\thiagonogueira\OneDrive - mppi.mp.br\CLC\01_Processos_e_Aquisicoes\Base de Conhecimento - Thiago\02_Jurisprudencia_e_Orientacoes\Informativos_Julgamentos_TCE_PI\Segunda_C_mara_Virtual_2__C_mara___Sess_o_Ordin_ria_Virtual_de_29_de_junho_a_03_.pdf,C:\Users\thiagonogueira\Dev\base-conhecimento-licitacoes\02_Jurisprudencia_e_Orientacoes\Informativos_Julgamentos_TCE_PI\Segunda_C_mara_Virtual_2__C_mara___Sess_o_Ordin_ria_Virtual_de_29_de_junho_a_03_.pdf
IGNORADO_JA_EXISTE,pdf,C:\Users\thiagonogueira\OneDrive - mppi.mp.br\CLC\01_Processos_e_Aquisicoes\Base de Conhecimento - Thiago\02_Jurisprudencia_e_Orientacoes\Informativos_Julgamentos_TCE_PI\Segunda_C_mara_Virtual_2__C_mara___Sess_o_Ordin_ria_Virtual_de_15_a_19_de_junho_.pdf,C:\Users\thiagonogueira\Dev\base-conhecimento-licitacoes\02_Jurisprudencia_e_Orientacoes\Informativos_Julgamentos_TCE_PI\Segunda_C_mara_Virtual_2__C_mara___Sess_o_Ordin_ria_Virtual_de_15_a_19_de_junho_.pdf
IGNORADO_JA_EXISTE,pdf,C:\Users\thiagonogueira\OneDrive - mppi.mp.br\CLC\01_Processos_e_Aquisicoes\Base de Conhecimento - Thiago\SIte_PGE_PI\LV - Prorrogação Contínuos\Lei-14133-Lista-de-Verificacao-Prorrogacao-Servicos-ou-Fornecimentos-Continuos.pdf,C:\Users\thiagonogueira\Dev\base-conhecimento-licitacoes\SIte_PGE_PI\LV - Prorrogação Contínuos\Lei-14133-Lista-de-Verificacao-Prorrogacao-Servicos-ou-Fornecimentos-Continuos.pdf
IGNORADO_JA_EXISTE,pdf,C:\Users\thiagonogueira\OneDrive - mppi.mp.br\CLC\01_Processos_e_Aquisicoes\Base de Conhecimento - Thiago\SIte_PGE_PI\Cessão Gratuita de Bem Imovel\Termo_de_Cessao_Gratuita_de_Uso_de_Imovel_Publico._Setembro_2024.pdf,C:\Users\thiagonogueira\Dev\base-conhecimento-licitacoes\SIte_PGE_PI\Cessão Gratuita de Bem Imovel\Termo_de_Cessao_Gratuita_de_Uso_de_Imovel_Publico._Setembro_2024.pdf
IGNORADO_JA_EXISTE,pdf,C:\Users\thiagonogueira\OneDrive - mppi.mp.br\CLC\01_Processos_e_Aquisicoes\Base de Conhecimento - Thiago\01_Normativos_Vigentes\03_MPPI\Atos\Ato PGJMPPI - n1413.0 - 2024.pdf,C:\Users\thiagonogueira\Dev\base-conhecimento-licitacoes\01_Normativos_Vigentes\03_MPPI\Atos\Ato PGJMPPI - n1413.0 - 2024.pdf
IGNORADO_JA_EXISTE,pdf,C:\Users\thiagonogueira\OneDrive - mppi.mp.br\CLC\01_Processos_e_Aquisicoes\Base de Conhecimento - Thiago\02_Jurisprudencia_e_Orientacoes\Informativos_Julgamentos_TCE_PI\Primeira_C_mara_Presencial_1__C_mara___Sess_o_Ordin_ria_Presencial_n__08_de_12_d.pdf,C:\Users\thiagonogueira\Dev\base-conhecimento-licitacoes\02_Jurisprudencia_e_Orientacoes\Informativos_Julgamentos_TCE_PI\Primeira_C_mara_Presencial_1__C_mara___Sess_o_Ordin_ria_Presencial_n__08_de_12_d.pdf
IGNORADO_JA_EXISTE,pdf,C:\Users\thiagonogueira\OneDrive - mppi.mp.br\CLC\01_Processos_e_Aquisicoes\Base de Conhecimento - Thiago\02_Jurisprudencia_e_Orientacoes\Informativos_Julgamentos_TCE_PI\Primeira_C_mara_Presencial_1__C_mara___Sess_o_Ordin_ria_Presencial_n__02_de_10_d.pdf,C:\Users\thiagonogueira\Dev\base-conhecimento-licitacoes\02_Jurisprudencia_e_Orientacoes\Informativos_Julgamentos_TCE_PI\Primeira_C_mara_Presencial_1__C_mara___Sess_o_Ordin_ria_Presencial_n__02_de_10_d.pdf
IGNORADO_JA_EXISTE,pdf,C:\Users\thiagonogueira\OneDrive - mppi.mp.br\CLC\01_Processos_e_Aquisicoes\Base de Conhecimento - Thiago\02_Jurisprudencia_e_Orientacoes\Informativos_Julgamentos_TCE_PI\Primeira_C_mara_Virtual_1__C_mara___Sess_o_Ordin_ria_Virtual_de_18_a_22_de_maio_.pdf,C:\Users\thiagonogueira\Dev\base-conhecimento-licitacoes\02_Jurisprudencia_e_Orientacoes\Informativos_Julgamentos_TCE_PI\Primeira_C_mara_Virtual_1__C_mara___Sess_o_Ordin_ria_Virtual_de_18_a_22_de_maio_.pdf
IGNORADO_JA_EXISTE,pdf,C:\Users\thiagonogueira\OneDrive - mppi.mp.br\CLC\01_Processos_e_Aquisicoes\Base de Conhecimento - Thiago\SIte_PGE_PI\LV - Prorrogação Não Contínuos\Lei-14133-Lista-de-Verificacao-Prorrogacao-Obras-Servicos-ou-Fornecimentos-nao-continuados.pdf,C:\Users\thiagonogueira\Dev\base-conhecimento-licitacoes\SIte_PGE_PI\LV - Prorrogação Não Contínuos\Lei-14133-Lista-de-Verificacao-Prorrogacao-Obras-Servicos-ou-Fornecimentos-nao-continuados.pdf
IGNORADO_JA_EXISTE,pdf,C:\Users\thiagonogueira\OneDrive - mppi.mp.br\CLC\01_Processos_e_Aquisicoes\Base de Conhecimento - Thiago\02_Jurisprudencia_e_Orientacoes\Informativos_Julgamentos_TCE_PI\Segunda_C_mara_Virtual_2__C_mara___Sess_o_Ordin_ria_Virtual_de_06_a_10_de_julho_.pdf,C:\Users\thiagonogueira\Dev\base-conhecimento-licitacoes\02_Jurisprudencia_e_Orientacoes\Informativos_Julgamentos_TCE_PI\Segunda_C_mara_Virtual_2__C_mara___Sess_o_Ordin_ria_Virtual_de_06_a_10_de_julho_.pdf
IGNORADO_JA_EXISTE,pdf,C:\Users\thiagonogueira\OneDrive - mppi.mp.br\CLC\01_Processos_e_Aquisicoes\Base de Conhecimento - Thiago\02_Jurisprudencia_e_Orientacoes\Informativos_Julgamentos_TCE_PI\Primeira_C_mara_Presencial_1__C_mara___Sess_o_Ordin_ria_Presencial_n__12_de_7_de.pdf,C:\Users\thiagonogueira\Dev\base-conhecimento-licitacoes\02_Jurisprudencia_e_Orientacoes\Informativos_Julgamentos_TCE_PI\Primeira_C_mara_Presencial_1__C_mara___Sess_o_Ordin_ria_Presencial_n__12_de_7_de.pdf
IGNORADO_JA_EXISTE,pdf,C:\Users\thiagonogueira\OneDrive - mppi.mp.br\CLC\01_Processos_e_Aquisicoes\Base de Conhecimento - Thiago\06_Paineis_e_Contratos_Historicos\Tutorial_PCA_MPPI_2027.pdf,C:\Users\thiagonogueira\Dev\base-conhecimento-licitacoes\06_Paineis_e_Contratos_Historicos\Tutorial_PCA_MPPI_2027.pdf
IGNORADO_JA_EXISTE,pdf,C:\Users\thiagonogueira\OneDrive - mppi.mp.br\CLC\01_Processos_e_Aquisicoes\Base de Conhecimento - Thiago\05_Doutrina_e_Biblioteca\Biblioteca_Manuais_e_Cursos\Manual de Padronizacao de Decisoes e Termos - TCE-PI 2025.pdf,C:\Users\thiagonogueira\Dev\base-conhecimento-licitacoes\05_Doutrina_e_Biblioteca\Biblioteca_Manuais_e_Cursos\Manual de Padronizacao de Decisoes e Termos - TCE-PI 2025.pdf
IGNORADO_JA_EXISTE,pdf,C:\Users\thiagonogueira\OneDrive - mppi.mp.br\CLC\01_Processos_e_Aquisicoes\Base de Conhecimento - Thiago\01_Normativos_Vigentes\05_TCE_PI\Resolucoes\Resolução TCE-PI 011.2026 - Gestao e Fiscalizacao de Contratos Administrativos.pdf,C:\Users\thiagonogueira\Dev\base-conhecimento-licitacoes\01_Normativos_Vigentes\05_TCE_PI\Resolucoes\Resolução TCE-PI 011.2026 - Gestao e Fiscalizacao de Contratos Administrativos.pdf
IGNORADO_JA_EXISTE,pdf,C:\Users\thiagonogueira\OneDrive - mppi.mp.br\CLC\01_Processos_e_Aquisicoes\Base de Conhecimento - Thiago\02_Jurisprudencia_e_Orientacoes\Informativos_Julgamentos_TCE_PI\Plen_rio_Virtual_Pleno___Sess_o_Ordin_ria_Virtual_de_25_a_29_de_maio_de_2026_.pdf,C:\Users\thiagonogueira\Dev\base-conhecimento-licitacoes\02_Jurisprudencia_e_Orientacoes\Informativos_Julgamentos_TCE_PI\Plen_rio_Virtual_Pleno___Sess_o_Ordin_ria_Virtual_de_25_a_29_de_maio_de_2026_.pdf
IGNORADO_JA_EXISTE,pdf,C:\Users\thiagonogueira\OneDrive - mppi.mp.br\CLC\01_Processos_e_Aquisicoes\Base de Conhecimento - Thiago\01_Normativos_Vigentes\02_Estadual_PI\Leis\Lei Estadual - n7.612272021 - 2021.pdf,C:\Users\thiagonogueira\Dev\base-conhecimento-licitacoes\01_Normativos_Vigentes\02_Estadual_PI\Leis\Lei Estadual - n7.612272021 - 2021.pdf
IGNORADO_JA_EXISTE,pdf,C:\Users\thiagonogueira\OneDrive - mppi.mp.br\CLC\01_Processos_e_Aquisicoes\Base de Conhecimento - Thiago\05_Doutrina_e_Biblioteca\Biblioteca_Manuais_e_Cursos\Manuais\PARECER n. 00261-2024-E-CJU-SCOM-CGU-AGU.pdf,C:\Users\thiagonogueira\Dev\base-conhecimento-licitacoes\05_Doutrina_e_Biblioteca\Biblioteca_Manuais_e_Cursos\Manuais\PARECER n. 00261-2024-E-CJU-SCOM-CGU-AGU.pdf
IGNORADO_JA_EXISTE,pdf,C:\Users\thiagonogueira\OneDrive - mppi.mp.br\CLC\01_Processos_e_Aquisicoes\Base de Conhecimento - Thiago\05_Doutrina_e_Biblioteca\Biblioteca_Manuais_e_Cursos\Manuais\PARECER n. 00003-2025-GAB-CGU-CGU-AGU.pdf,C:\Users\thiagonogueira\Dev\base-conhecimento-licitacoes\05_Doutrina_e_Biblioteca\Biblioteca_Manuais_e_Cursos\Manuais\PARECER n. 00003-2025-GAB-CGU-CGU-AGU.pdf
IGNORADO_JA_EXISTE,pdf,"C:\Users\thiagonogueira\OneDrive - mppi.mp.br\CLC\01_Processos_e_Aquisicoes\Base de Conhecimento - Thiago\01_Normativos_Vigentes\04_CNMP\POP's Contratação Direta\POP - Contratacao por ARP Propria (POP-CLC-05, rev. 05.02.2025).pdf","C:\Users\thiagonogueira\Dev\base-conhecimento-licitacoes\01_Normativos_Vigentes\04_CNMP\POP's Contratação Direta\POP - Contratacao por ARP Propria (POP-CLC-05, rev. 05.02.2025).pdf"
IGNORADO_JA_EXISTE,pdf,C:\Users\thiagonogueira\OneDrive - mppi.mp.br\CLC\01_Processos_e_Aquisicoes\Base de Conhecimento - Thiago\04_Sistemas_e_Catalogos\Orcamento_LOA_2026\loa-2026-anexo-viii-demonstrativo-do-marco-orcamentario.pdf,C:\Users\thiagonogueira\Dev\base-conhecimento-licitacoes\04_Sistemas_e_Catalogos\Orcamento_LOA_2026\loa-2026-anexo-viii-demonstrativo-do-marco-orcamentario.pdf
IGNORADO_JA_EXISTE,pdf,C:\Users\thiagonogueira\OneDrive - mppi.mp.br\CLC\01_Processos_e_Aquisicoes\Base de Conhecimento - Thiago\05_Doutrina_e_Biblioteca\Biblioteca_Manuais_e_Cursos\Apresentação - Contratação Direta - GOVSP.pdf,C:\Users\thiagonogueira\Dev\base-conhecimento-licitacoes\05_Doutrina_e_Biblioteca\Biblioteca_Manuais_e_Cursos\Apresentação - Contratação Direta - GOVSP.pdf
IGNORADO_JA_EXISTE,pdf,C:\Users\thiagonogueira\OneDrive - mppi.mp.br\CLC\01_Processos_e_Aquisicoes\Base de Conhecimento - Thiago\05_Doutrina_e_Biblioteca\Biblioteca_Manuais_e_Cursos\OrientaessobreasEvoluesdaCompraDireta.pdf,C:\Users\thiagonogueira\Dev\base-conhecimento-licitacoes\05_Doutrina_e_Biblioteca\Biblioteca_Manuais_e_Cursos\OrientaessobreasEvoluesdaCompraDireta.pdf
IGNORADO_JA_EXISTE,pdf,C:\Users\thiagonogueira\OneDrive - mppi.mp.br\CLC\01_Processos_e_Aquisicoes\Base de Conhecimento - Thiago\02_Jurisprudencia_e_Orientacoes\Informativos_Julgamentos_TCE_PI\Primeira_C_mara_Presencial_1__C_mara___Sess_o_Ordin_ria_Presencial_n__07_de_28_d.pdf,C:\Users\thiagonogueira\Dev\base-conhecimento-licitacoes\02_Jurisprudencia_e_Orientacoes\Informativos_Julgamentos_TCE_PI\Primeira_C_mara_Presencial_1__C_mara___Sess_o_Ordin_ria_Presencial_n__07_de_28_d.pdf
IGNORADO_JA_EXISTE,pdf,C:\Users\thiagonogueira\OneDrive - mppi.mp.br\CLC\01_Processos_e_Aquisicoes\Base de Conhecimento - Thiago\02_Jurisprudencia_e_Orientacoes\Informativos_Julgamentos_TCE_PI\Segunda_C_mara_Virtual_2__C_mara___Sess_o_Ordin_ria_Virtual_de_11_a_15_de_maio_d.pdf,C:\Users\thiagonogueira\Dev\base-conhecimento-licitacoes\02_Jurisprudencia_e_Orientacoes\Informativos_Julgamentos_TCE_PI\Segunda_C_mara_Virtual_2__C_mara___Sess_o_Ordin_ria_Virtual_de_11_a_15_de_maio_d.pdf
IGNORADO_JA_EXISTE,pdf,C:\Users\thiagonogueira\OneDrive - mppi.mp.br\CLC\01_Processos_e_Aquisicoes\Base de Conhecimento - Thiago\06_Paineis_e_Contratos_Historicos\Tutorial_PCA_MPPI_2026 (2).pdf,C:\Users\thiagonogueira\Dev\base-conhecimento-licitacoes\06_Paineis_e_Contratos_Historicos\Tutorial_PCA_MPPI_2026 (2).pdf
IGNORADO_JA_EXISTE,pdf,"C:\Users\thiagonogueira\OneDrive - mppi.mp.br\CLC\01_Processos_e_Aquisicoes\Base de Conhecimento - Thiago\05_Doutrina_e_Biblioteca\Biblioteca_Manuais_e_Cursos\Manuais\Transformação do Estado no Brasil- desenhando compras públicas, empresas estatais e infraestrutura públic (1).pdf","C:\Users\thiagonogueira\Dev\base-conhecimento-licitacoes\05_Doutrina_e_Biblioteca\Biblioteca_Manuais_e_Cursos\Manuais\Transformação do Estado no Brasil- desenhando compras públicas, empresas estatais e infraestrutura públic (1).pdf"
IGNORADO_JA_EXISTE,pdf,C:\Users\thiagonogueira\OneDrive - mppi.mp.br\CLC\01_Processos_e_Aquisicoes\Base de Conhecimento - Thiago\02_Jurisprudencia_e_Orientacoes\Informativos_Julgamentos_TCE_PI\Primeira_C_mara_Virtual_1__C_mara___Sess_o_Ordin_ria_Virtual_de_13_a_17_de_julho.pdf,C:\Users\thiagonogueira\Dev\base-conhecimento-licitacoes\02_Jurisprudencia_e_Orientacoes\Informativos_Julgamentos_TCE_PI\Primeira_C_mara_Virtual_1__C_mara___Sess_o_Ordin_ria_Virtual_de_13_a_17_de_julho.pdf
IGNORADO_JA_EXISTE,pdf,C:\Users\thiagonogueira\OneDrive - mppi.mp.br\CLC\01_Processos_e_Aquisicoes\Base de Conhecimento - Thiago\05_Doutrina_e_Biblioteca\Biblioteca_Manuais_e_Cursos\Manuais\TutorialContrataesPresenciais.pdf,C:\Users\thiagonogueira\Dev\base-conhecimento-licitacoes\05_Doutrina_e_Biblioteca\Biblioteca_Manuais_e_Cursos\Manuais\TutorialContrataesPresenciais.pdf
IGNORADO_JA_EXISTE,pdf,C:\Users\thiagonogueira\OneDrive - mppi.mp.br\CLC\01_Processos_e_Aquisicoes\Base de Conhecimento - Thiago\02_Jurisprudencia_e_Orientacoes\Informativos_Julgamentos_TCE_PI\Primeira_C_mara_Virtual_1__C_mara___Sess_o_Ordin_ria_Virtual_de_14_a_18_de_setem.pdf,C:\Users\thiagonogueira\Dev\base-conhecimento-licitacoes\02_Jurisprudencia_e_Orientacoes\Informativos_Julgamentos_TCE_PI\Primeira_C_mara_Virtual_1__C_mara___Sess_o_Ordin_ria_Virtual_de_14_a_18_de_setem.pdf
IGNORADO_JA_EXISTE,pdf,C:\Users\thiagonogueira\OneDrive - mppi.mp.br\CLC\01_Processos_e_Aquisicoes\Base de Conhecimento - Thiago\05_Doutrina_e_Biblioteca\Biblioteca_Manuais_e_Cursos\Manuais\PARECER Nº 00023-2025-CGAQ-BSB-SCGP-CGU-AGU (1).pdf,C:\Users\thiagonogueira\Dev\base-conhecimento-licitacoes\05_Doutrina_e_Biblioteca\Biblioteca_Manuais_e_Cursos\Manuais\PARECER Nº 00023-2025-CGAQ-BSB-SCGP-CGU-AGU (1).pdf
IGNORADO_JA_EXISTE,pdf,C:\Users\thiagonogueira\OneDrive - mppi.mp.br\CLC\01_Processos_e_Aquisicoes\Base de Conhecimento - Thiago\03_Modelos_e_Minutas\Modelos_SEAD_PI\CARTILHA-DE-MENSAGENS-PADRONIZADAS-PARA-AGENTE-DE-CONTRATACAO.pdf,C:\Users\thiagonogueira\Dev\base-conhecimento-licitacoes\03_Modelos_e_Minutas\Modelos_SEAD_PI\CARTILHA-DE-MENSAGENS-PADRONIZADAS-PARA-AGENTE-DE-CONTRATACAO.pdf
IGNORADO_JA_EXISTE,pdf,C:\Users\thiagonogueira\OneDrive - mppi.mp.br\CLC\01_Processos_e_Aquisicoes\Base de Conhecimento - Thiago\05_Doutrina_e_Biblioteca\Biblioteca_Manuais_e_Cursos\Manuais\Parecer1776093267.pdf,C:\Users\thiagonogueira\Dev\base-conhecimento-licitacoes\05_Doutrina_e_Biblioteca\Biblioteca_Manuais_e_Cursos\Manuais\Parecer1776093267.pdf
IGNORADO_JA_EXISTE,pdf,C:\Users\thiagonogueira\OneDrive - mppi.mp.br\CLC\01_Processos_e_Aquisicoes\Base de Conhecimento - Thiago\04_Sistemas_e_Catalogos\Orcamento_LOA_2026\loa-2026-anexo-ii-receitas.pdf,C:\Users\thiagonogueira\Dev\base-conhecimento-licitacoes\04_Sistemas_e_Catalogos\Orcamento_LOA_2026\loa-2026-anexo-ii-receitas.pdf
IGNORADO_JA_EXISTE,pdf,C:\Users\thiagonogueira\OneDrive - mppi.mp.br\CLC\01_Processos_e_Aquisicoes\Base de Conhecimento - Thiago\01_Normativos_Vigentes\02_Estadual_PI\Decretos\Decreto Estadual - n11.346302004 - 2004.pdf,C:\Users\thiagonogueira\Dev\base-conhecimento-licitacoes\01_Normativos_Vigentes\02_Estadual_PI\Decretos\Decreto Estadual - n11.346302004 - 2004.pdf
IGNORADO_JA_EXISTE,pdf,C:\Users\thiagonogueira\OneDrive - mppi.mp.br\CLC\01_Processos_e_Aquisicoes\Base de Conhecimento - Thiago\05_Doutrina_e_Biblioteca\Biblioteca_Manuais_e_Cursos\Manuais\Decreto PMT 24750.2023.pdf,C:\Users\thiagonogueira\Dev\base-conhecimento-licitacoes\05_Doutrina_e_Biblioteca\Biblioteca_Manuais_e_Cursos\Manuais\Decreto PMT 24750.2023.pdf
IGNORADO_JA_EXISTE,pdf,C:\Users\thiagonogueira\OneDrive - mppi.mp.br\CLC\01_Processos_e_Aquisicoes\Base de Conhecimento - Thiago\05_Doutrina_e_Biblioteca\Biblioteca_Manuais_e_Cursos\Curso_Imersao_Contratacoes_Diretas\1.3 - Ponto_de_vista_II_Profa_Suzana_Rossetti.pdf,C:\Users\thiagonogueira\Dev\base-conhecimento-licitacoes\05_Doutrina_e_Biblioteca\Biblioteca_Manuais_e_Cursos\Curso_Imersao_Contratacoes_Diretas\1.3 - Ponto_de_vista_II_Profa_Suzana_Rossetti.pdf
IGNORADO_JA_EXISTE,pdf,C:\Users\thiagonogueira\OneDrive - mppi.mp.br\CLC\01_Processos_e_Aquisicoes\Base de Conhecimento - Thiago\02_Jurisprudencia_e_Orientacoes\Informativos_Julgamentos_TCE_PI\Plen_rio_Presencial_Pleno___Sess_o_Ordin_ria_Presencial_n__21_de_15_de_dezembro_.pdf,C:\Users\thiagonogueira\Dev\base-conhecimento-licitacoes\02_Jurisprudencia_e_Orientacoes\Informativos_Julgamentos_TCE_PI\Plen_rio_Presencial_Pleno___Sess_o_Ordin_ria_Presencial_n__21_de_15_de_dezembro_.pdf
IGNORADO_JA_EXISTE,pdf,C:\Users\thiagonogueira\OneDrive - mppi.mp.br\CLC\01_Processos_e_Aquisicoes\Base de Conhecimento - Thiago\01_Normativos_Vigentes\02_Estadual_PI\Decretos\DECRETO - n11.319 - 2004.pdf,C:\Users\thiagonogueira\Dev\base-conhecimento-licitacoes\01_Normativos_Vigentes\02_Estadual_PI\Decretos\DECRETO - n11.319 - 2004.pdf
IGNORADO_JA_EXISTE,pdf,C:\Users\thiagonogueira\OneDrive - mppi.mp.br\CLC\01_Processos_e_Aquisicoes\Base de Conhecimento - Thiago\SIte_PGE_PI\Adesão ARP Gerenciada pela SEAD\Lei-14133-Lista-de-Verificacao-Adesao-SEAD.pdf,C:\Users\thiagonogueira\Dev\base-conhecimento-licitacoes\SIte_PGE_PI\Adesão ARP Gerenciada pela SEAD\Lei-14133-Lista-de-Verificacao-Adesao-SEAD.pdf
IGNORADO_JA_EXISTE,pdf,C:\Users\thiagonogueira\OneDrive - mppi.mp.br\CLC\01_Processos_e_Aquisicoes\Base de Conhecimento - Thiago\02_Jurisprudencia_e_Orientacoes\Informativos_Julgamentos_TCE_PI\Primeira_C_mara_Virtual_1__C_mara___Sess_o_Ordin_ria_Virtual_de_25_a_29_de_maio_.pdf,C:\Users\thiagonogueira\Dev\base-conhecimento-licitacoes\02_Jurisprudencia_e_Orientacoes\Informativos_Julgamentos_TCE_PI\Primeira_C_mara_Virtual_1__C_mara___Sess_o_Ordin_ria_Virtual_de_25_a_29_de_maio_.pdf
IGNORADO_JA_EXISTE,pdf,C:\Users\thiagonogueira\OneDrive - mppi.mp.br\CLC\01_Processos_e_Aquisicoes\Base de Conhecimento - Thiago\02_Jurisprudencia_e_Orientacoes\Informativos_Julgamentos_TCE_PI\Plen_rio_Presencial_Pleno___Sess_o_Ordin_ria_Presencial_n__016_de_20_de_agosto_d.pdf,C:\Users\thiagonogueira\Dev\base-conhecimento-licitacoes\02_Jurisprudencia_e_Orientacoes\Informativos_Julgamentos_TCE_PI\Plen_rio_Presencial_Pleno___Sess_o_Ordin_ria_Presencial_n__016_de_20_de_agosto_d.pdf
IGNORADO_JA_EXISTE,pdf,C:\Users\thiagonogueira\OneDrive - mppi.mp.br\CLC\01_Processos_e_Aquisicoes\Base de Conhecimento - Thiago\05_Doutrina_e_Biblioteca\Biblioteca_Manuais_e_Cursos\Apresentação - Da Especificação do Objeto ao Orçamento Estimado.pdf,C:\Users\thiagonogueira\Dev\base-conhecimento-licitacoes\05_Doutrina_e_Biblioteca\Biblioteca_Manuais_e_Cursos\Apresentação - Da Especificação do Objeto ao Orçamento Estimado.pdf
IGNORADO_JA_EXISTE,pdf,C:\Users\thiagonogueira\OneDrive - mppi.mp.br\CLC\01_Processos_e_Aquisicoes\Base de Conhecimento - Thiago\01_Normativos_Vigentes\03_MPPI\Portarias\Portaria PGJMPPI - n3315.0 - 2025.pdf,C:\Users\thiagonogueira\Dev\base-conhecimento-licitacoes\01_Normativos_Vigentes\03_MPPI\Portarias\Portaria PGJMPPI - n3315.0 - 2025.pdf
IGNORADO_JA_EXISTE,pdf,C:\Users\thiagonogueira\OneDrive - mppi.mp.br\CLC\01_Processos_e_Aquisicoes\Base de Conhecimento - Thiago\02_Jurisprudencia_e_Orientacoes\Informativos_Julgamentos_TCE_PI\Primeira_C_mara_Virtual_1__C_mara___Sess_o_Ordin_ria_Virtual_de_8_a_12_de_junho_.pdf,C:\Users\thiagonogueira\Dev\base-conhecimento-licitacoes\02_Jurisprudencia_e_Orientacoes\Informativos_Julgamentos_TCE_PI\Primeira_C_mara_Virtual_1__C_mara___Sess_o_Ordin_ria_Virtual_de_8_a_12_de_junho_.pdf
IGNORADO_JA_EXISTE,pdf,C:\Users\thiagonogueira\OneDrive - mppi.mp.br\CLC\01_Processos_e_Aquisicoes\Base de Conhecimento - Thiago\SIte_PGE_PI\LV - Prorrogação Não Contínuos\Lei-14133-Lista-de-Verificacao-Prorrogacao-Obras-Servicos-ou-Fornecimentos-nao-continuados-DOE.pdf,C:\Users\thiagonogueira\Dev\base-conhecimento-licitacoes\SIte_PGE_PI\LV - Prorrogação Não Contínuos\Lei-14133-Lista-de-Verificacao-Prorrogacao-Obras-Servicos-ou-Fornecimentos-nao-continuados-DOE.pdf
IGNORADO_JA_EXISTE,pdf,"C:\Users\thiagonogueira\OneDrive - mppi.mp.br\CLC\01_Processos_e_Aquisicoes\Base de Conhecimento - Thiago\05_Doutrina_e_Biblioteca\Biblioteca_Manuais_e_Cursos\Manuais\Artigo - A fase recursal na nova Lei de Licitaçõesuma análise comparativa com as Leis n°8.66693, 10.5202002 e 12.462.pdf","C:\Users\thiagonogueira\Dev\base-conhecimento-licitacoes\05_Doutrina_e_Biblioteca\Biblioteca_Manuais_e_Cursos\Manuais\Artigo - A fase recursal na nova Lei de Licitaçõesuma análise comparativa com as Leis n°8.66693, 10.5202002 e 12.462.pdf"
IGNORADO_JA_EXISTE,pdf,C:\Users\thiagonogueira\OneDrive - mppi.mp.br\CLC\01_Processos_e_Aquisicoes\Base de Conhecimento - Thiago\02_Jurisprudencia_e_Orientacoes\Informativos_Julgamentos_TCE_PI\Plen_rio_Presencial_Pleno___Sess_o_Ordin_ria_Presencial_n__05_de_26_de_mar_o_de_.pdf,C:\Users\thiagonogueira\Dev\base-conhecimento-licitacoes\02_Jurisprudencia_e_Orientacoes\Informativos_Julgamentos_TCE_PI\Plen_rio_Presencial_Pleno___Sess_o_Ordin_ria_Presencial_n__05_de_26_de_mar_o_de_.pdf
IGNORADO_JA_EXISTE,pdf,C:\Users\thiagonogueira\OneDrive - mppi.mp.br\CLC\01_Processos_e_Aquisicoes\Base de Conhecimento - Thiago\01_Normativos_Vigentes\02_Estadual_PI\Decretos\Decreto Estadual - n17.084032017 - 2017.pdf,C:\Users\thiagonogueira\Dev\base-conhecimento-licitacoes\01_Normativos_Vigentes\02_Estadual_PI\Decretos\Decreto Estadual - n17.084032017 - 2017.pdf
IGNORADO_JA_EXISTE,pdf,C:\Users\thiagonogueira\OneDrive - mppi.mp.br\CLC\01_Processos_e_Aquisicoes\Base de Conhecimento - Thiago\04_Sistemas_e_Catalogos\Orcamento_LOA_2026\qdd-2026-judiciario.pdf,C:\Users\thiagonogueira\Dev\base-conhecimento-licitacoes\04_Sistemas_e_Catalogos\Orcamento_LOA_2026\qdd-2026-judiciario.pdf
IGNORADO_JA_EXISTE,pdf,"C:\Users\thiagonogueira\OneDrive - mppi.mp.br\CLC\01_Processos_e_Aquisicoes\Base de Conhecimento - Thiago\01_Normativos_Vigentes\06_TJPI\Outros_Normativos\SEI_TJPI - 6640734 - Provimento 13.2025 - Regulamenta Obras, serviços, compras e alienações n.pdf","C:\Users\thiagonogueira\Dev\base-conhecimento-licitacoes\01_Normativos_Vigentes\06_TJPI\Outros_Normativos\SEI_TJPI - 6640734 - Provimento 13.2025 - Regulamenta Obras, serviços, compras e alienações n.pdf"
IGNORADO_JA_EXISTE,pdf,C:\Users\thiagonogueira\OneDrive - mppi.mp.br\CLC\01_Processos_e_Aquisicoes\Base de Conhecimento - Thiago\02_Jurisprudencia_e_Orientacoes\Boletins_TCE_PI\merged 2024.pdf,C:\Users\thiagonogueira\Dev\base-conhecimento-licitacoes\02_Jurisprudencia_e_Orientacoes\Boletins_TCE_PI\merged 2024.pdf
IGNORADO_JA_EXISTE,pdf,C:\Users\thiagonogueira\OneDrive - mppi.mp.br\CLC\01_Processos_e_Aquisicoes\Base de Conhecimento - Thiago\05_Doutrina_e_Biblioteca\Biblioteca_Manuais_e_Cursos\Cartilha Portal da Transparencia TCE.pdf,C:\Users\thiagonogueira\Dev\base-conhecimento-licitacoes\05_Doutrina_e_Biblioteca\Biblioteca_Manuais_e_Cursos\Cartilha Portal da Transparencia TCE.pdf
IGNORADO_JA_EXISTE,pdf,C:\Users\thiagonogueira\OneDrive - mppi.mp.br\CLC\01_Processos_e_Aquisicoes\Base de Conhecimento - Thiago\01_Normativos_Vigentes\02_Estadual_PI\Decretos\Decreto Estadual - n11.320132004 - 2004.pdf,C:\Users\thiagonogueira\Dev\base-conhecimento-licitacoes\01_Normativos_Vigentes\02_Estadual_PI\Decretos\Decreto Estadual - n11.320132004 - 2004.pdf
IGNORADO_JA_EXISTE,pdf,C:\Users\thiagonogueira\OneDrive - mppi.mp.br\CLC\01_Processos_e_Aquisicoes\Base de Conhecimento - Thiago\04_Sistemas_e_Catalogos\Orcamento_LOA_2026\loa-2026-anexo-i-demonstrativos-consolidados.pdf,C:\Users\thiagonogueira\Dev\base-conhecimento-licitacoes\04_Sistemas_e_Catalogos\Orcamento_LOA_2026\loa-2026-anexo-i-demonstrativos-consolidados.pdf
IGNORADO_JA_EXISTE,pdf,C:\Users\thiagonogueira\OneDrive - mppi.mp.br\CLC\01_Processos_e_Aquisicoes\Base de Conhecimento - Thiago\01_Normativos_Vigentes\03_MPPI\Atos\Ato PGJMPPI - n1415.0 - 2024.pdf,C:\Users\thiagonogueira\Dev\base-conhecimento-licitacoes\01_Normativos_Vigentes\03_MPPI\Atos\Ato PGJMPPI - n1415.0 - 2024.pdf
IGNORADO_JA_EXISTE,pdf,C:\Users\thiagonogueira\OneDrive - mppi.mp.br\CLC\01_Processos_e_Aquisicoes\Base de Conhecimento - Thiago\04_Sistemas_e_Catalogos\Orcamento_LOA_2026\loa-2026-anexo-iv-despesa-por-poderes.pdf,C:\Users\thiagonogueira\Dev\base-conhecimento-licitacoes\04_Sistemas_e_Catalogos\Orcamento_LOA_2026\loa-2026-anexo-iv-despesa-por-poderes.pdf
IGNORADO_JA_EXISTE,pdf,C:\Users\thiagonogueira\OneDrive - mppi.mp.br\CLC\01_Processos_e_Aquisicoes\Base de Conhecimento - Thiago\02_Jurisprudencia_e_Orientacoes\Informativos_Julgamentos_TCE_PI\Plen_rio_Virtual_Pleno___Sess_o_Ordin_ria_Virtual_de_13_a_17_de_julho_de_2026_.pdf,C:\Users\thiagonogueira\Dev\base-conhecimento-licitacoes\02_Jurisprudencia_e_Orientacoes\Informativos_Julgamentos_TCE_PI\Plen_rio_Virtual_Pleno___Sess_o_Ordin_ria_Virtual_de_13_a_17_de_julho_de_2026_.pdf
IGNORADO_JA_EXISTE,pdf,C:\Users\thiagonogueira\OneDrive - mppi.mp.br\CLC\01_Processos_e_Aquisicoes\Base de Conhecimento - Thiago\01_Normativos_Vigentes\02_Estadual_PI\Decretos\Decreto Estadual - n20.110132021 - 2021.pdf,C:\Users\thiagonogueira\Dev\base-conhecimento-licitacoes\01_Normativos_Vigentes\02_Estadual_PI\Decretos\Decreto Estadual - n20.110132021 - 2021.pdf
IGNORADO_JA_EXISTE,pdf,C:\Users\thiagonogueira\OneDrive - mppi.mp.br\CLC\01_Processos_e_Aquisicoes\Base de Conhecimento - Thiago\02_Jurisprudencia_e_Orientacoes\Informativos_Julgamentos_TCE_PI\Primeira_C_mara_Virtual_1__C_mara___Sess_o_Ordin_ria_Virtual_de_27_a_30_de_abril.pdf,C:\Users\thiagonogueira\Dev\base-conhecimento-licitacoes\02_Jurisprudencia_e_Orientacoes\Informativos_Julgamentos_TCE_PI\Primeira_C_mara_Virtual_1__C_mara___Sess_o_Ordin_ria_Virtual_de_27_a_30_de_abril.pdf
IGNORADO_JA_EXISTE,pdf,C:\Users\thiagonogueira\OneDrive - mppi.mp.br\CLC\01_Processos_e_Aquisicoes\Base de Conhecimento - Thiago\05_Doutrina_e_Biblioteca\Biblioteca_Manuais_e_Cursos\Slides - 50 Erros mais Comuns em Licitações.pdf,C:\Users\thiagonogueira\Dev\base-conhecimento-licitacoes\05_Doutrina_e_Biblioteca\Biblioteca_Manuais_e_Cursos\Slides - 50 Erros mais Comuns em Licitações.pdf
IGNORADO_JA_EXISTE,pdf,C:\Users\thiagonogueira\OneDrive - mppi.mp.br\CLC\01_Processos_e_Aquisicoes\Base de Conhecimento - Thiago\02_Jurisprudencia_e_Orientacoes\Informativos_Julgamentos_TCE_PI\Primeira_C_mara_Presencial_1__C_mara___Sess_o_Ordin_ria_Presencial_n__05_de_24_d.pdf,C:\Users\thiagonogueira\Dev\base-conhecimento-licitacoes\02_Jurisprudencia_e_Orientacoes\Informativos_Julgamentos_TCE_PI\Primeira_C_mara_Presencial_1__C_mara___Sess_o_Ordin_ria_Presencial_n__05_de_24_d.pdf
IGNORADO_JA_EXISTE,pdf,C:\Users\thiagonogueira\OneDrive - mppi.mp.br\CLC\01_Processos_e_Aquisicoes\Base de Conhecimento - Thiago\02_Jurisprudencia_e_Orientacoes\Informativos_Julgamentos_TCE_PI\Primeira_C_mara_Virtual_1__C_mara___Sess_o_Ordin_ria_Virtual_de_15_a_19_de_junho.pdf,C:\Users\thiagonogueira\Dev\base-conhecimento-licitacoes\02_Jurisprudencia_e_Orientacoes\Informativos_Julgamentos_TCE_PI\Primeira_C_mara_Virtual_1__C_mara___Sess_o_Ordin_ria_Virtual_de_15_a_19_de_junho.pdf
IGNORADO_JA_EXISTE,pdf,C:\Users\thiagonogueira\OneDrive - mppi.mp.br\CLC\01_Processos_e_Aquisicoes\Base de Conhecimento - Thiago\04_Sistemas_e_Catalogos\Manuais_Sistemas_Oficiais\Compras.gov.br – Tutorial compras executivo (jan-2026).pdf,C:\Users\thiagonogueira\Dev\base-conhecimento-licitacoes\04_Sistemas_e_Catalogos\Manuais_Sistemas_Oficiais\Compras.gov.br – Tutorial compras executivo (jan-2026).pdf
IGNORADO_JA_EXISTE,pdf,C:\Users\thiagonogueira\OneDrive - mppi.mp.br\CLC\01_Processos_e_Aquisicoes\Base de Conhecimento - Thiago\05_Doutrina_e_Biblioteca\Biblioteca_Manuais_e_Cursos\Cartilha do Fiscal de Contratos - TCE-PI.pdf,C:\Users\thiagonogueira\Dev\base-conhecimento-licitacoes\05_Doutrina_e_Biblioteca\Biblioteca_Manuais_e_Cursos\Cartilha do Fiscal de Contratos - TCE-PI.pdf
IGNORADO_JA_EXISTE,pdf,C:\Users\thiagonogueira\OneDrive - mppi.mp.br\CLC\01_Processos_e_Aquisicoes\Base de Conhecimento - Thiago\01_Normativos_Vigentes\05_TCE_PI\Resolucoes\Resolução TCE-PI 041.2023 - ETP e TR (compilada com Res 02.2026).pdf,C:\Users\thiagonogueira\Dev\base-conhecimento-licitacoes\01_Normativos_Vigentes\05_TCE_PI\Resolucoes\Resolução TCE-PI 041.2023 - ETP e TR (compilada com Res 02.2026).pdf
IGNORADO_JA_EXISTE,pdf,C:\Users\thiagonogueira\OneDrive - mppi.mp.br\CLC\01_Processos_e_Aquisicoes\Base de Conhecimento - Thiago\02_Jurisprudencia_e_Orientacoes\Informativos_Julgamentos_TCE_PI\Segunda_C_mara_Virtual_2__C_mara___Sess_o_Ordin_ria_Virtual_de_27_a_31_de_julho_.pdf,C:\Users\thiagonogueira\Dev\base-conhecimento-licitacoes\02_Jurisprudencia_e_Orientacoes\Informativos_Julgamentos_TCE_PI\Segunda_C_mara_Virtual_2__C_mara___Sess_o_Ordin_ria_Virtual_de_27_a_31_de_julho_.pdf
IGNORADO_JA_EXISTE,pdf,C:\Users\thiagonogueira\OneDrive - mppi.mp.br\CLC\01_Processos_e_Aquisicoes\Base de Conhecimento - Thiago\SIte_PGE_PI\Pregão Eletrônico - Bens e Serviços\01-Lei-14133-Lista-de-Verificacao-Pregao-Eletronico-SEM-SRP-Outubro-2025.pdf,C:\Users\thiagonogueira\Dev\base-conhecimento-licitacoes\SIte_PGE_PI\Pregão Eletrônico - Bens e Serviços\01-Lei-14133-Lista-de-Verificacao-Pregao-Eletronico-SEM-SRP-Outubro-2025.pdf
IGNORADO_JA_EXISTE,pdf,C:\Users\thiagonogueira\OneDrive - mppi.mp.br\CLC\01_Processos_e_Aquisicoes\Base de Conhecimento - Thiago\05_Doutrina_e_Biblioteca\Biblioteca_Manuais_e_Cursos\Curso_Imersao_Contratacoes_Diretas\1.2 - Ponto_de_vista_I_Profa_Michelle_Marry.pdf,C:\Users\thiagonogueira\Dev\base-conhecimento-licitacoes\05_Doutrina_e_Biblioteca\Biblioteca_Manuais_e_Cursos\Curso_Imersao_Contratacoes_Diretas\1.2 - Ponto_de_vista_I_Profa_Michelle_Marry.pdf
IGNORADO_JA_EXISTE,pdf,C:\Users\thiagonogueira\OneDrive - mppi.mp.br\CLC\01_Processos_e_Aquisicoes\Base de Conhecimento - Thiago\TEMPORRIOManualContratosGov.brVersoOriginal1.40.0jun.2026rascunho.pdf,C:\Users\thiagonogueira\Dev\base-conhecimento-licitacoes\TEMPORRIOManualContratosGov.brVersoOriginal1.40.0jun.2026rascunho.pdf
IGNORADO_JA_EXISTE,pdf,C:\Users\thiagonogueira\OneDrive - mppi.mp.br\CLC\01_Processos_e_Aquisicoes\Base de Conhecimento - Thiago\05_Doutrina_e_Biblioteca\Biblioteca_Manuais_e_Cursos\Cartilha de Retencoes Tributarias nos Contratos e Convenios - SEFAZ-PI.pdf,C:\Users\thiagonogueira\Dev\base-conhecimento-licitacoes\05_Doutrina_e_Biblioteca\Biblioteca_Manuais_e_Cursos\Cartilha de Retencoes Tributarias nos Contratos e Convenios - SEFAZ-PI.pdf
IGNORADO_JA_EXISTE,pdf,C:\Users\thiagonogueira\OneDrive - mppi.mp.br\CLC\01_Processos_e_Aquisicoes\Base de Conhecimento - Thiago\05_Doutrina_e_Biblioteca\Biblioteca_Manuais_e_Cursos\Curso_Imersao_Contratacoes_Diretas\Laboratório_Professor_Thiago_Zagatto.pdf,C:\Users\thiagonogueira\Dev\base-conhecimento-licitacoes\05_Doutrina_e_Biblioteca\Biblioteca_Manuais_e_Cursos\Curso_Imersao_Contratacoes_Diretas\Laboratório_Professor_Thiago_Zagatto.pdf
IGNORADO_JA_EXISTE,pdf,C:\Users\thiagonogueira\OneDrive - mppi.mp.br\CLC\01_Processos_e_Aquisicoes\Base de Conhecimento - Thiago\04_Sistemas_e_Catalogos\Orcamento_LOA_2026\qdd-2026-executivo.pdf,C:\Users\thiagonogueira\Dev\base-conhecimento-licitacoes\04_Sistemas_e_Catalogos\Orcamento_LOA_2026\qdd-2026-executivo.pdf
IGNORADO_JA_EXISTE,pdf,C:\Users\thiagonogueira\OneDrive - mppi.mp.br\CLC\01_Processos_e_Aquisicoes\Base de Conhecimento - Thiago\SIte_PGE_PI\Cessão Gratuita de Bem Imovel\DOEPI_179_2024.pdf,C:\Users\thiagonogueira\Dev\base-conhecimento-licitacoes\SIte_PGE_PI\Cessão Gratuita de Bem Imovel\DOEPI_179_2024.pdf
IGNORADO_JA_EXISTE,pdf,C:\Users\thiagonogueira\OneDrive - mppi.mp.br\CLC\01_Processos_e_Aquisicoes\Base de Conhecimento - Thiago\02_Jurisprudencia_e_Orientacoes\Informativos_Julgamentos_TCE_PI\Segunda_C_mara_Virtual_2__C_mara___Sess_o_Ordin_ria_Virtual_de_22_a_26_de_junho_.pdf,C:\Users\thiagonogueira\Dev\base-conhecimento-licitacoes\02_Jurisprudencia_e_Orientacoes\Informativos_Julgamentos_TCE_PI\Segunda_C_mara_Virtual_2__C_mara___Sess_o_Ordin_ria_Virtual_de_22_a_26_de_junho_.pdf
IGNORADO_JA_EXISTE,pdf,C:\Users\thiagonogueira\OneDrive - mppi.mp.br\CLC\01_Processos_e_Aquisicoes\Base de Conhecimento - Thiago\05_Doutrina_e_Biblioteca\Biblioteca_Manuais_e_Cursos\Manuais\Publicação - 2º Simpósio de Licitações e Contratos da Justiça Federal - Enunciados aprovados.pdf,C:\Users\thiagonogueira\Dev\base-conhecimento-licitacoes\05_Doutrina_e_Biblioteca\Biblioteca_Manuais_e_Cursos\Manuais\Publicação - 2º Simpósio de Licitações e Contratos da Justiça Federal - Enunciados aprovados.pdf
IGNORADO_JA_EXISTE,pdf,C:\Users\thiagonogueira\OneDrive - mppi.mp.br\CLC\01_Processos_e_Aquisicoes\Base de Conhecimento - Thiago\01_Normativos_Vigentes\03_MPPI\Portarias\Portaria PGJMPPI - n4335.0 - 2024.pdf,C:\Users\thiagonogueira\Dev\base-conhecimento-licitacoes\01_Normativos_Vigentes\03_MPPI\Portarias\Portaria PGJMPPI - n4335.0 - 2024.pdf
IGNORADO_JA_EXISTE,pdf,C:\Users\thiagonogueira\OneDrive - mppi.mp.br\CLC\01_Processos_e_Aquisicoes\Base de Conhecimento - Thiago\05_Doutrina_e_Biblioteca\Biblioteca_Manuais_e_Cursos\Manuais\Guia_boas_praticas_contratacoes_publicas_publicidade_4749af44f2.pdf,C:\Users\thiagonogueira\Dev\base-conhecimento-licitacoes\05_Doutrina_e_Biblioteca\Biblioteca_Manuais_e_Cursos\Manuais\Guia_boas_praticas_contratacoes_publicas_publicidade_4749af44f2.pdf
IGNORADO_JA_EXISTE,pdf,C:\Users\thiagonogueira\OneDrive - mppi.mp.br\CLC\01_Processos_e_Aquisicoes\Base de Conhecimento - Thiago\05_Doutrina_e_Biblioteca\Biblioteca_Manuais_e_Cursos\Manuais\ORIENTACAO-TECNICA-REEQUILIBRIO-ECONOMICO-FINANCEIRO.pdf,C:\Users\thiagonogueira\Dev\base-conhecimento-licitacoes\05_Doutrina_e_Biblioteca\Biblioteca_Manuais_e_Cursos\Manuais\ORIENTACAO-TECNICA-REEQUILIBRIO-ECONOMICO-FINANCEIRO.pdf
IGNORADO_JA_EXISTE,pdf,C:\Users\thiagonogueira\OneDrive - mppi.mp.br\CLC\01_Processos_e_Aquisicoes\Base de Conhecimento - Thiago\05_Doutrina_e_Biblioteca\Biblioteca_Manuais_e_Cursos\Manuais\Nota Técnica 5-2024 (Dispensa Licitação Eletrônica).pdf,C:\Users\thiagonogueira\Dev\base-conhecimento-licitacoes\05_Doutrina_e_Biblioteca\Biblioteca_Manuais_e_Cursos\Manuais\Nota Técnica 5-2024 (Dispensa Licitação Eletrônica).pdf
IGNORADO_JA_EXISTE,pdf,C:\Users\thiagonogueira\OneDrive - mppi.mp.br\CLC\01_Processos_e_Aquisicoes\Base de Conhecimento - Thiago\01_Normativos_Vigentes\02_Estadual_PI\Decretos\Decreto Estadual - n15.943192015 - 2015.pdf,C:\Users\thiagonogueira\Dev\base-conhecimento-licitacoes\01_Normativos_Vigentes\02_Estadual_PI\Decretos\Decreto Estadual - n15.943192015 - 2015.pdf
IGNORADO_JA_EXISTE,pdf,C:\Users\thiagonogueira\OneDrive - mppi.mp.br\CLC\01_Processos_e_Aquisicoes\Base de Conhecimento - Thiago\05_Doutrina_e_Biblioteca\Biblioteca_Manuais_e_Cursos\Jornada de Compras Publicas de Inovacao.pdf,C:\Users\thiagonogueira\Dev\base-conhecimento-licitacoes\05_Doutrina_e_Biblioteca\Biblioteca_Manuais_e_Cursos\Jornada de Compras Publicas de Inovacao.pdf
IGNORADO_JA_EXISTE,pdf,"C:\Users\thiagonogueira\OneDrive - mppi.mp.br\CLC\01_Processos_e_Aquisicoes\Base de Conhecimento - Thiago\04_Sistemas_e_Catalogos\Manuais_Sistemas_Oficiais\Compras.gov.br - Tutorial de eventos de anulação, suspensão e revogação.pdf","C:\Users\thiagonogueira\Dev\base-conhecimento-licitacoes\04_Sistemas_e_Catalogos\Manuais_Sistemas_Oficiais\Compras.gov.br - Tutorial de eventos de anulação, suspensão e revogação.pdf"
IGNORADO_JA_EXISTE,pdf,C:\Users\thiagonogueira\OneDrive - mppi.mp.br\CLC\01_Processos_e_Aquisicoes\Base de Conhecimento - Thiago\05_Doutrina_e_Biblioteca\Biblioteca_Manuais_e_Cursos\Manuais\Relatório - CGU – Relatório de Avaliação- impacto do uso do orçamento sigiloso e dos modos de disputa.pdf,C:\Users\thiagonogueira\Dev\base-conhecimento-licitacoes\05_Doutrina_e_Biblioteca\Biblioteca_Manuais_e_Cursos\Manuais\Relatório - CGU – Relatório de Avaliação- impacto do uso do orçamento sigiloso e dos modos de disputa.pdf
IGNORADO_JA_EXISTE,pdf,C:\Users\thiagonogueira\OneDrive - mppi.mp.br\CLC\01_Processos_e_Aquisicoes\Base de Conhecimento - Thiago\02_Jurisprudencia_e_Orientacoes\Informativos_Julgamentos_TCE_PI\Plen_rio_Virtual_Pleno___Sess_o_Ordin_ria_Virtual_de_18_a_22_de_maio_de_2026_.pdf,C:\Users\thiagonogueira\Dev\base-conhecimento-licitacoes\02_Jurisprudencia_e_Orientacoes\Informativos_Julgamentos_TCE_PI\Plen_rio_Virtual_Pleno___Sess_o_Ordin_ria_Virtual_de_18_a_22_de_maio_de_2026_.pdf
IGNORADO_JA_EXISTE,pdf,C:\Users\thiagonogueira\OneDrive - mppi.mp.br\CLC\01_Processos_e_Aquisicoes\Base de Conhecimento - Thiago\01_Normativos_Vigentes\06_TJPI\Outros_Normativos\SEI_TJPI - 7097234 - Análise de Primeira Linha da SLC.pdf,C:\Users\thiagonogueira\Dev\base-conhecimento-licitacoes\01_Normativos_Vigentes\06_TJPI\Outros_Normativos\SEI_TJPI - 7097234 - Análise de Primeira Linha da SLC.pdf
IGNORADO_JA_EXISTE,pdf,C:\Users\thiagonogueira\OneDrive - mppi.mp.br\CLC\01_Processos_e_Aquisicoes\Base de Conhecimento - Thiago\05_Doutrina_e_Biblioteca\Biblioteca_Manuais_e_Cursos\Manuais\TCE-SC - NOTA TÉCNICA Nº TC-19-2026.pdf,C:\Users\thiagonogueira\Dev\base-conhecimento-licitacoes\05_Doutrina_e_Biblioteca\Biblioteca_Manuais_e_Cursos\Manuais\TCE-SC - NOTA TÉCNICA Nº TC-19-2026.pdf
IGNORADO_JA_EXISTE,pdf,C:\Users\thiagonogueira\OneDrive - mppi.mp.br\CLC\01_Processos_e_Aquisicoes\Base de Conhecimento - Thiago\01_Normativos_Vigentes\03_MPPI\Atos\Ato PGJMPPI - n1480.0 - 2025.pdf,C:\Users\thiagonogueira\Dev\base-conhecimento-licitacoes\01_Normativos_Vigentes\03_MPPI\Atos\Ato PGJMPPI - n1480.0 - 2025.pdf
IGNORADO_JA_EXISTE,pdf,C:\Users\thiagonogueira\OneDrive - mppi.mp.br\CLC\01_Processos_e_Aquisicoes\Base de Conhecimento - Thiago\05_Doutrina_e_Biblioteca\Biblioteca_Manuais_e_Cursos\Manuais\PGE PI - Lista Pequeno Valor - Serviços e Compras - DOE.pdf,C:\Users\thiagonogueira\Dev\base-conhecimento-licitacoes\05_Doutrina_e_Biblioteca\Biblioteca_Manuais_e_Cursos\Manuais\PGE PI - Lista Pequeno Valor - Serviços e Compras - DOE.pdf
IGNORADO_JA_EXISTE,pdf,C:\Users\thiagonogueira\OneDrive - mppi.mp.br\CLC\01_Processos_e_Aquisicoes\Base de Conhecimento - Thiago\02_Jurisprudencia_e_Orientacoes\Informativos_Julgamentos_TCE_PI\Plen_rio_Virtual_Pleno___Sess_o_Ordin_ria_Virtual_de_08_a_12_de_junho_de_2026_.pdf,C:\Users\thiagonogueira\Dev\base-conhecimento-licitacoes\02_Jurisprudencia_e_Orientacoes\Informativos_Julgamentos_TCE_PI\Plen_rio_Virtual_Pleno___Sess_o_Ordin_ria_Virtual_de_08_a_12_de_junho_de_2026_.pdf
IGNORADO_JA_EXISTE,pdf,C:\Users\thiagonogueira\OneDrive - mppi.mp.br\CLC\01_Processos_e_Aquisicoes\Base de Conhecimento - Thiago\01_Normativos_Vigentes\02_Estadual_PI\Decretos\Decreto Estadual - n21.812092023 - 2023.pdf,C:\Users\thiagonogueira\Dev\base-conhecimento-licitacoes\01_Normativos_Vigentes\02_Estadual_PI\Decretos\Decreto Estadual - n21.812092023 - 2023.pdf
IGNORADO_JA_EXISTE,pdf,C:\Users\thiagonogueira\OneDrive - mppi.mp.br\CLC\01_Processos_e_Aquisicoes\Base de Conhecimento - Thiago\01_Normativos_Vigentes\05_TCE_PI\Resolucoes\Resolução TCE - n37.0 - 2024.pdf,C:\Users\thiagonogueira\Dev\base-conhecimento-licitacoes\01_Normativos_Vigentes\05_TCE_PI\Resolucoes\Resolução TCE - n37.0 - 2024.pdf
IGNORADO_JA_EXISTE,pdf,C:\Users\thiagonogueira\OneDrive - mppi.mp.br\CLC\01_Processos_e_Aquisicoes\Base de Conhecimento - Thiago\01_Normativos_Vigentes\06_TJPI\Portarias\Portaria_n_2899_2023-dispensa_licitacao.pdf,C:\Users\thiagonogueira\Dev\base-conhecimento-licitacoes\01_Normativos_Vigentes\06_TJPI\Portarias\Portaria_n_2899_2023-dispensa_licitacao.pdf
IGNORADO_JA_EXISTE,pdf,C:\Users\thiagonogueira\OneDrive - mppi.mp.br\CLC\01_Processos_e_Aquisicoes\Base de Conhecimento - Thiago\SIte_PGE_PI\Locação de Imóvel - Abril 2024\Lei-14133-Locacao-Imovel-DOE.pdf,C:\Users\thiagonogueira\Dev\base-conhecimento-licitacoes\SIte_PGE_PI\Locação de Imóvel - Abril 2024\Lei-14133-Locacao-Imovel-DOE.pdf
IGNORADO_JA_EXISTE,pdf,C:\Users\thiagonogueira\OneDrive - mppi.mp.br\CLC\01_Processos_e_Aquisicoes\Base de Conhecimento - Thiago\06_Paineis_e_Contratos_Historicos\PCA 2026 - Versão 3.0 - MPPI.pdf,C:\Users\thiagonogueira\Dev\base-conhecimento-licitacoes\06_Paineis_e_Contratos_Historicos\PCA 2026 - Versão 3.0 - MPPI.pdf
IGNORADO_JA_EXISTE,pdf,C:\Users\thiagonogueira\OneDrive - mppi.mp.br\CLC\01_Processos_e_Aquisicoes\Base de Conhecimento - Thiago\05_Doutrina_e_Biblioteca\Biblioteca_Manuais_e_Cursos\Slides - IA Aplicada nas Licitações.pdf,C:\Users\thiagonogueira\Dev\base-conhecimento-licitacoes\05_Doutrina_e_Biblioteca\Biblioteca_Manuais_e_Cursos\Slides - IA Aplicada nas Licitações.pdf
IGNORADO_JA_EXISTE,pdf,C:\Users\thiagonogueira\OneDrive - mppi.mp.br\CLC\01_Processos_e_Aquisicoes\Base de Conhecimento - Thiago\02_Jurisprudencia_e_Orientacoes\Informativos_Julgamentos_TCE_PI\Segunda_C_mara_Presencial_Segunda_C_mara___Sess_o_de_Julgamento_Presencial_n__20.pdf,C:\Users\thiagonogueira\Dev\base-conhecimento-licitacoes\02_Jurisprudencia_e_Orientacoes\Informativos_Julgamentos_TCE_PI\Segunda_C_mara_Presencial_Segunda_C_mara___Sess_o_de_Julgamento_Presencial_n__20.pdf
IGNORADO_JA_EXISTE,pdf,C:\Users\thiagonogueira\OneDrive - mppi.mp.br\CLC\01_Processos_e_Aquisicoes\Base de Conhecimento - Thiago\SIte_PGE_PI\Lista de Verificação - Contratação Direta - Obras\Lei-14133-Lista-de-Verificacao-Contratacao-Direta-Obras-DOE.pdf,C:\Users\thiagonogueira\Dev\base-conhecimento-licitacoes\SIte_PGE_PI\Lista de Verificação - Contratação Direta - Obras\Lei-14133-Lista-de-Verificacao-Contratacao-Direta-Obras-DOE.pdf
IGNORADO_JA_EXISTE,pdf,C:\Users\thiagonogueira\OneDrive - mppi.mp.br\CLC\01_Processos_e_Aquisicoes\Base de Conhecimento - Thiago\05_Doutrina_e_Biblioteca\Biblioteca_Manuais_e_Cursos\Modelo - Termo de Justificativa de Dispensa sem Disputa.pdf,C:\Users\thiagonogueira\Dev\base-conhecimento-licitacoes\05_Doutrina_e_Biblioteca\Biblioteca_Manuais_e_Cursos\Modelo - Termo de Justificativa de Dispensa sem Disputa.pdf
IGNORADO_JA_EXISTE,pdf,C:\Users\thiagonogueira\OneDrive - mppi.mp.br\CLC\01_Processos_e_Aquisicoes\Base de Conhecimento - Thiago\05_Doutrina_e_Biblioteca\Biblioteca_Manuais_e_Cursos\Manuais\Artigo - Sem Singularidade não há Inexigibilidade.pdf,C:\Users\thiagonogueira\Dev\base-conhecimento-licitacoes\05_Doutrina_e_Biblioteca\Biblioteca_Manuais_e_Cursos\Manuais\Artigo - Sem Singularidade não há Inexigibilidade.pdf
IGNORADO_JA_EXISTE,pdf,C:\Users\thiagonogueira\OneDrive - mppi.mp.br\CLC\01_Processos_e_Aquisicoes\Base de Conhecimento - Thiago\01_Normativos_Vigentes\02_Estadual_PI\Decretos\Decreto Estadual - n23.891122025 - 2025.pdf,C:\Users\thiagonogueira\Dev\base-conhecimento-licitacoes\01_Normativos_Vigentes\02_Estadual_PI\Decretos\Decreto Estadual - n23.891122025 - 2025.pdf
IGNORADO_JA_EXISTE,pdf,C:\Users\thiagonogueira\OneDrive - mppi.mp.br\CLC\01_Processos_e_Aquisicoes\Base de Conhecimento - Thiago\02_Jurisprudencia_e_Orientacoes\Informativos_Julgamentos_TCE_PI\Segunda_C_mara_Presencial_2__C_mara___Sess_o_Ordin_ria_Presencial_n__15_de_02_de.pdf,C:\Users\thiagonogueira\Dev\base-conhecimento-licitacoes\02_Jurisprudencia_e_Orientacoes\Informativos_Julgamentos_TCE_PI\Segunda_C_mara_Presencial_2__C_mara___Sess_o_Ordin_ria_Presencial_n__15_de_02_de.pdf
IGNORADO_JA_EXISTE,pdf,C:\Users\thiagonogueira\OneDrive - mppi.mp.br\CLC\01_Processos_e_Aquisicoes\Base de Conhecimento - Thiago\05_Doutrina_e_Biblioteca\Suprimento_de_Fundos\Você sabe quanto custa uma licitação_.pdf,C:\Users\thiagonogueira\Dev\base-conhecimento-licitacoes\05_Doutrina_e_Biblioteca\Suprimento_de_Fundos\Você sabe quanto custa uma licitação_.pdf
IGNORADO_JA_EXISTE,pdf,C:\Users\thiagonogueira\OneDrive - mppi.mp.br\CLC\01_Processos_e_Aquisicoes\Base de Conhecimento - Thiago\01_Normativos_Vigentes\05_TCE_PI\Acordaos_Pareceres_Orientacoes\Nota Técnica TCE-PI 001.2025 - Contratacoes por Tempo Determinado e Terceirizacoes.pdf,C:\Users\thiagonogueira\Dev\base-conhecimento-licitacoes\01_Normativos_Vigentes\05_TCE_PI\Acordaos_Pareceres_Orientacoes\Nota Técnica TCE-PI 001.2025 - Contratacoes por Tempo Determinado e Terceirizacoes.pdf
IGNORADO_JA_EXISTE,pdf,C:\Users\thiagonogueira\OneDrive - mppi.mp.br\CLC\01_Processos_e_Aquisicoes\Base de Conhecimento - Thiago\02_Jurisprudencia_e_Orientacoes\Informativos_Julgamentos_TCE_PI\Segunda_C_mara_Presencial_2__C_mara___Sess_o_Ordin_ria_Presencial_n__12_de_22_de.pdf,C:\Users\thiagonogueira\Dev\base-conhecimento-licitacoes\02_Jurisprudencia_e_Orientacoes\Informativos_Julgamentos_TCE_PI\Segunda_C_mara_Presencial_2__C_mara___Sess_o_Ordin_ria_Presencial_n__12_de_22_de.pdf
IGNORADO_JA_EXISTE,pdf,C:\Users\thiagonogueira\OneDrive - mppi.mp.br\CLC\01_Processos_e_Aquisicoes\Base de Conhecimento - Thiago\05_Doutrina_e_Biblioteca\Biblioteca_Manuais_e_Cursos\Zênite - Apresentação - Curso Habilitação nas Contratações Públicas.pdf,C:\Users\thiagonogueira\Dev\base-conhecimento-licitacoes\05_Doutrina_e_Biblioteca\Biblioteca_Manuais_e_Cursos\Zênite - Apresentação - Curso Habilitação nas Contratações Públicas.pdf
IGNORADO_JA_EXISTE,pdf,C:\Users\thiagonogueira\OneDrive - mppi.mp.br\CLC\01_Processos_e_Aquisicoes\Base de Conhecimento - Thiago\06_Paineis_e_Contratos_Historicos\README.pdf,C:\Users\thiagonogueira\Dev\base-conhecimento-licitacoes\06_Paineis_e_Contratos_Historicos\README.pdf
IGNORADO_JA_EXISTE,pdf,C:\Users\thiagonogueira\OneDrive - mppi.mp.br\CLC\01_Processos_e_Aquisicoes\Base de Conhecimento - Thiago\02_Jurisprudencia_e_Orientacoes\Informativos_Julgamentos_TCE_PI\Primeira_C_mara_Presencial_1__C_mara___Sess_o_Ordin_ria_Presencial_n__09_de_26_d.pdf,C:\Users\thiagonogueira\Dev\base-conhecimento-licitacoes\02_Jurisprudencia_e_Orientacoes\Informativos_Julgamentos_TCE_PI\Primeira_C_mara_Presencial_1__C_mara___Sess_o_Ordin_ria_Presencial_n__09_de_26_d.pdf
IGNORADO_JA_EXISTE,pdf,C:\Users\thiagonogueira\OneDrive - mppi.mp.br\CLC\01_Processos_e_Aquisicoes\Base de Conhecimento - Thiago\01_Normativos_Vigentes\02_Estadual_PI\Decretos\Decreto Estadual - n22.380052023 - 2023.pdf,C:\Users\thiagonogueira\Dev\base-conhecimento-licitacoes\01_Normativos_Vigentes\02_Estadual_PI\Decretos\Decreto Estadual - n22.380052023 - 2023.pdf
IGNORADO_JA_EXISTE,pdf,C:\Users\thiagonogueira\OneDrive - mppi.mp.br\CLC\01_Processos_e_Aquisicoes\Base de Conhecimento - Thiago\05_Doutrina_e_Biblioteca\Biblioteca_Manuais_e_Cursos\Livro - NLLC Esquematizada.pdf,C:\Users\thiagonogueira\Dev\base-conhecimento-licitacoes\05_Doutrina_e_Biblioteca\Biblioteca_Manuais_e_Cursos\Livro - NLLC Esquematizada.pdf
IGNORADO_JA_EXISTE,pdf,C:\Users\thiagonogueira\OneDrive - mppi.mp.br\CLC\01_Processos_e_Aquisicoes\Base de Conhecimento - Thiago\01_Normativos_Vigentes\03_MPPI\Portarias\Portaria PGJMPPI - n3448.0 - 2024.pdf,C:\Users\thiagonogueira\Dev\base-conhecimento-licitacoes\01_Normativos_Vigentes\03_MPPI\Portarias\Portaria PGJMPPI - n3448.0 - 2024.pdf
IGNORADO_JA_EXISTE,pdf,C:\Users\thiagonogueira\OneDrive - mppi.mp.br\CLC\01_Processos_e_Aquisicoes\Base de Conhecimento - Thiago\SIte_PGE_PI\Concorrencia_Eletronica\Lei-14133-Lista-de-Verificacao-Concorrencia-Eletronica-SEM-SRP-Obras-e-Servicos-Especiais-de-Engenharia.pdf,C:\Users\thiagonogueira\Dev\base-conhecimento-licitacoes\SIte_PGE_PI\Concorrencia_Eletronica\Lei-14133-Lista-de-Verificacao-Concorrencia-Eletronica-SEM-SRP-Obras-e-Servicos-Especiais-de-Engenharia.pdf
IGNORADO_JA_EXISTE,pdf,C:\Users\thiagonogueira\OneDrive - mppi.mp.br\CLC\01_Processos_e_Aquisicoes\Base de Conhecimento - Thiago\05_Doutrina_e_Biblioteca\Biblioteca_Manuais_e_Cursos\Operacionalização do Sistema - Jamil Manasfi.pdf,C:\Users\thiagonogueira\Dev\base-conhecimento-licitacoes\05_Doutrina_e_Biblioteca\Biblioteca_Manuais_e_Cursos\Operacionalização do Sistema - Jamil Manasfi.pdf
IGNORADO_JA_EXISTE,pdf,C:\Users\thiagonogueira\OneDrive - mppi.mp.br\CLC\01_Processos_e_Aquisicoes\Base de Conhecimento - Thiago\SIte_PGE_PI\Pregão Eletrônico - Bens e Serviços\Lista-de-Verificacao-para-Abertura-de-Pregao-Registro-de-Precos-DOE.pdf,C:\Users\thiagonogueira\Dev\base-conhecimento-licitacoes\SIte_PGE_PI\Pregão Eletrônico - Bens e Serviços\Lista-de-Verificacao-para-Abertura-de-Pregao-Registro-de-Precos-DOE.pdf
IGNORADO_JA_EXISTE,pdf,C:\Users\thiagonogueira\OneDrive - mppi.mp.br\CLC\01_Processos_e_Aquisicoes\Base de Conhecimento - Thiago\SIte_PGE_PI\Pregão Eletrônico - Serviços Comuns de Engenharia\Lei-14133-Lista-de-Verificacao-Pregao-Eletronico-SEM-SRP-Servicos-Comuns-de-Engenharia.pdf,C:\Users\thiagonogueira\Dev\base-conhecimento-licitacoes\SIte_PGE_PI\Pregão Eletrônico - Serviços Comuns de Engenharia\Lei-14133-Lista-de-Verificacao-Pregao-Eletronico-SEM-SRP-Servicos-Comuns-de-Engenharia.pdf
IGNORADO_JA_EXISTE,pdf,C:\Users\thiagonogueira\OneDrive - mppi.mp.br\CLC\01_Processos_e_Aquisicoes\Base de Conhecimento - Thiago\SIte_PGE_PI\LV - Contratação Direta - Serv Comuns Eng\Lista-de-Verificacao-Contratacao-Direta-Servicos-Comuns-de-Engenharia.pdf,C:\Users\thiagonogueira\Dev\base-conhecimento-licitacoes\SIte_PGE_PI\LV - Contratação Direta - Serv Comuns Eng\Lista-de-Verificacao-Contratacao-Direta-Servicos-Comuns-de-Engenharia.pdf
IGNORADO_JA_EXISTE,pdf,C:\Users\thiagonogueira\OneDrive - mppi.mp.br\CLC\01_Processos_e_Aquisicoes\Base de Conhecimento - Thiago\04_Sistemas_e_Catalogos\Orcamento_LOA_2026\loa-2026-anexo-vii-demostrativo-das-despesas-primarias.pdf,C:\Users\thiagonogueira\Dev\base-conhecimento-licitacoes\04_Sistemas_e_Catalogos\Orcamento_LOA_2026\loa-2026-anexo-vii-demostrativo-das-despesas-primarias.pdf
IGNORADO_JA_EXISTE,pdf,C:\Users\thiagonogueira\OneDrive - mppi.mp.br\CLC\01_Processos_e_Aquisicoes\Base de Conhecimento - Thiago\05_Doutrina_e_Biblioteca\Biblioteca_Manuais_e_Cursos\Manual_integracao_pncp.pdf,C:\Users\thiagonogueira\Dev\base-conhecimento-licitacoes\05_Doutrina_e_Biblioteca\Biblioteca_Manuais_e_Cursos\Manual_integracao_pncp.pdf
IGNORADO_JA_EXISTE,pdf,C:\Users\thiagonogueira\OneDrive - mppi.mp.br\CLC\01_Processos_e_Aquisicoes\Base de Conhecimento - Thiago\02_Jurisprudencia_e_Orientacoes\Informativos_Julgamentos_TCE_PI\Primeira_C_mara_Virtual_1__C_mara___Sess_o_Ordin_ria_Virtual_de_1__a_05_de_junho.pdf,C:\Users\thiagonogueira\Dev\base-conhecimento-licitacoes\02_Jurisprudencia_e_Orientacoes\Informativos_Julgamentos_TCE_PI\Primeira_C_mara_Virtual_1__C_mara___Sess_o_Ordin_ria_Virtual_de_1__a_05_de_junho.pdf
IGNORADO_JA_EXISTE,pdf,C:\Users\thiagonogueira\OneDrive - mppi.mp.br\CLC\01_Processos_e_Aquisicoes\Base de Conhecimento - Thiago\02_Jurisprudencia_e_Orientacoes\Informativos_Julgamentos_TCE_PI\Segunda_C_mara_Presencial_2__C_mara___Sess_o_Ordin_ria_Presencial_n__01_de_28_de.pdf,C:\Users\thiagonogueira\Dev\base-conhecimento-licitacoes\02_Jurisprudencia_e_Orientacoes\Informativos_Julgamentos_TCE_PI\Segunda_C_mara_Presencial_2__C_mara___Sess_o_Ordin_ria_Presencial_n__01_de_28_de.pdf
IGNORADO_JA_EXISTE,pdf,C:\Users\thiagonogueira\OneDrive - mppi.mp.br\CLC\01_Processos_e_Aquisicoes\Base de Conhecimento - Thiago\05_Doutrina_e_Biblioteca\Suprimento_de_Fundos\MPES - Portaria-n-7.843-de-22-outubro-de-2015-Suprimentos-de-Fundos.pdf,C:\Users\thiagonogueira\Dev\base-conhecimento-licitacoes\05_Doutrina_e_Biblioteca\Suprimento_de_Fundos\MPES - Portaria-n-7.843-de-22-outubro-de-2015-Suprimentos-de-Fundos.pdf
IGNORADO_JA_EXISTE,pdf,C:\Users\thiagonogueira\OneDrive - mppi.mp.br\CLC\01_Processos_e_Aquisicoes\Base de Conhecimento - Thiago\01_Normativos_Vigentes\05_TCE_PI\Resolucoes\Resolução TCE-PI 017.2024 - Pesquisa de Precos.pdf,C:\Users\thiagonogueira\Dev\base-conhecimento-licitacoes\01_Normativos_Vigentes\05_TCE_PI\Resolucoes\Resolução TCE-PI 017.2024 - Pesquisa de Precos.pdf
IGNORADO_JA_EXISTE,pdf,C:\Users\thiagonogueira\OneDrive - mppi.mp.br\CLC\01_Processos_e_Aquisicoes\Base de Conhecimento - Thiago\02_Jurisprudencia_e_Orientacoes\Informativos_Julgamentos_TCE_PI\Plen_rio_Presencial_Pleno___Sess_o_Ordin_ria_Presencial_n__06_de_09_de_abril_de_.pdf,C:\Users\thiagonogueira\Dev\base-conhecimento-licitacoes\02_Jurisprudencia_e_Orientacoes\Informativos_Julgamentos_TCE_PI\Plen_rio_Presencial_Pleno___Sess_o_Ordin_ria_Presencial_n__06_de_09_de_abril_de_.pdf
IGNORADO_JA_EXISTE,pdf,"C:\Users\thiagonogueira\OneDrive - mppi.mp.br\CLC\01_Processos_e_Aquisicoes\Base de Conhecimento - Thiago\SIte_PGE_PI\Contratacao de pequeno valor (75, II)\Lei-14133-Lista-de-Verificacao-Direta-Pequeno-Valor-Servicos-e-Compras.pdf","C:\Users\thiagonogueira\Dev\base-conhecimento-licitacoes\SIte_PGE_PI\Contratacao de pequeno valor (75, II)\Lei-14133-Lista-de-Verificacao-Direta-Pequeno-Valor-Servicos-e-Compras.pdf"
IGNORADO_JA_EXISTE,pdf,C:\Users\thiagonogueira\OneDrive - mppi.mp.br\CLC\01_Processos_e_Aquisicoes\Base de Conhecimento - Thiago\SIte_PGE_PI\Locação de Imóvel - Abril 2024\Minuta-Padrao-Contrato-de-Locacao-de-Imovel.pdf,C:\Users\thiagonogueira\Dev\base-conhecimento-licitacoes\SIte_PGE_PI\Locação de Imóvel - Abril 2024\Minuta-Padrao-Contrato-de-Locacao-de-Imovel.pdf
IGNORADO_JA_EXISTE,pdf,C:\Users\thiagonogueira\OneDrive - mppi.mp.br\CLC\01_Processos_e_Aquisicoes\Base de Conhecimento - Thiago\02_Jurisprudencia_e_Orientacoes\Informativos_Julgamentos_TCE_PI\Segunda_C_mara_Virtual_2__C_mara___Sess_o_Ordin_ria_Virtual_de_28_de_setembro_a_.pdf,C:\Users\thiagonogueira\Dev\base-conhecimento-licitacoes\02_Jurisprudencia_e_Orientacoes\Informativos_Julgamentos_TCE_PI\Segunda_C_mara_Virtual_2__C_mara___Sess_o_Ordin_ria_Virtual_de_28_de_setembro_a_.pdf
IGNORADO_JA_EXISTE,pdf,C:\Users\thiagonogueira\OneDrive - mppi.mp.br\CLC\01_Processos_e_Aquisicoes\Base de Conhecimento - Thiago\02_Jurisprudencia_e_Orientacoes\Informativos_Julgamentos_TCE_PI\Primeira_C_mara_Virtual_1__C_mara___Sess_o_Ordin_ria_Virtual_de_27_a_31_de_julho.pdf,C:\Users\thiagonogueira\Dev\base-conhecimento-licitacoes\02_Jurisprudencia_e_Orientacoes\Informativos_Julgamentos_TCE_PI\Primeira_C_mara_Virtual_1__C_mara___Sess_o_Ordin_ria_Virtual_de_27_a_31_de_julho.pdf
IGNORADO_JA_EXISTE,pdf,C:\Users\thiagonogueira\OneDrive - mppi.mp.br\CLC\01_Processos_e_Aquisicoes\Base de Conhecimento - Thiago\05_Doutrina_e_Biblioteca\Biblioteca_Manuais_e_Cursos\Manuais\Zênite - É possível que a Administração dispense a divulgação do aviso noscasos de dispensa em razão do valor.pdf,C:\Users\thiagonogueira\Dev\base-conhecimento-licitacoes\05_Doutrina_e_Biblioteca\Biblioteca_Manuais_e_Cursos\Manuais\Zênite - É possível que a Administração dispense a divulgação do aviso noscasos de dispensa em razão do valor.pdf
IGNORADO_JA_EXISTE,pdf,C:\Users\thiagonogueira\OneDrive - mppi.mp.br\CLC\01_Processos_e_Aquisicoes\Base de Conhecimento - Thiago\02_Jurisprudencia_e_Orientacoes\Informativos_Julgamentos_TCE_PI\Primeira_C_mara_Presencial_1__C_mara___Sess_o_Ordin_ria_Presencial_n__10_de_9_de.pdf,C:\Users\thiagonogueira\Dev\base-conhecimento-licitacoes\02_Jurisprudencia_e_Orientacoes\Informativos_Julgamentos_TCE_PI\Primeira_C_mara_Presencial_1__C_mara___Sess_o_Ordin_ria_Presencial_n__10_de_9_de.pdf
IGNORADO_JA_EXISTE,pdf,C:\Users\thiagonogueira\OneDrive - mppi.mp.br\CLC\01_Processos_e_Aquisicoes\Base de Conhecimento - Thiago\02_Jurisprudencia_e_Orientacoes\Informativos_Julgamentos_TCE_PI\Segunda_C_mara_Virtual_2__C_mara___Sess_o_Ordin_ria_Virtual_de_17_a_21_de_agosto.pdf,C:\Users\thiagonogueira\Dev\base-conhecimento-licitacoes\02_Jurisprudencia_e_Orientacoes\Informativos_Julgamentos_TCE_PI\Segunda_C_mara_Virtual_2__C_mara___Sess_o_Ordin_ria_Virtual_de_17_a_21_de_agosto.pdf
IGNORADO_JA_EXISTE,pdf,C:\Users\thiagonogueira\OneDrive - mppi.mp.br\CLC\01_Processos_e_Aquisicoes\Base de Conhecimento - Thiago\01_Normativos_Vigentes\02_Estadual_PI\Resolucoes\Resolução Estadual - n0022021182021 - 2021.pdf,C:\Users\thiagonogueira\Dev\base-conhecimento-licitacoes\01_Normativos_Vigentes\02_Estadual_PI\Resolucoes\Resolução Estadual - n0022021182021 - 2021.pdf
IGNORADO_JA_EXISTE,pdf,C:\Users\thiagonogueira\OneDrive - mppi.mp.br\CLC\01_Processos_e_Aquisicoes\Base de Conhecimento - Thiago\02_Jurisprudencia_e_Orientacoes\Informativos_Julgamentos_TCE_PI\Plen_rio_Presencial_Pleno___Sess_o_Ordin_ria_Presencial_n__014_de_23_de_julho_de.pdf,C:\Users\thiagonogueira\Dev\base-conhecimento-licitacoes\02_Jurisprudencia_e_Orientacoes\Informativos_Julgamentos_TCE_PI\Plen_rio_Presencial_Pleno___Sess_o_Ordin_ria_Presencial_n__014_de_23_de_julho_de.pdf
IGNORADO_JA_EXISTE,pdf,C:\Users\thiagonogueira\OneDrive - mppi.mp.br\CLC\01_Processos_e_Aquisicoes\Base de Conhecimento - Thiago\05_Doutrina_e_Biblioteca\Biblioteca_Manuais_e_Cursos\Licitacoes e Contratos - Orientacoes e Jurisprudencia do TCU - 5a Edicao.pdf,C:\Users\thiagonogueira\Dev\base-conhecimento-licitacoes\05_Doutrina_e_Biblioteca\Biblioteca_Manuais_e_Cursos\Licitacoes e Contratos - Orientacoes e Jurisprudencia do TCU - 5a Edicao.pdf
IGNORADO_JA_EXISTE,pdf,C:\Users\thiagonogueira\OneDrive - mppi.mp.br\CLC\01_Processos_e_Aquisicoes\Base de Conhecimento - Thiago\01_Normativos_Vigentes\02_Estadual_PI\Decretos\Decreto Estadual - n22.089192023 - 2023.pdf,C:\Users\thiagonogueira\Dev\base-conhecimento-licitacoes\01_Normativos_Vigentes\02_Estadual_PI\Decretos\Decreto Estadual - n22.089192023 - 2023.pdf
IGNORADO_JA_EXISTE,pdf,C:\Users\thiagonogueira\OneDrive - mppi.mp.br\CLC\01_Processos_e_Aquisicoes\Base de Conhecimento - Thiago\01_Normativos_Vigentes\05_TCE_PI\Resolucoes\Resolução TCE-PI 008.2026 - Sistema de Integridade do TCE-PI.pdf,C:\Users\thiagonogueira\Dev\base-conhecimento-licitacoes\01_Normativos_Vigentes\05_TCE_PI\Resolucoes\Resolução TCE-PI 008.2026 - Sistema de Integridade do TCE-PI.pdf
IGNORADO_JA_EXISTE,pdf,C:\Users\thiagonogueira\OneDrive - mppi.mp.br\CLC\01_Processos_e_Aquisicoes\Base de Conhecimento - Thiago\05_Doutrina_e_Biblioteca\Biblioteca_Manuais_e_Cursos\TEMPORÁRIO Manual Contratos Gov.br - Nova Versão - 2.14.0 – set.2026.pdf,C:\Users\thiagonogueira\Dev\base-conhecimento-licitacoes\05_Doutrina_e_Biblioteca\Biblioteca_Manuais_e_Cursos\TEMPORÁRIO Manual Contratos Gov.br - Nova Versão - 2.14.0 – set.2026.pdf
IGNORADO_JA_EXISTE,pdf,C:\Users\thiagonogueira\OneDrive - mppi.mp.br\CLC\01_Processos_e_Aquisicoes\Base de Conhecimento - Thiago\01_Normativos_Vigentes\03_MPPI\PCA_2026\PCA 2026 - Versão 2.0 - MPPI.pdf,C:\Users\thiagonogueira\Dev\base-conhecimento-licitacoes\01_Normativos_Vigentes\03_MPPI\PCA_2026\PCA 2026 - Versão 2.0 - MPPI.pdf
IGNORADO_JA_EXISTE,pdf,C:\Users\thiagonogueira\OneDrive - mppi.mp.br\CLC\01_Processos_e_Aquisicoes\Base de Conhecimento - Thiago\01_Normativos_Vigentes\03_MPPI\Portarias\PORTARIA_PGJPI_NA___2067.2026___Equipe_de_planejamento.pdf,C:\Users\thiagonogueira\Dev\base-conhecimento-licitacoes\01_Normativos_Vigentes\03_MPPI\Portarias\PORTARIA_PGJPI_NA___2067.2026___Equipe_de_planejamento.pdf
IGNORADO_JA_EXISTE,pdf,C:\Users\thiagonogueira\OneDrive - mppi.mp.br\CLC\01_Processos_e_Aquisicoes\Base de Conhecimento - Thiago\05_Doutrina_e_Biblioteca\Biblioteca_Manuais_e_Cursos\Manuais\Palestra - Aplicações e Limitações de Inteligência Artificial no Controle Externo.pdf,C:\Users\thiagonogueira\Dev\base-conhecimento-licitacoes\05_Doutrina_e_Biblioteca\Biblioteca_Manuais_e_Cursos\Manuais\Palestra - Aplicações e Limitações de Inteligência Artificial no Controle Externo.pdf
IGNORADO_JA_EXISTE,pdf,C:\Users\thiagonogueira\OneDrive - mppi.mp.br\CLC\01_Processos_e_Aquisicoes\Base de Conhecimento - Thiago\04_Sistemas_e_Catalogos\Manuais_Sistemas_Oficiais\Compras.gov.br – Tutorial de como publicar dispensas sem disputa e inexibilidades no Novo DC.pdf,C:\Users\thiagonogueira\Dev\base-conhecimento-licitacoes\04_Sistemas_e_Catalogos\Manuais_Sistemas_Oficiais\Compras.gov.br – Tutorial de como publicar dispensas sem disputa e inexibilidades no Novo DC.pdf
IGNORADO_JA_EXISTE,pdf,C:\Users\thiagonogueira\OneDrive - mppi.mp.br\CLC\01_Processos_e_Aquisicoes\Base de Conhecimento - Thiago\SIte_PGE_PI\Locação de Imóvel - Abril 2024\Lei-14133-Lista-de-Verificacao-Locacao-Imovel.pdf,C:\Users\thiagonogueira\Dev\base-conhecimento-licitacoes\SIte_PGE_PI\Locação de Imóvel - Abril 2024\Lei-14133-Lista-de-Verificacao-Locacao-Imovel.pdf
IGNORADO_JA_EXISTE,pdf,C:\Users\thiagonogueira\OneDrive - mppi.mp.br\CLC\01_Processos_e_Aquisicoes\Base de Conhecimento - Thiago\01_Normativos_Vigentes\05_TCE_PI\Resolucoes\Resolução TCE - n10.0 - 2020.pdf,C:\Users\thiagonogueira\Dev\base-conhecimento-licitacoes\01_Normativos_Vigentes\05_TCE_PI\Resolucoes\Resolução TCE - n10.0 - 2020.pdf
IGNORADO_JA_EXISTE,pdf,C:\Users\thiagonogueira\OneDrive - mppi.mp.br\CLC\01_Processos_e_Aquisicoes\Base de Conhecimento - Thiago\01_Normativos_Vigentes\02_Estadual_PI\Instrucoes_Normativas\Instrução Normativa Estadual - n00012013 - 2013.pdf,C:\Users\thiagonogueira\Dev\base-conhecimento-licitacoes\01_Normativos_Vigentes\02_Estadual_PI\Instrucoes_Normativas\Instrução Normativa Estadual - n00012013 - 2013.pdf
IGNORADO_JA_EXISTE,pdf,C:\Users\thiagonogueira\OneDrive - mppi.mp.br\CLC\01_Processos_e_Aquisicoes\Base de Conhecimento - Thiago\02_Jurisprudencia_e_Orientacoes\Informativos_Julgamentos_TCE_PI\Segunda_C_mara_Presencial_2__C_mara___Sess_o_Ordin_ria_Presencial_n__11_de_08_de.pdf,C:\Users\thiagonogueira\Dev\base-conhecimento-licitacoes\02_Jurisprudencia_e_Orientacoes\Informativos_Julgamentos_TCE_PI\Segunda_C_mara_Presencial_2__C_mara___Sess_o_Ordin_ria_Presencial_n__11_de_08_de.pdf
IGNORADO_JA_EXISTE,pdf,C:\Users\thiagonogueira\OneDrive - mppi.mp.br\CLC\01_Processos_e_Aquisicoes\Base de Conhecimento - Thiago\05_Doutrina_e_Biblioteca\Biblioteca_Manuais_e_Cursos\Manuais\ia-generativa-no-servico-publico.pdf,C:\Users\thiagonogueira\Dev\base-conhecimento-licitacoes\05_Doutrina_e_Biblioteca\Biblioteca_Manuais_e_Cursos\Manuais\ia-generativa-no-servico-publico.pdf
IGNORADO_JA_EXISTE,pdf,C:\Users\thiagonogueira\OneDrive - mppi.mp.br\CLC\01_Processos_e_Aquisicoes\Base de Conhecimento - Thiago\02_Jurisprudencia_e_Orientacoes\Informativos_Julgamentos_TCE_PI\Primeira_C_mara_Virtual_1__C_mara___Sess_o_Ordin_ria_Virtual_de_11_a_15_de_maio_.pdf,C:\Users\thiagonogueira\Dev\base-conhecimento-licitacoes\02_Jurisprudencia_e_Orientacoes\Informativos_Julgamentos_TCE_PI\Primeira_C_mara_Virtual_1__C_mara___Sess_o_Ordin_ria_Virtual_de_11_a_15_de_maio_.pdf
IGNORADO_JA_EXISTE,pdf,C:\Users\thiagonogueira\OneDrive - mppi.mp.br\CLC\01_Processos_e_Aquisicoes\Base de Conhecimento - Thiago\05_Doutrina_e_Biblioteca\Biblioteca_Manuais_e_Cursos\Manuais\Artigo - Leonardo Mota - Dispensa de licitação na nova Lei de Licitações e Contratos Administrativos.pdf,C:\Users\thiagonogueira\Dev\base-conhecimento-licitacoes\05_Doutrina_e_Biblioteca\Biblioteca_Manuais_e_Cursos\Manuais\Artigo - Leonardo Mota - Dispensa de licitação na nova Lei de Licitações e Contratos Administrativos.pdf
IGNORADO_JA_EXISTE,pdf,C:\Users\thiagonogueira\OneDrive - mppi.mp.br\CLC\01_Processos_e_Aquisicoes\Base de Conhecimento - Thiago\05_Doutrina_e_Biblioteca\Biblioteca_Manuais_e_Cursos\Manuais\Apostila - CURSO DE CONTRATAÇÃO DIRETA E DISPENSA ELETRÔNICA COM IA - JAMIL - IINEX_ocred.pdf,C:\Users\thiagonogueira\Dev\base-conhecimento-licitacoes\05_Doutrina_e_Biblioteca\Biblioteca_Manuais_e_Cursos\Manuais\Apostila - CURSO DE CONTRATAÇÃO DIRETA E DISPENSA ELETRÔNICA COM IA - JAMIL - IINEX_ocred.pdf
IGNORADO_JA_EXISTE,pdf,C:\Users\thiagonogueira\OneDrive - mppi.mp.br\CLC\01_Processos_e_Aquisicoes\Base de Conhecimento - Thiago\05_Doutrina_e_Biblioteca\Biblioteca_Manuais_e_Cursos\Licitações e contratos.pdf,C:\Users\thiagonogueira\Dev\base-conhecimento-licitacoes\05_Doutrina_e_Biblioteca\Biblioteca_Manuais_e_Cursos\Licitações e contratos.pdf
IGNORADO_JA_EXISTE,pdf,C:\Users\thiagonogueira\OneDrive - mppi.mp.br\CLC\01_Processos_e_Aquisicoes\Base de Conhecimento - Thiago\01_Normativos_Vigentes\02_Estadual_PI\Portarias\Portaria Estadual - n..0342021 - 2021.pdf,C:\Users\thiagonogueira\Dev\base-conhecimento-licitacoes\01_Normativos_Vigentes\02_Estadual_PI\Portarias\Portaria Estadual - n..0342021 - 2021.pdf
IGNORADO_JA_EXISTE,pdf,C:\Users\thiagonogueira\OneDrive - mppi.mp.br\CLC\01_Processos_e_Aquisicoes\Base de Conhecimento - Thiago\05_Doutrina_e_Biblioteca\Biblioteca_Manuais_e_Cursos\guia-de-contratacoes-sustentaveis-set-2023.pdf,C:\Users\thiagonogueira\Dev\base-conhecimento-licitacoes\05_Doutrina_e_Biblioteca\Biblioteca_Manuais_e_Cursos\guia-de-contratacoes-sustentaveis-set-2023.pdf
IGNORADO_JA_EXISTE,pdf,C:\Users\thiagonogueira\OneDrive - mppi.mp.br\CLC\01_Processos_e_Aquisicoes\Base de Conhecimento - Thiago\02_Jurisprudencia_e_Orientacoes\Informativos_Julgamentos_TCE_PI\Plen_rio_Virtual_Pleno___Sess_o_Ordin_ria_Virtual_de_15_a_19_de_junho_de_2026_.pdf,C:\Users\thiagonogueira\Dev\base-conhecimento-licitacoes\02_Jurisprudencia_e_Orientacoes\Informativos_Julgamentos_TCE_PI\Plen_rio_Virtual_Pleno___Sess_o_Ordin_ria_Virtual_de_15_a_19_de_junho_de_2026_.pdf
IGNORADO_JA_EXISTE,pdf,C:\Users\thiagonogueira\OneDrive - mppi.mp.br\CLC\01_Processos_e_Aquisicoes\Base de Conhecimento - Thiago\05_Doutrina_e_Biblioteca\Biblioteca_Manuais_e_Cursos\Manuais\TCC - ETP - O Dilema entre Necessidade e Solução.pdf,C:\Users\thiagonogueira\Dev\base-conhecimento-licitacoes\05_Doutrina_e_Biblioteca\Biblioteca_Manuais_e_Cursos\Manuais\TCC - ETP - O Dilema entre Necessidade e Solução.pdf
IGNORADO_JA_EXISTE,pdf,C:\Users\thiagonogueira\OneDrive - mppi.mp.br\CLC\01_Processos_e_Aquisicoes\Base de Conhecimento - Thiago\02_Jurisprudencia_e_Orientacoes\Informativos_Julgamentos_TCE_PI\Plen_rio_Virtual_Pleno___Sess_o_Ordin_ria_Virtual_de_20_a_24_de_julho_de_2026_.pdf,C:\Users\thiagonogueira\Dev\base-conhecimento-licitacoes\02_Jurisprudencia_e_Orientacoes\Informativos_Julgamentos_TCE_PI\Plen_rio_Virtual_Pleno___Sess_o_Ordin_ria_Virtual_de_20_a_24_de_julho_de_2026_.pdf
IGNORADO_JA_EXISTE,pdf,C:\Users\thiagonogueira\OneDrive - mppi.mp.br\CLC\01_Processos_e_Aquisicoes\Base de Conhecimento - Thiago\02_Jurisprudencia_e_Orientacoes\Acordaos_TCE_PI\Acórdão TCE - n3001 - 2025.pdf,C:\Users\thiagonogueira\Dev\base-conhecimento-licitacoes\02_Jurisprudencia_e_Orientacoes\Acordaos_TCE_PI\Acórdão TCE - n3001 - 2025.pdf
IGNORADO_JA_EXISTE,pdf,C:\Users\thiagonogueira\OneDrive - mppi.mp.br\CLC\01_Processos_e_Aquisicoes\Base de Conhecimento - Thiago\02_Jurisprudencia_e_Orientacoes\Informativos_Julgamentos_TCE_PI\Plen_rio_Presencial_Pleno___Sess_o_Ordin_ria_Presencial_n__08_de_14_de_maio_de_2.pdf,C:\Users\thiagonogueira\Dev\base-conhecimento-licitacoes\02_Jurisprudencia_e_Orientacoes\Informativos_Julgamentos_TCE_PI\Plen_rio_Presencial_Pleno___Sess_o_Ordin_ria_Presencial_n__08_de_14_de_maio_de_2.pdf
IGNORADO_JA_EXISTE,pdf,C:\Users\thiagonogueira\OneDrive - mppi.mp.br\CLC\01_Processos_e_Aquisicoes\Base de Conhecimento - Thiago\05_Doutrina_e_Biblioteca\Biblioteca_Manuais_e_Cursos\Cartilha_Minuta_do_IPPC_Engenharia_16_11_23_14h_Visualizao.pdf,C:\Users\thiagonogueira\Dev\base-conhecimento-licitacoes\05_Doutrina_e_Biblioteca\Biblioteca_Manuais_e_Cursos\Cartilha_Minuta_do_IPPC_Engenharia_16_11_23_14h_Visualizao.pdf
IGNORADO_JA_EXISTE,pdf,C:\Users\thiagonogueira\OneDrive - mppi.mp.br\CLC\01_Processos_e_Aquisicoes\Base de Conhecimento - Thiago\SIte_PGE_PI\Pregão Eletrônico - Bens e Serviços\02-Lei-14133-Lista-de-Verificacao-Pregao-Eletronico-COM-SRP-Outubro-2025.pdf,C:\Users\thiagonogueira\Dev\base-conhecimento-licitacoes\SIte_PGE_PI\Pregão Eletrônico - Bens e Serviços\02-Lei-14133-Lista-de-Verificacao-Pregao-Eletronico-COM-SRP-Outubro-2025.pdf
IGNORADO_JA_EXISTE,pdf,C:\Users\thiagonogueira\OneDrive - mppi.mp.br\CLC\01_Processos_e_Aquisicoes\Base de Conhecimento - Thiago\05_Doutrina_e_Biblioteca\Biblioteca_Manuais_e_Cursos\UNIFESPA - Fluxo Descritivo das Contratações Diretas para ações de Desenv. e Capacitação.pdf,C:\Users\thiagonogueira\Dev\base-conhecimento-licitacoes\05_Doutrina_e_Biblioteca\Biblioteca_Manuais_e_Cursos\UNIFESPA - Fluxo Descritivo das Contratações Diretas para ações de Desenv. e Capacitação.pdf
IGNORADO_JA_EXISTE,pdf,C:\Users\thiagonogueira\OneDrive - mppi.mp.br\CLC\01_Processos_e_Aquisicoes\Base de Conhecimento - Thiago\02_Jurisprudencia_e_Orientacoes\Informativos_Julgamentos_TCE_PI\Plen_rio_Virtual_Pleno___Sess_o_Ordin_ria_Virtual_de_17_a_21_de_agosto_de_2026_.pdf,C:\Users\thiagonogueira\Dev\base-conhecimento-licitacoes\02_Jurisprudencia_e_Orientacoes\Informativos_Julgamentos_TCE_PI\Plen_rio_Virtual_Pleno___Sess_o_Ordin_ria_Virtual_de_17_a_21_de_agosto_de_2026_.pdf
IGNORADO_JA_EXISTE,pdf,C:\Users\thiagonogueira\OneDrive - mppi.mp.br\CLC\01_Processos_e_Aquisicoes\Base de Conhecimento - Thiago\SIte_PGE_PI\Lista de Verificação - Revisão-Realinhamento\Lei-14133-Lista-de-Verificacao-Revisao-Realinhamento.pdf,C:\Users\thiagonogueira\Dev\base-conhecimento-licitacoes\SIte_PGE_PI\Lista de Verificação - Revisão-Realinhamento\Lei-14133-Lista-de-Verificacao-Revisao-Realinhamento.pdf
IGNORADO_JA_EXISTE,pdf,C:\Users\thiagonogueira\OneDrive - mppi.mp.br\CLC\01_Processos_e_Aquisicoes\Base de Conhecimento - Thiago\05_Doutrina_e_Biblioteca\Biblioteca_Manuais_e_Cursos\Cartilha - Acesso a Informação - Atricon.pdf,C:\Users\thiagonogueira\Dev\base-conhecimento-licitacoes\05_Doutrina_e_Biblioteca\Biblioteca_Manuais_e_Cursos\Cartilha - Acesso a Informação - Atricon.pdf
IGNORADO_JA_EXISTE,pdf,C:\Users\thiagonogueira\OneDrive - mppi.mp.br\CLC\01_Processos_e_Aquisicoes\Base de Conhecimento - Thiago\05_Doutrina_e_Biblioteca\Biblioteca_Manuais_e_Cursos\Manuais\Manual Compras e Licitacoes TRT 2 SP - 2024-2026.pdf,C:\Users\thiagonogueira\Dev\base-conhecimento-licitacoes\05_Doutrina_e_Biblioteca\Biblioteca_Manuais_e_Cursos\Manuais\Manual Compras e Licitacoes TRT 2 SP - 2024-2026.pdf
IGNORADO_JA_EXISTE,pdf,C:\Users\thiagonogueira\OneDrive - mppi.mp.br\CLC\01_Processos_e_Aquisicoes\Base de Conhecimento - Thiago\01_Normativos_Vigentes\02_Estadual_PI\Decretos\Decreto Estadual - n20.096112021 - 2021.pdf,C:\Users\thiagonogueira\Dev\base-conhecimento-licitacoes\01_Normativos_Vigentes\02_Estadual_PI\Decretos\Decreto Estadual - n20.096112021 - 2021.pdf
IGNORADO_JA_EXISTE,pdf,C:\Users\thiagonogueira\OneDrive - mppi.mp.br\CLC\01_Processos_e_Aquisicoes\Base de Conhecimento - Thiago\02_Jurisprudencia_e_Orientacoes\Informativos_Julgamentos_TCE_PI\Plen_rio_Presencial_2__C_mara___Sess_o_Ordin_ria_Virtual_de_18_a_22_de_maio_de_2.pdf,C:\Users\thiagonogueira\Dev\base-conhecimento-licitacoes\02_Jurisprudencia_e_Orientacoes\Informativos_Julgamentos_TCE_PI\Plen_rio_Presencial_2__C_mara___Sess_o_Ordin_ria_Virtual_de_18_a_22_de_maio_de_2.pdf
IGNORADO_JA_EXISTE,pdf,C:\Users\thiagonogueira\OneDrive - mppi.mp.br\CLC\01_Processos_e_Aquisicoes\Base de Conhecimento - Thiago\04_Sistemas_e_Catalogos\Manuais_Sistemas_Oficiais\Banco_de_Precos\Manual - BPPlus.pdf,C:\Users\thiagonogueira\Dev\base-conhecimento-licitacoes\04_Sistemas_e_Catalogos\Manuais_Sistemas_Oficiais\Banco_de_Precos\Manual - BPPlus.pdf
IGNORADO_JA_EXISTE,pdf,C:\Users\thiagonogueira\OneDrive - mppi.mp.br\CLC\01_Processos_e_Aquisicoes\Base de Conhecimento - Thiago\01_Normativos_Vigentes\05_TCE_PI\Resolucoes\Resolução TCE - n9.0 - 2025.pdf,C:\Users\thiagonogueira\Dev\base-conhecimento-licitacoes\01_Normativos_Vigentes\05_TCE_PI\Resolucoes\Resolução TCE - n9.0 - 2025.pdf
IGNORADO_JA_EXISTE,pdf,C:\Users\thiagonogueira\OneDrive - mppi.mp.br\CLC\01_Processos_e_Aquisicoes\Base de Conhecimento - Thiago\01_Normativos_Vigentes\02_Estadual_PI\Decretos\Decreto Estadual - n16.266032015 - 2015.pdf,C:\Users\thiagonogueira\Dev\base-conhecimento-licitacoes\01_Normativos_Vigentes\02_Estadual_PI\Decretos\Decreto Estadual - n16.266032015 - 2015.pdf
IGNORADO_JA_EXISTE,pdf,C:\Users\thiagonogueira\OneDrive - mppi.mp.br\CLC\01_Processos_e_Aquisicoes\Base de Conhecimento - Thiago\05_Doutrina_e_Biblioteca\Biblioteca_Manuais_e_Cursos\Zênite - Compilado de Leis sobre Licitações e Contratos.pdf,C:\Users\thiagonogueira\Dev\base-conhecimento-licitacoes\05_Doutrina_e_Biblioteca\Biblioteca_Manuais_e_Cursos\Zênite - Compilado de Leis sobre Licitações e Contratos.pdf
IGNORADO_JA_EXISTE,pdf,C:\Users\thiagonogueira\OneDrive - mppi.mp.br\CLC\01_Processos_e_Aquisicoes\Base de Conhecimento - Thiago\05_Doutrina_e_Biblioteca\Biblioteca_Manuais_e_Cursos\Manuais\GUIAREEMBOLSOCRECHEAbril_26.pdf,C:\Users\thiagonogueira\Dev\base-conhecimento-licitacoes\05_Doutrina_e_Biblioteca\Biblioteca_Manuais_e_Cursos\Manuais\GUIAREEMBOLSOCRECHEAbril_26.pdf
IGNORADO_JA_EXISTE,pdf,C:\Users\thiagonogueira\OneDrive - mppi.mp.br\CLC\01_Processos_e_Aquisicoes\Base de Conhecimento - Thiago\SIte_PGE_PI\Locação de Imóvel - Abril 2024\Contrato_de_Locacao_de_Imovel._Lei_14.133.pdf,C:\Users\thiagonogueira\Dev\base-conhecimento-licitacoes\SIte_PGE_PI\Locação de Imóvel - Abril 2024\Contrato_de_Locacao_de_Imovel._Lei_14.133.pdf
IGNORADO_JA_EXISTE,pdf,C:\Users\thiagonogueira\OneDrive - mppi.mp.br\CLC\01_Processos_e_Aquisicoes\Base de Conhecimento - Thiago\01_Normativos_Vigentes\02_Estadual_PI\Decretos\Decreto Estadual - n16.21252015 - 2015.pdf,C:\Users\thiagonogueira\Dev\base-conhecimento-licitacoes\01_Normativos_Vigentes\02_Estadual_PI\Decretos\Decreto Estadual - n16.21252015 - 2015.pdf
IGNORADO_JA_EXISTE,pdf,C:\Users\thiagonogueira\OneDrive - mppi.mp.br\CLC\01_Processos_e_Aquisicoes\Base de Conhecimento - Thiago\05_Doutrina_e_Biblioteca\Suprimento_de_Fundos\CGU - GuiaSuprimento.pdf,C:\Users\thiagonogueira\Dev\base-conhecimento-licitacoes\05_Doutrina_e_Biblioteca\Suprimento_de_Fundos\CGU - GuiaSuprimento.pdf
IGNORADO_JA_EXISTE,pdf,C:\Users\thiagonogueira\OneDrive - mppi.mp.br\CLC\01_Processos_e_Aquisicoes\Base de Conhecimento - Thiago\05_Doutrina_e_Biblioteca\Biblioteca_Manuais_e_Cursos\Manuais\PARECER Nº 00015-2024-CNLCA-CGU-AGU.pdf,C:\Users\thiagonogueira\Dev\base-conhecimento-licitacoes\05_Doutrina_e_Biblioteca\Biblioteca_Manuais_e_Cursos\Manuais\PARECER Nº 00015-2024-CNLCA-CGU-AGU.pdf
IGNORADO_JA_EXISTE,pdf,C:\Users\thiagonogueira\OneDrive - mppi.mp.br\CLC\01_Processos_e_Aquisicoes\Base de Conhecimento - Thiago\05_Doutrina_e_Biblioteca\Biblioteca_Manuais_e_Cursos\Curso_Imersao_Contratacoes_Diretas\Programacao.pdf,C:\Users\thiagonogueira\Dev\base-conhecimento-licitacoes\05_Doutrina_e_Biblioteca\Biblioteca_Manuais_e_Cursos\Curso_Imersao_Contratacoes_Diretas\Programacao.pdf
IGNORADO_JA_EXISTE,pdf,C:\Users\thiagonogueira\OneDrive - mppi.mp.br\CLC\01_Processos_e_Aquisicoes\Base de Conhecimento - Thiago\02_Jurisprudencia_e_Orientacoes\Informativos_Julgamentos_TCE_PI\Plen_rio_Virtual_Pleno___Sess_o_Ordin_ria_Virtual_de_11_a_15_de_maio_de_2026_.pdf,C:\Users\thiagonogueira\Dev\base-conhecimento-licitacoes\02_Jurisprudencia_e_Orientacoes\Informativos_Julgamentos_TCE_PI\Plen_rio_Virtual_Pleno___Sess_o_Ordin_ria_Virtual_de_11_a_15_de_maio_de_2026_.pdf
IGNORADO_JA_EXISTE,pdf,C:\Users\thiagonogueira\OneDrive - mppi.mp.br\CLC\01_Processos_e_Aquisicoes\Base de Conhecimento - Thiago\SIte_PGE_PI\Adesão ARP Gerenciada pela SEAD\Lei-14133-Lista-de-Verificacao-Adesao-SEAD-DOE.pdf,C:\Users\thiagonogueira\Dev\base-conhecimento-licitacoes\SIte_PGE_PI\Adesão ARP Gerenciada pela SEAD\Lei-14133-Lista-de-Verificacao-Adesao-SEAD-DOE.pdf
IGNORADO_JA_EXISTE,pdf,C:\Users\thiagonogueira\OneDrive - mppi.mp.br\CLC\01_Processos_e_Aquisicoes\Base de Conhecimento - Thiago\01_Normativos_Vigentes\06_TJPI\Outros_Normativos\SEI_TJPI - 7134934 - Lista de Verificação (SLC).pdf,C:\Users\thiagonogueira\Dev\base-conhecimento-licitacoes\01_Normativos_Vigentes\06_TJPI\Outros_Normativos\SEI_TJPI - 7134934 - Lista de Verificação (SLC).pdf
IGNORADO_JA_EXISTE,pdf,C:\Users\thiagonogueira\OneDrive - mppi.mp.br\CLC\01_Processos_e_Aquisicoes\Base de Conhecimento - Thiago\06_Paineis_e_Contratos_Historicos\Manual_das_APIs_Manual_das_APIs .pdf,C:\Users\thiagonogueira\Dev\base-conhecimento-licitacoes\06_Paineis_e_Contratos_Historicos\Manual_das_APIs_Manual_das_APIs .pdf
IGNORADO_JA_EXISTE,pdf,C:\Users\thiagonogueira\OneDrive - mppi.mp.br\CLC\01_Processos_e_Aquisicoes\Base de Conhecimento - Thiago\01_Normativos_Vigentes\05_TCE_PI\Instrucoes_Normativas\Instrução Normativa TCE-PI 002.2026 - Sistemas Licitacoes Web Contratos Web e Obras Web.pdf,C:\Users\thiagonogueira\Dev\base-conhecimento-licitacoes\01_Normativos_Vigentes\05_TCE_PI\Instrucoes_Normativas\Instrução Normativa TCE-PI 002.2026 - Sistemas Licitacoes Web Contratos Web e Obras Web.pdf
IGNORADO_JA_EXISTE,pdf,C:\Users\thiagonogueira\OneDrive - mppi.mp.br\CLC\01_Processos_e_Aquisicoes\Base de Conhecimento - Thiago\Manual completo - Manual Compras.gov.br - Pregão Eletrônico.pdf,C:\Users\thiagonogueira\Dev\base-conhecimento-licitacoes\Manual completo - Manual Compras.gov.br - Pregão Eletrônico.pdf
IGNORADO_JA_EXISTE,pdf,C:\Users\thiagonogueira\OneDrive - mppi.mp.br\CLC\01_Processos_e_Aquisicoes\Base de Conhecimento - Thiago\02_Jurisprudencia_e_Orientacoes\Informativos_Julgamentos_TCE_PI\Primeira_C_mara_Virtual_1__C_mara___Sess_o_Ordin_ria_Virtual_de_29_de_junho_a_03.pdf,C:\Users\thiagonogueira\Dev\base-conhecimento-licitacoes\02_Jurisprudencia_e_Orientacoes\Informativos_Julgamentos_TCE_PI\Primeira_C_mara_Virtual_1__C_mara___Sess_o_Ordin_ria_Virtual_de_29_de_junho_a_03.pdf
IGNORADO_JA_EXISTE,pdf,C:\Users\thiagonogueira\OneDrive - mppi.mp.br\CLC\01_Processos_e_Aquisicoes\Base de Conhecimento - Thiago\05_Doutrina_e_Biblioteca\Biblioteca_Manuais_e_Cursos\Storytelling com Dados (Cole Nussbaumer Knaflic [Knaflic etc.).pdf,C:\Users\thiagonogueira\Dev\base-conhecimento-licitacoes\05_Doutrina_e_Biblioteca\Biblioteca_Manuais_e_Cursos\Storytelling com Dados (Cole Nussbaumer Knaflic [Knaflic etc.).pdf
IGNORADO_JA_EXISTE,pdf,C:\Users\thiagonogueira\OneDrive - mppi.mp.br\CLC\01_Processos_e_Aquisicoes\Base de Conhecimento - Thiago\02_Jurisprudencia_e_Orientacoes\Informativos_Julgamentos_TCE_PI\Plen_rio_Virtual_Pleno___Sess_o_Ordin_ria_Virtual_de_14_a_18_de_setembro_de_2026.pdf,C:\Users\thiagonogueira\Dev\base-conhecimento-licitacoes\02_Jurisprudencia_e_Orientacoes\Informativos_Julgamentos_TCE_PI\Plen_rio_Virtual_Pleno___Sess_o_Ordin_ria_Virtual_de_14_a_18_de_setembro_de_2026.pdf
IGNORADO_JA_EXISTE,pdf,C:\Users\thiagonogueira\OneDrive - mppi.mp.br\CLC\01_Processos_e_Aquisicoes\Base de Conhecimento - Thiago\05_Doutrina_e_Biblioteca\Biblioteca_Manuais_e_Cursos\Manuais\PARECER n. 00196-2024-E-CJU-SCOM-CGU-AGU.pdf,C:\Users\thiagonogueira\Dev\base-conhecimento-licitacoes\05_Doutrina_e_Biblioteca\Biblioteca_Manuais_e_Cursos\Manuais\PARECER n. 00196-2024-E-CJU-SCOM-CGU-AGU.pdf
IGNORADO_JA_EXISTE,pdf,C:\Users\thiagonogueira\OneDrive - mppi.mp.br\CLC\01_Processos_e_Aquisicoes\Base de Conhecimento - Thiago\02_Jurisprudencia_e_Orientacoes\Boletins_TCE_PI\merged 2025.pdf,C:\Users\thiagonogueira\Dev\base-conhecimento-licitacoes\02_Jurisprudencia_e_Orientacoes\Boletins_TCE_PI\merged 2025.pdf
IGNORADO_JA_EXISTE,pdf,C:\Users\thiagonogueira\OneDrive - mppi.mp.br\CLC\01_Processos_e_Aquisicoes\Base de Conhecimento - Thiago\02_Jurisprudencia_e_Orientacoes\Informativos_Julgamentos_TCE_PI\Primeira_C_mara_Virtual_1__C_mara___Sess_o_Ordin_ria_Virtual_de_04_a_08_de_maio_.pdf,C:\Users\thiagonogueira\Dev\base-conhecimento-licitacoes\02_Jurisprudencia_e_Orientacoes\Informativos_Julgamentos_TCE_PI\Primeira_C_mara_Virtual_1__C_mara___Sess_o_Ordin_ria_Virtual_de_04_a_08_de_maio_.pdf
IGNORADO_JA_EXISTE,pdf,C:\Users\thiagonogueira\OneDrive - mppi.mp.br\CLC\01_Processos_e_Aquisicoes\Base de Conhecimento - Thiago\01_Normativos_Vigentes\01_Federal\Leis\Federal - Lei 4320.1964 - Normas Gerais de Direito Financeiro.pdf,C:\Users\thiagonogueira\Dev\base-conhecimento-licitacoes\01_Normativos_Vigentes\01_Federal\Leis\Federal - Lei 4320.1964 - Normas Gerais de Direito Financeiro.pdf
IGNORADO_JA_EXISTE,pdf,C:\Users\thiagonogueira\OneDrive - mppi.mp.br\CLC\01_Processos_e_Aquisicoes\Base de Conhecimento - Thiago\05_Doutrina_e_Biblioteca\Suprimento_de_Fundos\QUANTO CUSTA UMA LICITAÇÃO - 2014.pdf,C:\Users\thiagonogueira\Dev\base-conhecimento-licitacoes\05_Doutrina_e_Biblioteca\Suprimento_de_Fundos\QUANTO CUSTA UMA LICITAÇÃO - 2014.pdf
IGNORADO_JA_EXISTE,pdf,C:\Users\thiagonogueira\OneDrive - mppi.mp.br\CLC\01_Processos_e_Aquisicoes\Base de Conhecimento - Thiago\01_Normativos_Vigentes\03_MPPI\Portarias\Portaria PGJMPPI - n3447.0 - 2024.pdf,C:\Users\thiagonogueira\Dev\base-conhecimento-licitacoes\01_Normativos_Vigentes\03_MPPI\Portarias\Portaria PGJMPPI - n3447.0 - 2024.pdf
IGNORADO_JA_EXISTE,pdf,C:\Users\thiagonogueira\OneDrive - mppi.mp.br\CLC\01_Processos_e_Aquisicoes\Base de Conhecimento - Thiago\02_Jurisprudencia_e_Orientacoes\Informativos_Julgamentos_TCE_PI\Plen_rio_Presencial_Pleno___Sess_o_Ordin_ria_Presencial_n__004_de_13_de_mar_o_de.pdf,C:\Users\thiagonogueira\Dev\base-conhecimento-licitacoes\02_Jurisprudencia_e_Orientacoes\Informativos_Julgamentos_TCE_PI\Plen_rio_Presencial_Pleno___Sess_o_Ordin_ria_Presencial_n__004_de_13_de_mar_o_de.pdf
IGNORADO_JA_EXISTE,pdf,C:\Users\thiagonogueira\OneDrive - mppi.mp.br\CLC\01_Processos_e_Aquisicoes\Base de Conhecimento - Thiago\00_Ferramentas_e_Scripts_Analise\ARP sapiens.agu.gov.br_valida_publico_id=1781507289.pdf,C:\Users\thiagonogueira\Dev\base-conhecimento-licitacoes\00_Ferramentas_e_Scripts_Analise\ARP sapiens.agu.gov.br_valida_publico_id=1781507289.pdf
IGNORADO_JA_EXISTE,pdf,C:\Users\thiagonogueira\OneDrive - mppi.mp.br\CLC\01_Processos_e_Aquisicoes\Base de Conhecimento - Thiago\05_Doutrina_e_Biblioteca\Biblioteca_Manuais_e_Cursos\Manuais\Zênite Fácil - Dispensa Eletrônica.pdf,C:\Users\thiagonogueira\Dev\base-conhecimento-licitacoes\05_Doutrina_e_Biblioteca\Biblioteca_Manuais_e_Cursos\Manuais\Zênite Fácil - Dispensa Eletrônica.pdf
IGNORADO_JA_EXISTE,pdf,C:\Users\thiagonogueira\OneDrive - mppi.mp.br\CLC\01_Processos_e_Aquisicoes\Base de Conhecimento - Thiago\02_Jurisprudencia_e_Orientacoes\MJRs_MPPI\Manifestação Jurídico Referencial - MJR - n92 - 2024.pdf,C:\Users\thiagonogueira\Dev\base-conhecimento-licitacoes\02_Jurisprudencia_e_Orientacoes\MJRs_MPPI\Manifestação Jurídico Referencial - MJR - n92 - 2024.pdf
IGNORADO_JA_EXISTE,pdf,C:\Users\thiagonogueira\OneDrive - mppi.mp.br\CLC\01_Processos_e_Aquisicoes\Base de Conhecimento - Thiago\02_Jurisprudencia_e_Orientacoes\Informativos_Julgamentos_TCE_PI\Primeira_C_mara_Presencial_1__C_mara___Sess_o_Ordin_ria_Presencial_n__11_de_23_d.pdf,C:\Users\thiagonogueira\Dev\base-conhecimento-licitacoes\02_Jurisprudencia_e_Orientacoes\Informativos_Julgamentos_TCE_PI\Primeira_C_mara_Presencial_1__C_mara___Sess_o_Ordin_ria_Presencial_n__11_de_23_d.pdf
IGNORADO_JA_EXISTE,pdf,C:\Users\thiagonogueira\OneDrive - mppi.mp.br\CLC\01_Processos_e_Aquisicoes\Base de Conhecimento - Thiago\05_Doutrina_e_Biblioteca\Biblioteca_Manuais_e_Cursos\Manuais\estudo_tematico_recuperacao_judicial.pdf,C:\Users\thiagonogueira\Dev\base-conhecimento-licitacoes\05_Doutrina_e_Biblioteca\Biblioteca_Manuais_e_Cursos\Manuais\estudo_tematico_recuperacao_judicial.pdf
IGNORADO_JA_EXISTE,pdf,C:\Users\thiagonogueira\OneDrive - mppi.mp.br\CLC\01_Processos_e_Aquisicoes\Base de Conhecimento - Thiago\01_Normativos_Vigentes\03_MPPI\Atos\Ato PGJ 0823.2018 - Atribuicoes do Diretor de Sede (com alteracoes).pdf,C:\Users\thiagonogueira\Dev\base-conhecimento-licitacoes\01_Normativos_Vigentes\03_MPPI\Atos\Ato PGJ 0823.2018 - Atribuicoes do Diretor de Sede (com alteracoes).pdf
IGNORADO_JA_EXISTE,pdf,C:\Users\thiagonogueira\OneDrive - mppi.mp.br\CLC\01_Processos_e_Aquisicoes\Base de Conhecimento - Thiago\05_Doutrina_e_Biblioteca\Biblioteca_Manuais_e_Cursos\Curso Banco de Preços - Pesquisa de Preços.pdf,C:\Users\thiagonogueira\Dev\base-conhecimento-licitacoes\05_Doutrina_e_Biblioteca\Biblioteca_Manuais_e_Cursos\Curso Banco de Preços - Pesquisa de Preços.pdf
IGNORADO_JA_EXISTE,pdf,C:\Users\thiagonogueira\OneDrive - mppi.mp.br\CLC\01_Processos_e_Aquisicoes\Base de Conhecimento - Thiago\SIte_PGE_PI\Adesão\Lei-14133-Lista-de-Verificacao-Adesao-DOE(1).pdf,C:\Users\thiagonogueira\Dev\base-conhecimento-licitacoes\SIte_PGE_PI\Adesão\Lei-14133-Lista-de-Verificacao-Adesao-DOE(1).pdf
IGNORADO_JA_EXISTE,pdf,C:\Users\thiagonogueira\OneDrive - mppi.mp.br\CLC\01_Processos_e_Aquisicoes\Base de Conhecimento - Thiago\SEI_TJPI_-_6640734_-_Provimento.pdf,C:\Users\thiagonogueira\Dev\base-conhecimento-licitacoes\SEI_TJPI_-_6640734_-_Provimento.pdf
IGNORADO_JA_EXISTE,pdf,C:\Users\thiagonogueira\OneDrive - mppi.mp.br\CLC\01_Processos_e_Aquisicoes\Base de Conhecimento - Thiago\02_Jurisprudencia_e_Orientacoes\Informativos_Julgamentos_TCE_PI\Primeira_C_mara_Presencial_1__C_mara___Sess_o_Ordin_ria_Presencial_n__16_de_01_d.pdf,C:\Users\thiagonogueira\Dev\base-conhecimento-licitacoes\02_Jurisprudencia_e_Orientacoes\Informativos_Julgamentos_TCE_PI\Primeira_C_mara_Presencial_1__C_mara___Sess_o_Ordin_ria_Presencial_n__16_de_01_d.pdf
IGNORADO_JA_EXISTE,pdf,C:\Users\thiagonogueira\OneDrive - mppi.mp.br\CLC\01_Processos_e_Aquisicoes\Base de Conhecimento - Thiago\01_Normativos_Vigentes\02_Estadual_PI\Decretos\Decreto Estadual - n19.841062021 - 2021.pdf,C:\Users\thiagonogueira\Dev\base-conhecimento-licitacoes\01_Normativos_Vigentes\02_Estadual_PI\Decretos\Decreto Estadual - n19.841062021 - 2021.pdf
IGNORADO_JA_EXISTE,pdf,C:\Users\thiagonogueira\OneDrive - mppi.mp.br\CLC\01_Processos_e_Aquisicoes\Base de Conhecimento - Thiago\02_Jurisprudencia_e_Orientacoes\Informativos_Julgamentos_TCE_PI\Primeira_C_mara_Presencial_1__C_mara___Sess_o_Ordin_ria_Presencial_n__04_de_10_d.pdf,C:\Users\thiagonogueira\Dev\base-conhecimento-licitacoes\02_Jurisprudencia_e_Orientacoes\Informativos_Julgamentos_TCE_PI\Primeira_C_mara_Presencial_1__C_mara___Sess_o_Ordin_ria_Presencial_n__04_de_10_d.pdf
IGNORADO_JA_EXISTE,pdf,C:\Users\thiagonogueira\OneDrive - mppi.mp.br\CLC\01_Processos_e_Aquisicoes\Base de Conhecimento - Thiago\05_Doutrina_e_Biblioteca\Biblioteca_Manuais_e_Cursos\Manuais\Enap - Caderno de curso Nova lei de licitações - Planejamento e Governança.pdf,C:\Users\thiagonogueira\Dev\base-conhecimento-licitacoes\05_Doutrina_e_Biblioteca\Biblioteca_Manuais_e_Cursos\Manuais\Enap - Caderno de curso Nova lei de licitações - Planejamento e Governança.pdf
IGNORADO_JA_EXISTE,pdf,C:\Users\thiagonogueira\OneDrive - mppi.mp.br\CLC\01_Processos_e_Aquisicoes\Base de Conhecimento - Thiago\01_Normativos_Vigentes\03_MPPI\Atos\Ato PGJMPPI - n1414.0 - 2024.pdf,C:\Users\thiagonogueira\Dev\base-conhecimento-licitacoes\01_Normativos_Vigentes\03_MPPI\Atos\Ato PGJMPPI - n1414.0 - 2024.pdf
IGNORADO_JA_EXISTE,pdf,C:\Users\thiagonogueira\OneDrive - mppi.mp.br\CLC\01_Processos_e_Aquisicoes\Base de Conhecimento - Thiago\Manual completo - Convocação de Remanescentes.pdf,C:\Users\thiagonogueira\Dev\base-conhecimento-licitacoes\Manual completo - Convocação de Remanescentes.pdf
IGNORADO_JA_EXISTE,pdf,C:\Users\thiagonogueira\OneDrive - mppi.mp.br\CLC\01_Processos_e_Aquisicoes\Base de Conhecimento - Thiago\05_Doutrina_e_Biblioteca\Suprimento_de_Fundos\Raquel Pereira Alves.pdf,C:\Users\thiagonogueira\Dev\base-conhecimento-licitacoes\05_Doutrina_e_Biblioteca\Suprimento_de_Fundos\Raquel Pereira Alves.pdf
IGNORADO_JA_EXISTE,pdf,C:\Users\thiagonogueira\OneDrive - mppi.mp.br\CLC\01_Processos_e_Aquisicoes\Base de Conhecimento - Thiago\SIte_PGE_PI\LV - Contratação Direta - Serv Comuns Eng\Lista-de-Verificacao-Contratacao-Direta-Servicos-Comuns-de-Engenharia-DOE.pdf,C:\Users\thiagonogueira\Dev\base-conhecimento-licitacoes\SIte_PGE_PI\LV - Contratação Direta - Serv Comuns Eng\Lista-de-Verificacao-Contratacao-Direta-Servicos-Comuns-de-Engenharia-DOE.pdf
IGNORADO_JA_EXISTE,pdf,C:\Users\thiagonogueira\OneDrive - mppi.mp.br\CLC\01_Processos_e_Aquisicoes\Base de Conhecimento - Thiago\04_Sistemas_e_Catalogos\Orcamento_LOA_2026\loa-anexo-v-despesa-empresas-estatais.pdf,C:\Users\thiagonogueira\Dev\base-conhecimento-licitacoes\04_Sistemas_e_Catalogos\Orcamento_LOA_2026\loa-anexo-v-despesa-empresas-estatais.pdf
IGNORADO_JA_EXISTE,pdf,C:\Users\thiagonogueira\OneDrive - mppi.mp.br\CLC\01_Processos_e_Aquisicoes\Base de Conhecimento - Thiago\02_Jurisprudencia_e_Orientacoes\Informativos_Julgamentos_TCE_PI\Primeira_C_mara_Presencial_1__C_mara___Sess_o_Ordin_ria_Presencial_n__03_de_24_d.pdf,C:\Users\thiagonogueira\Dev\base-conhecimento-licitacoes\02_Jurisprudencia_e_Orientacoes\Informativos_Julgamentos_TCE_PI\Primeira_C_mara_Presencial_1__C_mara___Sess_o_Ordin_ria_Presencial_n__03_de_24_d.pdf
IGNORADO_JA_EXISTE,pdf,C:\Users\thiagonogueira\OneDrive - mppi.mp.br\CLC\01_Processos_e_Aquisicoes\Base de Conhecimento - Thiago\02_Jurisprudencia_e_Orientacoes\Informativos_Julgamentos_TCE_PI\Segunda_C_mara_Virtual_2__C_mara___Sess_o_Ordin_ria_Virtual_de_31_de_agosto_a_04.pdf,C:\Users\thiagonogueira\Dev\base-conhecimento-licitacoes\02_Jurisprudencia_e_Orientacoes\Informativos_Julgamentos_TCE_PI\Segunda_C_mara_Virtual_2__C_mara___Sess_o_Ordin_ria_Virtual_de_31_de_agosto_a_04.pdf
IGNORADO_JA_EXISTE,pdf,C:\Users\thiagonogueira\OneDrive - mppi.mp.br\CLC\01_Processos_e_Aquisicoes\Base de Conhecimento - Thiago\01_Normativos_Vigentes\02_Estadual_PI\Decretos\Decreto Estadual - n21.910172023 - 2023.pdf,C:\Users\thiagonogueira\Dev\base-conhecimento-licitacoes\01_Normativos_Vigentes\02_Estadual_PI\Decretos\Decreto Estadual - n21.910172023 - 2023.pdf
IGNORADO_JA_EXISTE,pdf,C:\Users\thiagonogueira\OneDrive - mppi.mp.br\CLC\01_Processos_e_Aquisicoes\Base de Conhecimento - Thiago\01_Normativos_Vigentes\05_TCE_PI\Resolucoes\Resolução TCE - n20.0 - 2024.pdf,C:\Users\thiagonogueira\Dev\base-conhecimento-licitacoes\01_Normativos_Vigentes\05_TCE_PI\Resolucoes\Resolução TCE - n20.0 - 2024.pdf
IGNORADO_JA_EXISTE,pdf,C:\Users\thiagonogueira\OneDrive - mppi.mp.br\CLC\01_Processos_e_Aquisicoes\Base de Conhecimento - Thiago\02_Jurisprudencia_e_Orientacoes\MJRs_MPPI\MJR 56 - Pedido de Substituição de Marca.pdf,C:\Users\thiagonogueira\Dev\base-conhecimento-licitacoes\02_Jurisprudencia_e_Orientacoes\MJRs_MPPI\MJR 56 - Pedido de Substituição de Marca.pdf
IGNORADO_JA_EXISTE,pdf,C:\Users\thiagonogueira\OneDrive - mppi.mp.br\CLC\01_Processos_e_Aquisicoes\Base de Conhecimento - Thiago\03_Modelos_e_Minutas\Modelos_MPPI_CLC\TAPP-D - Diagnostico e Matriz de Notas (02.09.2026).pdf,C:\Users\thiagonogueira\Dev\base-conhecimento-licitacoes\03_Modelos_e_Minutas\Modelos_MPPI_CLC\TAPP-D - Diagnostico e Matriz de Notas (02.09.2026).pdf
IGNORADO_JA_EXISTE,pdf,C:\Users\thiagonogueira\OneDrive - mppi.mp.br\CLC\01_Processos_e_Aquisicoes\Base de Conhecimento - Thiago\03_Modelos_e_Minutas\Modelos_MPPI_CLC\TAPP DIMPLANC 006_2024-0 (CMAD) - Lavagem a seco de togas.pdf,C:\Users\thiagonogueira\Dev\base-conhecimento-licitacoes\03_Modelos_e_Minutas\Modelos_MPPI_CLC\TAPP DIMPLANC 006_2024-0 (CMAD) - Lavagem a seco de togas.pdf
IGNORADO_JA_EXISTE,pdf,C:\Users\thiagonogueira\OneDrive - mppi.mp.br\CLC\01_Processos_e_Aquisicoes\Base de Conhecimento - Thiago\05_Doutrina_e_Biblioteca\Biblioteca_Manuais_e_Cursos\Manuais\Artigo - Como formalizar a prorrogação da vigência de uma ARP.pdf,C:\Users\thiagonogueira\Dev\base-conhecimento-licitacoes\05_Doutrina_e_Biblioteca\Biblioteca_Manuais_e_Cursos\Manuais\Artigo - Como formalizar a prorrogação da vigência de uma ARP.pdf
IGNORADO_JA_EXISTE,pdf,C:\Users\thiagonogueira\OneDrive - mppi.mp.br\CLC\01_Processos_e_Aquisicoes\Base de Conhecimento - Thiago\05_Doutrina_e_Biblioteca\Suprimento_de_Fundos\CONGRESSO CUSTOS 2015.pdf,C:\Users\thiagonogueira\Dev\base-conhecimento-licitacoes\05_Doutrina_e_Biblioteca\Suprimento_de_Fundos\CONGRESSO CUSTOS 2015.pdf
IGNORADO_JA_EXISTE,pdf,C:\Users\thiagonogueira\OneDrive - mppi.mp.br\CLC\01_Processos_e_Aquisicoes\Base de Conhecimento - Thiago\SIte_PGE_PI\Pregão Eletrônico - Serviços Comuns de Engenharia\Lei-14133-Lista-de-Verificacao-Pregao-Eletronico-COM-SRP-Servicos-Comuns-de-Engenharia.pdf,C:\Users\thiagonogueira\Dev\base-conhecimento-licitacoes\SIte_PGE_PI\Pregão Eletrônico - Serviços Comuns de Engenharia\Lei-14133-Lista-de-Verificacao-Pregao-Eletronico-COM-SRP-Servicos-Comuns-de-Engenharia.pdf
IGNORADO_JA_EXISTE,pdf,C:\Users\thiagonogueira\OneDrive - mppi.mp.br\CLC\01_Processos_e_Aquisicoes\Base de Conhecimento - Thiago\05_Doutrina_e_Biblioteca\Biblioteca_Manuais_e_Cursos\Manuais\PARECER Nº 00002-2025-CNLCA-CGU-AGU.pdf,C:\Users\thiagonogueira\Dev\base-conhecimento-licitacoes\05_Doutrina_e_Biblioteca\Biblioteca_Manuais_e_Cursos\Manuais\PARECER Nº 00002-2025-CNLCA-CGU-AGU.pdf
IGNORADO_JA_EXISTE,pdf,"C:\Users\thiagonogueira\OneDrive - mppi.mp.br\CLC\01_Processos_e_Aquisicoes\Base de Conhecimento - Thiago\SIte_PGE_PI\Contratacao de pequeno valor - 75, I\Lei-14133-Lista-de-Verificacao-Contratacao-Direta-Pequeno-Valor-Servicos-Comuns-de-Engenharia.pdf","C:\Users\thiagonogueira\Dev\base-conhecimento-licitacoes\SIte_PGE_PI\Contratacao de pequeno valor - 75, I\Lei-14133-Lista-de-Verificacao-Contratacao-Direta-Pequeno-Valor-Servicos-Comuns-de-Engenharia.pdf"
IGNORADO_JA_EXISTE,pdf,C:\Users\thiagonogueira\OneDrive - mppi.mp.br\CLC\01_Processos_e_Aquisicoes\Base de Conhecimento - Thiago\02_Jurisprudencia_e_Orientacoes\Informativos_Julgamentos_TCE_PI\Plen_rio_Virtual_Pleno___Sess_o_Ordin_ria_Virtual_de_04_a_08_de_maio_de_2026_.pdf,C:\Users\thiagonogueira\Dev\base-conhecimento-licitacoes\02_Jurisprudencia_e_Orientacoes\Informativos_Julgamentos_TCE_PI\Plen_rio_Virtual_Pleno___Sess_o_Ordin_ria_Virtual_de_04_a_08_de_maio_de_2026_.pdf
IGNORADO_JA_EXISTE,pdf,C:\Users\thiagonogueira\OneDrive - mppi.mp.br\CLC\01_Processos_e_Aquisicoes\Base de Conhecimento - Thiago\05_Doutrina_e_Biblioteca\Biblioteca_Manuais_e_Cursos\Curso_Imersao_Contratacoes_Diretas\Material Selecionado – Produção Zênite – Regime Lei nº 14.133.2021.pdf,C:\Users\thiagonogueira\Dev\base-conhecimento-licitacoes\05_Doutrina_e_Biblioteca\Biblioteca_Manuais_e_Cursos\Curso_Imersao_Contratacoes_Diretas\Material Selecionado – Produção Zênite – Regime Lei nº 14.133.2021.pdf
IGNORADO_JA_EXISTE,pdf,C:\Users\thiagonogueira\OneDrive - mppi.mp.br\CLC\01_Processos_e_Aquisicoes\Base de Conhecimento - Thiago\05_Doutrina_e_Biblioteca\Biblioteca_Manuais_e_Cursos\Manuais\Manual de Compras Baseadas na Relação Custo-Benefício (abr-2025).pdf,C:\Users\thiagonogueira\Dev\base-conhecimento-licitacoes\05_Doutrina_e_Biblioteca\Biblioteca_Manuais_e_Cursos\Manuais\Manual de Compras Baseadas na Relação Custo-Benefício (abr-2025).pdf
IGNORADO_JA_EXISTE,pdf,C:\Users\thiagonogueira\OneDrive - mppi.mp.br\CLC\01_Processos_e_Aquisicoes\Base de Conhecimento - Thiago\05_Doutrina_e_Biblioteca\Biblioteca_Manuais_e_Cursos\Manuais\PARECER n. 00880-2023-ADV-E-CJU-SCOM-CGU-AGU.pdf,C:\Users\thiagonogueira\Dev\base-conhecimento-licitacoes\05_Doutrina_e_Biblioteca\Biblioteca_Manuais_e_Cursos\Manuais\PARECER n. 00880-2023-ADV-E-CJU-SCOM-CGU-AGU.pdf
IGNORADO_JA_EXISTE,pdf,C:\Users\thiagonogueira\OneDrive - mppi.mp.br\CLC\01_Processos_e_Aquisicoes\Base de Conhecimento - Thiago\05_Doutrina_e_Biblioteca\Biblioteca_Manuais_e_Cursos\Manuais\AGU – Parecer nº 00453-2024 – Renovação de quantitativos em caso de prorrogação da ata de registro de preços.pdf,C:\Users\thiagonogueira\Dev\base-conhecimento-licitacoes\05_Doutrina_e_Biblioteca\Biblioteca_Manuais_e_Cursos\Manuais\AGU – Parecer nº 00453-2024 – Renovação de quantitativos em caso de prorrogação da ata de registro de preços.pdf
IGNORADO_JA_EXISTE,pdf,C:\Users\thiagonogueira\OneDrive - mppi.mp.br\CLC\01_Processos_e_Aquisicoes\Base de Conhecimento - Thiago\SIte_PGE_PI\Lista de Verificação - Revisão-Realinhamento\Lei-14133-Lista-de-Verificacao-Revisao-Realinhamento-DOE.pdf,C:\Users\thiagonogueira\Dev\base-conhecimento-licitacoes\SIte_PGE_PI\Lista de Verificação - Revisão-Realinhamento\Lei-14133-Lista-de-Verificacao-Revisao-Realinhamento-DOE.pdf
IGNORADO_JA_EXISTE,pdf,"C:\Users\thiagonogueira\OneDrive - mppi.mp.br\CLC\01_Processos_e_Aquisicoes\Base de Conhecimento - Thiago\05_Doutrina_e_Biblioteca\Biblioteca_Manuais_e_Cursos\Manuais\Controladoria-Geral da União- Guia referencial para identificação, quantificaçao e mitigação de superfaturame.pdf","C:\Users\thiagonogueira\Dev\base-conhecimento-licitacoes\05_Doutrina_e_Biblioteca\Biblioteca_Manuais_e_Cursos\Manuais\Controladoria-Geral da União- Guia referencial para identificação, quantificaçao e mitigação de superfaturame.pdf"
IGNORADO_JA_EXISTE,pdf,C:\Users\thiagonogueira\OneDrive - mppi.mp.br\CLC\01_Processos_e_Aquisicoes\Base de Conhecimento - Thiago\05_Doutrina_e_Biblioteca\Biblioteca_Manuais_e_Cursos\Manuais\E-BOX 01 - ESTUDO TÉCNICO PRELIMINAR - AQUISIÇÕES - SERVIÇOS EM GERAL.pdf,C:\Users\thiagonogueira\Dev\base-conhecimento-licitacoes\05_Doutrina_e_Biblioteca\Biblioteca_Manuais_e_Cursos\Manuais\E-BOX 01 - ESTUDO TÉCNICO PRELIMINAR - AQUISIÇÕES - SERVIÇOS EM GERAL.pdf
IGNORADO_JA_EXISTE,pdf,C:\Users\thiagonogueira\OneDrive - mppi.mp.br\CLC\01_Processos_e_Aquisicoes\Base de Conhecimento - Thiago\05_Doutrina_e_Biblioteca\Biblioteca_Manuais_e_Cursos\Manuais\PARECER Nº 4632024-PLCCAPGM - Contratação direta por dispensa de licitação.pdf,C:\Users\thiagonogueira\Dev\base-conhecimento-licitacoes\05_Doutrina_e_Biblioteca\Biblioteca_Manuais_e_Cursos\Manuais\PARECER Nº 4632024-PLCCAPGM - Contratação direta por dispensa de licitação.pdf
IGNORADO_JA_EXISTE,pdf,C:\Users\thiagonogueira\OneDrive - mppi.mp.br\CLC\01_Processos_e_Aquisicoes\Base de Conhecimento - Thiago\05_Doutrina_e_Biblioteca\Suprimento_de_Fundos\MPRJ - guiarapido_atualizado20_07_21.pdf,C:\Users\thiagonogueira\Dev\base-conhecimento-licitacoes\05_Doutrina_e_Biblioteca\Suprimento_de_Fundos\MPRJ - guiarapido_atualizado20_07_21.pdf
IGNORADO_JA_EXISTE,pdf,C:\Users\thiagonogueira\OneDrive - mppi.mp.br\CLC\01_Processos_e_Aquisicoes\Base de Conhecimento - Thiago\04_Sistemas_e_Catalogos\Manuais_Sistemas_Oficiais\Compras.gov.br – Novo divulgação de contratações - Evento de alteração - abr-2024.pdf,C:\Users\thiagonogueira\Dev\base-conhecimento-licitacoes\04_Sistemas_e_Catalogos\Manuais_Sistemas_Oficiais\Compras.gov.br – Novo divulgação de contratações - Evento de alteração - abr-2024.pdf
IGNORADO_JA_EXISTE,pdf,C:\Users\thiagonogueira\OneDrive - mppi.mp.br\CLC\01_Processos_e_Aquisicoes\Base de Conhecimento - Thiago\05_Doutrina_e_Biblioteca\Biblioteca_Manuais_e_Cursos\Livro - Compras_publicas_para_inovacao_no_Brasil.pdf,C:\Users\thiagonogueira\Dev\base-conhecimento-licitacoes\05_Doutrina_e_Biblioteca\Biblioteca_Manuais_e_Cursos\Livro - Compras_publicas_para_inovacao_no_Brasil.pdf
IGNORADO_JA_EXISTE,pdf,C:\Users\thiagonogueira\OneDrive - mppi.mp.br\CLC\01_Processos_e_Aquisicoes\Base de Conhecimento - Thiago\05_Doutrina_e_Biblioteca\Biblioteca_Manuais_e_Cursos\Manuais\Livro - Aula 002 - PDFL -  (Capítulo Livro) TIPOLOGIA DE FRAUDES EM LICITAÇÃO.pdf,C:\Users\thiagonogueira\Dev\base-conhecimento-licitacoes\05_Doutrina_e_Biblioteca\Biblioteca_Manuais_e_Cursos\Manuais\Livro - Aula 002 - PDFL -  (Capítulo Livro) TIPOLOGIA DE FRAUDES EM LICITAÇÃO.pdf
IGNORADO_JA_EXISTE,pdf,C:\Users\thiagonogueira\OneDrive - mppi.mp.br\CLC\01_Processos_e_Aquisicoes\Base de Conhecimento - Thiago\05_Doutrina_e_Biblioteca\Biblioteca_Manuais_e_Cursos\TCE-PR – Cartilha de Obras e Serviços de Engenharia- estudo técnico preliminar.pdf,C:\Users\thiagonogueira\Dev\base-conhecimento-licitacoes\05_Doutrina_e_Biblioteca\Biblioteca_Manuais_e_Cursos\TCE-PR – Cartilha de Obras e Serviços de Engenharia- estudo técnico preliminar.pdf
IGNORADO_JA_EXISTE,pdf,"C:\Users\thiagonogueira\OneDrive - mppi.mp.br\CLC\01_Processos_e_Aquisicoes\Base de Conhecimento - Thiago\SIte_PGE_PI\Contratacao de pequeno valor (75, I)\Lei-14133-Lista-de-Verificacao-Contratacao-Direta-Pequeno-Valor-Obras.pdf","C:\Users\thiagonogueira\Dev\base-conhecimento-licitacoes\SIte_PGE_PI\Contratacao de pequeno valor (75, I)\Lei-14133-Lista-de-Verificacao-Contratacao-Direta-Pequeno-Valor-Obras.pdf"
IGNORADO_JA_EXISTE,pdf,C:\Users\thiagonogueira\OneDrive - mppi.mp.br\CLC\01_Processos_e_Aquisicoes\Base de Conhecimento - Thiago\02_Jurisprudencia_e_Orientacoes\Informativos_Julgamentos_TCE_PI\Primeira_C_mara_Virtual_1__C_mara___Sess_o_Ordin_ria_Virtual_de_31_de_agosto_a_0.pdf,C:\Users\thiagonogueira\Dev\base-conhecimento-licitacoes\02_Jurisprudencia_e_Orientacoes\Informativos_Julgamentos_TCE_PI\Primeira_C_mara_Virtual_1__C_mara___Sess_o_Ordin_ria_Virtual_de_31_de_agosto_a_0.pdf
IGNORADO_JA_EXISTE,pdf,C:\Users\thiagonogueira\OneDrive - mppi.mp.br\CLC\01_Processos_e_Aquisicoes\Base de Conhecimento - Thiago\05_Doutrina_e_Biblioteca\Biblioteca_Manuais_e_Cursos\manual-comprasgovbr-contratos.pdf,C:\Users\thiagonogueira\Dev\base-conhecimento-licitacoes\05_Doutrina_e_Biblioteca\Biblioteca_Manuais_e_Cursos\manual-comprasgovbr-contratos.pdf
IGNORADO_JA_EXISTE,pdf,C:\Users\thiagonogueira\OneDrive - mppi.mp.br\CLC\01_Processos_e_Aquisicoes\Base de Conhecimento - Thiago\02_Jurisprudencia_e_Orientacoes\Informativos_Julgamentos_TCE_PI\Segunda_C_mara_Virtual_2__C_mara___Sess_o_Ordin_ria_Virtual_de_25_a_29_de_maio_d.pdf,C:\Users\thiagonogueira\Dev\base-conhecimento-licitacoes\02_Jurisprudencia_e_Orientacoes\Informativos_Julgamentos_TCE_PI\Segunda_C_mara_Virtual_2__C_mara___Sess_o_Ordin_ria_Virtual_de_25_a_29_de_maio_d.pdf
IGNORADO_JA_EXISTE,pdf,C:\Users\thiagonogueira\OneDrive - mppi.mp.br\CLC\01_Processos_e_Aquisicoes\Base de Conhecimento - Thiago\04_Sistemas_e_Catalogos\Manuais_Sistemas_Oficiais\Compras.gov.br – Tutorial de como publicar dispensas com disputa no Novo DC.pdf,C:\Users\thiagonogueira\Dev\base-conhecimento-licitacoes\04_Sistemas_e_Catalogos\Manuais_Sistemas_Oficiais\Compras.gov.br – Tutorial de como publicar dispensas com disputa no Novo DC.pdf
IGNORADO_JA_EXISTE,pdf,C:\Users\thiagonogueira\OneDrive - mppi.mp.br\CLC\01_Processos_e_Aquisicoes\Base de Conhecimento - Thiago\01_Normativos_Vigentes\02_Estadual_PI\Decretos\Decreto Estadual - n21.872072023 - 2023.pdf,C:\Users\thiagonogueira\Dev\base-conhecimento-licitacoes\01_Normativos_Vigentes\02_Estadual_PI\Decretos\Decreto Estadual - n21.872072023 - 2023.pdf
IGNORADO_JA_EXISTE,pdf,C:\Users\thiagonogueira\OneDrive - mppi.mp.br\CLC\01_Processos_e_Aquisicoes\Base de Conhecimento - Thiago\02_Jurisprudencia_e_Orientacoes\Informativos_Julgamentos_TCE_PI\Segunda_C_mara_Presencial_2__C_mara___Sess_o_Ordin_ria_Presencial_n__05_de_8_de_.pdf,C:\Users\thiagonogueira\Dev\base-conhecimento-licitacoes\02_Jurisprudencia_e_Orientacoes\Informativos_Julgamentos_TCE_PI\Segunda_C_mara_Presencial_2__C_mara___Sess_o_Ordin_ria_Presencial_n__05_de_8_de_.pdf
IGNORADO_JA_EXISTE,pdf,C:\Users\thiagonogueira\OneDrive - mppi.mp.br\CLC\01_Processos_e_Aquisicoes\Base de Conhecimento - Thiago\05_Doutrina_e_Biblioteca\Biblioteca_Manuais_e_Cursos\Manuais\Guia Prático de Contratações em Situações de Calamidade Pública da CGU – Conforme a Medida Provisória nº 1.22.pdf,C:\Users\thiagonogueira\Dev\base-conhecimento-licitacoes\05_Doutrina_e_Biblioteca\Biblioteca_Manuais_e_Cursos\Manuais\Guia Prático de Contratações em Situações de Calamidade Pública da CGU – Conforme a Medida Provisória nº 1.22.pdf
IGNORADO_JA_EXISTE,pdf,C:\Users\thiagonogueira\OneDrive - mppi.mp.br\CLC\01_Processos_e_Aquisicoes\Base de Conhecimento - Thiago\02_Jurisprudencia_e_Orientacoes\Informativos_Julgamentos_TCE_PI\Segunda_C_mara_Virtual_2__C_mara___Sess_o_Ordin_ria_Virtual_de_10_a_14_de_agosto.pdf,C:\Users\thiagonogueira\Dev\base-conhecimento-licitacoes\02_Jurisprudencia_e_Orientacoes\Informativos_Julgamentos_TCE_PI\Segunda_C_mara_Virtual_2__C_mara___Sess_o_Ordin_ria_Virtual_de_10_a_14_de_agosto.pdf
IGNORADO_JA_EXISTE,pdf,"C:\Users\thiagonogueira\OneDrive - mppi.mp.br\CLC\01_Processos_e_Aquisicoes\Base de Conhecimento - Thiago\SIte_PGE_PI\Contratacao de pequeno valor (75, I)\Lei-14133-Lista-de-Verificacao-Contratacao-Direta-Pequeno-Valor-Obras-DOE.pdf","C:\Users\thiagonogueira\Dev\base-conhecimento-licitacoes\SIte_PGE_PI\Contratacao de pequeno valor (75, I)\Lei-14133-Lista-de-Verificacao-Contratacao-Direta-Pequeno-Valor-Obras-DOE.pdf"
IGNORADO_JA_EXISTE,pdf,C:\Users\thiagonogueira\OneDrive - mppi.mp.br\CLC\01_Processos_e_Aquisicoes\Base de Conhecimento - Thiago\01_Normativos_Vigentes\06_TJPI\Acordaos_Pareceres_Orientacoes\SEI_TJPI - 7071569 - Justificativa (Parecer Agente).pdf,C:\Users\thiagonogueira\Dev\base-conhecimento-licitacoes\01_Normativos_Vigentes\06_TJPI\Acordaos_Pareceres_Orientacoes\SEI_TJPI - 7071569 - Justificativa (Parecer Agente).pdf
IGNORADO_JA_EXISTE,pdf,C:\Users\thiagonogueira\OneDrive - mppi.mp.br\CLC\01_Processos_e_Aquisicoes\Base de Conhecimento - Thiago\05_Doutrina_e_Biblioteca\Suprimento_de_Fundos\Carlos Vinicius de Souza Motta.pdf,C:\Users\thiagonogueira\Dev\base-conhecimento-licitacoes\05_Doutrina_e_Biblioteca\Suprimento_de_Fundos\Carlos Vinicius de Souza Motta.pdf
IGNORADO_JA_EXISTE,pdf,C:\Users\thiagonogueira\OneDrive - mppi.mp.br\CLC\01_Processos_e_Aquisicoes\Base de Conhecimento - Thiago\01_Normativos_Vigentes\02_Estadual_PI\Decretos\Decreto Estadual - n21.938282023 - 2023.pdf,C:\Users\thiagonogueira\Dev\base-conhecimento-licitacoes\01_Normativos_Vigentes\02_Estadual_PI\Decretos\Decreto Estadual - n21.938282023 - 2023.pdf
IGNORADO_JA_EXISTE,pdf,C:\Users\thiagonogueira\OneDrive - mppi.mp.br\CLC\01_Processos_e_Aquisicoes\Base de Conhecimento - Thiago\05_Doutrina_e_Biblioteca\Biblioteca_Manuais_e_Cursos\Manuais\Perguntas e Respostas- Licitações e Contratações.pdf,C:\Users\thiagonogueira\Dev\base-conhecimento-licitacoes\05_Doutrina_e_Biblioteca\Biblioteca_Manuais_e_Cursos\Manuais\Perguntas e Respostas- Licitações e Contratações.pdf
IGNORADO_JA_EXISTE,pdf,C:\Users\thiagonogueira\OneDrive - mppi.mp.br\CLC\01_Processos_e_Aquisicoes\Base de Conhecimento - Thiago\05_Doutrina_e_Biblioteca\Biblioteca_Manuais_e_Cursos\Manuais\Planejamento_ fundamento legal par.pdf,C:\Users\thiagonogueira\Dev\base-conhecimento-licitacoes\05_Doutrina_e_Biblioteca\Biblioteca_Manuais_e_Cursos\Manuais\Planejamento_ fundamento legal par.pdf
IGNORADO_JA_EXISTE,pdf,C:\Users\thiagonogueira\OneDrive - mppi.mp.br\CLC\01_Processos_e_Aquisicoes\Base de Conhecimento - Thiago\05_Doutrina_e_Biblioteca\Biblioteca_Manuais_e_Cursos\Material_Didatico_CLC\Roteiro_Resumido_1pagina.pdf,C:\Users\thiagonogueira\Dev\base-conhecimento-licitacoes\05_Doutrina_e_Biblioteca\Biblioteca_Manuais_e_Cursos\Material_Didatico_CLC\Roteiro_Resumido_1pagina.pdf
IGNORADO_JA_EXISTE,pdf,C:\Users\thiagonogueira\OneDrive - mppi.mp.br\CLC\01_Processos_e_Aquisicoes\Base de Conhecimento - Thiago\01_Normativos_Vigentes\03_MPPI\Atos\Ato PGJMPPI - n1383.0 - 2024.pdf,C:\Users\thiagonogueira\Dev\base-conhecimento-licitacoes\01_Normativos_Vigentes\03_MPPI\Atos\Ato PGJMPPI - n1383.0 - 2024.pdf
IGNORADO_JA_EXISTE,pdf,C:\Users\thiagonogueira\OneDrive - mppi.mp.br\CLC\01_Processos_e_Aquisicoes\Base de Conhecimento - Thiago\05_Doutrina_e_Biblioteca\Biblioteca_Manuais_e_Cursos\Manuais\INOVAGOV SC – Guia para Planejamento de Contratações de Inovação no Setor Público.pdf,C:\Users\thiagonogueira\Dev\base-conhecimento-licitacoes\05_Doutrina_e_Biblioteca\Biblioteca_Manuais_e_Cursos\Manuais\INOVAGOV SC – Guia para Planejamento de Contratações de Inovação no Setor Público.pdf
IGNORADO_JA_EXISTE,pdf,C:\Users\thiagonogueira\OneDrive - mppi.mp.br\CLC\01_Processos_e_Aquisicoes\Base de Conhecimento - Thiago\06_Paineis_e_Contratos_Historicos\Relatorio de Estrutura de Arquitetura.pdf,C:\Users\thiagonogueira\Dev\base-conhecimento-licitacoes\06_Paineis_e_Contratos_Historicos\Relatorio de Estrutura de Arquitetura.pdf
IGNORADO_JA_EXISTE,pdf,C:\Users\thiagonogueira\OneDrive - mppi.mp.br\CLC\01_Processos_e_Aquisicoes\Base de Conhecimento - Thiago\05_Doutrina_e_Biblioteca\Biblioteca_Manuais_e_Cursos\Conselho Superior da Justiça do Trabalho – Guia de Contratações Sustentáveis da Justiça do Trabalho (4ª ediçã.pdf,C:\Users\thiagonogueira\Dev\base-conhecimento-licitacoes\05_Doutrina_e_Biblioteca\Biblioteca_Manuais_e_Cursos\Conselho Superior da Justiça do Trabalho – Guia de Contratações Sustentáveis da Justiça do Trabalho (4ª ediçã.pdf
IGNORADO_JA_EXISTE,pdf,C:\Users\thiagonogueira\OneDrive - mppi.mp.br\CLC\01_Processos_e_Aquisicoes\Base de Conhecimento - Thiago\01_Normativos_Vigentes\03_MPPI\Atos\Ato PGJMPPI - n1382.0 - 2024.pdf,C:\Users\thiagonogueira\Dev\base-conhecimento-licitacoes\01_Normativos_Vigentes\03_MPPI\Atos\Ato PGJMPPI - n1382.0 - 2024.pdf
IGNORADO_JA_EXISTE,pdf,C:\Users\thiagonogueira\OneDrive - mppi.mp.br\CLC\01_Processos_e_Aquisicoes\Base de Conhecimento - Thiago\SIte_PGE_PI\Adesão\Lei-14133-Lista-de-Verificacao-Adesao(1).pdf,C:\Users\thiagonogueira\Dev\base-conhecimento-licitacoes\SIte_PGE_PI\Adesão\Lei-14133-Lista-de-Verificacao-Adesao(1).pdf
IGNORADO_JA_EXISTE,pdf,C:\Users\thiagonogueira\OneDrive - mppi.mp.br\CLC\01_Processos_e_Aquisicoes\Base de Conhecimento - Thiago\02_Jurisprudencia_e_Orientacoes\Informativos_Julgamentos_TCE_PI\Plen_rio_Presencial_Pleno___Sess_o_Ordin_ria_Presencial_n__017_de_03_de_setembro.pdf,C:\Users\thiagonogueira\Dev\base-conhecimento-licitacoes\02_Jurisprudencia_e_Orientacoes\Informativos_Julgamentos_TCE_PI\Plen_rio_Presencial_Pleno___Sess_o_Ordin_ria_Presencial_n__017_de_03_de_setembro.pdf
IGNORADO_JA_EXISTE,pdf,C:\Users\thiagonogueira\OneDrive - mppi.mp.br\CLC\01_Processos_e_Aquisicoes\Base de Conhecimento - Thiago\02_Jurisprudencia_e_Orientacoes\Informativos_Julgamentos_TCE_PI\Segunda_C_mara_Presencial_2__C_mara___Sess_o_Ordin_ria_Presencial_n__04_de_25_de.pdf,C:\Users\thiagonogueira\Dev\base-conhecimento-licitacoes\02_Jurisprudencia_e_Orientacoes\Informativos_Julgamentos_TCE_PI\Segunda_C_mara_Presencial_2__C_mara___Sess_o_Ordin_ria_Presencial_n__04_de_25_de.pdf
