Status,Pasta,PDF,TamanhoPDF_KB,Paginas,Tipo,CharsPorPag_Amostra,MatchScore,MatchMD,MatchMDPasta,CaminhoPDF
PDF_SEM_MD,mestra,Manual completo - Concorrências Presenciais Lei 12.232_2010 - Novo DC.pdf,25596,42,TEXTO,413,0.12,Compras.gov.br - Tutorial de Publicacao de Dispensas COM Disputa no Novo DC.md,mestra\04_Sistemas_e_Catalogos\Manuais_Sistemas_Oficiais,C:\Users\thiagonogueira\OneDrive - mppi.mp.br\CLC\01_Processos_e_Aquisicoes\Base de Conhecimento - Thiago\Manual completo - Concorrências Presenciais Lei 12.232_2010 - Novo DC.pdf
PDF_SEM_MD,mestra,Manual completo - Convocação de Remanescentes.pdf,8480,28,TEXTO,364,0.17,manual-2025(e38d727ecdd5bd1591bb6f8ab47d38bd).md,mestra\01_Normativos_Vigentes\02_Estadual_PI\Manuais_e_Guias_Tecnicos,C:\Users\thiagonogueira\OneDrive - mppi.mp.br\CLC\01_Processos_e_Aquisicoes\Base de Conhecimento - Thiago\Manual completo - Convocação de Remanescentes.pdf
PDF_SEM_MD,mestra,Manual completo - Manual Compras.gov.br - Pregão Eletrônico.pdf,8639,33,TEXTO,304,0.33,Manual Operacional - Dispensa Eletronica no Compras.gov.br - Visao Governo.md,mestra\05_Doutrina_e_Biblioteca\Biblioteca_Manuais_e_Cursos,C:\Users\thiagonogueira\OneDrive - mppi.mp.br\CLC\01_Processos_e_Aquisicoes\Base de Conhecimento - Thiago\Manual completo - Manual Compras.gov.br - Pregão Eletrônico.pdf
PDF_SEM_MD,mestra,SEI_TJPI_-_6640734_-_Provimento.pdf,4114,28,TEXTO,6470,0.14,Aprovacao_de_Artefatos_14133_SEI_1422714.md,mestra\03_Modelos_e_Minutas\Modelos_MPPI_CLC\Modelos_SEI,C:\Users\thiagonogueira\OneDrive - mppi.mp.br\CLC\01_Processos_e_Aquisicoes\Base de Conhecimento - Thiago\SEI_TJPI_-_6640734_-_Provimento.pdf
PDF_SEM_MD,mestra,TEMPORRIOManualContratosGov.brVersoOriginal1.40.0jun.2026rascunho.pdf,23784,195,TEXTO,1139,0,,,C:\Users\thiagonogueira\OneDrive - mppi.mp.br\CLC\01_Processos_e_Aquisicoes\Base de Conhecimento - Thiago\TEMPORRIOManualContratosGov.brVersoOriginal1.40.0jun.2026rascunho.pdf
PDF_SEM_MD,mestra\00_Ferramentas_e_Scripts_Analise,ARP sapiens.agu.gov.br_valida_publico_id=1781507289.pdf,364,11,TEXTO,4023,0.14,Manual Operacional - Contratos.gov.br - Perfil Fornecedor.md,mestra\05_Doutrina_e_Biblioteca\Biblioteca_Manuais_e_Cursos,C:\Users\thiagonogueira\OneDrive - mppi.mp.br\CLC\01_Processos_e_Aquisicoes\Base de Conhecimento - Thiago\00_Ferramentas_e_Scripts_Analise\ARP sapiens.agu.gov.br_valida_publico_id=1781507289.pdf
PDF_SEM_MD,mestra\01_Normativos_Vigentes\01_Federal\Portarias,Portaria Fedral - n8678.0 - 2021.pdf,1397,1,TEXTO,1754,0.25,Federal - Portaria 8678.2021 - Governanca de Contratacoes Publicas.md,mestra\01_Normativos_Vigentes\01_Federal\Portarias,C:\Users\thiagonogueira\OneDrive - mppi.mp.br\CLC\01_Processos_e_Aquisicoes\Base de Conhecimento - Thiago\01_Normativos_Vigentes\01_Federal\Portarias\Portaria Fedral - n8678.0 - 2021.pdf
PDF_SEM_MD,mestra\01_Normativos_Vigentes\02_Estadual_PI\Acordaos_Pareceres_Orientacoes,Nota Técnica Estadual - n032020112020 - 2020.pdf,286,22,TEXTO,2421,0.25,Nota_Tecnica_Sugestoes_Redacao_Correcao_Artefatos.md,mestra\00_Ferramentas_e_Scripts_Analise,C:\Users\thiagonogueira\OneDrive - mppi.mp.br\CLC\01_Processos_e_Aquisicoes\Base de Conhecimento - Thiago\01_Normativos_Vigentes\02_Estadual_PI\Acordaos_Pareceres_Orientacoes\Nota Técnica Estadual - n032020112020 - 2020.pdf
PDF_SEM_MD,mestra\01_Normativos_Vigentes\02_Estadual_PI\Decretos,DECRETO - n11.319 - 2004.pdf,258,9,TEXTO,2901,0.25,Decreto Estadual 11319.2004 - Sistema de Registro de Precos Estadual.md,mestra\01_Normativos_Vigentes\02_Estadual_PI\Decretos,C:\Users\thiagonogueira\OneDrive - mppi.mp.br\CLC\01_Processos_e_Aquisicoes\Base de Conhecimento - Thiago\01_Normativos_Vigentes\02_Estadual_PI\Decretos\DECRETO - n11.319 - 2004.pdf
PDF_SEM_MD,mestra\01_Normativos_Vigentes\02_Estadual_PI\Decretos,Decreto Estadual - n11.320132004 - 2004.pdf,283,10,TEXTO,1726,0.25,Decreto Estadual 11319.2004 - Sistema de Registro de Precos Estadual.md,mestra\01_Normativos_Vigentes\02_Estadual_PI\Decretos,C:\Users\thiagonogueira\OneDrive - mppi.mp.br\CLC\01_Processos_e_Aquisicoes\Base de Conhecimento - Thiago\01_Normativos_Vigentes\02_Estadual_PI\Decretos\Decreto Estadual - n11.320132004 - 2004.pdf
PDF_SEM_MD,mestra\01_Normativos_Vigentes\02_Estadual_PI\Decretos,Decreto Estadual - n11.346302004 - 2004.pdf,148,16,TEXTO,2305,0.25,Decreto Estadual 11319.2004 - Sistema de Registro de Precos Estadual.md,mestra\01_Normativos_Vigentes\02_Estadual_PI\Decretos,C:\Users\thiagonogueira\OneDrive - mppi.mp.br\CLC\01_Processos_e_Aquisicoes\Base de Conhecimento - Thiago\01_Normativos_Vigentes\02_Estadual_PI\Decretos\Decreto Estadual - n11.346302004 - 2004.pdf
PDF_SEM_MD,mestra\01_Normativos_Vigentes\02_Estadual_PI\Decretos,Decreto Estadual - n13.701052009 - 2009.pdf,202,3,TEXTO,1543,0.25,Decreto Estadual 13701.2009 - Contratacoes Publicas Sustentaveis.md,mestra\01_Normativos_Vigentes\02_Estadual_PI\Decretos,C:\Users\thiagonogueira\OneDrive - mppi.mp.br\CLC\01_Processos_e_Aquisicoes\Base de Conhecimento - Thiago\01_Normativos_Vigentes\02_Estadual_PI\Decretos\Decreto Estadual - n13.701052009 - 2009.pdf
PDF_SEM_MD,mestra\01_Normativos_Vigentes\02_Estadual_PI\Decretos,Decreto Estadual - n14.386182011 - 2011.pdf,261,9,TEXTO,2207,0.22,Decreto Estadual 14483.2011 - Contratacao de Servicos no Executivo Estadual (Compilado).md,mestra\01_Normativos_Vigentes\02_Estadual_PI\Decretos,C:\Users\thiagonogueira\OneDrive - mppi.mp.br\CLC\01_Processos_e_Aquisicoes\Base de Conhecimento - Thiago\01_Normativos_Vigentes\02_Estadual_PI\Decretos\Decreto Estadual - n14.386182011 - 2011.pdf
PDF_SEM_MD,mestra\01_Normativos_Vigentes\02_Estadual_PI\Decretos,Decreto Estadual - n14.483262011 - 2011.pdf,583,70,TEXTO,2067,0.22,Decreto Estadual 14483.2011 - Contratacao de Servicos no Executivo Estadual (Compilado).md,mestra\01_Normativos_Vigentes\02_Estadual_PI\Decretos,C:\Users\thiagonogueira\OneDrive - mppi.mp.br\CLC\01_Processos_e_Aquisicoes\Base de Conhecimento - Thiago\01_Normativos_Vigentes\02_Estadual_PI\Decretos\Decreto Estadual - n14.483262011 - 2011.pdf
PDF_SEM_MD,mestra\01_Normativos_Vigentes\02_Estadual_PI\Decretos,Decreto Estadual - n14.891112012 - 2012.pdf,267,9,TEXTO,2934,0.2,Decreto Estadual 14891.2012 - Aquisicao e Concessao de Passagens Aereas (Compilado).md,mestra\01_Normativos_Vigentes\02_Estadual_PI\Decretos,C:\Users\thiagonogueira\OneDrive - mppi.mp.br\CLC\01_Processos_e_Aquisicoes\Base de Conhecimento - Thiago\01_Normativos_Vigentes\02_Estadual_PI\Decretos\Decreto Estadual - n14.891112012 - 2012.pdf
PDF_SEM_MD,mestra\01_Normativos_Vigentes\02_Estadual_PI\Decretos,Decreto Estadual - n15.093212013 - 2013.pdf,252,8,TEXTO,2608,0.14,Decreto Estadual 22677.2024 - Responsabilização Administrativa e Civil de Pessoas Jurídicas (Lei 12.846.2013).md,mestra\01_Normativos_Vigentes\02_Estadual_PI\Decretos,C:\Users\thiagonogueira\OneDrive - mppi.mp.br\CLC\01_Processos_e_Aquisicoes\Base de Conhecimento - Thiago\01_Normativos_Vigentes\02_Estadual_PI\Decretos\Decreto Estadual - n15.093212013 - 2013.pdf
PDF_SEM_MD,mestra\01_Normativos_Vigentes\02_Estadual_PI\Decretos,Decreto Estadual - n15.943192015 - 2015.pdf,245,4,TEXTO,1928,0.15,"Decreto Estadual 16212.2015 - Regulamenta o tratamento favorecido, diferenciado e simplificado para as microempresas, empresas de pequeno....md",mestra\01_Normativos_Vigentes\02_Estadual_PI\Decretos,C:\Users\thiagonogueira\OneDrive - mppi.mp.br\CLC\01_Processos_e_Aquisicoes\Base de Conhecimento - Thiago\01_Normativos_Vigentes\02_Estadual_PI\Decretos\Decreto Estadual - n15.943192015 - 2015.pdf
PDF_SEM_MD,mestra\01_Normativos_Vigentes\02_Estadual_PI\Decretos,Decreto Estadual - n16.21252015 - 2015.pdf,260,5,TEXTO,2579,0.15,"Decreto Estadual 16212.2015 - Regulamenta o tratamento favorecido, diferenciado e simplificado para as microempresas, empresas de pequeno....md",mestra\01_Normativos_Vigentes\02_Estadual_PI\Decretos,C:\Users\thiagonogueira\OneDrive - mppi.mp.br\CLC\01_Processos_e_Aquisicoes\Base de Conhecimento - Thiago\01_Normativos_Vigentes\02_Estadual_PI\Decretos\Decreto Estadual - n16.21252015 - 2015.pdf
PDF_SEM_MD,mestra\01_Normativos_Vigentes\02_Estadual_PI\Decretos,Decreto Estadual - n16.266032015 - 2015.pdf,218,6,TEXTO,2403,0.15,"Decreto Estadual 16212.2015 - Regulamenta o tratamento favorecido, diferenciado e simplificado para as microempresas, empresas de pequeno....md",mestra\01_Normativos_Vigentes\02_Estadual_PI\Decretos,C:\Users\thiagonogueira\OneDrive - mppi.mp.br\CLC\01_Processos_e_Aquisicoes\Base de Conhecimento - Thiago\01_Normativos_Vigentes\02_Estadual_PI\Decretos\Decreto Estadual - n16.266032015 - 2015.pdf
PDF_SEM_MD,mestra\01_Normativos_Vigentes\02_Estadual_PI\Decretos,Decreto Estadual - n16.73722016 - 2016.pdf,218,4,TEXTO,1346,0.15,"Decreto Estadual 16737.2016 - Estabelece parâmetros para elaboração de extratos de contratos administrativos e aditamentos contratuais, a....md",mestra\01_Normativos_Vigentes\02_Estadual_PI\Decretos,C:\Users\thiagonogueira\OneDrive - mppi.mp.br\CLC\01_Processos_e_Aquisicoes\Base de Conhecimento - Thiago\01_Normativos_Vigentes\02_Estadual_PI\Decretos\Decreto Estadual - n16.73722016 - 2016.pdf
PDF_SEM_MD,mestra\01_Normativos_Vigentes\02_Estadual_PI\Decretos,Decreto Estadual - n17.084032017 - 2017.pdf,232,6,TEXTO,2199,0.15,"Decreto Estadual 17402.2017 - Estabelece, no âmbito da administração pública estadual, diretrizes para recolhimento, controle e prestação....md",mestra\01_Normativos_Vigentes\02_Estadual_PI\Decretos,C:\Users\thiagonogueira\OneDrive - mppi.mp.br\CLC\01_Processos_e_Aquisicoes\Base de Conhecimento - Thiago\01_Normativos_Vigentes\02_Estadual_PI\Decretos\Decreto Estadual - n17.084032017 - 2017.pdf
PDF_SEM_MD,mestra\01_Normativos_Vigentes\02_Estadual_PI\Decretos,Decreto Estadual - n19.841062021 - 2021.pdf,190,1,TEXTO,1619,0.2,Decreto Estadual 20096.2021 - Credenciamento de Fornecedores e Prestadores de Servicos (Compilado).md,mestra\01_Normativos_Vigentes\02_Estadual_PI\Decretos,C:\Users\thiagonogueira\OneDrive - mppi.mp.br\CLC\01_Processos_e_Aquisicoes\Base de Conhecimento - Thiago\01_Normativos_Vigentes\02_Estadual_PI\Decretos\Decreto Estadual - n19.841062021 - 2021.pdf
PDF_SEM_MD,mestra\01_Normativos_Vigentes\02_Estadual_PI\Decretos,Decreto Estadual - n20.096112021 - 2021.pdf,116,5,TEXTO,2418,0.2,Decreto Estadual 20096.2021 - Credenciamento de Fornecedores e Prestadores de Servicos (Compilado).md,mestra\01_Normativos_Vigentes\02_Estadual_PI\Decretos,C:\Users\thiagonogueira\OneDrive - mppi.mp.br\CLC\01_Processos_e_Aquisicoes\Base de Conhecimento - Thiago\01_Normativos_Vigentes\02_Estadual_PI\Decretos\Decreto Estadual - n20.096112021 - 2021.pdf
PDF_SEM_MD,mestra\01_Normativos_Vigentes\02_Estadual_PI\Decretos,Decreto Estadual - n20.110132021 - 2021.pdf,204,3,TEXTO,1337,0.2,Decreto Estadual 20096.2021 - Credenciamento de Fornecedores e Prestadores de Servicos (Compilado).md,mestra\01_Normativos_Vigentes\02_Estadual_PI\Decretos,C:\Users\thiagonogueira\OneDrive - mppi.mp.br\CLC\01_Processos_e_Aquisicoes\Base de Conhecimento - Thiago\01_Normativos_Vigentes\02_Estadual_PI\Decretos\Decreto Estadual - n20.110132021 - 2021.pdf
PDF_SEM_MD,mestra\01_Normativos_Vigentes\02_Estadual_PI\Decretos,Decreto Estadual - n21.812092023 - 2023.pdf,205,2,TEXTO,2384,0.29,Decreto Estadual 21872.2023 - Regulamenta a NLLC.md,mestra\01_Normativos_Vigentes\02_Estadual_PI\Decretos,C:\Users\thiagonogueira\OneDrive - mppi.mp.br\CLC\01_Processos_e_Aquisicoes\Base de Conhecimento - Thiago\01_Normativos_Vigentes\02_Estadual_PI\Decretos\Decreto Estadual - n21.812092023 - 2023.pdf
PDF_SEM_MD,mestra\01_Normativos_Vigentes\02_Estadual_PI\Decretos,Decreto Estadual - n21.813092023 - 2023.pdf,200,3,TEXTO,1347,0.29,Decreto Estadual 21872.2023 - Regulamenta a NLLC.md,mestra\01_Normativos_Vigentes\02_Estadual_PI\Decretos,C:\Users\thiagonogueira\OneDrive - mppi.mp.br\CLC\01_Processos_e_Aquisicoes\Base de Conhecimento - Thiago\01_Normativos_Vigentes\02_Estadual_PI\Decretos\Decreto Estadual - n21.813092023 - 2023.pdf
PDF_SEM_MD,mestra\01_Normativos_Vigentes\02_Estadual_PI\Decretos,Decreto Estadual - n21.872072023 - 2023.pdf,550,62,TEXTO,2320,0.29,Decreto Estadual 21872.2023 - Regulamenta a NLLC.md,mestra\01_Normativos_Vigentes\02_Estadual_PI\Decretos,C:\Users\thiagonogueira\OneDrive - mppi.mp.br\CLC\01_Processos_e_Aquisicoes\Base de Conhecimento - Thiago\01_Normativos_Vigentes\02_Estadual_PI\Decretos\Decreto Estadual - n21.872072023 - 2023.pdf
PDF_SEM_MD,mestra\01_Normativos_Vigentes\02_Estadual_PI\Decretos,Decreto Estadual - n21.910172023 - 2023.pdf,204,3,TEXTO,1573,0.29,Decreto Estadual 21872.2023 - Regulamenta a NLLC.md,mestra\01_Normativos_Vigentes\02_Estadual_PI\Decretos,C:\Users\thiagonogueira\OneDrive - mppi.mp.br\CLC\01_Processos_e_Aquisicoes\Base de Conhecimento - Thiago\01_Normativos_Vigentes\02_Estadual_PI\Decretos\Decreto Estadual - n21.910172023 - 2023.pdf
PDF_SEM_MD,mestra\01_Normativos_Vigentes\02_Estadual_PI\Decretos,Decreto Estadual - n21.938282023 - 2023.pdf,288,21,TEXTO,1986,0.29,Decreto Estadual 21872.2023 - Regulamenta a NLLC.md,mestra\01_Normativos_Vigentes\02_Estadual_PI\Decretos,C:\Users\thiagonogueira\OneDrive - mppi.mp.br\CLC\01_Processos_e_Aquisicoes\Base de Conhecimento - Thiago\01_Normativos_Vigentes\02_Estadual_PI\Decretos\Decreto Estadual - n21.938282023 - 2023.pdf
PDF_SEM_MD,mestra\01_Normativos_Vigentes\02_Estadual_PI\Decretos,Decreto Estadual - n21.980132023 - 2023.pdf,91,1,TEXTO,1534,0.29,Decreto Estadual 21872.2023 - Regulamenta a NLLC.md,mestra\01_Normativos_Vigentes\02_Estadual_PI\Decretos,C:\Users\thiagonogueira\OneDrive - mppi.mp.br\CLC\01_Processos_e_Aquisicoes\Base de Conhecimento - Thiago\01_Normativos_Vigentes\02_Estadual_PI\Decretos\Decreto Estadual - n21.980132023 - 2023.pdf
PDF_SEM_MD,mestra\01_Normativos_Vigentes\02_Estadual_PI\Decretos,Decreto Estadual - n22.023262023 - 2023.pdf,239,11,TEXTO,2241,0.29,Decreto Estadual 21872.2023 - Regulamenta a NLLC.md,mestra\01_Normativos_Vigentes\02_Estadual_PI\Decretos,C:\Users\thiagonogueira\OneDrive - mppi.mp.br\CLC\01_Processos_e_Aquisicoes\Base de Conhecimento - Thiago\01_Normativos_Vigentes\02_Estadual_PI\Decretos\Decreto Estadual - n22.023262023 - 2023.pdf
PDF_SEM_MD,mestra\01_Normativos_Vigentes\02_Estadual_PI\Decretos,Decreto Estadual - n22.089192023 - 2023.pdf,202,3,TEXTO,1801,0.29,Decreto Estadual 21872.2023 - Regulamenta a NLLC.md,mestra\01_Normativos_Vigentes\02_Estadual_PI\Decretos,C:\Users\thiagonogueira\OneDrive - mppi.mp.br\CLC\01_Processos_e_Aquisicoes\Base de Conhecimento - Thiago\01_Normativos_Vigentes\02_Estadual_PI\Decretos\Decreto Estadual - n22.089192023 - 2023.pdf
PDF_SEM_MD,mestra\01_Normativos_Vigentes\02_Estadual_PI\Decretos,Decreto Estadual - n22.380052023 - 2023.pdf,215,4,TEXTO,1985,0.29,Decreto Estadual 21872.2023 - Regulamenta a NLLC.md,mestra\01_Normativos_Vigentes\02_Estadual_PI\Decretos,C:\Users\thiagonogueira\OneDrive - mppi.mp.br\CLC\01_Processos_e_Aquisicoes\Base de Conhecimento - Thiago\01_Normativos_Vigentes\02_Estadual_PI\Decretos\Decreto Estadual - n22.380052023 - 2023.pdf
PDF_SEM_MD,mestra\01_Normativos_Vigentes\02_Estadual_PI\Decretos,Decreto Estadual - n22.652272023 - 2023.pdf,202,3,TEXTO,1770,0.29,Decreto Estadual 21872.2023 - Regulamenta a NLLC.md,mestra\01_Normativos_Vigentes\02_Estadual_PI\Decretos,C:\Users\thiagonogueira\OneDrive - mppi.mp.br\CLC\01_Processos_e_Aquisicoes\Base de Conhecimento - Thiago\01_Normativos_Vigentes\02_Estadual_PI\Decretos\Decreto Estadual - n22.652272023 - 2023.pdf
PDF_SEM_MD,mestra\01_Normativos_Vigentes\02_Estadual_PI\Decretos,Decreto Estadual - n22.737062024 - 2024.pdf,117,4,TEXTO,1763,0.25,Decreto Estadual 22822.2024 - Diretrizes de Governanca e Contratacoes.md,mestra\01_Normativos_Vigentes\02_Estadual_PI\Decretos,C:\Users\thiagonogueira\OneDrive - mppi.mp.br\CLC\01_Processos_e_Aquisicoes\Base de Conhecimento - Thiago\01_Normativos_Vigentes\02_Estadual_PI\Decretos\Decreto Estadual - n22.737062024 - 2024.pdf
PDF_SEM_MD,mestra\01_Normativos_Vigentes\02_Estadual_PI\Decretos,Decreto Estadual - n22.822112024 - 2024.pdf,279,7,TEXTO,2417,0.25,Decreto Estadual 22822.2024 - Diretrizes de Governanca e Contratacoes.md,mestra\01_Normativos_Vigentes\02_Estadual_PI\Decretos,C:\Users\thiagonogueira\OneDrive - mppi.mp.br\CLC\01_Processos_e_Aquisicoes\Base de Conhecimento - Thiago\01_Normativos_Vigentes\02_Estadual_PI\Decretos\Decreto Estadual - n22.822112024 - 2024.pdf
PDF_SEM_MD,mestra\01_Normativos_Vigentes\02_Estadual_PI\Decretos,Decreto Estadual - n23.891122025 - 2025.pdf,274,5,TEXTO,1972,0.25,Federal - Decreto Federal 12807.2025 - Atualiza Valores 14133.md,mestra\01_Normativos_Vigentes\01_Federal\Decretos,C:\Users\thiagonogueira\OneDrive - mppi.mp.br\CLC\01_Processos_e_Aquisicoes\Base de Conhecimento - Thiago\01_Normativos_Vigentes\02_Estadual_PI\Decretos\Decreto Estadual - n23.891122025 - 2025.pdf
PDF_SEM_MD,mestra\01_Normativos_Vigentes\02_Estadual_PI\Instrucoes_Normativas,Instrução Normativa Estadual - n00012013 - 2013.pdf,297,10,TEXTO,2536,0.33,Instrução Normativa CGE nº 01-2013 - Procedimentos de Controle e Pareceres.md,mestra\01_Normativos_Vigentes\02_Estadual_PI\Instrucoes_Normativas,C:\Users\thiagonogueira\OneDrive - mppi.mp.br\CLC\01_Processos_e_Aquisicoes\Base de Conhecimento - Thiago\01_Normativos_Vigentes\02_Estadual_PI\Instrucoes_Normativas\Instrução Normativa Estadual - n00012013 - 2013.pdf
PDF_SEM_MD,mestra\01_Normativos_Vigentes\02_Estadual_PI\Instrucoes_Normativas,Instrução Normativa Estadual - n00012015 - 2015.pdf,542,41,TEXTO,2169,0.3,Instrução Normativa CGE nº 01-2015 - Normas Gerais de Controle Interno.md,mestra\01_Normativos_Vigentes\02_Estadual_PI\Instrucoes_Normativas,C:\Users\thiagonogueira\OneDrive - mppi.mp.br\CLC\01_Processos_e_Aquisicoes\Base de Conhecimento - Thiago\01_Normativos_Vigentes\02_Estadual_PI\Instrucoes_Normativas\Instrução Normativa Estadual - n00012015 - 2015.pdf
PDF_SEM_MD,mestra\01_Normativos_Vigentes\02_Estadual_PI\Instrucoes_Normativas,Instrução Normativa Estadual - n00012021 - 2021.pdf,124,5,TEXTO,1889,0.33,Instrução Normativa SEFAZ nº 01-2021 - Procedimentos de Gestão Financeira.md,mestra\01_Normativos_Vigentes\02_Estadual_PI\Instrucoes_Normativas,C:\Users\thiagonogueira\OneDrive - mppi.mp.br\CLC\01_Processos_e_Aquisicoes\Base de Conhecimento - Thiago\01_Normativos_Vigentes\02_Estadual_PI\Instrucoes_Normativas\Instrução Normativa Estadual - n00012021 - 2021.pdf
PDF_SEM_MD,mestra\01_Normativos_Vigentes\02_Estadual_PI\Leis,Lei Estadual - n7.482182021 - 2021.pdf,231,19,TEXTO,2216,0.4,Federal - Lei 14133.2021.md,mestra\01_Normativos_Vigentes\01_Federal\Leis,C:\Users\thiagonogueira\OneDrive - mppi.mp.br\CLC\01_Processos_e_Aquisicoes\Base de Conhecimento - Thiago\01_Normativos_Vigentes\02_Estadual_PI\Leis\Lei Estadual - n7.482182021 - 2021.pdf
PDF_SEM_MD,mestra\01_Normativos_Vigentes\02_Estadual_PI\Leis,Lei Estadual - n7.612272021 - 2021.pdf,110,4,TEXTO,2459,0.4,Federal - Lei 14133.2021.md,mestra\01_Normativos_Vigentes\01_Federal\Leis,C:\Users\thiagonogueira\OneDrive - mppi.mp.br\CLC\01_Processos_e_Aquisicoes\Base de Conhecimento - Thiago\01_Normativos_Vigentes\02_Estadual_PI\Leis\Lei Estadual - n7.612272021 - 2021.pdf
PDF_SEM_MD,mestra\01_Normativos_Vigentes\02_Estadual_PI\Portarias,"2. Portaria Nº 106, de 27 de março de 2025.pdf",7168,0,ESCANEADO_OU_POUCO_TEXTO,0,0.22,Portaria PGJ 0870.2025 - Equipe de Planejamento.md,mestra\01_Normativos_Vigentes\03_MPPI\Portarias,"C:\Users\thiagonogueira\OneDrive - mppi.mp.br\CLC\01_Processos_e_Aquisicoes\Base de Conhecimento - Thiago\01_Normativos_Vigentes\02_Estadual_PI\Portarias\2. Portaria Nº 106, de 27 de março de 2025.pdf"
PDF_SEM_MD,mestra\01_Normativos_Vigentes\02_Estadual_PI\Portarias,Portaria Estadual - n..0342021 - 2021.pdf,120,2,TEXTO,1454,0.29,Federal - Portaria 8678.2021 - Governanca de Contratacoes Publicas.md,mestra\01_Normativos_Vigentes\01_Federal\Portarias,C:\Users\thiagonogueira\OneDrive - mppi.mp.br\CLC\01_Processos_e_Aquisicoes\Base de Conhecimento - Thiago\01_Normativos_Vigentes\02_Estadual_PI\Portarias\Portaria Estadual - n..0342021 - 2021.pdf
PDF_SEM_MD,mestra\01_Normativos_Vigentes\02_Estadual_PI\Portarias,Portaria Estadual - n0012024. - 2024.pdf,394,40,TEXTO,2230,0.25,Portaria SEAD nº 001.2024 - Diretrizes de Contratacoes SEAD Piaui.md,mestra\01_Normativos_Vigentes\02_Estadual_PI\Portarias,C:\Users\thiagonogueira\OneDrive - mppi.mp.br\CLC\01_Processos_e_Aquisicoes\Base de Conhecimento - Thiago\01_Normativos_Vigentes\02_Estadual_PI\Portarias\Portaria Estadual - n0012024. - 2024.pdf
PDF_SEM_MD,mestra\01_Normativos_Vigentes\02_Estadual_PI\Resolucoes,Resolução Estadual - n0022021182021 - 2021.pdf,358,8,TEXTO,1304,0.2,Federal - Lei 14133.2021.md,mestra\01_Normativos_Vigentes\01_Federal\Leis,C:\Users\thiagonogueira\OneDrive - mppi.mp.br\CLC\01_Processos_e_Aquisicoes\Base de Conhecimento - Thiago\01_Normativos_Vigentes\02_Estadual_PI\Resolucoes\Resolução Estadual - n0022021182021 - 2021.pdf
PDF_SEM_MD,mestra\01_Normativos_Vigentes\03_MPPI\Atos,Ato PGJMPPI - n1381.0 - 2024.pdf,276,10,TEXTO,2605,0.25,Ato PGJ 1413.2024 - Altera Ato PGJ 1382.2024.md,mestra\01_Normativos_Vigentes\03_MPPI\Atos,C:\Users\thiagonogueira\OneDrive - mppi.mp.br\CLC\01_Processos_e_Aquisicoes\Base de Conhecimento - Thiago\01_Normativos_Vigentes\03_MPPI\Atos\Ato PGJMPPI - n1381.0 - 2024.pdf
PDF_SEM_MD,mestra\01_Normativos_Vigentes\03_MPPI\Atos,Ato PGJMPPI - n1382.0 - 2024.pdf,177,2,TEXTO,1510,0.25,Ato PGJ 1413.2024 - Altera Ato PGJ 1382.2024.md,mestra\01_Normativos_Vigentes\03_MPPI\Atos,C:\Users\thiagonogueira\OneDrive - mppi.mp.br\CLC\01_Processos_e_Aquisicoes\Base de Conhecimento - Thiago\01_Normativos_Vigentes\03_MPPI\Atos\Ato PGJMPPI - n1382.0 - 2024.pdf
PDF_SEM_MD,mestra\01_Normativos_Vigentes\03_MPPI\Atos,Ato PGJMPPI - n1383.0 - 2024.pdf,172,1,TEXTO,1818,0.25,Ato PGJ 1413.2024 - Altera Ato PGJ 1382.2024.md,mestra\01_Normativos_Vigentes\03_MPPI\Atos,C:\Users\thiagonogueira\OneDrive - mppi.mp.br\CLC\01_Processos_e_Aquisicoes\Base de Conhecimento - Thiago\01_Normativos_Vigentes\03_MPPI\Atos\Ato PGJMPPI - n1383.0 - 2024.pdf
PDF_SEM_MD,mestra\01_Normativos_Vigentes\03_MPPI\Atos,Ato PGJMPPI - n1413.0 - 2024.pdf,125,1,TEXTO,1863,0.25,Ato PGJ 1413.2024 - Altera Ato PGJ 1382.2024.md,mestra\01_Normativos_Vigentes\03_MPPI\Atos,C:\Users\thiagonogueira\OneDrive - mppi.mp.br\CLC\01_Processos_e_Aquisicoes\Base de Conhecimento - Thiago\01_Normativos_Vigentes\03_MPPI\Atos\Ato PGJMPPI - n1413.0 - 2024.pdf
PDF_SEM_MD,mestra\01_Normativos_Vigentes\03_MPPI\Atos,Ato PGJMPPI - n1414.0 - 2024.pdf,185,5,TEXTO,2536,0.25,Ato PGJ 1413.2024 - Altera Ato PGJ 1382.2024.md,mestra\01_Normativos_Vigentes\03_MPPI\Atos,C:\Users\thiagonogueira\OneDrive - mppi.mp.br\CLC\01_Processos_e_Aquisicoes\Base de Conhecimento - Thiago\01_Normativos_Vigentes\03_MPPI\Atos\Ato PGJMPPI - n1414.0 - 2024.pdf
PDF_SEM_MD,mestra\01_Normativos_Vigentes\03_MPPI\Atos,Ato PGJMPPI - n1415.0 - 2024.pdf,195,5,TEXTO,2319,0.25,Ato PGJ 1413.2024 - Altera Ato PGJ 1382.2024.md,mestra\01_Normativos_Vigentes\03_MPPI\Atos,C:\Users\thiagonogueira\OneDrive - mppi.mp.br\CLC\01_Processos_e_Aquisicoes\Base de Conhecimento - Thiago\01_Normativos_Vigentes\03_MPPI\Atos\Ato PGJMPPI - n1415.0 - 2024.pdf
PDF_SEM_MD,mestra\01_Normativos_Vigentes\03_MPPI\Atos,Ato PGJMPPI - n1448.0 - 2024.pdf,147,1,TEXTO,1846,0.25,Ato PGJ 1413.2024 - Altera Ato PGJ 1382.2024.md,mestra\01_Normativos_Vigentes\03_MPPI\Atos,C:\Users\thiagonogueira\OneDrive - mppi.mp.br\CLC\01_Processos_e_Aquisicoes\Base de Conhecimento - Thiago\01_Normativos_Vigentes\03_MPPI\Atos\Ato PGJMPPI - n1448.0 - 2024.pdf
PDF_SEM_MD,mestra\01_Normativos_Vigentes\03_MPPI\Atos,Ato PGJMPPI - n1449.0 - 2024.pdf,163,2,TEXTO,2683,0.25,Ato PGJ 1413.2024 - Altera Ato PGJ 1382.2024.md,mestra\01_Normativos_Vigentes\03_MPPI\Atos,C:\Users\thiagonogueira\OneDrive - mppi.mp.br\CLC\01_Processos_e_Aquisicoes\Base de Conhecimento - Thiago\01_Normativos_Vigentes\03_MPPI\Atos\Ato PGJMPPI - n1449.0 - 2024.pdf
PDF_SEM_MD,mestra\01_Normativos_Vigentes\03_MPPI\Atos,Ato PGJMPPI - n1456.0 - 2024.pdf,174,3,TEXTO,2457,0.25,Ato PGJ 1413.2024 - Altera Ato PGJ 1382.2024.md,mestra\01_Normativos_Vigentes\03_MPPI\Atos,C:\Users\thiagonogueira\OneDrive - mppi.mp.br\CLC\01_Processos_e_Aquisicoes\Base de Conhecimento - Thiago\01_Normativos_Vigentes\03_MPPI\Atos\Ato PGJMPPI - n1456.0 - 2024.pdf
PDF_SEM_MD,mestra\01_Normativos_Vigentes\03_MPPI\Atos,Ato PGJMPPI - n1480.0 - 2025.pdf,168,3,TEXTO,1472,0.22,Ato PGJ 1471.2025 - Regulamenta Suprimento de Fundos MPPI.md,mestra\01_Normativos_Vigentes\03_MPPI,C:\Users\thiagonogueira\OneDrive - mppi.mp.br\CLC\01_Processos_e_Aquisicoes\Base de Conhecimento - Thiago\01_Normativos_Vigentes\03_MPPI\Atos\Ato PGJMPPI - n1480.0 - 2025.pdf
PDF_SEM_MD,mestra\01_Normativos_Vigentes\03_MPPI\PCA 2026,Relação de Demandas Suspensas e Retidas (184 registros).pdf,623,17,TEXTO,2637,0.08,Manual de Orientacao - Compras Publicas Baseadas na Relacao Custo-Beneficio.md,mestra\05_Doutrina_e_Biblioteca\Biblioteca_Manuais_e_Cursos,C:\Users\thiagonogueira\OneDrive - mppi.mp.br\CLC\01_Processos_e_Aquisicoes\Base de Conhecimento - Thiago\01_Normativos_Vigentes\03_MPPI\PCA 2026\Relação de Demandas Suspensas e Retidas (184 registros).pdf
PDF_SEM_MD,mestra\01_Normativos_Vigentes\03_MPPI\PCA_2026,PCA 2026 - Versão 2.0 - MPPI.pdf,5059,84,TEXTO,934,0.5,Federal - mto_2026_-_versao_5_.md,mestra\01_Normativos_Vigentes\01_Federal\Manuais_e_Guias_Tecnicos,C:\Users\thiagonogueira\OneDrive - mppi.mp.br\CLC\01_Processos_e_Aquisicoes\Base de Conhecimento - Thiago\01_Normativos_Vigentes\03_MPPI\PCA_2026\PCA 2026 - Versão 2.0 - MPPI.pdf
PDF_SEM_MD,mestra\01_Normativos_Vigentes\03_MPPI\PCA_2026,PCA 2026 - Versão 3.0 - MPPI.pdf,4218,59,TEXTO,934,0.5,Federal - mto_2026_-_versao_5_.md,mestra\01_Normativos_Vigentes\01_Federal\Manuais_e_Guias_Tecnicos,C:\Users\thiagonogueira\OneDrive - mppi.mp.br\CLC\01_Processos_e_Aquisicoes\Base de Conhecimento - Thiago\01_Normativos_Vigentes\03_MPPI\PCA_2026\PCA 2026 - Versão 3.0 - MPPI.pdf
PDF_SEM_MD,mestra\01_Normativos_Vigentes\03_MPPI\PCA_2026,PCA 2026.pdf,2659,336,TEXTO,1580,0.33,PCA 2025.md,mestra\01_Normativos_Vigentes\03_MPPI,C:\Users\thiagonogueira\OneDrive - mppi.mp.br\CLC\01_Processos_e_Aquisicoes\Base de Conhecimento - Thiago\01_Normativos_Vigentes\03_MPPI\PCA_2026\PCA 2026.pdf
PDF_SEM_MD,mestra\01_Normativos_Vigentes\03_MPPI\Portarias,Portaria PGJMPPI - n3315.0 - 2025.pdf,200,5,TEXTO,1897,0.25,Portaria PGJ 0870.2025 - Equipe de Planejamento.md,mestra\01_Normativos_Vigentes\03_MPPI\Portarias,C:\Users\thiagonogueira\OneDrive - mppi.mp.br\CLC\01_Processos_e_Aquisicoes\Base de Conhecimento - Thiago\01_Normativos_Vigentes\03_MPPI\Portarias\Portaria PGJMPPI - n3315.0 - 2025.pdf
PDF_SEM_MD,mestra\01_Normativos_Vigentes\03_MPPI\Portarias,Portaria PGJMPPI - n3447.0 - 2024.pdf,161,3,TEXTO,2045,0.22,Portaria SEAD nº 001.2024 - Diretrizes de Contratacoes SEAD Piaui.md,mestra\01_Normativos_Vigentes\02_Estadual_PI\Portarias,C:\Users\thiagonogueira\OneDrive - mppi.mp.br\CLC\01_Processos_e_Aquisicoes\Base de Conhecimento - Thiago\01_Normativos_Vigentes\03_MPPI\Portarias\Portaria PGJMPPI - n3447.0 - 2024.pdf
PDF_SEM_MD,mestra\01_Normativos_Vigentes\03_MPPI\Portarias,Portaria PGJMPPI - n3448.0 - 2024.pdf,208,5,TEXTO,1737,0.22,Portaria SEAD nº 001.2024 - Diretrizes de Contratacoes SEAD Piaui.md,mestra\01_Normativos_Vigentes\02_Estadual_PI\Portarias,C:\Users\thiagonogueira\OneDrive - mppi.mp.br\CLC\01_Processos_e_Aquisicoes\Base de Conhecimento - Thiago\01_Normativos_Vigentes\03_MPPI\Portarias\Portaria PGJMPPI - n3448.0 - 2024.pdf
PDF_SEM_MD,mestra\01_Normativos_Vigentes\03_MPPI\Portarias,Portaria PGJMPPI - n4333.0 - 2024.pdf,192,3,TEXTO,2839,0.22,Portaria SEAD nº 001.2024 - Diretrizes de Contratacoes SEAD Piaui.md,mestra\01_Normativos_Vigentes\02_Estadual_PI\Portarias,C:\Users\thiagonogueira\OneDrive - mppi.mp.br\CLC\01_Processos_e_Aquisicoes\Base de Conhecimento - Thiago\01_Normativos_Vigentes\03_MPPI\Portarias\Portaria PGJMPPI - n4333.0 - 2024.pdf
PDF_SEM_MD,mestra\01_Normativos_Vigentes\03_MPPI\Portarias,Portaria PGJMPPI - n4335.0 - 2024.pdf,144,2,TEXTO,2951,0.22,Portaria SEAD nº 001.2024 - Diretrizes de Contratacoes SEAD Piaui.md,mestra\01_Normativos_Vigentes\02_Estadual_PI\Portarias,C:\Users\thiagonogueira\OneDrive - mppi.mp.br\CLC\01_Processos_e_Aquisicoes\Base de Conhecimento - Thiago\01_Normativos_Vigentes\03_MPPI\Portarias\Portaria PGJMPPI - n4335.0 - 2024.pdf
PDF_SEM_MD,mestra\01_Normativos_Vigentes\03_MPPI\Portarias,Portaria PGJMPPI - n870.0 - 2025.pdf,192,5,TEXTO,1778,0.25,Portaria PGJ 0870.2025 - Equipe de Planejamento.md,mestra\01_Normativos_Vigentes\03_MPPI\Portarias,C:\Users\thiagonogueira\OneDrive - mppi.mp.br\CLC\01_Processos_e_Aquisicoes\Base de Conhecimento - Thiago\01_Normativos_Vigentes\03_MPPI\Portarias\Portaria PGJMPPI - n870.0 - 2025.pdf
PDF_SEM_MD,mestra\01_Normativos_Vigentes\03_MPPI\Portarias,Portaria PGJMPPI - n942.0 - 2025.pdf,190,3,TEXTO,2897,0.25,Portaria PGJ 0870.2025 - Equipe de Planejamento.md,mestra\01_Normativos_Vigentes\03_MPPI\Portarias,C:\Users\thiagonogueira\OneDrive - mppi.mp.br\CLC\01_Processos_e_Aquisicoes\Base de Conhecimento - Thiago\01_Normativos_Vigentes\03_MPPI\Portarias\Portaria PGJMPPI - n942.0 - 2025.pdf
PDF_SEM_MD,mestra\01_Normativos_Vigentes\03_MPPI\Portarias,PORTARIA_PGJPI_NA___2067.2026___Equipe_de_planejamento.pdf,39,3,TEXTO,4901,0.71,Portaria PGJ 2067.2026 - Equipe de Planejamento.md,mestra\01_Normativos_Vigentes\03_MPPI\Portarias,C:\Users\thiagonogueira\OneDrive - mppi.mp.br\CLC\01_Processos_e_Aquisicoes\Base de Conhecimento - Thiago\01_Normativos_Vigentes\03_MPPI\Portarias\PORTARIA_PGJPI_NA___2067.2026___Equipe_de_planejamento.pdf
PDF_SEM_MD,mestra\01_Normativos_Vigentes\03_MPPI\Portarias,PORTARIA_PGJ_PI_5644_2025_AGENTE_DE_CONTRATACAO.pdf,14,1,TEXTO,3666,0.56,Portaria PGJ 5644.2025 - Agentes de Contratação e Pregoeiro.md,mestra\01_Normativos_Vigentes\03_MPPI\Portarias,C:\Users\thiagonogueira\OneDrive - mppi.mp.br\CLC\01_Processos_e_Aquisicoes\Base de Conhecimento - Thiago\01_Normativos_Vigentes\03_MPPI\Portarias\PORTARIA_PGJ_PI_5644_2025_AGENTE_DE_CONTRATACAO.pdf
PDF_SEM_MD,mestra\01_Normativos_Vigentes\05_TCE_PI\Instrucoes_Normativas,Instrução Normativa TCEPI - n6.0 - 2017.pdf,378,14,TEXTO,2746,0.18,Instrução Normativa CGE nº 01-2013 - Procedimentos de Controle e Pareceres.md,mestra\01_Normativos_Vigentes\02_Estadual_PI\Instrucoes_Normativas,C:\Users\thiagonogueira\OneDrive - mppi.mp.br\CLC\01_Processos_e_Aquisicoes\Base de Conhecimento - Thiago\01_Normativos_Vigentes\05_TCE_PI\Instrucoes_Normativas\Instrução Normativa TCEPI - n6.0 - 2017.pdf
PDF_SEM_MD,mestra\01_Normativos_Vigentes\05_TCE_PI\Resolucoes,Resolução TCE - n10.0 - 2020.pdf,416,15,TEXTO,2186,0.29,Resolucao TCE-PI nº 10.2020 - Procedimento de Levantamento.md,mestra\01_Normativos_Vigentes\05_TCE_PI\Resolucoes,C:\Users\thiagonogueira\OneDrive - mppi.mp.br\CLC\01_Processos_e_Aquisicoes\Base de Conhecimento - Thiago\01_Normativos_Vigentes\05_TCE_PI\Resolucoes\Resolução TCE - n10.0 - 2020.pdf
PDF_SEM_MD,mestra\01_Normativos_Vigentes\05_TCE_PI\Resolucoes,Resolução TCE - n19.0 - 2024.pdf,1548,114,TEXTO,2221,0.29,Resolucao TCE-PI nº 19.2024 - Regimento Interno do TCE-PI.md,mestra\01_Normativos_Vigentes\05_TCE_PI\Resolucoes,C:\Users\thiagonogueira\OneDrive - mppi.mp.br\CLC\01_Processos_e_Aquisicoes\Base de Conhecimento - Thiago\01_Normativos_Vigentes\05_TCE_PI\Resolucoes\Resolução TCE - n19.0 - 2024.pdf
PDF_SEM_MD,mestra\01_Normativos_Vigentes\05_TCE_PI\Resolucoes,Resolução TCE - n20.0 - 2024.pdf,225,2,TEXTO,1129,0.29,Resolucao TCE-PI nº 19.2024 - Regimento Interno do TCE-PI.md,mestra\01_Normativos_Vigentes\05_TCE_PI\Resolucoes,C:\Users\thiagonogueira\OneDrive - mppi.mp.br\CLC\01_Processos_e_Aquisicoes\Base de Conhecimento - Thiago\01_Normativos_Vigentes\05_TCE_PI\Resolucoes\Resolução TCE - n20.0 - 2024.pdf
PDF_SEM_MD,mestra\01_Normativos_Vigentes\05_TCE_PI\Resolucoes,Resolução TCE - n37.0 - 2024.pdf,595,11,TEXTO,2105,0.29,Resolucao TCE-PI nº 19.2024 - Regimento Interno do TCE-PI.md,mestra\01_Normativos_Vigentes\05_TCE_PI\Resolucoes,C:\Users\thiagonogueira\OneDrive - mppi.mp.br\CLC\01_Processos_e_Aquisicoes\Base de Conhecimento - Thiago\01_Normativos_Vigentes\05_TCE_PI\Resolucoes\Resolução TCE - n37.0 - 2024.pdf
PDF_SEM_MD,mestra\01_Normativos_Vigentes\05_TCE_PI\Resolucoes,Resolução TCE - n9.0 - 2025.pdf,354,4,TEXTO,2161,0.25,PCA 2025.md,mestra\01_Normativos_Vigentes\03_MPPI,C:\Users\thiagonogueira\OneDrive - mppi.mp.br\CLC\01_Processos_e_Aquisicoes\Base de Conhecimento - Thiago\01_Normativos_Vigentes\05_TCE_PI\Resolucoes\Resolução TCE - n9.0 - 2025.pdf
PDF_SEM_MD,mestra\01_Normativos_Vigentes\06_TJPI\Acordaos_Pareceres_Orientacoes,SEI_TJPI - 7071569 - Justificativa (Parecer Agente).pdf,399,9,TEXTO,3751,0.38,Modelo de Justificativa Tecnico-Administrativa TJPI (Parecer do Agente).md,mestra\01_Normativos_Vigentes\06_TJPI\Acordaos_Pareceres_Orientacoes,C:\Users\thiagonogueira\OneDrive - mppi.mp.br\CLC\01_Processos_e_Aquisicoes\Base de Conhecimento - Thiago\01_Normativos_Vigentes\06_TJPI\Acordaos_Pareceres_Orientacoes\SEI_TJPI - 7071569 - Justificativa (Parecer Agente).pdf
PDF_SEM_MD,mestra\01_Normativos_Vigentes\06_TJPI\Manuais_e_Guias_Tecnicos,MANUAL Lic -TJ-PI-2023-2024.pdf,5709,63,TEXTO,476,0.38,Manual de Licitacoes e Contratos TJPI (2023-2024).md,mestra\01_Normativos_Vigentes\06_TJPI\Manuais_e_Guias_Tecnicos,C:\Users\thiagonogueira\OneDrive - mppi.mp.br\CLC\01_Processos_e_Aquisicoes\Base de Conhecimento - Thiago\01_Normativos_Vigentes\06_TJPI\Manuais_e_Guias_Tecnicos\MANUAL Lic -TJ-PI-2023-2024.pdf
PDF_SEM_MD,mestra\01_Normativos_Vigentes\06_TJPI\Outros_Normativos,Fluxogramas_Atualizados.pdf,7849,8,TEXTO,815,0.25,Fluxogramas de Processos Licitatorios TJPI.md,mestra\01_Normativos_Vigentes\06_TJPI\Outros_Normativos,C:\Users\thiagonogueira\OneDrive - mppi.mp.br\CLC\01_Processos_e_Aquisicoes\Base de Conhecimento - Thiago\01_Normativos_Vigentes\06_TJPI\Outros_Normativos\Fluxogramas_Atualizados.pdf
PDF_SEM_MD,mestra\01_Normativos_Vigentes\06_TJPI\Outros_Normativos,"SEI_TJPI - 6640734 - Provimento 13.2025 - Regulamenta Obras, serviços, compras e alienações n.pdf",1693,33,TEXTO,4913,0.64,Provimento TJPI nº 13.2025 - Regulamento de Obras Servicos Compras e Alienacoes.md,mestra\01_Normativos_Vigentes\06_TJPI\Outros_Normativos,"C:\Users\thiagonogueira\OneDrive - mppi.mp.br\CLC\01_Processos_e_Aquisicoes\Base de Conhecimento - Thiago\01_Normativos_Vigentes\06_TJPI\Outros_Normativos\SEI_TJPI - 6640734 - Provimento 13.2025 - Regulamenta Obras, serviços, compras e alienações n.pdf"
PDF_SEM_MD,mestra\01_Normativos_Vigentes\06_TJPI\Outros_Normativos,SEI_TJPI - 7097234 - Análise de Primeira Linha da SLC.pdf,588,10,TEXTO,4484,0.5,Analise de Primeira Linha SLC TJPI - Controle Interno.md,mestra\01_Normativos_Vigentes\06_TJPI\Outros_Normativos,C:\Users\thiagonogueira\OneDrive - mppi.mp.br\CLC\01_Processos_e_Aquisicoes\Base de Conhecimento - Thiago\01_Normativos_Vigentes\06_TJPI\Outros_Normativos\SEI_TJPI - 7097234 - Análise de Primeira Linha da SLC.pdf
PDF_SEM_MD,mestra\01_Normativos_Vigentes\06_TJPI\Outros_Normativos,SEI_TJPI - 7123034 - Lista de Verificação SGC.pdf,169,1,TEXTO,2215,0.43,Lista de Verificacao SGC TJPI - Conformidade Licitatoria.md,mestra\01_Normativos_Vigentes\06_TJPI\Outros_Normativos,C:\Users\thiagonogueira\OneDrive - mppi.mp.br\CLC\01_Processos_e_Aquisicoes\Base de Conhecimento - Thiago\01_Normativos_Vigentes\06_TJPI\Outros_Normativos\SEI_TJPI - 7123034 - Lista de Verificação SGC.pdf
PDF_SEM_MD,mestra\01_Normativos_Vigentes\06_TJPI\Outros_Normativos,SEI_TJPI - 7134934 - Lista de Verificação (SLC).pdf,184,2,TEXTO,1452,0.43,Lista de Verificacao SLC TJPI - Servicos e Licitacoes.md,mestra\01_Normativos_Vigentes\06_TJPI\Outros_Normativos,C:\Users\thiagonogueira\OneDrive - mppi.mp.br\CLC\01_Processos_e_Aquisicoes\Base de Conhecimento - Thiago\01_Normativos_Vigentes\06_TJPI\Outros_Normativos\SEI_TJPI - 7134934 - Lista de Verificação (SLC).pdf
PDF_SEM_MD,mestra\01_Normativos_Vigentes\06_TJPI\Outros_Normativos,SEI_TJPI - 7176291 - Aviso Dispensa Licitação.pdf,152,2,TEXTO,1488,0.5,Modelo de Aviso de Dispensa de Licitacao TJPI.md,mestra\01_Normativos_Vigentes\06_TJPI\Outros_Normativos,C:\Users\thiagonogueira\OneDrive - mppi.mp.br\CLC\01_Processos_e_Aquisicoes\Base de Conhecimento - Thiago\01_Normativos_Vigentes\06_TJPI\Outros_Normativos\SEI_TJPI - 7176291 - Aviso Dispensa Licitação.pdf
PDF_SEM_MD,mestra\01_Normativos_Vigentes\06_TJPI\Portarias,Portaria_n_2899_2023-dispensa_licitacao.pdf,46,4,TEXTO,6993,1.0,Portaria TJPI nº 2899.2023 - Dispensa de Licitacao.md,mestra\01_Normativos_Vigentes\06_TJPI\Portarias,C:\Users\thiagonogueira\OneDrive - mppi.mp.br\CLC\01_Processos_e_Aquisicoes\Base de Conhecimento - Thiago\01_Normativos_Vigentes\06_TJPI\Portarias\Portaria_n_2899_2023-dispensa_licitacao.pdf
PDF_SEM_MD,mestra\02_Jurisprudencia_e_Orientacoes\Acordaos_TCE_PI,Acórdão TCE - n3001 - 2025.pdf,865,41,TEXTO,3278,0.25,PCA 2025.md,mestra\01_Normativos_Vigentes\03_MPPI,C:\Users\thiagonogueira\OneDrive - mppi.mp.br\CLC\01_Processos_e_Aquisicoes\Base de Conhecimento - Thiago\02_Jurisprudencia_e_Orientacoes\Acordaos_TCE_PI\Acórdão TCE - n3001 - 2025.pdf
PDF_SEM_MD,mestra\02_Jurisprudencia_e_Orientacoes\Boletins_TCE_PI,merged 2023.pdf,29623,224,TEXTO,1446,0.25,Relatório_IA_2023.md,mestra\05_Doutrina_e_Biblioteca\BID - Cursos\Guias_Digitais_e_Leituras_MD,C:\Users\thiagonogueira\OneDrive - mppi.mp.br\CLC\01_Processos_e_Aquisicoes\Base de Conhecimento - Thiago\02_Jurisprudencia_e_Orientacoes\Boletins_TCE_PI\merged 2023.pdf
PDF_SEM_MD,mestra\02_Jurisprudencia_e_Orientacoes\Boletins_TCE_PI,merged 2024.pdf,18423,311,TEXTO,910,0.17,manual-tecnico-2024-2025(ad246a293bfd2f319f1a8b73e64903e3).md,mestra\01_Normativos_Vigentes\02_Estadual_PI\Manuais_e_Guias_Tecnicos,C:\Users\thiagonogueira\OneDrive - mppi.mp.br\CLC\01_Processos_e_Aquisicoes\Base de Conhecimento - Thiago\02_Jurisprudencia_e_Orientacoes\Boletins_TCE_PI\merged 2024.pdf
PDF_SEM_MD,mestra\02_Jurisprudencia_e_Orientacoes\Boletins_TCE_PI,merged 2025.pdf,8277,230,TEXTO,1024,0.33,PCA 2025.md,mestra\01_Normativos_Vigentes\03_MPPI,C:\Users\thiagonogueira\OneDrive - mppi.mp.br\CLC\01_Processos_e_Aquisicoes\Base de Conhecimento - Thiago\02_Jurisprudencia_e_Orientacoes\Boletins_TCE_PI\merged 2025.pdf
PDF_SEM_MD,mestra\02_Jurisprudencia_e_Orientacoes\Informativos_Julgamentos_TCE_PI,Informativo-17-09-2026.pdf,404,4,TEXTO,3591,0.17,Federal - mto_2026_-_versao_5_.md,mestra\01_Normativos_Vigentes\01_Federal\Manuais_e_Guias_Tecnicos,C:\Users\thiagonogueira\OneDrive - mppi.mp.br\CLC\01_Processos_e_Aquisicoes\Base de Conhecimento - Thiago\02_Jurisprudencia_e_Orientacoes\Informativos_Julgamentos_TCE_PI\Informativo-17-09-2026.pdf
PDF_SEM_MD,mestra\02_Jurisprudencia_e_Orientacoes\Informativos_Julgamentos_TCE_PI,Plen_rio_Presencial_2__C_mara___Sess_o_Ordin_ria_Virtual_de_13_a_17_de_abril_de_.pdf,317,4,TEXTO,1399,0.06,Boletim de Jurisprudencia TCE-PI nº 04 - Abril de 2022.md,mestra\02_Jurisprudencia_e_Orientacoes\Boletins_TCE_PI,C:\Users\thiagonogueira\OneDrive - mppi.mp.br\CLC\01_Processos_e_Aquisicoes\Base de Conhecimento - Thiago\02_Jurisprudencia_e_Orientacoes\Informativos_Julgamentos_TCE_PI\Plen_rio_Presencial_2__C_mara___Sess_o_Ordin_ria_Virtual_de_13_a_17_de_abril_de_.pdf
PDF_SEM_MD,mestra\02_Jurisprudencia_e_Orientacoes\Informativos_Julgamentos_TCE_PI,Plen_rio_Presencial_2__C_mara___Sess_o_Ordin_ria_Virtual_de_18_a_22_de_maio_de_2.pdf,323,3,TEXTO,1277,0.06,Boletim de Jurisprudencia TCE-PI nº 05 - Maio de 2022.md,mestra\02_Jurisprudencia_e_Orientacoes\Boletins_TCE_PI,C:\Users\thiagonogueira\OneDrive - mppi.mp.br\CLC\01_Processos_e_Aquisicoes\Base de Conhecimento - Thiago\02_Jurisprudencia_e_Orientacoes\Informativos_Julgamentos_TCE_PI\Plen_rio_Presencial_2__C_mara___Sess_o_Ordin_ria_Virtual_de_18_a_22_de_maio_de_2.pdf
PDF_SEM_MD,mestra\02_Jurisprudencia_e_Orientacoes\Informativos_Julgamentos_TCE_PI,Plen_rio_Presencial_Pleno___Sess_o_Ordin_ria_Presencial_n__004_de_13_de_mar_o_de.pdf,394,3,TEXTO,3568,0.06,Provimento TJPI nº 13.2025 - Regulamento de Obras Servicos Compras e Alienacoes.md,mestra\01_Normativos_Vigentes\06_TJPI\Outros_Normativos,C:\Users\thiagonogueira\OneDrive - mppi.mp.br\CLC\01_Processos_e_Aquisicoes\Base de Conhecimento - Thiago\02_Jurisprudencia_e_Orientacoes\Informativos_Julgamentos_TCE_PI\Plen_rio_Presencial_Pleno___Sess_o_Ordin_ria_Presencial_n__004_de_13_de_mar_o_de.pdf
PDF_SEM_MD,mestra\02_Jurisprudencia_e_Orientacoes\Informativos_Julgamentos_TCE_PI,Plen_rio_Presencial_Pleno___Sess_o_Ordin_ria_Presencial_n__010_de_11_de_junho_de.pdf,402,5,TEXTO,3256,0.07,Boletim de Jurisprudencia TCE-PI nº 06 - Junho de 2022.md,mestra\02_Jurisprudencia_e_Orientacoes\Boletins_TCE_PI,C:\Users\thiagonogueira\OneDrive - mppi.mp.br\CLC\01_Processos_e_Aquisicoes\Base de Conhecimento - Thiago\02_Jurisprudencia_e_Orientacoes\Informativos_Julgamentos_TCE_PI\Plen_rio_Presencial_Pleno___Sess_o_Ordin_ria_Presencial_n__010_de_11_de_junho_de.pdf
PDF_SEM_MD,mestra\02_Jurisprudencia_e_Orientacoes\Informativos_Julgamentos_TCE_PI,Plen_rio_Presencial_Pleno___Sess_o_Ordin_ria_Presencial_n__011_de_25_de_junho_de.pdf,375,2,TEXTO,3098,0.07,Boletim de Jurisprudencia TCE-PI nº 06 - Junho de 2022.md,mestra\02_Jurisprudencia_e_Orientacoes\Boletins_TCE_PI,C:\Users\thiagonogueira\OneDrive - mppi.mp.br\CLC\01_Processos_e_Aquisicoes\Base de Conhecimento - Thiago\02_Jurisprudencia_e_Orientacoes\Informativos_Julgamentos_TCE_PI\Plen_rio_Presencial_Pleno___Sess_o_Ordin_ria_Presencial_n__011_de_25_de_junho_de.pdf
PDF_SEM_MD,mestra\02_Jurisprudencia_e_Orientacoes\Informativos_Julgamentos_TCE_PI,Plen_rio_Presencial_Pleno___Sess_o_Ordin_ria_Presencial_n__012_de_09_de_julho_de.pdf,364,6,TEXTO,3274,0.07,Boletim de Jurisprudencia TCE-PI nº 07 - Julho de 2022.md,mestra\02_Jurisprudencia_e_Orientacoes\Boletins_TCE_PI,C:\Users\thiagonogueira\OneDrive - mppi.mp.br\CLC\01_Processos_e_Aquisicoes\Base de Conhecimento - Thiago\02_Jurisprudencia_e_Orientacoes\Informativos_Julgamentos_TCE_PI\Plen_rio_Presencial_Pleno___Sess_o_Ordin_ria_Presencial_n__012_de_09_de_julho_de.pdf
PDF_SEM_MD,mestra\02_Jurisprudencia_e_Orientacoes\Informativos_Julgamentos_TCE_PI,Plen_rio_Presencial_Pleno___Sess_o_Ordin_ria_Presencial_n__013_de_16_de_julho_de.pdf,224,1,TEXTO,1540,0.07,Boletim de Jurisprudencia TCE-PI nº 07 - Julho de 2022.md,mestra\02_Jurisprudencia_e_Orientacoes\Boletins_TCE_PI,C:\Users\thiagonogueira\OneDrive - mppi.mp.br\CLC\01_Processos_e_Aquisicoes\Base de Conhecimento - Thiago\02_Jurisprudencia_e_Orientacoes\Informativos_Julgamentos_TCE_PI\Plen_rio_Presencial_Pleno___Sess_o_Ordin_ria_Presencial_n__013_de_16_de_julho_de.pdf
PDF_SEM_MD,mestra\02_Jurisprudencia_e_Orientacoes\Informativos_Julgamentos_TCE_PI,Plen_rio_Presencial_Pleno___Sess_o_Ordin_ria_Presencial_n__014_de_23_de_julho_de.pdf,425,6,TEXTO,2951,0.07,Boletim de Jurisprudencia TCE-PI nº 07 - Julho de 2022.md,mestra\02_Jurisprudencia_e_Orientacoes\Boletins_TCE_PI,C:\Users\thiagonogueira\OneDrive - mppi.mp.br\CLC\01_Processos_e_Aquisicoes\Base de Conhecimento - Thiago\02_Jurisprudencia_e_Orientacoes\Informativos_Julgamentos_TCE_PI\Plen_rio_Presencial_Pleno___Sess_o_Ordin_ria_Presencial_n__014_de_23_de_julho_de.pdf
PDF_SEM_MD,mestra\02_Jurisprudencia_e_Orientacoes\Informativos_Julgamentos_TCE_PI,Plen_rio_Presencial_Pleno___Sess_o_Ordin_ria_Presencial_n__015_de_06_de_agosto_d.pdf,440,7,TEXTO,3742,0.08,06_Prestacoes_de_Contas_TCE_PI.md,mestra\02_Jurisprudencia_e_Orientacoes\Informativos_Julgamentos_TCE_PI,C:\Users\thiagonogueira\OneDrive - mppi.mp.br\CLC\01_Processos_e_Aquisicoes\Base de Conhecimento - Thiago\02_Jurisprudencia_e_Orientacoes\Informativos_Julgamentos_TCE_PI\Plen_rio_Presencial_Pleno___Sess_o_Ordin_ria_Presencial_n__015_de_06_de_agosto_d.pdf
PDF_SEM_MD,mestra\02_Jurisprudencia_e_Orientacoes\Informativos_Julgamentos_TCE_PI,Plen_rio_Presencial_Pleno___Sess_o_Ordin_ria_Presencial_n__016_de_20_de_agosto_d.pdf,388,4,TEXTO,2746,0.07,Resolucao TCE-PI nº 20.2024 - Alteracao Regimental.md,mestra\01_Normativos_Vigentes\05_TCE_PI\Resolucoes,C:\Users\thiagonogueira\OneDrive - mppi.mp.br\CLC\01_Processos_e_Aquisicoes\Base de Conhecimento - Thiago\02_Jurisprudencia_e_Orientacoes\Informativos_Julgamentos_TCE_PI\Plen_rio_Presencial_Pleno___Sess_o_Ordin_ria_Presencial_n__016_de_20_de_agosto_d.pdf
PDF_SEM_MD,mestra\02_Jurisprudencia_e_Orientacoes\Informativos_Julgamentos_TCE_PI,Plen_rio_Presencial_Pleno___Sess_o_Ordin_ria_Presencial_n__017_de_03_de_setembro.pdf,417,4,TEXTO,3547,0.07,TCE NT 03.2020 - Contratações de TIC.md,mestra\01_Normativos_Vigentes\02_Estadual_PI\Acordaos_Pareceres_Orientacoes,C:\Users\thiagonogueira\OneDrive - mppi.mp.br\CLC\01_Processos_e_Aquisicoes\Base de Conhecimento - Thiago\02_Jurisprudencia_e_Orientacoes\Informativos_Julgamentos_TCE_PI\Plen_rio_Presencial_Pleno___Sess_o_Ordin_ria_Presencial_n__017_de_03_de_setembro.pdf
PDF_SEM_MD,mestra\02_Jurisprudencia_e_Orientacoes\Informativos_Julgamentos_TCE_PI,Plen_rio_Presencial_Pleno___Sess_o_Ordin_ria_Presencial_n__01_de_29_de_janeiro_d.pdf,451,6,TEXTO,3097,0.14,Boletim de Jurisprudencia TCE-PI nº 01 - Janeiro de 2022.md,mestra\02_Jurisprudencia_e_Orientacoes\Boletins_TCE_PI,C:\Users\thiagonogueira\OneDrive - mppi.mp.br\CLC\01_Processos_e_Aquisicoes\Base de Conhecimento - Thiago\02_Jurisprudencia_e_Orientacoes\Informativos_Julgamentos_TCE_PI\Plen_rio_Presencial_Pleno___Sess_o_Ordin_ria_Presencial_n__01_de_29_de_janeiro_d.pdf
PDF_SEM_MD,mestra\02_Jurisprudencia_e_Orientacoes\Informativos_Julgamentos_TCE_PI,Plen_rio_Presencial_Pleno___Sess_o_Ordin_ria_Presencial_n__02_de_12_de_fevereiro.pdf,422,5,TEXTO,3162,0.14,Boletim de Jurisprudencia TCE-PI nº 02 - Fevereiro de 2022.md,mestra\02_Jurisprudencia_e_Orientacoes\Boletins_TCE_PI,C:\Users\thiagonogueira\OneDrive - mppi.mp.br\CLC\01_Processos_e_Aquisicoes\Base de Conhecimento - Thiago\02_Jurisprudencia_e_Orientacoes\Informativos_Julgamentos_TCE_PI\Plen_rio_Presencial_Pleno___Sess_o_Ordin_ria_Presencial_n__02_de_12_de_fevereiro.pdf
PDF_SEM_MD,mestra\02_Jurisprudencia_e_Orientacoes\Informativos_Julgamentos_TCE_PI,Plen_rio_Presencial_Pleno___Sess_o_Ordin_ria_Presencial_n__05_de_26_de_mar_o_de_.pdf,390,3,TEXTO,3210,0.08,Federal - IN 05.2017 - Terceirizados.md,mestra\01_Normativos_Vigentes\01_Federal\Instrucoes_Normativas,C:\Users\thiagonogueira\OneDrive - mppi.mp.br\CLC\01_Processos_e_Aquisicoes\Base de Conhecimento - Thiago\02_Jurisprudencia_e_Orientacoes\Informativos_Julgamentos_TCE_PI\Plen_rio_Presencial_Pleno___Sess_o_Ordin_ria_Presencial_n__05_de_26_de_mar_o_de_.pdf
PDF_SEM_MD,mestra\02_Jurisprudencia_e_Orientacoes\Informativos_Julgamentos_TCE_PI,Plen_rio_Presencial_Pleno___Sess_o_Ordin_ria_Presencial_n__06_de_09_de_abril_de_.pdf,348,5,TEXTO,2814,0.08,06_Prestacoes_de_Contas_TCE_PI.md,mestra\02_Jurisprudencia_e_Orientacoes\Informativos_Julgamentos_TCE_PI,C:\Users\thiagonogueira\OneDrive - mppi.mp.br\CLC\01_Processos_e_Aquisicoes\Base de Conhecimento - Thiago\02_Jurisprudencia_e_Orientacoes\Informativos_Julgamentos_TCE_PI\Plen_rio_Presencial_Pleno___Sess_o_Ordin_ria_Presencial_n__06_de_09_de_abril_de_.pdf
PDF_SEM_MD,mestra\02_Jurisprudencia_e_Orientacoes\Informativos_Julgamentos_TCE_PI,Plen_rio_Presencial_Pleno___Sess_o_Ordin_ria_Presencial_n__07_de_30_de_abril_de_.pdf,324,4,TEXTO,2999,0.12,TCE Expediente 30.2025 - DECISAO_SESSAO-PLENARIA-07-DE-24.04.2025.md,mestra\01_Normativos_Vigentes\02_Estadual_PI\Acordaos_Pareceres_Orientacoes,C:\Users\thiagonogueira\OneDrive - mppi.mp.br\CLC\01_Processos_e_Aquisicoes\Base de Conhecimento - Thiago\02_Jurisprudencia_e_Orientacoes\Informativos_Julgamentos_TCE_PI\Plen_rio_Presencial_Pleno___Sess_o_Ordin_ria_Presencial_n__07_de_30_de_abril_de_.pdf
PDF_SEM_MD,mestra\02_Jurisprudencia_e_Orientacoes\Informativos_Julgamentos_TCE_PI,Plen_rio_Presencial_Pleno___Sess_o_Ordin_ria_Presencial_n__08_de_14_de_maio_de_2.pdf,391,4,TEXTO,2980,0.07,08_Outros_Procedimentos_e_Consultas_TCE_PI.md,mestra\02_Jurisprudencia_e_Orientacoes\Informativos_Julgamentos_TCE_PI,C:\Users\thiagonogueira\OneDrive - mppi.mp.br\CLC\01_Processos_e_Aquisicoes\Base de Conhecimento - Thiago\02_Jurisprudencia_e_Orientacoes\Informativos_Julgamentos_TCE_PI\Plen_rio_Presencial_Pleno___Sess_o_Ordin_ria_Presencial_n__08_de_14_de_maio_de_2.pdf
PDF_SEM_MD,mestra\02_Jurisprudencia_e_Orientacoes\Informativos_Julgamentos_TCE_PI,Plen_rio_Presencial_Pleno___Sess_o_Ordin_ria_Presencial_n__09_de_28_de_maio_de_2.pdf,428,6,TEXTO,3532,0.07,Boletim de Jurisprudencia TCE-PI nº 05 - Maio de 2022.md,mestra\02_Jurisprudencia_e_Orientacoes\Boletins_TCE_PI,C:\Users\thiagonogueira\OneDrive - mppi.mp.br\CLC\01_Processos_e_Aquisicoes\Base de Conhecimento - Thiago\02_Jurisprudencia_e_Orientacoes\Informativos_Julgamentos_TCE_PI\Plen_rio_Presencial_Pleno___Sess_o_Ordin_ria_Presencial_n__09_de_28_de_maio_de_2.pdf
PDF_SEM_MD,mestra\02_Jurisprudencia_e_Orientacoes\Informativos_Julgamentos_TCE_PI,Plen_rio_Presencial_Pleno___Sess_o_Ordin_ria_Presencial_n__21_de_15_de_dezembro_.pdf,334,2,TEXTO,3212,0.07,Boletim de Jurisprudencia TCE-PI nº 12 - Dezembro de 2022.md,mestra\02_Jurisprudencia_e_Orientacoes\Boletins_TCE_PI,C:\Users\thiagonogueira\OneDrive - mppi.mp.br\CLC\01_Processos_e_Aquisicoes\Base de Conhecimento - Thiago\02_Jurisprudencia_e_Orientacoes\Informativos_Julgamentos_TCE_PI\Plen_rio_Presencial_Pleno___Sess_o_Ordin_ria_Presencial_n__21_de_15_de_dezembro_.pdf
PDF_SEM_MD,mestra\02_Jurisprudencia_e_Orientacoes\Informativos_Julgamentos_TCE_PI,Plen_rio_Virtual_Pleno___Sess_o_Ordin_ria_Virtual_de_03_a_07_de_agosto_de_2026_.pdf,272,1,TEXTO,1346,0.13,Boletim de Jurisprudencia TCE-PI nº 03 - Março de 2026.md,mestra\02_Jurisprudencia_e_Orientacoes\Boletins_TCE_PI,C:\Users\thiagonogueira\OneDrive - mppi.mp.br\CLC\01_Processos_e_Aquisicoes\Base de Conhecimento - Thiago\02_Jurisprudencia_e_Orientacoes\Informativos_Julgamentos_TCE_PI\Plen_rio_Virtual_Pleno___Sess_o_Ordin_ria_Virtual_de_03_a_07_de_agosto_de_2026_.pdf
PDF_SEM_MD,mestra\02_Jurisprudencia_e_Orientacoes\Informativos_Julgamentos_TCE_PI,Plen_rio_Virtual_Pleno___Sess_o_Ordin_ria_Virtual_de_04_a_08_de_maio_de_2026_.pdf,302,4,TEXTO,1361,0.13,Boletim de Jurisprudencia TCE-PI nº 04 - Abril de 2026.md,mestra\02_Jurisprudencia_e_Orientacoes\Boletins_TCE_PI,C:\Users\thiagonogueira\OneDrive - mppi.mp.br\CLC\01_Processos_e_Aquisicoes\Base de Conhecimento - Thiago\02_Jurisprudencia_e_Orientacoes\Informativos_Julgamentos_TCE_PI\Plen_rio_Virtual_Pleno___Sess_o_Ordin_ria_Virtual_de_04_a_08_de_maio_de_2026_.pdf
PDF_SEM_MD,mestra\02_Jurisprudencia_e_Orientacoes\Informativos_Julgamentos_TCE_PI,Plen_rio_Virtual_Pleno___Sess_o_Ordin_ria_Virtual_de_06_a_10_de_julho_de_2026_.pdf,285,3,TEXTO,1386,0.13,Boletim de Jurisprudencia TCE-PI nº 06 - Junho de 2026.md,mestra\02_Jurisprudencia_e_Orientacoes\Boletins_TCE_PI,C:\Users\thiagonogueira\OneDrive - mppi.mp.br\CLC\01_Processos_e_Aquisicoes\Base de Conhecimento - Thiago\02_Jurisprudencia_e_Orientacoes\Informativos_Julgamentos_TCE_PI\Plen_rio_Virtual_Pleno___Sess_o_Ordin_ria_Virtual_de_06_a_10_de_julho_de_2026_.pdf
PDF_SEM_MD,mestra\02_Jurisprudencia_e_Orientacoes\Informativos_Julgamentos_TCE_PI,Plen_rio_Virtual_Pleno___Sess_o_Ordin_ria_Virtual_de_08_a_11_de_setembro_de_2026.pdf,295,3,TEXTO,1142,0.13,Boletim de Jurisprudencia TCE-PI nº 08 - Agosto de 2026.md,mestra\02_Jurisprudencia_e_Orientacoes\Boletins_TCE_PI,C:\Users\thiagonogueira\OneDrive - mppi.mp.br\CLC\01_Processos_e_Aquisicoes\Base de Conhecimento - Thiago\02_Jurisprudencia_e_Orientacoes\Informativos_Julgamentos_TCE_PI\Plen_rio_Virtual_Pleno___Sess_o_Ordin_ria_Virtual_de_08_a_11_de_setembro_de_2026.pdf
PDF_SEM_MD,mestra\02_Jurisprudencia_e_Orientacoes\Informativos_Julgamentos_TCE_PI,Plen_rio_Virtual_Pleno___Sess_o_Ordin_ria_Virtual_de_08_a_12_de_junho_de_2026_.pdf,280,2,TEXTO,1272,0.13,Boletim de Jurisprudencia TCE-PI nº 06 - Junho de 2026.md,mestra\02_Jurisprudencia_e_Orientacoes\Boletins_TCE_PI,C:\Users\thiagonogueira\OneDrive - mppi.mp.br\CLC\01_Processos_e_Aquisicoes\Base de Conhecimento - Thiago\02_Jurisprudencia_e_Orientacoes\Informativos_Julgamentos_TCE_PI\Plen_rio_Virtual_Pleno___Sess_o_Ordin_ria_Virtual_de_08_a_12_de_junho_de_2026_.pdf
PDF_SEM_MD,mestra\02_Jurisprudencia_e_Orientacoes\Informativos_Julgamentos_TCE_PI,Plen_rio_Virtual_Pleno___Sess_o_Ordin_ria_Virtual_de_10_a_14_de_agosto_de_2026_.pdf,287,5,TEXTO,1660,0.13,Boletim de Jurisprudencia TCE-PI nº 08 - Agosto de 2026.md,mestra\02_Jurisprudencia_e_Orientacoes\Boletins_TCE_PI,C:\Users\thiagonogueira\OneDrive - mppi.mp.br\CLC\01_Processos_e_Aquisicoes\Base de Conhecimento - Thiago\02_Jurisprudencia_e_Orientacoes\Informativos_Julgamentos_TCE_PI\Plen_rio_Virtual_Pleno___Sess_o_Ordin_ria_Virtual_de_10_a_14_de_agosto_de_2026_.pdf
PDF_SEM_MD,mestra\02_Jurisprudencia_e_Orientacoes\Informativos_Julgamentos_TCE_PI,Plen_rio_Virtual_Pleno___Sess_o_Ordin_ria_Virtual_de_11_a_15_de_maio_de_2026_.pdf,301,3,TEXTO,1421,0.13,Boletim de Jurisprudencia TCE-PI nº 05 - Maio de 2026.md,mestra\02_Jurisprudencia_e_Orientacoes\Boletins_TCE_PI,C:\Users\thiagonogueira\OneDrive - mppi.mp.br\CLC\01_Processos_e_Aquisicoes\Base de Conhecimento - Thiago\02_Jurisprudencia_e_Orientacoes\Informativos_Julgamentos_TCE_PI\Plen_rio_Virtual_Pleno___Sess_o_Ordin_ria_Virtual_de_11_a_15_de_maio_de_2026_.pdf
PDF_SEM_MD,mestra\02_Jurisprudencia_e_Orientacoes\Informativos_Julgamentos_TCE_PI,Plen_rio_Virtual_Pleno___Sess_o_Ordin_ria_Virtual_de_13_a_17_de_julho_de_2026_.pdf,284,2,TEXTO,1065,0.13,Boletim de Jurisprudencia TCE-PI nº 07 - Julho de 2026.md,mestra\02_Jurisprudencia_e_Orientacoes\Boletins_TCE_PI,C:\Users\thiagonogueira\OneDrive - mppi.mp.br\CLC\01_Processos_e_Aquisicoes\Base de Conhecimento - Thiago\02_Jurisprudencia_e_Orientacoes\Informativos_Julgamentos_TCE_PI\Plen_rio_Virtual_Pleno___Sess_o_Ordin_ria_Virtual_de_13_a_17_de_julho_de_2026_.pdf
PDF_SEM_MD,mestra\02_Jurisprudencia_e_Orientacoes\Informativos_Julgamentos_TCE_PI,Plen_rio_Virtual_Pleno___Sess_o_Ordin_ria_Virtual_de_14_a_18_de_setembro_de_2026.pdf,287,3,TEXTO,1125,0.11,Nota Tecnica 18.2026 - Alimentacao Artificial de Praias - Aspectos Tecnicos e Juridicos.md,mestra\05_Doutrina_e_Biblioteca\Biblioteca_Manuais_e_Cursos,C:\Users\thiagonogueira\OneDrive - mppi.mp.br\CLC\01_Processos_e_Aquisicoes\Base de Conhecimento - Thiago\02_Jurisprudencia_e_Orientacoes\Informativos_Julgamentos_TCE_PI\Plen_rio_Virtual_Pleno___Sess_o_Ordin_ria_Virtual_de_14_a_18_de_setembro_de_2026.pdf
PDF_SEM_MD,mestra\02_Jurisprudencia_e_Orientacoes\Informativos_Julgamentos_TCE_PI,Plen_rio_Virtual_Pleno___Sess_o_Ordin_ria_Virtual_de_15_a_19_de_junho_de_2026_.pdf,285,2,TEXTO,1608,0.13,Boletim de Jurisprudencia TCE-PI nº 06 - Junho de 2026.md,mestra\02_Jurisprudencia_e_Orientacoes\Boletins_TCE_PI,C:\Users\thiagonogueira\OneDrive - mppi.mp.br\CLC\01_Processos_e_Aquisicoes\Base de Conhecimento - Thiago\02_Jurisprudencia_e_Orientacoes\Informativos_Julgamentos_TCE_PI\Plen_rio_Virtual_Pleno___Sess_o_Ordin_ria_Virtual_de_15_a_19_de_junho_de_2026_.pdf
PDF_SEM_MD,mestra\02_Jurisprudencia_e_Orientacoes\Informativos_Julgamentos_TCE_PI,Plen_rio_Virtual_Pleno___Sess_o_Ordin_ria_Virtual_de_17_a_21_de_agosto_de_2026_.pdf,320,5,TEXTO,1136,0.13,Boletim de Jurisprudencia TCE-PI nº 08 - Agosto de 2026.md,mestra\02_Jurisprudencia_e_Orientacoes\Boletins_TCE_PI,C:\Users\thiagonogueira\OneDrive - mppi.mp.br\CLC\01_Processos_e_Aquisicoes\Base de Conhecimento - Thiago\02_Jurisprudencia_e_Orientacoes\Informativos_Julgamentos_TCE_PI\Plen_rio_Virtual_Pleno___Sess_o_Ordin_ria_Virtual_de_17_a_21_de_agosto_de_2026_.pdf
PDF_SEM_MD,mestra\02_Jurisprudencia_e_Orientacoes\Informativos_Julgamentos_TCE_PI,Plen_rio_Virtual_Pleno___Sess_o_Ordin_ria_Virtual_de_18_a_22_de_maio_de_2026_.pdf,304,4,TEXTO,1394,0.13,Boletim de Jurisprudencia TCE-PI nº 05 - Maio de 2026.md,mestra\02_Jurisprudencia_e_Orientacoes\Boletins_TCE_PI,C:\Users\thiagonogueira\OneDrive - mppi.mp.br\CLC\01_Processos_e_Aquisicoes\Base de Conhecimento - Thiago\02_Jurisprudencia_e_Orientacoes\Informativos_Julgamentos_TCE_PI\Plen_rio_Virtual_Pleno___Sess_o_Ordin_ria_Virtual_de_18_a_22_de_maio_de_2026_.pdf
PDF_SEM_MD,mestra\02_Jurisprudencia_e_Orientacoes\Informativos_Julgamentos_TCE_PI,Plen_rio_Virtual_Pleno___Sess_o_Ordin_ria_Virtual_de_1__a_05_de_junho_de_2026_.pdf,312,4,TEXTO,1310,0.14,Boletim de Jurisprudencia TCE-PI nº 05 - Maio de 2026.md,mestra\02_Jurisprudencia_e_Orientacoes\Boletins_TCE_PI,C:\Users\thiagonogueira\OneDrive - mppi.mp.br\CLC\01_Processos_e_Aquisicoes\Base de Conhecimento - Thiago\02_Jurisprudencia_e_Orientacoes\Informativos_Julgamentos_TCE_PI\Plen_rio_Virtual_Pleno___Sess_o_Ordin_ria_Virtual_de_1__a_05_de_junho_de_2026_.pdf
PDF_SEM_MD,mestra\02_Jurisprudencia_e_Orientacoes\Informativos_Julgamentos_TCE_PI,Plen_rio_Virtual_Pleno___Sess_o_Ordin_ria_Virtual_de_20_a_24_de_julho_de_2026_.pdf,259,1,TEXTO,1164,0.13,Boletim de Jurisprudencia TCE-PI nº 07 - Julho de 2026.md,mestra\02_Jurisprudencia_e_Orientacoes\Boletins_TCE_PI,C:\Users\thiagonogueira\OneDrive - mppi.mp.br\CLC\01_Processos_e_Aquisicoes\Base de Conhecimento - Thiago\02_Jurisprudencia_e_Orientacoes\Informativos_Julgamentos_TCE_PI\Plen_rio_Virtual_Pleno___Sess_o_Ordin_ria_Virtual_de_20_a_24_de_julho_de_2026_.pdf
PDF_SEM_MD,mestra\02_Jurisprudencia_e_Orientacoes\Informativos_Julgamentos_TCE_PI,Plen_rio_Virtual_Pleno___Sess_o_Ordin_ria_Virtual_de_21_a_25_de_setembro_de_2026.pdf,286,2,TEXTO,1448,0.08,Federal - mto_2026_-_versao_5_.md,mestra\01_Normativos_Vigentes\01_Federal\Manuais_e_Guias_Tecnicos,C:\Users\thiagonogueira\OneDrive - mppi.mp.br\CLC\01_Processos_e_Aquisicoes\Base de Conhecimento - Thiago\02_Jurisprudencia_e_Orientacoes\Informativos_Julgamentos_TCE_PI\Plen_rio_Virtual_Pleno___Sess_o_Ordin_ria_Virtual_de_21_a_25_de_setembro_de_2026.pdf
PDF_SEM_MD,mestra\02_Jurisprudencia_e_Orientacoes\Informativos_Julgamentos_TCE_PI,Plen_rio_Virtual_Pleno___Sess_o_Ordin_ria_Virtual_de_22_a_26_de_junho_de_2026_.pdf,299,3,TEXTO,1201,0.13,Boletim de Jurisprudencia TCE-PI nº 06 - Junho de 2026.md,mestra\02_Jurisprudencia_e_Orientacoes\Boletins_TCE_PI,C:\Users\thiagonogueira\OneDrive - mppi.mp.br\CLC\01_Processos_e_Aquisicoes\Base de Conhecimento - Thiago\02_Jurisprudencia_e_Orientacoes\Informativos_Julgamentos_TCE_PI\Plen_rio_Virtual_Pleno___Sess_o_Ordin_ria_Virtual_de_22_a_26_de_junho_de_2026_.pdf
PDF_SEM_MD,mestra\02_Jurisprudencia_e_Orientacoes\Informativos_Julgamentos_TCE_PI,Plen_rio_Virtual_Pleno___Sess_o_Ordin_ria_Virtual_de_25_a_29_de_maio_de_2026_.pdf,298,3,TEXTO,1533,0.13,Boletim de Jurisprudencia TCE-PI nº 05 - Maio de 2026.md,mestra\02_Jurisprudencia_e_Orientacoes\Boletins_TCE_PI,C:\Users\thiagonogueira\OneDrive - mppi.mp.br\CLC\01_Processos_e_Aquisicoes\Base de Conhecimento - Thiago\02_Jurisprudencia_e_Orientacoes\Informativos_Julgamentos_TCE_PI\Plen_rio_Virtual_Pleno___Sess_o_Ordin_ria_Virtual_de_25_a_29_de_maio_de_2026_.pdf
PDF_SEM_MD,mestra\02_Jurisprudencia_e_Orientacoes\Informativos_Julgamentos_TCE_PI,Plen_rio_Virtual_Pleno___Sess_o_Ordin_ria_Virtual_de_27_a_31_de_julho_de_2026_.pdf,256,2,TEXTO,1578,0.13,Boletim de Jurisprudencia TCE-PI nº 07 - Julho de 2026.md,mestra\02_Jurisprudencia_e_Orientacoes\Boletins_TCE_PI,C:\Users\thiagonogueira\OneDrive - mppi.mp.br\CLC\01_Processos_e_Aquisicoes\Base de Conhecimento - Thiago\02_Jurisprudencia_e_Orientacoes\Informativos_Julgamentos_TCE_PI\Plen_rio_Virtual_Pleno___Sess_o_Ordin_ria_Virtual_de_27_a_31_de_julho_de_2026_.pdf
PDF_SEM_MD,mestra\02_Jurisprudencia_e_Orientacoes\Informativos_Julgamentos_TCE_PI,Plen_rio_Virtual_Pleno___Sess_o_Ordin_ria_Virtual_de_29_de_junho_a_03_de_julho_d.pdf,283,2,TEXTO,1058,0.07,TCE NT 03.2020 - Contratações de TIC.md,mestra\01_Normativos_Vigentes\02_Estadual_PI\Acordaos_Pareceres_Orientacoes,C:\Users\thiagonogueira\OneDrive - mppi.mp.br\CLC\01_Processos_e_Aquisicoes\Base de Conhecimento - Thiago\02_Jurisprudencia_e_Orientacoes\Informativos_Julgamentos_TCE_PI\Plen_rio_Virtual_Pleno___Sess_o_Ordin_ria_Virtual_de_29_de_junho_a_03_de_julho_d.pdf
PDF_SEM_MD,mestra\02_Jurisprudencia_e_Orientacoes\Informativos_Julgamentos_TCE_PI,Plen_rio_Virtual_Pleno___Sess_o_Ordin_ria_Virtual_de_31_de_agosto_a_04_de_setemb.pdf,305,4,TEXTO,1474,0.07,04_Tomadas_de_Contas_Especiais_TCE_PI.md,mestra\02_Jurisprudencia_e_Orientacoes\Informativos_Julgamentos_TCE_PI,C:\Users\thiagonogueira\OneDrive - mppi.mp.br\CLC\01_Processos_e_Aquisicoes\Base de Conhecimento - Thiago\02_Jurisprudencia_e_Orientacoes\Informativos_Julgamentos_TCE_PI\Plen_rio_Virtual_Pleno___Sess_o_Ordin_ria_Virtual_de_31_de_agosto_a_04_de_setemb.pdf
PDF_SEM_MD,mestra\02_Jurisprudencia_e_Orientacoes\Informativos_Julgamentos_TCE_PI,Primeira_C_mara_Presencial_1__C_mara___Sess_o_de_Julgamento_Presencial_n__019_de.pdf,533,6,TEXTO,2867,0.09,Analise de Primeira Linha SLC TJPI - Controle Interno.md,mestra\01_Normativos_Vigentes\06_TJPI\Outros_Normativos,C:\Users\thiagonogueira\OneDrive - mppi.mp.br\CLC\01_Processos_e_Aquisicoes\Base de Conhecimento - Thiago\02_Jurisprudencia_e_Orientacoes\Informativos_Julgamentos_TCE_PI\Primeira_C_mara_Presencial_1__C_mara___Sess_o_de_Julgamento_Presencial_n__019_de.pdf
PDF_SEM_MD,mestra\02_Jurisprudencia_e_Orientacoes\Informativos_Julgamentos_TCE_PI,Primeira_C_mara_Presencial_1__C_mara___Sess_o_Ordin_ria_Presencial_n__01_de_27_d.pdf,343,2,TEXTO,2129,0.08,01_Licitacoes_e_Contratos_Julgados_TCE_PI.md,mestra\02_Jurisprudencia_e_Orientacoes\Informativos_Julgamentos_TCE_PI,C:\Users\thiagonogueira\OneDrive - mppi.mp.br\CLC\01_Processos_e_Aquisicoes\Base de Conhecimento - Thiago\02_Jurisprudencia_e_Orientacoes\Informativos_Julgamentos_TCE_PI\Primeira_C_mara_Presencial_1__C_mara___Sess_o_Ordin_ria_Presencial_n__01_de_27_d.pdf
PDF_SEM_MD,mestra\02_Jurisprudencia_e_Orientacoes\Informativos_Julgamentos_TCE_PI,Primeira_C_mara_Presencial_1__C_mara___Sess_o_Ordin_ria_Presencial_n__020_de_09_.pdf,417,4,TEXTO,2731,0.08,Analise de Primeira Linha SLC TJPI - Controle Interno.md,mestra\01_Normativos_Vigentes\06_TJPI\Outros_Normativos,C:\Users\thiagonogueira\OneDrive - mppi.mp.br\CLC\01_Processos_e_Aquisicoes\Base de Conhecimento - Thiago\02_Jurisprudencia_e_Orientacoes\Informativos_Julgamentos_TCE_PI\Primeira_C_mara_Presencial_1__C_mara___Sess_o_Ordin_ria_Presencial_n__020_de_09_.pdf
PDF_SEM_MD,mestra\02_Jurisprudencia_e_Orientacoes\Informativos_Julgamentos_TCE_PI,Primeira_C_mara_Presencial_1__C_mara___Sess_o_Ordin_ria_Presencial_n__021_de_16_.pdf,401,4,TEXTO,2562,0.08,Analise de Primeira Linha SLC TJPI - Controle Interno.md,mestra\01_Normativos_Vigentes\06_TJPI\Outros_Normativos,C:\Users\thiagonogueira\OneDrive - mppi.mp.br\CLC\01_Processos_e_Aquisicoes\Base de Conhecimento - Thiago\02_Jurisprudencia_e_Orientacoes\Informativos_Julgamentos_TCE_PI\Primeira_C_mara_Presencial_1__C_mara___Sess_o_Ordin_ria_Presencial_n__021_de_16_.pdf
PDF_SEM_MD,mestra\02_Jurisprudencia_e_Orientacoes\Informativos_Julgamentos_TCE_PI,Primeira_C_mara_Presencial_1__C_mara___Sess_o_Ordin_ria_Presencial_n__02_de_10_d.pdf,406,3,TEXTO,3369,0.08,02_Denuncias_Licitacoes_e_Fraudes_TCE_PI.md,mestra\02_Jurisprudencia_e_Orientacoes\Informativos_Julgamentos_TCE_PI,C:\Users\thiagonogueira\OneDrive - mppi.mp.br\CLC\01_Processos_e_Aquisicoes\Base de Conhecimento - Thiago\02_Jurisprudencia_e_Orientacoes\Informativos_Julgamentos_TCE_PI\Primeira_C_mara_Presencial_1__C_mara___Sess_o_Ordin_ria_Presencial_n__02_de_10_d.pdf
PDF_SEM_MD,mestra\02_Jurisprudencia_e_Orientacoes\Informativos_Julgamentos_TCE_PI,Primeira_C_mara_Presencial_1__C_mara___Sess_o_Ordin_ria_Presencial_n__03_de_24_d.pdf,398,2,TEXTO,2346,0.08,TCE NT 03.2020 - Contratações de TIC.md,mestra\01_Normativos_Vigentes\02_Estadual_PI\Acordaos_Pareceres_Orientacoes,C:\Users\thiagonogueira\OneDrive - mppi.mp.br\CLC\01_Processos_e_Aquisicoes\Base de Conhecimento - Thiago\02_Jurisprudencia_e_Orientacoes\Informativos_Julgamentos_TCE_PI\Primeira_C_mara_Presencial_1__C_mara___Sess_o_Ordin_ria_Presencial_n__03_de_24_d.pdf
PDF_SEM_MD,mestra\02_Jurisprudencia_e_Orientacoes\Informativos_Julgamentos_TCE_PI,Primeira_C_mara_Presencial_1__C_mara___Sess_o_Ordin_ria_Presencial_n__04_de_10_d.pdf,359,4,TEXTO,2184,0.08,04_Tomadas_de_Contas_Especiais_TCE_PI.md,mestra\02_Jurisprudencia_e_Orientacoes\Informativos_Julgamentos_TCE_PI,C:\Users\thiagonogueira\OneDrive - mppi.mp.br\CLC\01_Processos_e_Aquisicoes\Base de Conhecimento - Thiago\02_Jurisprudencia_e_Orientacoes\Informativos_Julgamentos_TCE_PI\Primeira_C_mara_Presencial_1__C_mara___Sess_o_Ordin_ria_Presencial_n__04_de_10_d.pdf
PDF_SEM_MD,mestra\02_Jurisprudencia_e_Orientacoes\Informativos_Julgamentos_TCE_PI,Primeira_C_mara_Presencial_1__C_mara___Sess_o_Ordin_ria_Presencial_n__05_de_24_d.pdf,379,2,TEXTO,2496,0.09,Federal - IN 05.2017 - Terceirizados.md,mestra\01_Normativos_Vigentes\01_Federal\Instrucoes_Normativas,C:\Users\thiagonogueira\OneDrive - mppi.mp.br\CLC\01_Processos_e_Aquisicoes\Base de Conhecimento - Thiago\02_Jurisprudencia_e_Orientacoes\Informativos_Julgamentos_TCE_PI\Primeira_C_mara_Presencial_1__C_mara___Sess_o_Ordin_ria_Presencial_n__05_de_24_d.pdf
PDF_SEM_MD,mestra\02_Jurisprudencia_e_Orientacoes\Informativos_Julgamentos_TCE_PI,Primeira_C_mara_Presencial_1__C_mara___Sess_o_Ordin_ria_Presencial_n__06_de_7_de.pdf,407,4,TEXTO,2420,0.1,06_Prestacoes_de_Contas_TCE_PI.md,mestra\02_Jurisprudencia_e_Orientacoes\Informativos_Julgamentos_TCE_PI,C:\Users\thiagonogueira\OneDrive - mppi.mp.br\CLC\01_Processos_e_Aquisicoes\Base de Conhecimento - Thiago\02_Jurisprudencia_e_Orientacoes\Informativos_Julgamentos_TCE_PI\Primeira_C_mara_Presencial_1__C_mara___Sess_o_Ordin_ria_Presencial_n__06_de_7_de.pdf
PDF_SEM_MD,mestra\02_Jurisprudencia_e_Orientacoes\Informativos_Julgamentos_TCE_PI,Primeira_C_mara_Presencial_1__C_mara___Sess_o_Ordin_ria_Presencial_n__07_de_28_d.pdf,407,4,TEXTO,2205,0.08,07_Auditorias_e_Medidas_Cautelares_TCE_PI.md,mestra\02_Jurisprudencia_e_Orientacoes\Informativos_Julgamentos_TCE_PI,C:\Users\thiagonogueira\OneDrive - mppi.mp.br\CLC\01_Processos_e_Aquisicoes\Base de Conhecimento - Thiago\02_Jurisprudencia_e_Orientacoes\Informativos_Julgamentos_TCE_PI\Primeira_C_mara_Presencial_1__C_mara___Sess_o_Ordin_ria_Presencial_n__07_de_28_d.pdf
PDF_SEM_MD,mestra\02_Jurisprudencia_e_Orientacoes\Informativos_Julgamentos_TCE_PI,Primeira_C_mara_Presencial_1__C_mara___Sess_o_Ordin_ria_Presencial_n__08_de_12_d.pdf,349,4,TEXTO,2686,0.08,08_Outros_Procedimentos_e_Consultas_TCE_PI.md,mestra\02_Jurisprudencia_e_Orientacoes\Informativos_Julgamentos_TCE_PI,C:\Users\thiagonogueira\OneDrive - mppi.mp.br\CLC\01_Processos_e_Aquisicoes\Base de Conhecimento - Thiago\02_Jurisprudencia_e_Orientacoes\Informativos_Julgamentos_TCE_PI\Primeira_C_mara_Presencial_1__C_mara___Sess_o_Ordin_ria_Presencial_n__08_de_12_d.pdf
PDF_SEM_MD,mestra\02_Jurisprudencia_e_Orientacoes\Informativos_Julgamentos_TCE_PI,Primeira_C_mara_Presencial_1__C_mara___Sess_o_Ordin_ria_Presencial_n__09_de_26_d.pdf,342,3,TEXTO,3649,0.08,Analise de Primeira Linha SLC TJPI - Controle Interno.md,mestra\01_Normativos_Vigentes\06_TJPI\Outros_Normativos,C:\Users\thiagonogueira\OneDrive - mppi.mp.br\CLC\01_Processos_e_Aquisicoes\Base de Conhecimento - Thiago\02_Jurisprudencia_e_Orientacoes\Informativos_Julgamentos_TCE_PI\Primeira_C_mara_Presencial_1__C_mara___Sess_o_Ordin_ria_Presencial_n__09_de_26_d.pdf
PDF_SEM_MD,mestra\02_Jurisprudencia_e_Orientacoes\Informativos_Julgamentos_TCE_PI,Primeira_C_mara_Presencial_1__C_mara___Sess_o_Ordin_ria_Presencial_n__10_de_9_de.pdf,367,3,TEXTO,2027,0.09,10.GD_Gesta_o_do_talento_humano.md,mestra\05_Doutrina_e_Biblioteca\BID - Cursos\Guias_Digitais_e_Leituras_MD,C:\Users\thiagonogueira\OneDrive - mppi.mp.br\CLC\01_Processos_e_Aquisicoes\Base de Conhecimento - Thiago\02_Jurisprudencia_e_Orientacoes\Informativos_Julgamentos_TCE_PI\Primeira_C_mara_Presencial_1__C_mara___Sess_o_Ordin_ria_Presencial_n__10_de_9_de.pdf
PDF_SEM_MD,mestra\02_Jurisprudencia_e_Orientacoes\Informativos_Julgamentos_TCE_PI,Primeira_C_mara_Presencial_1__C_mara___Sess_o_Ordin_ria_Presencial_n__11_de_23_d.pdf,397,3,TEXTO,2509,0.08,Analise de Primeira Linha SLC TJPI - Controle Interno.md,mestra\01_Normativos_Vigentes\06_TJPI\Outros_Normativos,C:\Users\thiagonogueira\OneDrive - mppi.mp.br\CLC\01_Processos_e_Aquisicoes\Base de Conhecimento - Thiago\02_Jurisprudencia_e_Orientacoes\Informativos_Julgamentos_TCE_PI\Primeira_C_mara_Presencial_1__C_mara___Sess_o_Ordin_ria_Presencial_n__11_de_23_d.pdf
PDF_SEM_MD,mestra\02_Jurisprudencia_e_Orientacoes\Informativos_Julgamentos_TCE_PI,Primeira_C_mara_Presencial_1__C_mara___Sess_o_Ordin_ria_Presencial_n__12_de_7_de.pdf,427,4,TEXTO,2900,0.08,Analise de Primeira Linha SLC TJPI - Controle Interno.md,mestra\01_Normativos_Vigentes\06_TJPI\Outros_Normativos,C:\Users\thiagonogueira\OneDrive - mppi.mp.br\CLC\01_Processos_e_Aquisicoes\Base de Conhecimento - Thiago\02_Jurisprudencia_e_Orientacoes\Informativos_Julgamentos_TCE_PI\Primeira_C_mara_Presencial_1__C_mara___Sess_o_Ordin_ria_Presencial_n__12_de_7_de.pdf
PDF_SEM_MD,mestra\02_Jurisprudencia_e_Orientacoes\Informativos_Julgamentos_TCE_PI,Primeira_C_mara_Presencial_1__C_mara___Sess_o_Ordin_ria_Presencial_n__13_de_21_d.pdf,314,3,TEXTO,2439,0.08,Analise de Primeira Linha SLC TJPI - Controle Interno.md,mestra\01_Normativos_Vigentes\06_TJPI\Outros_Normativos,C:\Users\thiagonogueira\OneDrive - mppi.mp.br\CLC\01_Processos_e_Aquisicoes\Base de Conhecimento - Thiago\02_Jurisprudencia_e_Orientacoes\Informativos_Julgamentos_TCE_PI\Primeira_C_mara_Presencial_1__C_mara___Sess_o_Ordin_ria_Presencial_n__13_de_21_d.pdf
PDF_SEM_MD,mestra\02_Jurisprudencia_e_Orientacoes\Informativos_Julgamentos_TCE_PI,Primeira_C_mara_Presencial_1__C_mara___Sess_o_Ordin_ria_Presencial_n__14_de_04_d.pdf,416,3,TEXTO,2689,0.08,04_Tomadas_de_Contas_Especiais_TCE_PI.md,mestra\02_Jurisprudencia_e_Orientacoes\Informativos_Julgamentos_TCE_PI,C:\Users\thiagonogueira\OneDrive - mppi.mp.br\CLC\01_Processos_e_Aquisicoes\Base de Conhecimento - Thiago\02_Jurisprudencia_e_Orientacoes\Informativos_Julgamentos_TCE_PI\Primeira_C_mara_Presencial_1__C_mara___Sess_o_Ordin_ria_Presencial_n__14_de_04_d.pdf
PDF_SEM_MD,mestra\02_Jurisprudencia_e_Orientacoes\Informativos_Julgamentos_TCE_PI,Primeira_C_mara_Presencial_1__C_mara___Sess_o_Ordin_ria_Presencial_n__15_de_18_d.pdf,420,3,TEXTO,3343,0.08,Analise de Primeira Linha SLC TJPI - Controle Interno.md,mestra\01_Normativos_Vigentes\06_TJPI\Outros_Normativos,C:\Users\thiagonogueira\OneDrive - mppi.mp.br\CLC\01_Processos_e_Aquisicoes\Base de Conhecimento - Thiago\02_Jurisprudencia_e_Orientacoes\Informativos_Julgamentos_TCE_PI\Primeira_C_mara_Presencial_1__C_mara___Sess_o_Ordin_ria_Presencial_n__15_de_18_d.pdf
PDF_SEM_MD,mestra\02_Jurisprudencia_e_Orientacoes\Informativos_Julgamentos_TCE_PI,Primeira_C_mara_Presencial_1__C_mara___Sess_o_Ordin_ria_Presencial_n__16_de_01_d.pdf,425,2,TEXTO,3252,0.08,01_Licitacoes_e_Contratos_Julgados_TCE_PI.md,mestra\02_Jurisprudencia_e_Orientacoes\Informativos_Julgamentos_TCE_PI,C:\Users\thiagonogueira\OneDrive - mppi.mp.br\CLC\01_Processos_e_Aquisicoes\Base de Conhecimento - Thiago\02_Jurisprudencia_e_Orientacoes\Informativos_Julgamentos_TCE_PI\Primeira_C_mara_Presencial_1__C_mara___Sess_o_Ordin_ria_Presencial_n__16_de_01_d.pdf
PDF_SEM_MD,mestra\02_Jurisprudencia_e_Orientacoes\Informativos_Julgamentos_TCE_PI,Primeira_C_mara_Presencial_1__C_mara___Sess_o_Ordin_ria_Presencial_n__17_de_15_d.pdf,418,3,TEXTO,2432,0.08,Analise de Primeira Linha SLC TJPI - Controle Interno.md,mestra\01_Normativos_Vigentes\06_TJPI\Outros_Normativos,C:\Users\thiagonogueira\OneDrive - mppi.mp.br\CLC\01_Processos_e_Aquisicoes\Base de Conhecimento - Thiago\02_Jurisprudencia_e_Orientacoes\Informativos_Julgamentos_TCE_PI\Primeira_C_mara_Presencial_1__C_mara___Sess_o_Ordin_ria_Presencial_n__17_de_15_d.pdf
PDF_SEM_MD,mestra\02_Jurisprudencia_e_Orientacoes\Informativos_Julgamentos_TCE_PI,Primeira_C_mara_Virtual_1__C_mara___Sess_o_Ordin_ria_Virtual_de_03_a_07_de_agost.pdf,302,2,TEXTO,1084,0.08,TCE NT 03.2020 - Contratações de TIC.md,mestra\01_Normativos_Vigentes\02_Estadual_PI\Acordaos_Pareceres_Orientacoes,C:\Users\thiagonogueira\OneDrive - mppi.mp.br\CLC\01_Processos_e_Aquisicoes\Base de Conhecimento - Thiago\02_Jurisprudencia_e_Orientacoes\Informativos_Julgamentos_TCE_PI\Primeira_C_mara_Virtual_1__C_mara___Sess_o_Ordin_ria_Virtual_de_03_a_07_de_agost.pdf
PDF_SEM_MD,mestra\02_Jurisprudencia_e_Orientacoes\Informativos_Julgamentos_TCE_PI,Primeira_C_mara_Virtual_1__C_mara___Sess_o_Ordin_ria_Virtual_de_04_a_08_de_maio_.pdf,315,3,TEXTO,1345,0.08,04_Tomadas_de_Contas_Especiais_TCE_PI.md,mestra\02_Jurisprudencia_e_Orientacoes\Informativos_Julgamentos_TCE_PI,C:\Users\thiagonogueira\OneDrive - mppi.mp.br\CLC\01_Processos_e_Aquisicoes\Base de Conhecimento - Thiago\02_Jurisprudencia_e_Orientacoes\Informativos_Julgamentos_TCE_PI\Primeira_C_mara_Virtual_1__C_mara___Sess_o_Ordin_ria_Virtual_de_04_a_08_de_maio_.pdf
PDF_SEM_MD,mestra\02_Jurisprudencia_e_Orientacoes\Informativos_Julgamentos_TCE_PI,Primeira_C_mara_Virtual_1__C_mara___Sess_o_Ordin_ria_Virtual_de_08_a_11_de_setem.pdf,312,3,TEXTO,238,0.08,08_Outros_Procedimentos_e_Consultas_TCE_PI.md,mestra\02_Jurisprudencia_e_Orientacoes\Informativos_Julgamentos_TCE_PI,C:\Users\thiagonogueira\OneDrive - mppi.mp.br\CLC\01_Processos_e_Aquisicoes\Base de Conhecimento - Thiago\02_Jurisprudencia_e_Orientacoes\Informativos_Julgamentos_TCE_PI\Primeira_C_mara_Virtual_1__C_mara___Sess_o_Ordin_ria_Virtual_de_08_a_11_de_setem.pdf
PDF_SEM_MD,mestra\02_Jurisprudencia_e_Orientacoes\Informativos_Julgamentos_TCE_PI,Primeira_C_mara_Virtual_1__C_mara___Sess_o_Ordin_ria_Virtual_de_10_a_14_de_agost.pdf,295,2,TEXTO,1648,0.08,10.GD_Gesta_o_do_talento_humano.md,mestra\05_Doutrina_e_Biblioteca\BID - Cursos\Guias_Digitais_e_Leituras_MD,C:\Users\thiagonogueira\OneDrive - mppi.mp.br\CLC\01_Processos_e_Aquisicoes\Base de Conhecimento - Thiago\02_Jurisprudencia_e_Orientacoes\Informativos_Julgamentos_TCE_PI\Primeira_C_mara_Virtual_1__C_mara___Sess_o_Ordin_ria_Virtual_de_10_a_14_de_agost.pdf
PDF_SEM_MD,mestra\02_Jurisprudencia_e_Orientacoes\Informativos_Julgamentos_TCE_PI,Primeira_C_mara_Virtual_1__C_mara___Sess_o_Ordin_ria_Virtual_de_11_a_15_de_maio_.pdf,273,3,TEXTO,1197,0.07,Analise de Primeira Linha SLC TJPI - Controle Interno.md,mestra\01_Normativos_Vigentes\06_TJPI\Outros_Normativos,C:\Users\thiagonogueira\OneDrive - mppi.mp.br\CLC\01_Processos_e_Aquisicoes\Base de Conhecimento - Thiago\02_Jurisprudencia_e_Orientacoes\Informativos_Julgamentos_TCE_PI\Primeira_C_mara_Virtual_1__C_mara___Sess_o_Ordin_ria_Virtual_de_11_a_15_de_maio_.pdf
PDF_SEM_MD,mestra\02_Jurisprudencia_e_Orientacoes\Informativos_Julgamentos_TCE_PI,Primeira_C_mara_Virtual_1__C_mara___Sess_o_Ordin_ria_Virtual_de_13_a_17_de_julho.pdf,319,2,TEXTO,1427,0.1,"Decreto Estadual 17083.2017 - Regulamenta a Lei Federal nº 13.019, de 31 de julho de 2014, para dispor sobre regras e procedimentos do....md",mestra\01_Normativos_Vigentes\02_Estadual_PI\Decretos,C:\Users\thiagonogueira\OneDrive - mppi.mp.br\CLC\01_Processos_e_Aquisicoes\Base de Conhecimento - Thiago\02_Jurisprudencia_e_Orientacoes\Informativos_Julgamentos_TCE_PI\Primeira_C_mara_Virtual_1__C_mara___Sess_o_Ordin_ria_Virtual_de_13_a_17_de_julho.pdf
PDF_SEM_MD,mestra\02_Jurisprudencia_e_Orientacoes\Informativos_Julgamentos_TCE_PI,Primeira_C_mara_Virtual_1__C_mara___Sess_o_Ordin_ria_Virtual_de_14_a_18_de_setem.pdf,272,2,TEXTO,1228,0.07,Analise de Primeira Linha SLC TJPI - Controle Interno.md,mestra\01_Normativos_Vigentes\06_TJPI\Outros_Normativos,C:\Users\thiagonogueira\OneDrive - mppi.mp.br\CLC\01_Processos_e_Aquisicoes\Base de Conhecimento - Thiago\02_Jurisprudencia_e_Orientacoes\Informativos_Julgamentos_TCE_PI\Primeira_C_mara_Virtual_1__C_mara___Sess_o_Ordin_ria_Virtual_de_14_a_18_de_setem.pdf
PDF_SEM_MD,mestra\02_Jurisprudencia_e_Orientacoes\Informativos_Julgamentos_TCE_PI,Primeira_C_mara_Virtual_1__C_mara___Sess_o_Ordin_ria_Virtual_de_15_a_19_de_junho.pdf,320,3,TEXTO,1071,0.07,Resolucao TCE-PI nº 19.2024 - Regimento Interno do TCE-PI.md,mestra\01_Normativos_Vigentes\05_TCE_PI\Resolucoes,C:\Users\thiagonogueira\OneDrive - mppi.mp.br\CLC\01_Processos_e_Aquisicoes\Base de Conhecimento - Thiago\02_Jurisprudencia_e_Orientacoes\Informativos_Julgamentos_TCE_PI\Primeira_C_mara_Virtual_1__C_mara___Sess_o_Ordin_ria_Virtual_de_15_a_19_de_junho.pdf
PDF_SEM_MD,mestra\02_Jurisprudencia_e_Orientacoes\Informativos_Julgamentos_TCE_PI,Primeira_C_mara_Virtual_1__C_mara___Sess_o_Ordin_ria_Virtual_de_17_a_21_de_agost.pdf,326,3,TEXTO,1138,0.11,"Decreto Estadual 21980.2023 - Revoga o Decreto nº 21.910, de 17 de março de 2023, que estabeleceu o Marco Temporal e o procedimento de....md",mestra\01_Normativos_Vigentes\02_Estadual_PI\Decretos,C:\Users\thiagonogueira\OneDrive - mppi.mp.br\CLC\01_Processos_e_Aquisicoes\Base de Conhecimento - Thiago\02_Jurisprudencia_e_Orientacoes\Informativos_Julgamentos_TCE_PI\Primeira_C_mara_Virtual_1__C_mara___Sess_o_Ordin_ria_Virtual_de_17_a_21_de_agost.pdf
PDF_SEM_MD,mestra\02_Jurisprudencia_e_Orientacoes\Informativos_Julgamentos_TCE_PI,Primeira_C_mara_Virtual_1__C_mara___Sess_o_Ordin_ria_Virtual_de_18_a_22_de_maio_.pdf,323,3,TEXTO,1511,0.07,Analise de Primeira Linha SLC TJPI - Controle Interno.md,mestra\01_Normativos_Vigentes\06_TJPI\Outros_Normativos,C:\Users\thiagonogueira\OneDrive - mppi.mp.br\CLC\01_Processos_e_Aquisicoes\Base de Conhecimento - Thiago\02_Jurisprudencia_e_Orientacoes\Informativos_Julgamentos_TCE_PI\Primeira_C_mara_Virtual_1__C_mara___Sess_o_Ordin_ria_Virtual_de_18_a_22_de_maio_.pdf
PDF_SEM_MD,mestra\02_Jurisprudencia_e_Orientacoes\Informativos_Julgamentos_TCE_PI,Primeira_C_mara_Virtual_1__C_mara___Sess_o_Ordin_ria_Virtual_de_1__a_05_de_junho.pdf,274,3,TEXTO,1549,0.09,Federal - IN 05.2017 - Terceirizados.md,mestra\01_Normativos_Vigentes\01_Federal\Instrucoes_Normativas,C:\Users\thiagonogueira\OneDrive - mppi.mp.br\CLC\01_Processos_e_Aquisicoes\Base de Conhecimento - Thiago\02_Jurisprudencia_e_Orientacoes\Informativos_Julgamentos_TCE_PI\Primeira_C_mara_Virtual_1__C_mara___Sess_o_Ordin_ria_Virtual_de_1__a_05_de_junho.pdf
PDF_SEM_MD,mestra\02_Jurisprudencia_e_Orientacoes\Informativos_Julgamentos_TCE_PI,Primeira_C_mara_Virtual_1__C_mara___Sess_o_Ordin_ria_Virtual_de_20_a_24_de_julho.pdf,299,3,TEXTO,1017,0.07,Resolucao TCE-PI nº 20.2024 - Alteracao Regimental.md,mestra\01_Normativos_Vigentes\05_TCE_PI\Resolucoes,C:\Users\thiagonogueira\OneDrive - mppi.mp.br\CLC\01_Processos_e_Aquisicoes\Base de Conhecimento - Thiago\02_Jurisprudencia_e_Orientacoes\Informativos_Julgamentos_TCE_PI\Primeira_C_mara_Virtual_1__C_mara___Sess_o_Ordin_ria_Virtual_de_20_a_24_de_julho.pdf
PDF_SEM_MD,mestra\02_Jurisprudencia_e_Orientacoes\Informativos_Julgamentos_TCE_PI,Primeira_C_mara_Virtual_1__C_mara___Sess_o_Ordin_ria_Virtual_de_22_a_26_de_junho.pdf,264,2,TEXTO,1397,0.07,Analise de Primeira Linha SLC TJPI - Controle Interno.md,mestra\01_Normativos_Vigentes\06_TJPI\Outros_Normativos,C:\Users\thiagonogueira\OneDrive - mppi.mp.br\CLC\01_Processos_e_Aquisicoes\Base de Conhecimento - Thiago\02_Jurisprudencia_e_Orientacoes\Informativos_Julgamentos_TCE_PI\Primeira_C_mara_Virtual_1__C_mara___Sess_o_Ordin_ria_Virtual_de_22_a_26_de_junho.pdf
PDF_SEM_MD,mestra\02_Jurisprudencia_e_Orientacoes\Informativos_Julgamentos_TCE_PI,Primeira_C_mara_Virtual_1__C_mara___Sess_o_Ordin_ria_Virtual_de_25_a_29_de_maio_.pdf,319,3,TEXTO,1159,0.07,Analise de Primeira Linha SLC TJPI - Controle Interno.md,mestra\01_Normativos_Vigentes\06_TJPI\Outros_Normativos,C:\Users\thiagonogueira\OneDrive - mppi.mp.br\CLC\01_Processos_e_Aquisicoes\Base de Conhecimento - Thiago\02_Jurisprudencia_e_Orientacoes\Informativos_Julgamentos_TCE_PI\Primeira_C_mara_Virtual_1__C_mara___Sess_o_Ordin_ria_Virtual_de_25_a_29_de_maio_.pdf
PDF_SEM_MD,mestra\02_Jurisprudencia_e_Orientacoes\Informativos_Julgamentos_TCE_PI,Primeira_C_mara_Virtual_1__C_mara___Sess_o_Ordin_ria_Virtual_de_27_a_30_de_abril.pdf,311,2,TEXTO,1269,0.07,Analise de Primeira Linha SLC TJPI - Controle Interno.md,mestra\01_Normativos_Vigentes\06_TJPI\Outros_Normativos,C:\Users\thiagonogueira\OneDrive - mppi.mp.br\CLC\01_Processos_e_Aquisicoes\Base de Conhecimento - Thiago\02_Jurisprudencia_e_Orientacoes\Informativos_Julgamentos_TCE_PI\Primeira_C_mara_Virtual_1__C_mara___Sess_o_Ordin_ria_Virtual_de_27_a_30_de_abril.pdf
PDF_SEM_MD,mestra\02_Jurisprudencia_e_Orientacoes\Informativos_Julgamentos_TCE_PI,Primeira_C_mara_Virtual_1__C_mara___Sess_o_Ordin_ria_Virtual_de_27_a_31_de_julho.pdf,305,2,TEXTO,1255,0.1,"Decreto Estadual 17083.2017 - Regulamenta a Lei Federal nº 13.019, de 31 de julho de 2014, para dispor sobre regras e procedimentos do....md",mestra\01_Normativos_Vigentes\02_Estadual_PI\Decretos,C:\Users\thiagonogueira\OneDrive - mppi.mp.br\CLC\01_Processos_e_Aquisicoes\Base de Conhecimento - Thiago\02_Jurisprudencia_e_Orientacoes\Informativos_Julgamentos_TCE_PI\Primeira_C_mara_Virtual_1__C_mara___Sess_o_Ordin_ria_Virtual_de_27_a_31_de_julho.pdf
PDF_SEM_MD,mestra\02_Jurisprudencia_e_Orientacoes\Informativos_Julgamentos_TCE_PI,Primeira_C_mara_Virtual_1__C_mara___Sess_o_Ordin_ria_Virtual_de_29_de_junho_a_03.pdf,312,2,TEXTO,1112,0.08,TCE NT 03.2020 - Contratações de TIC.md,mestra\01_Normativos_Vigentes\02_Estadual_PI\Acordaos_Pareceres_Orientacoes,C:\Users\thiagonogueira\OneDrive - mppi.mp.br\CLC\01_Processos_e_Aquisicoes\Base de Conhecimento - Thiago\02_Jurisprudencia_e_Orientacoes\Informativos_Julgamentos_TCE_PI\Primeira_C_mara_Virtual_1__C_mara___Sess_o_Ordin_ria_Virtual_de_29_de_junho_a_03.pdf
PDF_SEM_MD,mestra\02_Jurisprudencia_e_Orientacoes\Informativos_Julgamentos_TCE_PI,Primeira_C_mara_Virtual_1__C_mara___Sess_o_Ordin_ria_Virtual_de_31_de_agosto_a_0.pdf,320,3,TEXTO,1733,0.08,Analise de Primeira Linha SLC TJPI - Controle Interno.md,mestra\01_Normativos_Vigentes\06_TJPI\Outros_Normativos,C:\Users\thiagonogueira\OneDrive - mppi.mp.br\CLC\01_Processos_e_Aquisicoes\Base de Conhecimento - Thiago\02_Jurisprudencia_e_Orientacoes\Informativos_Julgamentos_TCE_PI\Primeira_C_mara_Virtual_1__C_mara___Sess_o_Ordin_ria_Virtual_de_31_de_agosto_a_0.pdf
PDF_SEM_MD,mestra\02_Jurisprudencia_e_Orientacoes\Informativos_Julgamentos_TCE_PI,Primeira_C_mara_Virtual_1__C_mara___Sess_o_Ordin_ria_Virtual_de_6_a_10_de_julho_.pdf,303,2,TEXTO,1540,0.08,10.GD_Gesta_o_do_talento_humano.md,mestra\05_Doutrina_e_Biblioteca\BID - Cursos\Guias_Digitais_e_Leituras_MD,C:\Users\thiagonogueira\OneDrive - mppi.mp.br\CLC\01_Processos_e_Aquisicoes\Base de Conhecimento - Thiago\02_Jurisprudencia_e_Orientacoes\Informativos_Julgamentos_TCE_PI\Primeira_C_mara_Virtual_1__C_mara___Sess_o_Ordin_ria_Virtual_de_6_a_10_de_julho_.pdf
PDF_SEM_MD,mestra\02_Jurisprudencia_e_Orientacoes\Informativos_Julgamentos_TCE_PI,Primeira_C_mara_Virtual_1__C_mara___Sess_o_Ordin_ria_Virtual_de_8_a_12_de_junho_.pdf,174,2,TEXTO,1676,0.08,Analise de Primeira Linha SLC TJPI - Controle Interno.md,mestra\01_Normativos_Vigentes\06_TJPI\Outros_Normativos,C:\Users\thiagonogueira\OneDrive - mppi.mp.br\CLC\01_Processos_e_Aquisicoes\Base de Conhecimento - Thiago\02_Jurisprudencia_e_Orientacoes\Informativos_Julgamentos_TCE_PI\Primeira_C_mara_Virtual_1__C_mara___Sess_o_Ordin_ria_Virtual_de_8_a_12_de_junho_.pdf
PDF_SEM_MD,mestra\02_Jurisprudencia_e_Orientacoes\Informativos_Julgamentos_TCE_PI,Segunda_C_mara_Presencial_2__C_mara___Sess_o_Ordin_ria_Presencial_n__01_de_28_de.pdf,427,4,TEXTO,2992,0.08,01_Licitacoes_e_Contratos_Julgados_TCE_PI.md,mestra\02_Jurisprudencia_e_Orientacoes\Informativos_Julgamentos_TCE_PI,C:\Users\thiagonogueira\OneDrive - mppi.mp.br\CLC\01_Processos_e_Aquisicoes\Base de Conhecimento - Thiago\02_Jurisprudencia_e_Orientacoes\Informativos_Julgamentos_TCE_PI\Segunda_C_mara_Presencial_2__C_mara___Sess_o_Ordin_ria_Presencial_n__01_de_28_de.pdf
PDF_SEM_MD,mestra\02_Jurisprudencia_e_Orientacoes\Informativos_Julgamentos_TCE_PI,Segunda_C_mara_Presencial_2__C_mara___Sess_o_Ordin_ria_Presencial_n__02_de_11_de.pdf,386,4,TEXTO,3388,0.08,02_Denuncias_Licitacoes_e_Fraudes_TCE_PI.md,mestra\02_Jurisprudencia_e_Orientacoes\Informativos_Julgamentos_TCE_PI,C:\Users\thiagonogueira\OneDrive - mppi.mp.br\CLC\01_Processos_e_Aquisicoes\Base de Conhecimento - Thiago\02_Jurisprudencia_e_Orientacoes\Informativos_Julgamentos_TCE_PI\Segunda_C_mara_Presencial_2__C_mara___Sess_o_Ordin_ria_Presencial_n__02_de_11_de.pdf
PDF_SEM_MD,mestra\02_Jurisprudencia_e_Orientacoes\Informativos_Julgamentos_TCE_PI,Segunda_C_mara_Presencial_2__C_mara___Sess_o_Ordin_ria_Presencial_n__03_de_25_de.pdf,391,2,TEXTO,2619,0.08,TCE NT 03.2020 - Contratações de TIC.md,mestra\01_Normativos_Vigentes\02_Estadual_PI\Acordaos_Pareceres_Orientacoes,C:\Users\thiagonogueira\OneDrive - mppi.mp.br\CLC\01_Processos_e_Aquisicoes\Base de Conhecimento - Thiago\02_Jurisprudencia_e_Orientacoes\Informativos_Julgamentos_TCE_PI\Segunda_C_mara_Presencial_2__C_mara___Sess_o_Ordin_ria_Presencial_n__03_de_25_de.pdf
PDF_SEM_MD,mestra\02_Jurisprudencia_e_Orientacoes\Informativos_Julgamentos_TCE_PI,Segunda_C_mara_Presencial_2__C_mara___Sess_o_Ordin_ria_Presencial_n__04_de_25_de.pdf,342,2,TEXTO,2867,0.08,04_Tomadas_de_Contas_Especiais_TCE_PI.md,mestra\02_Jurisprudencia_e_Orientacoes\Informativos_Julgamentos_TCE_PI,C:\Users\thiagonogueira\OneDrive - mppi.mp.br\CLC\01_Processos_e_Aquisicoes\Base de Conhecimento - Thiago\02_Jurisprudencia_e_Orientacoes\Informativos_Julgamentos_TCE_PI\Segunda_C_mara_Presencial_2__C_mara___Sess_o_Ordin_ria_Presencial_n__04_de_25_de.pdf
PDF_SEM_MD,mestra\02_Jurisprudencia_e_Orientacoes\Informativos_Julgamentos_TCE_PI,Segunda_C_mara_Presencial_2__C_mara___Sess_o_Ordin_ria_Presencial_n__05_de_8_de_.pdf,325,2,TEXTO,2132,0.1,Federal - IN 05.2017 - Terceirizados.md,mestra\01_Normativos_Vigentes\01_Federal\Instrucoes_Normativas,C:\Users\thiagonogueira\OneDrive - mppi.mp.br\CLC\01_Processos_e_Aquisicoes\Base de Conhecimento - Thiago\02_Jurisprudencia_e_Orientacoes\Informativos_Julgamentos_TCE_PI\Segunda_C_mara_Presencial_2__C_mara___Sess_o_Ordin_ria_Presencial_n__05_de_8_de_.pdf
PDF_SEM_MD,mestra\02_Jurisprudencia_e_Orientacoes\Informativos_Julgamentos_TCE_PI,Segunda_C_mara_Presencial_2__C_mara___Sess_o_Ordin_ria_Presencial_n__06_de_29_de.pdf,370,3,TEXTO,1823,0.09,06_Prestacoes_de_Contas_TCE_PI.md,mestra\02_Jurisprudencia_e_Orientacoes\Informativos_Julgamentos_TCE_PI,C:\Users\thiagonogueira\OneDrive - mppi.mp.br\CLC\01_Processos_e_Aquisicoes\Base de Conhecimento - Thiago\02_Jurisprudencia_e_Orientacoes\Informativos_Julgamentos_TCE_PI\Segunda_C_mara_Presencial_2__C_mara___Sess_o_Ordin_ria_Presencial_n__06_de_29_de.pdf
PDF_SEM_MD,mestra\02_Jurisprudencia_e_Orientacoes\Informativos_Julgamentos_TCE_PI,Segunda_C_mara_Presencial_2__C_mara___Sess_o_Ordin_ria_Presencial_n__07_de_13_de.pdf,389,3,TEXTO,2301,0.08,07_Auditorias_e_Medidas_Cautelares_TCE_PI.md,mestra\02_Jurisprudencia_e_Orientacoes\Informativos_Julgamentos_TCE_PI,C:\Users\thiagonogueira\OneDrive - mppi.mp.br\CLC\01_Processos_e_Aquisicoes\Base de Conhecimento - Thiago\02_Jurisprudencia_e_Orientacoes\Informativos_Julgamentos_TCE_PI\Segunda_C_mara_Presencial_2__C_mara___Sess_o_Ordin_ria_Presencial_n__07_de_13_de.pdf
PDF_SEM_MD,mestra\02_Jurisprudencia_e_Orientacoes\Informativos_Julgamentos_TCE_PI,Segunda_C_mara_Presencial_2__C_mara___Sess_o_Ordin_ria_Presencial_n__08_de_27_de.pdf,419,5,TEXTO,3122,0.08,08_Outros_Procedimentos_e_Consultas_TCE_PI.md,mestra\02_Jurisprudencia_e_Orientacoes\Informativos_Julgamentos_TCE_PI,C:\Users\thiagonogueira\OneDrive - mppi.mp.br\CLC\01_Processos_e_Aquisicoes\Base de Conhecimento - Thiago\02_Jurisprudencia_e_Orientacoes\Informativos_Julgamentos_TCE_PI\Segunda_C_mara_Presencial_2__C_mara___Sess_o_Ordin_ria_Presencial_n__08_de_27_de.pdf
PDF_SEM_MD,mestra\02_Jurisprudencia_e_Orientacoes\Informativos_Julgamentos_TCE_PI,Segunda_C_mara_Presencial_2__C_mara___Sess_o_Ordin_ria_Presencial_n__09_de_10_de.pdf,419,2,TEXTO,3530,0.08,10.GD_Gesta_o_do_talento_humano.md,mestra\05_Doutrina_e_Biblioteca\BID - Cursos\Guias_Digitais_e_Leituras_MD,C:\Users\thiagonogueira\OneDrive - mppi.mp.br\CLC\01_Processos_e_Aquisicoes\Base de Conhecimento - Thiago\02_Jurisprudencia_e_Orientacoes\Informativos_Julgamentos_TCE_PI\Segunda_C_mara_Presencial_2__C_mara___Sess_o_Ordin_ria_Presencial_n__09_de_10_de.pdf
PDF_SEM_MD,mestra\02_Jurisprudencia_e_Orientacoes\Informativos_Julgamentos_TCE_PI,Segunda_C_mara_Presencial_2__C_mara___Sess_o_Ordin_ria_Presencial_n__10_de_24_de.pdf,284,5,TEXTO,3228,0.08,10.GD_Gesta_o_do_talento_humano.md,mestra\05_Doutrina_e_Biblioteca\BID - Cursos\Guias_Digitais_e_Leituras_MD,C:\Users\thiagonogueira\OneDrive - mppi.mp.br\CLC\01_Processos_e_Aquisicoes\Base de Conhecimento - Thiago\02_Jurisprudencia_e_Orientacoes\Informativos_Julgamentos_TCE_PI\Segunda_C_mara_Presencial_2__C_mara___Sess_o_Ordin_ria_Presencial_n__10_de_24_de.pdf
PDF_SEM_MD,mestra\02_Jurisprudencia_e_Orientacoes\Informativos_Julgamentos_TCE_PI,Segunda_C_mara_Presencial_2__C_mara___Sess_o_Ordin_ria_Presencial_n__11_de_08_de.pdf,408,4,TEXTO,2877,0.08,08_Outros_Procedimentos_e_Consultas_TCE_PI.md,mestra\02_Jurisprudencia_e_Orientacoes\Informativos_Julgamentos_TCE_PI,C:\Users\thiagonogueira\OneDrive - mppi.mp.br\CLC\01_Processos_e_Aquisicoes\Base de Conhecimento - Thiago\02_Jurisprudencia_e_Orientacoes\Informativos_Julgamentos_TCE_PI\Segunda_C_mara_Presencial_2__C_mara___Sess_o_Ordin_ria_Presencial_n__11_de_08_de.pdf
PDF_SEM_MD,mestra\02_Jurisprudencia_e_Orientacoes\Informativos_Julgamentos_TCE_PI,Segunda_C_mara_Presencial_2__C_mara___Sess_o_Ordin_ria_Presencial_n__12_de_22_de.pdf,409,3,TEXTO,3500,0.08,Boletim de Jurisprudencia TCE-PI nº 12 - Dezembro de 2022.md,mestra\02_Jurisprudencia_e_Orientacoes\Boletins_TCE_PI,C:\Users\thiagonogueira\OneDrive - mppi.mp.br\CLC\01_Processos_e_Aquisicoes\Base de Conhecimento - Thiago\02_Jurisprudencia_e_Orientacoes\Informativos_Julgamentos_TCE_PI\Segunda_C_mara_Presencial_2__C_mara___Sess_o_Ordin_ria_Presencial_n__12_de_22_de.pdf
PDF_SEM_MD,mestra\02_Jurisprudencia_e_Orientacoes\Informativos_Julgamentos_TCE_PI,Segunda_C_mara_Presencial_2__C_mara___Sess_o_Ordin_ria_Presencial_n__13_de_05_de.pdf,426,4,TEXTO,3511,0.09,Federal - IN 05.2017 - Terceirizados.md,mestra\01_Normativos_Vigentes\01_Federal\Instrucoes_Normativas,C:\Users\thiagonogueira\OneDrive - mppi.mp.br\CLC\01_Processos_e_Aquisicoes\Base de Conhecimento - Thiago\02_Jurisprudencia_e_Orientacoes\Informativos_Julgamentos_TCE_PI\Segunda_C_mara_Presencial_2__C_mara___Sess_o_Ordin_ria_Presencial_n__13_de_05_de.pdf
PDF_SEM_MD,mestra\02_Jurisprudencia_e_Orientacoes\Informativos_Julgamentos_TCE_PI,Segunda_C_mara_Presencial_2__C_mara___Sess_o_Ordin_ria_Presencial_n__14_de_19_de.pdf,433,4,TEXTO,3002,0.08,Resolucao TCE-PI nº 19.2024 - Regimento Interno do TCE-PI.md,mestra\01_Normativos_Vigentes\05_TCE_PI\Resolucoes,C:\Users\thiagonogueira\OneDrive - mppi.mp.br\CLC\01_Processos_e_Aquisicoes\Base de Conhecimento - Thiago\02_Jurisprudencia_e_Orientacoes\Informativos_Julgamentos_TCE_PI\Segunda_C_mara_Presencial_2__C_mara___Sess_o_Ordin_ria_Presencial_n__14_de_19_de.pdf
PDF_SEM_MD,mestra\02_Jurisprudencia_e_Orientacoes\Informativos_Julgamentos_TCE_PI,Segunda_C_mara_Presencial_2__C_mara___Sess_o_Ordin_ria_Presencial_n__15_de_02_de.pdf,431,4,TEXTO,3153,0.08,02_Denuncias_Licitacoes_e_Fraudes_TCE_PI.md,mestra\02_Jurisprudencia_e_Orientacoes\Informativos_Julgamentos_TCE_PI,C:\Users\thiagonogueira\OneDrive - mppi.mp.br\CLC\01_Processos_e_Aquisicoes\Base de Conhecimento - Thiago\02_Jurisprudencia_e_Orientacoes\Informativos_Julgamentos_TCE_PI\Segunda_C_mara_Presencial_2__C_mara___Sess_o_Ordin_ria_Presencial_n__15_de_02_de.pdf
PDF_SEM_MD,mestra\02_Jurisprudencia_e_Orientacoes\Informativos_Julgamentos_TCE_PI,Segunda_C_mara_Presencial_2__C_mara___Sess_o_Ordin_ria_Presencial_n__16_de_16_de.pdf,431,4,TEXTO,3605,0,,,C:\Users\thiagonogueira\OneDrive - mppi.mp.br\CLC\01_Processos_e_Aquisicoes\Base de Conhecimento - Thiago\02_Jurisprudencia_e_Orientacoes\Informativos_Julgamentos_TCE_PI\Segunda_C_mara_Presencial_2__C_mara___Sess_o_Ordin_ria_Presencial_n__16_de_16_de.pdf
PDF_SEM_MD,mestra\02_Jurisprudencia_e_Orientacoes\Informativos_Julgamentos_TCE_PI,Segunda_C_mara_Presencial_Segunda_C_mara___Sess_o_de_Julgamento_Presencial_n__18.pdf,255,3,TEXTO,2116,0.07,Nota Tecnica 18.2026 - Alimentacao Artificial de Praias - Aspectos Tecnicos e Juridicos.md,mestra\05_Doutrina_e_Biblioteca\Biblioteca_Manuais_e_Cursos,C:\Users\thiagonogueira\OneDrive - mppi.mp.br\CLC\01_Processos_e_Aquisicoes\Base de Conhecimento - Thiago\02_Jurisprudencia_e_Orientacoes\Informativos_Julgamentos_TCE_PI\Segunda_C_mara_Presencial_Segunda_C_mara___Sess_o_de_Julgamento_Presencial_n__18.pdf
PDF_SEM_MD,mestra\02_Jurisprudencia_e_Orientacoes\Informativos_Julgamentos_TCE_PI,Segunda_C_mara_Presencial_Segunda_C_mara___Sess_o_de_Julgamento_Presencial_n__19.pdf,199,2,TEXTO,1408,0.09,Resolucao TCE-PI nº 19.2024 - Regimento Interno do TCE-PI.md,mestra\01_Normativos_Vigentes\05_TCE_PI\Resolucoes,C:\Users\thiagonogueira\OneDrive - mppi.mp.br\CLC\01_Processos_e_Aquisicoes\Base de Conhecimento - Thiago\02_Jurisprudencia_e_Orientacoes\Informativos_Julgamentos_TCE_PI\Segunda_C_mara_Presencial_Segunda_C_mara___Sess_o_de_Julgamento_Presencial_n__19.pdf
PDF_SEM_MD,mestra\02_Jurisprudencia_e_Orientacoes\Informativos_Julgamentos_TCE_PI,Segunda_C_mara_Presencial_Segunda_C_mara___Sess_o_de_Julgamento_Presencial_n__20.pdf,356,2,TEXTO,1708,0.09,Resolucao TCE-PI nº 20.2024 - Alteracao Regimental.md,mestra\01_Normativos_Vigentes\05_TCE_PI\Resolucoes,C:\Users\thiagonogueira\OneDrive - mppi.mp.br\CLC\01_Processos_e_Aquisicoes\Base de Conhecimento - Thiago\02_Jurisprudencia_e_Orientacoes\Informativos_Julgamentos_TCE_PI\Segunda_C_mara_Presencial_Segunda_C_mara___Sess_o_de_Julgamento_Presencial_n__20.pdf
PDF_SEM_MD,mestra\02_Jurisprudencia_e_Orientacoes\Informativos_Julgamentos_TCE_PI,Segunda_C_mara_Virtual_2__C_mara___Sess_o_Ordin_ria_Virtual_de_01_a_05_de_junho_.pdf,341,5,TEXTO,1332,0.08,Federal - IN 05.2017 - Terceirizados.md,mestra\01_Normativos_Vigentes\01_Federal\Instrucoes_Normativas,C:\Users\thiagonogueira\OneDrive - mppi.mp.br\CLC\01_Processos_e_Aquisicoes\Base de Conhecimento - Thiago\02_Jurisprudencia_e_Orientacoes\Informativos_Julgamentos_TCE_PI\Segunda_C_mara_Virtual_2__C_mara___Sess_o_Ordin_ria_Virtual_de_01_a_05_de_junho_.pdf
PDF_SEM_MD,mestra\02_Jurisprudencia_e_Orientacoes\Informativos_Julgamentos_TCE_PI,Segunda_C_mara_Virtual_2__C_mara___Sess_o_Ordin_ria_Virtual_de_03_a_07_de_agosto.pdf,343,5,TEXTO,1263,0.08,TCE NT 03.2020 - Contratações de TIC.md,mestra\01_Normativos_Vigentes\02_Estadual_PI\Acordaos_Pareceres_Orientacoes,C:\Users\thiagonogueira\OneDrive - mppi.mp.br\CLC\01_Processos_e_Aquisicoes\Base de Conhecimento - Thiago\02_Jurisprudencia_e_Orientacoes\Informativos_Julgamentos_TCE_PI\Segunda_C_mara_Virtual_2__C_mara___Sess_o_Ordin_ria_Virtual_de_03_a_07_de_agosto.pdf
PDF_SEM_MD,mestra\02_Jurisprudencia_e_Orientacoes\Informativos_Julgamentos_TCE_PI,Segunda_C_mara_Virtual_2__C_mara___Sess_o_Ordin_ria_Virtual_de_06_a_10_de_julho_.pdf,334,5,TEXTO,1404,0.08,06_Prestacoes_de_Contas_TCE_PI.md,mestra\02_Jurisprudencia_e_Orientacoes\Informativos_Julgamentos_TCE_PI,C:\Users\thiagonogueira\OneDrive - mppi.mp.br\CLC\01_Processos_e_Aquisicoes\Base de Conhecimento - Thiago\02_Jurisprudencia_e_Orientacoes\Informativos_Julgamentos_TCE_PI\Segunda_C_mara_Virtual_2__C_mara___Sess_o_Ordin_ria_Virtual_de_06_a_10_de_julho_.pdf
PDF_SEM_MD,mestra\02_Jurisprudencia_e_Orientacoes\Informativos_Julgamentos_TCE_PI,Segunda_C_mara_Virtual_2__C_mara___Sess_o_Ordin_ria_Virtual_de_08_a_11_de_setemb.pdf,318,2,TEXTO,1720,0.08,08_Outros_Procedimentos_e_Consultas_TCE_PI.md,mestra\02_Jurisprudencia_e_Orientacoes\Informativos_Julgamentos_TCE_PI,C:\Users\thiagonogueira\OneDrive - mppi.mp.br\CLC\01_Processos_e_Aquisicoes\Base de Conhecimento - Thiago\02_Jurisprudencia_e_Orientacoes\Informativos_Julgamentos_TCE_PI\Segunda_C_mara_Virtual_2__C_mara___Sess_o_Ordin_ria_Virtual_de_08_a_11_de_setemb.pdf
PDF_SEM_MD,mestra\02_Jurisprudencia_e_Orientacoes\Informativos_Julgamentos_TCE_PI,Segunda_C_mara_Virtual_2__C_mara___Sess_o_Ordin_ria_Virtual_de_08_a_12_de_junho_.pdf,324,3,TEXTO,1662,0.08,08_Outros_Procedimentos_e_Consultas_TCE_PI.md,mestra\02_Jurisprudencia_e_Orientacoes\Informativos_Julgamentos_TCE_PI,C:\Users\thiagonogueira\OneDrive - mppi.mp.br\CLC\01_Processos_e_Aquisicoes\Base de Conhecimento - Thiago\02_Jurisprudencia_e_Orientacoes\Informativos_Julgamentos_TCE_PI\Segunda_C_mara_Virtual_2__C_mara___Sess_o_Ordin_ria_Virtual_de_08_a_12_de_junho_.pdf
PDF_SEM_MD,mestra\02_Jurisprudencia_e_Orientacoes\Informativos_Julgamentos_TCE_PI,Segunda_C_mara_Virtual_2__C_mara___Sess_o_Ordin_ria_Virtual_de_10_a_14_de_agosto.pdf,337,4,TEXTO,1687,0.08,10.GD_Gesta_o_do_talento_humano.md,mestra\05_Doutrina_e_Biblioteca\BID - Cursos\Guias_Digitais_e_Leituras_MD,C:\Users\thiagonogueira\OneDrive - mppi.mp.br\CLC\01_Processos_e_Aquisicoes\Base de Conhecimento - Thiago\02_Jurisprudencia_e_Orientacoes\Informativos_Julgamentos_TCE_PI\Segunda_C_mara_Virtual_2__C_mara___Sess_o_Ordin_ria_Virtual_de_10_a_14_de_agosto.pdf
PDF_SEM_MD,mestra\02_Jurisprudencia_e_Orientacoes\Informativos_Julgamentos_TCE_PI,Segunda_C_mara_Virtual_2__C_mara___Sess_o_Ordin_ria_Virtual_de_11_a_15_de_maio_d.pdf,318,3,TEXTO,1233,0.07,Boletim de Jurisprudencia TCE-PI nº 05 - Maio de 2022.md,mestra\02_Jurisprudencia_e_Orientacoes\Boletins_TCE_PI,C:\Users\thiagonogueira\OneDrive - mppi.mp.br\CLC\01_Processos_e_Aquisicoes\Base de Conhecimento - Thiago\02_Jurisprudencia_e_Orientacoes\Informativos_Julgamentos_TCE_PI\Segunda_C_mara_Virtual_2__C_mara___Sess_o_Ordin_ria_Virtual_de_11_a_15_de_maio_d.pdf
PDF_SEM_MD,mestra\02_Jurisprudencia_e_Orientacoes\Informativos_Julgamentos_TCE_PI,Segunda_C_mara_Virtual_2__C_mara___Sess_o_Ordin_ria_Virtual_de_13_a_17_de_julho_.pdf,302,2,TEXTO,1348,0.1,"Decreto Estadual 17083.2017 - Regulamenta a Lei Federal nº 13.019, de 31 de julho de 2014, para dispor sobre regras e procedimentos do....md",mestra\01_Normativos_Vigentes\02_Estadual_PI\Decretos,C:\Users\thiagonogueira\OneDrive - mppi.mp.br\CLC\01_Processos_e_Aquisicoes\Base de Conhecimento - Thiago\02_Jurisprudencia_e_Orientacoes\Informativos_Julgamentos_TCE_PI\Segunda_C_mara_Virtual_2__C_mara___Sess_o_Ordin_ria_Virtual_de_13_a_17_de_julho_.pdf
PDF_SEM_MD,mestra\02_Jurisprudencia_e_Orientacoes\Informativos_Julgamentos_TCE_PI,Segunda_C_mara_Virtual_2__C_mara___Sess_o_Ordin_ria_Virtual_de_14_a_18_de_setemb.pdf,322,3,TEXTO,1346,0.07,Federal - Decreto Federal 12343.2024 - Atualiza Valores da 14.133.md,mestra\01_Normativos_Vigentes\01_Federal\Decretos,C:\Users\thiagonogueira\OneDrive - mppi.mp.br\CLC\01_Processos_e_Aquisicoes\Base de Conhecimento - Thiago\02_Jurisprudencia_e_Orientacoes\Informativos_Julgamentos_TCE_PI\Segunda_C_mara_Virtual_2__C_mara___Sess_o_Ordin_ria_Virtual_de_14_a_18_de_setemb.pdf
PDF_SEM_MD,mestra\02_Jurisprudencia_e_Orientacoes\Informativos_Julgamentos_TCE_PI,Segunda_C_mara_Virtual_2__C_mara___Sess_o_Ordin_ria_Virtual_de_15_a_19_de_junho_.pdf,338,4,TEXTO,1508,0.07,Resolucao TCE-PI nº 19.2024 - Regimento Interno do TCE-PI.md,mestra\01_Normativos_Vigentes\05_TCE_PI\Resolucoes,C:\Users\thiagonogueira\OneDrive - mppi.mp.br\CLC\01_Processos_e_Aquisicoes\Base de Conhecimento - Thiago\02_Jurisprudencia_e_Orientacoes\Informativos_Julgamentos_TCE_PI\Segunda_C_mara_Virtual_2__C_mara___Sess_o_Ordin_ria_Virtual_de_15_a_19_de_junho_.pdf
PDF_SEM_MD,mestra\02_Jurisprudencia_e_Orientacoes\Informativos_Julgamentos_TCE_PI,Segunda_C_mara_Virtual_2__C_mara___Sess_o_Ordin_ria_Virtual_de_17_a_21_de_agosto.pdf,332,4,TEXTO,1398,0.11,"Decreto Estadual 21980.2023 - Revoga o Decreto nº 21.910, de 17 de março de 2023, que estabeleceu o Marco Temporal e o procedimento de....md",mestra\01_Normativos_Vigentes\02_Estadual_PI\Decretos,C:\Users\thiagonogueira\OneDrive - mppi.mp.br\CLC\01_Processos_e_Aquisicoes\Base de Conhecimento - Thiago\02_Jurisprudencia_e_Orientacoes\Informativos_Julgamentos_TCE_PI\Segunda_C_mara_Virtual_2__C_mara___Sess_o_Ordin_ria_Virtual_de_17_a_21_de_agosto.pdf
PDF_SEM_MD,mestra\02_Jurisprudencia_e_Orientacoes\Informativos_Julgamentos_TCE_PI,Segunda_C_mara_Virtual_2__C_mara___Sess_o_Ordin_ria_Virtual_de_20_a_24_de_julho_.pdf,286,1,TEXTO,1090,0.07,Resolucao TCE-PI nº 20.2024 - Alteracao Regimental.md,mestra\01_Normativos_Vigentes\05_TCE_PI\Resolucoes,C:\Users\thiagonogueira\OneDrive - mppi.mp.br\CLC\01_Processos_e_Aquisicoes\Base de Conhecimento - Thiago\02_Jurisprudencia_e_Orientacoes\Informativos_Julgamentos_TCE_PI\Segunda_C_mara_Virtual_2__C_mara___Sess_o_Ordin_ria_Virtual_de_20_a_24_de_julho_.pdf
PDF_SEM_MD,mestra\02_Jurisprudencia_e_Orientacoes\Informativos_Julgamentos_TCE_PI,Segunda_C_mara_Virtual_2__C_mara___Sess_o_Ordin_ria_Virtual_de_21_a_25_de_setemb.pdf,328,3,TEXTO,1461,0.06,modelo-de-termo-de-contrato-compras-lei-no-14-133-dez-25.md,mestra\03_Modelos_e_Minutas\Modelos_AGU_14133\Contratação Direta,C:\Users\thiagonogueira\OneDrive - mppi.mp.br\CLC\01_Processos_e_Aquisicoes\Base de Conhecimento - Thiago\02_Jurisprudencia_e_Orientacoes\Informativos_Julgamentos_TCE_PI\Segunda_C_mara_Virtual_2__C_mara___Sess_o_Ordin_ria_Virtual_de_21_a_25_de_setemb.pdf
PDF_SEM_MD,mestra\02_Jurisprudencia_e_Orientacoes\Informativos_Julgamentos_TCE_PI,Segunda_C_mara_Virtual_2__C_mara___Sess_o_Ordin_ria_Virtual_de_22_a_26_de_junho_.pdf,313,3,TEXTO,1338,0.07,Boletim de Jurisprudencia TCE-PI nº 06 - Junho de 2022.md,mestra\02_Jurisprudencia_e_Orientacoes\Boletins_TCE_PI,C:\Users\thiagonogueira\OneDrive - mppi.mp.br\CLC\01_Processos_e_Aquisicoes\Base de Conhecimento - Thiago\02_Jurisprudencia_e_Orientacoes\Informativos_Julgamentos_TCE_PI\Segunda_C_mara_Virtual_2__C_mara___Sess_o_Ordin_ria_Virtual_de_22_a_26_de_junho_.pdf
PDF_SEM_MD,mestra\02_Jurisprudencia_e_Orientacoes\Informativos_Julgamentos_TCE_PI,Segunda_C_mara_Virtual_2__C_mara___Sess_o_Ordin_ria_Virtual_de_25_a_29_de_maio_d.pdf,371,6,TEXTO,1586,0.07,Boletim de Jurisprudencia TCE-PI nº 05 - Maio de 2022.md,mestra\02_Jurisprudencia_e_Orientacoes\Boletins_TCE_PI,C:\Users\thiagonogueira\OneDrive - mppi.mp.br\CLC\01_Processos_e_Aquisicoes\Base de Conhecimento - Thiago\02_Jurisprudencia_e_Orientacoes\Informativos_Julgamentos_TCE_PI\Segunda_C_mara_Virtual_2__C_mara___Sess_o_Ordin_ria_Virtual_de_25_a_29_de_maio_d.pdf
PDF_SEM_MD,mestra\02_Jurisprudencia_e_Orientacoes\Informativos_Julgamentos_TCE_PI,Segunda_C_mara_Virtual_2__C_mara___Sess_o_Ordin_ria_Virtual_de_27_a_31_de_julho_.pdf,289,3,TEXTO,1198,0.1,"Decreto Estadual 17083.2017 - Regulamenta a Lei Federal nº 13.019, de 31 de julho de 2014, para dispor sobre regras e procedimentos do....md",mestra\01_Normativos_Vigentes\02_Estadual_PI\Decretos,C:\Users\thiagonogueira\OneDrive - mppi.mp.br\CLC\01_Processos_e_Aquisicoes\Base de Conhecimento - Thiago\02_Jurisprudencia_e_Orientacoes\Informativos_Julgamentos_TCE_PI\Segunda_C_mara_Virtual_2__C_mara___Sess_o_Ordin_ria_Virtual_de_27_a_31_de_julho_.pdf
PDF_SEM_MD,mestra\02_Jurisprudencia_e_Orientacoes\Informativos_Julgamentos_TCE_PI,Segunda_C_mara_Virtual_2__C_mara___Sess_o_Ordin_ria_Virtual_de_28_de_setembro_a_.pdf,333,2,TEXTO,1908,0.08,Boletim de Jurisprudencia TCE-PI nº 09 - Setembro de 2022.md,mestra\02_Jurisprudencia_e_Orientacoes\Boletins_TCE_PI,C:\Users\thiagonogueira\OneDrive - mppi.mp.br\CLC\01_Processos_e_Aquisicoes\Base de Conhecimento - Thiago\02_Jurisprudencia_e_Orientacoes\Informativos_Julgamentos_TCE_PI\Segunda_C_mara_Virtual_2__C_mara___Sess_o_Ordin_ria_Virtual_de_28_de_setembro_a_.pdf
PDF_SEM_MD,mestra\02_Jurisprudencia_e_Orientacoes\Informativos_Julgamentos_TCE_PI,Segunda_C_mara_Virtual_2__C_mara___Sess_o_Ordin_ria_Virtual_de_29_de_junho_a_03_.pdf,308,2,TEXTO,1416,0.08,TCE NT 03.2020 - Contratações de TIC.md,mestra\01_Normativos_Vigentes\02_Estadual_PI\Acordaos_Pareceres_Orientacoes,C:\Users\thiagonogueira\OneDrive - mppi.mp.br\CLC\01_Processos_e_Aquisicoes\Base de Conhecimento - Thiago\02_Jurisprudencia_e_Orientacoes\Informativos_Julgamentos_TCE_PI\Segunda_C_mara_Virtual_2__C_mara___Sess_o_Ordin_ria_Virtual_de_29_de_junho_a_03_.pdf
PDF_SEM_MD,mestra\02_Jurisprudencia_e_Orientacoes\Informativos_Julgamentos_TCE_PI,Segunda_C_mara_Virtual_2__C_mara___Sess_o_Ordin_ria_Virtual_de_31_de_agosto_a_04.pdf,328,4,TEXTO,1353,0.08,04_Tomadas_de_Contas_Especiais_TCE_PI.md,mestra\02_Jurisprudencia_e_Orientacoes\Informativos_Julgamentos_TCE_PI,C:\Users\thiagonogueira\OneDrive - mppi.mp.br\CLC\01_Processos_e_Aquisicoes\Base de Conhecimento - Thiago\02_Jurisprudencia_e_Orientacoes\Informativos_Julgamentos_TCE_PI\Segunda_C_mara_Virtual_2__C_mara___Sess_o_Ordin_ria_Virtual_de_31_de_agosto_a_04.pdf
PDF_SEM_MD,mestra\02_Jurisprudencia_e_Orientacoes\MJRs_MPPI,Manifestação Jurídico Referencial - MJR - n92 - 2024.pdf,423,40,TEXTO,3252,0.3,Ato PGJ 1456.2024 - Manifestação Jurídica Referencial.md,mestra\01_Normativos_Vigentes\03_MPPI\Atos,C:\Users\thiagonogueira\OneDrive - mppi.mp.br\CLC\01_Processos_e_Aquisicoes\Base de Conhecimento - Thiago\02_Jurisprudencia_e_Orientacoes\MJRs_MPPI\Manifestação Jurídico Referencial - MJR - n92 - 2024.pdf
PDF_SEM_MD,mestra\02_Jurisprudencia_e_Orientacoes\MJRs_MPPI,MJR 56 - Pedido de Substituição de Marca.pdf,14611,28,ESCANEADO_OU_POUCO_TEXTO,0,0.62,MJR 56 - Pedido de Substituicao de Marca Contrato ou ARP.md,mestra\02_Jurisprudencia_e_Orientacoes\MJRs_MPPI\MJR nº 562025APPL - Troca de Marca Contrato ou ARP,C:\Users\thiagonogueira\OneDrive - mppi.mp.br\CLC\01_Processos_e_Aquisicoes\Base de Conhecimento - Thiago\02_Jurisprudencia_e_Orientacoes\MJRs_MPPI\MJR 56 - Pedido de Substituição de Marca.pdf
PDF_SEM_MD,mestra\02_Jurisprudencia_e_Orientacoes\MJRs_MPPI,MJR n56 - 2025 - Substituição de Marca.pdf,111,2,TEXTO,716,0.3,MJR 56 - Pedido de Substituicao de Marca Contrato ou ARP.md,mestra\02_Jurisprudencia_e_Orientacoes\MJRs_MPPI\MJR nº 562025APPL - Troca de Marca Contrato ou ARP,C:\Users\thiagonogueira\OneDrive - mppi.mp.br\CLC\01_Processos_e_Aquisicoes\Base de Conhecimento - Thiago\02_Jurisprudencia_e_Orientacoes\MJRs_MPPI\MJR n56 - 2025 - Substituição de Marca.pdf
PDF_SEM_MD,mestra\03_Modelos_e_Minutas\Modelos_MPPI_CLC,TAPP DIMPLANC 006_2024-0 (CMAD) - Lavagem a seco de togas.pdf,1468,11,TEXTO,2219,0.17,TAPP DIMPLANC - Modelo Analise Preliminar Planejamento.md,mestra\03_Modelos_e_Minutas\Modelos_MPPI_CLC,C:\Users\thiagonogueira\OneDrive - mppi.mp.br\CLC\01_Processos_e_Aquisicoes\Base de Conhecimento - Thiago\03_Modelos_e_Minutas\Modelos_MPPI_CLC\TAPP DIMPLANC 006_2024-0 (CMAD) - Lavagem a seco de togas.pdf
PDF_SEM_MD,mestra\03_Modelos_e_Minutas\Modelos_SEAD_PI,CARTILHA-DE-MENSAGENS-PADRONIZADAS-PARA-AGENTE-DE-CONTRATACAO.pdf,10831,37,TEXTO,1325,0.71,Cartilha de Mensagens Padronizadas para Agente de Contratacao (SEAD-PI).md,mestra\03_Modelos_e_Minutas\Modelos_SEAD_PI,C:\Users\thiagonogueira\OneDrive - mppi.mp.br\CLC\01_Processos_e_Aquisicoes\Base de Conhecimento - Thiago\03_Modelos_e_Minutas\Modelos_SEAD_PI\CARTILHA-DE-MENSAGENS-PADRONIZADAS-PARA-AGENTE-DE-CONTRATACAO.pdf
PDF_SEM_MD,mestra\04_Sistemas_e_Catalogos\Manuais_Sistemas_Oficiais,"Compras.gov.br - Tutorial de eventos de anulação, suspensão e revogação.pdf",7232,1,TEXTO,4272,0.33,Tutorial Compras.gov.br - Operacionalizacao de Contratacoes Presenciais na NLLC.md,mestra\05_Doutrina_e_Biblioteca\Biblioteca_Manuais_e_Cursos,"C:\Users\thiagonogueira\OneDrive - mppi.mp.br\CLC\01_Processos_e_Aquisicoes\Base de Conhecimento - Thiago\04_Sistemas_e_Catalogos\Manuais_Sistemas_Oficiais\Compras.gov.br - Tutorial de eventos de anulação, suspensão e revogação.pdf"
PDF_SEM_MD,mestra\04_Sistemas_e_Catalogos\Manuais_Sistemas_Oficiais,Compras.gov.br – Eventos de alteração em procedimento auxiliar de credenciamento - mar-2025.pdf,5240,1,TEXTO,4224,0.2,Tutorial Compras.gov.br - Operacionalizacao de Contratacoes Presenciais na NLLC.md,mestra\05_Doutrina_e_Biblioteca\Biblioteca_Manuais_e_Cursos,C:\Users\thiagonogueira\OneDrive - mppi.mp.br\CLC\01_Processos_e_Aquisicoes\Base de Conhecimento - Thiago\04_Sistemas_e_Catalogos\Manuais_Sistemas_Oficiais\Compras.gov.br – Eventos de alteração em procedimento auxiliar de credenciamento - mar-2025.pdf
PDF_SEM_MD,mestra\04_Sistemas_e_Catalogos\Manuais_Sistemas_Oficiais,Compras.gov.br – Novo divulgação de contratações - Evento de alteração - abr-2024.pdf,10075,9,TEXTO,741,0.29,Tutorial Compras.gov.br - Operacionalizacao de Contratacoes Presenciais na NLLC.md,mestra\05_Doutrina_e_Biblioteca\Biblioteca_Manuais_e_Cursos,C:\Users\thiagonogueira\OneDrive - mppi.mp.br\CLC\01_Processos_e_Aquisicoes\Base de Conhecimento - Thiago\04_Sistemas_e_Catalogos\Manuais_Sistemas_Oficiais\Compras.gov.br – Novo divulgação de contratações - Evento de alteração - abr-2024.pdf
PDF_SEM_MD,mestra\04_Sistemas_e_Catalogos\Manuais_Sistemas_Oficiais,Compras.gov.br – Tutorial compras executivo (jan-2026).pdf,3102,11,TEXTO,572,0.36,Tutorial Compras.gov.br - Operacionalizacao de Contratacoes Presenciais na NLLC.md,mestra\05_Doutrina_e_Biblioteca\Biblioteca_Manuais_e_Cursos,C:\Users\thiagonogueira\OneDrive - mppi.mp.br\CLC\01_Processos_e_Aquisicoes\Base de Conhecimento - Thiago\04_Sistemas_e_Catalogos\Manuais_Sistemas_Oficiais\Compras.gov.br – Tutorial compras executivo (jan-2026).pdf
PDF_SEM_MD,mestra\04_Sistemas_e_Catalogos\Manuais_Sistemas_Oficiais,Compras.gov.br – Tutorial de como copiar e compartilhar cotações  no Pesquisa de Preço.pdf,4183,10,TEXTO,332,0.29,Tutorial Compras.gov.br - Operacionalizacao de Contratacoes Presenciais na NLLC.md,mestra\05_Doutrina_e_Biblioteca\Biblioteca_Manuais_e_Cursos,C:\Users\thiagonogueira\OneDrive - mppi.mp.br\CLC\01_Processos_e_Aquisicoes\Base de Conhecimento - Thiago\04_Sistemas_e_Catalogos\Manuais_Sistemas_Oficiais\Compras.gov.br – Tutorial de como copiar e compartilhar cotações  no Pesquisa de Preço.pdf
PDF_SEM_MD,mestra\04_Sistemas_e_Catalogos\Manuais_Sistemas_Oficiais,Compras.gov.br – Tutorial de como criar matriz de riscos.pdf,25545,34,TEXTO,543,0.33,Tutorial Compras.gov.br - Operacionalizacao de Contratacoes Presenciais na NLLC.md,mestra\05_Doutrina_e_Biblioteca\Biblioteca_Manuais_e_Cursos,C:\Users\thiagonogueira\OneDrive - mppi.mp.br\CLC\01_Processos_e_Aquisicoes\Base de Conhecimento - Thiago\04_Sistemas_e_Catalogos\Manuais_Sistemas_Oficiais\Compras.gov.br – Tutorial de como criar matriz de riscos.pdf
PDF_SEM_MD,mestra\04_Sistemas_e_Catalogos\Manuais_Sistemas_Oficiais,Compras.gov.br – Tutorial de como publicar dispensas com disputa no Novo DC.pdf,12773,37,TEXTO,309,0.73,Compras.gov.br - Tutorial de Publicacao de Dispensas COM Disputa no Novo DC.md,mestra\04_Sistemas_e_Catalogos\Manuais_Sistemas_Oficiais,C:\Users\thiagonogueira\OneDrive - mppi.mp.br\CLC\01_Processos_e_Aquisicoes\Base de Conhecimento - Thiago\04_Sistemas_e_Catalogos\Manuais_Sistemas_Oficiais\Compras.gov.br – Tutorial de como publicar dispensas com disputa no Novo DC.pdf
PDF_SEM_MD,mestra\04_Sistemas_e_Catalogos\Manuais_Sistemas_Oficiais,Compras.gov.br – Tutorial de como publicar dispensas sem disputa e inexibilidades no Novo DC.pdf,4728,11,TEXTO,519,0.64,Compras.gov.br - Tutorial de Publicacao de Dispensas SEM Disputa e Inexigibilidades no Novo DC.md,mestra\04_Sistemas_e_Catalogos\Manuais_Sistemas_Oficiais,C:\Users\thiagonogueira\OneDrive - mppi.mp.br\CLC\01_Processos_e_Aquisicoes\Base de Conhecimento - Thiago\04_Sistemas_e_Catalogos\Manuais_Sistemas_Oficiais\Compras.gov.br – Tutorial de como publicar dispensas sem disputa e inexibilidades no Novo DC.pdf
PDF_SEM_MD,mestra\04_Sistemas_e_Catalogos\Manuais_Sistemas_Oficiais,Compras.gov.br – Tutorial de publicação de dispensa eletrônicas e inexibilidades da medida provisória n° 1.22.pdf,30312,,ERRO_ABERTURA,,0.33,Compras.gov.br - Tutorial de Publicacao de Dispensas COM Disputa no Novo DC.md,mestra\04_Sistemas_e_Catalogos\Manuais_Sistemas_Oficiais,C:\Users\thiagonogueira\OneDrive - mppi.mp.br\CLC\01_Processos_e_Aquisicoes\Base de Conhecimento - Thiago\04_Sistemas_e_Catalogos\Manuais_Sistemas_Oficiais\Compras.gov.br – Tutorial de publicação de dispensa eletrônicas e inexibilidades da medida provisória n° 1.22.pdf
PDF_SEM_MD,mestra\04_Sistemas_e_Catalogos\Manuais_Sistemas_Oficiais,"Compras.gov.br – Tutorial para critério de julgamento, melhor técnica ou conteúdo artístico - jun-2024.pdf",7980,,ERRO_ABERTURA,,0.24,Tutorial Compras.gov.br - Operacionalizacao de Contratacoes Presenciais na NLLC.md,mestra\05_Doutrina_e_Biblioteca\Biblioteca_Manuais_e_Cursos,"C:\Users\thiagonogueira\OneDrive - mppi.mp.br\CLC\01_Processos_e_Aquisicoes\Base de Conhecimento - Thiago\04_Sistemas_e_Catalogos\Manuais_Sistemas_Oficiais\Compras.gov.br – Tutorial para critério de julgamento, melhor técnica ou conteúdo artístico - jun-2024.pdf"
PDF_SEM_MD,mestra\04_Sistemas_e_Catalogos\Manuais_Sistemas_Oficiais,Ministério da gestão – Manual do usuário - API de dados abertos do Compras.gov.br - Fev-2026.pdf,1330,135,TEXTO,1154,0.24,Manual Operacional - Dispensa Eletronica no Compras.gov.br - Visao Governo.md,mestra\05_Doutrina_e_Biblioteca\Biblioteca_Manuais_e_Cursos,C:\Users\thiagonogueira\OneDrive - mppi.mp.br\CLC\01_Processos_e_Aquisicoes\Base de Conhecimento - Thiago\04_Sistemas_e_Catalogos\Manuais_Sistemas_Oficiais\Ministério da gestão – Manual do usuário - API de dados abertos do Compras.gov.br - Fev-2026.pdf
PDF_SEM_MD,mestra\04_Sistemas_e_Catalogos\Manuais_Sistemas_Oficiais,TJMA - checklist_dispensa_eletronica_24_10_2023_19_20_10.pdf,82,2,TEXTO,1388,0.33,TJMA - Checklist de Dispensa Eletronica na Lei 14.133.md,mestra\04_Sistemas_e_Catalogos\Manuais_Sistemas_Oficiais,C:\Users\thiagonogueira\OneDrive - mppi.mp.br\CLC\01_Processos_e_Aquisicoes\Base de Conhecimento - Thiago\04_Sistemas_e_Catalogos\Manuais_Sistemas_Oficiais\TJMA - checklist_dispensa_eletronica_24_10_2023_19_20_10.pdf
PDF_SEM_MD,mestra\04_Sistemas_e_Catalogos\Manuais_Sistemas_Oficiais\Banco_de_Precos,Manual - BPPlus.pdf,12908,123,TEXTO,1148,0.25,manual-2025(e38d727ecdd5bd1591bb6f8ab47d38bd).md,mestra\01_Normativos_Vigentes\02_Estadual_PI\Manuais_e_Guias_Tecnicos,C:\Users\thiagonogueira\OneDrive - mppi.mp.br\CLC\01_Processos_e_Aquisicoes\Base de Conhecimento - Thiago\04_Sistemas_e_Catalogos\Manuais_Sistemas_Oficiais\Banco_de_Precos\Manual - BPPlus.pdf
PDF_SEM_MD,mestra\04_Sistemas_e_Catalogos\Manuais_Sistemas_Oficiais\Banco_de_Precos,Passo a Passo - Como Convidar Fornecedores + LOG + TR.pdf,575,6,TEXTO,588,0.56,Banco de Precos - Passo a Passo Como Convidar Fornecedores e Anexar TR.md,mestra\04_Sistemas_e_Catalogos\Manuais_Sistemas_Oficiais\Banco_de_Precos,C:\Users\thiagonogueira\OneDrive - mppi.mp.br\CLC\01_Processos_e_Aquisicoes\Base de Conhecimento - Thiago\04_Sistemas_e_Catalogos\Manuais_Sistemas_Oficiais\Banco_de_Precos\Passo a Passo - Como Convidar Fornecedores + LOG + TR.pdf
PDF_SEM_MD,mestra\04_Sistemas_e_Catalogos\Manuais_Sistemas_Oficiais\Banco_de_Precos,Passo a Passo - Cotação Nova e Rápida (+lotes) (Plus).pdf,599,6,TEXTO,582,0.62,Banco de Precos - Passo a Passo Cotacao Nova e Rapida Plus.md,mestra\04_Sistemas_e_Catalogos\Manuais_Sistemas_Oficiais\Banco_de_Precos,C:\Users\thiagonogueira\OneDrive - mppi.mp.br\CLC\01_Processos_e_Aquisicoes\Base de Conhecimento - Thiago\04_Sistemas_e_Catalogos\Manuais_Sistemas_Oficiais\Banco_de_Precos\Passo a Passo - Cotação Nova e Rápida (+lotes) (Plus).pdf
PDF_SEM_MD,mestra\04_Sistemas_e_Catalogos\Manuais_Sistemas_Oficiais\Banco_de_Precos,Passo a Passo - Cotação Nova e Rápida (Standard).pdf,445,4,TEXTO,679,0.5,Banco de Precos - Passo a Passo Cotacao Nova e Rapida Plus.md,mestra\04_Sistemas_e_Catalogos\Manuais_Sistemas_Oficiais\Banco_de_Precos,C:\Users\thiagonogueira\OneDrive - mppi.mp.br\CLC\01_Processos_e_Aquisicoes\Base de Conhecimento - Thiago\04_Sistemas_e_Catalogos\Manuais_Sistemas_Oficiais\Banco_de_Precos\Passo a Passo - Cotação Nova e Rápida (Standard).pdf
PDF_SEM_MD,mestra\04_Sistemas_e_Catalogos\Orcamento_LOA_2026,loa-2026-anexo-i-demonstrativos-consolidados.pdf,3535,11,TEXTO,1185,0.2,Lei Estadual 8914.2025 - Lei Orçamentária Anual LOA 2026.md,mestra\01_Normativos_Vigentes\02_Estadual_PI\Leis,C:\Users\thiagonogueira\OneDrive - mppi.mp.br\CLC\01_Processos_e_Aquisicoes\Base de Conhecimento - Thiago\04_Sistemas_e_Catalogos\Orcamento_LOA_2026\loa-2026-anexo-i-demonstrativos-consolidados.pdf
PDF_SEM_MD,mestra\04_Sistemas_e_Catalogos\Orcamento_LOA_2026,loa-2026-anexo-ii-receitas.pdf,1506,18,TEXTO,2220,0.2,Lei Estadual 8914.2025 - Lei Orçamentária Anual LOA 2026.md,mestra\01_Normativos_Vigentes\02_Estadual_PI\Leis,C:\Users\thiagonogueira\OneDrive - mppi.mp.br\CLC\01_Processos_e_Aquisicoes\Base de Conhecimento - Thiago\04_Sistemas_e_Catalogos\Orcamento_LOA_2026\loa-2026-anexo-ii-receitas.pdf
PDF_SEM_MD,mestra\04_Sistemas_e_Catalogos\Orcamento_LOA_2026,loa-2026-anexo-iii-despesa.pdf,2002,53,TEXTO,1044,0.2,Lei Estadual 8914.2025 - Lei Orçamentária Anual LOA 2026.md,mestra\01_Normativos_Vigentes\02_Estadual_PI\Leis,C:\Users\thiagonogueira\OneDrive - mppi.mp.br\CLC\01_Processos_e_Aquisicoes\Base de Conhecimento - Thiago\04_Sistemas_e_Catalogos\Orcamento_LOA_2026\loa-2026-anexo-iii-despesa.pdf
PDF_SEM_MD,mestra\04_Sistemas_e_Catalogos\Orcamento_LOA_2026,loa-2026-anexo-iv-despesa-por-poderes.pdf,10857,212,TEXTO,1053,0.18,Lei Estadual 8914.2025 - Lei Orçamentária Anual LOA 2026.md,mestra\01_Normativos_Vigentes\02_Estadual_PI\Leis,C:\Users\thiagonogueira\OneDrive - mppi.mp.br\CLC\01_Processos_e_Aquisicoes\Base de Conhecimento - Thiago\04_Sistemas_e_Catalogos\Orcamento_LOA_2026\loa-2026-anexo-iv-despesa-por-poderes.pdf
PDF_SEM_MD,mestra\04_Sistemas_e_Catalogos\Orcamento_LOA_2026,loa-2026-anexo-vi-demonstrativo-das-unidades-gestoras.pdf,438,11,TEXTO,2116,0.17,Lei Estadual 8914.2025 - Lei Orçamentária Anual LOA 2026.md,mestra\01_Normativos_Vigentes\02_Estadual_PI\Leis,C:\Users\thiagonogueira\OneDrive - mppi.mp.br\CLC\01_Processos_e_Aquisicoes\Base de Conhecimento - Thiago\04_Sistemas_e_Catalogos\Orcamento_LOA_2026\loa-2026-anexo-vi-demonstrativo-das-unidades-gestoras.pdf
PDF_SEM_MD,mestra\04_Sistemas_e_Catalogos\Orcamento_LOA_2026,loa-2026-anexo-vii-demostrativo-das-despesas-primarias.pdf,226,2,TEXTO,436,0.17,Lei Estadual 8914.2025 - Lei Orçamentária Anual LOA 2026.md,mestra\01_Normativos_Vigentes\02_Estadual_PI\Leis,C:\Users\thiagonogueira\OneDrive - mppi.mp.br\CLC\01_Processos_e_Aquisicoes\Base de Conhecimento - Thiago\04_Sistemas_e_Catalogos\Orcamento_LOA_2026\loa-2026-anexo-vii-demostrativo-das-despesas-primarias.pdf
PDF_SEM_MD,mestra\04_Sistemas_e_Catalogos\Orcamento_LOA_2026,loa-2026-anexo-viii-demonstrativo-do-marco-orcamentario.pdf,2768,27,TEXTO,1329,0.18,Boletim de Jurisprudencia TCE-PI nº 03 - Março de 2026.md,mestra\02_Jurisprudencia_e_Orientacoes\Boletins_TCE_PI,C:\Users\thiagonogueira\OneDrive - mppi.mp.br\CLC\01_Processos_e_Aquisicoes\Base de Conhecimento - Thiago\04_Sistemas_e_Catalogos\Orcamento_LOA_2026\loa-2026-anexo-viii-demonstrativo-do-marco-orcamentario.pdf
PDF_SEM_MD,mestra\04_Sistemas_e_Catalogos\Orcamento_LOA_2026,loa-2026-emendas-parlamentares.pdf,1567,32,TEXTO,913,0.22,Lei Estadual 8914.2025 - Lei Orçamentária Anual LOA 2026.md,mestra\01_Normativos_Vigentes\02_Estadual_PI\Leis,C:\Users\thiagonogueira\OneDrive - mppi.mp.br\CLC\01_Processos_e_Aquisicoes\Base de Conhecimento - Thiago\04_Sistemas_e_Catalogos\Orcamento_LOA_2026\loa-2026-emendas-parlamentares.pdf
PDF_SEM_MD,mestra\04_Sistemas_e_Catalogos\Orcamento_LOA_2026,loa-2026-lei-8.914.2025.pdf,1273,7,TEXTO,2236,0.5,Lei Estadual 8914.2025 - Lei Orçamentária Anual LOA 2026.md,mestra\01_Normativos_Vigentes\02_Estadual_PI\Leis,C:\Users\thiagonogueira\OneDrive - mppi.mp.br\CLC\01_Processos_e_Aquisicoes\Base de Conhecimento - Thiago\04_Sistemas_e_Catalogos\Orcamento_LOA_2026\loa-2026-lei-8.914.2025.pdf
PDF_SEM_MD,mestra\04_Sistemas_e_Catalogos\Orcamento_LOA_2026,loa-anexo-v-despesa-empresas-estatais.pdf,430,2,TEXTO,643,0.09,Lei Estadual 8914.2025 - Lei Orçamentária Anual LOA 2026.md,mestra\01_Normativos_Vigentes\02_Estadual_PI\Leis,C:\Users\thiagonogueira\OneDrive - mppi.mp.br\CLC\01_Processos_e_Aquisicoes\Base de Conhecimento - Thiago\04_Sistemas_e_Catalogos\Orcamento_LOA_2026\loa-anexo-v-despesa-empresas-estatais.pdf
PDF_SEM_MD,mestra\04_Sistemas_e_Catalogos\Orcamento_LOA_2026,qdd-2026-executivo.pdf,4523,149,TEXTO,1126,0.2,Federal - mto_2026_-_versao_5_.md,mestra\01_Normativos_Vigentes\01_Federal\Manuais_e_Guias_Tecnicos,C:\Users\thiagonogueira\OneDrive - mppi.mp.br\CLC\01_Processos_e_Aquisicoes\Base de Conhecimento - Thiago\04_Sistemas_e_Catalogos\Orcamento_LOA_2026\qdd-2026-executivo.pdf
PDF_SEM_MD,mestra\04_Sistemas_e_Catalogos\Orcamento_LOA_2026,qdd-2026-judiciario.pdf,341,8,TEXTO,1185,0.2,Federal - mto_2026_-_versao_5_.md,mestra\01_Normativos_Vigentes\01_Federal\Manuais_e_Guias_Tecnicos,C:\Users\thiagonogueira\OneDrive - mppi.mp.br\CLC\01_Processos_e_Aquisicoes\Base de Conhecimento - Thiago\04_Sistemas_e_Catalogos\Orcamento_LOA_2026\qdd-2026-judiciario.pdf
PDF_SEM_MD,mestra\04_Sistemas_e_Catalogos\Orcamento_LOA_2026,qdd-2026-legislativo.pdf,339,8,TEXTO,904,0.2,Federal - mto_2026_-_versao_5_.md,mestra\01_Normativos_Vigentes\01_Federal\Manuais_e_Guias_Tecnicos,C:\Users\thiagonogueira\OneDrive - mppi.mp.br\CLC\01_Processos_e_Aquisicoes\Base de Conhecimento - Thiago\04_Sistemas_e_Catalogos\Orcamento_LOA_2026\qdd-2026-legislativo.pdf
PDF_SEM_MD,mestra\04_Sistemas_e_Catalogos\Orcamento_LOA_2026,qdd-2026-mp.pdf,286,6,TEXTO,842,0.2,Federal - mto_2026_-_versao_5_.md,mestra\01_Normativos_Vigentes\01_Federal\Manuais_e_Guias_Tecnicos,C:\Users\thiagonogueira\OneDrive - mppi.mp.br\CLC\01_Processos_e_Aquisicoes\Base de Conhecimento - Thiago\04_Sistemas_e_Catalogos\Orcamento_LOA_2026\qdd-2026-mp.pdf
PDF_SEM_MD,mestra\05_Doutrina_e_Biblioteca\Biblioteca_Manuais_e_Cursos,Apresentação - Contratação Direta - GOVSP.pdf,3117,124,TEXTO,275,0.22,POP - Contratacao Direta Inexigibilidade Art 74 I - Exclusividade.md,mestra\01_Normativos_Vigentes\04_CNMP\POP's Contratação Direta,C:\Users\thiagonogueira\OneDrive - mppi.mp.br\CLC\01_Processos_e_Aquisicoes\Base de Conhecimento - Thiago\05_Doutrina_e_Biblioteca\Biblioteca_Manuais_e_Cursos\Apresentação - Contratação Direta - GOVSP.pdf
PDF_SEM_MD,mestra\05_Doutrina_e_Biblioteca\Biblioteca_Manuais_e_Cursos,Apresentação - Da Especificação do Objeto ao Orçamento Estimado.pdf,3111,91,TEXTO,233,0.14,manual-tecnico-do-orcamento.md,mestra\01_Normativos_Vigentes\02_Estadual_PI\Manuais_e_Guias_Tecnicos,C:\Users\thiagonogueira\OneDrive - mppi.mp.br\CLC\01_Processos_e_Aquisicoes\Base de Conhecimento - Thiago\05_Doutrina_e_Biblioteca\Biblioteca_Manuais_e_Cursos\Apresentação - Da Especificação do Objeto ao Orçamento Estimado.pdf
PDF_SEM_MD,mestra\05_Doutrina_e_Biblioteca\Biblioteca_Manuais_e_Cursos,Cartilha - Acesso a Informação - Atricon.pdf,10165,169,TEXTO,862,0.29,Federal Lei 12527.2011 (Lei de Acesso à Informação).md,mestra\01_Normativos_Vigentes\01_Federal\Leis,C:\Users\thiagonogueira\OneDrive - mppi.mp.br\CLC\01_Processos_e_Aquisicoes\Base de Conhecimento - Thiago\05_Doutrina_e_Biblioteca\Biblioteca_Manuais_e_Cursos\Cartilha - Acesso a Informação - Atricon.pdf
PDF_SEM_MD,mestra\05_Doutrina_e_Biblioteca\Biblioteca_Manuais_e_Cursos,Cartilha Portal da Transparencia TCE.pdf,30842,232,TEXTO,862,0.12,Cartilha Zenite Facil - Dispensa Eletronica na Pratica.md,mestra\05_Doutrina_e_Biblioteca\Biblioteca_Manuais_e_Cursos,C:\Users\thiagonogueira\OneDrive - mppi.mp.br\CLC\01_Processos_e_Aquisicoes\Base de Conhecimento - Thiago\05_Doutrina_e_Biblioteca\Biblioteca_Manuais_e_Cursos\Cartilha Portal da Transparencia TCE.pdf
PDF_SEM_MD,mestra\05_Doutrina_e_Biblioteca\Biblioteca_Manuais_e_Cursos,Cartilha_Minuta_do_IPPC_Engenharia_16_11_23_14h_Visualizao.pdf,5085,188,TEXTO,1341,0.08,TAPP_D_Minuta_Revisada_v4.md,mestra\03_Modelos_e_Minutas\Modelos_MPPI_CLC,C:\Users\thiagonogueira\OneDrive - mppi.mp.br\CLC\01_Processos_e_Aquisicoes\Base de Conhecimento - Thiago\05_Doutrina_e_Biblioteca\Biblioteca_Manuais_e_Cursos\Cartilha_Minuta_do_IPPC_Engenharia_16_11_23_14h_Visualizao.pdf
PDF_SEM_MD,mestra\05_Doutrina_e_Biblioteca\Biblioteca_Manuais_e_Cursos,Compras_publicas_para_inovacao_no_Brasil.pdf,7341,538,TEXTO,299,0.33,Relatorio IPEA-Mazzucato - Desenhando Compras Publicas e Infraestrutura no Brasil.md,mestra\05_Doutrina_e_Biblioteca\Biblioteca_Manuais_e_Cursos,C:\Users\thiagonogueira\OneDrive - mppi.mp.br\CLC\01_Processos_e_Aquisicoes\Base de Conhecimento - Thiago\05_Doutrina_e_Biblioteca\Biblioteca_Manuais_e_Cursos\Compras_publicas_para_inovacao_no_Brasil.pdf
PDF_SEM_MD,mestra\05_Doutrina_e_Biblioteca\Biblioteca_Manuais_e_Cursos,Conselho Superior da Justiça do Trabalho – Guia de Contratações Sustentáveis da Justiça do Trabalho (4ª ediçã.pdf,8529,,ERRO_ABERTURA,,0.15,Decreto Estadual 13701.2009 - Contratacoes Publicas Sustentaveis.md,mestra\01_Normativos_Vigentes\02_Estadual_PI\Decretos,C:\Users\thiagonogueira\OneDrive - mppi.mp.br\CLC\01_Processos_e_Aquisicoes\Base de Conhecimento - Thiago\05_Doutrina_e_Biblioteca\Biblioteca_Manuais_e_Cursos\Conselho Superior da Justiça do Trabalho – Guia de Contratações Sustentáveis da Justiça do Trabalho (4ª ediçã.pdf
PDF_SEM_MD,mestra\05_Doutrina_e_Biblioteca\Biblioteca_Manuais_e_Cursos,Curso Banco de Preços - Pesquisa de Preços.pdf,8163,91,ESCANEADO_OU_POUCO_TEXTO,0,0.3,Curso Pratico - Elaboracao de Termo de Referencia e Pesquisa de Precos - Parte 01.md,mestra\05_Doutrina_e_Biblioteca\Biblioteca_Manuais_e_Cursos,C:\Users\thiagonogueira\OneDrive - mppi.mp.br\CLC\01_Processos_e_Aquisicoes\Base de Conhecimento - Thiago\05_Doutrina_e_Biblioteca\Biblioteca_Manuais_e_Cursos\Curso Banco de Preços - Pesquisa de Preços.pdf
PDF_SEM_MD,mestra\05_Doutrina_e_Biblioteca\Biblioteca_Manuais_e_Cursos,Estudo_Tematico_Agosto_2025____II.pdf,8206,184,TEXTO,749,0.22,Boletim de Jurisprudencia TCE-PI nº 08 - Agosto de 2025.md,mestra\02_Jurisprudencia_e_Orientacoes\Boletins_TCE_PI,C:\Users\thiagonogueira\OneDrive - mppi.mp.br\CLC\01_Processos_e_Aquisicoes\Base de Conhecimento - Thiago\05_Doutrina_e_Biblioteca\Biblioteca_Manuais_e_Cursos\Estudo_Tematico_Agosto_2025____II.pdf
PDF_SEM_MD,mestra\05_Doutrina_e_Biblioteca\Biblioteca_Manuais_e_Cursos,guia-de-contratacoes-sustentaveis-set-2023.pdf,4343,291,TEXTO,1132,0.22,Decreto Estadual 13701.2009 - Contratacoes Publicas Sustentaveis.md,mestra\01_Normativos_Vigentes\02_Estadual_PI\Decretos,C:\Users\thiagonogueira\OneDrive - mppi.mp.br\CLC\01_Processos_e_Aquisicoes\Base de Conhecimento - Thiago\05_Doutrina_e_Biblioteca\Biblioteca_Manuais_e_Cursos\guia-de-contratacoes-sustentaveis-set-2023.pdf
PDF_SEM_MD,mestra\05_Doutrina_e_Biblioteca\Biblioteca_Manuais_e_Cursos,GUIANACIONALDECONTRATACOESSUSTENTAVEIS2024.pdf,2873,244,TEXTO,386,0,,,C:\Users\thiagonogueira\OneDrive - mppi.mp.br\CLC\01_Processos_e_Aquisicoes\Base de Conhecimento - Thiago\05_Doutrina_e_Biblioteca\Biblioteca_Manuais_e_Cursos\GUIANACIONALDECONTRATACOESSUSTENTAVEIS2024.pdf
PDF_SEM_MD,mestra\05_Doutrina_e_Biblioteca\Biblioteca_Manuais_e_Cursos,instrumento-de-padronizacao-dos-procedimentos.pdf,13708,98,TEXTO,1011,0.14,08_Outros_Procedimentos_e_Consultas_TCE_PI.md,mestra\02_Jurisprudencia_e_Orientacoes\Informativos_Julgamentos_TCE_PI,C:\Users\thiagonogueira\OneDrive - mppi.mp.br\CLC\01_Processos_e_Aquisicoes\Base de Conhecimento - Thiago\05_Doutrina_e_Biblioteca\Biblioteca_Manuais_e_Cursos\instrumento-de-padronizacao-dos-procedimentos.pdf
PDF_SEM_MD,mestra\05_Doutrina_e_Biblioteca\Biblioteca_Manuais_e_Cursos,Instrumento_de_Padronizao_AGU_TIC_Digital_reduzido.pdf,11346,142,TEXTO,1325,0.12,Modelo de DFD - TIC.md,mestra\01_Normativos_Vigentes\03_MPPI,C:\Users\thiagonogueira\OneDrive - mppi.mp.br\CLC\01_Processos_e_Aquisicoes\Base de Conhecimento - Thiago\05_Doutrina_e_Biblioteca\Biblioteca_Manuais_e_Cursos\Instrumento_de_Padronizao_AGU_TIC_Digital_reduzido.pdf
PDF_SEM_MD,mestra\05_Doutrina_e_Biblioteca\Biblioteca_Manuais_e_Cursos,Jornada de Compras Publicas de Inovacao.pdf,3800,132,TEXTO,731,0.2,Manual de Orientacao - Compras Publicas Baseadas na Relacao Custo-Beneficio.md,mestra\05_Doutrina_e_Biblioteca\Biblioteca_Manuais_e_Cursos,C:\Users\thiagonogueira\OneDrive - mppi.mp.br\CLC\01_Processos_e_Aquisicoes\Base de Conhecimento - Thiago\05_Doutrina_e_Biblioteca\Biblioteca_Manuais_e_Cursos\Jornada de Compras Publicas de Inovacao.pdf
PDF_SEM_MD,mestra\05_Doutrina_e_Biblioteca\Biblioteca_Manuais_e_Cursos,Licitacoes e Contratos - Orientacoes e Jurisprudencia do TCU - 5a Edicao.pdf,34427,1042,ESCANEADO_OU_POUCO_TEXTO,109,0.2,Manual de Licitacoes e Contratos TJPI (2023-2024).md,mestra\01_Normativos_Vigentes\06_TJPI\Manuais_e_Guias_Tecnicos,C:\Users\thiagonogueira\OneDrive - mppi.mp.br\CLC\01_Processos_e_Aquisicoes\Base de Conhecimento - Thiago\05_Doutrina_e_Biblioteca\Biblioteca_Manuais_e_Cursos\Licitacoes e Contratos - Orientacoes e Jurisprudencia do TCU - 5a Edicao.pdf
PDF_SEM_MD,mestra\05_Doutrina_e_Biblioteca\Biblioteca_Manuais_e_Cursos,Licitações e contratos.pdf,2492,225,TEXTO,782,0.4,Manual de Licitacoes e Contratos TJPI (2023-2024).md,mestra\01_Normativos_Vigentes\06_TJPI\Manuais_e_Guias_Tecnicos,C:\Users\thiagonogueira\OneDrive - mppi.mp.br\CLC\01_Processos_e_Aquisicoes\Base de Conhecimento - Thiago\05_Doutrina_e_Biblioteca\Biblioteca_Manuais_e_Cursos\Licitações e contratos.pdf
PDF_SEM_MD,mestra\05_Doutrina_e_Biblioteca\Biblioteca_Manuais_e_Cursos,Livro - Compras_publicas_para_inovacao_no_Brasil.pdf,7341,538,TEXTO,299,0.3,Relatorio IPEA-Mazzucato - Desenhando Compras Publicas e Infraestrutura no Brasil.md,mestra\05_Doutrina_e_Biblioteca\Biblioteca_Manuais_e_Cursos,C:\Users\thiagonogueira\OneDrive - mppi.mp.br\CLC\01_Processos_e_Aquisicoes\Base de Conhecimento - Thiago\05_Doutrina_e_Biblioteca\Biblioteca_Manuais_e_Cursos\Livro - Compras_publicas_para_inovacao_no_Brasil.pdf
PDF_SEM_MD,mestra\05_Doutrina_e_Biblioteca\Biblioteca_Manuais_e_Cursos,Livro - ELABORAÇÃO DE ETP E TR EFICIENTES COM O CHATGPT EM CONTRATAÇÕES PÚBLICAS.pdf,8421,133,TEXTO,464,0.21,Monografia Tecnica - ETP - O Dilema entre Necessidade e Solucao nas Contratacoes Publicas.md,mestra\05_Doutrina_e_Biblioteca\Biblioteca_Manuais_e_Cursos,C:\Users\thiagonogueira\OneDrive - mppi.mp.br\CLC\01_Processos_e_Aquisicoes\Base de Conhecimento - Thiago\05_Doutrina_e_Biblioteca\Biblioteca_Manuais_e_Cursos\Livro - ELABORAÇÃO DE ETP E TR EFICIENTES COM O CHATGPT EM CONTRATAÇÕES PÚBLICAS.pdf
PDF_SEM_MD,mestra\05_Doutrina_e_Biblioteca\Biblioteca_Manuais_e_Cursos,Livro - NLLC Esquematizada.pdf,7497,150,ESCANEADO_OU_POUCO_TEXTO,69,0.14,Decreto Estadual 21872.2023 - Regulamenta a NLLC.md,mestra\01_Normativos_Vigentes\02_Estadual_PI\Decretos,C:\Users\thiagonogueira\OneDrive - mppi.mp.br\CLC\01_Processos_e_Aquisicoes\Base de Conhecimento - Thiago\05_Doutrina_e_Biblioteca\Biblioteca_Manuais_e_Cursos\Livro - NLLC Esquematizada.pdf
PDF_SEM_MD,mestra\05_Doutrina_e_Biblioteca\Biblioteca_Manuais_e_Cursos,Manual - Manual de Planejamento da Contratação-SEMA_PMT-2023.pdf,25010,86,TEXTO,1045,0.22,Manual de Licitacoes e Contratos TJPI (2023-2024).md,mestra\01_Normativos_Vigentes\06_TJPI\Manuais_e_Guias_Tecnicos,C:\Users\thiagonogueira\OneDrive - mppi.mp.br\CLC\01_Processos_e_Aquisicoes\Base de Conhecimento - Thiago\05_Doutrina_e_Biblioteca\Biblioteca_Manuais_e_Cursos\Manual - Manual de Planejamento da Contratação-SEMA_PMT-2023.pdf
PDF_SEM_MD,mestra\05_Doutrina_e_Biblioteca\Biblioteca_Manuais_e_Cursos,Manual de Contratação de TIC sob a Ótica da Nova L.pdf,3904,336,TEXTO,707,0.12,manual-2025(e38d727ecdd5bd1591bb6f8ab47d38bd).md,mestra\01_Normativos_Vigentes\02_Estadual_PI\Manuais_e_Guias_Tecnicos,C:\Users\thiagonogueira\OneDrive - mppi.mp.br\CLC\01_Processos_e_Aquisicoes\Base de Conhecimento - Thiago\05_Doutrina_e_Biblioteca\Biblioteca_Manuais_e_Cursos\Manual de Contratação de TIC sob a Ótica da Nova L.pdf
PDF_SEM_MD,mestra\05_Doutrina_e_Biblioteca\Biblioteca_Manuais_e_Cursos,Manual do Contratos.gov.br (abr-2026) (V. 1.39.0).pdf,24051,183,TEXTO,1113,0.4,Manual Operacional - Contratos.gov.br - Perfil Fornecedor.md,mestra\05_Doutrina_e_Biblioteca\Biblioteca_Manuais_e_Cursos,C:\Users\thiagonogueira\OneDrive - mppi.mp.br\CLC\01_Processos_e_Aquisicoes\Base de Conhecimento - Thiago\05_Doutrina_e_Biblioteca\Biblioteca_Manuais_e_Cursos\Manual do Contratos.gov.br (abr-2026) (V. 1.39.0).pdf
PDF_SEM_MD,mestra\05_Doutrina_e_Biblioteca\Biblioteca_Manuais_e_Cursos,Manual MROSC – Do Planejamento à Prestação de Contas – Implementação do marco regulatório das OSC no Governo.pdf,1725,,ERRO_ABERTURA,,0.12,Manual Operacional - Dispensa Eletronica no Compras.gov.br - Visao Governo.md,mestra\05_Doutrina_e_Biblioteca\Biblioteca_Manuais_e_Cursos,C:\Users\thiagonogueira\OneDrive - mppi.mp.br\CLC\01_Processos_e_Aquisicoes\Base de Conhecimento - Thiago\05_Doutrina_e_Biblioteca\Biblioteca_Manuais_e_Cursos\Manual MROSC – Do Planejamento à Prestação de Contas – Implementação do marco regulatório das OSC no Governo.pdf
PDF_SEM_MD,mestra\05_Doutrina_e_Biblioteca\Biblioteca_Manuais_e_Cursos,Manual TCU - 2016.pdf,27500,280,TEXTO,275,0.2,manual-2025(e38d727ecdd5bd1591bb6f8ab47d38bd).md,mestra\01_Normativos_Vigentes\02_Estadual_PI\Manuais_e_Guias_Tecnicos,C:\Users\thiagonogueira\OneDrive - mppi.mp.br\CLC\01_Processos_e_Aquisicoes\Base de Conhecimento - Thiago\05_Doutrina_e_Biblioteca\Biblioteca_Manuais_e_Cursos\Manual TCU - 2016.pdf
PDF_SEM_MD,mestra\05_Doutrina_e_Biblioteca\Biblioteca_Manuais_e_Cursos,manual-comprasgovbr-contratos.pdf,24051,183,TEXTO,1113,0.33,Manual de Licitacoes e Contratos TJPI (2023-2024).md,mestra\01_Normativos_Vigentes\06_TJPI\Manuais_e_Guias_Tecnicos,C:\Users\thiagonogueira\OneDrive - mppi.mp.br\CLC\01_Processos_e_Aquisicoes\Base de Conhecimento - Thiago\05_Doutrina_e_Biblioteca\Biblioteca_Manuais_e_Cursos\manual-comprasgovbr-contratos.pdf
PDF_SEM_MD,mestra\05_Doutrina_e_Biblioteca\Biblioteca_Manuais_e_Cursos,manual-contratos-gov-br-nova-versao.pdf,9650,125,TEXTO,1669,0.44,Manual Operacional - Contratos.gov.br - Perfil Fornecedor.md,mestra\05_Doutrina_e_Biblioteca\Biblioteca_Manuais_e_Cursos,C:\Users\thiagonogueira\OneDrive - mppi.mp.br\CLC\01_Processos_e_Aquisicoes\Base de Conhecimento - Thiago\05_Doutrina_e_Biblioteca\Biblioteca_Manuais_e_Cursos\manual-contratos-gov-br-nova-versao.pdf
PDF_SEM_MD,mestra\05_Doutrina_e_Biblioteca\Biblioteca_Manuais_e_Cursos,Manual-do-Portal-da-Transparncia---5-Edio_Final.pdf,8793,148,TEXTO,353,0.17,Manual Tecnico - APIs de Consulta ao Portal Nacional de Contratacoes Publicas - PNCP.md,mestra\05_Doutrina_e_Biblioteca\Biblioteca_Manuais_e_Cursos,C:\Users\thiagonogueira\OneDrive - mppi.mp.br\CLC\01_Processos_e_Aquisicoes\Base de Conhecimento - Thiago\05_Doutrina_e_Biblioteca\Biblioteca_Manuais_e_Cursos\Manual-do-Portal-da-Transparncia---5-Edio_Final.pdf
PDF_SEM_MD,mestra\05_Doutrina_e_Biblioteca\Biblioteca_Manuais_e_Cursos,Manual_integracao_pncp.pdf,7399,433,TEXTO,1027,0.2,manual-2025(e38d727ecdd5bd1591bb6f8ab47d38bd).md,mestra\01_Normativos_Vigentes\02_Estadual_PI\Manuais_e_Guias_Tecnicos,C:\Users\thiagonogueira\OneDrive - mppi.mp.br\CLC\01_Processos_e_Aquisicoes\Base de Conhecimento - Thiago\05_Doutrina_e_Biblioteca\Biblioteca_Manuais_e_Cursos\Manual_integracao_pncp.pdf
PDF_SEM_MD,mestra\05_Doutrina_e_Biblioteca\Biblioteca_Manuais_e_Cursos,Modelo - Termo de Justificativa de Dispensa sem Disputa.pdf,222,3,ESCANEADO_OU_POUCO_TEXTO,0,0.25,Modelo de Aviso de Dispensa de Licitacao TJPI.md,mestra\01_Normativos_Vigentes\06_TJPI\Outros_Normativos,C:\Users\thiagonogueira\OneDrive - mppi.mp.br\CLC\01_Processos_e_Aquisicoes\Base de Conhecimento - Thiago\05_Doutrina_e_Biblioteca\Biblioteca_Manuais_e_Cursos\Modelo - Termo de Justificativa de Dispensa sem Disputa.pdf
PDF_SEM_MD,mestra\05_Doutrina_e_Biblioteca\Biblioteca_Manuais_e_Cursos,Operacionalização do Sistema - Jamil Manasfi.pdf,38304,165,TEXTO,720,0.17,Apostila Especializada - Curso de Contratacao Direta e Dispensa Eletronica com IA - Jamil Manasfi.md,mestra\05_Doutrina_e_Biblioteca\Biblioteca_Manuais_e_Cursos,C:\Users\thiagonogueira\OneDrive - mppi.mp.br\CLC\01_Processos_e_Aquisicoes\Base de Conhecimento - Thiago\05_Doutrina_e_Biblioteca\Biblioteca_Manuais_e_Cursos\Operacionalização do Sistema - Jamil Manasfi.pdf
PDF_SEM_MD,mestra\05_Doutrina_e_Biblioteca\Biblioteca_Manuais_e_Cursos,Operacionalização do Sistema - Vanessa Ventura.pdf,14078,246,ESCANEADO_OU_POUCO_TEXTO,144,0.14,sistema_licitacoes_mppi_roadmap_tecnico(2).md,mestra\06_Paineis_e_Contratos_Historicos,C:\Users\thiagonogueira\OneDrive - mppi.mp.br\CLC\01_Processos_e_Aquisicoes\Base de Conhecimento - Thiago\05_Doutrina_e_Biblioteca\Biblioteca_Manuais_e_Cursos\Operacionalização do Sistema - Vanessa Ventura.pdf
PDF_SEM_MD,mestra\05_Doutrina_e_Biblioteca\Biblioteca_Manuais_e_Cursos,OrientaessobreasEvoluesdaCompraDireta.pdf,9078,99,TEXTO,1352,0,,,C:\Users\thiagonogueira\OneDrive - mppi.mp.br\CLC\01_Processos_e_Aquisicoes\Base de Conhecimento - Thiago\05_Doutrina_e_Biblioteca\Biblioteca_Manuais_e_Cursos\OrientaessobreasEvoluesdaCompraDireta.pdf
PDF_SEM_MD,mestra\05_Doutrina_e_Biblioteca\Biblioteca_Manuais_e_Cursos,PARECER Nº 00004-2024-CGEST-CGU-AGU.pdf,5606,13,ESCANEADO_OU_POUCO_TEXTO,0,0.27,Federal - Parecer Referencial 00001.2026 CONJUR-MS-CGU-AGU.md,mestra\01_Normativos_Vigentes\01_Federal\Acordaos_Pareceres_Orientacoes,C:\Users\thiagonogueira\OneDrive - mppi.mp.br\CLC\01_Processos_e_Aquisicoes\Base de Conhecimento - Thiago\05_Doutrina_e_Biblioteca\Biblioteca_Manuais_e_Cursos\PARECER Nº 00004-2024-CGEST-CGU-AGU.pdf
PDF_SEM_MD,mestra\05_Doutrina_e_Biblioteca\Biblioteca_Manuais_e_Cursos,PassoapassoPGC.pdf,7533,88,ESCANEADO_OU_POUCO_TEXTO,6,0,,,C:\Users\thiagonogueira\OneDrive - mppi.mp.br\CLC\01_Processos_e_Aquisicoes\Base de Conhecimento - Thiago\05_Doutrina_e_Biblioteca\Biblioteca_Manuais_e_Cursos\PassoapassoPGC.pdf
PDF_SEM_MD,mestra\05_Doutrina_e_Biblioteca\Biblioteca_Manuais_e_Cursos,Pesquisa de Preços Nas contratações Publicas 3.pdf,1089,97,TEXTO,1877,0.57,Caderno de Logistica - Pesquisa de Precos nas Contratacoes Publicas - Governo Federal.md,mestra\05_Doutrina_e_Biblioteca\Biblioteca_Manuais_e_Cursos,C:\Users\thiagonogueira\OneDrive - mppi.mp.br\CLC\01_Processos_e_Aquisicoes\Base de Conhecimento - Thiago\05_Doutrina_e_Biblioteca\Biblioteca_Manuais_e_Cursos\Pesquisa de Preços Nas contratações Publicas 3.pdf
PDF_SEM_MD,mestra\05_Doutrina_e_Biblioteca\Biblioteca_Manuais_e_Cursos,Slides - 50 Erros mais Comuns em Licitações.pdf,329,111,TEXTO,331,0.12,Mapeamento_Licitacoes_TCE_PI.md,mestra\06_Paineis_e_Contratos_Historicos,C:\Users\thiagonogueira\OneDrive - mppi.mp.br\CLC\01_Processos_e_Aquisicoes\Base de Conhecimento - Thiago\05_Doutrina_e_Biblioteca\Biblioteca_Manuais_e_Cursos\Slides - 50 Erros mais Comuns em Licitações.pdf
PDF_SEM_MD,mestra\05_Doutrina_e_Biblioteca\Biblioteca_Manuais_e_Cursos,Slides - IA Aplicada nas Licitações.pdf,31872,33,ESCANEADO_OU_POUCO_TEXTO,0,0.29,Caderno_Prompts_IA_Auditoria_Licitacoes.md,mestra\00_Ferramentas_e_Scripts_Analise,C:\Users\thiagonogueira\OneDrive - mppi.mp.br\CLC\01_Processos_e_Aquisicoes\Base de Conhecimento - Thiago\05_Doutrina_e_Biblioteca\Biblioteca_Manuais_e_Cursos\Slides - IA Aplicada nas Licitações.pdf
PDF_SEM_MD,mestra\05_Doutrina_e_Biblioteca\Biblioteca_Manuais_e_Cursos,Storytelling com Dados (Cole Nussbaumer Knaflic [Knaflic etc.).pdf,9688,269,TEXTO,433,0.12,2.4.6_Fórum_de_discussão_de_dados.md,mestra\05_Doutrina_e_Biblioteca\BID - Cursos\Guias_Digitais_e_Leituras_MD,C:\Users\thiagonogueira\OneDrive - mppi.mp.br\CLC\01_Processos_e_Aquisicoes\Base de Conhecimento - Thiago\05_Doutrina_e_Biblioteca\Biblioteca_Manuais_e_Cursos\Storytelling com Dados (Cole Nussbaumer Knaflic [Knaflic etc.).pdf
PDF_SEM_MD,mestra\05_Doutrina_e_Biblioteca\Biblioteca_Manuais_e_Cursos,TCE-PR – Cartilha de Obras e Serviços de Engenharia- estudo técnico preliminar.pdf,4010,85,TEXTO,1186,0.46,Guia E-BOX 02 - Estudo Tecnico Preliminar para Obras e Servicos de Engenharia - Hamilton Bonatto.md,mestra\05_Doutrina_e_Biblioteca\Biblioteca_Manuais_e_Cursos,C:\Users\thiagonogueira\OneDrive - mppi.mp.br\CLC\01_Processos_e_Aquisicoes\Base de Conhecimento - Thiago\05_Doutrina_e_Biblioteca\Biblioteca_Manuais_e_Cursos\TCE-PR – Cartilha de Obras e Serviços de Engenharia- estudo técnico preliminar.pdf
PDF_SEM_MD,mestra\05_Doutrina_e_Biblioteca\Biblioteca_Manuais_e_Cursos,TCU – Transição Energética- guia prático de auditoria para instituições superiores de controle.pdf,46350,94,ESCANEADO_OU_POUCO_TEXTO,141,0.13,Acórdão TCU nº 547-2026 - Plenário - Auditoria SRP e PNCP.md,mestra\01_Normativos_Vigentes\01_Federal\Acordaos_Pareceres_Orientacoes,C:\Users\thiagonogueira\OneDrive - mppi.mp.br\CLC\01_Processos_e_Aquisicoes\Base de Conhecimento - Thiago\05_Doutrina_e_Biblioteca\Biblioteca_Manuais_e_Cursos\TCU – Transição Energética- guia prático de auditoria para instituições superiores de controle.pdf
PDF_SEM_MD,mestra\05_Doutrina_e_Biblioteca\Biblioteca_Manuais_e_Cursos,TEMPORÁRIO Manual Contratos Gov.br - Nova Versão - 2.14.0 – set.2026.pdf,20855,145,TEXTO,1868,0.31,Manual Operacional - Contratos.gov.br - Perfil Fornecedor.md,mestra\05_Doutrina_e_Biblioteca\Biblioteca_Manuais_e_Cursos,C:\Users\thiagonogueira\OneDrive - mppi.mp.br\CLC\01_Processos_e_Aquisicoes\Base de Conhecimento - Thiago\05_Doutrina_e_Biblioteca\Biblioteca_Manuais_e_Cursos\TEMPORÁRIO Manual Contratos Gov.br - Nova Versão - 2.14.0 – set.2026.pdf
PDF_SEM_MD,mestra\05_Doutrina_e_Biblioteca\Biblioteca_Manuais_e_Cursos,Transcrição.pdf,302,88,TEXTO,2073,0,,,C:\Users\thiagonogueira\OneDrive - mppi.mp.br\CLC\01_Processos_e_Aquisicoes\Base de Conhecimento - Thiago\05_Doutrina_e_Biblioteca\Biblioteca_Manuais_e_Cursos\Transcrição.pdf
PDF_SEM_MD,mestra\05_Doutrina_e_Biblioteca\Biblioteca_Manuais_e_Cursos,UNIFESPA - Fluxo Descritivo das Contratações Diretas para ações de Desenv. e Capacitação.pdf,328,1,ESCANEADO_OU_POUCO_TEXTO,0,0.18,Apostila_Capacitacao_Contratacoes_Modulo_01.md,mestra\05_Doutrina_e_Biblioteca\Biblioteca_Manuais_e_Cursos,C:\Users\thiagonogueira\OneDrive - mppi.mp.br\CLC\01_Processos_e_Aquisicoes\Base de Conhecimento - Thiago\05_Doutrina_e_Biblioteca\Biblioteca_Manuais_e_Cursos\UNIFESPA - Fluxo Descritivo das Contratações Diretas para ações de Desenv. e Capacitação.pdf
PDF_SEM_MD,mestra\05_Doutrina_e_Biblioteca\Biblioteca_Manuais_e_Cursos,Zênite - Apresentação - Curso Habilitação nas Contratações Públicas.pdf,7005,218,TEXTO,242,0.21,Cartilha Zenite - 5 Erros que Voce Nao Pode Cometer com IA nas Contratacoes Publicas.md,mestra\05_Doutrina_e_Biblioteca\Biblioteca_Manuais_e_Cursos,C:\Users\thiagonogueira\OneDrive - mppi.mp.br\CLC\01_Processos_e_Aquisicoes\Base de Conhecimento - Thiago\05_Doutrina_e_Biblioteca\Biblioteca_Manuais_e_Cursos\Zênite - Apresentação - Curso Habilitação nas Contratações Públicas.pdf
PDF_SEM_MD,mestra\05_Doutrina_e_Biblioteca\Biblioteca_Manuais_e_Cursos,Zênite - Compilado de Leis sobre Licitações e Contratos.pdf,9228,1781,TEXTO,575,0.27,Manual Consultivo - Perguntas e Respostas sobre Licitacoes e Contratos Administrativos.md,mestra\05_Doutrina_e_Biblioteca\Biblioteca_Manuais_e_Cursos,C:\Users\thiagonogueira\OneDrive - mppi.mp.br\CLC\01_Processos_e_Aquisicoes\Base de Conhecimento - Thiago\05_Doutrina_e_Biblioteca\Biblioteca_Manuais_e_Cursos\Zênite - Compilado de Leis sobre Licitações e Contratos.pdf
PDF_SEM_MD,mestra\05_Doutrina_e_Biblioteca\Biblioteca_Manuais_e_Cursos\Manuais,AGU – Parecer nº 00453-2024 – Renovação de quantitativos em caso de prorrogação da ata de registro de preços.pdf,167,,ERRO_ABERTURA,,0.58,Parecer AGU 00453.2024 - Renovacao de Quantitativos na Prorrogacao de ARP.md,mestra\05_Doutrina_e_Biblioteca\Biblioteca_Manuais_e_Cursos,C:\Users\thiagonogueira\OneDrive - mppi.mp.br\CLC\01_Processos_e_Aquisicoes\Base de Conhecimento - Thiago\05_Doutrina_e_Biblioteca\Biblioteca_Manuais_e_Cursos\Manuais\AGU – Parecer nº 00453-2024 – Renovação de quantitativos em caso de prorrogação da ata de registro de preços.pdf
PDF_SEM_MD,mestra\05_Doutrina_e_Biblioteca\Biblioteca_Manuais_e_Cursos\Manuais,Apostila - CURSO DE CONTRATAÇÃO DIRETA E DISPENSA ELETRÔNICA COM IA - JAMIL - IINEX_ocred.pdf,45667,,ERRO_ABERTURA,,0.73,Apostila Especializada - Curso de Contratacao Direta e Dispensa Eletronica com IA - Jamil Manasfi.md,mestra\05_Doutrina_e_Biblioteca\Biblioteca_Manuais_e_Cursos,C:\Users\thiagonogueira\OneDrive - mppi.mp.br\CLC\01_Processos_e_Aquisicoes\Base de Conhecimento - Thiago\05_Doutrina_e_Biblioteca\Biblioteca_Manuais_e_Cursos\Manuais\Apostila - CURSO DE CONTRATAÇÃO DIRETA E DISPENSA ELETRÔNICA COM IA - JAMIL - IINEX_ocred.pdf
PDF_SEM_MD,mestra\05_Doutrina_e_Biblioteca\Biblioteca_Manuais_e_Cursos\Manuais,Artigo - A existência de prop inferiores de outros profis impede a contratação por inex de not especialista.pdf,879,,ERRO_ABERTURA,,0.18,Artigo Doutrinario - Existencia de Propostas Menores Impede Inexigibilidade por Notoria Especializacao.md,mestra\05_Doutrina_e_Biblioteca\Biblioteca_Manuais_e_Cursos,C:\Users\thiagonogueira\OneDrive - mppi.mp.br\CLC\01_Processos_e_Aquisicoes\Base de Conhecimento - Thiago\05_Doutrina_e_Biblioteca\Biblioteca_Manuais_e_Cursos\Manuais\Artigo - A existência de prop inferiores de outros profis impede a contratação por inex de not especialista.pdf
PDF_SEM_MD,mestra\05_Doutrina_e_Biblioteca\Biblioteca_Manuais_e_Cursos\Manuais,"Artigo - A fase recursal na nova Lei de Licitaçõesuma análise comparativa com as Leis n°8.66693, 10.5202002 e 12.462.pdf",628,,ERRO_ABERTURA,,0.44,Artigo Doutrinario - A Fase Recursal na Nova Lei de Licitacoes - Analise Comparativa.md,mestra\05_Doutrina_e_Biblioteca\Biblioteca_Manuais_e_Cursos,"C:\Users\thiagonogueira\OneDrive - mppi.mp.br\CLC\01_Processos_e_Aquisicoes\Base de Conhecimento - Thiago\05_Doutrina_e_Biblioteca\Biblioteca_Manuais_e_Cursos\Manuais\Artigo - A fase recursal na nova Lei de Licitaçõesuma análise comparativa com as Leis n°8.66693, 10.5202002 e 12.462.pdf"
PDF_SEM_MD,mestra\05_Doutrina_e_Biblioteca\Biblioteca_Manuais_e_Cursos\Manuais,Artigo - A Pesquisa de Preços Concomitante à Seleção da Proposta na Dispensa Eletrônica..pdf,182,17,TEXTO,2217,0.89,Artigo Doutrinario - Pesquisa de Precos Concomitante a Selecao da Proposta na Dispensa Eletronica.md,mestra\05_Doutrina_e_Biblioteca\Biblioteca_Manuais_e_Cursos,C:\Users\thiagonogueira\OneDrive - mppi.mp.br\CLC\01_Processos_e_Aquisicoes\Base de Conhecimento - Thiago\05_Doutrina_e_Biblioteca\Biblioteca_Manuais_e_Cursos\Manuais\Artigo - A Pesquisa de Preços Concomitante à Seleção da Proposta na Dispensa Eletrônica..pdf
PDF_SEM_MD,mestra\05_Doutrina_e_Biblioteca\Biblioteca_Manuais_e_Cursos\Manuais,Artigo - As Quatro Formatações da Dispensa por Valor nos Termos da NLLC e as Regulamentações Pertinentes.pdf,150,,ERRO_ABERTURA,,0.6,Artigo Doutrinario - As Quatro Formatacoes da Dispensa por Valor na NLLC.md,mestra\05_Doutrina_e_Biblioteca\Biblioteca_Manuais_e_Cursos,C:\Users\thiagonogueira\OneDrive - mppi.mp.br\CLC\01_Processos_e_Aquisicoes\Base de Conhecimento - Thiago\05_Doutrina_e_Biblioteca\Biblioteca_Manuais_e_Cursos\Manuais\Artigo - As Quatro Formatações da Dispensa por Valor nos Termos da NLLC e as Regulamentações Pertinentes.pdf
PDF_SEM_MD,mestra\05_Doutrina_e_Biblioteca\Biblioteca_Manuais_e_Cursos\Manuais,Artigo - Como formalizar a prorrogação da vigência de uma ARP.pdf,243,2,TEXTO,2182,0.86,Artigo Doutrinario - Como Formalizar a Prorrogacao da Vigencia de uma ARP.md,mestra\05_Doutrina_e_Biblioteca\Biblioteca_Manuais_e_Cursos,C:\Users\thiagonogueira\OneDrive - mppi.mp.br\CLC\01_Processos_e_Aquisicoes\Base de Conhecimento - Thiago\05_Doutrina_e_Biblioteca\Biblioteca_Manuais_e_Cursos\Manuais\Artigo - Como formalizar a prorrogação da vigência de uma ARP.pdf
PDF_SEM_MD,mestra\05_Doutrina_e_Biblioteca\Biblioteca_Manuais_e_Cursos\Manuais,"Artigo - Das Impugnações, dos Pedidos de Esclarecimento e dos Recursos nas Dispensas de Licitação.pdf",374,,ERRO_ABERTURA,,0.75,Artigo Doutrinario - Impugnacoes Pedidos de Esclarecimento e Recursos nas Dispensas.md,mestra\05_Doutrina_e_Biblioteca\Biblioteca_Manuais_e_Cursos,"C:\Users\thiagonogueira\OneDrive - mppi.mp.br\CLC\01_Processos_e_Aquisicoes\Base de Conhecimento - Thiago\05_Doutrina_e_Biblioteca\Biblioteca_Manuais_e_Cursos\Manuais\Artigo - Das Impugnações, dos Pedidos de Esclarecimento e dos Recursos nas Dispensas de Licitação.pdf"
PDF_SEM_MD,mestra\05_Doutrina_e_Biblioteca\Biblioteca_Manuais_e_Cursos\Manuais,Artigo - Leonardo Mota - Dispensa de licitação na nova Lei de Licitações e Contratos Administrativos.pdf,141,,ERRO_ABERTURA,,0.73,Artigo Doutrinario - Leonardo Mota - Dispensa de Licitacao na Nova Lei de Licitacoes.md,mestra\05_Doutrina_e_Biblioteca\Biblioteca_Manuais_e_Cursos,C:\Users\thiagonogueira\OneDrive - mppi.mp.br\CLC\01_Processos_e_Aquisicoes\Base de Conhecimento - Thiago\05_Doutrina_e_Biblioteca\Biblioteca_Manuais_e_Cursos\Manuais\Artigo - Leonardo Mota - Dispensa de licitação na nova Lei de Licitações e Contratos Administrativos.pdf
PDF_SEM_MD,mestra\05_Doutrina_e_Biblioteca\Biblioteca_Manuais_e_Cursos\Manuais,Artigo - Sem Singularidade não há Inexigibilidade.pdf,143,4,TEXTO,1886,0.86,Artigo Doutrinario - Sem Singularidade nao ha Inexigibilidade.md,mestra\05_Doutrina_e_Biblioteca\Biblioteca_Manuais_e_Cursos,C:\Users\thiagonogueira\OneDrive - mppi.mp.br\CLC\01_Processos_e_Aquisicoes\Base de Conhecimento - Thiago\05_Doutrina_e_Biblioteca\Biblioteca_Manuais_e_Cursos\Manuais\Artigo - Sem Singularidade não há Inexigibilidade.pdf
PDF_SEM_MD,mestra\05_Doutrina_e_Biblioteca\Biblioteca_Manuais_e_Cursos\Manuais,Aspectos gerais da nova lei de licitações e contratos 14.133.21.pdf,1164,78,TEXTO,2230,0.43,Apostila Tecnica - Aspectos Gerais da Nova Lei de Licitacoes e Contratos 14133 - Jamil Manasfi.md,mestra\05_Doutrina_e_Biblioteca\Biblioteca_Manuais_e_Cursos,C:\Users\thiagonogueira\OneDrive - mppi.mp.br\CLC\01_Processos_e_Aquisicoes\Base de Conhecimento - Thiago\05_Doutrina_e_Biblioteca\Biblioteca_Manuais_e_Cursos\Manuais\Aspectos gerais da nova lei de licitações e contratos 14.133.21.pdf
PDF_SEM_MD,mestra\05_Doutrina_e_Biblioteca\Biblioteca_Manuais_e_Cursos\Manuais,ATO 008_2024_PGJ - que define os procedimentos administrativos de contratação de bens e serviços no âmbito do MPAM.pdf,202,,ERRO_ABERTURA,,0.77,Ato PGJ-MPAM 008.2024 - Procedimentos Administrativos de Contratacao de Bens e Servicos.md,mestra\05_Doutrina_e_Biblioteca\Biblioteca_Manuais_e_Cursos,C:\Users\thiagonogueira\OneDrive - mppi.mp.br\CLC\01_Processos_e_Aquisicoes\Base de Conhecimento - Thiago\05_Doutrina_e_Biblioteca\Biblioteca_Manuais_e_Cursos\Manuais\ATO 008_2024_PGJ - que define os procedimentos administrativos de contratação de bens e serviços no âmbito do MPAM.pdf
PDF_SEM_MD,mestra\05_Doutrina_e_Biblioteca\Biblioteca_Manuais_e_Cursos\Manuais,Contratos.gov – Manual operacional de gestão e fiscalização contratual.pdf,864,70,TEXTO,1360,0.78,Manual Operacional - Gestao e Fiscalizacao Contratual no Sistema Contratos.gov.br.md,mestra\05_Doutrina_e_Biblioteca\Biblioteca_Manuais_e_Cursos,C:\Users\thiagonogueira\OneDrive - mppi.mp.br\CLC\01_Processos_e_Aquisicoes\Base de Conhecimento - Thiago\05_Doutrina_e_Biblioteca\Biblioteca_Manuais_e_Cursos\Manuais\Contratos.gov – Manual operacional de gestão e fiscalização contratual.pdf
PDF_SEM_MD,mestra\05_Doutrina_e_Biblioteca\Biblioteca_Manuais_e_Cursos\Manuais,"Controladoria-Geral da União- Guia referencial para identificação, quantificaçao e mitigação de superfaturame.pdf",2229,,ERRO_ABERTURA,,0.45,Guia Referencial CGU - Identificacao Quantificacao e Mitigacao de Superfaturamento.md,mestra\05_Doutrina_e_Biblioteca\Biblioteca_Manuais_e_Cursos,"C:\Users\thiagonogueira\OneDrive - mppi.mp.br\CLC\01_Processos_e_Aquisicoes\Base de Conhecimento - Thiago\05_Doutrina_e_Biblioteca\Biblioteca_Manuais_e_Cursos\Manuais\Controladoria-Geral da União- Guia referencial para identificação, quantificaçao e mitigação de superfaturame.pdf"
PDF_SEM_MD,mestra\05_Doutrina_e_Biblioteca\Biblioteca_Manuais_e_Cursos\Manuais,Curso Elaboração do Termo de Referência e Pesquisa de Preços nas Contratações Públicas - Parte 01.pdf,568,,ERRO_ABERTURA,,0.73,Curso Pratico - Elaboracao de Termo de Referencia e Pesquisa de Precos - Parte 01.md,mestra\05_Doutrina_e_Biblioteca\Biblioteca_Manuais_e_Cursos,C:\Users\thiagonogueira\OneDrive - mppi.mp.br\CLC\01_Processos_e_Aquisicoes\Base de Conhecimento - Thiago\05_Doutrina_e_Biblioteca\Biblioteca_Manuais_e_Cursos\Manuais\Curso Elaboração do Termo de Referência e Pesquisa de Preços nas Contratações Públicas - Parte 01.pdf
PDF_SEM_MD,mestra\05_Doutrina_e_Biblioteca\Biblioteca_Manuais_e_Cursos\Manuais,Curso Elaboração do Termo de Referência e Pesquisa de Preços nas Contratações Públicas - Parte 02.pdf,714,,ERRO_ABERTURA,,0.73,Curso Pratico - Elaboracao de Termo de Referencia e Pesquisa de Precos - Parte 02.md,mestra\05_Doutrina_e_Biblioteca\Biblioteca_Manuais_e_Cursos,C:\Users\thiagonogueira\OneDrive - mppi.mp.br\CLC\01_Processos_e_Aquisicoes\Base de Conhecimento - Thiago\05_Doutrina_e_Biblioteca\Biblioteca_Manuais_e_Cursos\Manuais\Curso Elaboração do Termo de Referência e Pesquisa de Preços nas Contratações Públicas - Parte 02.pdf
PDF_SEM_MD,mestra\05_Doutrina_e_Biblioteca\Biblioteca_Manuais_e_Cursos\Manuais,Decreto PMT 24750.2023.pdf,291,6,TEXTO,2798,0.44,Decreto Municipal PMT 24750.2023 - Procedimentos da Nova Lei de Licitacoes.md,mestra\05_Doutrina_e_Biblioteca\Biblioteca_Manuais_e_Cursos,C:\Users\thiagonogueira\OneDrive - mppi.mp.br\CLC\01_Processos_e_Aquisicoes\Base de Conhecimento - Thiago\05_Doutrina_e_Biblioteca\Biblioteca_Manuais_e_Cursos\Manuais\Decreto PMT 24750.2023.pdf
PDF_SEM_MD,mestra\05_Doutrina_e_Biblioteca\Biblioteca_Manuais_e_Cursos\Manuais,Decreto PMT 25530.2024 - Regula-o-procedimento-de-contratacao-direta.pdf,324,8,TEXTO,2879,0.6,Decreto Municipal PMT 25530.2024 - Regulamentacao da Contratacao Direta.md,mestra\05_Doutrina_e_Biblioteca\Biblioteca_Manuais_e_Cursos,C:\Users\thiagonogueira\OneDrive - mppi.mp.br\CLC\01_Processos_e_Aquisicoes\Base de Conhecimento - Thiago\05_Doutrina_e_Biblioteca\Biblioteca_Manuais_e_Cursos\Manuais\Decreto PMT 25530.2024 - Regula-o-procedimento-de-contratacao-direta.pdf
PDF_SEM_MD,mestra\05_Doutrina_e_Biblioteca\Biblioteca_Manuais_e_Cursos\Manuais,E-BOX 01 - ESTUDO TÉCNICO PRELIMINAR - AQUISIÇÕES - SERVIÇOS EM GERAL.pdf,3176,43,TEXTO,481,0.73,Guia E-BOX 01 - Estudo Tecnico Preliminar para Aquisicoes e Servicos em Geral - Hamilton Bonatto.md,mestra\05_Doutrina_e_Biblioteca\Biblioteca_Manuais_e_Cursos,C:\Users\thiagonogueira\OneDrive - mppi.mp.br\CLC\01_Processos_e_Aquisicoes\Base de Conhecimento - Thiago\05_Doutrina_e_Biblioteca\Biblioteca_Manuais_e_Cursos\Manuais\E-BOX 01 - ESTUDO TÉCNICO PRELIMINAR - AQUISIÇÕES - SERVIÇOS EM GERAL.pdf
PDF_SEM_MD,mestra\05_Doutrina_e_Biblioteca\Biblioteca_Manuais_e_Cursos\Manuais,E-BOX 02 - ESTUDO TÉCNICO PRELIMINAR - OBRAS E SERVIÇOS DE ENGENHARIA.pdf,6435,45,TEXTO,482,0.73,Guia E-BOX 02 - Estudo Tecnico Preliminar para Obras e Servicos de Engenharia - Hamilton Bonatto.md,mestra\05_Doutrina_e_Biblioteca\Biblioteca_Manuais_e_Cursos,C:\Users\thiagonogueira\OneDrive - mppi.mp.br\CLC\01_Processos_e_Aquisicoes\Base de Conhecimento - Thiago\05_Doutrina_e_Biblioteca\Biblioteca_Manuais_e_Cursos\Manuais\E-BOX 02 - ESTUDO TÉCNICO PRELIMINAR - OBRAS E SERVIÇOS DE ENGENHARIA.pdf
PDF_SEM_MD,mestra\05_Doutrina_e_Biblioteca\Biblioteca_Manuais_e_Cursos\Manuais,E-BOX 03 - ESTUDO TÉCNICO PRELIMINAR TIC.pdf,2579,51,TEXTO,501,0.6,Guia E-BOX 03 - Estudo Tecnico Preliminar para Solucoes de TIC - Hamilton Bonatto.md,mestra\05_Doutrina_e_Biblioteca\Biblioteca_Manuais_e_Cursos,C:\Users\thiagonogueira\OneDrive - mppi.mp.br\CLC\01_Processos_e_Aquisicoes\Base de Conhecimento - Thiago\05_Doutrina_e_Biblioteca\Biblioteca_Manuais_e_Cursos\Manuais\E-BOX 03 - ESTUDO TÉCNICO PRELIMINAR TIC.pdf
PDF_SEM_MD,mestra\05_Doutrina_e_Biblioteca\Biblioteca_Manuais_e_Cursos\Manuais,Enap - Caderno de curso Nova lei de licitações - Planejamento e Governança.pdf,1237,54,TEXTO,707,1.0,Caderno de Curso ENAP - Nova Lei de Licitacoes - Planejamento e Governanca.md,mestra\05_Doutrina_e_Biblioteca\Biblioteca_Manuais_e_Cursos,C:\Users\thiagonogueira\OneDrive - mppi.mp.br\CLC\01_Processos_e_Aquisicoes\Base de Conhecimento - Thiago\05_Doutrina_e_Biblioteca\Biblioteca_Manuais_e_Cursos\Manuais\Enap - Caderno de curso Nova lei de licitações - Planejamento e Governança.pdf
PDF_SEM_MD,mestra\05_Doutrina_e_Biblioteca\Biblioteca_Manuais_e_Cursos\Manuais,Estudo Temático do TCE-MG (fev-2025)- Terceirização na Administração Pública - Um levantamento jurisprudencia.pdf,5235,,ERRO_ABERTURA,,0.64,Estudo Tematico TCE-MG - Terceirizacao na Administracao Publica - Levantamento Jurisprudencial.md,mestra\05_Doutrina_e_Biblioteca\Biblioteca_Manuais_e_Cursos,C:\Users\thiagonogueira\OneDrive - mppi.mp.br\CLC\01_Processos_e_Aquisicoes\Base de Conhecimento - Thiago\05_Doutrina_e_Biblioteca\Biblioteca_Manuais_e_Cursos\Manuais\Estudo Temático do TCE-MG (fev-2025)- Terceirização na Administração Pública - Um levantamento jurisprudencia.pdf
PDF_SEM_MD,mestra\05_Doutrina_e_Biblioteca\Biblioteca_Manuais_e_Cursos\Manuais,estudo_tematico_recuperacao_judicial.pdf,7511,32,TEXTO,1250,0.5,Estudo Tematico - Participacao de Empresas em Recuperacao Judicial em Licitacoes Publicas.md,mestra\05_Doutrina_e_Biblioteca\Biblioteca_Manuais_e_Cursos,C:\Users\thiagonogueira\OneDrive - mppi.mp.br\CLC\01_Processos_e_Aquisicoes\Base de Conhecimento - Thiago\05_Doutrina_e_Biblioteca\Biblioteca_Manuais_e_Cursos\Manuais\estudo_tematico_recuperacao_judicial.pdf
PDF_SEM_MD,mestra\05_Doutrina_e_Biblioteca\Biblioteca_Manuais_e_Cursos\Manuais,Federal - Caderno de Logistica - Pesquisa de Preços - 2017.pdf,558,23,TEXTO,1062,0.5,Caderno de Logistica - Pesquisa de Precos nas Contratacoes Publicas - Governo Federal.md,mestra\05_Doutrina_e_Biblioteca\Biblioteca_Manuais_e_Cursos,C:\Users\thiagonogueira\OneDrive - mppi.mp.br\CLC\01_Processos_e_Aquisicoes\Base de Conhecimento - Thiago\05_Doutrina_e_Biblioteca\Biblioteca_Manuais_e_Cursos\Manuais\Federal - Caderno de Logistica - Pesquisa de Preços - 2017.pdf
PDF_SEM_MD,mestra\05_Doutrina_e_Biblioteca\Biblioteca_Manuais_e_Cursos\Manuais,FLUXOGRAMA ATOS PARA A APLICAÇÃO DE SANÇÕES CONTRATUAIS (1) - Copia.pdf,187,2,TEXTO,1686,0.71,Fluxograma Operacional - Atos para Aplicacao de Sancoes Contratuais.md,mestra\05_Doutrina_e_Biblioteca\Biblioteca_Manuais_e_Cursos,C:\Users\thiagonogueira\OneDrive - mppi.mp.br\CLC\01_Processos_e_Aquisicoes\Base de Conhecimento - Thiago\05_Doutrina_e_Biblioteca\Biblioteca_Manuais_e_Cursos\Manuais\FLUXOGRAMA ATOS PARA A APLICAÇÃO DE SANÇÕES CONTRATUAIS (1) - Copia.pdf
PDF_SEM_MD,mestra\05_Doutrina_e_Biblioteca\Biblioteca_Manuais_e_Cursos\Manuais,Guia Prático de Contratações em Situações de Calamidade Pública da CGU – Conforme a Medida Provisória nº 1.22.pdf,601,,ERRO_ABERTURA,,0.54,Guia Pratico CGU - Contratacoes em Situacoes de Calamidade Publica - MP 1221.md,mestra\05_Doutrina_e_Biblioteca\Biblioteca_Manuais_e_Cursos,C:\Users\thiagonogueira\OneDrive - mppi.mp.br\CLC\01_Processos_e_Aquisicoes\Base de Conhecimento - Thiago\05_Doutrina_e_Biblioteca\Biblioteca_Manuais_e_Cursos\Manuais\Guia Prático de Contratações em Situações de Calamidade Pública da CGU – Conforme a Medida Provisória nº 1.22.pdf
PDF_SEM_MD,mestra\05_Doutrina_e_Biblioteca\Biblioteca_Manuais_e_Cursos\Manuais,GUIAREEMBOLSOCRECHEAbril_26.pdf,3424,22,TEXTO,867,0.11,modelo-de-edital-credenciamento-lei-no-14-133-abr-26.md,mestra\03_Modelos_e_Minutas\Modelos_AGU_14133\Contratação Direta,C:\Users\thiagonogueira\OneDrive - mppi.mp.br\CLC\01_Processos_e_Aquisicoes\Base de Conhecimento - Thiago\05_Doutrina_e_Biblioteca\Biblioteca_Manuais_e_Cursos\Manuais\GUIAREEMBOLSOCRECHEAbril_26.pdf
PDF_SEM_MD,mestra\05_Doutrina_e_Biblioteca\Biblioteca_Manuais_e_Cursos\Manuais,Guia_boas_praticas_contratacoes_publicas_publicidade_4749af44f2.pdf,918,58,TEXTO,576,0.75,Guia de Boas Praticas - Contratacoes Publicas de Servicos de Publicidade.md,mestra\05_Doutrina_e_Biblioteca\Biblioteca_Manuais_e_Cursos,C:\Users\thiagonogueira\OneDrive - mppi.mp.br\CLC\01_Processos_e_Aquisicoes\Base de Conhecimento - Thiago\05_Doutrina_e_Biblioteca\Biblioteca_Manuais_e_Cursos\Manuais\Guia_boas_praticas_contratacoes_publicas_publicidade_4749af44f2.pdf
PDF_SEM_MD,mestra\05_Doutrina_e_Biblioteca\Biblioteca_Manuais_e_Cursos\Manuais,ia-generativa-no-servico-publico.pdf,2670,34,TEXTO,561,0.3,Guia Conjunto MF-MGI - Inteligencia Artificial Generativa no Servico Publico.md,mestra\05_Doutrina_e_Biblioteca\Biblioteca_Manuais_e_Cursos,C:\Users\thiagonogueira\OneDrive - mppi.mp.br\CLC\01_Processos_e_Aquisicoes\Base de Conhecimento - Thiago\05_Doutrina_e_Biblioteca\Biblioteca_Manuais_e_Cursos\Manuais\ia-generativa-no-servico-publico.pdf
PDF_SEM_MD,mestra\05_Doutrina_e_Biblioteca\Biblioteca_Manuais_e_Cursos\Manuais,INOVAGOV SC – Guia para Planejamento de Contratações de Inovação no Setor Público.pdf,2045,24,TEXTO,424,1.0,Guia INOVAGOV-SC - Planejamento de Contratacoes de Inovacao no Setor Publico.md,mestra\05_Doutrina_e_Biblioteca\Biblioteca_Manuais_e_Cursos,C:\Users\thiagonogueira\OneDrive - mppi.mp.br\CLC\01_Processos_e_Aquisicoes\Base de Conhecimento - Thiago\05_Doutrina_e_Biblioteca\Biblioteca_Manuais_e_Cursos\Manuais\INOVAGOV SC – Guia para Planejamento de Contratações de Inovação no Setor Público.pdf
PDF_SEM_MD,mestra\05_Doutrina_e_Biblioteca\Biblioteca_Manuais_e_Cursos\Manuais,Livro - 218187_LV_Compras publicas_Cap03.pdf,759,47,TEXTO,2480,0.17,Manual de Orientacao - Compras Publicas Baseadas na Relacao Custo-Beneficio.md,mestra\05_Doutrina_e_Biblioteca\Biblioteca_Manuais_e_Cursos,C:\Users\thiagonogueira\OneDrive - mppi.mp.br\CLC\01_Processos_e_Aquisicoes\Base de Conhecimento - Thiago\05_Doutrina_e_Biblioteca\Biblioteca_Manuais_e_Cursos\Manuais\Livro - 218187_LV_Compras publicas_Cap03.pdf
PDF_SEM_MD,mestra\05_Doutrina_e_Biblioteca\Biblioteca_Manuais_e_Cursos\Manuais,Livro - Aula 002 - PDFL -  (Capítulo Livro) TIPOLOGIA DE FRAUDES EM LICITAÇÃO.pdf,3007,50,TEXTO,1639,0.15,Manual Doutrinario - Tipologia de Fraudes em Licitacoes e Mecanismos de Prevencao.md,mestra\05_Doutrina_e_Biblioteca\Biblioteca_Manuais_e_Cursos,C:\Users\thiagonogueira\OneDrive - mppi.mp.br\CLC\01_Processos_e_Aquisicoes\Base de Conhecimento - Thiago\05_Doutrina_e_Biblioteca\Biblioteca_Manuais_e_Cursos\Manuais\Livro - Aula 002 - PDFL -  (Capítulo Livro) TIPOLOGIA DE FRAUDES EM LICITAÇÃO.pdf
PDF_SEM_MD,mestra\05_Doutrina_e_Biblioteca\Biblioteca_Manuais_e_Cursos\Manuais,Manual - Capítulo de Compras Governamentais no Brasil.pdf,368,37,TEXTO,752,0.62,Manual - Capitulo de Compras Governamentais no Brasil - Visao Geral e Fundamentos.md,mestra\05_Doutrina_e_Biblioteca\Biblioteca_Manuais_e_Cursos,C:\Users\thiagonogueira\OneDrive - mppi.mp.br\CLC\01_Processos_e_Aquisicoes\Base de Conhecimento - Thiago\05_Doutrina_e_Biblioteca\Biblioteca_Manuais_e_Cursos\Manuais\Manual - Capítulo de Compras Governamentais no Brasil.pdf
PDF_SEM_MD,mestra\05_Doutrina_e_Biblioteca\Biblioteca_Manuais_e_Cursos\Manuais,Manual - Dispensa Eletrônica - Governo (padrão) (3).pdf,6394,54,TEXTO,867,0.4,Manual Operacional - Dispensa Eletronica no Compras.gov.br - Visao Governo.md,mestra\05_Doutrina_e_Biblioteca\Biblioteca_Manuais_e_Cursos,C:\Users\thiagonogueira\OneDrive - mppi.mp.br\CLC\01_Processos_e_Aquisicoes\Base de Conhecimento - Thiago\05_Doutrina_e_Biblioteca\Biblioteca_Manuais_e_Cursos\Manuais\Manual - Dispensa Eletrônica - Governo (padrão) (3).pdf
PDF_SEM_MD,mestra\05_Doutrina_e_Biblioteca\Biblioteca_Manuais_e_Cursos\Manuais,Manual - Dispensa Eletrônica - Governo (padrão).pdf,6428,54,TEXTO,867,0.4,Manual Operacional - Dispensa Eletronica no Compras.gov.br - Visao Governo.md,mestra\05_Doutrina_e_Biblioteca\Biblioteca_Manuais_e_Cursos,C:\Users\thiagonogueira\OneDrive - mppi.mp.br\CLC\01_Processos_e_Aquisicoes\Base de Conhecimento - Thiago\05_Doutrina_e_Biblioteca\Biblioteca_Manuais_e_Cursos\Manuais\Manual - Dispensa Eletrônica - Governo (padrão).pdf
PDF_SEM_MD,mestra\05_Doutrina_e_Biblioteca\Biblioteca_Manuais_e_Cursos\Manuais,Manual Compras e Licitacoes TRT 2 SP - 2024-2026.pdf,2787,82,TEXTO,1122,0.33,Manual de Licitacoes e Contratos TJPI (2023-2024).md,mestra\01_Normativos_Vigentes\06_TJPI\Manuais_e_Guias_Tecnicos,C:\Users\thiagonogueira\OneDrive - mppi.mp.br\CLC\01_Processos_e_Aquisicoes\Base de Conhecimento - Thiago\05_Doutrina_e_Biblioteca\Biblioteca_Manuais_e_Cursos\Manuais\Manual Compras e Licitacoes TRT 2 SP - 2024-2026.pdf
PDF_SEM_MD,mestra\05_Doutrina_e_Biblioteca\Biblioteca_Manuais_e_Cursos\Manuais,Manual Compras e Licitacoes TRT 2 SP - 2025-2027.pdf,1150,76,TEXTO,1723,0.6,Manual Institucional - Compras e Licitacoes - TRT 2a Regiao 2025-2027.md,mestra\05_Doutrina_e_Biblioteca\Biblioteca_Manuais_e_Cursos,C:\Users\thiagonogueira\OneDrive - mppi.mp.br\CLC\01_Processos_e_Aquisicoes\Base de Conhecimento - Thiago\05_Doutrina_e_Biblioteca\Biblioteca_Manuais_e_Cursos\Manuais\Manual Compras e Licitacoes TRT 2 SP - 2025-2027.pdf
PDF_SEM_MD,mestra\05_Doutrina_e_Biblioteca\Biblioteca_Manuais_e_Cursos\Manuais,Manual de Compras Baseadas na Relação Custo-Benefício (abr-2025).pdf,1195,70,TEXTO,2280,0.6,Manual de Orientacao - Compras Publicas Baseadas na Relacao Custo-Beneficio.md,mestra\05_Doutrina_e_Biblioteca\Biblioteca_Manuais_e_Cursos,C:\Users\thiagonogueira\OneDrive - mppi.mp.br\CLC\01_Processos_e_Aquisicoes\Base de Conhecimento - Thiago\05_Doutrina_e_Biblioteca\Biblioteca_Manuais_e_Cursos\Manuais\Manual de Compras Baseadas na Relação Custo-Benefício (abr-2025).pdf
PDF_SEM_MD,mestra\05_Doutrina_e_Biblioteca\Biblioteca_Manuais_e_Cursos\Manuais,Manual-de-Mapeamento-e-Melhoria-de-Processos-do-MPPI-1.pdf,3404,26,TEXTO,1198,0.8,Manual MPPI - Mapeamento e Melhoria de Processos de Trabalho.md,mestra\05_Doutrina_e_Biblioteca\Biblioteca_Manuais_e_Cursos,C:\Users\thiagonogueira\OneDrive - mppi.mp.br\CLC\01_Processos_e_Aquisicoes\Base de Conhecimento - Thiago\05_Doutrina_e_Biblioteca\Biblioteca_Manuais_e_Cursos\Manuais\Manual-de-Mapeamento-e-Melhoria-de-Processos-do-MPPI-1.pdf
PDF_SEM_MD,mestra\05_Doutrina_e_Biblioteca\Biblioteca_Manuais_e_Cursos\Manuais,MGIS - Modelo Maturidade de Dado MMD.pdf,3197,49,TEXTO,596,0.2,Manual MGI - Modelo de Maturidade de Dados no Setor Publico.md,mestra\05_Doutrina_e_Biblioteca\Biblioteca_Manuais_e_Cursos,C:\Users\thiagonogueira\OneDrive - mppi.mp.br\CLC\01_Processos_e_Aquisicoes\Base de Conhecimento - Thiago\05_Doutrina_e_Biblioteca\Biblioteca_Manuais_e_Cursos\Manuais\MGIS - Modelo Maturidade de Dado MMD.pdf
PDF_SEM_MD,mestra\05_Doutrina_e_Biblioteca\Biblioteca_Manuais_e_Cursos\Manuais,MPBA - Cadastro no Compras Gov - Dispensas e Inex.pdf,793,9,TEXTO,407,0.62,Manual MPBA - Cadastro no Compras.gov para Dispensas e Inexigibilidades.md,mestra\05_Doutrina_e_Biblioteca\Biblioteca_Manuais_e_Cursos,C:\Users\thiagonogueira\OneDrive - mppi.mp.br\CLC\01_Processos_e_Aquisicoes\Base de Conhecimento - Thiago\05_Doutrina_e_Biblioteca\Biblioteca_Manuais_e_Cursos\Manuais\MPBA - Cadastro no Compras Gov - Dispensas e Inex.pdf
PDF_SEM_MD,mestra\05_Doutrina_e_Biblioteca\Biblioteca_Manuais_e_Cursos\Manuais,Nota Técnica 5-2024 (Dispensa Licitação Eletrônica).pdf,321,15,TEXTO,3192,0.56,Nota Tecnica 05.2024 - Procedimentos e Fluxo da Dispensa Eletronica.md,mestra\05_Doutrina_e_Biblioteca\Biblioteca_Manuais_e_Cursos,C:\Users\thiagonogueira\OneDrive - mppi.mp.br\CLC\01_Processos_e_Aquisicoes\Base de Conhecimento - Thiago\05_Doutrina_e_Biblioteca\Biblioteca_Manuais_e_Cursos\Manuais\Nota Técnica 5-2024 (Dispensa Licitação Eletrônica).pdf
PDF_SEM_MD,mestra\05_Doutrina_e_Biblioteca\Biblioteca_Manuais_e_Cursos\Manuais,NOTA TÉCNICA CONJUNTA ATRICON-IRB Nº 01-2026.pdf,482,17,TEXTO,2267,0.7,Nota Tecnica Conjunta ATRICON-IRB 01.2026 - Diretrizes para Controle e Transparencia.md,mestra\05_Doutrina_e_Biblioteca\Biblioteca_Manuais_e_Cursos,C:\Users\thiagonogueira\OneDrive - mppi.mp.br\CLC\01_Processos_e_Aquisicoes\Base de Conhecimento - Thiago\05_Doutrina_e_Biblioteca\Biblioteca_Manuais_e_Cursos\Manuais\NOTA TÉCNICA CONJUNTA ATRICON-IRB Nº 01-2026.pdf
PDF_SEM_MD,mestra\05_Doutrina_e_Biblioteca\Biblioteca_Manuais_e_Cursos\Manuais,Nota Técnica N° 18_2026 - Leis.org.pdf,8810,51,TEXTO,3311,0.33,Nota Tecnica 18.2026 - Alimentacao Artificial de Praias - Aspectos Tecnicos e Juridicos.md,mestra\05_Doutrina_e_Biblioteca\Biblioteca_Manuais_e_Cursos,C:\Users\thiagonogueira\OneDrive - mppi.mp.br\CLC\01_Processos_e_Aquisicoes\Base de Conhecimento - Thiago\05_Doutrina_e_Biblioteca\Biblioteca_Manuais_e_Cursos\Manuais\Nota Técnica N° 18_2026 - Leis.org.pdf
PDF_SEM_MD,mestra\05_Doutrina_e_Biblioteca\Biblioteca_Manuais_e_Cursos\Manuais,ORIENTACAO-TECNICA-REEQUILIBRIO-ECONOMICO-FINANCEIRO.pdf,355,14,TEXTO,2046,0.83,Orientacao Tecnica - Reequilibrio Economico-Financeiro Contratual.md,mestra\05_Doutrina_e_Biblioteca\Biblioteca_Manuais_e_Cursos,C:\Users\thiagonogueira\OneDrive - mppi.mp.br\CLC\01_Processos_e_Aquisicoes\Base de Conhecimento - Thiago\05_Doutrina_e_Biblioteca\Biblioteca_Manuais_e_Cursos\Manuais\ORIENTACAO-TECNICA-REEQUILIBRIO-ECONOMICO-FINANCEIRO.pdf
PDF_SEM_MD,mestra\05_Doutrina_e_Biblioteca\Biblioteca_Manuais_e_Cursos\Manuais,Palestra - Aplicações e Limitações de Inteligência Artificial no Controle Externo.pdf,6146,60,TEXTO,247,0.88,Palestra Tecnica - Aplicacoes e Limitacoes de Inteligencia Artificial no Controle Externo.md,mestra\05_Doutrina_e_Biblioteca\Biblioteca_Manuais_e_Cursos,C:\Users\thiagonogueira\OneDrive - mppi.mp.br\CLC\01_Processos_e_Aquisicoes\Base de Conhecimento - Thiago\05_Doutrina_e_Biblioteca\Biblioteca_Manuais_e_Cursos\Manuais\Palestra - Aplicações e Limitações de Inteligência Artificial no Controle Externo.pdf
PDF_SEM_MD,mestra\05_Doutrina_e_Biblioteca\Biblioteca_Manuais_e_Cursos\Manuais,Palestra - Inventário de Riscos e Controles nas contratações públicas.pdf,4720,56,TEXTO,462,0.62,Manual Metodologico - Inventario de Riscos e Controles nas Contratacoes Publicas.md,mestra\05_Doutrina_e_Biblioteca\Biblioteca_Manuais_e_Cursos,C:\Users\thiagonogueira\OneDrive - mppi.mp.br\CLC\01_Processos_e_Aquisicoes\Base de Conhecimento - Thiago\05_Doutrina_e_Biblioteca\Biblioteca_Manuais_e_Cursos\Manuais\Palestra - Inventário de Riscos e Controles nas contratações públicas.pdf
PDF_SEM_MD,mestra\05_Doutrina_e_Biblioteca\Biblioteca_Manuais_e_Cursos\Manuais,PARECER n. 00003-2025-GAB-CGU-CGU-AGU.pdf,171,4,TEXTO,3581,0.55,Parecer AGU 00003.2025-GAB-CGU - Atuacao do Orgao Consultivo e Segregacao de Funcoes.md,mestra\05_Doutrina_e_Biblioteca\Biblioteca_Manuais_e_Cursos,C:\Users\thiagonogueira\OneDrive - mppi.mp.br\CLC\01_Processos_e_Aquisicoes\Base de Conhecimento - Thiago\05_Doutrina_e_Biblioteca\Biblioteca_Manuais_e_Cursos\Manuais\PARECER n. 00003-2025-GAB-CGU-CGU-AGU.pdf
PDF_SEM_MD,mestra\05_Doutrina_e_Biblioteca\Biblioteca_Manuais_e_Cursos\Manuais,PARECER n. 00004-2025-CNLCA-CGU-AGU.pdf,388,12,TEXTO,4412,0.45,Parecer AGU 00004.2025-CNLCA - Reajuste e Repactuacao Contratual na Lei 14133.md,mestra\05_Doutrina_e_Biblioteca\Biblioteca_Manuais_e_Cursos,C:\Users\thiagonogueira\OneDrive - mppi.mp.br\CLC\01_Processos_e_Aquisicoes\Base de Conhecimento - Thiago\05_Doutrina_e_Biblioteca\Biblioteca_Manuais_e_Cursos\Manuais\PARECER n. 00004-2025-CNLCA-CGU-AGU.pdf
PDF_SEM_MD,mestra\05_Doutrina_e_Biblioteca\Biblioteca_Manuais_e_Cursos\Manuais,PARECER n. 00005-2025-DECOR-CGU-AGU.pdf,428,9,TEXTO,4477,0.42,Parecer AGU 00005.2025-DECOR - Prorrogacao de Vigencia em Contratos Continuados e ON 65.md,mestra\05_Doutrina_e_Biblioteca\Biblioteca_Manuais_e_Cursos,C:\Users\thiagonogueira\OneDrive - mppi.mp.br\CLC\01_Processos_e_Aquisicoes\Base de Conhecimento - Thiago\05_Doutrina_e_Biblioteca\Biblioteca_Manuais_e_Cursos\Manuais\PARECER n. 00005-2025-DECOR-CGU-AGU.pdf
PDF_SEM_MD,mestra\05_Doutrina_e_Biblioteca\Biblioteca_Manuais_e_Cursos\Manuais,PARECER n. 00006-2025-GAB-DECOR-CGU-AGU.pdf,270,8,TEXTO,4500,0.55,Parecer AGU 00006.2025-GAB-DECOR - Analise de Riscos e Matriz de Riscos Contratuais.md,mestra\05_Doutrina_e_Biblioteca\Biblioteca_Manuais_e_Cursos,C:\Users\thiagonogueira\OneDrive - mppi.mp.br\CLC\01_Processos_e_Aquisicoes\Base de Conhecimento - Thiago\05_Doutrina_e_Biblioteca\Biblioteca_Manuais_e_Cursos\Manuais\PARECER n. 00006-2025-GAB-DECOR-CGU-AGU.pdf
PDF_SEM_MD,mestra\05_Doutrina_e_Biblioteca\Biblioteca_Manuais_e_Cursos\Manuais,PARECER n. 00006-2025CNLCA-CGU-AGU.pdf,269,18,TEXTO,5494,0.3,Federal - Parecer Referencial 00001.2026 CONJUR-MS-CGU-AGU.md,mestra\01_Normativos_Vigentes\01_Federal\Acordaos_Pareceres_Orientacoes,C:\Users\thiagonogueira\OneDrive - mppi.mp.br\CLC\01_Processos_e_Aquisicoes\Base de Conhecimento - Thiago\05_Doutrina_e_Biblioteca\Biblioteca_Manuais_e_Cursos\Manuais\PARECER n. 00006-2025CNLCA-CGU-AGU.pdf
PDF_SEM_MD,mestra\05_Doutrina_e_Biblioteca\Biblioteca_Manuais_e_Cursos\Manuais,PARECER n. 00019-2025-DECOR-CGU-AGU.pdf,327,5,TEXTO,4832,0.45,Parecer AGU 00019.2025-DECOR - Fracionamento de Despesa e Limites do Art 75.md,mestra\05_Doutrina_e_Biblioteca\Biblioteca_Manuais_e_Cursos,C:\Users\thiagonogueira\OneDrive - mppi.mp.br\CLC\01_Processos_e_Aquisicoes\Base de Conhecimento - Thiago\05_Doutrina_e_Biblioteca\Biblioteca_Manuais_e_Cursos\Manuais\PARECER n. 00019-2025-DECOR-CGU-AGU.pdf
PDF_SEM_MD,mestra\05_Doutrina_e_Biblioteca\Biblioteca_Manuais_e_Cursos\Manuais,PARECER n. 00196-2024-E-CJU-SCOM-CGU-AGU.pdf,341,13,TEXTO,3782,0.43,Parecer AGU 00196.2024-CJU-SCOM - Aquisicao de Bens e Servicos Comuns com Criterio Menor Preco.md,mestra\05_Doutrina_e_Biblioteca\Biblioteca_Manuais_e_Cursos,C:\Users\thiagonogueira\OneDrive - mppi.mp.br\CLC\01_Processos_e_Aquisicoes\Base de Conhecimento - Thiago\05_Doutrina_e_Biblioteca\Biblioteca_Manuais_e_Cursos\Manuais\PARECER n. 00196-2024-E-CJU-SCOM-CGU-AGU.pdf
PDF_SEM_MD,mestra\05_Doutrina_e_Biblioteca\Biblioteca_Manuais_e_Cursos\Manuais,PARECER n. 00261-2024-E-CJU-SCOM-CGU-AGU.pdf,265,5,TEXTO,3501,0.46,Parecer AGU 00261.2024-CJU-SCOM - Adesao a Ata de Registro de Precos Carona e Requisitos.md,mestra\05_Doutrina_e_Biblioteca\Biblioteca_Manuais_e_Cursos,C:\Users\thiagonogueira\OneDrive - mppi.mp.br\CLC\01_Processos_e_Aquisicoes\Base de Conhecimento - Thiago\05_Doutrina_e_Biblioteca\Biblioteca_Manuais_e_Cursos\Manuais\PARECER n. 00261-2024-E-CJU-SCOM-CGU-AGU.pdf
PDF_SEM_MD,mestra\05_Doutrina_e_Biblioteca\Biblioteca_Manuais_e_Cursos\Manuais,PARECER n. 00860-2023-ADV-E-CJU-SCOM-CGU-AGU.pdf,290,7,TEXTO,3809,0.5,Parecer AGU 00860.2023-CJU-SCOM - Contratacao por Inexigibilidade de Notoria Especializacao.md,mestra\05_Doutrina_e_Biblioteca\Biblioteca_Manuais_e_Cursos,C:\Users\thiagonogueira\OneDrive - mppi.mp.br\CLC\01_Processos_e_Aquisicoes\Base de Conhecimento - Thiago\05_Doutrina_e_Biblioteca\Biblioteca_Manuais_e_Cursos\Manuais\PARECER n. 00860-2023-ADV-E-CJU-SCOM-CGU-AGU.pdf
PDF_SEM_MD,mestra\05_Doutrina_e_Biblioteca\Biblioteca_Manuais_e_Cursos\Manuais,PARECER n. 00880-2023-ADV-E-CJU-SCOM-CGU-AGU.pdf,263,6,TEXTO,3614,0.5,Parecer AGU 00880.2023-CJU-SCOM - Locacao de Imovel por Inexigibilidade de Licitacao.md,mestra\05_Doutrina_e_Biblioteca\Biblioteca_Manuais_e_Cursos,C:\Users\thiagonogueira\OneDrive - mppi.mp.br\CLC\01_Processos_e_Aquisicoes\Base de Conhecimento - Thiago\05_Doutrina_e_Biblioteca\Biblioteca_Manuais_e_Cursos\Manuais\PARECER n. 00880-2023-ADV-E-CJU-SCOM-CGU-AGU.pdf
PDF_SEM_MD,mestra\05_Doutrina_e_Biblioteca\Biblioteca_Manuais_e_Cursos\Manuais,PARECER Nº 00002-2025-CNLCA-CGU-AGU.pdf,236,7,TEXTO,3818,0.42,Parecer AGU 00002.2025-CNLCA - Juntada de Documentos Apos Habilitacao e Diligencias Sanadoras.md,mestra\05_Doutrina_e_Biblioteca\Biblioteca_Manuais_e_Cursos,C:\Users\thiagonogueira\OneDrive - mppi.mp.br\CLC\01_Processos_e_Aquisicoes\Base de Conhecimento - Thiago\05_Doutrina_e_Biblioteca\Biblioteca_Manuais_e_Cursos\Manuais\PARECER Nº 00002-2025-CNLCA-CGU-AGU.pdf
PDF_SEM_MD,mestra\05_Doutrina_e_Biblioteca\Biblioteca_Manuais_e_Cursos\Manuais,PARECER Nº 00005-2025-CNLCA-CGU-AGU.pdf,286,16,TEXTO,4674,0.38,Parecer AGU 00005.2025-CNLCA - Prorrogacao de Vigencia Contratual e ON 65 em Contratacoes Diretas.md,mestra\05_Doutrina_e_Biblioteca\Biblioteca_Manuais_e_Cursos,C:\Users\thiagonogueira\OneDrive - mppi.mp.br\CLC\01_Processos_e_Aquisicoes\Base de Conhecimento - Thiago\05_Doutrina_e_Biblioteca\Biblioteca_Manuais_e_Cursos\Manuais\PARECER Nº 00005-2025-CNLCA-CGU-AGU.pdf
PDF_SEM_MD,mestra\05_Doutrina_e_Biblioteca\Biblioteca_Manuais_e_Cursos\Manuais,PARECER Nº 00015-2024-CNLCA-CGU-AGU.pdf,197,9,TEXTO,5551,0.38,Parecer AGU 00015.2024-CNLCA - Dispensa Manutencao de Veiculos Automotores Art 75 Par 7.md,mestra\05_Doutrina_e_Biblioteca\Biblioteca_Manuais_e_Cursos,C:\Users\thiagonogueira\OneDrive - mppi.mp.br\CLC\01_Processos_e_Aquisicoes\Base de Conhecimento - Thiago\05_Doutrina_e_Biblioteca\Biblioteca_Manuais_e_Cursos\Manuais\PARECER Nº 00015-2024-CNLCA-CGU-AGU.pdf
PDF_SEM_MD,mestra\05_Doutrina_e_Biblioteca\Biblioteca_Manuais_e_Cursos\Manuais,PARECER Nº 00017-2024-CNLCA-CGU-AGU.pdf,433,15,TEXTO,3956,0.45,Parecer AGU 00017.2024-CNLCA - Exigencias e Indices de Habilitacao Economico-Financeira.md,mestra\05_Doutrina_e_Biblioteca\Biblioteca_Manuais_e_Cursos,C:\Users\thiagonogueira\OneDrive - mppi.mp.br\CLC\01_Processos_e_Aquisicoes\Base de Conhecimento - Thiago\05_Doutrina_e_Biblioteca\Biblioteca_Manuais_e_Cursos\Manuais\PARECER Nº 00017-2024-CNLCA-CGU-AGU.pdf
PDF_SEM_MD,mestra\05_Doutrina_e_Biblioteca\Biblioteca_Manuais_e_Cursos\Manuais,PARECER Nº 00019-2024-CNLCA-CGU-AGU.pdf,489,34,TEXTO,5282,0.45,Parecer AGU 00019.2024-CNLCA - Criterios para Exigencia de Atestados de Capacidade Tecnica.md,mestra\05_Doutrina_e_Biblioteca\Biblioteca_Manuais_e_Cursos,C:\Users\thiagonogueira\OneDrive - mppi.mp.br\CLC\01_Processos_e_Aquisicoes\Base de Conhecimento - Thiago\05_Doutrina_e_Biblioteca\Biblioteca_Manuais_e_Cursos\Manuais\PARECER Nº 00019-2024-CNLCA-CGU-AGU.pdf
PDF_SEM_MD,mestra\05_Doutrina_e_Biblioteca\Biblioteca_Manuais_e_Cursos\Manuais,PARECER Nº 00023-2025-CGAQ-BSB-SCGP-CGU-AGU (1).pdf,193,6,TEXTO,3340,0.45,Parecer AGU 00023.2025-CGAQ - Parecer Padronizado em Contratacoes Diretas.md,mestra\05_Doutrina_e_Biblioteca\Biblioteca_Manuais_e_Cursos,C:\Users\thiagonogueira\OneDrive - mppi.mp.br\CLC\01_Processos_e_Aquisicoes\Base de Conhecimento - Thiago\05_Doutrina_e_Biblioteca\Biblioteca_Manuais_e_Cursos\Manuais\PARECER Nº 00023-2025-CGAQ-BSB-SCGP-CGU-AGU (1).pdf
PDF_SEM_MD,mestra\05_Doutrina_e_Biblioteca\Biblioteca_Manuais_e_Cursos\Manuais,PARECER Nº 00060-2024-DECOR-CGU-AGU (1).pdf,205,14,TEXTO,4536,0.45,Parecer AGU 00060.2024-DECOR - Orientacao Normativa e Uniformizacao em Licitacoes e Contratos.md,mestra\05_Doutrina_e_Biblioteca\Biblioteca_Manuais_e_Cursos,C:\Users\thiagonogueira\OneDrive - mppi.mp.br\CLC\01_Processos_e_Aquisicoes\Base de Conhecimento - Thiago\05_Doutrina_e_Biblioteca\Biblioteca_Manuais_e_Cursos\Manuais\PARECER Nº 00060-2024-DECOR-CGU-AGU (1).pdf
PDF_SEM_MD,mestra\05_Doutrina_e_Biblioteca\Biblioteca_Manuais_e_Cursos\Manuais,PARECER Nº 4632024-PLCCAPGM - Contratação direta por dispensa de licitação.pdf,212,18,TEXTO,4004,0.33,Parecer PGM 463.2024 - Instrucao e Conformidade da Contratacao Direta por Dispensa.md,mestra\05_Doutrina_e_Biblioteca\Biblioteca_Manuais_e_Cursos,C:\Users\thiagonogueira\OneDrive - mppi.mp.br\CLC\01_Processos_e_Aquisicoes\Base de Conhecimento - Thiago\05_Doutrina_e_Biblioteca\Biblioteca_Manuais_e_Cursos\Manuais\PARECER Nº 4632024-PLCCAPGM - Contratação direta por dispensa de licitação.pdf
PDF_SEM_MD,mestra\05_Doutrina_e_Biblioteca\Biblioteca_Manuais_e_Cursos\Manuais,Parecer1774358321.pdf,402,12,TEXTO,4960,0,,,C:\Users\thiagonogueira\OneDrive - mppi.mp.br\CLC\01_Processos_e_Aquisicoes\Base de Conhecimento - Thiago\05_Doutrina_e_Biblioteca\Biblioteca_Manuais_e_Cursos\Manuais\Parecer1774358321.pdf
PDF_SEM_MD,mestra\05_Doutrina_e_Biblioteca\Biblioteca_Manuais_e_Cursos\Manuais,Parecer1776093267.pdf,599,12,TEXTO,3443,0,,,C:\Users\thiagonogueira\OneDrive - mppi.mp.br\CLC\01_Processos_e_Aquisicoes\Base de Conhecimento - Thiago\05_Doutrina_e_Biblioteca\Biblioteca_Manuais_e_Cursos\Manuais\Parecer1776093267.pdf
PDF_SEM_MD,mestra\05_Doutrina_e_Biblioteca\Biblioteca_Manuais_e_Cursos\Manuais,PARECERn000022022CPLCdosimetriapenalidadecontratual.pdf,323,8,TEXTO,3397,0,,,C:\Users\thiagonogueira\OneDrive - mppi.mp.br\CLC\01_Processos_e_Aquisicoes\Base de Conhecimento - Thiago\05_Doutrina_e_Biblioteca\Biblioteca_Manuais_e_Cursos\Manuais\PARECERn000022022CPLCdosimetriapenalidadecontratual.pdf
PDF_SEM_MD,mestra\05_Doutrina_e_Biblioteca\Biblioteca_Manuais_e_Cursos\Manuais,Perguntas e Respostas- Licitações e Contratações.pdf,3594,31,TEXTO,571,0.33,Manual Consultivo - Perguntas e Respostas sobre Licitacoes e Contratos Administrativos.md,mestra\05_Doutrina_e_Biblioteca\Biblioteca_Manuais_e_Cursos,C:\Users\thiagonogueira\OneDrive - mppi.mp.br\CLC\01_Processos_e_Aquisicoes\Base de Conhecimento - Thiago\05_Doutrina_e_Biblioteca\Biblioteca_Manuais_e_Cursos\Manuais\Perguntas e Respostas- Licitações e Contratações.pdf
PDF_SEM_MD,mestra\05_Doutrina_e_Biblioteca\Biblioteca_Manuais_e_Cursos\Manuais,PGE PI - Lista Pequeno Valor - Serviços e Compras - DOE.pdf,1271,6,TEXTO,2839,0.6,Publicacao PGE-PI - Lista de Contratacoes de Pequeno Valor no DOE.md,mestra\05_Doutrina_e_Biblioteca\Biblioteca_Manuais_e_Cursos,C:\Users\thiagonogueira\OneDrive - mppi.mp.br\CLC\01_Processos_e_Aquisicoes\Base de Conhecimento - Thiago\05_Doutrina_e_Biblioteca\Biblioteca_Manuais_e_Cursos\Manuais\PGE PI - Lista Pequeno Valor - Serviços e Compras - DOE.pdf
PDF_SEM_MD,mestra\05_Doutrina_e_Biblioteca\Biblioteca_Manuais_e_Cursos\Manuais,Planejamento_ fundamento legal par.pdf,300,5,TEXTO,2962,0.17,Contratações de TI – Planejamento da.md,mestra\01_Normativos_Vigentes\04_CNMP\Outros_Normativos,C:\Users\thiagonogueira\OneDrive - mppi.mp.br\CLC\01_Processos_e_Aquisicoes\Base de Conhecimento - Thiago\05_Doutrina_e_Biblioteca\Biblioteca_Manuais_e_Cursos\Manuais\Planejamento_ fundamento legal par.pdf
PDF_SEM_MD,mestra\05_Doutrina_e_Biblioteca\Biblioteca_Manuais_e_Cursos\Manuais,"PORTARIA SEGES_ME Nº 8.678, DE 19 DE JULHO DE 2021 — Portal de Compras do Governo Federal.pdf",426,,ERRO_ABERTURA,,0.27,Portaria SEGES-ME 8678.2021 - Governanca das Contratacoes Publicas Federais.md,mestra\05_Doutrina_e_Biblioteca\Biblioteca_Manuais_e_Cursos,"C:\Users\thiagonogueira\OneDrive - mppi.mp.br\CLC\01_Processos_e_Aquisicoes\Base de Conhecimento - Thiago\05_Doutrina_e_Biblioteca\Biblioteca_Manuais_e_Cursos\Manuais\PORTARIA SEGES_ME Nº 8.678, DE 19 DE JULHO DE 2021 — Portal de Compras do Governo Federal.pdf"
PDF_SEM_MD,mestra\05_Doutrina_e_Biblioteca\Biblioteca_Manuais_e_Cursos\Manuais,Publicação - 2º Simpósio de Licitações e Contratos da Justiça Federal - Enunciados aprovados.pdf,606,,ERRO_ABERTURA,,0.5,Enunciados_2_Simposio_Licitacoes_Justica_Federal.md,mestra\02_Jurisprudencia_e_Orientacoes,C:\Users\thiagonogueira\OneDrive - mppi.mp.br\CLC\01_Processos_e_Aquisicoes\Base de Conhecimento - Thiago\05_Doutrina_e_Biblioteca\Biblioteca_Manuais_e_Cursos\Manuais\Publicação - 2º Simpósio de Licitações e Contratos da Justiça Federal - Enunciados aprovados.pdf
PDF_SEM_MD,mestra\05_Doutrina_e_Biblioteca\Biblioteca_Manuais_e_Cursos\Manuais,Publicação - cgu_ementarioaquisicoes_a4_2026.pdf,8990,32,TEXTO,311,0.2,Ementario CGU - Ementario Jurisprudencial e Consultivo de Aquisicoes Publicas 2026.md,mestra\05_Doutrina_e_Biblioteca\Biblioteca_Manuais_e_Cursos,C:\Users\thiagonogueira\OneDrive - mppi.mp.br\CLC\01_Processos_e_Aquisicoes\Base de Conhecimento - Thiago\05_Doutrina_e_Biblioteca\Biblioteca_Manuais_e_Cursos\Manuais\Publicação - cgu_ementarioaquisicoes_a4_2026.pdf
PDF_SEM_MD,mestra\05_Doutrina_e_Biblioteca\Biblioteca_Manuais_e_Cursos\Manuais,Publicação - ETP - UFJF.pdf,304,18,TEXTO,843,0.22,Guia Pratico UFJF - Elaboracao de Estudo Tecnico Preliminar - ETP.md,mestra\05_Doutrina_e_Biblioteca\Biblioteca_Manuais_e_Cursos,C:\Users\thiagonogueira\OneDrive - mppi.mp.br\CLC\01_Processos_e_Aquisicoes\Base de Conhecimento - Thiago\05_Doutrina_e_Biblioteca\Biblioteca_Manuais_e_Cursos\Manuais\Publicação - ETP - UFJF.pdf
PDF_SEM_MD,mestra\05_Doutrina_e_Biblioteca\Biblioteca_Manuais_e_Cursos\Manuais,Referencial_Licitacoes_Contratos_TCESC.pdf,4718,61,TEXTO,1988,0.43,Referencial de Riscos e Controles em Licitacoes e Contratos - TCE-SC.md,mestra\05_Doutrina_e_Biblioteca\Biblioteca_Manuais_e_Cursos,C:\Users\thiagonogueira\OneDrive - mppi.mp.br\CLC\01_Processos_e_Aquisicoes\Base de Conhecimento - Thiago\05_Doutrina_e_Biblioteca\Biblioteca_Manuais_e_Cursos\Manuais\Referencial_Licitacoes_Contratos_TCESC.pdf
PDF_SEM_MD,mestra\05_Doutrina_e_Biblioteca\Biblioteca_Manuais_e_Cursos\Manuais,Relatório - CGU – Relatório de Avaliação- impacto do uso do orçamento sigiloso e dos modos de disputa.pdf,1702,,ERRO_ABERTURA,,0.89,Relatorio de Avaliacao CGU - Impacto do Orcamento Sigiloso e dos Modos de Disputa.md,mestra\05_Doutrina_e_Biblioteca\Biblioteca_Manuais_e_Cursos,C:\Users\thiagonogueira\OneDrive - mppi.mp.br\CLC\01_Processos_e_Aquisicoes\Base de Conhecimento - Thiago\05_Doutrina_e_Biblioteca\Biblioteca_Manuais_e_Cursos\Manuais\Relatório - CGU – Relatório de Avaliação- impacto do uso do orçamento sigiloso e dos modos de disputa.pdf
PDF_SEM_MD,mestra\05_Doutrina_e_Biblioteca\Biblioteca_Manuais_e_Cursos\Manuais,TCC - ETP - O Dilema entre Necessidade e Solução.pdf,5770,35,TEXTO,1275,0.5,Monografia Tecnica - ETP - O Dilema entre Necessidade e Solucao nas Contratacoes Publicas.md,mestra\05_Doutrina_e_Biblioteca\Biblioteca_Manuais_e_Cursos,C:\Users\thiagonogueira\OneDrive - mppi.mp.br\CLC\01_Processos_e_Aquisicoes\Base de Conhecimento - Thiago\05_Doutrina_e_Biblioteca\Biblioteca_Manuais_e_Cursos\Manuais\TCC - ETP - O Dilema entre Necessidade e Solução.pdf
PDF_SEM_MD,mestra\05_Doutrina_e_Biblioteca\Biblioteca_Manuais_e_Cursos\Manuais,TCE-RS – Conclusões Técnicas da Comissão de Estudos da Nova Lei de Licitações e Contratos para a Fiscalização.pdf,6769,,ERRO_ABERTURA,,0.58,Estudo Tecnico TCE-RS - Conclusoes da Comissao da Nova Lei de Licitacoes para Fiscalizacao.md,mestra\05_Doutrina_e_Biblioteca\Biblioteca_Manuais_e_Cursos,C:\Users\thiagonogueira\OneDrive - mppi.mp.br\CLC\01_Processos_e_Aquisicoes\Base de Conhecimento - Thiago\05_Doutrina_e_Biblioteca\Biblioteca_Manuais_e_Cursos\Manuais\TCE-RS – Conclusões Técnicas da Comissão de Estudos da Nova Lei de Licitações e Contratos para a Fiscalização.pdf
PDF_SEM_MD,mestra\05_Doutrina_e_Biblioteca\Biblioteca_Manuais_e_Cursos\Manuais,TCE-SC - NOTA TÉCNICA Nº TC-19-2026.pdf,333,13,TEXTO,6615,0.45,Nota Tecnica TCE-SC 19.2026 - Controle de Precos e Fracionamento em Contratacoes Diretas.md,mestra\05_Doutrina_e_Biblioteca\Biblioteca_Manuais_e_Cursos,C:\Users\thiagonogueira\OneDrive - mppi.mp.br\CLC\01_Processos_e_Aquisicoes\Base de Conhecimento - Thiago\05_Doutrina_e_Biblioteca\Biblioteca_Manuais_e_Cursos\Manuais\TCE-SC - NOTA TÉCNICA Nº TC-19-2026.pdf
PDF_SEM_MD,mestra\05_Doutrina_e_Biblioteca\Biblioteca_Manuais_e_Cursos\Manuais,TCE-SC – Perguntas e respostas- licitações e contratos (edição 1 - 2025).pdf,2362,36,TEXTO,606,0.5,Manual TCE-SC - Perguntas e Respostas sobre Licitacoes e Contratos Administrativos.md,mestra\05_Doutrina_e_Biblioteca\Biblioteca_Manuais_e_Cursos,C:\Users\thiagonogueira\OneDrive - mppi.mp.br\CLC\01_Processos_e_Aquisicoes\Base de Conhecimento - Thiago\05_Doutrina_e_Biblioteca\Biblioteca_Manuais_e_Cursos\Manuais\TCE-SC – Perguntas e respostas- licitações e contratos (edição 1 - 2025).pdf
PDF_SEM_MD,mestra\05_Doutrina_e_Biblioteca\Biblioteca_Manuais_e_Cursos\Manuais,TCU - Edital 001.2024 - Licitação Especial para Contratação de Solução Inovadora.pdf,1890,61,TEXTO,2394,1.0,Edital TCU 001.2024 - Licitacao Especial para Contratacao de Solucao Inovadora.md,mestra\05_Doutrina_e_Biblioteca\Biblioteca_Manuais_e_Cursos,C:\Users\thiagonogueira\OneDrive - mppi.mp.br\CLC\01_Processos_e_Aquisicoes\Base de Conhecimento - Thiago\05_Doutrina_e_Biblioteca\Biblioteca_Manuais_e_Cursos\Manuais\TCU - Edital 001.2024 - Licitação Especial para Contratação de Solução Inovadora.pdf
PDF_SEM_MD,mestra\05_Doutrina_e_Biblioteca\Biblioteca_Manuais_e_Cursos\Manuais,"Transformação do Estado no Brasil- desenhando compras públicas, empresas estatais e infraestrutura públic (1).pdf",2138,,ERRO_ABERTURA,,0.38,Relatorio IPEA-Mazzucato - Desenhando Compras Publicas e Infraestrutura no Brasil.md,mestra\05_Doutrina_e_Biblioteca\Biblioteca_Manuais_e_Cursos,"C:\Users\thiagonogueira\OneDrive - mppi.mp.br\CLC\01_Processos_e_Aquisicoes\Base de Conhecimento - Thiago\05_Doutrina_e_Biblioteca\Biblioteca_Manuais_e_Cursos\Manuais\Transformação do Estado no Brasil- desenhando compras públicas, empresas estatais e infraestrutura públic (1).pdf"
PDF_SEM_MD,mestra\05_Doutrina_e_Biblioteca\Biblioteca_Manuais_e_Cursos\Manuais,TutorialContrataesPresenciais.pdf,12412,21,TEXTO,507,0,,,C:\Users\thiagonogueira\OneDrive - mppi.mp.br\CLC\01_Processos_e_Aquisicoes\Base de Conhecimento - Thiago\05_Doutrina_e_Biblioteca\Biblioteca_Manuais_e_Cursos\Manuais\TutorialContrataesPresenciais.pdf
PDF_SEM_MD,mestra\05_Doutrina_e_Biblioteca\Biblioteca_Manuais_e_Cursos\Manuais,tutorial_dez.25_AlteraodeDocumentoHbilnoSistemaContratosGov.br.pdf,3502,11,TEXTO,542,0.18,Tutorial Compras.gov.br - Operacionalizacao de Contratacoes Presenciais na NLLC.md,mestra\05_Doutrina_e_Biblioteca\Biblioteca_Manuais_e_Cursos,C:\Users\thiagonogueira\OneDrive - mppi.mp.br\CLC\01_Processos_e_Aquisicoes\Base de Conhecimento - Thiago\05_Doutrina_e_Biblioteca\Biblioteca_Manuais_e_Cursos\Manuais\tutorial_dez.25_AlteraodeDocumentoHbilnoSistemaContratosGov.br.pdf
PDF_SEM_MD,mestra\05_Doutrina_e_Biblioteca\Biblioteca_Manuais_e_Cursos\Manuais,Zenite - 5 Erros que você não pode cometer com IA nas Contratações.pdf,3754,26,TEXTO,478,0.82,Cartilha Zenite - 5 Erros que Voce Nao Pode Cometer com IA nas Contratacoes Publicas.md,mestra\05_Doutrina_e_Biblioteca\Biblioteca_Manuais_e_Cursos,C:\Users\thiagonogueira\OneDrive - mppi.mp.br\CLC\01_Processos_e_Aquisicoes\Base de Conhecimento - Thiago\05_Doutrina_e_Biblioteca\Biblioteca_Manuais_e_Cursos\Manuais\Zenite - 5 Erros que você não pode cometer com IA nas Contratações.pdf
PDF_SEM_MD,mestra\05_Doutrina_e_Biblioteca\Biblioteca_Manuais_e_Cursos\Manuais,Zênite - É possível que a Administração dispense a divulgação do aviso noscasos de dispensa em razão do valor.pdf,210,,ERRO_ABERTURA,,0.38,Orientacao Zenite - Dispensa de Divulgacao de Aviso nas Dispensas por Valor.md,mestra\05_Doutrina_e_Biblioteca\Biblioteca_Manuais_e_Cursos,C:\Users\thiagonogueira\OneDrive - mppi.mp.br\CLC\01_Processos_e_Aquisicoes\Base de Conhecimento - Thiago\05_Doutrina_e_Biblioteca\Biblioteca_Manuais_e_Cursos\Manuais\Zênite - É possível que a Administração dispense a divulgação do aviso noscasos de dispensa em razão do valor.pdf
PDF_SEM_MD,mestra\05_Doutrina_e_Biblioteca\Biblioteca_Manuais_e_Cursos\Manuais,Zênite Fácil - Dispensa Eletrônica.pdf,200,2,TEXTO,2294,0.67,Cartilha Zenite Facil - Dispensa Eletronica na Pratica.md,mestra\05_Doutrina_e_Biblioteca\Biblioteca_Manuais_e_Cursos,C:\Users\thiagonogueira\OneDrive - mppi.mp.br\CLC\01_Processos_e_Aquisicoes\Base de Conhecimento - Thiago\05_Doutrina_e_Biblioteca\Biblioteca_Manuais_e_Cursos\Manuais\Zênite Fácil - Dispensa Eletrônica.pdf
PDF_SEM_MD,mestra\05_Doutrina_e_Biblioteca\Biblioteca_Manuais_e_Cursos\Manuais,Zênite Fácil - NOVA LEI DE LICITAÇÕES - PRORROGAÇÃO DE VIGÊNCIA DA ATA DE REGISTRO DE PREÇOS E A RENOVAÇÃO DO.pdf,329,,ERRO_ABERTURA,,0.42,POP - Prorrogacao de Vigencia de Ata de Registro de Precos.md,mestra\01_Normativos_Vigentes\04_CNMP\POP's Contratação Direta,C:\Users\thiagonogueira\OneDrive - mppi.mp.br\CLC\01_Processos_e_Aquisicoes\Base de Conhecimento - Thiago\05_Doutrina_e_Biblioteca\Biblioteca_Manuais_e_Cursos\Manuais\Zênite Fácil - NOVA LEI DE LICITAÇÕES - PRORROGAÇÃO DE VIGÊNCIA DA ATA DE REGISTRO DE PREÇOS E A RENOVAÇÃO DO.pdf
PDF_SEM_MD,mestra\05_Doutrina_e_Biblioteca\Biblioteca_Manuais_e_Cursos\Manuais,Zênite Fácil.pdf,179,3,TEXTO,3276,0.33,Cartilha Zenite Facil - Dispensa Eletronica na Pratica.md,mestra\05_Doutrina_e_Biblioteca\Biblioteca_Manuais_e_Cursos,C:\Users\thiagonogueira\OneDrive - mppi.mp.br\CLC\01_Processos_e_Aquisicoes\Base de Conhecimento - Thiago\05_Doutrina_e_Biblioteca\Biblioteca_Manuais_e_Cursos\Manuais\Zênite Fácil.pdf
PDF_SEM_MD,mestra\05_Doutrina_e_Biblioteca\Infograficos_Zenite,A função da pesquisa de preços no ETP e no TR.pdf,191,1,ESCANEADO_OU_POUCO_TEXTO,47,0.25,Federal - IN 65.2021 - Pesquisa de Preços.md,mestra\01_Normativos_Vigentes\01_Federal\Instrucoes_Normativas,C:\Users\thiagonogueira\OneDrive - mppi.mp.br\CLC\01_Processos_e_Aquisicoes\Base de Conhecimento - Thiago\05_Doutrina_e_Biblioteca\Infograficos_Zenite\A função da pesquisa de preços no ETP e no TR.pdf
PDF_SEM_MD,mestra\05_Doutrina_e_Biblioteca\Infograficos_Zenite,Controle interno – Planejamento – Análise dos processos.pdf,640,2,ESCANEADO_OU_POUCO_TEXTO,28,0.38,Analise de Primeira Linha SLC TJPI - Controle Interno.md,mestra\01_Normativos_Vigentes\06_TJPI\Outros_Normativos,C:\Users\thiagonogueira\OneDrive - mppi.mp.br\CLC\01_Processos_e_Aquisicoes\Base de Conhecimento - Thiago\05_Doutrina_e_Biblioteca\Infograficos_Zenite\Controle interno – Planejamento – Análise dos processos.pdf
PDF_SEM_MD,mestra\05_Doutrina_e_Biblioteca\Infograficos_Zenite,E-possivel-fazer-dispensa-de-licitacao-sem-disputa_.pdf,160,9,TEXTO,2106,0.25,Modelo de Aviso de Dispensa de Licitacao TJPI.md,mestra\01_Normativos_Vigentes\06_TJPI\Outros_Normativos,C:\Users\thiagonogueira\OneDrive - mppi.mp.br\CLC\01_Processos_e_Aquisicoes\Base de Conhecimento - Thiago\05_Doutrina_e_Biblioteca\Infograficos_Zenite\E-possivel-fazer-dispensa-de-licitacao-sem-disputa_.pdf
PDF_SEM_MD,mestra\05_Doutrina_e_Biblioteca\Infograficos_Zenite,Planejamento – Análise de riscos – Termo de referência – Estudo técnico preliminar – Conteúdo.pdf,335,2,ESCANEADO_OU_POUCO_TEXTO,48,0.33,TAAP Thiago - TERMO DE ANÁLISE PRELIMINAR DO PLANEJAMENTO DA CONTRATAÇÃO.md,mestra\03_Modelos_e_Minutas\Modelos_MPPI_CLC,C:\Users\thiagonogueira\OneDrive - mppi.mp.br\CLC\01_Processos_e_Aquisicoes\Base de Conhecimento - Thiago\05_Doutrina_e_Biblioteca\Infograficos_Zenite\Planejamento – Análise de riscos – Termo de referência – Estudo técnico preliminar – Conteúdo.pdf
PDF_SEM_MD,mestra\05_Doutrina_e_Biblioteca\Infograficos_Zenite,Planejamento – Compra-fornecimento – Indicação ou vedação de marca – Cabimento.pdf,219,1,ESCANEADO_OU_POUCO_TEXTO,80,0.14,MJR 56 - Pedido de Substituicao de Marca Contrato ou ARP.md,mestra\02_Jurisprudencia_e_Orientacoes\MJRs_MPPI\MJR nº 562025APPL - Troca de Marca Contrato ou ARP,C:\Users\thiagonogueira\OneDrive - mppi.mp.br\CLC\01_Processos_e_Aquisicoes\Base de Conhecimento - Thiago\05_Doutrina_e_Biblioteca\Infograficos_Zenite\Planejamento – Compra-fornecimento – Indicação ou vedação de marca – Cabimento.pdf
PDF_SEM_MD,mestra\05_Doutrina_e_Biblioteca\Infograficos_Zenite,Planejamento – Conteúdo.pdf,206,1,ESCANEADO_OU_POUCO_TEXTO,23,0.25,Contratações de TI – Planejamento da.md,mestra\01_Normativos_Vigentes\04_CNMP\Outros_Normativos,C:\Users\thiagonogueira\OneDrive - mppi.mp.br\CLC\01_Processos_e_Aquisicoes\Base de Conhecimento - Thiago\05_Doutrina_e_Biblioteca\Infograficos_Zenite\Planejamento – Conteúdo.pdf
PDF_SEM_MD,mestra\05_Doutrina_e_Biblioteca\Infograficos_Zenite,Planejamento – Definição da necessidade – Cautelas.pdf,202,1,ESCANEADO_OU_POUCO_TEXTO,52,0.17,Contratações de TI – Planejamento da.md,mestra\01_Normativos_Vigentes\04_CNMP\Outros_Normativos,C:\Users\thiagonogueira\OneDrive - mppi.mp.br\CLC\01_Processos_e_Aquisicoes\Base de Conhecimento - Thiago\05_Doutrina_e_Biblioteca\Infograficos_Zenite\Planejamento – Definição da necessidade – Cautelas.pdf
PDF_SEM_MD,mestra\05_Doutrina_e_Biblioteca\Infograficos_Zenite,Planejamento – Definição da necessidade – Pontos a serem observados.pdf,195,1,ESCANEADO_OU_POUCO_TEXTO,68,0.12,Contratações de TI – Planejamento da.md,mestra\01_Normativos_Vigentes\04_CNMP\Outros_Normativos,C:\Users\thiagonogueira\OneDrive - mppi.mp.br\CLC\01_Processos_e_Aquisicoes\Base de Conhecimento - Thiago\05_Doutrina_e_Biblioteca\Infograficos_Zenite\Planejamento – Definição da necessidade – Pontos a serem observados.pdf
PDF_SEM_MD,mestra\05_Doutrina_e_Biblioteca\Infograficos_Zenite,Planejamento – Documento de formalização da demanda (DFD-DOF) – IN nº 05-2017.pdf,233,1,ESCANEADO_OU_POUCO_TEXTO,80,0.36,Checklist de Auditoria - DFD (Documento de Formalizacao da Demanda).md,mestra\00_Ferramentas_e_Scripts_Analise\Checklists_Auditoria,C:\Users\thiagonogueira\OneDrive - mppi.mp.br\CLC\01_Processos_e_Aquisicoes\Base de Conhecimento - Thiago\05_Doutrina_e_Biblioteca\Infograficos_Zenite\Planejamento – Documento de formalização da demanda (DFD-DOF) – IN nº 05-2017.pdf
PDF_SEM_MD,mestra\05_Doutrina_e_Biblioteca\Infograficos_Zenite,Planejamento – Documentos que devem ser apreciados pela assessoria jurídica.pdf,561,2,ESCANEADO_OU_POUCO_TEXTO,38,0.09,Contratações de TI – Planejamento da.md,mestra\01_Normativos_Vigentes\04_CNMP\Outros_Normativos,C:\Users\thiagonogueira\OneDrive - mppi.mp.br\CLC\01_Processos_e_Aquisicoes\Base de Conhecimento - Thiago\05_Doutrina_e_Biblioteca\Infograficos_Zenite\Planejamento – Documentos que devem ser apreciados pela assessoria jurídica.pdf
PDF_SEM_MD,mestra\05_Doutrina_e_Biblioteca\Infograficos_Zenite,Planejamento – Empreitada integral e contratação integrada – Regimes de execução.pdf,380,1,ESCANEADO_OU_POUCO_TEXTO,83,0.17,Portaria PGJ 3315.2025 - Equipe de Planejamento da Contratação.md,mestra\01_Normativos_Vigentes\03_MPPI\Portarias,C:\Users\thiagonogueira\OneDrive - mppi.mp.br\CLC\01_Processos_e_Aquisicoes\Base de Conhecimento - Thiago\05_Doutrina_e_Biblioteca\Infograficos_Zenite\Planejamento – Empreitada integral e contratação integrada – Regimes de execução.pdf
PDF_SEM_MD,mestra\05_Doutrina_e_Biblioteca\Infograficos_Zenite,Planejamento – Equipe – Competências necessárias.pdf,176,1,ESCANEADO_OU_POUCO_TEXTO,50,0.25,Portaria PGJ 0870.2025 - Equipe de Planejamento.md,mestra\01_Normativos_Vigentes\03_MPPI\Portarias,C:\Users\thiagonogueira\OneDrive - mppi.mp.br\CLC\01_Processos_e_Aquisicoes\Base de Conhecimento - Thiago\05_Doutrina_e_Biblioteca\Infograficos_Zenite\Planejamento – Equipe – Competências necessárias.pdf
PDF_SEM_MD,mestra\05_Doutrina_e_Biblioteca\Infograficos_Zenite,Planejamento – Equipe – Responsabilidades.pdf,217,1,ESCANEADO_OU_POUCO_TEXTO,42,0.29,Portaria PGJ 0870.2025 - Equipe de Planejamento.md,mestra\01_Normativos_Vigentes\03_MPPI\Portarias,C:\Users\thiagonogueira\OneDrive - mppi.mp.br\CLC\01_Processos_e_Aquisicoes\Base de Conhecimento - Thiago\05_Doutrina_e_Biblioteca\Infograficos_Zenite\Planejamento – Equipe – Responsabilidades.pdf
PDF_SEM_MD,mestra\05_Doutrina_e_Biblioteca\Infograficos_Zenite,Planejamento – Estudo técnico preliminar (ETP) – Conteúdo.pdf,441,1,ESCANEADO_OU_POUCO_TEXTO,58,0.5,Checklist de Auditoria - ETP (Estudo Tecnico Preliminar).md,mestra\00_Ferramentas_e_Scripts_Analise\Checklists_Auditoria,C:\Users\thiagonogueira\OneDrive - mppi.mp.br\CLC\01_Processos_e_Aquisicoes\Base de Conhecimento - Thiago\05_Doutrina_e_Biblioteca\Infograficos_Zenite\Planejamento – Estudo técnico preliminar (ETP) – Conteúdo.pdf
PDF_SEM_MD,mestra\05_Doutrina_e_Biblioteca\Infograficos_Zenite,Planejamento – Estudo técnico preliminar (ETP) – Elaboração – Momento.pdf,206,1,ESCANEADO_OU_POUCO_TEXTO,72,0.5,Guia Pratico UFJF - Elaboracao de Estudo Tecnico Preliminar - ETP.md,mestra\05_Doutrina_e_Biblioteca\Biblioteca_Manuais_e_Cursos,C:\Users\thiagonogueira\OneDrive - mppi.mp.br\CLC\01_Processos_e_Aquisicoes\Base de Conhecimento - Thiago\05_Doutrina_e_Biblioteca\Infograficos_Zenite\Planejamento – Estudo técnico preliminar (ETP) – Elaboração – Momento.pdf
PDF_SEM_MD,mestra\05_Doutrina_e_Biblioteca\Infograficos_Zenite,Planejamento – Estudo técnico preliminar – Conteúdo.pdf,223,1,ESCANEADO_OU_POUCO_TEXTO,53,0.38,Checklist de Auditoria - ETP (Estudo Tecnico Preliminar).md,mestra\00_Ferramentas_e_Scripts_Analise\Checklists_Auditoria,C:\Users\thiagonogueira\OneDrive - mppi.mp.br\CLC\01_Processos_e_Aquisicoes\Base de Conhecimento - Thiago\05_Doutrina_e_Biblioteca\Infograficos_Zenite\Planejamento – Estudo técnico preliminar – Conteúdo.pdf
PDF_SEM_MD,mestra\05_Doutrina_e_Biblioteca\Infograficos_Zenite,Planejamento – Fase preparatória – Documentos – Finalidades.pdf,336,1,ESCANEADO_OU_POUCO_TEXTO,60,0.14,Contratações de TI – Planejamento da.md,mestra\01_Normativos_Vigentes\04_CNMP\Outros_Normativos,C:\Users\thiagonogueira\OneDrive - mppi.mp.br\CLC\01_Processos_e_Aquisicoes\Base de Conhecimento - Thiago\05_Doutrina_e_Biblioteca\Infograficos_Zenite\Planejamento – Fase preparatória – Documentos – Finalidades.pdf
PDF_SEM_MD,mestra\05_Doutrina_e_Biblioteca\Infograficos_Zenite,Planejamento – Fase preparatória – Estudo técnico preliminar (ETP) – Perguntas que esse documento precisa responder.pdf,221,,ERRO_ABERTURA,,0.27,Checklist de Auditoria - ETP (Estudo Tecnico Preliminar).md,mestra\00_Ferramentas_e_Scripts_Analise\Checklists_Auditoria,C:\Users\thiagonogueira\OneDrive - mppi.mp.br\CLC\01_Processos_e_Aquisicoes\Base de Conhecimento - Thiago\05_Doutrina_e_Biblioteca\Infograficos_Zenite\Planejamento – Fase preparatória – Estudo técnico preliminar (ETP) – Perguntas que esse documento precisa responder.pdf
PDF_SEM_MD,mestra\05_Doutrina_e_Biblioteca\Infograficos_Zenite,Planejamento – Fase preparatória – IN CGU-MP Nº 01-2016 – Risco e gerenciamento de riscos – Distinção.pdf,219,1,ESCANEADO_OU_POUCO_TEXTO,105,0.12,CGE IN 01.2021 - Pesquisa de Preços.md,mestra\01_Normativos_Vigentes\02_Estadual_PI\Instrucoes_Normativas,C:\Users\thiagonogueira\OneDrive - mppi.mp.br\CLC\01_Processos_e_Aquisicoes\Base de Conhecimento - Thiago\05_Doutrina_e_Biblioteca\Infograficos_Zenite\Planejamento – Fase preparatória – IN CGU-MP Nº 01-2016 – Risco e gerenciamento de riscos – Distinção.pdf
PDF_SEM_MD,mestra\05_Doutrina_e_Biblioteca\Infograficos_Zenite,Planejamento – Fase preparatória – Ocorrências.pdf,255,1,ESCANEADO_OU_POUCO_TEXTO,47,0.17,Contratações de TI – Planejamento da.md,mestra\01_Normativos_Vigentes\04_CNMP\Outros_Normativos,C:\Users\thiagonogueira\OneDrive - mppi.mp.br\CLC\01_Processos_e_Aquisicoes\Base de Conhecimento - Thiago\05_Doutrina_e_Biblioteca\Infograficos_Zenite\Planejamento – Fase preparatória – Ocorrências.pdf
PDF_SEM_MD,mestra\05_Doutrina_e_Biblioteca\Infograficos_Zenite,Planejamento – Finalidade.pdf,143,1,ESCANEADO_OU_POUCO_TEXTO,25,0.25,Contratações de TI – Planejamento da.md,mestra\01_Normativos_Vigentes\04_CNMP\Outros_Normativos,C:\Users\thiagonogueira\OneDrive - mppi.mp.br\CLC\01_Processos_e_Aquisicoes\Base de Conhecimento - Thiago\05_Doutrina_e_Biblioteca\Infograficos_Zenite\Planejamento – Finalidade.pdf
PDF_SEM_MD,mestra\05_Doutrina_e_Biblioteca\Infograficos_Zenite,Planejamento – Gerenciamento de riscos – Alocação.pdf,404,1,ESCANEADO_OU_POUCO_TEXTO,51,0.17,Contratações de TI – Planejamento da.md,mestra\01_Normativos_Vigentes\04_CNMP\Outros_Normativos,C:\Users\thiagonogueira\OneDrive - mppi.mp.br\CLC\01_Processos_e_Aquisicoes\Base de Conhecimento - Thiago\05_Doutrina_e_Biblioteca\Infograficos_Zenite\Planejamento – Gerenciamento de riscos – Alocação.pdf
PDF_SEM_MD,mestra\05_Doutrina_e_Biblioteca\Infograficos_Zenite,Planejamento – Governança das contratações.pdf,287,1,ESCANEADO_OU_POUCO_TEXTO,44,0.5,Contratações de TI – Planejamento da.md,mestra\01_Normativos_Vigentes\04_CNMP\Outros_Normativos,C:\Users\thiagonogueira\OneDrive - mppi.mp.br\CLC\01_Processos_e_Aquisicoes\Base de Conhecimento - Thiago\05_Doutrina_e_Biblioteca\Infograficos_Zenite\Planejamento – Governança das contratações.pdf
PDF_SEM_MD,mestra\05_Doutrina_e_Biblioteca\Infograficos_Zenite,Planejamento – Identificação dos principais riscos.pdf,214,1,ESCANEADO_OU_POUCO_TEXTO,52,0.17,Contratações de TI – Planejamento da.md,mestra\01_Normativos_Vigentes\04_CNMP\Outros_Normativos,C:\Users\thiagonogueira\OneDrive - mppi.mp.br\CLC\01_Processos_e_Aquisicoes\Base de Conhecimento - Thiago\05_Doutrina_e_Biblioteca\Infograficos_Zenite\Planejamento – Identificação dos principais riscos.pdf
PDF_SEM_MD,mestra\05_Doutrina_e_Biblioteca\Infograficos_Zenite,Planejamento – Impacto e probabilidade de cada risco – tratamento de riscos.pdf,186,1,ESCANEADO_OU_POUCO_TEXTO,76,0.11,Contratações de TI – Planejamento da.md,mestra\01_Normativos_Vigentes\04_CNMP\Outros_Normativos,C:\Users\thiagonogueira\OneDrive - mppi.mp.br\CLC\01_Processos_e_Aquisicoes\Base de Conhecimento - Thiago\05_Doutrina_e_Biblioteca\Infograficos_Zenite\Planejamento – Impacto e probabilidade de cada risco – tratamento de riscos.pdf
PDF_SEM_MD,mestra\05_Doutrina_e_Biblioteca\Infograficos_Zenite,Planejamento – Imprevisibilidade da demanda – SRP ou contrato estimativo.pdf,348,1,ESCANEADO_OU_POUCO_TEXTO,73,0.15,MJR 56 - Pedido de Substituicao de Marca Contrato ou ARP.md,mestra\02_Jurisprudencia_e_Orientacoes\MJRs_MPPI\MJR nº 562025APPL - Troca de Marca Contrato ou ARP,C:\Users\thiagonogueira\OneDrive - mppi.mp.br\CLC\01_Processos_e_Aquisicoes\Base de Conhecimento - Thiago\05_Doutrina_e_Biblioteca\Infograficos_Zenite\Planejamento – Imprevisibilidade da demanda – SRP ou contrato estimativo.pdf
PDF_SEM_MD,mestra\05_Doutrina_e_Biblioteca\Infograficos_Zenite,Planejamento – Leis nº 8.666-1993 – Lei nº 10.520-2002 – Lei nº 14.133-2022 – Período de convivência.pdf,222,1,ESCANEADO_OU_POUCO_TEXTO,102,0.18,TJMA - Checklist de Dispensa Eletronica na Lei 14.133.md,mestra\04_Sistemas_e_Catalogos\Manuais_Sistemas_Oficiais,C:\Users\thiagonogueira\OneDrive - mppi.mp.br\CLC\01_Processos_e_Aquisicoes\Base de Conhecimento - Thiago\05_Doutrina_e_Biblioteca\Infograficos_Zenite\Planejamento – Leis nº 8.666-1993 – Lei nº 10.520-2002 – Lei nº 14.133-2022 – Período de convivência.pdf
PDF_SEM_MD,mestra\05_Doutrina_e_Biblioteca\Infograficos_Zenite,Planejamento – Matriz de alocação de isco – Elaboração.pdf,248,1,ESCANEADO_OU_POUCO_TEXTO,58,0.14,Contratações de TI – Planejamento da.md,mestra\01_Normativos_Vigentes\04_CNMP\Outros_Normativos,C:\Users\thiagonogueira\OneDrive - mppi.mp.br\CLC\01_Processos_e_Aquisicoes\Base de Conhecimento - Thiago\05_Doutrina_e_Biblioteca\Infograficos_Zenite\Planejamento – Matriz de alocação de isco – Elaboração.pdf
PDF_SEM_MD,mestra\05_Doutrina_e_Biblioteca\Infograficos_Zenite,Planejamento – Objeto – Definição – Cautelas para controlar o excesso.pdf,212,1,ESCANEADO_OU_POUCO_TEXTO,71,0.12,Contratações de TI – Planejamento da.md,mestra\01_Normativos_Vigentes\04_CNMP\Outros_Normativos,C:\Users\thiagonogueira\OneDrive - mppi.mp.br\CLC\01_Processos_e_Aquisicoes\Base de Conhecimento - Thiago\05_Doutrina_e_Biblioteca\Infograficos_Zenite\Planejamento – Objeto – Definição – Cautelas para controlar o excesso.pdf
PDF_SEM_MD,mestra\05_Doutrina_e_Biblioteca\Infograficos_Zenite,Planejamento – Pesquisa de preços – Fontes – Prazos – Metodologia.pdf,308,1,ESCANEADO_OU_POUCO_TEXTO,66,0.22,Federal - IN 65.2021 - Pesquisa de Preços.md,mestra\01_Normativos_Vigentes\01_Federal\Instrucoes_Normativas,C:\Users\thiagonogueira\OneDrive - mppi.mp.br\CLC\01_Processos_e_Aquisicoes\Base de Conhecimento - Thiago\05_Doutrina_e_Biblioteca\Infograficos_Zenite\Planejamento – Pesquisa de preços – Fontes – Prazos – Metodologia.pdf
PDF_SEM_MD,mestra\05_Doutrina_e_Biblioteca\Infograficos_Zenite,Planejamento – Pesquisa de preços – IN nº 65-2021 – Prazos.pdf,148,1,ESCANEADO_OU_POUCO_TEXTO,60,0.71,Federal - IN 65.2021 - Pesquisa de Preços.md,mestra\01_Normativos_Vigentes\01_Federal\Instrucoes_Normativas,C:\Users\thiagonogueira\OneDrive - mppi.mp.br\CLC\01_Processos_e_Aquisicoes\Base de Conhecimento - Thiago\05_Doutrina_e_Biblioteca\Infograficos_Zenite\Planejamento – Pesquisa de preços – IN nº 65-2021 – Prazos.pdf
PDF_SEM_MD,mestra\05_Doutrina_e_Biblioteca\Infograficos_Zenite,Planejamento – Pesquisa de preços – IN SEGES-ME nº 62-2021 – Cautelas na pesquisa com fornecedores.pdf,500,1,ESCANEADO_OU_POUCO_TEXTO,102,0.36,Federal - IN 65.2021 - Pesquisa de Preços.md,mestra\01_Normativos_Vigentes\01_Federal\Instrucoes_Normativas,C:\Users\thiagonogueira\OneDrive - mppi.mp.br\CLC\01_Processos_e_Aquisicoes\Base de Conhecimento - Thiago\05_Doutrina_e_Biblioteca\Infograficos_Zenite\Planejamento – Pesquisa de preços – IN SEGES-ME nº 62-2021 – Cautelas na pesquisa com fornecedores.pdf
PDF_SEM_MD,mestra\05_Doutrina_e_Biblioteca\Infograficos_Zenite,Planejamento – Pesquisa de preços – IN SEGES-ME nº 62-2021 – Metodologia.pdf,231,1,ESCANEADO_OU_POUCO_TEXTO,74,0.4,Federal - IN 65.2021 - Pesquisa de Preços.md,mestra\01_Normativos_Vigentes\01_Federal\Instrucoes_Normativas,C:\Users\thiagonogueira\OneDrive - mppi.mp.br\CLC\01_Processos_e_Aquisicoes\Base de Conhecimento - Thiago\05_Doutrina_e_Biblioteca\Infograficos_Zenite\Planejamento – Pesquisa de preços – IN SEGES-ME nº 62-2021 – Metodologia.pdf
PDF_SEM_MD,mestra\05_Doutrina_e_Biblioteca\Infograficos_Zenite,Planejamento – Plano de contratação anual (PCA) – Decreto nº 10.947-2022 – Elaboração.pdf,206,1,ESCANEADO_OU_POUCO_TEXTO,87,0.23,PCA 2026 - Plano de Contratacoes Anual Versao 3.0 MPPI.md,mestra\01_Normativos_Vigentes\03_MPPI\PCA 2026,C:\Users\thiagonogueira\OneDrive - mppi.mp.br\CLC\01_Processos_e_Aquisicoes\Base de Conhecimento - Thiago\05_Doutrina_e_Biblioteca\Infograficos_Zenite\Planejamento – Plano de contratação anual (PCA) – Decreto nº 10.947-2022 – Elaboração.pdf
PDF_SEM_MD,mestra\05_Doutrina_e_Biblioteca\Infograficos_Zenite,Planejamento – Plano de Logística Sustentável (PLS).pdf,257,1,ESCANEADO_OU_POUCO_TEXTO,52,0.14,Contratações de TI – Planejamento da.md,mestra\01_Normativos_Vigentes\04_CNMP\Outros_Normativos,C:\Users\thiagonogueira\OneDrive - mppi.mp.br\CLC\01_Processos_e_Aquisicoes\Base de Conhecimento - Thiago\05_Doutrina_e_Biblioteca\Infograficos_Zenite\Planejamento – Plano de Logística Sustentável (PLS).pdf
PDF_SEM_MD,mestra\05_Doutrina_e_Biblioteca\Infograficos_Zenite,"Planejamento – Preços – Definição – Valores excessivos, exequíveis e inexequíveis.pdf",177,1,ESCANEADO_OU_POUCO_TEXTO,67,0.11,Contratações de TI – Planejamento da.md,mestra\01_Normativos_Vigentes\04_CNMP\Outros_Normativos,"C:\Users\thiagonogueira\OneDrive - mppi.mp.br\CLC\01_Processos_e_Aquisicoes\Base de Conhecimento - Thiago\05_Doutrina_e_Biblioteca\Infograficos_Zenite\Planejamento – Preços – Definição – Valores excessivos, exequíveis e inexequíveis.pdf"
PDF_SEM_MD,mestra\05_Doutrina_e_Biblioteca\Infograficos_Zenite,Planejamento – Sistema de registro de preços – Contrato estimativo.pdf,231,1,ESCANEADO_OU_POUCO_TEXTO,67,0.38,Federal - Decreto Federal 11462 - Sistema de Registro de Preços.md,mestra\01_Normativos_Vigentes\01_Federal\Decretos,C:\Users\thiagonogueira\OneDrive - mppi.mp.br\CLC\01_Processos_e_Aquisicoes\Base de Conhecimento - Thiago\05_Doutrina_e_Biblioteca\Infograficos_Zenite\Planejamento – Sistema de registro de preços – Contrato estimativo.pdf
PDF_SEM_MD,mestra\05_Doutrina_e_Biblioteca\Infograficos_Zenite,Planejamento – Terceirização – Critérios para escolha.pdf,264,1,ESCANEADO_OU_POUCO_TEXTO,54,0.17,Contratações de TI – Planejamento da.md,mestra\01_Normativos_Vigentes\04_CNMP\Outros_Normativos,C:\Users\thiagonogueira\OneDrive - mppi.mp.br\CLC\01_Processos_e_Aquisicoes\Base de Conhecimento - Thiago\05_Doutrina_e_Biblioteca\Infograficos_Zenite\Planejamento – Terceirização – Critérios para escolha.pdf
PDF_SEM_MD,mestra\05_Doutrina_e_Biblioteca\Infograficos_Zenite,Planejamento – Terceirização – Elaboração de planilhas – Finalidade.pdf,285,1,ESCANEADO_OU_POUCO_TEXTO,70,0.14,Contratações de TI – Planejamento da.md,mestra\01_Normativos_Vigentes\04_CNMP\Outros_Normativos,C:\Users\thiagonogueira\OneDrive - mppi.mp.br\CLC\01_Processos_e_Aquisicoes\Base de Conhecimento - Thiago\05_Doutrina_e_Biblioteca\Infograficos_Zenite\Planejamento – Terceirização – Elaboração de planilhas – Finalidade.pdf
PDF_SEM_MD,mestra\05_Doutrina_e_Biblioteca\Infograficos_Zenite,Planejamento – Termo de referência – Conteúdo.pdf,224,1,ESCANEADO_OU_POUCO_TEXTO,47,0.29,Checklist de Auditoria - Termo de Referencia (TR).md,mestra\00_Ferramentas_e_Scripts_Analise\Checklists_Auditoria,C:\Users\thiagonogueira\OneDrive - mppi.mp.br\CLC\01_Processos_e_Aquisicoes\Base de Conhecimento - Thiago\05_Doutrina_e_Biblioteca\Infograficos_Zenite\Planejamento – Termo de referência – Conteúdo.pdf
PDF_SEM_MD,mestra\05_Doutrina_e_Biblioteca\Infograficos_Zenite,Planejamento – Uso da Inteligência artificial – Benefícios.pdf,176,1,ESCANEADO_OU_POUCO_TEXTO,60,0.18,Palestra Tecnica - Aplicacoes e Limitacoes de Inteligencia Artificial no Controle Externo.md,mestra\05_Doutrina_e_Biblioteca\Biblioteca_Manuais_e_Cursos,C:\Users\thiagonogueira\OneDrive - mppi.mp.br\CLC\01_Processos_e_Aquisicoes\Base de Conhecimento - Thiago\05_Doutrina_e_Biblioteca\Infograficos_Zenite\Planejamento – Uso da Inteligência artificial – Benefícios.pdf
PDF_SEM_MD,mestra\05_Doutrina_e_Biblioteca\Infograficos_Zenite,Sistema de registro de preços – Características do procedimento.pdf,190,1,ESCANEADO_OU_POUCO_TEXTO,64,0.43,Federal - Decreto Federal 11462 - Sistema de Registro de Preços.md,mestra\01_Normativos_Vigentes\01_Federal\Decretos,C:\Users\thiagonogueira\OneDrive - mppi.mp.br\CLC\01_Processos_e_Aquisicoes\Base de Conhecimento - Thiago\05_Doutrina_e_Biblioteca\Infograficos_Zenite\Sistema de registro de preços – Características do procedimento.pdf
PDF_SEM_MD,mestra\05_Doutrina_e_Biblioteca\Infograficos_Zenite,Terceirização – Edital – Definição de CCT a ser seguida – Vedação.pdf,129,1,ESCANEADO_OU_POUCO_TEXTO,67,0.07,modelo-de-edital-credenciamento-lei-no-14-133-abr-26.md,mestra\03_Modelos_e_Minutas\Modelos_AGU_14133\Contratação Direta,C:\Users\thiagonogueira\OneDrive - mppi.mp.br\CLC\01_Processos_e_Aquisicoes\Base de Conhecimento - Thiago\05_Doutrina_e_Biblioteca\Infograficos_Zenite\Terceirização – Edital – Definição de CCT a ser seguida – Vedação.pdf
PDF_SEM_MD,mestra\05_Doutrina_e_Biblioteca\Infograficos_Zenite,Terceirização – Planejamento – Julgamento – Execução do contrato.pdf,170,1,ESCANEADO_OU_POUCO_TEXTO,65,0.14,Contratações de TI – Planejamento da.md,mestra\01_Normativos_Vigentes\04_CNMP\Outros_Normativos,C:\Users\thiagonogueira\OneDrive - mppi.mp.br\CLC\01_Processos_e_Aquisicoes\Base de Conhecimento - Thiago\05_Doutrina_e_Biblioteca\Infograficos_Zenite\Terceirização – Planejamento – Julgamento – Execução do contrato.pdf
PDF_SEM_MD,mestra\05_Doutrina_e_Biblioteca\Infograficos_Zenite,Terceirização – Planejamento – Serviços com dedicação exclusiva de mão de obra – Requisitos.pdf,212,1,ESCANEADO_OU_POUCO_TEXTO,93,0.31,Guia Pratico - Reembolso-Creche nos Contratos com Dedicacao Exclusiva de Mao de Obra.md,mestra\05_Doutrina_e_Biblioteca\Biblioteca_Manuais_e_Cursos,C:\Users\thiagonogueira\OneDrive - mppi.mp.br\CLC\01_Processos_e_Aquisicoes\Base de Conhecimento - Thiago\05_Doutrina_e_Biblioteca\Infograficos_Zenite\Terceirização – Planejamento – Serviços com dedicação exclusiva de mão de obra – Requisitos.pdf
PDF_SEM_MD,mestra\05_Doutrina_e_Biblioteca\Infograficos_Zenite,Terceirização – Processo de contratação – Planilhas da fase de planejamento e de julgamento.pdf,292,1,ESCANEADO_OU_POUCO_TEXTO,93,0.17,Portaria PGJ 3315.2025 - Equipe de Planejamento da Contratação.md,mestra\01_Normativos_Vigentes\03_MPPI\Portarias,C:\Users\thiagonogueira\OneDrive - mppi.mp.br\CLC\01_Processos_e_Aquisicoes\Base de Conhecimento - Thiago\05_Doutrina_e_Biblioteca\Infograficos_Zenite\Terceirização – Processo de contratação – Planilhas da fase de planejamento e de julgamento.pdf
PDF_SEM_MD,mestra\06_Paineis_e_Contratos_Historicos,Guia Onboarding.pdf,111,8,TEXTO,2565,0.2,Guia Essencial de Suprimento de Fundos MPPI.md,mestra\04_Sistemas_e_Catalogos\Manuais_Sistemas_Oficiais,C:\Users\thiagonogueira\OneDrive - mppi.mp.br\CLC\01_Processos_e_Aquisicoes\Base de Conhecimento - Thiago\06_Paineis_e_Contratos_Historicos\Guia Onboarding.pdf
PDF_SEM_MD,mestra\06_Paineis_e_Contratos_Historicos,manual-api-compras.pdf,1330,135,TEXTO,1154,0.25,Manual MPBA - Cadastro no Compras.gov para Dispensas e Inexigibilidades.md,mestra\05_Doutrina_e_Biblioteca\Biblioteca_Manuais_e_Cursos,C:\Users\thiagonogueira\OneDrive - mppi.mp.br\CLC\01_Processos_e_Aquisicoes\Base de Conhecimento - Thiago\06_Paineis_e_Contratos_Historicos\manual-api-compras.pdf
PDF_SEM_MD,mestra\06_Paineis_e_Contratos_Historicos,manual-contratos-gov-br-nova-versao.pdf,11026,132,TEXTO,1745,0.44,Manual Operacional - Contratos.gov.br - Perfil Fornecedor.md,mestra\05_Doutrina_e_Biblioteca\Biblioteca_Manuais_e_Cursos,C:\Users\thiagonogueira\OneDrive - mppi.mp.br\CLC\01_Processos_e_Aquisicoes\Base de Conhecimento - Thiago\06_Paineis_e_Contratos_Historicos\manual-contratos-gov-br-nova-versao.pdf
PDF_SEM_MD,mestra\06_Paineis_e_Contratos_Historicos,Manual_das_APIs_Manual_das_APIs .pdf,694,41,TEXTO,2240,0.25,manual-2025(e38d727ecdd5bd1591bb6f8ab47d38bd).md,mestra\01_Normativos_Vigentes\02_Estadual_PI\Manuais_e_Guias_Tecnicos,C:\Users\thiagonogueira\OneDrive - mppi.mp.br\CLC\01_Processos_e_Aquisicoes\Base de Conhecimento - Thiago\06_Paineis_e_Contratos_Historicos\Manual_das_APIs_Manual_das_APIs .pdf
PDF_SEM_MD,mestra\06_Paineis_e_Contratos_Historicos,PCA 2026 - Versão 3.0 - MPPI.pdf,4219,59,TEXTO,934,0.5,Federal - mto_2026_-_versao_5_.md,mestra\01_Normativos_Vigentes\01_Federal\Manuais_e_Guias_Tecnicos,C:\Users\thiagonogueira\OneDrive - mppi.mp.br\CLC\01_Processos_e_Aquisicoes\Base de Conhecimento - Thiago\06_Paineis_e_Contratos_Historicos\PCA 2026 - Versão 3.0 - MPPI.pdf
PDF_SEM_MD,mestra\06_Paineis_e_Contratos_Historicos,README.pdf,59,4,TEXTO,1503,0,,,C:\Users\thiagonogueira\OneDrive - mppi.mp.br\CLC\01_Processos_e_Aquisicoes\Base de Conhecimento - Thiago\06_Paineis_e_Contratos_Historicos\README.pdf
PDF_SEM_MD,mestra\06_Paineis_e_Contratos_Historicos,Relatorio de Estrutura de Arquitetura.pdf,119,8,TEXTO,2175,0.2,Relatório_IA_2023.md,mestra\05_Doutrina_e_Biblioteca\BID - Cursos\Guias_Digitais_e_Leituras_MD,C:\Users\thiagonogueira\OneDrive - mppi.mp.br\CLC\01_Processos_e_Aquisicoes\Base de Conhecimento - Thiago\06_Paineis_e_Contratos_Historicos\Relatorio de Estrutura de Arquitetura.pdf
PDF_SEM_MD,mestra\06_Paineis_e_Contratos_Historicos,Relatorio_PCA_2027.pdf,207,3,TEXTO,1076,0.25,PCA 2025.md,mestra\01_Normativos_Vigentes\03_MPPI,C:\Users\thiagonogueira\OneDrive - mppi.mp.br\CLC\01_Processos_e_Aquisicoes\Base de Conhecimento - Thiago\06_Paineis_e_Contratos_Historicos\Relatorio_PCA_2027.pdf
PDF_SEM_MD,mestra\06_Paineis_e_Contratos_Historicos,SEI_0978996_Ata_de_Registro_de_Precos.pdf,124,18,TEXTO,2649,0.38,POP - Prorrogacao de Vigencia de Ata de Registro de Precos.md,mestra\01_Normativos_Vigentes\04_CNMP\POP's Contratação Direta,C:\Users\thiagonogueira\OneDrive - mppi.mp.br\CLC\01_Processos_e_Aquisicoes\Base de Conhecimento - Thiago\06_Paineis_e_Contratos_Historicos\SEI_0978996_Ata_de_Registro_de_Precos.pdf
PDF_SEM_MD,mestra\06_Paineis_e_Contratos_Historicos,Tutorial_PCA_MPPI_2026 (2).pdf,1454,29,TEXTO,1159,0.29,PCA 2026 - Plano de Contratacoes Anual Versao 3.0 MPPI.md,mestra\01_Normativos_Vigentes\03_MPPI\PCA 2026,C:\Users\thiagonogueira\OneDrive - mppi.mp.br\CLC\01_Processos_e_Aquisicoes\Base de Conhecimento - Thiago\06_Paineis_e_Contratos_Historicos\Tutorial_PCA_MPPI_2026 (2).pdf
PDF_SEM_MD,mestra\06_Paineis_e_Contratos_Historicos,Tutorial_PCA_MPPI_2027.pdf,1233,13,TEXTO,540,0.25,PCA 2025.md,mestra\01_Normativos_Vigentes\03_MPPI,C:\Users\thiagonogueira\OneDrive - mppi.mp.br\CLC\01_Processos_e_Aquisicoes\Base de Conhecimento - Thiago\06_Paineis_e_Contratos_Historicos\Tutorial_PCA_MPPI_2027.pdf
PDF_SEM_MD,mestra\SIte_PGE_PI\ACT - Termo de Autorização de Uso - Espaços da Cidadania,Publicacao-Acordo-de-Cooperacao-Tecnica-Espaco-da-Cidadania.pdf,2298,9,TEXTO,2661,0.21,Parecer AGU 00002.2026-CNCIC - Acordo de Cooperacao Tecnica com Entidades Privadas Lucrativas.md,mestra\05_Doutrina_e_Biblioteca\Biblioteca_Manuais_e_Cursos,C:\Users\thiagonogueira\OneDrive - mppi.mp.br\CLC\01_Processos_e_Aquisicoes\Base de Conhecimento - Thiago\SIte_PGE_PI\ACT - Termo de Autorização de Uso - Espaços da Cidadania\Publicacao-Acordo-de-Cooperacao-Tecnica-Espaco-da-Cidadania.pdf
PDF_SEM_MD,mestra\SIte_PGE_PI\ACT - Termo de Autorização de Uso - Espaços da Cidadania,Publicacao-Termo-de-Autorizacao-de-Uso-Espaco-da-Cidadania.pdf,2297,7,TEXTO,2689,0.1,Checklist de Auditoria - Termo de Referencia (TR).md,mestra\00_Ferramentas_e_Scripts_Analise\Checklists_Auditoria,C:\Users\thiagonogueira\OneDrive - mppi.mp.br\CLC\01_Processos_e_Aquisicoes\Base de Conhecimento - Thiago\SIte_PGE_PI\ACT - Termo de Autorização de Uso - Espaços da Cidadania\Publicacao-Termo-de-Autorizacao-de-Uso-Espaco-da-Cidadania.pdf
PDF_SEM_MD,mestra\SIte_PGE_PI\Adesão,Lei-14133-Lista-de-Verificacao-Adesao(1).pdf,149,8,TEXTO,2205,0.33,Federal - Lei 14133.2021.md,mestra\01_Normativos_Vigentes\01_Federal\Leis,C:\Users\thiagonogueira\OneDrive - mppi.mp.br\CLC\01_Processos_e_Aquisicoes\Base de Conhecimento - Thiago\SIte_PGE_PI\Adesão\Lei-14133-Lista-de-Verificacao-Adesao(1).pdf
PDF_SEM_MD,mestra\SIte_PGE_PI\Adesão,Lei-14133-Lista-de-Verificacao-Adesao-DOE(1).pdf,17969,8,TEXTO,2392,0.3,modelo-de-lista-de-verificacao-obras-e-servicos-de-engenharia-lei-.md,mestra\03_Modelos_e_Minutas\Modelos_AGU_14133\Pregão e Concorrência\Obras e Serviços de Engenharia,C:\Users\thiagonogueira\OneDrive - mppi.mp.br\CLC\01_Processos_e_Aquisicoes\Base de Conhecimento - Thiago\SIte_PGE_PI\Adesão\Lei-14133-Lista-de-Verificacao-Adesao-DOE(1).pdf
PDF_SEM_MD,mestra\SIte_PGE_PI\Adesão,Lei-14133-Lista-de-Verificacao-Adesao-DOE.pdf,17969,8,TEXTO,2392,0.3,modelo-de-lista-de-verificacao-obras-e-servicos-de-engenharia-lei-.md,mestra\03_Modelos_e_Minutas\Modelos_AGU_14133\Pregão e Concorrência\Obras e Serviços de Engenharia,C:\Users\thiagonogueira\OneDrive - mppi.mp.br\CLC\01_Processos_e_Aquisicoes\Base de Conhecimento - Thiago\SIte_PGE_PI\Adesão\Lei-14133-Lista-de-Verificacao-Adesao-DOE.pdf
PDF_SEM_MD,mestra\SIte_PGE_PI\Adesão,Lei-14133-Lista-de-Verificacao-Adesao.pdf,149,8,TEXTO,2205,0.33,Federal - Lei 14133.2021.md,mestra\01_Normativos_Vigentes\01_Federal\Leis,C:\Users\thiagonogueira\OneDrive - mppi.mp.br\CLC\01_Processos_e_Aquisicoes\Base de Conhecimento - Thiago\SIte_PGE_PI\Adesão\Lei-14133-Lista-de-Verificacao-Adesao.pdf
PDF_SEM_MD,mestra\SIte_PGE_PI\Adesão ARP Gerenciada pela SEAD,Lei-14133-Lista-de-Verificacao-Adesao-SEAD-DOE.pdf,17968,5,TEXTO,2373,0.27,modelo-de-lista-de-verificacao-obras-e-servicos-de-engenharia-lei-.md,mestra\03_Modelos_e_Minutas\Modelos_AGU_14133\Pregão e Concorrência\Obras e Serviços de Engenharia,C:\Users\thiagonogueira\OneDrive - mppi.mp.br\CLC\01_Processos_e_Aquisicoes\Base de Conhecimento - Thiago\SIte_PGE_PI\Adesão ARP Gerenciada pela SEAD\Lei-14133-Lista-de-Verificacao-Adesao-SEAD-DOE.pdf
PDF_SEM_MD,mestra\SIte_PGE_PI\Adesão ARP Gerenciada pela SEAD,Lei-14133-Lista-de-Verificacao-Adesao-SEAD.pdf,145,5,TEXTO,2207,0.3,modelo-de-lista-de-verificacao-obras-e-servicos-de-engenharia-lei-.md,mestra\03_Modelos_e_Minutas\Modelos_AGU_14133\Pregão e Concorrência\Obras e Serviços de Engenharia,C:\Users\thiagonogueira\OneDrive - mppi.mp.br\CLC\01_Processos_e_Aquisicoes\Base de Conhecimento - Thiago\SIte_PGE_PI\Adesão ARP Gerenciada pela SEAD\Lei-14133-Lista-de-Verificacao-Adesao-SEAD.pdf
PDF_SEM_MD,mestra\SIte_PGE_PI\Cessão Gratuita de Bem Imovel,DOEPI_179_2024.pdf,986,5,TEXTO,2477,0.14,manual-tecnico-2024-2025(ad246a293bfd2f319f1a8b73e64903e3).md,mestra\01_Normativos_Vigentes\02_Estadual_PI\Manuais_e_Guias_Tecnicos,C:\Users\thiagonogueira\OneDrive - mppi.mp.br\CLC\01_Processos_e_Aquisicoes\Base de Conhecimento - Thiago\SIte_PGE_PI\Cessão Gratuita de Bem Imovel\DOEPI_179_2024.pdf
PDF_SEM_MD,mestra\SIte_PGE_PI\Cessão Gratuita de Bem Imovel,Termo_de_Cessao_Gratuita_de_Uso_de_Imovel_Publico._Setembro_2024.pdf,200,6,TEXTO,1943,0.17,Boletim de Jurisprudencia TCE-PI nº 09 - Setembro de 2024.md,mestra\02_Jurisprudencia_e_Orientacoes\Boletins_TCE_PI,C:\Users\thiagonogueira\OneDrive - mppi.mp.br\CLC\01_Processos_e_Aquisicoes\Base de Conhecimento - Thiago\SIte_PGE_PI\Cessão Gratuita de Bem Imovel\Termo_de_Cessao_Gratuita_de_Uso_de_Imovel_Publico._Setembro_2024.pdf
PDF_SEM_MD,mestra\SIte_PGE_PI\Concorrencia_Eletronica,Lei-14133-Lista-de-Verificacao-Concorrencia-Eletronica-COM-SRP-Obras-e-Servicos-Especiais-de-Engenharia.pdf,161,10,TEXTO,2326,0.5,modelo-de-lista-de-verificacao-obras-e-servicos-de-engenharia-lei-.md,mestra\03_Modelos_e_Minutas\Modelos_AGU_14133\Pregão e Concorrência\Obras e Serviços de Engenharia,C:\Users\thiagonogueira\OneDrive - mppi.mp.br\CLC\01_Processos_e_Aquisicoes\Base de Conhecimento - Thiago\SIte_PGE_PI\Concorrencia_Eletronica\Lei-14133-Lista-de-Verificacao-Concorrencia-Eletronica-COM-SRP-Obras-e-Servicos-Especiais-de-Engenharia.pdf
PDF_SEM_MD,mestra\SIte_PGE_PI\Concorrencia_Eletronica,Lei-14133-Lista-de-Verificacao-Concorrencia-Eletronica-SEM-SRP-Obras-e-Servicos-Especiais-de-Engenharia.pdf,166,11,TEXTO,2348,0.46,modelo-de-lista-de-verificacao-obras-e-servicos-de-engenharia-lei-.md,mestra\03_Modelos_e_Minutas\Modelos_AGU_14133\Pregão e Concorrência\Obras e Serviços de Engenharia,C:\Users\thiagonogueira\OneDrive - mppi.mp.br\CLC\01_Processos_e_Aquisicoes\Base de Conhecimento - Thiago\SIte_PGE_PI\Concorrencia_Eletronica\Lei-14133-Lista-de-Verificacao-Concorrencia-Eletronica-SEM-SRP-Obras-e-Servicos-Especiais-de-Engenharia.pdf
PDF_SEM_MD,mestra\SIte_PGE_PI\Concorrencia_Eletronica,Lista-de-Verificacao-Concorrencia-Eletronica-COM-SRP-Obras-e-Servicos-Especiais-de-Engenharia-DOE.pdf,17970,10,TEXTO,2451,0.42,modelo-de-lista-de-verificacao-obras-e-servicos-de-engenharia-lei-.md,mestra\03_Modelos_e_Minutas\Modelos_AGU_14133\Pregão e Concorrência\Obras e Serviços de Engenharia,C:\Users\thiagonogueira\OneDrive - mppi.mp.br\CLC\01_Processos_e_Aquisicoes\Base de Conhecimento - Thiago\SIte_PGE_PI\Concorrencia_Eletronica\Lista-de-Verificacao-Concorrencia-Eletronica-COM-SRP-Obras-e-Servicos-Especiais-de-Engenharia-DOE.pdf
PDF_SEM_MD,mestra\SIte_PGE_PI\Concorrencia_Eletronica,Lista-de-Verificacao-Concorrencia-Eletronica-SEM-SRP-Obras-e-Servicos-Especiais-de-Engenharia-DOE.pdf,17970,11,TEXTO,2486,0.38,modelo-de-lista-de-verificacao-obras-e-servicos-de-engenharia-lei-.md,mestra\03_Modelos_e_Minutas\Modelos_AGU_14133\Pregão e Concorrência\Obras e Serviços de Engenharia,C:\Users\thiagonogueira\OneDrive - mppi.mp.br\CLC\01_Processos_e_Aquisicoes\Base de Conhecimento - Thiago\SIte_PGE_PI\Concorrencia_Eletronica\Lista-de-Verificacao-Concorrencia-Eletronica-SEM-SRP-Obras-e-Servicos-Especiais-de-Engenharia-DOE.pdf
PDF_SEM_MD,"mestra\SIte_PGE_PI\Contratacao de pequeno valor (75, I)",Lei-14133-Lista-de-Verificacao-Contratacao-Direta-Pequeno-Valor-Obras-DOE.pdf,17970,11,TEXTO,2518,0.31,modelo-de-lista-de-verificacao-obras-e-servicos-de-engenharia-lei-.md,mestra\03_Modelos_e_Minutas\Modelos_AGU_14133\Pregão e Concorrência\Obras e Serviços de Engenharia,"C:\Users\thiagonogueira\OneDrive - mppi.mp.br\CLC\01_Processos_e_Aquisicoes\Base de Conhecimento - Thiago\SIte_PGE_PI\Contratacao de pequeno valor (75, I)\Lei-14133-Lista-de-Verificacao-Contratacao-Direta-Pequeno-Valor-Obras-DOE.pdf"
PDF_SEM_MD,"mestra\SIte_PGE_PI\Contratacao de pequeno valor (75, I)",Lei-14133-Lista-de-Verificacao-Contratacao-Direta-Pequeno-Valor-Obras.pdf,163,11,TEXTO,2326,0.33,modelo-de-lista-de-verificacao-obras-e-servicos-de-engenharia-lei-.md,mestra\03_Modelos_e_Minutas\Modelos_AGU_14133\Pregão e Concorrência\Obras e Serviços de Engenharia,"C:\Users\thiagonogueira\OneDrive - mppi.mp.br\CLC\01_Processos_e_Aquisicoes\Base de Conhecimento - Thiago\SIte_PGE_PI\Contratacao de pequeno valor (75, I)\Lei-14133-Lista-de-Verificacao-Contratacao-Direta-Pequeno-Valor-Obras.pdf"
PDF_SEM_MD,"mestra\SIte_PGE_PI\Contratacao de pequeno valor (75, II)",Lei-14133-Lista-de-Verificacao-Direta-Pequeno-Valor-Servicos-e-Compras-DOE.pdf,17968,7,TEXTO,2464,0.33,modelo-de-lista-de-verificacao-compras-e-servicos-sem-mao-de-obra-exclusiva-lei.md,mestra\03_Modelos_e_Minutas\Modelos_AGU_14133\Pregão e Concorrência\Serviços sem DEMO,"C:\Users\thiagonogueira\OneDrive - mppi.mp.br\CLC\01_Processos_e_Aquisicoes\Base de Conhecimento - Thiago\SIte_PGE_PI\Contratacao de pequeno valor (75, II)\Lei-14133-Lista-de-Verificacao-Direta-Pequeno-Valor-Servicos-e-Compras-DOE.pdf"
PDF_SEM_MD,"mestra\SIte_PGE_PI\Contratacao de pequeno valor (75, II)",Lei-14133-Lista-de-Verificacao-Direta-Pequeno-Valor-Servicos-e-Compras.pdf,137,7,TEXTO,2322,0.36,modelo-de-lista-de-verificacao-compras-e-servicos-sem-mao-de-obra-exclusiva-lei.md,mestra\03_Modelos_e_Minutas\Modelos_AGU_14133\Pregão e Concorrência\Serviços sem DEMO,"C:\Users\thiagonogueira\OneDrive - mppi.mp.br\CLC\01_Processos_e_Aquisicoes\Base de Conhecimento - Thiago\SIte_PGE_PI\Contratacao de pequeno valor (75, II)\Lei-14133-Lista-de-Verificacao-Direta-Pequeno-Valor-Servicos-e-Compras.pdf"
PDF_SEM_MD,"mestra\SIte_PGE_PI\Contratacao de pequeno valor - 75, I",Lei-14133-Lista-de-Verificacao-Contratacao-Direta-Pequeno-Valor-Servicos-Comuns-de-Engenharia(1).pdf,137,7,TEXTO,2271,0.38,modelo-de-lista-de-verificacao-obras-e-servicos-de-engenharia-lei-.md,mestra\03_Modelos_e_Minutas\Modelos_AGU_14133\Pregão e Concorrência\Obras e Serviços de Engenharia,"C:\Users\thiagonogueira\OneDrive - mppi.mp.br\CLC\01_Processos_e_Aquisicoes\Base de Conhecimento - Thiago\SIte_PGE_PI\Contratacao de pequeno valor - 75, I\Lei-14133-Lista-de-Verificacao-Contratacao-Direta-Pequeno-Valor-Servicos-Comuns-de-Engenharia(1).pdf"
PDF_SEM_MD,"mestra\SIte_PGE_PI\Contratacao de pequeno valor - 75, I",Lei-14133-Lista-de-Verificacao-Contratacao-Direta-Pequeno-Valor-Servicos-Comuns-de-Engenharia-DOE(1).pdf,17968,7,TEXTO,2399,0.36,modelo-de-lista-de-verificacao-obras-e-servicos-de-engenharia-lei-.md,mestra\03_Modelos_e_Minutas\Modelos_AGU_14133\Pregão e Concorrência\Obras e Serviços de Engenharia,"C:\Users\thiagonogueira\OneDrive - mppi.mp.br\CLC\01_Processos_e_Aquisicoes\Base de Conhecimento - Thiago\SIte_PGE_PI\Contratacao de pequeno valor - 75, I\Lei-14133-Lista-de-Verificacao-Contratacao-Direta-Pequeno-Valor-Servicos-Comuns-de-Engenharia-DOE(1).pdf"
PDF_SEM_MD,"mestra\SIte_PGE_PI\Contratacao de pequeno valor - 75, I",Lei-14133-Lista-de-Verificacao-Contratacao-Direta-Pequeno-Valor-Servicos-Comuns-de-Engenharia-DOE.pdf,17968,7,TEXTO,2399,0.36,modelo-de-lista-de-verificacao-obras-e-servicos-de-engenharia-lei-.md,mestra\03_Modelos_e_Minutas\Modelos_AGU_14133\Pregão e Concorrência\Obras e Serviços de Engenharia,"C:\Users\thiagonogueira\OneDrive - mppi.mp.br\CLC\01_Processos_e_Aquisicoes\Base de Conhecimento - Thiago\SIte_PGE_PI\Contratacao de pequeno valor - 75, I\Lei-14133-Lista-de-Verificacao-Contratacao-Direta-Pequeno-Valor-Servicos-Comuns-de-Engenharia-DOE.pdf"
PDF_SEM_MD,"mestra\SIte_PGE_PI\Contratacao de pequeno valor - 75, I",Lei-14133-Lista-de-Verificacao-Contratacao-Direta-Pequeno-Valor-Servicos-Comuns-de-Engenharia.pdf,137,7,TEXTO,2271,0.38,modelo-de-lista-de-verificacao-obras-e-servicos-de-engenharia-lei-.md,mestra\03_Modelos_e_Minutas\Modelos_AGU_14133\Pregão e Concorrência\Obras e Serviços de Engenharia,"C:\Users\thiagonogueira\OneDrive - mppi.mp.br\CLC\01_Processos_e_Aquisicoes\Base de Conhecimento - Thiago\SIte_PGE_PI\Contratacao de pequeno valor - 75, I\Lei-14133-Lista-de-Verificacao-Contratacao-Direta-Pequeno-Valor-Servicos-Comuns-de-Engenharia.pdf"
PDF_SEM_MD,mestra\SIte_PGE_PI\Lista de Verificação - Alteração Quantitativa,Lei-14133-Lista-de-Verificacao-Alteracao-Quantitativa-DOE.pdf,17967,4,TEXTO,2227,0.27,modelo-de-lista-de-verificacao-obras-e-servicos-de-engenharia-lei-.md,mestra\03_Modelos_e_Minutas\Modelos_AGU_14133\Pregão e Concorrência\Obras e Serviços de Engenharia,C:\Users\thiagonogueira\OneDrive - mppi.mp.br\CLC\01_Processos_e_Aquisicoes\Base de Conhecimento - Thiago\SIte_PGE_PI\Lista de Verificação - Alteração Quantitativa\Lei-14133-Lista-de-Verificacao-Alteracao-Quantitativa-DOE.pdf
PDF_SEM_MD,mestra\SIte_PGE_PI\Lista de Verificação - Alteração Quantitativa,Lei-14133-Lista-de-Verificacao-Alteracao-Quantitativa.pdf,117,4,TEXTO,2066,0.3,modelo-de-lista-de-verificacao-obras-e-servicos-de-engenharia-lei-.md,mestra\03_Modelos_e_Minutas\Modelos_AGU_14133\Pregão e Concorrência\Obras e Serviços de Engenharia,C:\Users\thiagonogueira\OneDrive - mppi.mp.br\CLC\01_Processos_e_Aquisicoes\Base de Conhecimento - Thiago\SIte_PGE_PI\Lista de Verificação - Alteração Quantitativa\Lei-14133-Lista-de-Verificacao-Alteracao-Quantitativa.pdf
PDF_SEM_MD,mestra\SIte_PGE_PI\Lista de Verificação - Contratação Direta - Obras,Lei-14133-Lista-de-Verificacao-Contratacao-Direta-Obras-DOE.pdf,17970,11,TEXTO,2471,0.36,modelo-de-lista-de-verificacao-obras-e-servicos-de-engenharia-lei-.md,mestra\03_Modelos_e_Minutas\Modelos_AGU_14133\Pregão e Concorrência\Obras e Serviços de Engenharia,C:\Users\thiagonogueira\OneDrive - mppi.mp.br\CLC\01_Processos_e_Aquisicoes\Base de Conhecimento - Thiago\SIte_PGE_PI\Lista de Verificação - Contratação Direta - Obras\Lei-14133-Lista-de-Verificacao-Contratacao-Direta-Obras-DOE.pdf
PDF_SEM_MD,mestra\SIte_PGE_PI\Lista de Verificação - Contratação Direta - Obras,Lei-14133-Lista-de-Verificacao-Contratacao-Direta-Obras.pdf,169,11,TEXTO,2346,0.4,modelo-de-lista-de-verificacao-obras-e-servicos-de-engenharia-lei-.md,mestra\03_Modelos_e_Minutas\Modelos_AGU_14133\Pregão e Concorrência\Obras e Serviços de Engenharia,C:\Users\thiagonogueira\OneDrive - mppi.mp.br\CLC\01_Processos_e_Aquisicoes\Base de Conhecimento - Thiago\SIte_PGE_PI\Lista de Verificação - Contratação Direta - Obras\Lei-14133-Lista-de-Verificacao-Contratacao-Direta-Obras.pdf
PDF_SEM_MD,mestra\SIte_PGE_PI\Lista de Verificação - Contratação Direta - Serviços ou Compras,Lei-14133-Lista-de-Verificacao-Contratacao-Direta-Servicos-ou-Compras-DOE.pdf,17968,7,TEXTO,2395,0.33,modelo-de-lista-de-verificacao-compras-e-servicos-sem-mao-de-obra-exclusiva-lei.md,mestra\03_Modelos_e_Minutas\Modelos_AGU_14133\Pregão e Concorrência\Serviços sem DEMO,C:\Users\thiagonogueira\OneDrive - mppi.mp.br\CLC\01_Processos_e_Aquisicoes\Base de Conhecimento - Thiago\SIte_PGE_PI\Lista de Verificação - Contratação Direta - Serviços ou Compras\Lei-14133-Lista-de-Verificacao-Contratacao-Direta-Servicos-ou-Compras-DOE.pdf
PDF_SEM_MD,mestra\SIte_PGE_PI\Lista de Verificação - Contratação Direta - Serviços ou Compras,Lei-14133-Lista-de-Verificacao-Contratacao-Direta-Servicos-ou-Compras.pdf,140,7,TEXTO,2278,0.36,modelo-de-lista-de-verificacao-compras-e-servicos-sem-mao-de-obra-exclusiva-lei.md,mestra\03_Modelos_e_Minutas\Modelos_AGU_14133\Pregão e Concorrência\Serviços sem DEMO,C:\Users\thiagonogueira\OneDrive - mppi.mp.br\CLC\01_Processos_e_Aquisicoes\Base de Conhecimento - Thiago\SIte_PGE_PI\Lista de Verificação - Contratação Direta - Serviços ou Compras\Lei-14133-Lista-de-Verificacao-Contratacao-Direta-Servicos-ou-Compras.pdf
PDF_SEM_MD,mestra\SIte_PGE_PI\Lista de Verificação - Reajuste - Decreto Estadual 22737-2024,Lei-14133-Lista-de-Verificacao-Reajuste-DOE.pdf,17966,2,TEXTO,1403,0.3,modelo-de-lista-de-verificacao-obras-e-servicos-de-engenharia-lei-.md,mestra\03_Modelos_e_Minutas\Modelos_AGU_14133\Pregão e Concorrência\Obras e Serviços de Engenharia,C:\Users\thiagonogueira\OneDrive - mppi.mp.br\CLC\01_Processos_e_Aquisicoes\Base de Conhecimento - Thiago\SIte_PGE_PI\Lista de Verificação - Reajuste - Decreto Estadual 22737-2024\Lei-14133-Lista-de-Verificacao-Reajuste-DOE.pdf
PDF_SEM_MD,mestra\SIte_PGE_PI\Lista de Verificação - Reajuste - Decreto Estadual 22737-2024,Lei-14133-Lista-de-Verificacao-Reajuste.pdf,93,2,TEXTO,1256,0.33,Federal - Lei 14133.2021.md,mestra\01_Normativos_Vigentes\01_Federal\Leis,C:\Users\thiagonogueira\OneDrive - mppi.mp.br\CLC\01_Processos_e_Aquisicoes\Base de Conhecimento - Thiago\SIte_PGE_PI\Lista de Verificação - Reajuste - Decreto Estadual 22737-2024\Lei-14133-Lista-de-Verificacao-Reajuste.pdf
PDF_SEM_MD,mestra\SIte_PGE_PI\Lista de Verificação - Repactuação,Lei-14133-Lista-de-Verificacao-Repactuacao-DOE.pdf,17966,2,TEXTO,2159,0.3,modelo-de-lista-de-verificacao-obras-e-servicos-de-engenharia-lei-.md,mestra\03_Modelos_e_Minutas\Modelos_AGU_14133\Pregão e Concorrência\Obras e Serviços de Engenharia,C:\Users\thiagonogueira\OneDrive - mppi.mp.br\CLC\01_Processos_e_Aquisicoes\Base de Conhecimento - Thiago\SIte_PGE_PI\Lista de Verificação - Repactuação\Lei-14133-Lista-de-Verificacao-Repactuacao-DOE.pdf
PDF_SEM_MD,mestra\SIte_PGE_PI\Lista de Verificação - Repactuação,Lei-14133-Lista-de-Verificacao-Repactuacao.pdf,82,2,TEXTO,2011,0.33,Federal - Lei 14133.2021.md,mestra\01_Normativos_Vigentes\01_Federal\Leis,C:\Users\thiagonogueira\OneDrive - mppi.mp.br\CLC\01_Processos_e_Aquisicoes\Base de Conhecimento - Thiago\SIte_PGE_PI\Lista de Verificação - Repactuação\Lei-14133-Lista-de-Verificacao-Repactuacao.pdf
PDF_SEM_MD,mestra\SIte_PGE_PI\Lista de Verificação - Revisão-Realinhamento,Lei-14133-Lista-de-Verificacao-Revisao-Realinhamento-DOE.pdf,17967,4,TEXTO,2040,0.27,modelo-de-lista-de-verificacao-obras-e-servicos-de-engenharia-lei-.md,mestra\03_Modelos_e_Minutas\Modelos_AGU_14133\Pregão e Concorrência\Obras e Serviços de Engenharia,C:\Users\thiagonogueira\OneDrive - mppi.mp.br\CLC\01_Processos_e_Aquisicoes\Base de Conhecimento - Thiago\SIte_PGE_PI\Lista de Verificação - Revisão-Realinhamento\Lei-14133-Lista-de-Verificacao-Revisao-Realinhamento-DOE.pdf
PDF_SEM_MD,mestra\SIte_PGE_PI\Lista de Verificação - Revisão-Realinhamento,Lei-14133-Lista-de-Verificacao-Revisao-Realinhamento.pdf,118,4,TEXTO,1878,0.3,modelo-de-lista-de-verificacao-obras-e-servicos-de-engenharia-lei-.md,mestra\03_Modelos_e_Minutas\Modelos_AGU_14133\Pregão e Concorrência\Obras e Serviços de Engenharia,C:\Users\thiagonogueira\OneDrive - mppi.mp.br\CLC\01_Processos_e_Aquisicoes\Base de Conhecimento - Thiago\SIte_PGE_PI\Lista de Verificação - Revisão-Realinhamento\Lei-14133-Lista-de-Verificacao-Revisao-Realinhamento.pdf
PDF_SEM_MD,mestra\SIte_PGE_PI\Locação de Imóvel - Abril 2024,Contrato_de_Locacao_de_Imovel._Lei_14.133.pdf,214,11,TEXTO,1706,0.36,modelo-de-termo-de-contrato-compras-lei-no-14-133-dez-25.md,mestra\03_Modelos_e_Minutas\Modelos_AGU_14133\Contratação Direta,C:\Users\thiagonogueira\OneDrive - mppi.mp.br\CLC\01_Processos_e_Aquisicoes\Base de Conhecimento - Thiago\SIte_PGE_PI\Locação de Imóvel - Abril 2024\Contrato_de_Locacao_de_Imovel._Lei_14.133.pdf
PDF_SEM_MD,mestra\SIte_PGE_PI\Locação de Imóvel - Abril 2024,Lei-14133-Lista-de-Verificacao-Locacao-Imovel.pdf,130,7,TEXTO,2029,0.3,modelo-de-lista-de-verificacao-obras-e-servicos-de-engenharia-lei-.md,mestra\03_Modelos_e_Minutas\Modelos_AGU_14133\Pregão e Concorrência\Obras e Serviços de Engenharia,C:\Users\thiagonogueira\OneDrive - mppi.mp.br\CLC\01_Processos_e_Aquisicoes\Base de Conhecimento - Thiago\SIte_PGE_PI\Locação de Imóvel - Abril 2024\Lei-14133-Lista-de-Verificacao-Locacao-Imovel.pdf
PDF_SEM_MD,mestra\SIte_PGE_PI\Locação de Imóvel - Abril 2024,Lei-14133-Locacao-Imovel-DOE.pdf,17968,7,TEXTO,2142,0.33,Federal - Lei 14133.2021.md,mestra\01_Normativos_Vigentes\01_Federal\Leis,C:\Users\thiagonogueira\OneDrive - mppi.mp.br\CLC\01_Processos_e_Aquisicoes\Base de Conhecimento - Thiago\SIte_PGE_PI\Locação de Imóvel - Abril 2024\Lei-14133-Locacao-Imovel-DOE.pdf
PDF_SEM_MD,mestra\SIte_PGE_PI\Locação de Imóvel - Abril 2024,Minuta-Padrao-Contrato-de-Locacao-de-Imovel.pdf,1435,13,TEXTO,2217,0.15,Parecer AGU 00880.2023-CJU-SCOM - Locacao de Imovel por Inexigibilidade de Licitacao.md,mestra\05_Doutrina_e_Biblioteca\Biblioteca_Manuais_e_Cursos,C:\Users\thiagonogueira\OneDrive - mppi.mp.br\CLC\01_Processos_e_Aquisicoes\Base de Conhecimento - Thiago\SIte_PGE_PI\Locação de Imóvel - Abril 2024\Minuta-Padrao-Contrato-de-Locacao-de-Imovel.pdf
PDF_SEM_MD,mestra\SIte_PGE_PI\LV - Contratação Direta - Serv Comuns Eng,Lista-de-Verificacao-Contratacao-Direta-Servicos-Comuns-de-Engenharia-DOE.pdf,17968,7,TEXTO,2421,0.36,modelo-de-lista-de-verificacao-obras-e-servicos-de-engenharia-lei-.md,mestra\03_Modelos_e_Minutas\Modelos_AGU_14133\Pregão e Concorrência\Obras e Serviços de Engenharia,C:\Users\thiagonogueira\OneDrive - mppi.mp.br\CLC\01_Processos_e_Aquisicoes\Base de Conhecimento - Thiago\SIte_PGE_PI\LV - Contratação Direta - Serv Comuns Eng\Lista-de-Verificacao-Contratacao-Direta-Servicos-Comuns-de-Engenharia-DOE.pdf
PDF_SEM_MD,mestra\SIte_PGE_PI\LV - Contratação Direta - Serv Comuns Eng,Lista-de-Verificacao-Contratacao-Direta-Servicos-Comuns-de-Engenharia.pdf,140,6,TEXTO,2304,0.4,modelo-de-lista-de-verificacao-obras-e-servicos-de-engenharia-lei-.md,mestra\03_Modelos_e_Minutas\Modelos_AGU_14133\Pregão e Concorrência\Obras e Serviços de Engenharia,C:\Users\thiagonogueira\OneDrive - mppi.mp.br\CLC\01_Processos_e_Aquisicoes\Base de Conhecimento - Thiago\SIte_PGE_PI\LV - Contratação Direta - Serv Comuns Eng\Lista-de-Verificacao-Contratacao-Direta-Servicos-Comuns-de-Engenharia.pdf
PDF_SEM_MD,mestra\SIte_PGE_PI\LV - Prorrogação Contínuos,Lei-14133-Lista-de-Verificacao-Prorrogacao-Servicos-ou-Fornecimentos-Continuos-DOE.pdf,17967,4,TEXTO,2178,0.31,modelo-de-lista-de-verificacao-obras-e-servicos-de-engenharia-lei-.md,mestra\03_Modelos_e_Minutas\Modelos_AGU_14133\Pregão e Concorrência\Obras e Serviços de Engenharia,C:\Users\thiagonogueira\OneDrive - mppi.mp.br\CLC\01_Processos_e_Aquisicoes\Base de Conhecimento - Thiago\SIte_PGE_PI\LV - Prorrogação Contínuos\Lei-14133-Lista-de-Verificacao-Prorrogacao-Servicos-ou-Fornecimentos-Continuos-DOE.pdf
PDF_SEM_MD,mestra\SIte_PGE_PI\LV - Prorrogação Contínuos,Lei-14133-Lista-de-Verificacao-Prorrogacao-Servicos-ou-Fornecimentos-Continuos.pdf,118,4,TEXTO,2016,0.33,modelo-de-lista-de-verificacao-obras-e-servicos-de-engenharia-lei-.md,mestra\03_Modelos_e_Minutas\Modelos_AGU_14133\Pregão e Concorrência\Obras e Serviços de Engenharia,C:\Users\thiagonogueira\OneDrive - mppi.mp.br\CLC\01_Processos_e_Aquisicoes\Base de Conhecimento - Thiago\SIte_PGE_PI\LV - Prorrogação Contínuos\Lei-14133-Lista-de-Verificacao-Prorrogacao-Servicos-ou-Fornecimentos-Continuos.pdf
PDF_SEM_MD,mestra\SIte_PGE_PI\LV - Prorrogação Não Contínuos,Lei-14133-Lista-de-Verificacao-Prorrogacao-Obras-Servicos-ou-Fornecimentos-nao-continuados-DOE.pdf,17967,3,TEXTO,2096,0.36,modelo-de-lista-de-verificacao-obras-e-servicos-de-engenharia-lei-.md,mestra\03_Modelos_e_Minutas\Modelos_AGU_14133\Pregão e Concorrência\Obras e Serviços de Engenharia,C:\Users\thiagonogueira\OneDrive - mppi.mp.br\CLC\01_Processos_e_Aquisicoes\Base de Conhecimento - Thiago\SIte_PGE_PI\LV - Prorrogação Não Contínuos\Lei-14133-Lista-de-Verificacao-Prorrogacao-Obras-Servicos-ou-Fornecimentos-nao-continuados-DOE.pdf
PDF_SEM_MD,mestra\SIte_PGE_PI\LV - Prorrogação Não Contínuos,Lei-14133-Lista-de-Verificacao-Prorrogacao-Obras-Servicos-ou-Fornecimentos-nao-continuados.pdf,115,3,TEXTO,1940,0.38,modelo-de-lista-de-verificacao-obras-e-servicos-de-engenharia-lei-.md,mestra\03_Modelos_e_Minutas\Modelos_AGU_14133\Pregão e Concorrência\Obras e Serviços de Engenharia,C:\Users\thiagonogueira\OneDrive - mppi.mp.br\CLC\01_Processos_e_Aquisicoes\Base de Conhecimento - Thiago\SIte_PGE_PI\LV - Prorrogação Não Contínuos\Lei-14133-Lista-de-Verificacao-Prorrogacao-Obras-Servicos-ou-Fornecimentos-nao-continuados.pdf
PDF_SEM_MD,mestra\SIte_PGE_PI\Pregão Eletrônico - Bens e Serviços,01-Lei-14133-Lista-de-Verificacao-Pregao-Eletronico-SEM-SRP-Outubro-2025.pdf,130,6,TEXTO,2238,0.24,modelo-de-lista-de-verificacao-compras-e-servicos-sem-mao-de-obra-exclusiva-lei.md,mestra\03_Modelos_e_Minutas\Modelos_AGU_14133\Pregão e Concorrência\Serviços sem DEMO,C:\Users\thiagonogueira\OneDrive - mppi.mp.br\CLC\01_Processos_e_Aquisicoes\Base de Conhecimento - Thiago\SIte_PGE_PI\Pregão Eletrônico - Bens e Serviços\01-Lei-14133-Lista-de-Verificacao-Pregao-Eletronico-SEM-SRP-Outubro-2025.pdf
PDF_SEM_MD,mestra\SIte_PGE_PI\Pregão Eletrônico - Bens e Serviços,02-Lei-14133-Lista-de-Verificacao-Pregao-Eletronico-COM-SRP-Outubro-2025.pdf,128,6,TEXTO,2316,0.23,Lei Estadual 7482.2021 - Regulamenta o Pregão Eletrônico.md,mestra\01_Normativos_Vigentes\02_Estadual_PI\Leis,C:\Users\thiagonogueira\OneDrive - mppi.mp.br\CLC\01_Processos_e_Aquisicoes\Base de Conhecimento - Thiago\SIte_PGE_PI\Pregão Eletrônico - Bens e Serviços\02-Lei-14133-Lista-de-Verificacao-Pregao-Eletronico-COM-SRP-Outubro-2025.pdf
PDF_SEM_MD,mestra\SIte_PGE_PI\Pregão Eletrônico - Bens e Serviços,Lista-de-Verificacao-para-Abertura-de-Pregao-Bens-e-Servicos-Comuns-DOE.pdf,17968,6,TEXTO,2389,0.3,Lista de Verificacao SLC TJPI - Servicos e Licitacoes.md,mestra\01_Normativos_Vigentes\06_TJPI\Outros_Normativos,C:\Users\thiagonogueira\OneDrive - mppi.mp.br\CLC\01_Processos_e_Aquisicoes\Base de Conhecimento - Thiago\SIte_PGE_PI\Pregão Eletrônico - Bens e Serviços\Lista-de-Verificacao-para-Abertura-de-Pregao-Bens-e-Servicos-Comuns-DOE.pdf
PDF_SEM_MD,mestra\SIte_PGE_PI\Pregão Eletrônico - Bens e Serviços,Lista-de-Verificacao-para-Abertura-de-Pregao-Registro-de-Precos-DOE.pdf,17968,6,TEXTO,2438,0.2,Lista de Verificacao - Fase Interna de Selecao.md,mestra\00_Ferramentas_e_Scripts_Analise\Checklists_Auditoria,C:\Users\thiagonogueira\OneDrive - mppi.mp.br\CLC\01_Processos_e_Aquisicoes\Base de Conhecimento - Thiago\SIte_PGE_PI\Pregão Eletrônico - Bens e Serviços\Lista-de-Verificacao-para-Abertura-de-Pregao-Registro-de-Precos-DOE.pdf
PDF_SEM_MD,mestra\SIte_PGE_PI\Pregão Eletrônico - Serviços Comuns de Engenharia,Lei-14133-Lista-de-Verificacao-Pregao-Eletronico-COM-SRP-Servicos-Comuns-de-Engenharia.pdf,127,6,TEXTO,2124,0.42,modelo-de-lista-de-verificacao-obras-e-servicos-de-engenharia-lei-.md,mestra\03_Modelos_e_Minutas\Modelos_AGU_14133\Pregão e Concorrência\Obras e Serviços de Engenharia,C:\Users\thiagonogueira\OneDrive - mppi.mp.br\CLC\01_Processos_e_Aquisicoes\Base de Conhecimento - Thiago\SIte_PGE_PI\Pregão Eletrônico - Serviços Comuns de Engenharia\Lei-14133-Lista-de-Verificacao-Pregao-Eletronico-COM-SRP-Servicos-Comuns-de-Engenharia.pdf
PDF_SEM_MD,mestra\SIte_PGE_PI\Pregão Eletrônico - Serviços Comuns de Engenharia,Lei-14133-Lista-de-Verificacao-Pregao-Eletronico-SEM-SRP-Servicos-Comuns-de-Engenharia.pdf,129,6,TEXTO,2224,0.38,modelo-de-lista-de-verificacao-obras-e-servicos-de-engenharia-lei-.md,mestra\03_Modelos_e_Minutas\Modelos_AGU_14133\Pregão e Concorrência\Obras e Serviços de Engenharia,C:\Users\thiagonogueira\OneDrive - mppi.mp.br\CLC\01_Processos_e_Aquisicoes\Base de Conhecimento - Thiago\SIte_PGE_PI\Pregão Eletrônico - Serviços Comuns de Engenharia\Lei-14133-Lista-de-Verificacao-Pregao-Eletronico-SEM-SRP-Servicos-Comuns-de-Engenharia.pdf
PDF_SEM_MD,mestra\SIte_PGE_PI\Pregão Eletrônico - Serviços Comuns de Engenharia,Lista-de-Verificacao-Pregao-Eletronico-COM-SRP-Servicos-Comuns-de-Engenharia-DOE.pdf,17968,6,TEXTO,2316,0.33,modelo-de-lista-de-verificacao-obras-e-servicos-de-engenharia-lei-.md,mestra\03_Modelos_e_Minutas\Modelos_AGU_14133\Pregão e Concorrência\Obras e Serviços de Engenharia,C:\Users\thiagonogueira\OneDrive - mppi.mp.br\CLC\01_Processos_e_Aquisicoes\Base de Conhecimento - Thiago\SIte_PGE_PI\Pregão Eletrônico - Serviços Comuns de Engenharia\Lista-de-Verificacao-Pregao-Eletronico-COM-SRP-Servicos-Comuns-de-Engenharia-DOE.pdf
PDF_SEM_MD,mestra\SIte_PGE_PI\Pregão Eletrônico - Serviços Comuns de Engenharia,Lista-de-Verificacao-Pregao-Eletronico-SEM-SRP-Servicos-Comuns-de-Engenharia-DOE.pdf,17968,6,TEXTO,2349,0.31,modelo-de-lista-de-verificacao-obras-e-servicos-de-engenharia-lei-.md,mestra\03_Modelos_e_Minutas\Modelos_AGU_14133\Pregão e Concorrência\Obras e Serviços de Engenharia,C:\Users\thiagonogueira\OneDrive - mppi.mp.br\CLC\01_Processos_e_Aquisicoes\Base de Conhecimento - Thiago\SIte_PGE_PI\Pregão Eletrônico - Serviços Comuns de Engenharia\Lista-de-Verificacao-Pregao-Eletronico-SEM-SRP-Servicos-Comuns-de-Engenharia-DOE.pdf
