"Status","Pasta","PDF","MD","PastaMD","TamanhoPDF_KB","CaminhoPDF"
"PDF_SEM_MD","mestra","Manual completo - Concorrências Presenciais Lei 12.232_2010 - Novo DC.pdf","","","25596","C:\Users\thiagonogueira\OneDrive - mppi.mp.br\CLC\01_Processos_e_Aquisicoes\Base de Conhecimento - Thiago\Manual completo - Concorrências Presenciais Lei 12.232_2010 - Novo DC.pdf"
"PDF_SEM_MD","mestra","Manual completo - Convocação de Remanescentes.pdf","","","8480","C:\Users\thiagonogueira\OneDrive - mppi.mp.br\CLC\01_Processos_e_Aquisicoes\Base de Conhecimento - Thiago\Manual completo - Convocação de Remanescentes.pdf"
"PDF_SEM_MD","mestra","Manual completo - Manual Compras.gov.br - Pregão Eletrônico.pdf","","","8639","C:\Users\thiagonogueira\OneDrive - mppi.mp.br\CLC\01_Processos_e_Aquisicoes\Base de Conhecimento - Thiago\Manual completo - Manual Compras.gov.br - Pregão Eletrônico.pdf"
"PDF_SEM_MD","mestra","SEI_TJPI_-_6640734_-_Provimento.pdf","","","4114","C:\Users\thiagonogueira\OneDrive - mppi.mp.br\CLC\01_Processos_e_Aquisicoes\Base de Conhecimento - Thiago\SEI_TJPI_-_6640734_-_Provimento.pdf"
"PDF_SEM_MD","mestra","TEMPORRIOManualContratosGov.brVersoOriginal1.40.0jun.2026rascunho.pdf","","","23784","C:\Users\thiagonogueira\OneDrive - mppi.mp.br\CLC\01_Processos_e_Aquisicoes\Base de Conhecimento - Thiago\TEMPORRIOManualContratosGov.brVersoOriginal1.40.0jun.2026rascunho.pdf"
"PDF_SEM_MD","mestra\00_Ferramentas_e_Scripts_Analise","ARP sapiens.agu.gov.br_valida_publico_id=1781507289.pdf","","","364","C:\Users\thiagonogueira\OneDrive - mppi.mp.br\CLC\01_Processos_e_Aquisicoes\Base de Conhecimento - Thiago\00_Ferramentas_e_Scripts_Analise\ARP sapiens.agu.gov.br_valida_publico_id=1781507289.pdf"
"PDF_SEM_MD","mestra\01_Normativos_Vigentes\01_Federal\Portarias","Portaria Fedral - n8678.0 - 2021.pdf","","","1397","C:\Users\thiagonogueira\OneDrive - mppi.mp.br\CLC\01_Processos_e_Aquisicoes\Base de Conhecimento - Thiago\01_Normativos_Vigentes\01_Federal\Portarias\Portaria Fedral - n8678.0 - 2021.pdf"
"PDF_SEM_MD","mestra\01_Normativos_Vigentes\02_Estadual_PI\Acordaos_Pareceres_Orientacoes","Nota Técnica Estadual - n032020112020 - 2020.pdf","","","286","C:\Users\thiagonogueira\OneDrive - mppi.mp.br\CLC\01_Processos_e_Aquisicoes\Base de Conhecimento - Thiago\01_Normativos_Vigentes\02_Estadual_PI\Acordaos_Pareceres_Orientacoes\Nota Técnica Estadual - n032020112020 - 2020.pdf"
"PDF_SEM_MD","mestra\01_Normativos_Vigentes\02_Estadual_PI\Decretos","DECRETO - n11.319 - 2004.pdf","","","258","C:\Users\thiagonogueira\OneDrive - mppi.mp.br\CLC\01_Processos_e_Aquisicoes\Base de Conhecimento - Thiago\01_Normativos_Vigentes\02_Estadual_PI\Decretos\DECRETO - n11.319 - 2004.pdf"
"PDF_SEM_MD","mestra\01_Normativos_Vigentes\02_Estadual_PI\Decretos","Decreto Estadual - n11.320132004 - 2004.pdf","","","283","C:\Users\thiagonogueira\OneDrive - mppi.mp.br\CLC\01_Processos_e_Aquisicoes\Base de Conhecimento - Thiago\01_Normativos_Vigentes\02_Estadual_PI\Decretos\Decreto Estadual - n11.320132004 - 2004.pdf"
"PDF_SEM_MD","mestra\01_Normativos_Vigentes\02_Estadual_PI\Decretos","Decreto Estadual - n11.346302004 - 2004.pdf","","","148","C:\Users\thiagonogueira\OneDrive - mppi.mp.br\CLC\01_Processos_e_Aquisicoes\Base de Conhecimento - Thiago\01_Normativos_Vigentes\02_Estadual_PI\Decretos\Decreto Estadual - n11.346302004 - 2004.pdf"
"PDF_SEM_MD","mestra\01_Normativos_Vigentes\02_Estadual_PI\Decretos","Decreto Estadual - n13.701052009 - 2009.pdf","","","202","C:\Users\thiagonogueira\OneDrive - mppi.mp.br\CLC\01_Processos_e_Aquisicoes\Base de Conhecimento - Thiago\01_Normativos_Vigentes\02_Estadual_PI\Decretos\Decreto Estadual - n13.701052009 - 2009.pdf"
"PDF_SEM_MD","mestra\01_Normativos_Vigentes\02_Estadual_PI\Decretos","Decreto Estadual - n14.386182011 - 2011.pdf","","","261","C:\Users\thiagonogueira\OneDrive - mppi.mp.br\CLC\01_Processos_e_Aquisicoes\Base de Conhecimento - Thiago\01_Normativos_Vigentes\02_Estadual_PI\Decretos\Decreto Estadual - n14.386182011 - 2011.pdf"
"PDF_SEM_MD","mestra\01_Normativos_Vigentes\02_Estadual_PI\Decretos","Decreto Estadual - n14.483262011 - 2011.pdf","","","583","C:\Users\thiagonogueira\OneDrive - mppi.mp.br\CLC\01_Processos_e_Aquisicoes\Base de Conhecimento - Thiago\01_Normativos_Vigentes\02_Estadual_PI\Decretos\Decreto Estadual - n14.483262011 - 2011.pdf"
"PDF_SEM_MD","mestra\01_Normativos_Vigentes\02_Estadual_PI\Decretos","Decreto Estadual - n14.891112012 - 2012.pdf","","","267","C:\Users\thiagonogueira\OneDrive - mppi.mp.br\CLC\01_Processos_e_Aquisicoes\Base de Conhecimento - Thiago\01_Normativos_Vigentes\02_Estadual_PI\Decretos\Decreto Estadual - n14.891112012 - 2012.pdf"
"PDF_SEM_MD","mestra\01_Normativos_Vigentes\02_Estadual_PI\Decretos","Decreto Estadual - n15.093212013 - 2013.pdf","","","252","C:\Users\thiagonogueira\OneDrive - mppi.mp.br\CLC\01_Processos_e_Aquisicoes\Base de Conhecimento - Thiago\01_Normativos_Vigentes\02_Estadual_PI\Decretos\Decreto Estadual - n15.093212013 - 2013.pdf"
"PDF_SEM_MD","mestra\01_Normativos_Vigentes\02_Estadual_PI\Decretos","Decreto Estadual - n15.943192015 - 2015.pdf","","","245","C:\Users\thiagonogueira\OneDrive - mppi.mp.br\CLC\01_Processos_e_Aquisicoes\Base de Conhecimento - Thiago\01_Normativos_Vigentes\02_Estadual_PI\Decretos\Decreto Estadual - n15.943192015 - 2015.pdf"
"PDF_SEM_MD","mestra\01_Normativos_Vigentes\02_Estadual_PI\Decretos","Decreto Estadual - n16.21252015 - 2015.pdf","","","260","C:\Users\thiagonogueira\OneDrive - mppi.mp.br\CLC\01_Processos_e_Aquisicoes\Base de Conhecimento - Thiago\01_Normativos_Vigentes\02_Estadual_PI\Decretos\Decreto Estadual - n16.21252015 - 2015.pdf"
"PDF_SEM_MD","mestra\01_Normativos_Vigentes\02_Estadual_PI\Decretos","Decreto Estadual - n16.266032015 - 2015.pdf","","","218","C:\Users\thiagonogueira\OneDrive - mppi.mp.br\CLC\01_Processos_e_Aquisicoes\Base de Conhecimento - Thiago\01_Normativos_Vigentes\02_Estadual_PI\Decretos\Decreto Estadual - n16.266032015 - 2015.pdf"
"PDF_SEM_MD","mestra\01_Normativos_Vigentes\02_Estadual_PI\Decretos","Decreto Estadual - n16.73722016 - 2016.pdf","","","218","C:\Users\thiagonogueira\OneDrive - mppi.mp.br\CLC\01_Processos_e_Aquisicoes\Base de Conhecimento - Thiago\01_Normativos_Vigentes\02_Estadual_PI\Decretos\Decreto Estadual - n16.73722016 - 2016.pdf"
"PDF_SEM_MD","mestra\01_Normativos_Vigentes\02_Estadual_PI\Decretos","Decreto Estadual - n17.084032017 - 2017.pdf","","","232","C:\Users\thiagonogueira\OneDrive - mppi.mp.br\CLC\01_Processos_e_Aquisicoes\Base de Conhecimento - Thiago\01_Normativos_Vigentes\02_Estadual_PI\Decretos\Decreto Estadual - n17.084032017 - 2017.pdf"
"PDF_SEM_MD","mestra\01_Normativos_Vigentes\02_Estadual_PI\Decretos","Decreto Estadual - n19.841062021 - 2021.pdf","","","190","C:\Users\thiagonogueira\OneDrive - mppi.mp.br\CLC\01_Processos_e_Aquisicoes\Base de Conhecimento - Thiago\01_Normativos_Vigentes\02_Estadual_PI\Decretos\Decreto Estadual - n19.841062021 - 2021.pdf"
"PDF_SEM_MD","mestra\01_Normativos_Vigentes\02_Estadual_PI\Decretos","Decreto Estadual - n20.096112021 - 2021.pdf","","","116","C:\Users\thiagonogueira\OneDrive - mppi.mp.br\CLC\01_Processos_e_Aquisicoes\Base de Conhecimento - Thiago\01_Normativos_Vigentes\02_Estadual_PI\Decretos\Decreto Estadual - n20.096112021 - 2021.pdf"
"PDF_SEM_MD","mestra\01_Normativos_Vigentes\02_Estadual_PI\Decretos","Decreto Estadual - n20.110132021 - 2021.pdf","","","204","C:\Users\thiagonogueira\OneDrive - mppi.mp.br\CLC\01_Processos_e_Aquisicoes\Base de Conhecimento - Thiago\01_Normativos_Vigentes\02_Estadual_PI\Decretos\Decreto Estadual - n20.110132021 - 2021.pdf"
"PDF_SEM_MD","mestra\01_Normativos_Vigentes\02_Estadual_PI\Decretos","Decreto Estadual - n21.812092023 - 2023.pdf","","","205","C:\Users\thiagonogueira\OneDrive - mppi.mp.br\CLC\01_Processos_e_Aquisicoes\Base de Conhecimento - Thiago\01_Normativos_Vigentes\02_Estadual_PI\Decretos\Decreto Estadual - n21.812092023 - 2023.pdf"
"PDF_SEM_MD","mestra\01_Normativos_Vigentes\02_Estadual_PI\Decretos","Decreto Estadual - n21.813092023 - 2023.pdf","","","200","C:\Users\thiagonogueira\OneDrive - mppi.mp.br\CLC\01_Processos_e_Aquisicoes\Base de Conhecimento - Thiago\01_Normativos_Vigentes\02_Estadual_PI\Decretos\Decreto Estadual - n21.813092023 - 2023.pdf"
"PDF_SEM_MD","mestra\01_Normativos_Vigentes\02_Estadual_PI\Decretos","Decreto Estadual - n21.872072023 - 2023.pdf","","","550","C:\Users\thiagonogueira\OneDrive - mppi.mp.br\CLC\01_Processos_e_Aquisicoes\Base de Conhecimento - Thiago\01_Normativos_Vigentes\02_Estadual_PI\Decretos\Decreto Estadual - n21.872072023 - 2023.pdf"
"PDF_SEM_MD","mestra\01_Normativos_Vigentes\02_Estadual_PI\Decretos","Decreto Estadual - n21.910172023 - 2023.pdf","","","204","C:\Users\thiagonogueira\OneDrive - mppi.mp.br\CLC\01_Processos_e_Aquisicoes\Base de Conhecimento - Thiago\01_Normativos_Vigentes\02_Estadual_PI\Decretos\Decreto Estadual - n21.910172023 - 2023.pdf"
"PDF_SEM_MD","mestra\01_Normativos_Vigentes\02_Estadual_PI\Decretos","Decreto Estadual - n21.938282023 - 2023.pdf","","","288","C:\Users\thiagonogueira\OneDrive - mppi.mp.br\CLC\01_Processos_e_Aquisicoes\Base de Conhecimento - Thiago\01_Normativos_Vigentes\02_Estadual_PI\Decretos\Decreto Estadual - n21.938282023 - 2023.pdf"
"PDF_SEM_MD","mestra\01_Normativos_Vigentes\02_Estadual_PI\Decretos","Decreto Estadual - n21.980132023 - 2023.pdf","","","91","C:\Users\thiagonogueira\OneDrive - mppi.mp.br\CLC\01_Processos_e_Aquisicoes\Base de Conhecimento - Thiago\01_Normativos_Vigentes\02_Estadual_PI\Decretos\Decreto Estadual - n21.980132023 - 2023.pdf"
"PDF_SEM_MD","mestra\01_Normativos_Vigentes\02_Estadual_PI\Decretos","Decreto Estadual - n22.023262023 - 2023.pdf","","","239","C:\Users\thiagonogueira\OneDrive - mppi.mp.br\CLC\01_Processos_e_Aquisicoes\Base de Conhecimento - Thiago\01_Normativos_Vigentes\02_Estadual_PI\Decretos\Decreto Estadual - n22.023262023 - 2023.pdf"
"PDF_SEM_MD","mestra\01_Normativos_Vigentes\02_Estadual_PI\Decretos","Decreto Estadual - n22.089192023 - 2023.pdf","","","202","C:\Users\thiagonogueira\OneDrive - mppi.mp.br\CLC\01_Processos_e_Aquisicoes\Base de Conhecimento - Thiago\01_Normativos_Vigentes\02_Estadual_PI\Decretos\Decreto Estadual - n22.089192023 - 2023.pdf"
"PDF_SEM_MD","mestra\01_Normativos_Vigentes\02_Estadual_PI\Decretos","Decreto Estadual - n22.380052023 - 2023.pdf","","","215","C:\Users\thiagonogueira\OneDrive - mppi.mp.br\CLC\01_Processos_e_Aquisicoes\Base de Conhecimento - Thiago\01_Normativos_Vigentes\02_Estadual_PI\Decretos\Decreto Estadual - n22.380052023 - 2023.pdf"
"PDF_SEM_MD","mestra\01_Normativos_Vigentes\02_Estadual_PI\Decretos","Decreto Estadual - n22.652272023 - 2023.pdf","","","202","C:\Users\thiagonogueira\OneDrive - mppi.mp.br\CLC\01_Processos_e_Aquisicoes\Base de Conhecimento - Thiago\01_Normativos_Vigentes\02_Estadual_PI\Decretos\Decreto Estadual - n22.652272023 - 2023.pdf"
"PDF_SEM_MD","mestra\01_Normativos_Vigentes\02_Estadual_PI\Decretos","Decreto Estadual - n22.737062024 - 2024.pdf","","","117","C:\Users\thiagonogueira\OneDrive - mppi.mp.br\CLC\01_Processos_e_Aquisicoes\Base de Conhecimento - Thiago\01_Normativos_Vigentes\02_Estadual_PI\Decretos\Decreto Estadual - n22.737062024 - 2024.pdf"
"PDF_SEM_MD","mestra\01_Normativos_Vigentes\02_Estadual_PI\Decretos","Decreto Estadual - n22.822112024 - 2024.pdf","","","279","C:\Users\thiagonogueira\OneDrive - mppi.mp.br\CLC\01_Processos_e_Aquisicoes\Base de Conhecimento - Thiago\01_Normativos_Vigentes\02_Estadual_PI\Decretos\Decreto Estadual - n22.822112024 - 2024.pdf"
"PDF_SEM_MD","mestra\01_Normativos_Vigentes\02_Estadual_PI\Decretos","Decreto Estadual - n23.891122025 - 2025.pdf","","","274","C:\Users\thiagonogueira\OneDrive - mppi.mp.br\CLC\01_Processos_e_Aquisicoes\Base de Conhecimento - Thiago\01_Normativos_Vigentes\02_Estadual_PI\Decretos\Decreto Estadual - n23.891122025 - 2025.pdf"
"PDF_SEM_MD","mestra\01_Normativos_Vigentes\02_Estadual_PI\Instrucoes_Normativas","Instrução Normativa Estadual - n00012013 - 2013.pdf","","","297","C:\Users\thiagonogueira\OneDrive - mppi.mp.br\CLC\01_Processos_e_Aquisicoes\Base de Conhecimento - Thiago\01_Normativos_Vigentes\02_Estadual_PI\Instrucoes_Normativas\Instrução Normativa Estadual - n00012013 - 2013.pdf"
"PDF_SEM_MD","mestra\01_Normativos_Vigentes\02_Estadual_PI\Instrucoes_Normativas","Instrução Normativa Estadual - n00012015 - 2015.pdf","","","542","C:\Users\thiagonogueira\OneDrive - mppi.mp.br\CLC\01_Processos_e_Aquisicoes\Base de Conhecimento - Thiago\01_Normativos_Vigentes\02_Estadual_PI\Instrucoes_Normativas\Instrução Normativa Estadual - n00012015 - 2015.pdf"
"PDF_SEM_MD","mestra\01_Normativos_Vigentes\02_Estadual_PI\Instrucoes_Normativas","Instrução Normativa Estadual - n00012021 - 2021.pdf","","","124","C:\Users\thiagonogueira\OneDrive - mppi.mp.br\CLC\01_Processos_e_Aquisicoes\Base de Conhecimento - Thiago\01_Normativos_Vigentes\02_Estadual_PI\Instrucoes_Normativas\Instrução Normativa Estadual - n00012021 - 2021.pdf"
"PDF_SEM_MD","mestra\01_Normativos_Vigentes\02_Estadual_PI\Leis","Lei Estadual - n7.482182021 - 2021.pdf","","","231","C:\Users\thiagonogueira\OneDrive - mppi.mp.br\CLC\01_Processos_e_Aquisicoes\Base de Conhecimento - Thiago\01_Normativos_Vigentes\02_Estadual_PI\Leis\Lei Estadual - n7.482182021 - 2021.pdf"
"PDF_SEM_MD","mestra\01_Normativos_Vigentes\02_Estadual_PI\Leis","Lei Estadual - n7.612272021 - 2021.pdf","","","110","C:\Users\thiagonogueira\OneDrive - mppi.mp.br\CLC\01_Processos_e_Aquisicoes\Base de Conhecimento - Thiago\01_Normativos_Vigentes\02_Estadual_PI\Leis\Lei Estadual - n7.612272021 - 2021.pdf"
"PDF_SEM_MD","mestra\01_Normativos_Vigentes\02_Estadual_PI\Portarias","2. Portaria Nº 106, de 27 de março de 2025.pdf","","","7168","C:\Users\thiagonogueira\OneDrive - mppi.mp.br\CLC\01_Processos_e_Aquisicoes\Base de Conhecimento - Thiago\01_Normativos_Vigentes\02_Estadual_PI\Portarias\2. Portaria Nº 106, de 27 de março de 2025.pdf"
"PDF_SEM_MD","mestra\01_Normativos_Vigentes\02_Estadual_PI\Portarias","Portaria Estadual - n..0342021 - 2021.pdf","","","120","C:\Users\thiagonogueira\OneDrive - mppi.mp.br\CLC\01_Processos_e_Aquisicoes\Base de Conhecimento - Thiago\01_Normativos_Vigentes\02_Estadual_PI\Portarias\Portaria Estadual - n..0342021 - 2021.pdf"
"PDF_SEM_MD","mestra\01_Normativos_Vigentes\02_Estadual_PI\Portarias","Portaria Estadual - n0012024. - 2024.pdf","","","394","C:\Users\thiagonogueira\OneDrive - mppi.mp.br\CLC\01_Processos_e_Aquisicoes\Base de Conhecimento - Thiago\01_Normativos_Vigentes\02_Estadual_PI\Portarias\Portaria Estadual - n0012024. - 2024.pdf"
"PDF_SEM_MD","mestra\01_Normativos_Vigentes\02_Estadual_PI\Resolucoes","Resolução Estadual - n0022021182021 - 2021.pdf","","","358","C:\Users\thiagonogueira\OneDrive - mppi.mp.br\CLC\01_Processos_e_Aquisicoes\Base de Conhecimento - Thiago\01_Normativos_Vigentes\02_Estadual_PI\Resolucoes\Resolução Estadual - n0022021182021 - 2021.pdf"
"PDF_SEM_MD","mestra\01_Normativos_Vigentes\03_MPPI\Atos","Ato PGJMPPI - n1381.0 - 2024.pdf","","","276","C:\Users\thiagonogueira\OneDrive - mppi.mp.br\CLC\01_Processos_e_Aquisicoes\Base de Conhecimento - Thiago\01_Normativos_Vigentes\03_MPPI\Atos\Ato PGJMPPI - n1381.0 - 2024.pdf"
"PDF_SEM_MD","mestra\01_Normativos_Vigentes\03_MPPI\Atos","Ato PGJMPPI - n1382.0 - 2024.pdf","","","177","C:\Users\thiagonogueira\OneDrive - mppi.mp.br\CLC\01_Processos_e_Aquisicoes\Base de Conhecimento - Thiago\01_Normativos_Vigentes\03_MPPI\Atos\Ato PGJMPPI - n1382.0 - 2024.pdf"
"PDF_SEM_MD","mestra\01_Normativos_Vigentes\03_MPPI\Atos","Ato PGJMPPI - n1383.0 - 2024.pdf","","","172","C:\Users\thiagonogueira\OneDrive - mppi.mp.br\CLC\01_Processos_e_Aquisicoes\Base de Conhecimento - Thiago\01_Normativos_Vigentes\03_MPPI\Atos\Ato PGJMPPI - n1383.0 - 2024.pdf"
"PDF_SEM_MD","mestra\01_Normativos_Vigentes\03_MPPI\Atos","Ato PGJMPPI - n1413.0 - 2024.pdf","","","125","C:\Users\thiagonogueira\OneDrive - mppi.mp.br\CLC\01_Processos_e_Aquisicoes\Base de Conhecimento - Thiago\01_Normativos_Vigentes\03_MPPI\Atos\Ato PGJMPPI - n1413.0 - 2024.pdf"
"PDF_SEM_MD","mestra\01_Normativos_Vigentes\03_MPPI\Atos","Ato PGJMPPI - n1414.0 - 2024.pdf","","","185","C:\Users\thiagonogueira\OneDrive - mppi.mp.br\CLC\01_Processos_e_Aquisicoes\Base de Conhecimento - Thiago\01_Normativos_Vigentes\03_MPPI\Atos\Ato PGJMPPI - n1414.0 - 2024.pdf"
"PDF_SEM_MD","mestra\01_Normativos_Vigentes\03_MPPI\Atos","Ato PGJMPPI - n1415.0 - 2024.pdf","","","195","C:\Users\thiagonogueira\OneDrive - mppi.mp.br\CLC\01_Processos_e_Aquisicoes\Base de Conhecimento - Thiago\01_Normativos_Vigentes\03_MPPI\Atos\Ato PGJMPPI - n1415.0 - 2024.pdf"
"PDF_SEM_MD","mestra\01_Normativos_Vigentes\03_MPPI\Atos","Ato PGJMPPI - n1448.0 - 2024.pdf","","","147","C:\Users\thiagonogueira\OneDrive - mppi.mp.br\CLC\01_Processos_e_Aquisicoes\Base de Conhecimento - Thiago\01_Normativos_Vigentes\03_MPPI\Atos\Ato PGJMPPI - n1448.0 - 2024.pdf"
"PDF_SEM_MD","mestra\01_Normativos_Vigentes\03_MPPI\Atos","Ato PGJMPPI - n1449.0 - 2024.pdf","","","163","C:\Users\thiagonogueira\OneDrive - mppi.mp.br\CLC\01_Processos_e_Aquisicoes\Base de Conhecimento - Thiago\01_Normativos_Vigentes\03_MPPI\Atos\Ato PGJMPPI - n1449.0 - 2024.pdf"
"PDF_SEM_MD","mestra\01_Normativos_Vigentes\03_MPPI\Atos","Ato PGJMPPI - n1456.0 - 2024.pdf","","","174","C:\Users\thiagonogueira\OneDrive - mppi.mp.br\CLC\01_Processos_e_Aquisicoes\Base de Conhecimento - Thiago\01_Normativos_Vigentes\03_MPPI\Atos\Ato PGJMPPI - n1456.0 - 2024.pdf"
"PDF_SEM_MD","mestra\01_Normativos_Vigentes\03_MPPI\Atos","Ato PGJMPPI - n1480.0 - 2025.pdf","","","168","C:\Users\thiagonogueira\OneDrive - mppi.mp.br\CLC\01_Processos_e_Aquisicoes\Base de Conhecimento - Thiago\01_Normativos_Vigentes\03_MPPI\Atos\Ato PGJMPPI - n1480.0 - 2025.pdf"
"PDF_SEM_MD","mestra\01_Normativos_Vigentes\03_MPPI\PCA 2026","Relação de Demandas Suspensas e Retidas (184 registros).pdf","","","623","C:\Users\thiagonogueira\OneDrive - mppi.mp.br\CLC\01_Processos_e_Aquisicoes\Base de Conhecimento - Thiago\01_Normativos_Vigentes\03_MPPI\PCA 2026\Relação de Demandas Suspensas e Retidas (184 registros).pdf"
"PDF_SEM_MD","mestra\01_Normativos_Vigentes\03_MPPI\PCA_2026","PCA 2026 - Versão 2.0 - MPPI.pdf","","","5059","C:\Users\thiagonogueira\OneDrive - mppi.mp.br\CLC\01_Processos_e_Aquisicoes\Base de Conhecimento - Thiago\01_Normativos_Vigentes\03_MPPI\PCA_2026\PCA 2026 - Versão 2.0 - MPPI.pdf"
"PDF_SEM_MD","mestra\01_Normativos_Vigentes\03_MPPI\PCA_2026","PCA 2026 - Versão 3.0 - MPPI.pdf","","","4218","C:\Users\thiagonogueira\OneDrive - mppi.mp.br\CLC\01_Processos_e_Aquisicoes\Base de Conhecimento - Thiago\01_Normativos_Vigentes\03_MPPI\PCA_2026\PCA 2026 - Versão 3.0 - MPPI.pdf"
"PDF_SEM_MD","mestra\01_Normativos_Vigentes\03_MPPI\PCA_2026","PCA 2026.pdf","","","2659","C:\Users\thiagonogueira\OneDrive - mppi.mp.br\CLC\01_Processos_e_Aquisicoes\Base de Conhecimento - Thiago\01_Normativos_Vigentes\03_MPPI\PCA_2026\PCA 2026.pdf"
"PDF_SEM_MD","mestra\01_Normativos_Vigentes\03_MPPI\Portarias","Portaria PGJMPPI - n3315.0 - 2025.pdf","","","200","C:\Users\thiagonogueira\OneDrive - mppi.mp.br\CLC\01_Processos_e_Aquisicoes\Base de Conhecimento - Thiago\01_Normativos_Vigentes\03_MPPI\Portarias\Portaria PGJMPPI - n3315.0 - 2025.pdf"
"PDF_SEM_MD","mestra\01_Normativos_Vigentes\03_MPPI\Portarias","Portaria PGJMPPI - n3447.0 - 2024.pdf","","","161","C:\Users\thiagonogueira\OneDrive - mppi.mp.br\CLC\01_Processos_e_Aquisicoes\Base de Conhecimento - Thiago\01_Normativos_Vigentes\03_MPPI\Portarias\Portaria PGJMPPI - n3447.0 - 2024.pdf"
"PDF_SEM_MD","mestra\01_Normativos_Vigentes\03_MPPI\Portarias","Portaria PGJMPPI - n3448.0 - 2024.pdf","","","208","C:\Users\thiagonogueira\OneDrive - mppi.mp.br\CLC\01_Processos_e_Aquisicoes\Base de Conhecimento - Thiago\01_Normativos_Vigentes\03_MPPI\Portarias\Portaria PGJMPPI - n3448.0 - 2024.pdf"
"PDF_SEM_MD","mestra\01_Normativos_Vigentes\03_MPPI\Portarias","Portaria PGJMPPI - n4333.0 - 2024.pdf","","","192","C:\Users\thiagonogueira\OneDrive - mppi.mp.br\CLC\01_Processos_e_Aquisicoes\Base de Conhecimento - Thiago\01_Normativos_Vigentes\03_MPPI\Portarias\Portaria PGJMPPI - n4333.0 - 2024.pdf"
"PDF_SEM_MD","mestra\01_Normativos_Vigentes\03_MPPI\Portarias","Portaria PGJMPPI - n4335.0 - 2024.pdf","","","144","C:\Users\thiagonogueira\OneDrive - mppi.mp.br\CLC\01_Processos_e_Aquisicoes\Base de Conhecimento - Thiago\01_Normativos_Vigentes\03_MPPI\Portarias\Portaria PGJMPPI - n4335.0 - 2024.pdf"
"PDF_SEM_MD","mestra\01_Normativos_Vigentes\03_MPPI\Portarias","Portaria PGJMPPI - n870.0 - 2025.pdf","","","192","C:\Users\thiagonogueira\OneDrive - mppi.mp.br\CLC\01_Processos_e_Aquisicoes\Base de Conhecimento - Thiago\01_Normativos_Vigentes\03_MPPI\Portarias\Portaria PGJMPPI - n870.0 - 2025.pdf"
"PDF_SEM_MD","mestra\01_Normativos_Vigentes\03_MPPI\Portarias","Portaria PGJMPPI - n942.0 - 2025.pdf","","","190","C:\Users\thiagonogueira\OneDrive - mppi.mp.br\CLC\01_Processos_e_Aquisicoes\Base de Conhecimento - Thiago\01_Normativos_Vigentes\03_MPPI\Portarias\Portaria PGJMPPI - n942.0 - 2025.pdf"
"PDF_SEM_MD","mestra\01_Normativos_Vigentes\03_MPPI\Portarias","PORTARIA_PGJPI_NA___2067.2026___Equipe_de_planejamento.pdf","","","39","C:\Users\thiagonogueira\OneDrive - mppi.mp.br\CLC\01_Processos_e_Aquisicoes\Base de Conhecimento - Thiago\01_Normativos_Vigentes\03_MPPI\Portarias\PORTARIA_PGJPI_NA___2067.2026___Equipe_de_planejamento.pdf"
"PDF_SEM_MD","mestra\01_Normativos_Vigentes\03_MPPI\Portarias","PORTARIA_PGJ_PI_5644_2025_AGENTE_DE_CONTRATACAO.pdf","","","14","C:\Users\thiagonogueira\OneDrive - mppi.mp.br\CLC\01_Processos_e_Aquisicoes\Base de Conhecimento - Thiago\01_Normativos_Vigentes\03_MPPI\Portarias\PORTARIA_PGJ_PI_5644_2025_AGENTE_DE_CONTRATACAO.pdf"
"PAR_MESMA_PASTA","mestra\01_Normativos_Vigentes\05_TCE_PI\Acordaos_Pareceres_Orientacoes","Nota Técnica TCE-PI 001.2025 - Contratacoes por Tempo Determinado e Terceirizacoes.pdf","Nota Técnica TCE-PI 001.2025 - Contratacoes por Tempo Determinado e Terceirizacoes.md","mestra\01_Normativos_Vigentes\05_TCE_PI\Acordaos_Pareceres_Orientacoes","325","C:\Users\thiagonogueira\OneDrive - mppi.mp.br\CLC\01_Processos_e_Aquisicoes\Base de Conhecimento - Thiago\01_Normativos_Vigentes\05_TCE_PI\Acordaos_Pareceres_Orientacoes\Nota Técnica TCE-PI 001.2025 - Contratacoes por Tempo Determinado e Terceirizacoes.pdf"
"PAR_MESMA_PASTA","mestra\01_Normativos_Vigentes\05_TCE_PI\Instrucoes_Normativas","Instrução Normativa TCE-PI 002.2026 - Sistemas Licitacoes Web Contratos Web e Obras Web.pdf","Instrução Normativa TCE-PI 002.2026 - Sistemas Licitacoes Web Contratos Web e Obras Web.md","mestra\01_Normativos_Vigentes\05_TCE_PI\Instrucoes_Normativas","213","C:\Users\thiagonogueira\OneDrive - mppi.mp.br\CLC\01_Processos_e_Aquisicoes\Base de Conhecimento - Thiago\01_Normativos_Vigentes\05_TCE_PI\Instrucoes_Normativas\Instrução Normativa TCE-PI 002.2026 - Sistemas Licitacoes Web Contratos Web e Obras Web.pdf"
"PAR_MESMA_PASTA","mestra\01_Normativos_Vigentes\05_TCE_PI\Instrucoes_Normativas","Instrução Normativa TCE-PI 007.2021 - Altera IN 06.2017 Licitacoes Web.pdf","Instrução Normativa TCE-PI 007.2021 - Altera IN 06.2017 Licitacoes Web.md","mestra\01_Normativos_Vigentes\05_TCE_PI\Instrucoes_Normativas","235","C:\Users\thiagonogueira\OneDrive - mppi.mp.br\CLC\01_Processos_e_Aquisicoes\Base de Conhecimento - Thiago\01_Normativos_Vigentes\05_TCE_PI\Instrucoes_Normativas\Instrução Normativa TCE-PI 007.2021 - Altera IN 06.2017 Licitacoes Web.pdf"
"PDF_SEM_MD","mestra\01_Normativos_Vigentes\05_TCE_PI\Instrucoes_Normativas","Instrução Normativa TCEPI - n6.0 - 2017.pdf","","","378","C:\Users\thiagonogueira\OneDrive - mppi.mp.br\CLC\01_Processos_e_Aquisicoes\Base de Conhecimento - Thiago\01_Normativos_Vigentes\05_TCE_PI\Instrucoes_Normativas\Instrução Normativa TCEPI - n6.0 - 2017.pdf"
"PDF_SEM_MD","mestra\01_Normativos_Vigentes\05_TCE_PI\Resolucoes","Resolução TCE - n10.0 - 2020.pdf","","","416","C:\Users\thiagonogueira\OneDrive - mppi.mp.br\CLC\01_Processos_e_Aquisicoes\Base de Conhecimento - Thiago\01_Normativos_Vigentes\05_TCE_PI\Resolucoes\Resolução TCE - n10.0 - 2020.pdf"
"PDF_SEM_MD","mestra\01_Normativos_Vigentes\05_TCE_PI\Resolucoes","Resolução TCE - n19.0 - 2024.pdf","","","1548","C:\Users\thiagonogueira\OneDrive - mppi.mp.br\CLC\01_Processos_e_Aquisicoes\Base de Conhecimento - Thiago\01_Normativos_Vigentes\05_TCE_PI\Resolucoes\Resolução TCE - n19.0 - 2024.pdf"
"PDF_SEM_MD","mestra\01_Normativos_Vigentes\05_TCE_PI\Resolucoes","Resolução TCE - n20.0 - 2024.pdf","","","225","C:\Users\thiagonogueira\OneDrive - mppi.mp.br\CLC\01_Processos_e_Aquisicoes\Base de Conhecimento - Thiago\01_Normativos_Vigentes\05_TCE_PI\Resolucoes\Resolução TCE - n20.0 - 2024.pdf"
"PDF_SEM_MD","mestra\01_Normativos_Vigentes\05_TCE_PI\Resolucoes","Resolução TCE - n37.0 - 2024.pdf","","","595","C:\Users\thiagonogueira\OneDrive - mppi.mp.br\CLC\01_Processos_e_Aquisicoes\Base de Conhecimento - Thiago\01_Normativos_Vigentes\05_TCE_PI\Resolucoes\Resolução TCE - n37.0 - 2024.pdf"
"PDF_SEM_MD","mestra\01_Normativos_Vigentes\05_TCE_PI\Resolucoes","Resolução TCE - n9.0 - 2025.pdf","","","354","C:\Users\thiagonogueira\OneDrive - mppi.mp.br\CLC\01_Processos_e_Aquisicoes\Base de Conhecimento - Thiago\01_Normativos_Vigentes\05_TCE_PI\Resolucoes\Resolução TCE - n9.0 - 2025.pdf"
"PAR_MESMA_PASTA","mestra\01_Normativos_Vigentes\05_TCE_PI\Resolucoes","Resolução TCE-PI 011.2026 - Gestao e Fiscalizacao de Contratos Administrativos.pdf","Resolução TCE-PI 011.2026 - Gestao e Fiscalizacao de Contratos Administrativos.md","mestra\01_Normativos_Vigentes\05_TCE_PI\Resolucoes","300","C:\Users\thiagonogueira\OneDrive - mppi.mp.br\CLC\01_Processos_e_Aquisicoes\Base de Conhecimento - Thiago\01_Normativos_Vigentes\05_TCE_PI\Resolucoes\Resolução TCE-PI 011.2026 - Gestao e Fiscalizacao de Contratos Administrativos.pdf"
"PAR_MESMA_PASTA","mestra\01_Normativos_Vigentes\05_TCE_PI\Resolucoes","Resolução TCE-PI 017.2024 - Pesquisa de Precos.pdf","Resolução TCE-PI 017.2024 - Pesquisa de Precos.md","mestra\01_Normativos_Vigentes\05_TCE_PI\Resolucoes","174","C:\Users\thiagonogueira\OneDrive - mppi.mp.br\CLC\01_Processos_e_Aquisicoes\Base de Conhecimento - Thiago\01_Normativos_Vigentes\05_TCE_PI\Resolucoes\Resolução TCE-PI 017.2024 - Pesquisa de Precos.pdf"
"PAR_MESMA_PASTA","mestra\01_Normativos_Vigentes\05_TCE_PI\Resolucoes","Resolução TCE-PI 039.2023 - Plano de Contratacoes Anual.pdf","Resolução TCE-PI 039.2023 - Plano de Contratacoes Anual.md","mestra\01_Normativos_Vigentes\05_TCE_PI\Resolucoes","184","C:\Users\thiagonogueira\OneDrive - mppi.mp.br\CLC\01_Processos_e_Aquisicoes\Base de Conhecimento - Thiago\01_Normativos_Vigentes\05_TCE_PI\Resolucoes\Resolução TCE-PI 039.2023 - Plano de Contratacoes Anual.pdf"
"PDF_SEM_MD","mestra\01_Normativos_Vigentes\06_TJPI\Acordaos_Pareceres_Orientacoes","SEI_TJPI - 7071569 - Justificativa (Parecer Agente).pdf","","","399","C:\Users\thiagonogueira\OneDrive - mppi.mp.br\CLC\01_Processos_e_Aquisicoes\Base de Conhecimento - Thiago\01_Normativos_Vigentes\06_TJPI\Acordaos_Pareceres_Orientacoes\SEI_TJPI - 7071569 - Justificativa (Parecer Agente).pdf"
"PDF_SEM_MD","mestra\01_Normativos_Vigentes\06_TJPI\Manuais_e_Guias_Tecnicos","MANUAL Lic -TJ-PI-2023-2024.pdf","","","5709","C:\Users\thiagonogueira\OneDrive - mppi.mp.br\CLC\01_Processos_e_Aquisicoes\Base de Conhecimento - Thiago\01_Normativos_Vigentes\06_TJPI\Manuais_e_Guias_Tecnicos\MANUAL Lic -TJ-PI-2023-2024.pdf"
"PDF_SEM_MD","mestra\01_Normativos_Vigentes\06_TJPI\Outros_Normativos","Fluxogramas_Atualizados.pdf","","","7849","C:\Users\thiagonogueira\OneDrive - mppi.mp.br\CLC\01_Processos_e_Aquisicoes\Base de Conhecimento - Thiago\01_Normativos_Vigentes\06_TJPI\Outros_Normativos\Fluxogramas_Atualizados.pdf"
"PDF_SEM_MD","mestra\01_Normativos_Vigentes\06_TJPI\Outros_Normativos","SEI_TJPI - 6640734 - Provimento 13.2025 - Regulamenta Obras, serviços, compras e alienações n.pdf","","","1693","C:\Users\thiagonogueira\OneDrive - mppi.mp.br\CLC\01_Processos_e_Aquisicoes\Base de Conhecimento - Thiago\01_Normativos_Vigentes\06_TJPI\Outros_Normativos\SEI_TJPI - 6640734 - Provimento 13.2025 - Regulamenta Obras, serviços, compras e alienações n.pdf"
"PDF_SEM_MD","mestra\01_Normativos_Vigentes\06_TJPI\Outros_Normativos","SEI_TJPI - 7097234 - Análise de Primeira Linha da SLC.pdf","","","588","C:\Users\thiagonogueira\OneDrive - mppi.mp.br\CLC\01_Processos_e_Aquisicoes\Base de Conhecimento - Thiago\01_Normativos_Vigentes\06_TJPI\Outros_Normativos\SEI_TJPI - 7097234 - Análise de Primeira Linha da SLC.pdf"
"PDF_SEM_MD","mestra\01_Normativos_Vigentes\06_TJPI\Outros_Normativos","SEI_TJPI - 7123034 - Lista de Verificação SGC.pdf","","","169","C:\Users\thiagonogueira\OneDrive - mppi.mp.br\CLC\01_Processos_e_Aquisicoes\Base de Conhecimento - Thiago\01_Normativos_Vigentes\06_TJPI\Outros_Normativos\SEI_TJPI - 7123034 - Lista de Verificação SGC.pdf"
"PDF_SEM_MD","mestra\01_Normativos_Vigentes\06_TJPI\Outros_Normativos","SEI_TJPI - 7134934 - Lista de Verificação (SLC).pdf","","","184","C:\Users\thiagonogueira\OneDrive - mppi.mp.br\CLC\01_Processos_e_Aquisicoes\Base de Conhecimento - Thiago\01_Normativos_Vigentes\06_TJPI\Outros_Normativos\SEI_TJPI - 7134934 - Lista de Verificação (SLC).pdf"
"PDF_SEM_MD","mestra\01_Normativos_Vigentes\06_TJPI\Outros_Normativos","SEI_TJPI - 7176291 - Aviso Dispensa Licitação.pdf","","","152","C:\Users\thiagonogueira\OneDrive - mppi.mp.br\CLC\01_Processos_e_Aquisicoes\Base de Conhecimento - Thiago\01_Normativos_Vigentes\06_TJPI\Outros_Normativos\SEI_TJPI - 7176291 - Aviso Dispensa Licitação.pdf"
"PDF_SEM_MD","mestra\01_Normativos_Vigentes\06_TJPI\Portarias","Portaria_n_2899_2023-dispensa_licitacao.pdf","","","46","C:\Users\thiagonogueira\OneDrive - mppi.mp.br\CLC\01_Processos_e_Aquisicoes\Base de Conhecimento - Thiago\01_Normativos_Vigentes\06_TJPI\Portarias\Portaria_n_2899_2023-dispensa_licitacao.pdf"
"PDF_SEM_MD","mestra\02_Jurisprudencia_e_Orientacoes\Acordaos_TCE_PI","Acórdão TCE - n3001 - 2025.pdf","","","865","C:\Users\thiagonogueira\OneDrive - mppi.mp.br\CLC\01_Processos_e_Aquisicoes\Base de Conhecimento - Thiago\02_Jurisprudencia_e_Orientacoes\Acordaos_TCE_PI\Acórdão TCE - n3001 - 2025.pdf"
"PDF_SEM_MD","mestra\02_Jurisprudencia_e_Orientacoes\Boletins_TCE_PI","merged 2023.pdf","","","29623","C:\Users\thiagonogueira\OneDrive - mppi.mp.br\CLC\01_Processos_e_Aquisicoes\Base de Conhecimento - Thiago\02_Jurisprudencia_e_Orientacoes\Boletins_TCE_PI\merged 2023.pdf"
"PDF_SEM_MD","mestra\02_Jurisprudencia_e_Orientacoes\Boletins_TCE_PI","merged 2024.pdf","","","18423","C:\Users\thiagonogueira\OneDrive - mppi.mp.br\CLC\01_Processos_e_Aquisicoes\Base de Conhecimento - Thiago\02_Jurisprudencia_e_Orientacoes\Boletins_TCE_PI\merged 2024.pdf"
"PDF_SEM_MD","mestra\02_Jurisprudencia_e_Orientacoes\Boletins_TCE_PI","merged 2025.pdf","","","8277","C:\Users\thiagonogueira\OneDrive - mppi.mp.br\CLC\01_Processos_e_Aquisicoes\Base de Conhecimento - Thiago\02_Jurisprudencia_e_Orientacoes\Boletins_TCE_PI\merged 2025.pdf"
"PDF_SEM_MD","mestra\02_Jurisprudencia_e_Orientacoes\Informativos_Julgamentos_TCE_PI","Informativo-17-09-2026.pdf","","","404","C:\Users\thiagonogueira\OneDrive - mppi.mp.br\CLC\01_Processos_e_Aquisicoes\Base de Conhecimento - Thiago\02_Jurisprudencia_e_Orientacoes\Informativos_Julgamentos_TCE_PI\Informativo-17-09-2026.pdf"
"PDF_SEM_MD","mestra\02_Jurisprudencia_e_Orientacoes\Informativos_Julgamentos_TCE_PI","Plen_rio_Presencial_2__C_mara___Sess_o_Ordin_ria_Virtual_de_13_a_17_de_abril_de_.pdf","","","317","C:\Users\thiagonogueira\OneDrive - mppi.mp.br\CLC\01_Processos_e_Aquisicoes\Base de Conhecimento - Thiago\02_Jurisprudencia_e_Orientacoes\Informativos_Julgamentos_TCE_PI\Plen_rio_Presencial_2__C_mara___Sess_o_Ordin_ria_Virtual_de_13_a_17_de_abril_de_.pdf"
"PDF_SEM_MD","mestra\02_Jurisprudencia_e_Orientacoes\Informativos_Julgamentos_TCE_PI","Plen_rio_Presencial_2__C_mara___Sess_o_Ordin_ria_Virtual_de_18_a_22_de_maio_de_2.pdf","","","323","C:\Users\thiagonogueira\OneDrive - mppi.mp.br\CLC\01_Processos_e_Aquisicoes\Base de Conhecimento - Thiago\02_Jurisprudencia_e_Orientacoes\Informativos_Julgamentos_TCE_PI\Plen_rio_Presencial_2__C_mara___Sess_o_Ordin_ria_Virtual_de_18_a_22_de_maio_de_2.pdf"
"PDF_SEM_MD","mestra\02_Jurisprudencia_e_Orientacoes\Informativos_Julgamentos_TCE_PI","Plen_rio_Presencial_Pleno___Sess_o_Ordin_ria_Presencial_n__004_de_13_de_mar_o_de.pdf","","","394","C:\Users\thiagonogueira\OneDrive - mppi.mp.br\CLC\01_Processos_e_Aquisicoes\Base de Conhecimento - Thiago\02_Jurisprudencia_e_Orientacoes\Informativos_Julgamentos_TCE_PI\Plen_rio_Presencial_Pleno___Sess_o_Ordin_ria_Presencial_n__004_de_13_de_mar_o_de.pdf"
"PDF_SEM_MD","mestra\02_Jurisprudencia_e_Orientacoes\Informativos_Julgamentos_TCE_PI","Plen_rio_Presencial_Pleno___Sess_o_Ordin_ria_Presencial_n__010_de_11_de_junho_de.pdf","","","402","C:\Users\thiagonogueira\OneDrive - mppi.mp.br\CLC\01_Processos_e_Aquisicoes\Base de Conhecimento - Thiago\02_Jurisprudencia_e_Orientacoes\Informativos_Julgamentos_TCE_PI\Plen_rio_Presencial_Pleno___Sess_o_Ordin_ria_Presencial_n__010_de_11_de_junho_de.pdf"
"PDF_SEM_MD","mestra\02_Jurisprudencia_e_Orientacoes\Informativos_Julgamentos_TCE_PI","Plen_rio_Presencial_Pleno___Sess_o_Ordin_ria_Presencial_n__011_de_25_de_junho_de.pdf","","","375","C:\Users\thiagonogueira\OneDrive - mppi.mp.br\CLC\01_Processos_e_Aquisicoes\Base de Conhecimento - Thiago\02_Jurisprudencia_e_Orientacoes\Informativos_Julgamentos_TCE_PI\Plen_rio_Presencial_Pleno___Sess_o_Ordin_ria_Presencial_n__011_de_25_de_junho_de.pdf"
"PDF_SEM_MD","mestra\02_Jurisprudencia_e_Orientacoes\Informativos_Julgamentos_TCE_PI","Plen_rio_Presencial_Pleno___Sess_o_Ordin_ria_Presencial_n__012_de_09_de_julho_de.pdf","","","364","C:\Users\thiagonogueira\OneDrive - mppi.mp.br\CLC\01_Processos_e_Aquisicoes\Base de Conhecimento - Thiago\02_Jurisprudencia_e_Orientacoes\Informativos_Julgamentos_TCE_PI\Plen_rio_Presencial_Pleno___Sess_o_Ordin_ria_Presencial_n__012_de_09_de_julho_de.pdf"
"PDF_SEM_MD","mestra\02_Jurisprudencia_e_Orientacoes\Informativos_Julgamentos_TCE_PI","Plen_rio_Presencial_Pleno___Sess_o_Ordin_ria_Presencial_n__013_de_16_de_julho_de.pdf","","","224","C:\Users\thiagonogueira\OneDrive - mppi.mp.br\CLC\01_Processos_e_Aquisicoes\Base de Conhecimento - Thiago\02_Jurisprudencia_e_Orientacoes\Informativos_Julgamentos_TCE_PI\Plen_rio_Presencial_Pleno___Sess_o_Ordin_ria_Presencial_n__013_de_16_de_julho_de.pdf"
"PDF_SEM_MD","mestra\02_Jurisprudencia_e_Orientacoes\Informativos_Julgamentos_TCE_PI","Plen_rio_Presencial_Pleno___Sess_o_Ordin_ria_Presencial_n__014_de_23_de_julho_de.pdf","","","425","C:\Users\thiagonogueira\OneDrive - mppi.mp.br\CLC\01_Processos_e_Aquisicoes\Base de Conhecimento - Thiago\02_Jurisprudencia_e_Orientacoes\Informativos_Julgamentos_TCE_PI\Plen_rio_Presencial_Pleno___Sess_o_Ordin_ria_Presencial_n__014_de_23_de_julho_de.pdf"
"PDF_SEM_MD","mestra\02_Jurisprudencia_e_Orientacoes\Informativos_Julgamentos_TCE_PI","Plen_rio_Presencial_Pleno___Sess_o_Ordin_ria_Presencial_n__015_de_06_de_agosto_d.pdf","","","440","C:\Users\thiagonogueira\OneDrive - mppi.mp.br\CLC\01_Processos_e_Aquisicoes\Base de Conhecimento - Thiago\02_Jurisprudencia_e_Orientacoes\Informativos_Julgamentos_TCE_PI\Plen_rio_Presencial_Pleno___Sess_o_Ordin_ria_Presencial_n__015_de_06_de_agosto_d.pdf"
"PDF_SEM_MD","mestra\02_Jurisprudencia_e_Orientacoes\Informativos_Julgamentos_TCE_PI","Plen_rio_Presencial_Pleno___Sess_o_Ordin_ria_Presencial_n__016_de_20_de_agosto_d.pdf","","","388","C:\Users\thiagonogueira\OneDrive - mppi.mp.br\CLC\01_Processos_e_Aquisicoes\Base de Conhecimento - Thiago\02_Jurisprudencia_e_Orientacoes\Informativos_Julgamentos_TCE_PI\Plen_rio_Presencial_Pleno___Sess_o_Ordin_ria_Presencial_n__016_de_20_de_agosto_d.pdf"
"PDF_SEM_MD","mestra\02_Jurisprudencia_e_Orientacoes\Informativos_Julgamentos_TCE_PI","Plen_rio_Presencial_Pleno___Sess_o_Ordin_ria_Presencial_n__017_de_03_de_setembro.pdf","","","417","C:\Users\thiagonogueira\OneDrive - mppi.mp.br\CLC\01_Processos_e_Aquisicoes\Base de Conhecimento - Thiago\02_Jurisprudencia_e_Orientacoes\Informativos_Julgamentos_TCE_PI\Plen_rio_Presencial_Pleno___Sess_o_Ordin_ria_Presencial_n__017_de_03_de_setembro.pdf"
"PDF_SEM_MD","mestra\02_Jurisprudencia_e_Orientacoes\Informativos_Julgamentos_TCE_PI","Plen_rio_Presencial_Pleno___Sess_o_Ordin_ria_Presencial_n__01_de_29_de_janeiro_d.pdf","","","451","C:\Users\thiagonogueira\OneDrive - mppi.mp.br\CLC\01_Processos_e_Aquisicoes\Base de Conhecimento - Thiago\02_Jurisprudencia_e_Orientacoes\Informativos_Julgamentos_TCE_PI\Plen_rio_Presencial_Pleno___Sess_o_Ordin_ria_Presencial_n__01_de_29_de_janeiro_d.pdf"
"PDF_SEM_MD","mestra\02_Jurisprudencia_e_Orientacoes\Informativos_Julgamentos_TCE_PI","Plen_rio_Presencial_Pleno___Sess_o_Ordin_ria_Presencial_n__02_de_12_de_fevereiro.pdf","","","422","C:\Users\thiagonogueira\OneDrive - mppi.mp.br\CLC\01_Processos_e_Aquisicoes\Base de Conhecimento - Thiago\02_Jurisprudencia_e_Orientacoes\Informativos_Julgamentos_TCE_PI\Plen_rio_Presencial_Pleno___Sess_o_Ordin_ria_Presencial_n__02_de_12_de_fevereiro.pdf"
"PDF_SEM_MD","mestra\02_Jurisprudencia_e_Orientacoes\Informativos_Julgamentos_TCE_PI","Plen_rio_Presencial_Pleno___Sess_o_Ordin_ria_Presencial_n__05_de_26_de_mar_o_de_.pdf","","","390","C:\Users\thiagonogueira\OneDrive - mppi.mp.br\CLC\01_Processos_e_Aquisicoes\Base de Conhecimento - Thiago\02_Jurisprudencia_e_Orientacoes\Informativos_Julgamentos_TCE_PI\Plen_rio_Presencial_Pleno___Sess_o_Ordin_ria_Presencial_n__05_de_26_de_mar_o_de_.pdf"
"PDF_SEM_MD","mestra\02_Jurisprudencia_e_Orientacoes\Informativos_Julgamentos_TCE_PI","Plen_rio_Presencial_Pleno___Sess_o_Ordin_ria_Presencial_n__06_de_09_de_abril_de_.pdf","","","348","C:\Users\thiagonogueira\OneDrive - mppi.mp.br\CLC\01_Processos_e_Aquisicoes\Base de Conhecimento - Thiago\02_Jurisprudencia_e_Orientacoes\Informativos_Julgamentos_TCE_PI\Plen_rio_Presencial_Pleno___Sess_o_Ordin_ria_Presencial_n__06_de_09_de_abril_de_.pdf"
"PDF_SEM_MD","mestra\02_Jurisprudencia_e_Orientacoes\Informativos_Julgamentos_TCE_PI","Plen_rio_Presencial_Pleno___Sess_o_Ordin_ria_Presencial_n__07_de_30_de_abril_de_.pdf","","","324","C:\Users\thiagonogueira\OneDrive - mppi.mp.br\CLC\01_Processos_e_Aquisicoes\Base de Conhecimento - Thiago\02_Jurisprudencia_e_Orientacoes\Informativos_Julgamentos_TCE_PI\Plen_rio_Presencial_Pleno___Sess_o_Ordin_ria_Presencial_n__07_de_30_de_abril_de_.pdf"
"PDF_SEM_MD","mestra\02_Jurisprudencia_e_Orientacoes\Informativos_Julgamentos_TCE_PI","Plen_rio_Presencial_Pleno___Sess_o_Ordin_ria_Presencial_n__08_de_14_de_maio_de_2.pdf","","","391","C:\Users\thiagonogueira\OneDrive - mppi.mp.br\CLC\01_Processos_e_Aquisicoes\Base de Conhecimento - Thiago\02_Jurisprudencia_e_Orientacoes\Informativos_Julgamentos_TCE_PI\Plen_rio_Presencial_Pleno___Sess_o_Ordin_ria_Presencial_n__08_de_14_de_maio_de_2.pdf"
"PDF_SEM_MD","mestra\02_Jurisprudencia_e_Orientacoes\Informativos_Julgamentos_TCE_PI","Plen_rio_Presencial_Pleno___Sess_o_Ordin_ria_Presencial_n__09_de_28_de_maio_de_2.pdf","","","428","C:\Users\thiagonogueira\OneDrive - mppi.mp.br\CLC\01_Processos_e_Aquisicoes\Base de Conhecimento - Thiago\02_Jurisprudencia_e_Orientacoes\Informativos_Julgamentos_TCE_PI\Plen_rio_Presencial_Pleno___Sess_o_Ordin_ria_Presencial_n__09_de_28_de_maio_de_2.pdf"
"PDF_SEM_MD","mestra\02_Jurisprudencia_e_Orientacoes\Informativos_Julgamentos_TCE_PI","Plen_rio_Presencial_Pleno___Sess_o_Ordin_ria_Presencial_n__21_de_15_de_dezembro_.pdf","","","334","C:\Users\thiagonogueira\OneDrive - mppi.mp.br\CLC\01_Processos_e_Aquisicoes\Base de Conhecimento - Thiago\02_Jurisprudencia_e_Orientacoes\Informativos_Julgamentos_TCE_PI\Plen_rio_Presencial_Pleno___Sess_o_Ordin_ria_Presencial_n__21_de_15_de_dezembro_.pdf"
"PDF_SEM_MD","mestra\02_Jurisprudencia_e_Orientacoes\Informativos_Julgamentos_TCE_PI","Plen_rio_Virtual_Pleno___Sess_o_Ordin_ria_Virtual_de_03_a_07_de_agosto_de_2026_.pdf","","","272","C:\Users\thiagonogueira\OneDrive - mppi.mp.br\CLC\01_Processos_e_Aquisicoes\Base de Conhecimento - Thiago\02_Jurisprudencia_e_Orientacoes\Informativos_Julgamentos_TCE_PI\Plen_rio_Virtual_Pleno___Sess_o_Ordin_ria_Virtual_de_03_a_07_de_agosto_de_2026_.pdf"
"PDF_SEM_MD","mestra\02_Jurisprudencia_e_Orientacoes\Informativos_Julgamentos_TCE_PI","Plen_rio_Virtual_Pleno___Sess_o_Ordin_ria_Virtual_de_04_a_08_de_maio_de_2026_.pdf","","","302","C:\Users\thiagonogueira\OneDrive - mppi.mp.br\CLC\01_Processos_e_Aquisicoes\Base de Conhecimento - Thiago\02_Jurisprudencia_e_Orientacoes\Informativos_Julgamentos_TCE_PI\Plen_rio_Virtual_Pleno___Sess_o_Ordin_ria_Virtual_de_04_a_08_de_maio_de_2026_.pdf"
"PDF_SEM_MD","mestra\02_Jurisprudencia_e_Orientacoes\Informativos_Julgamentos_TCE_PI","Plen_rio_Virtual_Pleno___Sess_o_Ordin_ria_Virtual_de_06_a_10_de_julho_de_2026_.pdf","","","285","C:\Users\thiagonogueira\OneDrive - mppi.mp.br\CLC\01_Processos_e_Aquisicoes\Base de Conhecimento - Thiago\02_Jurisprudencia_e_Orientacoes\Informativos_Julgamentos_TCE_PI\Plen_rio_Virtual_Pleno___Sess_o_Ordin_ria_Virtual_de_06_a_10_de_julho_de_2026_.pdf"
"PDF_SEM_MD","mestra\02_Jurisprudencia_e_Orientacoes\Informativos_Julgamentos_TCE_PI","Plen_rio_Virtual_Pleno___Sess_o_Ordin_ria_Virtual_de_08_a_11_de_setembro_de_2026.pdf","","","295","C:\Users\thiagonogueira\OneDrive - mppi.mp.br\CLC\01_Processos_e_Aquisicoes\Base de Conhecimento - Thiago\02_Jurisprudencia_e_Orientacoes\Informativos_Julgamentos_TCE_PI\Plen_rio_Virtual_Pleno___Sess_o_Ordin_ria_Virtual_de_08_a_11_de_setembro_de_2026.pdf"
"PDF_SEM_MD","mestra\02_Jurisprudencia_e_Orientacoes\Informativos_Julgamentos_TCE_PI","Plen_rio_Virtual_Pleno___Sess_o_Ordin_ria_Virtual_de_08_a_12_de_junho_de_2026_.pdf","","","280","C:\Users\thiagonogueira\OneDrive - mppi.mp.br\CLC\01_Processos_e_Aquisicoes\Base de Conhecimento - Thiago\02_Jurisprudencia_e_Orientacoes\Informativos_Julgamentos_TCE_PI\Plen_rio_Virtual_Pleno___Sess_o_Ordin_ria_Virtual_de_08_a_12_de_junho_de_2026_.pdf"
"PDF_SEM_MD","mestra\02_Jurisprudencia_e_Orientacoes\Informativos_Julgamentos_TCE_PI","Plen_rio_Virtual_Pleno___Sess_o_Ordin_ria_Virtual_de_10_a_14_de_agosto_de_2026_.pdf","","","287","C:\Users\thiagonogueira\OneDrive - mppi.mp.br\CLC\01_Processos_e_Aquisicoes\Base de Conhecimento - Thiago\02_Jurisprudencia_e_Orientacoes\Informativos_Julgamentos_TCE_PI\Plen_rio_Virtual_Pleno___Sess_o_Ordin_ria_Virtual_de_10_a_14_de_agosto_de_2026_.pdf"
"PDF_SEM_MD","mestra\02_Jurisprudencia_e_Orientacoes\Informativos_Julgamentos_TCE_PI","Plen_rio_Virtual_Pleno___Sess_o_Ordin_ria_Virtual_de_11_a_15_de_maio_de_2026_.pdf","","","301","C:\Users\thiagonogueira\OneDrive - mppi.mp.br\CLC\01_Processos_e_Aquisicoes\Base de Conhecimento - Thiago\02_Jurisprudencia_e_Orientacoes\Informativos_Julgamentos_TCE_PI\Plen_rio_Virtual_Pleno___Sess_o_Ordin_ria_Virtual_de_11_a_15_de_maio_de_2026_.pdf"
"PDF_SEM_MD","mestra\02_Jurisprudencia_e_Orientacoes\Informativos_Julgamentos_TCE_PI","Plen_rio_Virtual_Pleno___Sess_o_Ordin_ria_Virtual_de_13_a_17_de_julho_de_2026_.pdf","","","284","C:\Users\thiagonogueira\OneDrive - mppi.mp.br\CLC\01_Processos_e_Aquisicoes\Base de Conhecimento - Thiago\02_Jurisprudencia_e_Orientacoes\Informativos_Julgamentos_TCE_PI\Plen_rio_Virtual_Pleno___Sess_o_Ordin_ria_Virtual_de_13_a_17_de_julho_de_2026_.pdf"
"PDF_SEM_MD","mestra\02_Jurisprudencia_e_Orientacoes\Informativos_Julgamentos_TCE_PI","Plen_rio_Virtual_Pleno___Sess_o_Ordin_ria_Virtual_de_14_a_18_de_setembro_de_2026.pdf","","","287","C:\Users\thiagonogueira\OneDrive - mppi.mp.br\CLC\01_Processos_e_Aquisicoes\Base de Conhecimento - Thiago\02_Jurisprudencia_e_Orientacoes\Informativos_Julgamentos_TCE_PI\Plen_rio_Virtual_Pleno___Sess_o_Ordin_ria_Virtual_de_14_a_18_de_setembro_de_2026.pdf"
"PDF_SEM_MD","mestra\02_Jurisprudencia_e_Orientacoes\Informativos_Julgamentos_TCE_PI","Plen_rio_Virtual_Pleno___Sess_o_Ordin_ria_Virtual_de_15_a_19_de_junho_de_2026_.pdf","","","285","C:\Users\thiagonogueira\OneDrive - mppi.mp.br\CLC\01_Processos_e_Aquisicoes\Base de Conhecimento - Thiago\02_Jurisprudencia_e_Orientacoes\Informativos_Julgamentos_TCE_PI\Plen_rio_Virtual_Pleno___Sess_o_Ordin_ria_Virtual_de_15_a_19_de_junho_de_2026_.pdf"
"PDF_SEM_MD","mestra\02_Jurisprudencia_e_Orientacoes\Informativos_Julgamentos_TCE_PI","Plen_rio_Virtual_Pleno___Sess_o_Ordin_ria_Virtual_de_17_a_21_de_agosto_de_2026_.pdf","","","320","C:\Users\thiagonogueira\OneDrive - mppi.mp.br\CLC\01_Processos_e_Aquisicoes\Base de Conhecimento - Thiago\02_Jurisprudencia_e_Orientacoes\Informativos_Julgamentos_TCE_PI\Plen_rio_Virtual_Pleno___Sess_o_Ordin_ria_Virtual_de_17_a_21_de_agosto_de_2026_.pdf"
"PDF_SEM_MD","mestra\02_Jurisprudencia_e_Orientacoes\Informativos_Julgamentos_TCE_PI","Plen_rio_Virtual_Pleno___Sess_o_Ordin_ria_Virtual_de_18_a_22_de_maio_de_2026_.pdf","","","304","C:\Users\thiagonogueira\OneDrive - mppi.mp.br\CLC\01_Processos_e_Aquisicoes\Base de Conhecimento - Thiago\02_Jurisprudencia_e_Orientacoes\Informativos_Julgamentos_TCE_PI\Plen_rio_Virtual_Pleno___Sess_o_Ordin_ria_Virtual_de_18_a_22_de_maio_de_2026_.pdf"
"PDF_SEM_MD","mestra\02_Jurisprudencia_e_Orientacoes\Informativos_Julgamentos_TCE_PI","Plen_rio_Virtual_Pleno___Sess_o_Ordin_ria_Virtual_de_1__a_05_de_junho_de_2026_.pdf","","","312","C:\Users\thiagonogueira\OneDrive - mppi.mp.br\CLC\01_Processos_e_Aquisicoes\Base de Conhecimento - Thiago\02_Jurisprudencia_e_Orientacoes\Informativos_Julgamentos_TCE_PI\Plen_rio_Virtual_Pleno___Sess_o_Ordin_ria_Virtual_de_1__a_05_de_junho_de_2026_.pdf"
"PDF_SEM_MD","mestra\02_Jurisprudencia_e_Orientacoes\Informativos_Julgamentos_TCE_PI","Plen_rio_Virtual_Pleno___Sess_o_Ordin_ria_Virtual_de_20_a_24_de_julho_de_2026_.pdf","","","259","C:\Users\thiagonogueira\OneDrive - mppi.mp.br\CLC\01_Processos_e_Aquisicoes\Base de Conhecimento - Thiago\02_Jurisprudencia_e_Orientacoes\Informativos_Julgamentos_TCE_PI\Plen_rio_Virtual_Pleno___Sess_o_Ordin_ria_Virtual_de_20_a_24_de_julho_de_2026_.pdf"
"PDF_SEM_MD","mestra\02_Jurisprudencia_e_Orientacoes\Informativos_Julgamentos_TCE_PI","Plen_rio_Virtual_Pleno___Sess_o_Ordin_ria_Virtual_de_21_a_25_de_setembro_de_2026.pdf","","","286","C:\Users\thiagonogueira\OneDrive - mppi.mp.br\CLC\01_Processos_e_Aquisicoes\Base de Conhecimento - Thiago\02_Jurisprudencia_e_Orientacoes\Informativos_Julgamentos_TCE_PI\Plen_rio_Virtual_Pleno___Sess_o_Ordin_ria_Virtual_de_21_a_25_de_setembro_de_2026.pdf"
"PDF_SEM_MD","mestra\02_Jurisprudencia_e_Orientacoes\Informativos_Julgamentos_TCE_PI","Plen_rio_Virtual_Pleno___Sess_o_Ordin_ria_Virtual_de_22_a_26_de_junho_de_2026_.pdf","","","299","C:\Users\thiagonogueira\OneDrive - mppi.mp.br\CLC\01_Processos_e_Aquisicoes\Base de Conhecimento - Thiago\02_Jurisprudencia_e_Orientacoes\Informativos_Julgamentos_TCE_PI\Plen_rio_Virtual_Pleno___Sess_o_Ordin_ria_Virtual_de_22_a_26_de_junho_de_2026_.pdf"
"PDF_SEM_MD","mestra\02_Jurisprudencia_e_Orientacoes\Informativos_Julgamentos_TCE_PI","Plen_rio_Virtual_Pleno___Sess_o_Ordin_ria_Virtual_de_25_a_29_de_maio_de_2026_.pdf","","","298","C:\Users\thiagonogueira\OneDrive - mppi.mp.br\CLC\01_Processos_e_Aquisicoes\Base de Conhecimento - Thiago\02_Jurisprudencia_e_Orientacoes\Informativos_Julgamentos_TCE_PI\Plen_rio_Virtual_Pleno___Sess_o_Ordin_ria_Virtual_de_25_a_29_de_maio_de_2026_.pdf"
"PDF_SEM_MD","mestra\02_Jurisprudencia_e_Orientacoes\Informativos_Julgamentos_TCE_PI","Plen_rio_Virtual_Pleno___Sess_o_Ordin_ria_Virtual_de_27_a_31_de_julho_de_2026_.pdf","","","256","C:\Users\thiagonogueira\OneDrive - mppi.mp.br\CLC\01_Processos_e_Aquisicoes\Base de Conhecimento - Thiago\02_Jurisprudencia_e_Orientacoes\Informativos_Julgamentos_TCE_PI\Plen_rio_Virtual_Pleno___Sess_o_Ordin_ria_Virtual_de_27_a_31_de_julho_de_2026_.pdf"
"PDF_SEM_MD","mestra\02_Jurisprudencia_e_Orientacoes\Informativos_Julgamentos_TCE_PI","Plen_rio_Virtual_Pleno___Sess_o_Ordin_ria_Virtual_de_29_de_junho_a_03_de_julho_d.pdf","","","283","C:\Users\thiagonogueira\OneDrive - mppi.mp.br\CLC\01_Processos_e_Aquisicoes\Base de Conhecimento - Thiago\02_Jurisprudencia_e_Orientacoes\Informativos_Julgamentos_TCE_PI\Plen_rio_Virtual_Pleno___Sess_o_Ordin_ria_Virtual_de_29_de_junho_a_03_de_julho_d.pdf"
"PDF_SEM_MD","mestra\02_Jurisprudencia_e_Orientacoes\Informativos_Julgamentos_TCE_PI","Plen_rio_Virtual_Pleno___Sess_o_Ordin_ria_Virtual_de_31_de_agosto_a_04_de_setemb.pdf","","","305","C:\Users\thiagonogueira\OneDrive - mppi.mp.br\CLC\01_Processos_e_Aquisicoes\Base de Conhecimento - Thiago\02_Jurisprudencia_e_Orientacoes\Informativos_Julgamentos_TCE_PI\Plen_rio_Virtual_Pleno___Sess_o_Ordin_ria_Virtual_de_31_de_agosto_a_04_de_setemb.pdf"
"PDF_SEM_MD","mestra\02_Jurisprudencia_e_Orientacoes\Informativos_Julgamentos_TCE_PI","Primeira_C_mara_Presencial_1__C_mara___Sess_o_de_Julgamento_Presencial_n__019_de.pdf","","","533","C:\Users\thiagonogueira\OneDrive - mppi.mp.br\CLC\01_Processos_e_Aquisicoes\Base de Conhecimento - Thiago\02_Jurisprudencia_e_Orientacoes\Informativos_Julgamentos_TCE_PI\Primeira_C_mara_Presencial_1__C_mara___Sess_o_de_Julgamento_Presencial_n__019_de.pdf"
"PDF_SEM_MD","mestra\02_Jurisprudencia_e_Orientacoes\Informativos_Julgamentos_TCE_PI","Primeira_C_mara_Presencial_1__C_mara___Sess_o_Ordin_ria_Presencial_n__01_de_27_d.pdf","","","343","C:\Users\thiagonogueira\OneDrive - mppi.mp.br\CLC\01_Processos_e_Aquisicoes\Base de Conhecimento - Thiago\02_Jurisprudencia_e_Orientacoes\Informativos_Julgamentos_TCE_PI\Primeira_C_mara_Presencial_1__C_mara___Sess_o_Ordin_ria_Presencial_n__01_de_27_d.pdf"
"PDF_SEM_MD","mestra\02_Jurisprudencia_e_Orientacoes\Informativos_Julgamentos_TCE_PI","Primeira_C_mara_Presencial_1__C_mara___Sess_o_Ordin_ria_Presencial_n__020_de_09_.pdf","","","417","C:\Users\thiagonogueira\OneDrive - mppi.mp.br\CLC\01_Processos_e_Aquisicoes\Base de Conhecimento - Thiago\02_Jurisprudencia_e_Orientacoes\Informativos_Julgamentos_TCE_PI\Primeira_C_mara_Presencial_1__C_mara___Sess_o_Ordin_ria_Presencial_n__020_de_09_.pdf"
"PDF_SEM_MD","mestra\02_Jurisprudencia_e_Orientacoes\Informativos_Julgamentos_TCE_PI","Primeira_C_mara_Presencial_1__C_mara___Sess_o_Ordin_ria_Presencial_n__021_de_16_.pdf","","","401","C:\Users\thiagonogueira\OneDrive - mppi.mp.br\CLC\01_Processos_e_Aquisicoes\Base de Conhecimento - Thiago\02_Jurisprudencia_e_Orientacoes\Informativos_Julgamentos_TCE_PI\Primeira_C_mara_Presencial_1__C_mara___Sess_o_Ordin_ria_Presencial_n__021_de_16_.pdf"
"PDF_SEM_MD","mestra\02_Jurisprudencia_e_Orientacoes\Informativos_Julgamentos_TCE_PI","Primeira_C_mara_Presencial_1__C_mara___Sess_o_Ordin_ria_Presencial_n__02_de_10_d.pdf","","","406","C:\Users\thiagonogueira\OneDrive - mppi.mp.br\CLC\01_Processos_e_Aquisicoes\Base de Conhecimento - Thiago\02_Jurisprudencia_e_Orientacoes\Informativos_Julgamentos_TCE_PI\Primeira_C_mara_Presencial_1__C_mara___Sess_o_Ordin_ria_Presencial_n__02_de_10_d.pdf"
"PDF_SEM_MD","mestra\02_Jurisprudencia_e_Orientacoes\Informativos_Julgamentos_TCE_PI","Primeira_C_mara_Presencial_1__C_mara___Sess_o_Ordin_ria_Presencial_n__03_de_24_d.pdf","","","398","C:\Users\thiagonogueira\OneDrive - mppi.mp.br\CLC\01_Processos_e_Aquisicoes\Base de Conhecimento - Thiago\02_Jurisprudencia_e_Orientacoes\Informativos_Julgamentos_TCE_PI\Primeira_C_mara_Presencial_1__C_mara___Sess_o_Ordin_ria_Presencial_n__03_de_24_d.pdf"
"PDF_SEM_MD","mestra\02_Jurisprudencia_e_Orientacoes\Informativos_Julgamentos_TCE_PI","Primeira_C_mara_Presencial_1__C_mara___Sess_o_Ordin_ria_Presencial_n__04_de_10_d.pdf","","","359","C:\Users\thiagonogueira\OneDrive - mppi.mp.br\CLC\01_Processos_e_Aquisicoes\Base de Conhecimento - Thiago\02_Jurisprudencia_e_Orientacoes\Informativos_Julgamentos_TCE_PI\Primeira_C_mara_Presencial_1__C_mara___Sess_o_Ordin_ria_Presencial_n__04_de_10_d.pdf"
"PDF_SEM_MD","mestra\02_Jurisprudencia_e_Orientacoes\Informativos_Julgamentos_TCE_PI","Primeira_C_mara_Presencial_1__C_mara___Sess_o_Ordin_ria_Presencial_n__05_de_24_d.pdf","","","379","C:\Users\thiagonogueira\OneDrive - mppi.mp.br\CLC\01_Processos_e_Aquisicoes\Base de Conhecimento - Thiago\02_Jurisprudencia_e_Orientacoes\Informativos_Julgamentos_TCE_PI\Primeira_C_mara_Presencial_1__C_mara___Sess_o_Ordin_ria_Presencial_n__05_de_24_d.pdf"
"PDF_SEM_MD","mestra\02_Jurisprudencia_e_Orientacoes\Informativos_Julgamentos_TCE_PI","Primeira_C_mara_Presencial_1__C_mara___Sess_o_Ordin_ria_Presencial_n__06_de_7_de.pdf","","","407","C:\Users\thiagonogueira\OneDrive - mppi.mp.br\CLC\01_Processos_e_Aquisicoes\Base de Conhecimento - Thiago\02_Jurisprudencia_e_Orientacoes\Informativos_Julgamentos_TCE_PI\Primeira_C_mara_Presencial_1__C_mara___Sess_o_Ordin_ria_Presencial_n__06_de_7_de.pdf"
"PDF_SEM_MD","mestra\02_Jurisprudencia_e_Orientacoes\Informativos_Julgamentos_TCE_PI","Primeira_C_mara_Presencial_1__C_mara___Sess_o_Ordin_ria_Presencial_n__07_de_28_d.pdf","","","407","C:\Users\thiagonogueira\OneDrive - mppi.mp.br\CLC\01_Processos_e_Aquisicoes\Base de Conhecimento - Thiago\02_Jurisprudencia_e_Orientacoes\Informativos_Julgamentos_TCE_PI\Primeira_C_mara_Presencial_1__C_mara___Sess_o_Ordin_ria_Presencial_n__07_de_28_d.pdf"
"PDF_SEM_MD","mestra\02_Jurisprudencia_e_Orientacoes\Informativos_Julgamentos_TCE_PI","Primeira_C_mara_Presencial_1__C_mara___Sess_o_Ordin_ria_Presencial_n__08_de_12_d.pdf","","","349","C:\Users\thiagonogueira\OneDrive - mppi.mp.br\CLC\01_Processos_e_Aquisicoes\Base de Conhecimento - Thiago\02_Jurisprudencia_e_Orientacoes\Informativos_Julgamentos_TCE_PI\Primeira_C_mara_Presencial_1__C_mara___Sess_o_Ordin_ria_Presencial_n__08_de_12_d.pdf"
"PDF_SEM_MD","mestra\02_Jurisprudencia_e_Orientacoes\Informativos_Julgamentos_TCE_PI","Primeira_C_mara_Presencial_1__C_mara___Sess_o_Ordin_ria_Presencial_n__09_de_26_d.pdf","","","342","C:\Users\thiagonogueira\OneDrive - mppi.mp.br\CLC\01_Processos_e_Aquisicoes\Base de Conhecimento - Thiago\02_Jurisprudencia_e_Orientacoes\Informativos_Julgamentos_TCE_PI\Primeira_C_mara_Presencial_1__C_mara___Sess_o_Ordin_ria_Presencial_n__09_de_26_d.pdf"
"PDF_SEM_MD","mestra\02_Jurisprudencia_e_Orientacoes\Informativos_Julgamentos_TCE_PI","Primeira_C_mara_Presencial_1__C_mara___Sess_o_Ordin_ria_Presencial_n__10_de_9_de.pdf","","","367","C:\Users\thiagonogueira\OneDrive - mppi.mp.br\CLC\01_Processos_e_Aquisicoes\Base de Conhecimento - Thiago\02_Jurisprudencia_e_Orientacoes\Informativos_Julgamentos_TCE_PI\Primeira_C_mara_Presencial_1__C_mara___Sess_o_Ordin_ria_Presencial_n__10_de_9_de.pdf"
"PDF_SEM_MD","mestra\02_Jurisprudencia_e_Orientacoes\Informativos_Julgamentos_TCE_PI","Primeira_C_mara_Presencial_1__C_mara___Sess_o_Ordin_ria_Presencial_n__11_de_23_d.pdf","","","397","C:\Users\thiagonogueira\OneDrive - mppi.mp.br\CLC\01_Processos_e_Aquisicoes\Base de Conhecimento - Thiago\02_Jurisprudencia_e_Orientacoes\Informativos_Julgamentos_TCE_PI\Primeira_C_mara_Presencial_1__C_mara___Sess_o_Ordin_ria_Presencial_n__11_de_23_d.pdf"
"PDF_SEM_MD","mestra\02_Jurisprudencia_e_Orientacoes\Informativos_Julgamentos_TCE_PI","Primeira_C_mara_Presencial_1__C_mara___Sess_o_Ordin_ria_Presencial_n__12_de_7_de.pdf","","","427","C:\Users\thiagonogueira\OneDrive - mppi.mp.br\CLC\01_Processos_e_Aquisicoes\Base de Conhecimento - Thiago\02_Jurisprudencia_e_Orientacoes\Informativos_Julgamentos_TCE_PI\Primeira_C_mara_Presencial_1__C_mara___Sess_o_Ordin_ria_Presencial_n__12_de_7_de.pdf"
"PDF_SEM_MD","mestra\02_Jurisprudencia_e_Orientacoes\Informativos_Julgamentos_TCE_PI","Primeira_C_mara_Presencial_1__C_mara___Sess_o_Ordin_ria_Presencial_n__13_de_21_d.pdf","","","314","C:\Users\thiagonogueira\OneDrive - mppi.mp.br\CLC\01_Processos_e_Aquisicoes\Base de Conhecimento - Thiago\02_Jurisprudencia_e_Orientacoes\Informativos_Julgamentos_TCE_PI\Primeira_C_mara_Presencial_1__C_mara___Sess_o_Ordin_ria_Presencial_n__13_de_21_d.pdf"
"PDF_SEM_MD","mestra\02_Jurisprudencia_e_Orientacoes\Informativos_Julgamentos_TCE_PI","Primeira_C_mara_Presencial_1__C_mara___Sess_o_Ordin_ria_Presencial_n__14_de_04_d.pdf","","","416","C:\Users\thiagonogueira\OneDrive - mppi.mp.br\CLC\01_Processos_e_Aquisicoes\Base de Conhecimento - Thiago\02_Jurisprudencia_e_Orientacoes\Informativos_Julgamentos_TCE_PI\Primeira_C_mara_Presencial_1__C_mara___Sess_o_Ordin_ria_Presencial_n__14_de_04_d.pdf"
"PDF_SEM_MD","mestra\02_Jurisprudencia_e_Orientacoes\Informativos_Julgamentos_TCE_PI","Primeira_C_mara_Presencial_1__C_mara___Sess_o_Ordin_ria_Presencial_n__15_de_18_d.pdf","","","420","C:\Users\thiagonogueira\OneDrive - mppi.mp.br\CLC\01_Processos_e_Aquisicoes\Base de Conhecimento - Thiago\02_Jurisprudencia_e_Orientacoes\Informativos_Julgamentos_TCE_PI\Primeira_C_mara_Presencial_1__C_mara___Sess_o_Ordin_ria_Presencial_n__15_de_18_d.pdf"
"PDF_SEM_MD","mestra\02_Jurisprudencia_e_Orientacoes\Informativos_Julgamentos_TCE_PI","Primeira_C_mara_Presencial_1__C_mara___Sess_o_Ordin_ria_Presencial_n__16_de_01_d.pdf","","","425","C:\Users\thiagonogueira\OneDrive - mppi.mp.br\CLC\01_Processos_e_Aquisicoes\Base de Conhecimento - Thiago\02_Jurisprudencia_e_Orientacoes\Informativos_Julgamentos_TCE_PI\Primeira_C_mara_Presencial_1__C_mara___Sess_o_Ordin_ria_Presencial_n__16_de_01_d.pdf"
"PDF_SEM_MD","mestra\02_Jurisprudencia_e_Orientacoes\Informativos_Julgamentos_TCE_PI","Primeira_C_mara_Presencial_1__C_mara___Sess_o_Ordin_ria_Presencial_n__17_de_15_d.pdf","","","418","C:\Users\thiagonogueira\OneDrive - mppi.mp.br\CLC\01_Processos_e_Aquisicoes\Base de Conhecimento - Thiago\02_Jurisprudencia_e_Orientacoes\Informativos_Julgamentos_TCE_PI\Primeira_C_mara_Presencial_1__C_mara___Sess_o_Ordin_ria_Presencial_n__17_de_15_d.pdf"
"PDF_SEM_MD","mestra\02_Jurisprudencia_e_Orientacoes\Informativos_Julgamentos_TCE_PI","Primeira_C_mara_Virtual_1__C_mara___Sess_o_Ordin_ria_Virtual_de_03_a_07_de_agost.pdf","","","302","C:\Users\thiagonogueira\OneDrive - mppi.mp.br\CLC\01_Processos_e_Aquisicoes\Base de Conhecimento - Thiago\02_Jurisprudencia_e_Orientacoes\Informativos_Julgamentos_TCE_PI\Primeira_C_mara_Virtual_1__C_mara___Sess_o_Ordin_ria_Virtual_de_03_a_07_de_agost.pdf"
"PDF_SEM_MD","mestra\02_Jurisprudencia_e_Orientacoes\Informativos_Julgamentos_TCE_PI","Primeira_C_mara_Virtual_1__C_mara___Sess_o_Ordin_ria_Virtual_de_04_a_08_de_maio_.pdf","","","315","C:\Users\thiagonogueira\OneDrive - mppi.mp.br\CLC\01_Processos_e_Aquisicoes\Base de Conhecimento - Thiago\02_Jurisprudencia_e_Orientacoes\Informativos_Julgamentos_TCE_PI\Primeira_C_mara_Virtual_1__C_mara___Sess_o_Ordin_ria_Virtual_de_04_a_08_de_maio_.pdf"
"PDF_SEM_MD","mestra\02_Jurisprudencia_e_Orientacoes\Informativos_Julgamentos_TCE_PI","Primeira_C_mara_Virtual_1__C_mara___Sess_o_Ordin_ria_Virtual_de_08_a_11_de_setem.pdf","","","312","C:\Users\thiagonogueira\OneDrive - mppi.mp.br\CLC\01_Processos_e_Aquisicoes\Base de Conhecimento - Thiago\02_Jurisprudencia_e_Orientacoes\Informativos_Julgamentos_TCE_PI\Primeira_C_mara_Virtual_1__C_mara___Sess_o_Ordin_ria_Virtual_de_08_a_11_de_setem.pdf"
"PDF_SEM_MD","mestra\02_Jurisprudencia_e_Orientacoes\Informativos_Julgamentos_TCE_PI","Primeira_C_mara_Virtual_1__C_mara___Sess_o_Ordin_ria_Virtual_de_10_a_14_de_agost.pdf","","","295","C:\Users\thiagonogueira\OneDrive - mppi.mp.br\CLC\01_Processos_e_Aquisicoes\Base de Conhecimento - Thiago\02_Jurisprudencia_e_Orientacoes\Informativos_Julgamentos_TCE_PI\Primeira_C_mara_Virtual_1__C_mara___Sess_o_Ordin_ria_Virtual_de_10_a_14_de_agost.pdf"
"PDF_SEM_MD","mestra\02_Jurisprudencia_e_Orientacoes\Informativos_Julgamentos_TCE_PI","Primeira_C_mara_Virtual_1__C_mara___Sess_o_Ordin_ria_Virtual_de_11_a_15_de_maio_.pdf","","","273","C:\Users\thiagonogueira\OneDrive - mppi.mp.br\CLC\01_Processos_e_Aquisicoes\Base de Conhecimento - Thiago\02_Jurisprudencia_e_Orientacoes\Informativos_Julgamentos_TCE_PI\Primeira_C_mara_Virtual_1__C_mara___Sess_o_Ordin_ria_Virtual_de_11_a_15_de_maio_.pdf"
"PDF_SEM_MD","mestra\02_Jurisprudencia_e_Orientacoes\Informativos_Julgamentos_TCE_PI","Primeira_C_mara_Virtual_1__C_mara___Sess_o_Ordin_ria_Virtual_de_13_a_17_de_julho.pdf","","","319","C:\Users\thiagonogueira\OneDrive - mppi.mp.br\CLC\01_Processos_e_Aquisicoes\Base de Conhecimento - Thiago\02_Jurisprudencia_e_Orientacoes\Informativos_Julgamentos_TCE_PI\Primeira_C_mara_Virtual_1__C_mara___Sess_o_Ordin_ria_Virtual_de_13_a_17_de_julho.pdf"
"PDF_SEM_MD","mestra\02_Jurisprudencia_e_Orientacoes\Informativos_Julgamentos_TCE_PI","Primeira_C_mara_Virtual_1__C_mara___Sess_o_Ordin_ria_Virtual_de_14_a_18_de_setem.pdf","","","272","C:\Users\thiagonogueira\OneDrive - mppi.mp.br\CLC\01_Processos_e_Aquisicoes\Base de Conhecimento - Thiago\02_Jurisprudencia_e_Orientacoes\Informativos_Julgamentos_TCE_PI\Primeira_C_mara_Virtual_1__C_mara___Sess_o_Ordin_ria_Virtual_de_14_a_18_de_setem.pdf"
"PDF_SEM_MD","mestra\02_Jurisprudencia_e_Orientacoes\Informativos_Julgamentos_TCE_PI","Primeira_C_mara_Virtual_1__C_mara___Sess_o_Ordin_ria_Virtual_de_15_a_19_de_junho.pdf","","","320","C:\Users\thiagonogueira\OneDrive - mppi.mp.br\CLC\01_Processos_e_Aquisicoes\Base de Conhecimento - Thiago\02_Jurisprudencia_e_Orientacoes\Informativos_Julgamentos_TCE_PI\Primeira_C_mara_Virtual_1__C_mara___Sess_o_Ordin_ria_Virtual_de_15_a_19_de_junho.pdf"
"PDF_SEM_MD","mestra\02_Jurisprudencia_e_Orientacoes\Informativos_Julgamentos_TCE_PI","Primeira_C_mara_Virtual_1__C_mara___Sess_o_Ordin_ria_Virtual_de_17_a_21_de_agost.pdf","","","326","C:\Users\thiagonogueira\OneDrive - mppi.mp.br\CLC\01_Processos_e_Aquisicoes\Base de Conhecimento - Thiago\02_Jurisprudencia_e_Orientacoes\Informativos_Julgamentos_TCE_PI\Primeira_C_mara_Virtual_1__C_mara___Sess_o_Ordin_ria_Virtual_de_17_a_21_de_agost.pdf"
"PDF_SEM_MD","mestra\02_Jurisprudencia_e_Orientacoes\Informativos_Julgamentos_TCE_PI","Primeira_C_mara_Virtual_1__C_mara___Sess_o_Ordin_ria_Virtual_de_18_a_22_de_maio_.pdf","","","323","C:\Users\thiagonogueira\OneDrive - mppi.mp.br\CLC\01_Processos_e_Aquisicoes\Base de Conhecimento - Thiago\02_Jurisprudencia_e_Orientacoes\Informativos_Julgamentos_TCE_PI\Primeira_C_mara_Virtual_1__C_mara___Sess_o_Ordin_ria_Virtual_de_18_a_22_de_maio_.pdf"
"PDF_SEM_MD","mestra\02_Jurisprudencia_e_Orientacoes\Informativos_Julgamentos_TCE_PI","Primeira_C_mara_Virtual_1__C_mara___Sess_o_Ordin_ria_Virtual_de_1__a_05_de_junho.pdf","","","274","C:\Users\thiagonogueira\OneDrive - mppi.mp.br\CLC\01_Processos_e_Aquisicoes\Base de Conhecimento - Thiago\02_Jurisprudencia_e_Orientacoes\Informativos_Julgamentos_TCE_PI\Primeira_C_mara_Virtual_1__C_mara___Sess_o_Ordin_ria_Virtual_de_1__a_05_de_junho.pdf"
"PDF_SEM_MD","mestra\02_Jurisprudencia_e_Orientacoes\Informativos_Julgamentos_TCE_PI","Primeira_C_mara_Virtual_1__C_mara___Sess_o_Ordin_ria_Virtual_de_20_a_24_de_julho.pdf","","","299","C:\Users\thiagonogueira\OneDrive - mppi.mp.br\CLC\01_Processos_e_Aquisicoes\Base de Conhecimento - Thiago\02_Jurisprudencia_e_Orientacoes\Informativos_Julgamentos_TCE_PI\Primeira_C_mara_Virtual_1__C_mara___Sess_o_Ordin_ria_Virtual_de_20_a_24_de_julho.pdf"
"PDF_SEM_MD","mestra\02_Jurisprudencia_e_Orientacoes\Informativos_Julgamentos_TCE_PI","Primeira_C_mara_Virtual_1__C_mara___Sess_o_Ordin_ria_Virtual_de_22_a_26_de_junho.pdf","","","264","C:\Users\thiagonogueira\OneDrive - mppi.mp.br\CLC\01_Processos_e_Aquisicoes\Base de Conhecimento - Thiago\02_Jurisprudencia_e_Orientacoes\Informativos_Julgamentos_TCE_PI\Primeira_C_mara_Virtual_1__C_mara___Sess_o_Ordin_ria_Virtual_de_22_a_26_de_junho.pdf"
"PDF_SEM_MD","mestra\02_Jurisprudencia_e_Orientacoes\Informativos_Julgamentos_TCE_PI","Primeira_C_mara_Virtual_1__C_mara___Sess_o_Ordin_ria_Virtual_de_25_a_29_de_maio_.pdf","","","319","C:\Users\thiagonogueira\OneDrive - mppi.mp.br\CLC\01_Processos_e_Aquisicoes\Base de Conhecimento - Thiago\02_Jurisprudencia_e_Orientacoes\Informativos_Julgamentos_TCE_PI\Primeira_C_mara_Virtual_1__C_mara___Sess_o_Ordin_ria_Virtual_de_25_a_29_de_maio_.pdf"
"PDF_SEM_MD","mestra\02_Jurisprudencia_e_Orientacoes\Informativos_Julgamentos_TCE_PI","Primeira_C_mara_Virtual_1__C_mara___Sess_o_Ordin_ria_Virtual_de_27_a_30_de_abril.pdf","","","311","C:\Users\thiagonogueira\OneDrive - mppi.mp.br\CLC\01_Processos_e_Aquisicoes\Base de Conhecimento - Thiago\02_Jurisprudencia_e_Orientacoes\Informativos_Julgamentos_TCE_PI\Primeira_C_mara_Virtual_1__C_mara___Sess_o_Ordin_ria_Virtual_de_27_a_30_de_abril.pdf"
"PDF_SEM_MD","mestra\02_Jurisprudencia_e_Orientacoes\Informativos_Julgamentos_TCE_PI","Primeira_C_mara_Virtual_1__C_mara___Sess_o_Ordin_ria_Virtual_de_27_a_31_de_julho.pdf","","","305","C:\Users\thiagonogueira\OneDrive - mppi.mp.br\CLC\01_Processos_e_Aquisicoes\Base de Conhecimento - Thiago\02_Jurisprudencia_e_Orientacoes\Informativos_Julgamentos_TCE_PI\Primeira_C_mara_Virtual_1__C_mara___Sess_o_Ordin_ria_Virtual_de_27_a_31_de_julho.pdf"
"PDF_SEM_MD","mestra\02_Jurisprudencia_e_Orientacoes\Informativos_Julgamentos_TCE_PI","Primeira_C_mara_Virtual_1__C_mara___Sess_o_Ordin_ria_Virtual_de_29_de_junho_a_03.pdf","","","312","C:\Users\thiagonogueira\OneDrive - mppi.mp.br\CLC\01_Processos_e_Aquisicoes\Base de Conhecimento - Thiago\02_Jurisprudencia_e_Orientacoes\Informativos_Julgamentos_TCE_PI\Primeira_C_mara_Virtual_1__C_mara___Sess_o_Ordin_ria_Virtual_de_29_de_junho_a_03.pdf"
"PDF_SEM_MD","mestra\02_Jurisprudencia_e_Orientacoes\Informativos_Julgamentos_TCE_PI","Primeira_C_mara_Virtual_1__C_mara___Sess_o_Ordin_ria_Virtual_de_31_de_agosto_a_0.pdf","","","320","C:\Users\thiagonogueira\OneDrive - mppi.mp.br\CLC\01_Processos_e_Aquisicoes\Base de Conhecimento - Thiago\02_Jurisprudencia_e_Orientacoes\Informativos_Julgamentos_TCE_PI\Primeira_C_mara_Virtual_1__C_mara___Sess_o_Ordin_ria_Virtual_de_31_de_agosto_a_0.pdf"
"PDF_SEM_MD","mestra\02_Jurisprudencia_e_Orientacoes\Informativos_Julgamentos_TCE_PI","Primeira_C_mara_Virtual_1__C_mara___Sess_o_Ordin_ria_Virtual_de_6_a_10_de_julho_.pdf","","","303","C:\Users\thiagonogueira\OneDrive - mppi.mp.br\CLC\01_Processos_e_Aquisicoes\Base de Conhecimento - Thiago\02_Jurisprudencia_e_Orientacoes\Informativos_Julgamentos_TCE_PI\Primeira_C_mara_Virtual_1__C_mara___Sess_o_Ordin_ria_Virtual_de_6_a_10_de_julho_.pdf"
"PDF_SEM_MD","mestra\02_Jurisprudencia_e_Orientacoes\Informativos_Julgamentos_TCE_PI","Primeira_C_mara_Virtual_1__C_mara___Sess_o_Ordin_ria_Virtual_de_8_a_12_de_junho_.pdf","","","174","C:\Users\thiagonogueira\OneDrive - mppi.mp.br\CLC\01_Processos_e_Aquisicoes\Base de Conhecimento - Thiago\02_Jurisprudencia_e_Orientacoes\Informativos_Julgamentos_TCE_PI\Primeira_C_mara_Virtual_1__C_mara___Sess_o_Ordin_ria_Virtual_de_8_a_12_de_junho_.pdf"
"PDF_SEM_MD","mestra\02_Jurisprudencia_e_Orientacoes\Informativos_Julgamentos_TCE_PI","Segunda_C_mara_Presencial_2__C_mara___Sess_o_Ordin_ria_Presencial_n__01_de_28_de.pdf","","","427","C:\Users\thiagonogueira\OneDrive - mppi.mp.br\CLC\01_Processos_e_Aquisicoes\Base de Conhecimento - Thiago\02_Jurisprudencia_e_Orientacoes\Informativos_Julgamentos_TCE_PI\Segunda_C_mara_Presencial_2__C_mara___Sess_o_Ordin_ria_Presencial_n__01_de_28_de.pdf"
"PDF_SEM_MD","mestra\02_Jurisprudencia_e_Orientacoes\Informativos_Julgamentos_TCE_PI","Segunda_C_mara_Presencial_2__C_mara___Sess_o_Ordin_ria_Presencial_n__02_de_11_de.pdf","","","386","C:\Users\thiagonogueira\OneDrive - mppi.mp.br\CLC\01_Processos_e_Aquisicoes\Base de Conhecimento - Thiago\02_Jurisprudencia_e_Orientacoes\Informativos_Julgamentos_TCE_PI\Segunda_C_mara_Presencial_2__C_mara___Sess_o_Ordin_ria_Presencial_n__02_de_11_de.pdf"
"PDF_SEM_MD","mestra\02_Jurisprudencia_e_Orientacoes\Informativos_Julgamentos_TCE_PI","Segunda_C_mara_Presencial_2__C_mara___Sess_o_Ordin_ria_Presencial_n__03_de_25_de.pdf","","","391","C:\Users\thiagonogueira\OneDrive - mppi.mp.br\CLC\01_Processos_e_Aquisicoes\Base de Conhecimento - Thiago\02_Jurisprudencia_e_Orientacoes\Informativos_Julgamentos_TCE_PI\Segunda_C_mara_Presencial_2__C_mara___Sess_o_Ordin_ria_Presencial_n__03_de_25_de.pdf"
"PDF_SEM_MD","mestra\02_Jurisprudencia_e_Orientacoes\Informativos_Julgamentos_TCE_PI","Segunda_C_mara_Presencial_2__C_mara___Sess_o_Ordin_ria_Presencial_n__04_de_25_de.pdf","","","342","C:\Users\thiagonogueira\OneDrive - mppi.mp.br\CLC\01_Processos_e_Aquisicoes\Base de Conhecimento - Thiago\02_Jurisprudencia_e_Orientacoes\Informativos_Julgamentos_TCE_PI\Segunda_C_mara_Presencial_2__C_mara___Sess_o_Ordin_ria_Presencial_n__04_de_25_de.pdf"
"PDF_SEM_MD","mestra\02_Jurisprudencia_e_Orientacoes\Informativos_Julgamentos_TCE_PI","Segunda_C_mara_Presencial_2__C_mara___Sess_o_Ordin_ria_Presencial_n__05_de_8_de_.pdf","","","325","C:\Users\thiagonogueira\OneDrive - mppi.mp.br\CLC\01_Processos_e_Aquisicoes\Base de Conhecimento - Thiago\02_Jurisprudencia_e_Orientacoes\Informativos_Julgamentos_TCE_PI\Segunda_C_mara_Presencial_2__C_mara___Sess_o_Ordin_ria_Presencial_n__05_de_8_de_.pdf"
"PDF_SEM_MD","mestra\02_Jurisprudencia_e_Orientacoes\Informativos_Julgamentos_TCE_PI","Segunda_C_mara_Presencial_2__C_mara___Sess_o_Ordin_ria_Presencial_n__06_de_29_de.pdf","","","370","C:\Users\thiagonogueira\OneDrive - mppi.mp.br\CLC\01_Processos_e_Aquisicoes\Base de Conhecimento - Thiago\02_Jurisprudencia_e_Orientacoes\Informativos_Julgamentos_TCE_PI\Segunda_C_mara_Presencial_2__C_mara___Sess_o_Ordin_ria_Presencial_n__06_de_29_de.pdf"
"PDF_SEM_MD","mestra\02_Jurisprudencia_e_Orientacoes\Informativos_Julgamentos_TCE_PI","Segunda_C_mara_Presencial_2__C_mara___Sess_o_Ordin_ria_Presencial_n__07_de_13_de.pdf","","","389","C:\Users\thiagonogueira\OneDrive - mppi.mp.br\CLC\01_Processos_e_Aquisicoes\Base de Conhecimento - Thiago\02_Jurisprudencia_e_Orientacoes\Informativos_Julgamentos_TCE_PI\Segunda_C_mara_Presencial_2__C_mara___Sess_o_Ordin_ria_Presencial_n__07_de_13_de.pdf"
"PDF_SEM_MD","mestra\02_Jurisprudencia_e_Orientacoes\Informativos_Julgamentos_TCE_PI","Segunda_C_mara_Presencial_2__C_mara___Sess_o_Ordin_ria_Presencial_n__08_de_27_de.pdf","","","419","C:\Users\thiagonogueira\OneDrive - mppi.mp.br\CLC\01_Processos_e_Aquisicoes\Base de Conhecimento - Thiago\02_Jurisprudencia_e_Orientacoes\Informativos_Julgamentos_TCE_PI\Segunda_C_mara_Presencial_2__C_mara___Sess_o_Ordin_ria_Presencial_n__08_de_27_de.pdf"
"PDF_SEM_MD","mestra\02_Jurisprudencia_e_Orientacoes\Informativos_Julgamentos_TCE_PI","Segunda_C_mara_Presencial_2__C_mara___Sess_o_Ordin_ria_Presencial_n__09_de_10_de.pdf","","","419","C:\Users\thiagonogueira\OneDrive - mppi.mp.br\CLC\01_Processos_e_Aquisicoes\Base de Conhecimento - Thiago\02_Jurisprudencia_e_Orientacoes\Informativos_Julgamentos_TCE_PI\Segunda_C_mara_Presencial_2__C_mara___Sess_o_Ordin_ria_Presencial_n__09_de_10_de.pdf"
"PDF_SEM_MD","mestra\02_Jurisprudencia_e_Orientacoes\Informativos_Julgamentos_TCE_PI","Segunda_C_mara_Presencial_2__C_mara___Sess_o_Ordin_ria_Presencial_n__10_de_24_de.pdf","","","284","C:\Users\thiagonogueira\OneDrive - mppi.mp.br\CLC\01_Processos_e_Aquisicoes\Base de Conhecimento - Thiago\02_Jurisprudencia_e_Orientacoes\Informativos_Julgamentos_TCE_PI\Segunda_C_mara_Presencial_2__C_mara___Sess_o_Ordin_ria_Presencial_n__10_de_24_de.pdf"
"PDF_SEM_MD","mestra\02_Jurisprudencia_e_Orientacoes\Informativos_Julgamentos_TCE_PI","Segunda_C_mara_Presencial_2__C_mara___Sess_o_Ordin_ria_Presencial_n__11_de_08_de.pdf","","","408","C:\Users\thiagonogueira\OneDrive - mppi.mp.br\CLC\01_Processos_e_Aquisicoes\Base de Conhecimento - Thiago\02_Jurisprudencia_e_Orientacoes\Informativos_Julgamentos_TCE_PI\Segunda_C_mara_Presencial_2__C_mara___Sess_o_Ordin_ria_Presencial_n__11_de_08_de.pdf"
"PDF_SEM_MD","mestra\02_Jurisprudencia_e_Orientacoes\Informativos_Julgamentos_TCE_PI","Segunda_C_mara_Presencial_2__C_mara___Sess_o_Ordin_ria_Presencial_n__12_de_22_de.pdf","","","409","C:\Users\thiagonogueira\OneDrive - mppi.mp.br\CLC\01_Processos_e_Aquisicoes\Base de Conhecimento - Thiago\02_Jurisprudencia_e_Orientacoes\Informativos_Julgamentos_TCE_PI\Segunda_C_mara_Presencial_2__C_mara___Sess_o_Ordin_ria_Presencial_n__12_de_22_de.pdf"
"PDF_SEM_MD","mestra\02_Jurisprudencia_e_Orientacoes\Informativos_Julgamentos_TCE_PI","Segunda_C_mara_Presencial_2__C_mara___Sess_o_Ordin_ria_Presencial_n__13_de_05_de.pdf","","","426","C:\Users\thiagonogueira\OneDrive - mppi.mp.br\CLC\01_Processos_e_Aquisicoes\Base de Conhecimento - Thiago\02_Jurisprudencia_e_Orientacoes\Informativos_Julgamentos_TCE_PI\Segunda_C_mara_Presencial_2__C_mara___Sess_o_Ordin_ria_Presencial_n__13_de_05_de.pdf"
"PDF_SEM_MD","mestra\02_Jurisprudencia_e_Orientacoes\Informativos_Julgamentos_TCE_PI","Segunda_C_mara_Presencial_2__C_mara___Sess_o_Ordin_ria_Presencial_n__14_de_19_de.pdf","","","433","C:\Users\thiagonogueira\OneDrive - mppi.mp.br\CLC\01_Processos_e_Aquisicoes\Base de Conhecimento - Thiago\02_Jurisprudencia_e_Orientacoes\Informativos_Julgamentos_TCE_PI\Segunda_C_mara_Presencial_2__C_mara___Sess_o_Ordin_ria_Presencial_n__14_de_19_de.pdf"
"PDF_SEM_MD","mestra\02_Jurisprudencia_e_Orientacoes\Informativos_Julgamentos_TCE_PI","Segunda_C_mara_Presencial_2__C_mara___Sess_o_Ordin_ria_Presencial_n__15_de_02_de.pdf","","","431","C:\Users\thiagonogueira\OneDrive - mppi.mp.br\CLC\01_Processos_e_Aquisicoes\Base de Conhecimento - Thiago\02_Jurisprudencia_e_Orientacoes\Informativos_Julgamentos_TCE_PI\Segunda_C_mara_Presencial_2__C_mara___Sess_o_Ordin_ria_Presencial_n__15_de_02_de.pdf"
"PDF_SEM_MD","mestra\02_Jurisprudencia_e_Orientacoes\Informativos_Julgamentos_TCE_PI","Segunda_C_mara_Presencial_2__C_mara___Sess_o_Ordin_ria_Presencial_n__16_de_16_de.pdf","","","431","C:\Users\thiagonogueira\OneDrive - mppi.mp.br\CLC\01_Processos_e_Aquisicoes\Base de Conhecimento - Thiago\02_Jurisprudencia_e_Orientacoes\Informativos_Julgamentos_TCE_PI\Segunda_C_mara_Presencial_2__C_mara___Sess_o_Ordin_ria_Presencial_n__16_de_16_de.pdf"
"PDF_SEM_MD","mestra\02_Jurisprudencia_e_Orientacoes\Informativos_Julgamentos_TCE_PI","Segunda_C_mara_Presencial_Segunda_C_mara___Sess_o_de_Julgamento_Presencial_n__18.pdf","","","255","C:\Users\thiagonogueira\OneDrive - mppi.mp.br\CLC\01_Processos_e_Aquisicoes\Base de Conhecimento - Thiago\02_Jurisprudencia_e_Orientacoes\Informativos_Julgamentos_TCE_PI\Segunda_C_mara_Presencial_Segunda_C_mara___Sess_o_de_Julgamento_Presencial_n__18.pdf"
"PDF_SEM_MD","mestra\02_Jurisprudencia_e_Orientacoes\Informativos_Julgamentos_TCE_PI","Segunda_C_mara_Presencial_Segunda_C_mara___Sess_o_de_Julgamento_Presencial_n__19.pdf","","","199","C:\Users\thiagonogueira\OneDrive - mppi.mp.br\CLC\01_Processos_e_Aquisicoes\Base de Conhecimento - Thiago\02_Jurisprudencia_e_Orientacoes\Informativos_Julgamentos_TCE_PI\Segunda_C_mara_Presencial_Segunda_C_mara___Sess_o_de_Julgamento_Presencial_n__19.pdf"
"PDF_SEM_MD","mestra\02_Jurisprudencia_e_Orientacoes\Informativos_Julgamentos_TCE_PI","Segunda_C_mara_Presencial_Segunda_C_mara___Sess_o_de_Julgamento_Presencial_n__20.pdf","","","356","C:\Users\thiagonogueira\OneDrive - mppi.mp.br\CLC\01_Processos_e_Aquisicoes\Base de Conhecimento - Thiago\02_Jurisprudencia_e_Orientacoes\Informativos_Julgamentos_TCE_PI\Segunda_C_mara_Presencial_Segunda_C_mara___Sess_o_de_Julgamento_Presencial_n__20.pdf"
"PDF_SEM_MD","mestra\02_Jurisprudencia_e_Orientacoes\Informativos_Julgamentos_TCE_PI","Segunda_C_mara_Virtual_2__C_mara___Sess_o_Ordin_ria_Virtual_de_01_a_05_de_junho_.pdf","","","341","C:\Users\thiagonogueira\OneDrive - mppi.mp.br\CLC\01_Processos_e_Aquisicoes\Base de Conhecimento - Thiago\02_Jurisprudencia_e_Orientacoes\Informativos_Julgamentos_TCE_PI\Segunda_C_mara_Virtual_2__C_mara___Sess_o_Ordin_ria_Virtual_de_01_a_05_de_junho_.pdf"
"PDF_SEM_MD","mestra\02_Jurisprudencia_e_Orientacoes\Informativos_Julgamentos_TCE_PI","Segunda_C_mara_Virtual_2__C_mara___Sess_o_Ordin_ria_Virtual_de_03_a_07_de_agosto.pdf","","","343","C:\Users\thiagonogueira\OneDrive - mppi.mp.br\CLC\01_Processos_e_Aquisicoes\Base de Conhecimento - Thiago\02_Jurisprudencia_e_Orientacoes\Informativos_Julgamentos_TCE_PI\Segunda_C_mara_Virtual_2__C_mara___Sess_o_Ordin_ria_Virtual_de_03_a_07_de_agosto.pdf"
"PDF_SEM_MD","mestra\02_Jurisprudencia_e_Orientacoes\Informativos_Julgamentos_TCE_PI","Segunda_C_mara_Virtual_2__C_mara___Sess_o_Ordin_ria_Virtual_de_06_a_10_de_julho_.pdf","","","334","C:\Users\thiagonogueira\OneDrive - mppi.mp.br\CLC\01_Processos_e_Aquisicoes\Base de Conhecimento - Thiago\02_Jurisprudencia_e_Orientacoes\Informativos_Julgamentos_TCE_PI\Segunda_C_mara_Virtual_2__C_mara___Sess_o_Ordin_ria_Virtual_de_06_a_10_de_julho_.pdf"
"PDF_SEM_MD","mestra\02_Jurisprudencia_e_Orientacoes\Informativos_Julgamentos_TCE_PI","Segunda_C_mara_Virtual_2__C_mara___Sess_o_Ordin_ria_Virtual_de_08_a_11_de_setemb.pdf","","","318","C:\Users\thiagonogueira\OneDrive - mppi.mp.br\CLC\01_Processos_e_Aquisicoes\Base de Conhecimento - Thiago\02_Jurisprudencia_e_Orientacoes\Informativos_Julgamentos_TCE_PI\Segunda_C_mara_Virtual_2__C_mara___Sess_o_Ordin_ria_Virtual_de_08_a_11_de_setemb.pdf"
"PDF_SEM_MD","mestra\02_Jurisprudencia_e_Orientacoes\Informativos_Julgamentos_TCE_PI","Segunda_C_mara_Virtual_2__C_mara___Sess_o_Ordin_ria_Virtual_de_08_a_12_de_junho_.pdf","","","324","C:\Users\thiagonogueira\OneDrive - mppi.mp.br\CLC\01_Processos_e_Aquisicoes\Base de Conhecimento - Thiago\02_Jurisprudencia_e_Orientacoes\Informativos_Julgamentos_TCE_PI\Segunda_C_mara_Virtual_2__C_mara___Sess_o_Ordin_ria_Virtual_de_08_a_12_de_junho_.pdf"
"PDF_SEM_MD","mestra\02_Jurisprudencia_e_Orientacoes\Informativos_Julgamentos_TCE_PI","Segunda_C_mara_Virtual_2__C_mara___Sess_o_Ordin_ria_Virtual_de_10_a_14_de_agosto.pdf","","","337","C:\Users\thiagonogueira\OneDrive - mppi.mp.br\CLC\01_Processos_e_Aquisicoes\Base de Conhecimento - Thiago\02_Jurisprudencia_e_Orientacoes\Informativos_Julgamentos_TCE_PI\Segunda_C_mara_Virtual_2__C_mara___Sess_o_Ordin_ria_Virtual_de_10_a_14_de_agosto.pdf"
"PDF_SEM_MD","mestra\02_Jurisprudencia_e_Orientacoes\Informativos_Julgamentos_TCE_PI","Segunda_C_mara_Virtual_2__C_mara___Sess_o_Ordin_ria_Virtual_de_11_a_15_de_maio_d.pdf","","","318","C:\Users\thiagonogueira\OneDrive - mppi.mp.br\CLC\01_Processos_e_Aquisicoes\Base de Conhecimento - Thiago\02_Jurisprudencia_e_Orientacoes\Informativos_Julgamentos_TCE_PI\Segunda_C_mara_Virtual_2__C_mara___Sess_o_Ordin_ria_Virtual_de_11_a_15_de_maio_d.pdf"
"PDF_SEM_MD","mestra\02_Jurisprudencia_e_Orientacoes\Informativos_Julgamentos_TCE_PI","Segunda_C_mara_Virtual_2__C_mara___Sess_o_Ordin_ria_Virtual_de_13_a_17_de_julho_.pdf","","","302","C:\Users\thiagonogueira\OneDrive - mppi.mp.br\CLC\01_Processos_e_Aquisicoes\Base de Conhecimento - Thiago\02_Jurisprudencia_e_Orientacoes\Informativos_Julgamentos_TCE_PI\Segunda_C_mara_Virtual_2__C_mara___Sess_o_Ordin_ria_Virtual_de_13_a_17_de_julho_.pdf"
"PDF_SEM_MD","mestra\02_Jurisprudencia_e_Orientacoes\Informativos_Julgamentos_TCE_PI","Segunda_C_mara_Virtual_2__C_mara___Sess_o_Ordin_ria_Virtual_de_14_a_18_de_setemb.pdf","","","322","C:\Users\thiagonogueira\OneDrive - mppi.mp.br\CLC\01_Processos_e_Aquisicoes\Base de Conhecimento - Thiago\02_Jurisprudencia_e_Orientacoes\Informativos_Julgamentos_TCE_PI\Segunda_C_mara_Virtual_2__C_mara___Sess_o_Ordin_ria_Virtual_de_14_a_18_de_setemb.pdf"
"PDF_SEM_MD","mestra\02_Jurisprudencia_e_Orientacoes\Informativos_Julgamentos_TCE_PI","Segunda_C_mara_Virtual_2__C_mara___Sess_o_Ordin_ria_Virtual_de_15_a_19_de_junho_.pdf","","","338","C:\Users\thiagonogueira\OneDrive - mppi.mp.br\CLC\01_Processos_e_Aquisicoes\Base de Conhecimento - Thiago\02_Jurisprudencia_e_Orientacoes\Informativos_Julgamentos_TCE_PI\Segunda_C_mara_Virtual_2__C_mara___Sess_o_Ordin_ria_Virtual_de_15_a_19_de_junho_.pdf"
"PDF_SEM_MD","mestra\02_Jurisprudencia_e_Orientacoes\Informativos_Julgamentos_TCE_PI","Segunda_C_mara_Virtual_2__C_mara___Sess_o_Ordin_ria_Virtual_de_17_a_21_de_agosto.pdf","","","332","C:\Users\thiagonogueira\OneDrive - mppi.mp.br\CLC\01_Processos_e_Aquisicoes\Base de Conhecimento - Thiago\02_Jurisprudencia_e_Orientacoes\Informativos_Julgamentos_TCE_PI\Segunda_C_mara_Virtual_2__C_mara___Sess_o_Ordin_ria_Virtual_de_17_a_21_de_agosto.pdf"
"PDF_SEM_MD","mestra\02_Jurisprudencia_e_Orientacoes\Informativos_Julgamentos_TCE_PI","Segunda_C_mara_Virtual_2__C_mara___Sess_o_Ordin_ria_Virtual_de_20_a_24_de_julho_.pdf","","","286","C:\Users\thiagonogueira\OneDrive - mppi.mp.br\CLC\01_Processos_e_Aquisicoes\Base de Conhecimento - Thiago\02_Jurisprudencia_e_Orientacoes\Informativos_Julgamentos_TCE_PI\Segunda_C_mara_Virtual_2__C_mara___Sess_o_Ordin_ria_Virtual_de_20_a_24_de_julho_.pdf"
"PDF_SEM_MD","mestra\02_Jurisprudencia_e_Orientacoes\Informativos_Julgamentos_TCE_PI","Segunda_C_mara_Virtual_2__C_mara___Sess_o_Ordin_ria_Virtual_de_21_a_25_de_setemb.pdf","","","328","C:\Users\thiagonogueira\OneDrive - mppi.mp.br\CLC\01_Processos_e_Aquisicoes\Base de Conhecimento - Thiago\02_Jurisprudencia_e_Orientacoes\Informativos_Julgamentos_TCE_PI\Segunda_C_mara_Virtual_2__C_mara___Sess_o_Ordin_ria_Virtual_de_21_a_25_de_setemb.pdf"
"PDF_SEM_MD","mestra\02_Jurisprudencia_e_Orientacoes\Informativos_Julgamentos_TCE_PI","Segunda_C_mara_Virtual_2__C_mara___Sess_o_Ordin_ria_Virtual_de_22_a_26_de_junho_.pdf","","","313","C:\Users\thiagonogueira\OneDrive - mppi.mp.br\CLC\01_Processos_e_Aquisicoes\Base de Conhecimento - Thiago\02_Jurisprudencia_e_Orientacoes\Informativos_Julgamentos_TCE_PI\Segunda_C_mara_Virtual_2__C_mara___Sess_o_Ordin_ria_Virtual_de_22_a_26_de_junho_.pdf"
"PDF_SEM_MD","mestra\02_Jurisprudencia_e_Orientacoes\Informativos_Julgamentos_TCE_PI","Segunda_C_mara_Virtual_2__C_mara___Sess_o_Ordin_ria_Virtual_de_25_a_29_de_maio_d.pdf","","","371","C:\Users\thiagonogueira\OneDrive - mppi.mp.br\CLC\01_Processos_e_Aquisicoes\Base de Conhecimento - Thiago\02_Jurisprudencia_e_Orientacoes\Informativos_Julgamentos_TCE_PI\Segunda_C_mara_Virtual_2__C_mara___Sess_o_Ordin_ria_Virtual_de_25_a_29_de_maio_d.pdf"
"PDF_SEM_MD","mestra\02_Jurisprudencia_e_Orientacoes\Informativos_Julgamentos_TCE_PI","Segunda_C_mara_Virtual_2__C_mara___Sess_o_Ordin_ria_Virtual_de_27_a_31_de_julho_.pdf","","","289","C:\Users\thiagonogueira\OneDrive - mppi.mp.br\CLC\01_Processos_e_Aquisicoes\Base de Conhecimento - Thiago\02_Jurisprudencia_e_Orientacoes\Informativos_Julgamentos_TCE_PI\Segunda_C_mara_Virtual_2__C_mara___Sess_o_Ordin_ria_Virtual_de_27_a_31_de_julho_.pdf"
"PDF_SEM_MD","mestra\02_Jurisprudencia_e_Orientacoes\Informativos_Julgamentos_TCE_PI","Segunda_C_mara_Virtual_2__C_mara___Sess_o_Ordin_ria_Virtual_de_28_de_setembro_a_.pdf","","","333","C:\Users\thiagonogueira\OneDrive - mppi.mp.br\CLC\01_Processos_e_Aquisicoes\Base de Conhecimento - Thiago\02_Jurisprudencia_e_Orientacoes\Informativos_Julgamentos_TCE_PI\Segunda_C_mara_Virtual_2__C_mara___Sess_o_Ordin_ria_Virtual_de_28_de_setembro_a_.pdf"
"PDF_SEM_MD","mestra\02_Jurisprudencia_e_Orientacoes\Informativos_Julgamentos_TCE_PI","Segunda_C_mara_Virtual_2__C_mara___Sess_o_Ordin_ria_Virtual_de_29_de_junho_a_03_.pdf","","","308","C:\Users\thiagonogueira\OneDrive - mppi.mp.br\CLC\01_Processos_e_Aquisicoes\Base de Conhecimento - Thiago\02_Jurisprudencia_e_Orientacoes\Informativos_Julgamentos_TCE_PI\Segunda_C_mara_Virtual_2__C_mara___Sess_o_Ordin_ria_Virtual_de_29_de_junho_a_03_.pdf"
"PDF_SEM_MD","mestra\02_Jurisprudencia_e_Orientacoes\Informativos_Julgamentos_TCE_PI","Segunda_C_mara_Virtual_2__C_mara___Sess_o_Ordin_ria_Virtual_de_31_de_agosto_a_04.pdf","","","328","C:\Users\thiagonogueira\OneDrive - mppi.mp.br\CLC\01_Processos_e_Aquisicoes\Base de Conhecimento - Thiago\02_Jurisprudencia_e_Orientacoes\Informativos_Julgamentos_TCE_PI\Segunda_C_mara_Virtual_2__C_mara___Sess_o_Ordin_ria_Virtual_de_31_de_agosto_a_04.pdf"
"PDF_SEM_MD","mestra\02_Jurisprudencia_e_Orientacoes\MJRs_MPPI","Manifestação Jurídico Referencial - MJR - n92 - 2024.pdf","","","423","C:\Users\thiagonogueira\OneDrive - mppi.mp.br\CLC\01_Processos_e_Aquisicoes\Base de Conhecimento - Thiago\02_Jurisprudencia_e_Orientacoes\MJRs_MPPI\Manifestação Jurídico Referencial - MJR - n92 - 2024.pdf"
"PDF_SEM_MD","mestra\02_Jurisprudencia_e_Orientacoes\MJRs_MPPI","MJR 56 - Pedido de Substituição de Marca.pdf","","","14611","C:\Users\thiagonogueira\OneDrive - mppi.mp.br\CLC\01_Processos_e_Aquisicoes\Base de Conhecimento - Thiago\02_Jurisprudencia_e_Orientacoes\MJRs_MPPI\MJR 56 - Pedido de Substituição de Marca.pdf"
"PDF_SEM_MD","mestra\02_Jurisprudencia_e_Orientacoes\MJRs_MPPI","MJR n56 - 2025 - Substituição de Marca.pdf","","","111","C:\Users\thiagonogueira\OneDrive - mppi.mp.br\CLC\01_Processos_e_Aquisicoes\Base de Conhecimento - Thiago\02_Jurisprudencia_e_Orientacoes\MJRs_MPPI\MJR n56 - 2025 - Substituição de Marca.pdf"
"PDF_SEM_MD","mestra\03_Modelos_e_Minutas\Modelos_MPPI_CLC","TAPP DIMPLANC 006_2024-0 (CMAD) - Lavagem a seco de togas.pdf","","","1468","C:\Users\thiagonogueira\OneDrive - mppi.mp.br\CLC\01_Processos_e_Aquisicoes\Base de Conhecimento - Thiago\03_Modelos_e_Minutas\Modelos_MPPI_CLC\TAPP DIMPLANC 006_2024-0 (CMAD) - Lavagem a seco de togas.pdf"
"PDF_SEM_MD","mestra\03_Modelos_e_Minutas\Modelos_SEAD_PI","CARTILHA-DE-MENSAGENS-PADRONIZADAS-PARA-AGENTE-DE-CONTRATACAO.pdf","","","10831","C:\Users\thiagonogueira\OneDrive - mppi.mp.br\CLC\01_Processos_e_Aquisicoes\Base de Conhecimento - Thiago\03_Modelos_e_Minutas\Modelos_SEAD_PI\CARTILHA-DE-MENSAGENS-PADRONIZADAS-PARA-AGENTE-DE-CONTRATACAO.pdf"
"PDF_SEM_MD","mestra\04_Sistemas_e_Catalogos\Manuais_Sistemas_Oficiais","Compras.gov.br - Tutorial de eventos de anulação, suspensão e revogação.pdf","","","7232","C:\Users\thiagonogueira\OneDrive - mppi.mp.br\CLC\01_Processos_e_Aquisicoes\Base de Conhecimento - Thiago\04_Sistemas_e_Catalogos\Manuais_Sistemas_Oficiais\Compras.gov.br - Tutorial de eventos de anulação, suspensão e revogação.pdf"
"PDF_SEM_MD","mestra\04_Sistemas_e_Catalogos\Manuais_Sistemas_Oficiais","Compras.gov.br – Eventos de alteração em procedimento auxiliar de credenciamento - mar-2025.pdf","","","5240","C:\Users\thiagonogueira\OneDrive - mppi.mp.br\CLC\01_Processos_e_Aquisicoes\Base de Conhecimento - Thiago\04_Sistemas_e_Catalogos\Manuais_Sistemas_Oficiais\Compras.gov.br – Eventos de alteração em procedimento auxiliar de credenciamento - mar-2025.pdf"
"PDF_SEM_MD","mestra\04_Sistemas_e_Catalogos\Manuais_Sistemas_Oficiais","Compras.gov.br – Novo divulgação de contratações - Evento de alteração - abr-2024.pdf","","","10075","C:\Users\thiagonogueira\OneDrive - mppi.mp.br\CLC\01_Processos_e_Aquisicoes\Base de Conhecimento - Thiago\04_Sistemas_e_Catalogos\Manuais_Sistemas_Oficiais\Compras.gov.br – Novo divulgação de contratações - Evento de alteração - abr-2024.pdf"
"PDF_SEM_MD","mestra\04_Sistemas_e_Catalogos\Manuais_Sistemas_Oficiais","Compras.gov.br – Tutorial compras executivo (jan-2026).pdf","","","3102","C:\Users\thiagonogueira\OneDrive - mppi.mp.br\CLC\01_Processos_e_Aquisicoes\Base de Conhecimento - Thiago\04_Sistemas_e_Catalogos\Manuais_Sistemas_Oficiais\Compras.gov.br – Tutorial compras executivo (jan-2026).pdf"
"PDF_SEM_MD","mestra\04_Sistemas_e_Catalogos\Manuais_Sistemas_Oficiais","Compras.gov.br – Tutorial de como copiar e compartilhar cotações  no Pesquisa de Preço.pdf","","","4183","C:\Users\thiagonogueira\OneDrive - mppi.mp.br\CLC\01_Processos_e_Aquisicoes\Base de Conhecimento - Thiago\04_Sistemas_e_Catalogos\Manuais_Sistemas_Oficiais\Compras.gov.br – Tutorial de como copiar e compartilhar cotações  no Pesquisa de Preço.pdf"
"PDF_SEM_MD","mestra\04_Sistemas_e_Catalogos\Manuais_Sistemas_Oficiais","Compras.gov.br – Tutorial de como criar matriz de riscos.pdf","","","25545","C:\Users\thiagonogueira\OneDrive - mppi.mp.br\CLC\01_Processos_e_Aquisicoes\Base de Conhecimento - Thiago\04_Sistemas_e_Catalogos\Manuais_Sistemas_Oficiais\Compras.gov.br – Tutorial de como criar matriz de riscos.pdf"
"PDF_SEM_MD","mestra\04_Sistemas_e_Catalogos\Manuais_Sistemas_Oficiais","Compras.gov.br – Tutorial de como publicar dispensas com disputa no Novo DC.pdf","","","12773","C:\Users\thiagonogueira\OneDrive - mppi.mp.br\CLC\01_Processos_e_Aquisicoes\Base de Conhecimento - Thiago\04_Sistemas_e_Catalogos\Manuais_Sistemas_Oficiais\Compras.gov.br – Tutorial de como publicar dispensas com disputa no Novo DC.pdf"
"PDF_SEM_MD","mestra\04_Sistemas_e_Catalogos\Manuais_Sistemas_Oficiais","Compras.gov.br – Tutorial de como publicar dispensas sem disputa e inexibilidades no Novo DC.pdf","","","4728","C:\Users\thiagonogueira\OneDrive - mppi.mp.br\CLC\01_Processos_e_Aquisicoes\Base de Conhecimento - Thiago\04_Sistemas_e_Catalogos\Manuais_Sistemas_Oficiais\Compras.gov.br – Tutorial de como publicar dispensas sem disputa e inexibilidades no Novo DC.pdf"
"PDF_SEM_MD","mestra\04_Sistemas_e_Catalogos\Manuais_Sistemas_Oficiais","Compras.gov.br – Tutorial de publicação de dispensa eletrônicas e inexibilidades da medida provisória n° 1.22.pdf","","","30312","C:\Users\thiagonogueira\OneDrive - mppi.mp.br\CLC\01_Processos_e_Aquisicoes\Base de Conhecimento - Thiago\04_Sistemas_e_Catalogos\Manuais_Sistemas_Oficiais\Compras.gov.br – Tutorial de publicação de dispensa eletrônicas e inexibilidades da medida provisória n° 1.22.pdf"
"PDF_SEM_MD","mestra\04_Sistemas_e_Catalogos\Manuais_Sistemas_Oficiais","Compras.gov.br – Tutorial para critério de julgamento, melhor técnica ou conteúdo artístico - jun-2024.pdf","","","7980","C:\Users\thiagonogueira\OneDrive - mppi.mp.br\CLC\01_Processos_e_Aquisicoes\Base de Conhecimento - Thiago\04_Sistemas_e_Catalogos\Manuais_Sistemas_Oficiais\Compras.gov.br – Tutorial para critério de julgamento, melhor técnica ou conteúdo artístico - jun-2024.pdf"
"PDF_SEM_MD","mestra\04_Sistemas_e_Catalogos\Manuais_Sistemas_Oficiais","Ministério da gestão – Manual do usuário - API de dados abertos do Compras.gov.br - Fev-2026.pdf","","","1330","C:\Users\thiagonogueira\OneDrive - mppi.mp.br\CLC\01_Processos_e_Aquisicoes\Base de Conhecimento - Thiago\04_Sistemas_e_Catalogos\Manuais_Sistemas_Oficiais\Ministério da gestão – Manual do usuário - API de dados abertos do Compras.gov.br - Fev-2026.pdf"
"PDF_SEM_MD","mestra\04_Sistemas_e_Catalogos\Manuais_Sistemas_Oficiais","TJMA - checklist_dispensa_eletronica_24_10_2023_19_20_10.pdf","","","82","C:\Users\thiagonogueira\OneDrive - mppi.mp.br\CLC\01_Processos_e_Aquisicoes\Base de Conhecimento - Thiago\04_Sistemas_e_Catalogos\Manuais_Sistemas_Oficiais\TJMA - checklist_dispensa_eletronica_24_10_2023_19_20_10.pdf"
"PDF_SEM_MD","mestra\04_Sistemas_e_Catalogos\Manuais_Sistemas_Oficiais\Banco_de_Precos","Manual - BPPlus.pdf","","","12908","C:\Users\thiagonogueira\OneDrive - mppi.mp.br\CLC\01_Processos_e_Aquisicoes\Base de Conhecimento - Thiago\04_Sistemas_e_Catalogos\Manuais_Sistemas_Oficiais\Banco_de_Precos\Manual - BPPlus.pdf"
"PDF_SEM_MD","mestra\04_Sistemas_e_Catalogos\Manuais_Sistemas_Oficiais\Banco_de_Precos","Passo a Passo - Como Convidar Fornecedores + LOG + TR.pdf","","","575","C:\Users\thiagonogueira\OneDrive - mppi.mp.br\CLC\01_Processos_e_Aquisicoes\Base de Conhecimento - Thiago\04_Sistemas_e_Catalogos\Manuais_Sistemas_Oficiais\Banco_de_Precos\Passo a Passo - Como Convidar Fornecedores + LOG + TR.pdf"
"PDF_SEM_MD","mestra\04_Sistemas_e_Catalogos\Manuais_Sistemas_Oficiais\Banco_de_Precos","Passo a Passo - Cotação Nova e Rápida (+lotes) (Plus).pdf","","","599","C:\Users\thiagonogueira\OneDrive - mppi.mp.br\CLC\01_Processos_e_Aquisicoes\Base de Conhecimento - Thiago\04_Sistemas_e_Catalogos\Manuais_Sistemas_Oficiais\Banco_de_Precos\Passo a Passo - Cotação Nova e Rápida (+lotes) (Plus).pdf"
"PDF_SEM_MD","mestra\04_Sistemas_e_Catalogos\Manuais_Sistemas_Oficiais\Banco_de_Precos","Passo a Passo - Cotação Nova e Rápida (Standard).pdf","","","445","C:\Users\thiagonogueira\OneDrive - mppi.mp.br\CLC\01_Processos_e_Aquisicoes\Base de Conhecimento - Thiago\04_Sistemas_e_Catalogos\Manuais_Sistemas_Oficiais\Banco_de_Precos\Passo a Passo - Cotação Nova e Rápida (Standard).pdf"
"PDF_SEM_MD","mestra\04_Sistemas_e_Catalogos\Orcamento_LOA_2026","loa-2026-anexo-i-demonstrativos-consolidados.pdf","","","3535","C:\Users\thiagonogueira\OneDrive - mppi.mp.br\CLC\01_Processos_e_Aquisicoes\Base de Conhecimento - Thiago\04_Sistemas_e_Catalogos\Orcamento_LOA_2026\loa-2026-anexo-i-demonstrativos-consolidados.pdf"
"PDF_SEM_MD","mestra\04_Sistemas_e_Catalogos\Orcamento_LOA_2026","loa-2026-anexo-ii-receitas.pdf","","","1506","C:\Users\thiagonogueira\OneDrive - mppi.mp.br\CLC\01_Processos_e_Aquisicoes\Base de Conhecimento - Thiago\04_Sistemas_e_Catalogos\Orcamento_LOA_2026\loa-2026-anexo-ii-receitas.pdf"
"PDF_SEM_MD","mestra\04_Sistemas_e_Catalogos\Orcamento_LOA_2026","loa-2026-anexo-iii-despesa.pdf","","","2002","C:\Users\thiagonogueira\OneDrive - mppi.mp.br\CLC\01_Processos_e_Aquisicoes\Base de Conhecimento - Thiago\04_Sistemas_e_Catalogos\Orcamento_LOA_2026\loa-2026-anexo-iii-despesa.pdf"
"PDF_SEM_MD","mestra\04_Sistemas_e_Catalogos\Orcamento_LOA_2026","loa-2026-anexo-iv-despesa-por-poderes.pdf","","","10857","C:\Users\thiagonogueira\OneDrive - mppi.mp.br\CLC\01_Processos_e_Aquisicoes\Base de Conhecimento - Thiago\04_Sistemas_e_Catalogos\Orcamento_LOA_2026\loa-2026-anexo-iv-despesa-por-poderes.pdf"
"PDF_SEM_MD","mestra\04_Sistemas_e_Catalogos\Orcamento_LOA_2026","loa-2026-anexo-vi-demonstrativo-das-unidades-gestoras.pdf","","","438","C:\Users\thiagonogueira\OneDrive - mppi.mp.br\CLC\01_Processos_e_Aquisicoes\Base de Conhecimento - Thiago\04_Sistemas_e_Catalogos\Orcamento_LOA_2026\loa-2026-anexo-vi-demonstrativo-das-unidades-gestoras.pdf"
"PDF_SEM_MD","mestra\04_Sistemas_e_Catalogos\Orcamento_LOA_2026","loa-2026-anexo-vii-demostrativo-das-despesas-primarias.pdf","","","226","C:\Users\thiagonogueira\OneDrive - mppi.mp.br\CLC\01_Processos_e_Aquisicoes\Base de Conhecimento - Thiago\04_Sistemas_e_Catalogos\Orcamento_LOA_2026\loa-2026-anexo-vii-demostrativo-das-despesas-primarias.pdf"
"PDF_SEM_MD","mestra\04_Sistemas_e_Catalogos\Orcamento_LOA_2026","loa-2026-anexo-viii-demonstrativo-do-marco-orcamentario.pdf","","","2768","C:\Users\thiagonogueira\OneDrive - mppi.mp.br\CLC\01_Processos_e_Aquisicoes\Base de Conhecimento - Thiago\04_Sistemas_e_Catalogos\Orcamento_LOA_2026\loa-2026-anexo-viii-demonstrativo-do-marco-orcamentario.pdf"
"PDF_SEM_MD","mestra\04_Sistemas_e_Catalogos\Orcamento_LOA_2026","loa-2026-emendas-parlamentares.pdf","","","1567","C:\Users\thiagonogueira\OneDrive - mppi.mp.br\CLC\01_Processos_e_Aquisicoes\Base de Conhecimento - Thiago\04_Sistemas_e_Catalogos\Orcamento_LOA_2026\loa-2026-emendas-parlamentares.pdf"
"PDF_SEM_MD","mestra\04_Sistemas_e_Catalogos\Orcamento_LOA_2026","loa-2026-lei-8.914.2025.pdf","","","1273","C:\Users\thiagonogueira\OneDrive - mppi.mp.br\CLC\01_Processos_e_Aquisicoes\Base de Conhecimento - Thiago\04_Sistemas_e_Catalogos\Orcamento_LOA_2026\loa-2026-lei-8.914.2025.pdf"
"PDF_SEM_MD","mestra\04_Sistemas_e_Catalogos\Orcamento_LOA_2026","loa-anexo-v-despesa-empresas-estatais.pdf","","","430","C:\Users\thiagonogueira\OneDrive - mppi.mp.br\CLC\01_Processos_e_Aquisicoes\Base de Conhecimento - Thiago\04_Sistemas_e_Catalogos\Orcamento_LOA_2026\loa-anexo-v-despesa-empresas-estatais.pdf"
"PDF_SEM_MD","mestra\04_Sistemas_e_Catalogos\Orcamento_LOA_2026","qdd-2026-executivo.pdf","","","4523","C:\Users\thiagonogueira\OneDrive - mppi.mp.br\CLC\01_Processos_e_Aquisicoes\Base de Conhecimento - Thiago\04_Sistemas_e_Catalogos\Orcamento_LOA_2026\qdd-2026-executivo.pdf"
"PDF_SEM_MD","mestra\04_Sistemas_e_Catalogos\Orcamento_LOA_2026","qdd-2026-judiciario.pdf","","","341","C:\Users\thiagonogueira\OneDrive - mppi.mp.br\CLC\01_Processos_e_Aquisicoes\Base de Conhecimento - Thiago\04_Sistemas_e_Catalogos\Orcamento_LOA_2026\qdd-2026-judiciario.pdf"
"PDF_SEM_MD","mestra\04_Sistemas_e_Catalogos\Orcamento_LOA_2026","qdd-2026-legislativo.pdf","","","339","C:\Users\thiagonogueira\OneDrive - mppi.mp.br\CLC\01_Processos_e_Aquisicoes\Base de Conhecimento - Thiago\04_Sistemas_e_Catalogos\Orcamento_LOA_2026\qdd-2026-legislativo.pdf"
"PDF_SEM_MD","mestra\04_Sistemas_e_Catalogos\Orcamento_LOA_2026","qdd-2026-mp.pdf","","","286","C:\Users\thiagonogueira\OneDrive - mppi.mp.br\CLC\01_Processos_e_Aquisicoes\Base de Conhecimento - Thiago\04_Sistemas_e_Catalogos\Orcamento_LOA_2026\qdd-2026-mp.pdf"
"PDF_SEM_MD","mestra\05_Doutrina_e_Biblioteca\Biblioteca_Manuais_e_Cursos","Apresentação - Contratação Direta - GOVSP.pdf","","","3117","C:\Users\thiagonogueira\OneDrive - mppi.mp.br\CLC\01_Processos_e_Aquisicoes\Base de Conhecimento - Thiago\05_Doutrina_e_Biblioteca\Biblioteca_Manuais_e_Cursos\Apresentação - Contratação Direta - GOVSP.pdf"
"PDF_SEM_MD","mestra\05_Doutrina_e_Biblioteca\Biblioteca_Manuais_e_Cursos","Apresentação - Da Especificação do Objeto ao Orçamento Estimado.pdf","","","3111","C:\Users\thiagonogueira\OneDrive - mppi.mp.br\CLC\01_Processos_e_Aquisicoes\Base de Conhecimento - Thiago\05_Doutrina_e_Biblioteca\Biblioteca_Manuais_e_Cursos\Apresentação - Da Especificação do Objeto ao Orçamento Estimado.pdf"
"PDF_SEM_MD","mestra\05_Doutrina_e_Biblioteca\Biblioteca_Manuais_e_Cursos","Cartilha - Acesso a Informação - Atricon.pdf","","","10165","C:\Users\thiagonogueira\OneDrive - mppi.mp.br\CLC\01_Processos_e_Aquisicoes\Base de Conhecimento - Thiago\05_Doutrina_e_Biblioteca\Biblioteca_Manuais_e_Cursos\Cartilha - Acesso a Informação - Atricon.pdf"
"PAR_MESMA_PASTA","mestra\05_Doutrina_e_Biblioteca\Biblioteca_Manuais_e_Cursos","Cartilha de Retencoes Tributarias nos Contratos e Convenios - SEFAZ-PI.pdf","Cartilha de Retencoes Tributarias nos Contratos e Convenios - SEFAZ-PI.md","mestra\05_Doutrina_e_Biblioteca\Biblioteca_Manuais_e_Cursos","2560","C:\Users\thiagonogueira\OneDrive - mppi.mp.br\CLC\01_Processos_e_Aquisicoes\Base de Conhecimento - Thiago\05_Doutrina_e_Biblioteca\Biblioteca_Manuais_e_Cursos\Cartilha de Retencoes Tributarias nos Contratos e Convenios - SEFAZ-PI.pdf"
"PAR_MESMA_PASTA","mestra\05_Doutrina_e_Biblioteca\Biblioteca_Manuais_e_Cursos","Cartilha do Fiscal de Contratos - TCE-PI.pdf","Cartilha do Fiscal de Contratos - TCE-PI.md","mestra\05_Doutrina_e_Biblioteca\Biblioteca_Manuais_e_Cursos","2418","C:\Users\thiagonogueira\OneDrive - mppi.mp.br\CLC\01_Processos_e_Aquisicoes\Base de Conhecimento - Thiago\05_Doutrina_e_Biblioteca\Biblioteca_Manuais_e_Cursos\Cartilha do Fiscal de Contratos - TCE-PI.pdf"
"PDF_SEM_MD","mestra\05_Doutrina_e_Biblioteca\Biblioteca_Manuais_e_Cursos","Cartilha Portal da Transparencia TCE.pdf","","","30842","C:\Users\thiagonogueira\OneDrive - mppi.mp.br\CLC\01_Processos_e_Aquisicoes\Base de Conhecimento - Thiago\05_Doutrina_e_Biblioteca\Biblioteca_Manuais_e_Cursos\Cartilha Portal da Transparencia TCE.pdf"
"PDF_SEM_MD","mestra\05_Doutrina_e_Biblioteca\Biblioteca_Manuais_e_Cursos","Cartilha_Minuta_do_IPPC_Engenharia_16_11_23_14h_Visualizao.pdf","","","5085","C:\Users\thiagonogueira\OneDrive - mppi.mp.br\CLC\01_Processos_e_Aquisicoes\Base de Conhecimento - Thiago\05_Doutrina_e_Biblioteca\Biblioteca_Manuais_e_Cursos\Cartilha_Minuta_do_IPPC_Engenharia_16_11_23_14h_Visualizao.pdf"
"PDF_SEM_MD","mestra\05_Doutrina_e_Biblioteca\Biblioteca_Manuais_e_Cursos","Compras_publicas_para_inovacao_no_Brasil.pdf","","","7341","C:\Users\thiagonogueira\OneDrive - mppi.mp.br\CLC\01_Processos_e_Aquisicoes\Base de Conhecimento - Thiago\05_Doutrina_e_Biblioteca\Biblioteca_Manuais_e_Cursos\Compras_publicas_para_inovacao_no_Brasil.pdf"
"PDF_SEM_MD","mestra\05_Doutrina_e_Biblioteca\Biblioteca_Manuais_e_Cursos","Conselho Superior da Justiça do Trabalho – Guia de Contratações Sustentáveis da Justiça do Trabalho (4ª ediçã.pdf","","","8529","C:\Users\thiagonogueira\OneDrive - mppi.mp.br\CLC\01_Processos_e_Aquisicoes\Base de Conhecimento - Thiago\05_Doutrina_e_Biblioteca\Biblioteca_Manuais_e_Cursos\Conselho Superior da Justiça do Trabalho – Guia de Contratações Sustentáveis da Justiça do Trabalho (4ª ediçã.pdf"
"PDF_SEM_MD","mestra\05_Doutrina_e_Biblioteca\Biblioteca_Manuais_e_Cursos","Curso Banco de Preços - Pesquisa de Preços.pdf","","","8163","C:\Users\thiagonogueira\OneDrive - mppi.mp.br\CLC\01_Processos_e_Aquisicoes\Base de Conhecimento - Thiago\05_Doutrina_e_Biblioteca\Biblioteca_Manuais_e_Cursos\Curso Banco de Preços - Pesquisa de Preços.pdf"
"PDF_SEM_MD","mestra\05_Doutrina_e_Biblioteca\Biblioteca_Manuais_e_Cursos","Estudo_Tematico_Agosto_2025____II.pdf","","","8206","C:\Users\thiagonogueira\OneDrive - mppi.mp.br\CLC\01_Processos_e_Aquisicoes\Base de Conhecimento - Thiago\05_Doutrina_e_Biblioteca\Biblioteca_Manuais_e_Cursos\Estudo_Tematico_Agosto_2025____II.pdf"
"PDF_SEM_MD","mestra\05_Doutrina_e_Biblioteca\Biblioteca_Manuais_e_Cursos","guia-de-contratacoes-sustentaveis-set-2023.pdf","","","4343","C:\Users\thiagonogueira\OneDrive - mppi.mp.br\CLC\01_Processos_e_Aquisicoes\Base de Conhecimento - Thiago\05_Doutrina_e_Biblioteca\Biblioteca_Manuais_e_Cursos\guia-de-contratacoes-sustentaveis-set-2023.pdf"
"PDF_SEM_MD","mestra\05_Doutrina_e_Biblioteca\Biblioteca_Manuais_e_Cursos","GUIANACIONALDECONTRATACOESSUSTENTAVEIS2024.pdf","","","2873","C:\Users\thiagonogueira\OneDrive - mppi.mp.br\CLC\01_Processos_e_Aquisicoes\Base de Conhecimento - Thiago\05_Doutrina_e_Biblioteca\Biblioteca_Manuais_e_Cursos\GUIANACIONALDECONTRATACOESSUSTENTAVEIS2024.pdf"
"PDF_SEM_MD","mestra\05_Doutrina_e_Biblioteca\Biblioteca_Manuais_e_Cursos","instrumento-de-padronizacao-dos-procedimentos.pdf","","","13708","C:\Users\thiagonogueira\OneDrive - mppi.mp.br\CLC\01_Processos_e_Aquisicoes\Base de Conhecimento - Thiago\05_Doutrina_e_Biblioteca\Biblioteca_Manuais_e_Cursos\instrumento-de-padronizacao-dos-procedimentos.pdf"
"PDF_SEM_MD","mestra\05_Doutrina_e_Biblioteca\Biblioteca_Manuais_e_Cursos","Instrumento_de_Padronizao_AGU_TIC_Digital_reduzido.pdf","","","11346","C:\Users\thiagonogueira\OneDrive - mppi.mp.br\CLC\01_Processos_e_Aquisicoes\Base de Conhecimento - Thiago\05_Doutrina_e_Biblioteca\Biblioteca_Manuais_e_Cursos\Instrumento_de_Padronizao_AGU_TIC_Digital_reduzido.pdf"
"PDF_SEM_MD","mestra\05_Doutrina_e_Biblioteca\Biblioteca_Manuais_e_Cursos","Jornada de Compras Publicas de Inovacao.pdf","","","3800","C:\Users\thiagonogueira\OneDrive - mppi.mp.br\CLC\01_Processos_e_Aquisicoes\Base de Conhecimento - Thiago\05_Doutrina_e_Biblioteca\Biblioteca_Manuais_e_Cursos\Jornada de Compras Publicas de Inovacao.pdf"
"PDF_SEM_MD","mestra\05_Doutrina_e_Biblioteca\Biblioteca_Manuais_e_Cursos","Licitacoes e Contratos - Orientacoes e Jurisprudencia do TCU - 5a Edicao.pdf","","","34427","C:\Users\thiagonogueira\OneDrive - mppi.mp.br\CLC\01_Processos_e_Aquisicoes\Base de Conhecimento - Thiago\05_Doutrina_e_Biblioteca\Biblioteca_Manuais_e_Cursos\Licitacoes e Contratos - Orientacoes e Jurisprudencia do TCU - 5a Edicao.pdf"
"PDF_SEM_MD","mestra\05_Doutrina_e_Biblioteca\Biblioteca_Manuais_e_Cursos","Licitações e contratos.pdf","","","2492","C:\Users\thiagonogueira\OneDrive - mppi.mp.br\CLC\01_Processos_e_Aquisicoes\Base de Conhecimento - Thiago\05_Doutrina_e_Biblioteca\Biblioteca_Manuais_e_Cursos\Licitações e contratos.pdf"
"PDF_SEM_MD","mestra\05_Doutrina_e_Biblioteca\Biblioteca_Manuais_e_Cursos","Livro - Compras_publicas_para_inovacao_no_Brasil.pdf","","","7341","C:\Users\thiagonogueira\OneDrive - mppi.mp.br\CLC\01_Processos_e_Aquisicoes\Base de Conhecimento - Thiago\05_Doutrina_e_Biblioteca\Biblioteca_Manuais_e_Cursos\Livro - Compras_publicas_para_inovacao_no_Brasil.pdf"
"PDF_SEM_MD","mestra\05_Doutrina_e_Biblioteca\Biblioteca_Manuais_e_Cursos","Livro - ELABORAÇÃO DE ETP E TR EFICIENTES COM O CHATGPT EM CONTRATAÇÕES PÚBLICAS.pdf","","","8421","C:\Users\thiagonogueira\OneDrive - mppi.mp.br\CLC\01_Processos_e_Aquisicoes\Base de Conhecimento - Thiago\05_Doutrina_e_Biblioteca\Biblioteca_Manuais_e_Cursos\Livro - ELABORAÇÃO DE ETP E TR EFICIENTES COM O CHATGPT EM CONTRATAÇÕES PÚBLICAS.pdf"
"PDF_SEM_MD","mestra\05_Doutrina_e_Biblioteca\Biblioteca_Manuais_e_Cursos","Livro - NLLC Esquematizada.pdf","","","7497","C:\Users\thiagonogueira\OneDrive - mppi.mp.br\CLC\01_Processos_e_Aquisicoes\Base de Conhecimento - Thiago\05_Doutrina_e_Biblioteca\Biblioteca_Manuais_e_Cursos\Livro - NLLC Esquematizada.pdf"
"PDF_SEM_MD","mestra\05_Doutrina_e_Biblioteca\Biblioteca_Manuais_e_Cursos","Manual - Manual de Planejamento da Contratação-SEMA_PMT-2023.pdf","","","25010","C:\Users\thiagonogueira\OneDrive - mppi.mp.br\CLC\01_Processos_e_Aquisicoes\Base de Conhecimento - Thiago\05_Doutrina_e_Biblioteca\Biblioteca_Manuais_e_Cursos\Manual - Manual de Planejamento da Contratação-SEMA_PMT-2023.pdf"
"PDF_SEM_MD","mestra\05_Doutrina_e_Biblioteca\Biblioteca_Manuais_e_Cursos","Manual de Contratação de TIC sob a Ótica da Nova L.pdf","","","3904","C:\Users\thiagonogueira\OneDrive - mppi.mp.br\CLC\01_Processos_e_Aquisicoes\Base de Conhecimento - Thiago\05_Doutrina_e_Biblioteca\Biblioteca_Manuais_e_Cursos\Manual de Contratação de TIC sob a Ótica da Nova L.pdf"
"PAR_MESMA_PASTA","mestra\05_Doutrina_e_Biblioteca\Biblioteca_Manuais_e_Cursos","Manual de Padronizacao de Decisoes e Termos - TCE-PI 2025.pdf","Manual de Padronizacao de Decisoes e Termos - TCE-PI 2025.md","mestra\05_Doutrina_e_Biblioteca\Biblioteca_Manuais_e_Cursos","1481","C:\Users\thiagonogueira\OneDrive - mppi.mp.br\CLC\01_Processos_e_Aquisicoes\Base de Conhecimento - Thiago\05_Doutrina_e_Biblioteca\Biblioteca_Manuais_e_Cursos\Manual de Padronizacao de Decisoes e Termos - TCE-PI 2025.pdf"
"PDF_SEM_MD","mestra\05_Doutrina_e_Biblioteca\Biblioteca_Manuais_e_Cursos","Manual do Contratos.gov.br (abr-2026) (V. 1.39.0).pdf","","","24051","C:\Users\thiagonogueira\OneDrive - mppi.mp.br\CLC\01_Processos_e_Aquisicoes\Base de Conhecimento - Thiago\05_Doutrina_e_Biblioteca\Biblioteca_Manuais_e_Cursos\Manual do Contratos.gov.br (abr-2026) (V. 1.39.0).pdf"
"PDF_SEM_MD","mestra\05_Doutrina_e_Biblioteca\Biblioteca_Manuais_e_Cursos","Manual MROSC – Do Planejamento à Prestação de Contas – Implementação do marco regulatório das OSC no Governo.pdf","","","1725","C:\Users\thiagonogueira\OneDrive - mppi.mp.br\CLC\01_Processos_e_Aquisicoes\Base de Conhecimento - Thiago\05_Doutrina_e_Biblioteca\Biblioteca_Manuais_e_Cursos\Manual MROSC – Do Planejamento à Prestação de Contas – Implementação do marco regulatório das OSC no Governo.pdf"
"PDF_SEM_MD","mestra\05_Doutrina_e_Biblioteca\Biblioteca_Manuais_e_Cursos","Manual TCU - 2016.pdf","","","27500","C:\Users\thiagonogueira\OneDrive - mppi.mp.br\CLC\01_Processos_e_Aquisicoes\Base de Conhecimento - Thiago\05_Doutrina_e_Biblioteca\Biblioteca_Manuais_e_Cursos\Manual TCU - 2016.pdf"
"PDF_SEM_MD","mestra\05_Doutrina_e_Biblioteca\Biblioteca_Manuais_e_Cursos","manual-comprasgovbr-contratos.pdf","","","24051","C:\Users\thiagonogueira\OneDrive - mppi.mp.br\CLC\01_Processos_e_Aquisicoes\Base de Conhecimento - Thiago\05_Doutrina_e_Biblioteca\Biblioteca_Manuais_e_Cursos\manual-comprasgovbr-contratos.pdf"
"PDF_SEM_MD","mestra\05_Doutrina_e_Biblioteca\Biblioteca_Manuais_e_Cursos","manual-contratos-gov-br-nova-versao.pdf","","","9650","C:\Users\thiagonogueira\OneDrive - mppi.mp.br\CLC\01_Processos_e_Aquisicoes\Base de Conhecimento - Thiago\05_Doutrina_e_Biblioteca\Biblioteca_Manuais_e_Cursos\manual-contratos-gov-br-nova-versao.pdf"
"PDF_SEM_MD","mestra\05_Doutrina_e_Biblioteca\Biblioteca_Manuais_e_Cursos","Manual-do-Portal-da-Transparncia---5-Edio_Final.pdf","","","8793","C:\Users\thiagonogueira\OneDrive - mppi.mp.br\CLC\01_Processos_e_Aquisicoes\Base de Conhecimento - Thiago\05_Doutrina_e_Biblioteca\Biblioteca_Manuais_e_Cursos\Manual-do-Portal-da-Transparncia---5-Edio_Final.pdf"
"PDF_SEM_MD","mestra\05_Doutrina_e_Biblioteca\Biblioteca_Manuais_e_Cursos","Manual_integracao_pncp.pdf","","","7399","C:\Users\thiagonogueira\OneDrive - mppi.mp.br\CLC\01_Processos_e_Aquisicoes\Base de Conhecimento - Thiago\05_Doutrina_e_Biblioteca\Biblioteca_Manuais_e_Cursos\Manual_integracao_pncp.pdf"
"PDF_SEM_MD","mestra\05_Doutrina_e_Biblioteca\Biblioteca_Manuais_e_Cursos","Modelo - Termo de Justificativa de Dispensa sem Disputa.pdf","","","222","C:\Users\thiagonogueira\OneDrive - mppi.mp.br\CLC\01_Processos_e_Aquisicoes\Base de Conhecimento - Thiago\05_Doutrina_e_Biblioteca\Biblioteca_Manuais_e_Cursos\Modelo - Termo de Justificativa de Dispensa sem Disputa.pdf"
"PDF_SEM_MD","mestra\05_Doutrina_e_Biblioteca\Biblioteca_Manuais_e_Cursos","Operacionalização do Sistema - Jamil Manasfi.pdf","","","38304","C:\Users\thiagonogueira\OneDrive - mppi.mp.br\CLC\01_Processos_e_Aquisicoes\Base de Conhecimento - Thiago\05_Doutrina_e_Biblioteca\Biblioteca_Manuais_e_Cursos\Operacionalização do Sistema - Jamil Manasfi.pdf"
"PDF_SEM_MD","mestra\05_Doutrina_e_Biblioteca\Biblioteca_Manuais_e_Cursos","Operacionalização do Sistema - Vanessa Ventura.pdf","","","14078","C:\Users\thiagonogueira\OneDrive - mppi.mp.br\CLC\01_Processos_e_Aquisicoes\Base de Conhecimento - Thiago\05_Doutrina_e_Biblioteca\Biblioteca_Manuais_e_Cursos\Operacionalização do Sistema - Vanessa Ventura.pdf"
"PDF_SEM_MD","mestra\05_Doutrina_e_Biblioteca\Biblioteca_Manuais_e_Cursos","OrientaessobreasEvoluesdaCompraDireta.pdf","","","9078","C:\Users\thiagonogueira\OneDrive - mppi.mp.br\CLC\01_Processos_e_Aquisicoes\Base de Conhecimento - Thiago\05_Doutrina_e_Biblioteca\Biblioteca_Manuais_e_Cursos\OrientaessobreasEvoluesdaCompraDireta.pdf"
"PDF_SEM_MD","mestra\05_Doutrina_e_Biblioteca\Biblioteca_Manuais_e_Cursos","PARECER Nº 00004-2024-CGEST-CGU-AGU.pdf","","","5606","C:\Users\thiagonogueira\OneDrive - mppi.mp.br\CLC\01_Processos_e_Aquisicoes\Base de Conhecimento - Thiago\05_Doutrina_e_Biblioteca\Biblioteca_Manuais_e_Cursos\PARECER Nº 00004-2024-CGEST-CGU-AGU.pdf"
"PDF_SEM_MD","mestra\05_Doutrina_e_Biblioteca\Biblioteca_Manuais_e_Cursos","PassoapassoPGC.pdf","","","7533","C:\Users\thiagonogueira\OneDrive - mppi.mp.br\CLC\01_Processos_e_Aquisicoes\Base de Conhecimento - Thiago\05_Doutrina_e_Biblioteca\Biblioteca_Manuais_e_Cursos\PassoapassoPGC.pdf"
"PDF_SEM_MD","mestra\05_Doutrina_e_Biblioteca\Biblioteca_Manuais_e_Cursos","Pesquisa de Preços Nas contratações Publicas 3.pdf","","","1089","C:\Users\thiagonogueira\OneDrive - mppi.mp.br\CLC\01_Processos_e_Aquisicoes\Base de Conhecimento - Thiago\05_Doutrina_e_Biblioteca\Biblioteca_Manuais_e_Cursos\Pesquisa de Preços Nas contratações Publicas 3.pdf"
"PDF_SEM_MD","mestra\05_Doutrina_e_Biblioteca\Biblioteca_Manuais_e_Cursos","Slides - 50 Erros mais Comuns em Licitações.pdf","","","329","C:\Users\thiagonogueira\OneDrive - mppi.mp.br\CLC\01_Processos_e_Aquisicoes\Base de Conhecimento - Thiago\05_Doutrina_e_Biblioteca\Biblioteca_Manuais_e_Cursos\Slides - 50 Erros mais Comuns em Licitações.pdf"
"PDF_SEM_MD","mestra\05_Doutrina_e_Biblioteca\Biblioteca_Manuais_e_Cursos","Slides - IA Aplicada nas Licitações.pdf","","","31872","C:\Users\thiagonogueira\OneDrive - mppi.mp.br\CLC\01_Processos_e_Aquisicoes\Base de Conhecimento - Thiago\05_Doutrina_e_Biblioteca\Biblioteca_Manuais_e_Cursos\Slides - IA Aplicada nas Licitações.pdf"
"PDF_SEM_MD","mestra\05_Doutrina_e_Biblioteca\Biblioteca_Manuais_e_Cursos","Storytelling com Dados (Cole Nussbaumer Knaflic [Knaflic etc.).pdf","","","9688","C:\Users\thiagonogueira\OneDrive - mppi.mp.br\CLC\01_Processos_e_Aquisicoes\Base de Conhecimento - Thiago\05_Doutrina_e_Biblioteca\Biblioteca_Manuais_e_Cursos\Storytelling com Dados (Cole Nussbaumer Knaflic [Knaflic etc.).pdf"
"PDF_SEM_MD","mestra\05_Doutrina_e_Biblioteca\Biblioteca_Manuais_e_Cursos","TCE-PR – Cartilha de Obras e Serviços de Engenharia- estudo técnico preliminar.pdf","","","4010","C:\Users\thiagonogueira\OneDrive - mppi.mp.br\CLC\01_Processos_e_Aquisicoes\Base de Conhecimento - Thiago\05_Doutrina_e_Biblioteca\Biblioteca_Manuais_e_Cursos\TCE-PR – Cartilha de Obras e Serviços de Engenharia- estudo técnico preliminar.pdf"
"PDF_SEM_MD","mestra\05_Doutrina_e_Biblioteca\Biblioteca_Manuais_e_Cursos","TCU – Transição Energética- guia prático de auditoria para instituições superiores de controle.pdf","","","46350","C:\Users\thiagonogueira\OneDrive - mppi.mp.br\CLC\01_Processos_e_Aquisicoes\Base de Conhecimento - Thiago\05_Doutrina_e_Biblioteca\Biblioteca_Manuais_e_Cursos\TCU – Transição Energética- guia prático de auditoria para instituições superiores de controle.pdf"
"PDF_SEM_MD","mestra\05_Doutrina_e_Biblioteca\Biblioteca_Manuais_e_Cursos","TEMPORÁRIO Manual Contratos Gov.br - Nova Versão - 2.14.0 – set.2026.pdf","","","20855","C:\Users\thiagonogueira\OneDrive - mppi.mp.br\CLC\01_Processos_e_Aquisicoes\Base de Conhecimento - Thiago\05_Doutrina_e_Biblioteca\Biblioteca_Manuais_e_Cursos\TEMPORÁRIO Manual Contratos Gov.br - Nova Versão - 2.14.0 – set.2026.pdf"
"PDF_SEM_MD","mestra\05_Doutrina_e_Biblioteca\Biblioteca_Manuais_e_Cursos","Transcrição.pdf","","","302","C:\Users\thiagonogueira\OneDrive - mppi.mp.br\CLC\01_Processos_e_Aquisicoes\Base de Conhecimento - Thiago\05_Doutrina_e_Biblioteca\Biblioteca_Manuais_e_Cursos\Transcrição.pdf"
"PDF_SEM_MD","mestra\05_Doutrina_e_Biblioteca\Biblioteca_Manuais_e_Cursos","UNIFESPA - Fluxo Descritivo das Contratações Diretas para ações de Desenv. e Capacitação.pdf","","","328","C:\Users\thiagonogueira\OneDrive - mppi.mp.br\CLC\01_Processos_e_Aquisicoes\Base de Conhecimento - Thiago\05_Doutrina_e_Biblioteca\Biblioteca_Manuais_e_Cursos\UNIFESPA - Fluxo Descritivo das Contratações Diretas para ações de Desenv. e Capacitação.pdf"
"PDF_SEM_MD","mestra\05_Doutrina_e_Biblioteca\Biblioteca_Manuais_e_Cursos","Zênite - Apresentação - Curso Habilitação nas Contratações Públicas.pdf","","","7005","C:\Users\thiagonogueira\OneDrive - mppi.mp.br\CLC\01_Processos_e_Aquisicoes\Base de Conhecimento - Thiago\05_Doutrina_e_Biblioteca\Biblioteca_Manuais_e_Cursos\Zênite - Apresentação - Curso Habilitação nas Contratações Públicas.pdf"
"PDF_SEM_MD","mestra\05_Doutrina_e_Biblioteca\Biblioteca_Manuais_e_Cursos","Zênite - Compilado de Leis sobre Licitações e Contratos.pdf","","","9228","C:\Users\thiagonogueira\OneDrive - mppi.mp.br\CLC\01_Processos_e_Aquisicoes\Base de Conhecimento - Thiago\05_Doutrina_e_Biblioteca\Biblioteca_Manuais_e_Cursos\Zênite - Compilado de Leis sobre Licitações e Contratos.pdf"
"PDF_SEM_MD","mestra\05_Doutrina_e_Biblioteca\Biblioteca_Manuais_e_Cursos\Manuais","AGU – Parecer nº 00453-2024 – Renovação de quantitativos em caso de prorrogação da ata de registro de preços.pdf","","","167","C:\Users\thiagonogueira\OneDrive - mppi.mp.br\CLC\01_Processos_e_Aquisicoes\Base de Conhecimento - Thiago\05_Doutrina_e_Biblioteca\Biblioteca_Manuais_e_Cursos\Manuais\AGU – Parecer nº 00453-2024 – Renovação de quantitativos em caso de prorrogação da ata de registro de preços.pdf"
"PDF_SEM_MD","mestra\05_Doutrina_e_Biblioteca\Biblioteca_Manuais_e_Cursos\Manuais","Apostila - CURSO DE CONTRATAÇÃO DIRETA E DISPENSA ELETRÔNICA COM IA - JAMIL - IINEX_ocred.pdf","","","45667","C:\Users\thiagonogueira\OneDrive - mppi.mp.br\CLC\01_Processos_e_Aquisicoes\Base de Conhecimento - Thiago\05_Doutrina_e_Biblioteca\Biblioteca_Manuais_e_Cursos\Manuais\Apostila - CURSO DE CONTRATAÇÃO DIRETA E DISPENSA ELETRÔNICA COM IA - JAMIL - IINEX_ocred.pdf"
"PDF_SEM_MD","mestra\05_Doutrina_e_Biblioteca\Biblioteca_Manuais_e_Cursos\Manuais","Artigo - A existência de prop inferiores de outros profis impede a contratação por inex de not especialista.pdf","","","879","C:\Users\thiagonogueira\OneDrive - mppi.mp.br\CLC\01_Processos_e_Aquisicoes\Base de Conhecimento - Thiago\05_Doutrina_e_Biblioteca\Biblioteca_Manuais_e_Cursos\Manuais\Artigo - A existência de prop inferiores de outros profis impede a contratação por inex de not especialista.pdf"
"PDF_SEM_MD","mestra\05_Doutrina_e_Biblioteca\Biblioteca_Manuais_e_Cursos\Manuais","Artigo - A fase recursal na nova Lei de Licitaçõesuma análise comparativa com as Leis n°8.66693, 10.5202002 e 12.462.pdf","","","628","C:\Users\thiagonogueira\OneDrive - mppi.mp.br\CLC\01_Processos_e_Aquisicoes\Base de Conhecimento - Thiago\05_Doutrina_e_Biblioteca\Biblioteca_Manuais_e_Cursos\Manuais\Artigo - A fase recursal na nova Lei de Licitaçõesuma análise comparativa com as Leis n°8.66693, 10.5202002 e 12.462.pdf"
"PDF_SEM_MD","mestra\05_Doutrina_e_Biblioteca\Biblioteca_Manuais_e_Cursos\Manuais","Artigo - A Pesquisa de Preços Concomitante à Seleção da Proposta na Dispensa Eletrônica..pdf","","","182","C:\Users\thiagonogueira\OneDrive - mppi.mp.br\CLC\01_Processos_e_Aquisicoes\Base de Conhecimento - Thiago\05_Doutrina_e_Biblioteca\Biblioteca_Manuais_e_Cursos\Manuais\Artigo - A Pesquisa de Preços Concomitante à Seleção da Proposta na Dispensa Eletrônica..pdf"
"PDF_SEM_MD","mestra\05_Doutrina_e_Biblioteca\Biblioteca_Manuais_e_Cursos\Manuais","Artigo - As Quatro Formatações da Dispensa por Valor nos Termos da NLLC e as Regulamentações Pertinentes.pdf","","","150","C:\Users\thiagonogueira\OneDrive - mppi.mp.br\CLC\01_Processos_e_Aquisicoes\Base de Conhecimento - Thiago\05_Doutrina_e_Biblioteca\Biblioteca_Manuais_e_Cursos\Manuais\Artigo - As Quatro Formatações da Dispensa por Valor nos Termos da NLLC e as Regulamentações Pertinentes.pdf"
"PDF_SEM_MD","mestra\05_Doutrina_e_Biblioteca\Biblioteca_Manuais_e_Cursos\Manuais","Artigo - Como formalizar a prorrogação da vigência de uma ARP.pdf","","","243","C:\Users\thiagonogueira\OneDrive - mppi.mp.br\CLC\01_Processos_e_Aquisicoes\Base de Conhecimento - Thiago\05_Doutrina_e_Biblioteca\Biblioteca_Manuais_e_Cursos\Manuais\Artigo - Como formalizar a prorrogação da vigência de uma ARP.pdf"
"PDF_SEM_MD","mestra\05_Doutrina_e_Biblioteca\Biblioteca_Manuais_e_Cursos\Manuais","Artigo - Das Impugnações, dos Pedidos de Esclarecimento e dos Recursos nas Dispensas de Licitação.pdf","","","374","C:\Users\thiagonogueira\OneDrive - mppi.mp.br\CLC\01_Processos_e_Aquisicoes\Base de Conhecimento - Thiago\05_Doutrina_e_Biblioteca\Biblioteca_Manuais_e_Cursos\Manuais\Artigo - Das Impugnações, dos Pedidos de Esclarecimento e dos Recursos nas Dispensas de Licitação.pdf"
"PDF_SEM_MD","mestra\05_Doutrina_e_Biblioteca\Biblioteca_Manuais_e_Cursos\Manuais","Artigo - Leonardo Mota - Dispensa de licitação na nova Lei de Licitações e Contratos Administrativos.pdf","","","141","C:\Users\thiagonogueira\OneDrive - mppi.mp.br\CLC\01_Processos_e_Aquisicoes\Base de Conhecimento - Thiago\05_Doutrina_e_Biblioteca\Biblioteca_Manuais_e_Cursos\Manuais\Artigo - Leonardo Mota - Dispensa de licitação na nova Lei de Licitações e Contratos Administrativos.pdf"
"PDF_SEM_MD","mestra\05_Doutrina_e_Biblioteca\Biblioteca_Manuais_e_Cursos\Manuais","Artigo - Sem Singularidade não há Inexigibilidade.pdf","","","143","C:\Users\thiagonogueira\OneDrive - mppi.mp.br\CLC\01_Processos_e_Aquisicoes\Base de Conhecimento - Thiago\05_Doutrina_e_Biblioteca\Biblioteca_Manuais_e_Cursos\Manuais\Artigo - Sem Singularidade não há Inexigibilidade.pdf"
"PDF_SEM_MD","mestra\05_Doutrina_e_Biblioteca\Biblioteca_Manuais_e_Cursos\Manuais","Aspectos gerais da nova lei de licitações e contratos 14.133.21.pdf","","","1164","C:\Users\thiagonogueira\OneDrive - mppi.mp.br\CLC\01_Processos_e_Aquisicoes\Base de Conhecimento - Thiago\05_Doutrina_e_Biblioteca\Biblioteca_Manuais_e_Cursos\Manuais\Aspectos gerais da nova lei de licitações e contratos 14.133.21.pdf"
"PDF_SEM_MD","mestra\05_Doutrina_e_Biblioteca\Biblioteca_Manuais_e_Cursos\Manuais","ATO 008_2024_PGJ - que define os procedimentos administrativos de contratação de bens e serviços no âmbito do MPAM.pdf","","","202","C:\Users\thiagonogueira\OneDrive - mppi.mp.br\CLC\01_Processos_e_Aquisicoes\Base de Conhecimento - Thiago\05_Doutrina_e_Biblioteca\Biblioteca_Manuais_e_Cursos\Manuais\ATO 008_2024_PGJ - que define os procedimentos administrativos de contratação de bens e serviços no âmbito do MPAM.pdf"
"PDF_SEM_MD","mestra\05_Doutrina_e_Biblioteca\Biblioteca_Manuais_e_Cursos\Manuais","Contratos.gov – Manual operacional de gestão e fiscalização contratual.pdf","","","864","C:\Users\thiagonogueira\OneDrive - mppi.mp.br\CLC\01_Processos_e_Aquisicoes\Base de Conhecimento - Thiago\05_Doutrina_e_Biblioteca\Biblioteca_Manuais_e_Cursos\Manuais\Contratos.gov – Manual operacional de gestão e fiscalização contratual.pdf"
"PDF_SEM_MD","mestra\05_Doutrina_e_Biblioteca\Biblioteca_Manuais_e_Cursos\Manuais","Controladoria-Geral da União- Guia referencial para identificação, quantificaçao e mitigação de superfaturame.pdf","","","2229","C:\Users\thiagonogueira\OneDrive - mppi.mp.br\CLC\01_Processos_e_Aquisicoes\Base de Conhecimento - Thiago\05_Doutrina_e_Biblioteca\Biblioteca_Manuais_e_Cursos\Manuais\Controladoria-Geral da União- Guia referencial para identificação, quantificaçao e mitigação de superfaturame.pdf"
"PDF_SEM_MD","mestra\05_Doutrina_e_Biblioteca\Biblioteca_Manuais_e_Cursos\Manuais","Curso Elaboração do Termo de Referência e Pesquisa de Preços nas Contratações Públicas - Parte 01.pdf","","","568","C:\Users\thiagonogueira\OneDrive - mppi.mp.br\CLC\01_Processos_e_Aquisicoes\Base de Conhecimento - Thiago\05_Doutrina_e_Biblioteca\Biblioteca_Manuais_e_Cursos\Manuais\Curso Elaboração do Termo de Referência e Pesquisa de Preços nas Contratações Públicas - Parte 01.pdf"
"PDF_SEM_MD","mestra\05_Doutrina_e_Biblioteca\Biblioteca_Manuais_e_Cursos\Manuais","Curso Elaboração do Termo de Referência e Pesquisa de Preços nas Contratações Públicas - Parte 02.pdf","","","714","C:\Users\thiagonogueira\OneDrive - mppi.mp.br\CLC\01_Processos_e_Aquisicoes\Base de Conhecimento - Thiago\05_Doutrina_e_Biblioteca\Biblioteca_Manuais_e_Cursos\Manuais\Curso Elaboração do Termo de Referência e Pesquisa de Preços nas Contratações Públicas - Parte 02.pdf"
"PDF_SEM_MD","mestra\05_Doutrina_e_Biblioteca\Biblioteca_Manuais_e_Cursos\Manuais","Decreto PMT 24750.2023.pdf","","","291","C:\Users\thiagonogueira\OneDrive - mppi.mp.br\CLC\01_Processos_e_Aquisicoes\Base de Conhecimento - Thiago\05_Doutrina_e_Biblioteca\Biblioteca_Manuais_e_Cursos\Manuais\Decreto PMT 24750.2023.pdf"
"PDF_SEM_MD","mestra\05_Doutrina_e_Biblioteca\Biblioteca_Manuais_e_Cursos\Manuais","Decreto PMT 25530.2024 - Regula-o-procedimento-de-contratacao-direta.pdf","","","324","C:\Users\thiagonogueira\OneDrive - mppi.mp.br\CLC\01_Processos_e_Aquisicoes\Base de Conhecimento - Thiago\05_Doutrina_e_Biblioteca\Biblioteca_Manuais_e_Cursos\Manuais\Decreto PMT 25530.2024 - Regula-o-procedimento-de-contratacao-direta.pdf"
"PDF_SEM_MD","mestra\05_Doutrina_e_Biblioteca\Biblioteca_Manuais_e_Cursos\Manuais","E-BOX 01 - ESTUDO TÉCNICO PRELIMINAR - AQUISIÇÕES - SERVIÇOS EM GERAL.pdf","","","3176","C:\Users\thiagonogueira\OneDrive - mppi.mp.br\CLC\01_Processos_e_Aquisicoes\Base de Conhecimento - Thiago\05_Doutrina_e_Biblioteca\Biblioteca_Manuais_e_Cursos\Manuais\E-BOX 01 - ESTUDO TÉCNICO PRELIMINAR - AQUISIÇÕES - SERVIÇOS EM GERAL.pdf"
"PDF_SEM_MD","mestra\05_Doutrina_e_Biblioteca\Biblioteca_Manuais_e_Cursos\Manuais","E-BOX 02 - ESTUDO TÉCNICO PRELIMINAR - OBRAS E SERVIÇOS DE ENGENHARIA.pdf","","","6435","C:\Users\thiagonogueira\OneDrive - mppi.mp.br\CLC\01_Processos_e_Aquisicoes\Base de Conhecimento - Thiago\05_Doutrina_e_Biblioteca\Biblioteca_Manuais_e_Cursos\Manuais\E-BOX 02 - ESTUDO TÉCNICO PRELIMINAR - OBRAS E SERVIÇOS DE ENGENHARIA.pdf"
"PDF_SEM_MD","mestra\05_Doutrina_e_Biblioteca\Biblioteca_Manuais_e_Cursos\Manuais","E-BOX 03 - ESTUDO TÉCNICO PRELIMINAR TIC.pdf","","","2579","C:\Users\thiagonogueira\OneDrive - mppi.mp.br\CLC\01_Processos_e_Aquisicoes\Base de Conhecimento - Thiago\05_Doutrina_e_Biblioteca\Biblioteca_Manuais_e_Cursos\Manuais\E-BOX 03 - ESTUDO TÉCNICO PRELIMINAR TIC.pdf"
"PDF_SEM_MD","mestra\05_Doutrina_e_Biblioteca\Biblioteca_Manuais_e_Cursos\Manuais","Enap - Caderno de curso Nova lei de licitações - Planejamento e Governança.pdf","","","1237","C:\Users\thiagonogueira\OneDrive - mppi.mp.br\CLC\01_Processos_e_Aquisicoes\Base de Conhecimento - Thiago\05_Doutrina_e_Biblioteca\Biblioteca_Manuais_e_Cursos\Manuais\Enap - Caderno de curso Nova lei de licitações - Planejamento e Governança.pdf"
"PDF_SEM_MD","mestra\05_Doutrina_e_Biblioteca\Biblioteca_Manuais_e_Cursos\Manuais","Estudo Temático do TCE-MG (fev-2025)- Terceirização na Administração Pública - Um levantamento jurisprudencia.pdf","","","5235","C:\Users\thiagonogueira\OneDrive - mppi.mp.br\CLC\01_Processos_e_Aquisicoes\Base de Conhecimento - Thiago\05_Doutrina_e_Biblioteca\Biblioteca_Manuais_e_Cursos\Manuais\Estudo Temático do TCE-MG (fev-2025)- Terceirização na Administração Pública - Um levantamento jurisprudencia.pdf"
"PDF_SEM_MD","mestra\05_Doutrina_e_Biblioteca\Biblioteca_Manuais_e_Cursos\Manuais","estudo_tematico_recuperacao_judicial.pdf","","","7511","C:\Users\thiagonogueira\OneDrive - mppi.mp.br\CLC\01_Processos_e_Aquisicoes\Base de Conhecimento - Thiago\05_Doutrina_e_Biblioteca\Biblioteca_Manuais_e_Cursos\Manuais\estudo_tematico_recuperacao_judicial.pdf"
"PDF_SEM_MD","mestra\05_Doutrina_e_Biblioteca\Biblioteca_Manuais_e_Cursos\Manuais","Federal - Caderno de Logistica - Pesquisa de Preços - 2017.pdf","","","558","C:\Users\thiagonogueira\OneDrive - mppi.mp.br\CLC\01_Processos_e_Aquisicoes\Base de Conhecimento - Thiago\05_Doutrina_e_Biblioteca\Biblioteca_Manuais_e_Cursos\Manuais\Federal - Caderno de Logistica - Pesquisa de Preços - 2017.pdf"
"PDF_SEM_MD","mestra\05_Doutrina_e_Biblioteca\Biblioteca_Manuais_e_Cursos\Manuais","FLUXOGRAMA ATOS PARA A APLICAÇÃO DE SANÇÕES CONTRATUAIS (1) - Copia.pdf","","","187","C:\Users\thiagonogueira\OneDrive - mppi.mp.br\CLC\01_Processos_e_Aquisicoes\Base de Conhecimento - Thiago\05_Doutrina_e_Biblioteca\Biblioteca_Manuais_e_Cursos\Manuais\FLUXOGRAMA ATOS PARA A APLICAÇÃO DE SANÇÕES CONTRATUAIS (1) - Copia.pdf"
"PDF_SEM_MD","mestra\05_Doutrina_e_Biblioteca\Biblioteca_Manuais_e_Cursos\Manuais","Guia Prático de Contratações em Situações de Calamidade Pública da CGU – Conforme a Medida Provisória nº 1.22.pdf","","","601","C:\Users\thiagonogueira\OneDrive - mppi.mp.br\CLC\01_Processos_e_Aquisicoes\Base de Conhecimento - Thiago\05_Doutrina_e_Biblioteca\Biblioteca_Manuais_e_Cursos\Manuais\Guia Prático de Contratações em Situações de Calamidade Pública da CGU – Conforme a Medida Provisória nº 1.22.pdf"
"PDF_SEM_MD","mestra\05_Doutrina_e_Biblioteca\Biblioteca_Manuais_e_Cursos\Manuais","GUIAREEMBOLSOCRECHEAbril_26.pdf","","","3424","C:\Users\thiagonogueira\OneDrive - mppi.mp.br\CLC\01_Processos_e_Aquisicoes\Base de Conhecimento - Thiago\05_Doutrina_e_Biblioteca\Biblioteca_Manuais_e_Cursos\Manuais\GUIAREEMBOLSOCRECHEAbril_26.pdf"
"PDF_SEM_MD","mestra\05_Doutrina_e_Biblioteca\Biblioteca_Manuais_e_Cursos\Manuais","Guia_boas_praticas_contratacoes_publicas_publicidade_4749af44f2.pdf","","","918","C:\Users\thiagonogueira\OneDrive - mppi.mp.br\CLC\01_Processos_e_Aquisicoes\Base de Conhecimento - Thiago\05_Doutrina_e_Biblioteca\Biblioteca_Manuais_e_Cursos\Manuais\Guia_boas_praticas_contratacoes_publicas_publicidade_4749af44f2.pdf"
"PDF_SEM_MD","mestra\05_Doutrina_e_Biblioteca\Biblioteca_Manuais_e_Cursos\Manuais","ia-generativa-no-servico-publico.pdf","","","2670","C:\Users\thiagonogueira\OneDrive - mppi.mp.br\CLC\01_Processos_e_Aquisicoes\Base de Conhecimento - Thiago\05_Doutrina_e_Biblioteca\Biblioteca_Manuais_e_Cursos\Manuais\ia-generativa-no-servico-publico.pdf"
"PDF_SEM_MD","mestra\05_Doutrina_e_Biblioteca\Biblioteca_Manuais_e_Cursos\Manuais","INOVAGOV SC – Guia para Planejamento de Contratações de Inovação no Setor Público.pdf","","","2045","C:\Users\thiagonogueira\OneDrive - mppi.mp.br\CLC\01_Processos_e_Aquisicoes\Base de Conhecimento - Thiago\05_Doutrina_e_Biblioteca\Biblioteca_Manuais_e_Cursos\Manuais\INOVAGOV SC – Guia para Planejamento de Contratações de Inovação no Setor Público.pdf"
"PDF_SEM_MD","mestra\05_Doutrina_e_Biblioteca\Biblioteca_Manuais_e_Cursos\Manuais","Livro - 218187_LV_Compras publicas_Cap03.pdf","","","759","C:\Users\thiagonogueira\OneDrive - mppi.mp.br\CLC\01_Processos_e_Aquisicoes\Base de Conhecimento - Thiago\05_Doutrina_e_Biblioteca\Biblioteca_Manuais_e_Cursos\Manuais\Livro - 218187_LV_Compras publicas_Cap03.pdf"
"PDF_SEM_MD","mestra\05_Doutrina_e_Biblioteca\Biblioteca_Manuais_e_Cursos\Manuais","Livro - Aula 002 - PDFL -  (Capítulo Livro) TIPOLOGIA DE FRAUDES EM LICITAÇÃO.pdf","","","3007","C:\Users\thiagonogueira\OneDrive - mppi.mp.br\CLC\01_Processos_e_Aquisicoes\Base de Conhecimento - Thiago\05_Doutrina_e_Biblioteca\Biblioteca_Manuais_e_Cursos\Manuais\Livro - Aula 002 - PDFL -  (Capítulo Livro) TIPOLOGIA DE FRAUDES EM LICITAÇÃO.pdf"
"PDF_SEM_MD","mestra\05_Doutrina_e_Biblioteca\Biblioteca_Manuais_e_Cursos\Manuais","Manual - Capítulo de Compras Governamentais no Brasil.pdf","","","368","C:\Users\thiagonogueira\OneDrive - mppi.mp.br\CLC\01_Processos_e_Aquisicoes\Base de Conhecimento - Thiago\05_Doutrina_e_Biblioteca\Biblioteca_Manuais_e_Cursos\Manuais\Manual - Capítulo de Compras Governamentais no Brasil.pdf"
"PDF_SEM_MD","mestra\05_Doutrina_e_Biblioteca\Biblioteca_Manuais_e_Cursos\Manuais","Manual - Dispensa Eletrônica - Governo (padrão) (3).pdf","","","6394","C:\Users\thiagonogueira\OneDrive - mppi.mp.br\CLC\01_Processos_e_Aquisicoes\Base de Conhecimento - Thiago\05_Doutrina_e_Biblioteca\Biblioteca_Manuais_e_Cursos\Manuais\Manual - Dispensa Eletrônica - Governo (padrão) (3).pdf"
"PDF_SEM_MD","mestra\05_Doutrina_e_Biblioteca\Biblioteca_Manuais_e_Cursos\Manuais","Manual - Dispensa Eletrônica - Governo (padrão).pdf","","","6428","C:\Users\thiagonogueira\OneDrive - mppi.mp.br\CLC\01_Processos_e_Aquisicoes\Base de Conhecimento - Thiago\05_Doutrina_e_Biblioteca\Biblioteca_Manuais_e_Cursos\Manuais\Manual - Dispensa Eletrônica - Governo (padrão).pdf"
"PDF_SEM_MD","mestra\05_Doutrina_e_Biblioteca\Biblioteca_Manuais_e_Cursos\Manuais","Manual Compras e Licitacoes TRT 2 SP - 2024-2026.pdf","","","2787","C:\Users\thiagonogueira\OneDrive - mppi.mp.br\CLC\01_Processos_e_Aquisicoes\Base de Conhecimento - Thiago\05_Doutrina_e_Biblioteca\Biblioteca_Manuais_e_Cursos\Manuais\Manual Compras e Licitacoes TRT 2 SP - 2024-2026.pdf"
"PDF_SEM_MD","mestra\05_Doutrina_e_Biblioteca\Biblioteca_Manuais_e_Cursos\Manuais","Manual Compras e Licitacoes TRT 2 SP - 2025-2027.pdf","","","1150","C:\Users\thiagonogueira\OneDrive - mppi.mp.br\CLC\01_Processos_e_Aquisicoes\Base de Conhecimento - Thiago\05_Doutrina_e_Biblioteca\Biblioteca_Manuais_e_Cursos\Manuais\Manual Compras e Licitacoes TRT 2 SP - 2025-2027.pdf"
"PDF_SEM_MD","mestra\05_Doutrina_e_Biblioteca\Biblioteca_Manuais_e_Cursos\Manuais","Manual de Compras Baseadas na Relação Custo-Benefício (abr-2025).pdf","","","1195","C:\Users\thiagonogueira\OneDrive - mppi.mp.br\CLC\01_Processos_e_Aquisicoes\Base de Conhecimento - Thiago\05_Doutrina_e_Biblioteca\Biblioteca_Manuais_e_Cursos\Manuais\Manual de Compras Baseadas na Relação Custo-Benefício (abr-2025).pdf"
"PDF_SEM_MD","mestra\05_Doutrina_e_Biblioteca\Biblioteca_Manuais_e_Cursos\Manuais","Manual-de-Mapeamento-e-Melhoria-de-Processos-do-MPPI-1.pdf","","","3404","C:\Users\thiagonogueira\OneDrive - mppi.mp.br\CLC\01_Processos_e_Aquisicoes\Base de Conhecimento - Thiago\05_Doutrina_e_Biblioteca\Biblioteca_Manuais_e_Cursos\Manuais\Manual-de-Mapeamento-e-Melhoria-de-Processos-do-MPPI-1.pdf"
"PDF_SEM_MD","mestra\05_Doutrina_e_Biblioteca\Biblioteca_Manuais_e_Cursos\Manuais","MGIS - Modelo Maturidade de Dado MMD.pdf","","","3197","C:\Users\thiagonogueira\OneDrive - mppi.mp.br\CLC\01_Processos_e_Aquisicoes\Base de Conhecimento - Thiago\05_Doutrina_e_Biblioteca\Biblioteca_Manuais_e_Cursos\Manuais\MGIS - Modelo Maturidade de Dado MMD.pdf"
"PDF_SEM_MD","mestra\05_Doutrina_e_Biblioteca\Biblioteca_Manuais_e_Cursos\Manuais","MPBA - Cadastro no Compras Gov - Dispensas e Inex.pdf","","","793","C:\Users\thiagonogueira\OneDrive - mppi.mp.br\CLC\01_Processos_e_Aquisicoes\Base de Conhecimento - Thiago\05_Doutrina_e_Biblioteca\Biblioteca_Manuais_e_Cursos\Manuais\MPBA - Cadastro no Compras Gov - Dispensas e Inex.pdf"
"PDF_SEM_MD","mestra\05_Doutrina_e_Biblioteca\Biblioteca_Manuais_e_Cursos\Manuais","Nota Técnica 5-2024 (Dispensa Licitação Eletrônica).pdf","","","321","C:\Users\thiagonogueira\OneDrive - mppi.mp.br\CLC\01_Processos_e_Aquisicoes\Base de Conhecimento - Thiago\05_Doutrina_e_Biblioteca\Biblioteca_Manuais_e_Cursos\Manuais\Nota Técnica 5-2024 (Dispensa Licitação Eletrônica).pdf"
"PDF_SEM_MD","mestra\05_Doutrina_e_Biblioteca\Biblioteca_Manuais_e_Cursos\Manuais","NOTA TÉCNICA CONJUNTA ATRICON-IRB Nº 01-2026.pdf","","","482","C:\Users\thiagonogueira\OneDrive - mppi.mp.br\CLC\01_Processos_e_Aquisicoes\Base de Conhecimento - Thiago\05_Doutrina_e_Biblioteca\Biblioteca_Manuais_e_Cursos\Manuais\NOTA TÉCNICA CONJUNTA ATRICON-IRB Nº 01-2026.pdf"
"PDF_SEM_MD","mestra\05_Doutrina_e_Biblioteca\Biblioteca_Manuais_e_Cursos\Manuais","Nota Técnica N° 18_2026 - Leis.org.pdf","","","8810","C:\Users\thiagonogueira\OneDrive - mppi.mp.br\CLC\01_Processos_e_Aquisicoes\Base de Conhecimento - Thiago\05_Doutrina_e_Biblioteca\Biblioteca_Manuais_e_Cursos\Manuais\Nota Técnica N° 18_2026 - Leis.org.pdf"
"PDF_SEM_MD","mestra\05_Doutrina_e_Biblioteca\Biblioteca_Manuais_e_Cursos\Manuais","ORIENTACAO-TECNICA-REEQUILIBRIO-ECONOMICO-FINANCEIRO.pdf","","","355","C:\Users\thiagonogueira\OneDrive - mppi.mp.br\CLC\01_Processos_e_Aquisicoes\Base de Conhecimento - Thiago\05_Doutrina_e_Biblioteca\Biblioteca_Manuais_e_Cursos\Manuais\ORIENTACAO-TECNICA-REEQUILIBRIO-ECONOMICO-FINANCEIRO.pdf"
"PDF_SEM_MD","mestra\05_Doutrina_e_Biblioteca\Biblioteca_Manuais_e_Cursos\Manuais","Palestra - Aplicações e Limitações de Inteligência Artificial no Controle Externo.pdf","","","6146","C:\Users\thiagonogueira\OneDrive - mppi.mp.br\CLC\01_Processos_e_Aquisicoes\Base de Conhecimento - Thiago\05_Doutrina_e_Biblioteca\Biblioteca_Manuais_e_Cursos\Manuais\Palestra - Aplicações e Limitações de Inteligência Artificial no Controle Externo.pdf"
"PDF_SEM_MD","mestra\05_Doutrina_e_Biblioteca\Biblioteca_Manuais_e_Cursos\Manuais","Palestra - Inventário de Riscos e Controles nas contratações públicas.pdf","","","4720","C:\Users\thiagonogueira\OneDrive - mppi.mp.br\CLC\01_Processos_e_Aquisicoes\Base de Conhecimento - Thiago\05_Doutrina_e_Biblioteca\Biblioteca_Manuais_e_Cursos\Manuais\Palestra - Inventário de Riscos e Controles nas contratações públicas.pdf"
"PDF_SEM_MD","mestra\05_Doutrina_e_Biblioteca\Biblioteca_Manuais_e_Cursos\Manuais","PARECER n. 00003-2025-GAB-CGU-CGU-AGU.pdf","","","171","C:\Users\thiagonogueira\OneDrive - mppi.mp.br\CLC\01_Processos_e_Aquisicoes\Base de Conhecimento - Thiago\05_Doutrina_e_Biblioteca\Biblioteca_Manuais_e_Cursos\Manuais\PARECER n. 00003-2025-GAB-CGU-CGU-AGU.pdf"
"PDF_SEM_MD","mestra\05_Doutrina_e_Biblioteca\Biblioteca_Manuais_e_Cursos\Manuais","PARECER n. 00004-2025-CNLCA-CGU-AGU.pdf","","","388","C:\Users\thiagonogueira\OneDrive - mppi.mp.br\CLC\01_Processos_e_Aquisicoes\Base de Conhecimento - Thiago\05_Doutrina_e_Biblioteca\Biblioteca_Manuais_e_Cursos\Manuais\PARECER n. 00004-2025-CNLCA-CGU-AGU.pdf"
"PDF_SEM_MD","mestra\05_Doutrina_e_Biblioteca\Biblioteca_Manuais_e_Cursos\Manuais","PARECER n. 00005-2025-DECOR-CGU-AGU.pdf","","","428","C:\Users\thiagonogueira\OneDrive - mppi.mp.br\CLC\01_Processos_e_Aquisicoes\Base de Conhecimento - Thiago\05_Doutrina_e_Biblioteca\Biblioteca_Manuais_e_Cursos\Manuais\PARECER n. 00005-2025-DECOR-CGU-AGU.pdf"
"PDF_SEM_MD","mestra\05_Doutrina_e_Biblioteca\Biblioteca_Manuais_e_Cursos\Manuais","PARECER n. 00006-2025-GAB-DECOR-CGU-AGU.pdf","","","270","C:\Users\thiagonogueira\OneDrive - mppi.mp.br\CLC\01_Processos_e_Aquisicoes\Base de Conhecimento - Thiago\05_Doutrina_e_Biblioteca\Biblioteca_Manuais_e_Cursos\Manuais\PARECER n. 00006-2025-GAB-DECOR-CGU-AGU.pdf"
"PDF_SEM_MD","mestra\05_Doutrina_e_Biblioteca\Biblioteca_Manuais_e_Cursos\Manuais","PARECER n. 00006-2025CNLCA-CGU-AGU.pdf","","","269","C:\Users\thiagonogueira\OneDrive - mppi.mp.br\CLC\01_Processos_e_Aquisicoes\Base de Conhecimento - Thiago\05_Doutrina_e_Biblioteca\Biblioteca_Manuais_e_Cursos\Manuais\PARECER n. 00006-2025CNLCA-CGU-AGU.pdf"
"PDF_SEM_MD","mestra\05_Doutrina_e_Biblioteca\Biblioteca_Manuais_e_Cursos\Manuais","PARECER n. 00019-2025-DECOR-CGU-AGU.pdf","","","327","C:\Users\thiagonogueira\OneDrive - mppi.mp.br\CLC\01_Processos_e_Aquisicoes\Base de Conhecimento - Thiago\05_Doutrina_e_Biblioteca\Biblioteca_Manuais_e_Cursos\Manuais\PARECER n. 00019-2025-DECOR-CGU-AGU.pdf"
"PDF_SEM_MD","mestra\05_Doutrina_e_Biblioteca\Biblioteca_Manuais_e_Cursos\Manuais","PARECER n. 00196-2024-E-CJU-SCOM-CGU-AGU.pdf","","","341","C:\Users\thiagonogueira\OneDrive - mppi.mp.br\CLC\01_Processos_e_Aquisicoes\Base de Conhecimento - Thiago\05_Doutrina_e_Biblioteca\Biblioteca_Manuais_e_Cursos\Manuais\PARECER n. 00196-2024-E-CJU-SCOM-CGU-AGU.pdf"
"PDF_SEM_MD","mestra\05_Doutrina_e_Biblioteca\Biblioteca_Manuais_e_Cursos\Manuais","PARECER n. 00261-2024-E-CJU-SCOM-CGU-AGU.pdf","","","265","C:\Users\thiagonogueira\OneDrive - mppi.mp.br\CLC\01_Processos_e_Aquisicoes\Base de Conhecimento - Thiago\05_Doutrina_e_Biblioteca\Biblioteca_Manuais_e_Cursos\Manuais\PARECER n. 00261-2024-E-CJU-SCOM-CGU-AGU.pdf"
"PDF_SEM_MD","mestra\05_Doutrina_e_Biblioteca\Biblioteca_Manuais_e_Cursos\Manuais","PARECER n. 00860-2023-ADV-E-CJU-SCOM-CGU-AGU.pdf","","","290","C:\Users\thiagonogueira\OneDrive - mppi.mp.br\CLC\01_Processos_e_Aquisicoes\Base de Conhecimento - Thiago\05_Doutrina_e_Biblioteca\Biblioteca_Manuais_e_Cursos\Manuais\PARECER n. 00860-2023-ADV-E-CJU-SCOM-CGU-AGU.pdf"
"PDF_SEM_MD","mestra\05_Doutrina_e_Biblioteca\Biblioteca_Manuais_e_Cursos\Manuais","PARECER n. 00880-2023-ADV-E-CJU-SCOM-CGU-AGU.pdf","","","263","C:\Users\thiagonogueira\OneDrive - mppi.mp.br\CLC\01_Processos_e_Aquisicoes\Base de Conhecimento - Thiago\05_Doutrina_e_Biblioteca\Biblioteca_Manuais_e_Cursos\Manuais\PARECER n. 00880-2023-ADV-E-CJU-SCOM-CGU-AGU.pdf"
"PDF_SEM_MD","mestra\05_Doutrina_e_Biblioteca\Biblioteca_Manuais_e_Cursos\Manuais","PARECER Nº 00002-2025-CNLCA-CGU-AGU.pdf","","","236","C:\Users\thiagonogueira\OneDrive - mppi.mp.br\CLC\01_Processos_e_Aquisicoes\Base de Conhecimento - Thiago\05_Doutrina_e_Biblioteca\Biblioteca_Manuais_e_Cursos\Manuais\PARECER Nº 00002-2025-CNLCA-CGU-AGU.pdf"
"PDF_SEM_MD","mestra\05_Doutrina_e_Biblioteca\Biblioteca_Manuais_e_Cursos\Manuais","PARECER Nº 00005-2025-CNLCA-CGU-AGU.pdf","","","286","C:\Users\thiagonogueira\OneDrive - mppi.mp.br\CLC\01_Processos_e_Aquisicoes\Base de Conhecimento - Thiago\05_Doutrina_e_Biblioteca\Biblioteca_Manuais_e_Cursos\Manuais\PARECER Nº 00005-2025-CNLCA-CGU-AGU.pdf"
"PDF_SEM_MD","mestra\05_Doutrina_e_Biblioteca\Biblioteca_Manuais_e_Cursos\Manuais","PARECER Nº 00015-2024-CNLCA-CGU-AGU.pdf","","","197","C:\Users\thiagonogueira\OneDrive - mppi.mp.br\CLC\01_Processos_e_Aquisicoes\Base de Conhecimento - Thiago\05_Doutrina_e_Biblioteca\Biblioteca_Manuais_e_Cursos\Manuais\PARECER Nº 00015-2024-CNLCA-CGU-AGU.pdf"
"PDF_SEM_MD","mestra\05_Doutrina_e_Biblioteca\Biblioteca_Manuais_e_Cursos\Manuais","PARECER Nº 00017-2024-CNLCA-CGU-AGU.pdf","","","433","C:\Users\thiagonogueira\OneDrive - mppi.mp.br\CLC\01_Processos_e_Aquisicoes\Base de Conhecimento - Thiago\05_Doutrina_e_Biblioteca\Biblioteca_Manuais_e_Cursos\Manuais\PARECER Nº 00017-2024-CNLCA-CGU-AGU.pdf"
"PDF_SEM_MD","mestra\05_Doutrina_e_Biblioteca\Biblioteca_Manuais_e_Cursos\Manuais","PARECER Nº 00019-2024-CNLCA-CGU-AGU.pdf","","","489","C:\Users\thiagonogueira\OneDrive - mppi.mp.br\CLC\01_Processos_e_Aquisicoes\Base de Conhecimento - Thiago\05_Doutrina_e_Biblioteca\Biblioteca_Manuais_e_Cursos\Manuais\PARECER Nº 00019-2024-CNLCA-CGU-AGU.pdf"
"PDF_SEM_MD","mestra\05_Doutrina_e_Biblioteca\Biblioteca_Manuais_e_Cursos\Manuais","PARECER Nº 00023-2025-CGAQ-BSB-SCGP-CGU-AGU (1).pdf","","","193","C:\Users\thiagonogueira\OneDrive - mppi.mp.br\CLC\01_Processos_e_Aquisicoes\Base de Conhecimento - Thiago\05_Doutrina_e_Biblioteca\Biblioteca_Manuais_e_Cursos\Manuais\PARECER Nº 00023-2025-CGAQ-BSB-SCGP-CGU-AGU (1).pdf"
"PDF_SEM_MD","mestra\05_Doutrina_e_Biblioteca\Biblioteca_Manuais_e_Cursos\Manuais","PARECER Nº 00060-2024-DECOR-CGU-AGU (1).pdf","","","205","C:\Users\thiagonogueira\OneDrive - mppi.mp.br\CLC\01_Processos_e_Aquisicoes\Base de Conhecimento - Thiago\05_Doutrina_e_Biblioteca\Biblioteca_Manuais_e_Cursos\Manuais\PARECER Nº 00060-2024-DECOR-CGU-AGU (1).pdf"
"PDF_SEM_MD","mestra\05_Doutrina_e_Biblioteca\Biblioteca_Manuais_e_Cursos\Manuais","PARECER Nº 4632024-PLCCAPGM - Contratação direta por dispensa de licitação.pdf","","","212","C:\Users\thiagonogueira\OneDrive - mppi.mp.br\CLC\01_Processos_e_Aquisicoes\Base de Conhecimento - Thiago\05_Doutrina_e_Biblioteca\Biblioteca_Manuais_e_Cursos\Manuais\PARECER Nº 4632024-PLCCAPGM - Contratação direta por dispensa de licitação.pdf"
"PDF_SEM_MD","mestra\05_Doutrina_e_Biblioteca\Biblioteca_Manuais_e_Cursos\Manuais","Parecer1774358321.pdf","","","402","C:\Users\thiagonogueira\OneDrive - mppi.mp.br\CLC\01_Processos_e_Aquisicoes\Base de Conhecimento - Thiago\05_Doutrina_e_Biblioteca\Biblioteca_Manuais_e_Cursos\Manuais\Parecer1774358321.pdf"
"PDF_SEM_MD","mestra\05_Doutrina_e_Biblioteca\Biblioteca_Manuais_e_Cursos\Manuais","Parecer1776093267.pdf","","","599","C:\Users\thiagonogueira\OneDrive - mppi.mp.br\CLC\01_Processos_e_Aquisicoes\Base de Conhecimento - Thiago\05_Doutrina_e_Biblioteca\Biblioteca_Manuais_e_Cursos\Manuais\Parecer1776093267.pdf"
"PDF_SEM_MD","mestra\05_Doutrina_e_Biblioteca\Biblioteca_Manuais_e_Cursos\Manuais","PARECERn000022022CPLCdosimetriapenalidadecontratual.pdf","","","323","C:\Users\thiagonogueira\OneDrive - mppi.mp.br\CLC\01_Processos_e_Aquisicoes\Base de Conhecimento - Thiago\05_Doutrina_e_Biblioteca\Biblioteca_Manuais_e_Cursos\Manuais\PARECERn000022022CPLCdosimetriapenalidadecontratual.pdf"
"PDF_SEM_MD","mestra\05_Doutrina_e_Biblioteca\Biblioteca_Manuais_e_Cursos\Manuais","Perguntas e Respostas- Licitações e Contratações.pdf","","","3594","C:\Users\thiagonogueira\OneDrive - mppi.mp.br\CLC\01_Processos_e_Aquisicoes\Base de Conhecimento - Thiago\05_Doutrina_e_Biblioteca\Biblioteca_Manuais_e_Cursos\Manuais\Perguntas e Respostas- Licitações e Contratações.pdf"
"PDF_SEM_MD","mestra\05_Doutrina_e_Biblioteca\Biblioteca_Manuais_e_Cursos\Manuais","PGE PI - Lista Pequeno Valor - Serviços e Compras - DOE.pdf","","","1271","C:\Users\thiagonogueira\OneDrive - mppi.mp.br\CLC\01_Processos_e_Aquisicoes\Base de Conhecimento - Thiago\05_Doutrina_e_Biblioteca\Biblioteca_Manuais_e_Cursos\Manuais\PGE PI - Lista Pequeno Valor - Serviços e Compras - DOE.pdf"
"PDF_SEM_MD","mestra\05_Doutrina_e_Biblioteca\Biblioteca_Manuais_e_Cursos\Manuais","Planejamento_ fundamento legal par.pdf","","","300","C:\Users\thiagonogueira\OneDrive - mppi.mp.br\CLC\01_Processos_e_Aquisicoes\Base de Conhecimento - Thiago\05_Doutrina_e_Biblioteca\Biblioteca_Manuais_e_Cursos\Manuais\Planejamento_ fundamento legal par.pdf"
"PDF_SEM_MD","mestra\05_Doutrina_e_Biblioteca\Biblioteca_Manuais_e_Cursos\Manuais","PORTARIA SEGES_ME Nº 8.678, DE 19 DE JULHO DE 2021 — Portal de Compras do Governo Federal.pdf","","","426","C:\Users\thiagonogueira\OneDrive - mppi.mp.br\CLC\01_Processos_e_Aquisicoes\Base de Conhecimento - Thiago\05_Doutrina_e_Biblioteca\Biblioteca_Manuais_e_Cursos\Manuais\PORTARIA SEGES_ME Nº 8.678, DE 19 DE JULHO DE 2021 — Portal de Compras do Governo Federal.pdf"
"PDF_SEM_MD","mestra\05_Doutrina_e_Biblioteca\Biblioteca_Manuais_e_Cursos\Manuais","Publicação - 2º Simpósio de Licitações e Contratos da Justiça Federal - Enunciados aprovados.pdf","","","606","C:\Users\thiagonogueira\OneDrive - mppi.mp.br\CLC\01_Processos_e_Aquisicoes\Base de Conhecimento - Thiago\05_Doutrina_e_Biblioteca\Biblioteca_Manuais_e_Cursos\Manuais\Publicação - 2º Simpósio de Licitações e Contratos da Justiça Federal - Enunciados aprovados.pdf"
"PDF_SEM_MD","mestra\05_Doutrina_e_Biblioteca\Biblioteca_Manuais_e_Cursos\Manuais","Publicação - cgu_ementarioaquisicoes_a4_2026.pdf","","","8990","C:\Users\thiagonogueira\OneDrive - mppi.mp.br\CLC\01_Processos_e_Aquisicoes\Base de Conhecimento - Thiago\05_Doutrina_e_Biblioteca\Biblioteca_Manuais_e_Cursos\Manuais\Publicação - cgu_ementarioaquisicoes_a4_2026.pdf"
"PDF_SEM_MD","mestra\05_Doutrina_e_Biblioteca\Biblioteca_Manuais_e_Cursos\Manuais","Publicação - ETP - UFJF.pdf","","","304","C:\Users\thiagonogueira\OneDrive - mppi.mp.br\CLC\01_Processos_e_Aquisicoes\Base de Conhecimento - Thiago\05_Doutrina_e_Biblioteca\Biblioteca_Manuais_e_Cursos\Manuais\Publicação - ETP - UFJF.pdf"
"PDF_SEM_MD","mestra\05_Doutrina_e_Biblioteca\Biblioteca_Manuais_e_Cursos\Manuais","Referencial_Licitacoes_Contratos_TCESC.pdf","","","4718","C:\Users\thiagonogueira\OneDrive - mppi.mp.br\CLC\01_Processos_e_Aquisicoes\Base de Conhecimento - Thiago\05_Doutrina_e_Biblioteca\Biblioteca_Manuais_e_Cursos\Manuais\Referencial_Licitacoes_Contratos_TCESC.pdf"
"PDF_SEM_MD","mestra\05_Doutrina_e_Biblioteca\Biblioteca_Manuais_e_Cursos\Manuais","Relatório - CGU – Relatório de Avaliação- impacto do uso do orçamento sigiloso e dos modos de disputa.pdf","","","1702","C:\Users\thiagonogueira\OneDrive - mppi.mp.br\CLC\01_Processos_e_Aquisicoes\Base de Conhecimento - Thiago\05_Doutrina_e_Biblioteca\Biblioteca_Manuais_e_Cursos\Manuais\Relatório - CGU – Relatório de Avaliação- impacto do uso do orçamento sigiloso e dos modos de disputa.pdf"
"PDF_SEM_MD","mestra\05_Doutrina_e_Biblioteca\Biblioteca_Manuais_e_Cursos\Manuais","TCC - ETP - O Dilema entre Necessidade e Solução.pdf","","","5770","C:\Users\thiagonogueira\OneDrive - mppi.mp.br\CLC\01_Processos_e_Aquisicoes\Base de Conhecimento - Thiago\05_Doutrina_e_Biblioteca\Biblioteca_Manuais_e_Cursos\Manuais\TCC - ETP - O Dilema entre Necessidade e Solução.pdf"
"PDF_SEM_MD","mestra\05_Doutrina_e_Biblioteca\Biblioteca_Manuais_e_Cursos\Manuais","TCE-RS – Conclusões Técnicas da Comissão de Estudos da Nova Lei de Licitações e Contratos para a Fiscalização.pdf","","","6769","C:\Users\thiagonogueira\OneDrive - mppi.mp.br\CLC\01_Processos_e_Aquisicoes\Base de Conhecimento - Thiago\05_Doutrina_e_Biblioteca\Biblioteca_Manuais_e_Cursos\Manuais\TCE-RS – Conclusões Técnicas da Comissão de Estudos da Nova Lei de Licitações e Contratos para a Fiscalização.pdf"
"PDF_SEM_MD","mestra\05_Doutrina_e_Biblioteca\Biblioteca_Manuais_e_Cursos\Manuais","TCE-SC - NOTA TÉCNICA Nº TC-19-2026.pdf","","","333","C:\Users\thiagonogueira\OneDrive - mppi.mp.br\CLC\01_Processos_e_Aquisicoes\Base de Conhecimento - Thiago\05_Doutrina_e_Biblioteca\Biblioteca_Manuais_e_Cursos\Manuais\TCE-SC - NOTA TÉCNICA Nº TC-19-2026.pdf"
"PDF_SEM_MD","mestra\05_Doutrina_e_Biblioteca\Biblioteca_Manuais_e_Cursos\Manuais","TCE-SC – Perguntas e respostas- licitações e contratos (edição 1 - 2025).pdf","","","2362","C:\Users\thiagonogueira\OneDrive - mppi.mp.br\CLC\01_Processos_e_Aquisicoes\Base de Conhecimento - Thiago\05_Doutrina_e_Biblioteca\Biblioteca_Manuais_e_Cursos\Manuais\TCE-SC – Perguntas e respostas- licitações e contratos (edição 1 - 2025).pdf"
"PDF_SEM_MD","mestra\05_Doutrina_e_Biblioteca\Biblioteca_Manuais_e_Cursos\Manuais","TCU - Edital 001.2024 - Licitação Especial para Contratação de Solução Inovadora.pdf","","","1890","C:\Users\thiagonogueira\OneDrive - mppi.mp.br\CLC\01_Processos_e_Aquisicoes\Base de Conhecimento - Thiago\05_Doutrina_e_Biblioteca\Biblioteca_Manuais_e_Cursos\Manuais\TCU - Edital 001.2024 - Licitação Especial para Contratação de Solução Inovadora.pdf"
"PDF_SEM_MD","mestra\05_Doutrina_e_Biblioteca\Biblioteca_Manuais_e_Cursos\Manuais","Transformação do Estado no Brasil- desenhando compras públicas, empresas estatais e infraestrutura públic (1).pdf","","","2138","C:\Users\thiagonogueira\OneDrive - mppi.mp.br\CLC\01_Processos_e_Aquisicoes\Base de Conhecimento - Thiago\05_Doutrina_e_Biblioteca\Biblioteca_Manuais_e_Cursos\Manuais\Transformação do Estado no Brasil- desenhando compras públicas, empresas estatais e infraestrutura públic (1).pdf"
"PDF_SEM_MD","mestra\05_Doutrina_e_Biblioteca\Biblioteca_Manuais_e_Cursos\Manuais","TutorialContrataesPresenciais.pdf","","","12412","C:\Users\thiagonogueira\OneDrive - mppi.mp.br\CLC\01_Processos_e_Aquisicoes\Base de Conhecimento - Thiago\05_Doutrina_e_Biblioteca\Biblioteca_Manuais_e_Cursos\Manuais\TutorialContrataesPresenciais.pdf"
"PDF_SEM_MD","mestra\05_Doutrina_e_Biblioteca\Biblioteca_Manuais_e_Cursos\Manuais","tutorial_dez.25_AlteraodeDocumentoHbilnoSistemaContratosGov.br.pdf","","","3502","C:\Users\thiagonogueira\OneDrive - mppi.mp.br\CLC\01_Processos_e_Aquisicoes\Base de Conhecimento - Thiago\05_Doutrina_e_Biblioteca\Biblioteca_Manuais_e_Cursos\Manuais\tutorial_dez.25_AlteraodeDocumentoHbilnoSistemaContratosGov.br.pdf"
"PDF_SEM_MD","mestra\05_Doutrina_e_Biblioteca\Biblioteca_Manuais_e_Cursos\Manuais","Zenite - 5 Erros que você não pode cometer com IA nas Contratações.pdf","","","3754","C:\Users\thiagonogueira\OneDrive - mppi.mp.br\CLC\01_Processos_e_Aquisicoes\Base de Conhecimento - Thiago\05_Doutrina_e_Biblioteca\Biblioteca_Manuais_e_Cursos\Manuais\Zenite - 5 Erros que você não pode cometer com IA nas Contratações.pdf"
"PDF_SEM_MD","mestra\05_Doutrina_e_Biblioteca\Biblioteca_Manuais_e_Cursos\Manuais","Zênite - É possível que a Administração dispense a divulgação do aviso noscasos de dispensa em razão do valor.pdf","","","210","C:\Users\thiagonogueira\OneDrive - mppi.mp.br\CLC\01_Processos_e_Aquisicoes\Base de Conhecimento - Thiago\05_Doutrina_e_Biblioteca\Biblioteca_Manuais_e_Cursos\Manuais\Zênite - É possível que a Administração dispense a divulgação do aviso noscasos de dispensa em razão do valor.pdf"
"PDF_SEM_MD","mestra\05_Doutrina_e_Biblioteca\Biblioteca_Manuais_e_Cursos\Manuais","Zênite Fácil - Dispensa Eletrônica.pdf","","","200","C:\Users\thiagonogueira\OneDrive - mppi.mp.br\CLC\01_Processos_e_Aquisicoes\Base de Conhecimento - Thiago\05_Doutrina_e_Biblioteca\Biblioteca_Manuais_e_Cursos\Manuais\Zênite Fácil - Dispensa Eletrônica.pdf"
"PDF_SEM_MD","mestra\05_Doutrina_e_Biblioteca\Biblioteca_Manuais_e_Cursos\Manuais","Zênite Fácil - NOVA LEI DE LICITAÇÕES - PRORROGAÇÃO DE VIGÊNCIA DA ATA DE REGISTRO DE PREÇOS E A RENOVAÇÃO DO.pdf","","","329","C:\Users\thiagonogueira\OneDrive - mppi.mp.br\CLC\01_Processos_e_Aquisicoes\Base de Conhecimento - Thiago\05_Doutrina_e_Biblioteca\Biblioteca_Manuais_e_Cursos\Manuais\Zênite Fácil - NOVA LEI DE LICITAÇÕES - PRORROGAÇÃO DE VIGÊNCIA DA ATA DE REGISTRO DE PREÇOS E A RENOVAÇÃO DO.pdf"
"PDF_SEM_MD","mestra\05_Doutrina_e_Biblioteca\Biblioteca_Manuais_e_Cursos\Manuais","Zênite Fácil.pdf","","","179","C:\Users\thiagonogueira\OneDrive - mppi.mp.br\CLC\01_Processos_e_Aquisicoes\Base de Conhecimento - Thiago\05_Doutrina_e_Biblioteca\Biblioteca_Manuais_e_Cursos\Manuais\Zênite Fácil.pdf"
"PDF_SEM_MD","mestra\05_Doutrina_e_Biblioteca\Infograficos_Zenite","A função da pesquisa de preços no ETP e no TR.pdf","","","191","C:\Users\thiagonogueira\OneDrive - mppi.mp.br\CLC\01_Processos_e_Aquisicoes\Base de Conhecimento - Thiago\05_Doutrina_e_Biblioteca\Infograficos_Zenite\A função da pesquisa de preços no ETP e no TR.pdf"
"PDF_SEM_MD","mestra\05_Doutrina_e_Biblioteca\Infograficos_Zenite","Controle interno – Planejamento – Análise dos processos.pdf","","","640","C:\Users\thiagonogueira\OneDrive - mppi.mp.br\CLC\01_Processos_e_Aquisicoes\Base de Conhecimento - Thiago\05_Doutrina_e_Biblioteca\Infograficos_Zenite\Controle interno – Planejamento – Análise dos processos.pdf"
"PDF_SEM_MD","mestra\05_Doutrina_e_Biblioteca\Infograficos_Zenite","E-possivel-fazer-dispensa-de-licitacao-sem-disputa_.pdf","","","160","C:\Users\thiagonogueira\OneDrive - mppi.mp.br\CLC\01_Processos_e_Aquisicoes\Base de Conhecimento - Thiago\05_Doutrina_e_Biblioteca\Infograficos_Zenite\E-possivel-fazer-dispensa-de-licitacao-sem-disputa_.pdf"
"PDF_SEM_MD","mestra\05_Doutrina_e_Biblioteca\Infograficos_Zenite","Planejamento – Análise de riscos – Termo de referência – Estudo técnico preliminar – Conteúdo.pdf","","","335","C:\Users\thiagonogueira\OneDrive - mppi.mp.br\CLC\01_Processos_e_Aquisicoes\Base de Conhecimento - Thiago\05_Doutrina_e_Biblioteca\Infograficos_Zenite\Planejamento – Análise de riscos – Termo de referência – Estudo técnico preliminar – Conteúdo.pdf"
"PDF_SEM_MD","mestra\05_Doutrina_e_Biblioteca\Infograficos_Zenite","Planejamento – Compra-fornecimento – Indicação ou vedação de marca – Cabimento.pdf","","","219","C:\Users\thiagonogueira\OneDrive - mppi.mp.br\CLC\01_Processos_e_Aquisicoes\Base de Conhecimento - Thiago\05_Doutrina_e_Biblioteca\Infograficos_Zenite\Planejamento – Compra-fornecimento – Indicação ou vedação de marca – Cabimento.pdf"
"PDF_SEM_MD","mestra\05_Doutrina_e_Biblioteca\Infograficos_Zenite","Planejamento – Conteúdo.pdf","","","206","C:\Users\thiagonogueira\OneDrive - mppi.mp.br\CLC\01_Processos_e_Aquisicoes\Base de Conhecimento - Thiago\05_Doutrina_e_Biblioteca\Infograficos_Zenite\Planejamento – Conteúdo.pdf"
"PDF_SEM_MD","mestra\05_Doutrina_e_Biblioteca\Infograficos_Zenite","Planejamento – Definição da necessidade – Cautelas.pdf","","","202","C:\Users\thiagonogueira\OneDrive - mppi.mp.br\CLC\01_Processos_e_Aquisicoes\Base de Conhecimento - Thiago\05_Doutrina_e_Biblioteca\Infograficos_Zenite\Planejamento – Definição da necessidade – Cautelas.pdf"
"PDF_SEM_MD","mestra\05_Doutrina_e_Biblioteca\Infograficos_Zenite","Planejamento – Definição da necessidade – Pontos a serem observados.pdf","","","195","C:\Users\thiagonogueira\OneDrive - mppi.mp.br\CLC\01_Processos_e_Aquisicoes\Base de Conhecimento - Thiago\05_Doutrina_e_Biblioteca\Infograficos_Zenite\Planejamento – Definição da necessidade – Pontos a serem observados.pdf"
"PDF_SEM_MD","mestra\05_Doutrina_e_Biblioteca\Infograficos_Zenite","Planejamento – Documento de formalização da demanda (DFD-DOF) – IN nº 05-2017.pdf","","","233","C:\Users\thiagonogueira\OneDrive - mppi.mp.br\CLC\01_Processos_e_Aquisicoes\Base de Conhecimento - Thiago\05_Doutrina_e_Biblioteca\Infograficos_Zenite\Planejamento – Documento de formalização da demanda (DFD-DOF) – IN nº 05-2017.pdf"
"PDF_SEM_MD","mestra\05_Doutrina_e_Biblioteca\Infograficos_Zenite","Planejamento – Documentos que devem ser apreciados pela assessoria jurídica.pdf","","","561","C:\Users\thiagonogueira\OneDrive - mppi.mp.br\CLC\01_Processos_e_Aquisicoes\Base de Conhecimento - Thiago\05_Doutrina_e_Biblioteca\Infograficos_Zenite\Planejamento – Documentos que devem ser apreciados pela assessoria jurídica.pdf"
"PDF_SEM_MD","mestra\05_Doutrina_e_Biblioteca\Infograficos_Zenite","Planejamento – Empreitada integral e contratação integrada – Regimes de execução.pdf","","","380","C:\Users\thiagonogueira\OneDrive - mppi.mp.br\CLC\01_Processos_e_Aquisicoes\Base de Conhecimento - Thiago\05_Doutrina_e_Biblioteca\Infograficos_Zenite\Planejamento – Empreitada integral e contratação integrada – Regimes de execução.pdf"
"PDF_SEM_MD","mestra\05_Doutrina_e_Biblioteca\Infograficos_Zenite","Planejamento – Equipe – Competências necessárias.pdf","","","176","C:\Users\thiagonogueira\OneDrive - mppi.mp.br\CLC\01_Processos_e_Aquisicoes\Base de Conhecimento - Thiago\05_Doutrina_e_Biblioteca\Infograficos_Zenite\Planejamento – Equipe – Competências necessárias.pdf"
"PDF_SEM_MD","mestra\05_Doutrina_e_Biblioteca\Infograficos_Zenite","Planejamento – Equipe – Responsabilidades.pdf","","","217","C:\Users\thiagonogueira\OneDrive - mppi.mp.br\CLC\01_Processos_e_Aquisicoes\Base de Conhecimento - Thiago\05_Doutrina_e_Biblioteca\Infograficos_Zenite\Planejamento – Equipe – Responsabilidades.pdf"
"PDF_SEM_MD","mestra\05_Doutrina_e_Biblioteca\Infograficos_Zenite","Planejamento – Estudo técnico preliminar (ETP) – Conteúdo.pdf","","","441","C:\Users\thiagonogueira\OneDrive - mppi.mp.br\CLC\01_Processos_e_Aquisicoes\Base de Conhecimento - Thiago\05_Doutrina_e_Biblioteca\Infograficos_Zenite\Planejamento – Estudo técnico preliminar (ETP) – Conteúdo.pdf"
"PDF_SEM_MD","mestra\05_Doutrina_e_Biblioteca\Infograficos_Zenite","Planejamento – Estudo técnico preliminar (ETP) – Elaboração – Momento.pdf","","","206","C:\Users\thiagonogueira\OneDrive - mppi.mp.br\CLC\01_Processos_e_Aquisicoes\Base de Conhecimento - Thiago\05_Doutrina_e_Biblioteca\Infograficos_Zenite\Planejamento – Estudo técnico preliminar (ETP) – Elaboração – Momento.pdf"
"PDF_SEM_MD","mestra\05_Doutrina_e_Biblioteca\Infograficos_Zenite","Planejamento – Estudo técnico preliminar – Conteúdo.pdf","","","223","C:\Users\thiagonogueira\OneDrive - mppi.mp.br\CLC\01_Processos_e_Aquisicoes\Base de Conhecimento - Thiago\05_Doutrina_e_Biblioteca\Infograficos_Zenite\Planejamento – Estudo técnico preliminar – Conteúdo.pdf"
"PDF_SEM_MD","mestra\05_Doutrina_e_Biblioteca\Infograficos_Zenite","Planejamento – Fase preparatória – Documentos – Finalidades.pdf","","","336","C:\Users\thiagonogueira\OneDrive - mppi.mp.br\CLC\01_Processos_e_Aquisicoes\Base de Conhecimento - Thiago\05_Doutrina_e_Biblioteca\Infograficos_Zenite\Planejamento – Fase preparatória – Documentos – Finalidades.pdf"
"PDF_SEM_MD","mestra\05_Doutrina_e_Biblioteca\Infograficos_Zenite","Planejamento – Fase preparatória – Estudo técnico preliminar (ETP) – Perguntas que esse documento precisa responder.pdf","","","221","C:\Users\thiagonogueira\OneDrive - mppi.mp.br\CLC\01_Processos_e_Aquisicoes\Base de Conhecimento - Thiago\05_Doutrina_e_Biblioteca\Infograficos_Zenite\Planejamento – Fase preparatória – Estudo técnico preliminar (ETP) – Perguntas que esse documento precisa responder.pdf"
"PDF_SEM_MD","mestra\05_Doutrina_e_Biblioteca\Infograficos_Zenite","Planejamento – Fase preparatória – IN CGU-MP Nº 01-2016 – Risco e gerenciamento de riscos – Distinção.pdf","","","219","C:\Users\thiagonogueira\OneDrive - mppi.mp.br\CLC\01_Processos_e_Aquisicoes\Base de Conhecimento - Thiago\05_Doutrina_e_Biblioteca\Infograficos_Zenite\Planejamento – Fase preparatória – IN CGU-MP Nº 01-2016 – Risco e gerenciamento de riscos – Distinção.pdf"
"PDF_SEM_MD","mestra\05_Doutrina_e_Biblioteca\Infograficos_Zenite","Planejamento – Fase preparatória – Ocorrências.pdf","","","255","C:\Users\thiagonogueira\OneDrive - mppi.mp.br\CLC\01_Processos_e_Aquisicoes\Base de Conhecimento - Thiago\05_Doutrina_e_Biblioteca\Infograficos_Zenite\Planejamento – Fase preparatória – Ocorrências.pdf"
"PDF_SEM_MD","mestra\05_Doutrina_e_Biblioteca\Infograficos_Zenite","Planejamento – Finalidade.pdf","","","143","C:\Users\thiagonogueira\OneDrive - mppi.mp.br\CLC\01_Processos_e_Aquisicoes\Base de Conhecimento - Thiago\05_Doutrina_e_Biblioteca\Infograficos_Zenite\Planejamento – Finalidade.pdf"
"PDF_SEM_MD","mestra\05_Doutrina_e_Biblioteca\Infograficos_Zenite","Planejamento – Gerenciamento de riscos – Alocação.pdf","","","404","C:\Users\thiagonogueira\OneDrive - mppi.mp.br\CLC\01_Processos_e_Aquisicoes\Base de Conhecimento - Thiago\05_Doutrina_e_Biblioteca\Infograficos_Zenite\Planejamento – Gerenciamento de riscos – Alocação.pdf"
"PDF_SEM_MD","mestra\05_Doutrina_e_Biblioteca\Infograficos_Zenite","Planejamento – Governança das contratações.pdf","","","287","C:\Users\thiagonogueira\OneDrive - mppi.mp.br\CLC\01_Processos_e_Aquisicoes\Base de Conhecimento - Thiago\05_Doutrina_e_Biblioteca\Infograficos_Zenite\Planejamento – Governança das contratações.pdf"
"PDF_SEM_MD","mestra\05_Doutrina_e_Biblioteca\Infograficos_Zenite","Planejamento – Identificação dos principais riscos.pdf","","","214","C:\Users\thiagonogueira\OneDrive - mppi.mp.br\CLC\01_Processos_e_Aquisicoes\Base de Conhecimento - Thiago\05_Doutrina_e_Biblioteca\Infograficos_Zenite\Planejamento – Identificação dos principais riscos.pdf"
"PDF_SEM_MD","mestra\05_Doutrina_e_Biblioteca\Infograficos_Zenite","Planejamento – Impacto e probabilidade de cada risco – tratamento de riscos.pdf","","","186","C:\Users\thiagonogueira\OneDrive - mppi.mp.br\CLC\01_Processos_e_Aquisicoes\Base de Conhecimento - Thiago\05_Doutrina_e_Biblioteca\Infograficos_Zenite\Planejamento – Impacto e probabilidade de cada risco – tratamento de riscos.pdf"
"PDF_SEM_MD","mestra\05_Doutrina_e_Biblioteca\Infograficos_Zenite","Planejamento – Imprevisibilidade da demanda – SRP ou contrato estimativo.pdf","","","348","C:\Users\thiagonogueira\OneDrive - mppi.mp.br\CLC\01_Processos_e_Aquisicoes\Base de Conhecimento - Thiago\05_Doutrina_e_Biblioteca\Infograficos_Zenite\Planejamento – Imprevisibilidade da demanda – SRP ou contrato estimativo.pdf"
"PDF_SEM_MD","mestra\05_Doutrina_e_Biblioteca\Infograficos_Zenite","Planejamento – Leis nº 8.666-1993 – Lei nº 10.520-2002 – Lei nº 14.133-2022 – Período de convivência.pdf","","","222","C:\Users\thiagonogueira\OneDrive - mppi.mp.br\CLC\01_Processos_e_Aquisicoes\Base de Conhecimento - Thiago\05_Doutrina_e_Biblioteca\Infograficos_Zenite\Planejamento – Leis nº 8.666-1993 – Lei nº 10.520-2002 – Lei nº 14.133-2022 – Período de convivência.pdf"
"PDF_SEM_MD","mestra\05_Doutrina_e_Biblioteca\Infograficos_Zenite","Planejamento – Matriz de alocação de isco – Elaboração.pdf","","","248","C:\Users\thiagonogueira\OneDrive - mppi.mp.br\CLC\01_Processos_e_Aquisicoes\Base de Conhecimento - Thiago\05_Doutrina_e_Biblioteca\Infograficos_Zenite\Planejamento – Matriz de alocação de isco – Elaboração.pdf"
"PDF_SEM_MD","mestra\05_Doutrina_e_Biblioteca\Infograficos_Zenite","Planejamento – Objeto – Definição – Cautelas para controlar o excesso.pdf","","","212","C:\Users\thiagonogueira\OneDrive - mppi.mp.br\CLC\01_Processos_e_Aquisicoes\Base de Conhecimento - Thiago\05_Doutrina_e_Biblioteca\Infograficos_Zenite\Planejamento – Objeto – Definição – Cautelas para controlar o excesso.pdf"
"PDF_SEM_MD","mestra\05_Doutrina_e_Biblioteca\Infograficos_Zenite","Planejamento – Pesquisa de preços – Fontes – Prazos – Metodologia.pdf","","","308","C:\Users\thiagonogueira\OneDrive - mppi.mp.br\CLC\01_Processos_e_Aquisicoes\Base de Conhecimento - Thiago\05_Doutrina_e_Biblioteca\Infograficos_Zenite\Planejamento – Pesquisa de preços – Fontes – Prazos – Metodologia.pdf"
"PDF_SEM_MD","mestra\05_Doutrina_e_Biblioteca\Infograficos_Zenite","Planejamento – Pesquisa de preços – IN nº 65-2021 – Prazos.pdf","","","148","C:\Users\thiagonogueira\OneDrive - mppi.mp.br\CLC\01_Processos_e_Aquisicoes\Base de Conhecimento - Thiago\05_Doutrina_e_Biblioteca\Infograficos_Zenite\Planejamento – Pesquisa de preços – IN nº 65-2021 – Prazos.pdf"
"PDF_SEM_MD","mestra\05_Doutrina_e_Biblioteca\Infograficos_Zenite","Planejamento – Pesquisa de preços – IN SEGES-ME nº 62-2021 – Cautelas na pesquisa com fornecedores.pdf","","","500","C:\Users\thiagonogueira\OneDrive - mppi.mp.br\CLC\01_Processos_e_Aquisicoes\Base de Conhecimento - Thiago\05_Doutrina_e_Biblioteca\Infograficos_Zenite\Planejamento – Pesquisa de preços – IN SEGES-ME nº 62-2021 – Cautelas na pesquisa com fornecedores.pdf"
"PDF_SEM_MD","mestra\05_Doutrina_e_Biblioteca\Infograficos_Zenite","Planejamento – Pesquisa de preços – IN SEGES-ME nº 62-2021 – Metodologia.pdf","","","231","C:\Users\thiagonogueira\OneDrive - mppi.mp.br\CLC\01_Processos_e_Aquisicoes\Base de Conhecimento - Thiago\05_Doutrina_e_Biblioteca\Infograficos_Zenite\Planejamento – Pesquisa de preços – IN SEGES-ME nº 62-2021 – Metodologia.pdf"
"PDF_SEM_MD","mestra\05_Doutrina_e_Biblioteca\Infograficos_Zenite","Planejamento – Plano de contratação anual (PCA) – Decreto nº 10.947-2022 – Elaboração.pdf","","","206","C:\Users\thiagonogueira\OneDrive - mppi.mp.br\CLC\01_Processos_e_Aquisicoes\Base de Conhecimento - Thiago\05_Doutrina_e_Biblioteca\Infograficos_Zenite\Planejamento – Plano de contratação anual (PCA) – Decreto nº 10.947-2022 – Elaboração.pdf"
"PDF_SEM_MD","mestra\05_Doutrina_e_Biblioteca\Infograficos_Zenite","Planejamento – Plano de Logística Sustentável (PLS).pdf","","","257","C:\Users\thiagonogueira\OneDrive - mppi.mp.br\CLC\01_Processos_e_Aquisicoes\Base de Conhecimento - Thiago\05_Doutrina_e_Biblioteca\Infograficos_Zenite\Planejamento – Plano de Logística Sustentável (PLS).pdf"
"PDF_SEM_MD","mestra\05_Doutrina_e_Biblioteca\Infograficos_Zenite","Planejamento – Preços – Definição – Valores excessivos, exequíveis e inexequíveis.pdf","","","177","C:\Users\thiagonogueira\OneDrive - mppi.mp.br\CLC\01_Processos_e_Aquisicoes\Base de Conhecimento - Thiago\05_Doutrina_e_Biblioteca\Infograficos_Zenite\Planejamento – Preços – Definição – Valores excessivos, exequíveis e inexequíveis.pdf"
"PDF_SEM_MD","mestra\05_Doutrina_e_Biblioteca\Infograficos_Zenite","Planejamento – Sistema de registro de preços – Contrato estimativo.pdf","","","231","C:\Users\thiagonogueira\OneDrive - mppi.mp.br\CLC\01_Processos_e_Aquisicoes\Base de Conhecimento - Thiago\05_Doutrina_e_Biblioteca\Infograficos_Zenite\Planejamento – Sistema de registro de preços – Contrato estimativo.pdf"
"PDF_SEM_MD","mestra\05_Doutrina_e_Biblioteca\Infograficos_Zenite","Planejamento – Terceirização – Critérios para escolha.pdf","","","264","C:\Users\thiagonogueira\OneDrive - mppi.mp.br\CLC\01_Processos_e_Aquisicoes\Base de Conhecimento - Thiago\05_Doutrina_e_Biblioteca\Infograficos_Zenite\Planejamento – Terceirização – Critérios para escolha.pdf"
"PDF_SEM_MD","mestra\05_Doutrina_e_Biblioteca\Infograficos_Zenite","Planejamento – Terceirização – Elaboração de planilhas – Finalidade.pdf","","","285","C:\Users\thiagonogueira\OneDrive - mppi.mp.br\CLC\01_Processos_e_Aquisicoes\Base de Conhecimento - Thiago\05_Doutrina_e_Biblioteca\Infograficos_Zenite\Planejamento – Terceirização – Elaboração de planilhas – Finalidade.pdf"
"PDF_SEM_MD","mestra\05_Doutrina_e_Biblioteca\Infograficos_Zenite","Planejamento – Termo de referência – Conteúdo.pdf","","","224","C:\Users\thiagonogueira\OneDrive - mppi.mp.br\CLC\01_Processos_e_Aquisicoes\Base de Conhecimento - Thiago\05_Doutrina_e_Biblioteca\Infograficos_Zenite\Planejamento – Termo de referência – Conteúdo.pdf"
"PDF_SEM_MD","mestra\05_Doutrina_e_Biblioteca\Infograficos_Zenite","Planejamento – Uso da Inteligência artificial – Benefícios.pdf","","","176","C:\Users\thiagonogueira\OneDrive - mppi.mp.br\CLC\01_Processos_e_Aquisicoes\Base de Conhecimento - Thiago\05_Doutrina_e_Biblioteca\Infograficos_Zenite\Planejamento – Uso da Inteligência artificial – Benefícios.pdf"
"PDF_SEM_MD","mestra\05_Doutrina_e_Biblioteca\Infograficos_Zenite","Sistema de registro de preços – Características do procedimento.pdf","","","190","C:\Users\thiagonogueira\OneDrive - mppi.mp.br\CLC\01_Processos_e_Aquisicoes\Base de Conhecimento - Thiago\05_Doutrina_e_Biblioteca\Infograficos_Zenite\Sistema de registro de preços – Características do procedimento.pdf"
"PDF_SEM_MD","mestra\05_Doutrina_e_Biblioteca\Infograficos_Zenite","Terceirização – Edital – Definição de CCT a ser seguida – Vedação.pdf","","","129","C:\Users\thiagonogueira\OneDrive - mppi.mp.br\CLC\01_Processos_e_Aquisicoes\Base de Conhecimento - Thiago\05_Doutrina_e_Biblioteca\Infograficos_Zenite\Terceirização – Edital – Definição de CCT a ser seguida – Vedação.pdf"
"PDF_SEM_MD","mestra\05_Doutrina_e_Biblioteca\Infograficos_Zenite","Terceirização – Planejamento – Julgamento – Execução do contrato.pdf","","","170","C:\Users\thiagonogueira\OneDrive - mppi.mp.br\CLC\01_Processos_e_Aquisicoes\Base de Conhecimento - Thiago\05_Doutrina_e_Biblioteca\Infograficos_Zenite\Terceirização – Planejamento – Julgamento – Execução do contrato.pdf"
"PDF_SEM_MD","mestra\05_Doutrina_e_Biblioteca\Infograficos_Zenite","Terceirização – Planejamento – Serviços com dedicação exclusiva de mão de obra – Requisitos.pdf","","","212","C:\Users\thiagonogueira\OneDrive - mppi.mp.br\CLC\01_Processos_e_Aquisicoes\Base de Conhecimento - Thiago\05_Doutrina_e_Biblioteca\Infograficos_Zenite\Terceirização – Planejamento – Serviços com dedicação exclusiva de mão de obra – Requisitos.pdf"
"PDF_SEM_MD","mestra\05_Doutrina_e_Biblioteca\Infograficos_Zenite","Terceirização – Processo de contratação – Planilhas da fase de planejamento e de julgamento.pdf","","","292","C:\Users\thiagonogueira\OneDrive - mppi.mp.br\CLC\01_Processos_e_Aquisicoes\Base de Conhecimento - Thiago\05_Doutrina_e_Biblioteca\Infograficos_Zenite\Terceirização – Processo de contratação – Planilhas da fase de planejamento e de julgamento.pdf"
"PDF_SEM_MD","mestra\06_Paineis_e_Contratos_Historicos","Guia Onboarding.pdf","","","111","C:\Users\thiagonogueira\OneDrive - mppi.mp.br\CLC\01_Processos_e_Aquisicoes\Base de Conhecimento - Thiago\06_Paineis_e_Contratos_Historicos\Guia Onboarding.pdf"
"PDF_SEM_MD","mestra\06_Paineis_e_Contratos_Historicos","manual-api-compras.pdf","","","1330","C:\Users\thiagonogueira\OneDrive - mppi.mp.br\CLC\01_Processos_e_Aquisicoes\Base de Conhecimento - Thiago\06_Paineis_e_Contratos_Historicos\manual-api-compras.pdf"
"PDF_SEM_MD","mestra\06_Paineis_e_Contratos_Historicos","manual-contratos-gov-br-nova-versao.pdf","","","11026","C:\Users\thiagonogueira\OneDrive - mppi.mp.br\CLC\01_Processos_e_Aquisicoes\Base de Conhecimento - Thiago\06_Paineis_e_Contratos_Historicos\manual-contratos-gov-br-nova-versao.pdf"
"PDF_SEM_MD","mestra\06_Paineis_e_Contratos_Historicos","Manual_das_APIs_Manual_das_APIs .pdf","","","694","C:\Users\thiagonogueira\OneDrive - mppi.mp.br\CLC\01_Processos_e_Aquisicoes\Base de Conhecimento - Thiago\06_Paineis_e_Contratos_Historicos\Manual_das_APIs_Manual_das_APIs .pdf"
"PDF_SEM_MD","mestra\06_Paineis_e_Contratos_Historicos","PCA 2026 - Versão 3.0 - MPPI.pdf","","","4219","C:\Users\thiagonogueira\OneDrive - mppi.mp.br\CLC\01_Processos_e_Aquisicoes\Base de Conhecimento - Thiago\06_Paineis_e_Contratos_Historicos\PCA 2026 - Versão 3.0 - MPPI.pdf"
"PDF_SEM_MD","mestra\06_Paineis_e_Contratos_Historicos","README.pdf","","","59","C:\Users\thiagonogueira\OneDrive - mppi.mp.br\CLC\01_Processos_e_Aquisicoes\Base de Conhecimento - Thiago\06_Paineis_e_Contratos_Historicos\README.pdf"
"PDF_SEM_MD","mestra\06_Paineis_e_Contratos_Historicos","Relatorio de Estrutura de Arquitetura.pdf","","","119","C:\Users\thiagonogueira\OneDrive - mppi.mp.br\CLC\01_Processos_e_Aquisicoes\Base de Conhecimento - Thiago\06_Paineis_e_Contratos_Historicos\Relatorio de Estrutura de Arquitetura.pdf"
"PDF_SEM_MD","mestra\06_Paineis_e_Contratos_Historicos","Relatorio_PCA_2027.pdf","","","207","C:\Users\thiagonogueira\OneDrive - mppi.mp.br\CLC\01_Processos_e_Aquisicoes\Base de Conhecimento - Thiago\06_Paineis_e_Contratos_Historicos\Relatorio_PCA_2027.pdf"
"PDF_SEM_MD","mestra\06_Paineis_e_Contratos_Historicos","SEI_0978996_Ata_de_Registro_de_Precos.pdf","","","124","C:\Users\thiagonogueira\OneDrive - mppi.mp.br\CLC\01_Processos_e_Aquisicoes\Base de Conhecimento - Thiago\06_Paineis_e_Contratos_Historicos\SEI_0978996_Ata_de_Registro_de_Precos.pdf"
"PDF_SEM_MD","mestra\06_Paineis_e_Contratos_Historicos","Tutorial_PCA_MPPI_2026 (2).pdf","","","1454","C:\Users\thiagonogueira\OneDrive - mppi.mp.br\CLC\01_Processos_e_Aquisicoes\Base de Conhecimento - Thiago\06_Paineis_e_Contratos_Historicos\Tutorial_PCA_MPPI_2026 (2).pdf"
"PDF_SEM_MD","mestra\06_Paineis_e_Contratos_Historicos","Tutorial_PCA_MPPI_2027.pdf","","","1233","C:\Users\thiagonogueira\OneDrive - mppi.mp.br\CLC\01_Processos_e_Aquisicoes\Base de Conhecimento - Thiago\06_Paineis_e_Contratos_Historicos\Tutorial_PCA_MPPI_2027.pdf"
"PDF_SEM_MD","mestra\SIte_PGE_PI\ACT - Termo de Autorização de Uso - Espaços da Cidadania","Publicacao-Acordo-de-Cooperacao-Tecnica-Espaco-da-Cidadania.pdf","","","2298","C:\Users\thiagonogueira\OneDrive - mppi.mp.br\CLC\01_Processos_e_Aquisicoes\Base de Conhecimento - Thiago\SIte_PGE_PI\ACT - Termo de Autorização de Uso - Espaços da Cidadania\Publicacao-Acordo-de-Cooperacao-Tecnica-Espaco-da-Cidadania.pdf"
"PDF_SEM_MD","mestra\SIte_PGE_PI\ACT - Termo de Autorização de Uso - Espaços da Cidadania","Publicacao-Termo-de-Autorizacao-de-Uso-Espaco-da-Cidadania.pdf","","","2297","C:\Users\thiagonogueira\OneDrive - mppi.mp.br\CLC\01_Processos_e_Aquisicoes\Base de Conhecimento - Thiago\SIte_PGE_PI\ACT - Termo de Autorização de Uso - Espaços da Cidadania\Publicacao-Termo-de-Autorizacao-de-Uso-Espaco-da-Cidadania.pdf"
"PDF_SEM_MD","mestra\SIte_PGE_PI\Adesão","Lei-14133-Lista-de-Verificacao-Adesao(1).pdf","","","149","C:\Users\thiagonogueira\OneDrive - mppi.mp.br\CLC\01_Processos_e_Aquisicoes\Base de Conhecimento - Thiago\SIte_PGE_PI\Adesão\Lei-14133-Lista-de-Verificacao-Adesao(1).pdf"
"PDF_SEM_MD","mestra\SIte_PGE_PI\Adesão","Lei-14133-Lista-de-Verificacao-Adesao-DOE(1).pdf","","","17969","C:\Users\thiagonogueira\OneDrive - mppi.mp.br\CLC\01_Processos_e_Aquisicoes\Base de Conhecimento - Thiago\SIte_PGE_PI\Adesão\Lei-14133-Lista-de-Verificacao-Adesao-DOE(1).pdf"
"PDF_SEM_MD","mestra\SIte_PGE_PI\Adesão","Lei-14133-Lista-de-Verificacao-Adesao-DOE.pdf","","","17969","C:\Users\thiagonogueira\OneDrive - mppi.mp.br\CLC\01_Processos_e_Aquisicoes\Base de Conhecimento - Thiago\SIte_PGE_PI\Adesão\Lei-14133-Lista-de-Verificacao-Adesao-DOE.pdf"
"PDF_SEM_MD","mestra\SIte_PGE_PI\Adesão","Lei-14133-Lista-de-Verificacao-Adesao.pdf","","","149","C:\Users\thiagonogueira\OneDrive - mppi.mp.br\CLC\01_Processos_e_Aquisicoes\Base de Conhecimento - Thiago\SIte_PGE_PI\Adesão\Lei-14133-Lista-de-Verificacao-Adesao.pdf"
"PDF_SEM_MD","mestra\SIte_PGE_PI\Adesão ARP Gerenciada pela SEAD","Lei-14133-Lista-de-Verificacao-Adesao-SEAD-DOE.pdf","","","17968","C:\Users\thiagonogueira\OneDrive - mppi.mp.br\CLC\01_Processos_e_Aquisicoes\Base de Conhecimento - Thiago\SIte_PGE_PI\Adesão ARP Gerenciada pela SEAD\Lei-14133-Lista-de-Verificacao-Adesao-SEAD-DOE.pdf"
"PDF_SEM_MD","mestra\SIte_PGE_PI\Adesão ARP Gerenciada pela SEAD","Lei-14133-Lista-de-Verificacao-Adesao-SEAD.pdf","","","145","C:\Users\thiagonogueira\OneDrive - mppi.mp.br\CLC\01_Processos_e_Aquisicoes\Base de Conhecimento - Thiago\SIte_PGE_PI\Adesão ARP Gerenciada pela SEAD\Lei-14133-Lista-de-Verificacao-Adesao-SEAD.pdf"
"PDF_SEM_MD","mestra\SIte_PGE_PI\Cessão Gratuita de Bem Imovel","DOEPI_179_2024.pdf","","","986","C:\Users\thiagonogueira\OneDrive - mppi.mp.br\CLC\01_Processos_e_Aquisicoes\Base de Conhecimento - Thiago\SIte_PGE_PI\Cessão Gratuita de Bem Imovel\DOEPI_179_2024.pdf"
"PDF_SEM_MD","mestra\SIte_PGE_PI\Cessão Gratuita de Bem Imovel","Termo_de_Cessao_Gratuita_de_Uso_de_Imovel_Publico._Setembro_2024.pdf","","","200","C:\Users\thiagonogueira\OneDrive - mppi.mp.br\CLC\01_Processos_e_Aquisicoes\Base de Conhecimento - Thiago\SIte_PGE_PI\Cessão Gratuita de Bem Imovel\Termo_de_Cessao_Gratuita_de_Uso_de_Imovel_Publico._Setembro_2024.pdf"
"PDF_SEM_MD","mestra\SIte_PGE_PI\Concorrencia_Eletronica","Lei-14133-Lista-de-Verificacao-Concorrencia-Eletronica-COM-SRP-Obras-e-Servicos-Especiais-de-Engenharia.pdf","","","161","C:\Users\thiagonogueira\OneDrive - mppi.mp.br\CLC\01_Processos_e_Aquisicoes\Base de Conhecimento - Thiago\SIte_PGE_PI\Concorrencia_Eletronica\Lei-14133-Lista-de-Verificacao-Concorrencia-Eletronica-COM-SRP-Obras-e-Servicos-Especiais-de-Engenharia.pdf"
"PDF_SEM_MD","mestra\SIte_PGE_PI\Concorrencia_Eletronica","Lei-14133-Lista-de-Verificacao-Concorrencia-Eletronica-SEM-SRP-Obras-e-Servicos-Especiais-de-Engenharia.pdf","","","166","C:\Users\thiagonogueira\OneDrive - mppi.mp.br\CLC\01_Processos_e_Aquisicoes\Base de Conhecimento - Thiago\SIte_PGE_PI\Concorrencia_Eletronica\Lei-14133-Lista-de-Verificacao-Concorrencia-Eletronica-SEM-SRP-Obras-e-Servicos-Especiais-de-Engenharia.pdf"
"PDF_SEM_MD","mestra\SIte_PGE_PI\Concorrencia_Eletronica","Lista-de-Verificacao-Concorrencia-Eletronica-COM-SRP-Obras-e-Servicos-Especiais-de-Engenharia-DOE.pdf","","","17970","C:\Users\thiagonogueira\OneDrive - mppi.mp.br\CLC\01_Processos_e_Aquisicoes\Base de Conhecimento - Thiago\SIte_PGE_PI\Concorrencia_Eletronica\Lista-de-Verificacao-Concorrencia-Eletronica-COM-SRP-Obras-e-Servicos-Especiais-de-Engenharia-DOE.pdf"
"PDF_SEM_MD","mestra\SIte_PGE_PI\Concorrencia_Eletronica","Lista-de-Verificacao-Concorrencia-Eletronica-SEM-SRP-Obras-e-Servicos-Especiais-de-Engenharia-DOE.pdf","","","17970","C:\Users\thiagonogueira\OneDrive - mppi.mp.br\CLC\01_Processos_e_Aquisicoes\Base de Conhecimento - Thiago\SIte_PGE_PI\Concorrencia_Eletronica\Lista-de-Verificacao-Concorrencia-Eletronica-SEM-SRP-Obras-e-Servicos-Especiais-de-Engenharia-DOE.pdf"
"PDF_SEM_MD","mestra\SIte_PGE_PI\Contratacao de pequeno valor (75, I)","Lei-14133-Lista-de-Verificacao-Contratacao-Direta-Pequeno-Valor-Obras-DOE.pdf","","","17970","C:\Users\thiagonogueira\OneDrive - mppi.mp.br\CLC\01_Processos_e_Aquisicoes\Base de Conhecimento - Thiago\SIte_PGE_PI\Contratacao de pequeno valor (75, I)\Lei-14133-Lista-de-Verificacao-Contratacao-Direta-Pequeno-Valor-Obras-DOE.pdf"
"PDF_SEM_MD","mestra\SIte_PGE_PI\Contratacao de pequeno valor (75, I)","Lei-14133-Lista-de-Verificacao-Contratacao-Direta-Pequeno-Valor-Obras.pdf","","","163","C:\Users\thiagonogueira\OneDrive - mppi.mp.br\CLC\01_Processos_e_Aquisicoes\Base de Conhecimento - Thiago\SIte_PGE_PI\Contratacao de pequeno valor (75, I)\Lei-14133-Lista-de-Verificacao-Contratacao-Direta-Pequeno-Valor-Obras.pdf"
"PDF_SEM_MD","mestra\SIte_PGE_PI\Contratacao de pequeno valor (75, II)","Lei-14133-Lista-de-Verificacao-Direta-Pequeno-Valor-Servicos-e-Compras-DOE.pdf","","","17968","C:\Users\thiagonogueira\OneDrive - mppi.mp.br\CLC\01_Processos_e_Aquisicoes\Base de Conhecimento - Thiago\SIte_PGE_PI\Contratacao de pequeno valor (75, II)\Lei-14133-Lista-de-Verificacao-Direta-Pequeno-Valor-Servicos-e-Compras-DOE.pdf"
"PDF_SEM_MD","mestra\SIte_PGE_PI\Contratacao de pequeno valor (75, II)","Lei-14133-Lista-de-Verificacao-Direta-Pequeno-Valor-Servicos-e-Compras.pdf","","","137","C:\Users\thiagonogueira\OneDrive - mppi.mp.br\CLC\01_Processos_e_Aquisicoes\Base de Conhecimento - Thiago\SIte_PGE_PI\Contratacao de pequeno valor (75, II)\Lei-14133-Lista-de-Verificacao-Direta-Pequeno-Valor-Servicos-e-Compras.pdf"
"PDF_SEM_MD","mestra\SIte_PGE_PI\Contratacao de pequeno valor - 75, I","Lei-14133-Lista-de-Verificacao-Contratacao-Direta-Pequeno-Valor-Servicos-Comuns-de-Engenharia(1).pdf","","","137","C:\Users\thiagonogueira\OneDrive - mppi.mp.br\CLC\01_Processos_e_Aquisicoes\Base de Conhecimento - Thiago\SIte_PGE_PI\Contratacao de pequeno valor - 75, I\Lei-14133-Lista-de-Verificacao-Contratacao-Direta-Pequeno-Valor-Servicos-Comuns-de-Engenharia(1).pdf"
"PDF_SEM_MD","mestra\SIte_PGE_PI\Contratacao de pequeno valor - 75, I","Lei-14133-Lista-de-Verificacao-Contratacao-Direta-Pequeno-Valor-Servicos-Comuns-de-Engenharia-DOE(1).pdf","","","17968","C:\Users\thiagonogueira\OneDrive - mppi.mp.br\CLC\01_Processos_e_Aquisicoes\Base de Conhecimento - Thiago\SIte_PGE_PI\Contratacao de pequeno valor - 75, I\Lei-14133-Lista-de-Verificacao-Contratacao-Direta-Pequeno-Valor-Servicos-Comuns-de-Engenharia-DOE(1).pdf"
"PDF_SEM_MD","mestra\SIte_PGE_PI\Contratacao de pequeno valor - 75, I","Lei-14133-Lista-de-Verificacao-Contratacao-Direta-Pequeno-Valor-Servicos-Comuns-de-Engenharia-DOE.pdf","","","17968","C:\Users\thiagonogueira\OneDrive - mppi.mp.br\CLC\01_Processos_e_Aquisicoes\Base de Conhecimento - Thiago\SIte_PGE_PI\Contratacao de pequeno valor - 75, I\Lei-14133-Lista-de-Verificacao-Contratacao-Direta-Pequeno-Valor-Servicos-Comuns-de-Engenharia-DOE.pdf"
"PDF_SEM_MD","mestra\SIte_PGE_PI\Contratacao de pequeno valor - 75, I","Lei-14133-Lista-de-Verificacao-Contratacao-Direta-Pequeno-Valor-Servicos-Comuns-de-Engenharia.pdf","","","137","C:\Users\thiagonogueira\OneDrive - mppi.mp.br\CLC\01_Processos_e_Aquisicoes\Base de Conhecimento - Thiago\SIte_PGE_PI\Contratacao de pequeno valor - 75, I\Lei-14133-Lista-de-Verificacao-Contratacao-Direta-Pequeno-Valor-Servicos-Comuns-de-Engenharia.pdf"
"PDF_SEM_MD","mestra\SIte_PGE_PI\Lista de Verificação - Alteração Quantitativa","Lei-14133-Lista-de-Verificacao-Alteracao-Quantitativa-DOE.pdf","","","17967","C:\Users\thiagonogueira\OneDrive - mppi.mp.br\CLC\01_Processos_e_Aquisicoes\Base de Conhecimento - Thiago\SIte_PGE_PI\Lista de Verificação - Alteração Quantitativa\Lei-14133-Lista-de-Verificacao-Alteracao-Quantitativa-DOE.pdf"
"PDF_SEM_MD","mestra\SIte_PGE_PI\Lista de Verificação - Alteração Quantitativa","Lei-14133-Lista-de-Verificacao-Alteracao-Quantitativa.pdf","","","117","C:\Users\thiagonogueira\OneDrive - mppi.mp.br\CLC\01_Processos_e_Aquisicoes\Base de Conhecimento - Thiago\SIte_PGE_PI\Lista de Verificação - Alteração Quantitativa\Lei-14133-Lista-de-Verificacao-Alteracao-Quantitativa.pdf"
"PDF_SEM_MD","mestra\SIte_PGE_PI\Lista de Verificação - Contratação Direta - Obras","Lei-14133-Lista-de-Verificacao-Contratacao-Direta-Obras-DOE.pdf","","","17970","C:\Users\thiagonogueira\OneDrive - mppi.mp.br\CLC\01_Processos_e_Aquisicoes\Base de Conhecimento - Thiago\SIte_PGE_PI\Lista de Verificação - Contratação Direta - Obras\Lei-14133-Lista-de-Verificacao-Contratacao-Direta-Obras-DOE.pdf"
"PDF_SEM_MD","mestra\SIte_PGE_PI\Lista de Verificação - Contratação Direta - Obras","Lei-14133-Lista-de-Verificacao-Contratacao-Direta-Obras.pdf","","","169","C:\Users\thiagonogueira\OneDrive - mppi.mp.br\CLC\01_Processos_e_Aquisicoes\Base de Conhecimento - Thiago\SIte_PGE_PI\Lista de Verificação - Contratação Direta - Obras\Lei-14133-Lista-de-Verificacao-Contratacao-Direta-Obras.pdf"
"PDF_SEM_MD","mestra\SIte_PGE_PI\Lista de Verificação - Contratação Direta - Serviços ou Compras","Lei-14133-Lista-de-Verificacao-Contratacao-Direta-Servicos-ou-Compras-DOE.pdf","","","17968","C:\Users\thiagonogueira\OneDrive - mppi.mp.br\CLC\01_Processos_e_Aquisicoes\Base de Conhecimento - Thiago\SIte_PGE_PI\Lista de Verificação - Contratação Direta - Serviços ou Compras\Lei-14133-Lista-de-Verificacao-Contratacao-Direta-Servicos-ou-Compras-DOE.pdf"
"PDF_SEM_MD","mestra\SIte_PGE_PI\Lista de Verificação - Contratação Direta - Serviços ou Compras","Lei-14133-Lista-de-Verificacao-Contratacao-Direta-Servicos-ou-Compras.pdf","","","140","C:\Users\thiagonogueira\OneDrive - mppi.mp.br\CLC\01_Processos_e_Aquisicoes\Base de Conhecimento - Thiago\SIte_PGE_PI\Lista de Verificação - Contratação Direta - Serviços ou Compras\Lei-14133-Lista-de-Verificacao-Contratacao-Direta-Servicos-ou-Compras.pdf"
"PDF_SEM_MD","mestra\SIte_PGE_PI\Lista de Verificação - Reajuste - Decreto Estadual 22737-2024","Lei-14133-Lista-de-Verificacao-Reajuste-DOE.pdf","","","17966","C:\Users\thiagonogueira\OneDrive - mppi.mp.br\CLC\01_Processos_e_Aquisicoes\Base de Conhecimento - Thiago\SIte_PGE_PI\Lista de Verificação - Reajuste - Decreto Estadual 22737-2024\Lei-14133-Lista-de-Verificacao-Reajuste-DOE.pdf"
"PDF_SEM_MD","mestra\SIte_PGE_PI\Lista de Verificação - Reajuste - Decreto Estadual 22737-2024","Lei-14133-Lista-de-Verificacao-Reajuste.pdf","","","93","C:\Users\thiagonogueira\OneDrive - mppi.mp.br\CLC\01_Processos_e_Aquisicoes\Base de Conhecimento - Thiago\SIte_PGE_PI\Lista de Verificação - Reajuste - Decreto Estadual 22737-2024\Lei-14133-Lista-de-Verificacao-Reajuste.pdf"
"PDF_SEM_MD","mestra\SIte_PGE_PI\Lista de Verificação - Repactuação","Lei-14133-Lista-de-Verificacao-Repactuacao-DOE.pdf","","","17966","C:\Users\thiagonogueira\OneDrive - mppi.mp.br\CLC\01_Processos_e_Aquisicoes\Base de Conhecimento - Thiago\SIte_PGE_PI\Lista de Verificação - Repactuação\Lei-14133-Lista-de-Verificacao-Repactuacao-DOE.pdf"
"PDF_SEM_MD","mestra\SIte_PGE_PI\Lista de Verificação - Repactuação","Lei-14133-Lista-de-Verificacao-Repactuacao.pdf","","","82","C:\Users\thiagonogueira\OneDrive - mppi.mp.br\CLC\01_Processos_e_Aquisicoes\Base de Conhecimento - Thiago\SIte_PGE_PI\Lista de Verificação - Repactuação\Lei-14133-Lista-de-Verificacao-Repactuacao.pdf"
"PDF_SEM_MD","mestra\SIte_PGE_PI\Lista de Verificação - Revisão-Realinhamento","Lei-14133-Lista-de-Verificacao-Revisao-Realinhamento-DOE.pdf","","","17967","C:\Users\thiagonogueira\OneDrive - mppi.mp.br\CLC\01_Processos_e_Aquisicoes\Base de Conhecimento - Thiago\SIte_PGE_PI\Lista de Verificação - Revisão-Realinhamento\Lei-14133-Lista-de-Verificacao-Revisao-Realinhamento-DOE.pdf"
"PDF_SEM_MD","mestra\SIte_PGE_PI\Lista de Verificação - Revisão-Realinhamento","Lei-14133-Lista-de-Verificacao-Revisao-Realinhamento.pdf","","","118","C:\Users\thiagonogueira\OneDrive - mppi.mp.br\CLC\01_Processos_e_Aquisicoes\Base de Conhecimento - Thiago\SIte_PGE_PI\Lista de Verificação - Revisão-Realinhamento\Lei-14133-Lista-de-Verificacao-Revisao-Realinhamento.pdf"
"PDF_SEM_MD","mestra\SIte_PGE_PI\Locação de Imóvel - Abril 2024","Contrato_de_Locacao_de_Imovel._Lei_14.133.pdf","","","214","C:\Users\thiagonogueira\OneDrive - mppi.mp.br\CLC\01_Processos_e_Aquisicoes\Base de Conhecimento - Thiago\SIte_PGE_PI\Locação de Imóvel - Abril 2024\Contrato_de_Locacao_de_Imovel._Lei_14.133.pdf"
"PDF_SEM_MD","mestra\SIte_PGE_PI\Locação de Imóvel - Abril 2024","Lei-14133-Lista-de-Verificacao-Locacao-Imovel.pdf","","","130","C:\Users\thiagonogueira\OneDrive - mppi.mp.br\CLC\01_Processos_e_Aquisicoes\Base de Conhecimento - Thiago\SIte_PGE_PI\Locação de Imóvel - Abril 2024\Lei-14133-Lista-de-Verificacao-Locacao-Imovel.pdf"
"PDF_SEM_MD","mestra\SIte_PGE_PI\Locação de Imóvel - Abril 2024","Lei-14133-Locacao-Imovel-DOE.pdf","","","17968","C:\Users\thiagonogueira\OneDrive - mppi.mp.br\CLC\01_Processos_e_Aquisicoes\Base de Conhecimento - Thiago\SIte_PGE_PI\Locação de Imóvel - Abril 2024\Lei-14133-Locacao-Imovel-DOE.pdf"
"PDF_SEM_MD","mestra\SIte_PGE_PI\Locação de Imóvel - Abril 2024","Minuta-Padrao-Contrato-de-Locacao-de-Imovel.pdf","","","1435","C:\Users\thiagonogueira\OneDrive - mppi.mp.br\CLC\01_Processos_e_Aquisicoes\Base de Conhecimento - Thiago\SIte_PGE_PI\Locação de Imóvel - Abril 2024\Minuta-Padrao-Contrato-de-Locacao-de-Imovel.pdf"
"PDF_SEM_MD","mestra\SIte_PGE_PI\LV - Contratação Direta - Serv Comuns Eng","Lista-de-Verificacao-Contratacao-Direta-Servicos-Comuns-de-Engenharia-DOE.pdf","","","17968","C:\Users\thiagonogueira\OneDrive - mppi.mp.br\CLC\01_Processos_e_Aquisicoes\Base de Conhecimento - Thiago\SIte_PGE_PI\LV - Contratação Direta - Serv Comuns Eng\Lista-de-Verificacao-Contratacao-Direta-Servicos-Comuns-de-Engenharia-DOE.pdf"
"PDF_SEM_MD","mestra\SIte_PGE_PI\LV - Contratação Direta - Serv Comuns Eng","Lista-de-Verificacao-Contratacao-Direta-Servicos-Comuns-de-Engenharia.pdf","","","140","C:\Users\thiagonogueira\OneDrive - mppi.mp.br\CLC\01_Processos_e_Aquisicoes\Base de Conhecimento - Thiago\SIte_PGE_PI\LV - Contratação Direta - Serv Comuns Eng\Lista-de-Verificacao-Contratacao-Direta-Servicos-Comuns-de-Engenharia.pdf"
"PDF_SEM_MD","mestra\SIte_PGE_PI\LV - Prorrogação Contínuos","Lei-14133-Lista-de-Verificacao-Prorrogacao-Servicos-ou-Fornecimentos-Continuos-DOE.pdf","","","17967","C:\Users\thiagonogueira\OneDrive - mppi.mp.br\CLC\01_Processos_e_Aquisicoes\Base de Conhecimento - Thiago\SIte_PGE_PI\LV - Prorrogação Contínuos\Lei-14133-Lista-de-Verificacao-Prorrogacao-Servicos-ou-Fornecimentos-Continuos-DOE.pdf"
"PDF_SEM_MD","mestra\SIte_PGE_PI\LV - Prorrogação Contínuos","Lei-14133-Lista-de-Verificacao-Prorrogacao-Servicos-ou-Fornecimentos-Continuos.pdf","","","118","C:\Users\thiagonogueira\OneDrive - mppi.mp.br\CLC\01_Processos_e_Aquisicoes\Base de Conhecimento - Thiago\SIte_PGE_PI\LV - Prorrogação Contínuos\Lei-14133-Lista-de-Verificacao-Prorrogacao-Servicos-ou-Fornecimentos-Continuos.pdf"
"PDF_SEM_MD","mestra\SIte_PGE_PI\LV - Prorrogação Não Contínuos","Lei-14133-Lista-de-Verificacao-Prorrogacao-Obras-Servicos-ou-Fornecimentos-nao-continuados-DOE.pdf","","","17967","C:\Users\thiagonogueira\OneDrive - mppi.mp.br\CLC\01_Processos_e_Aquisicoes\Base de Conhecimento - Thiago\SIte_PGE_PI\LV - Prorrogação Não Contínuos\Lei-14133-Lista-de-Verificacao-Prorrogacao-Obras-Servicos-ou-Fornecimentos-nao-continuados-DOE.pdf"
"PDF_SEM_MD","mestra\SIte_PGE_PI\LV - Prorrogação Não Contínuos","Lei-14133-Lista-de-Verificacao-Prorrogacao-Obras-Servicos-ou-Fornecimentos-nao-continuados.pdf","","","115","C:\Users\thiagonogueira\OneDrive - mppi.mp.br\CLC\01_Processos_e_Aquisicoes\Base de Conhecimento - Thiago\SIte_PGE_PI\LV - Prorrogação Não Contínuos\Lei-14133-Lista-de-Verificacao-Prorrogacao-Obras-Servicos-ou-Fornecimentos-nao-continuados.pdf"
"PDF_SEM_MD","mestra\SIte_PGE_PI\Pregão Eletrônico - Bens e Serviços","01-Lei-14133-Lista-de-Verificacao-Pregao-Eletronico-SEM-SRP-Outubro-2025.pdf","","","130","C:\Users\thiagonogueira\OneDrive - mppi.mp.br\CLC\01_Processos_e_Aquisicoes\Base de Conhecimento - Thiago\SIte_PGE_PI\Pregão Eletrônico - Bens e Serviços\01-Lei-14133-Lista-de-Verificacao-Pregao-Eletronico-SEM-SRP-Outubro-2025.pdf"
"PDF_SEM_MD","mestra\SIte_PGE_PI\Pregão Eletrônico - Bens e Serviços","02-Lei-14133-Lista-de-Verificacao-Pregao-Eletronico-COM-SRP-Outubro-2025.pdf","","","128","C:\Users\thiagonogueira\OneDrive - mppi.mp.br\CLC\01_Processos_e_Aquisicoes\Base de Conhecimento - Thiago\SIte_PGE_PI\Pregão Eletrônico - Bens e Serviços\02-Lei-14133-Lista-de-Verificacao-Pregao-Eletronico-COM-SRP-Outubro-2025.pdf"
"PDF_SEM_MD","mestra\SIte_PGE_PI\Pregão Eletrônico - Bens e Serviços","Lista-de-Verificacao-para-Abertura-de-Pregao-Bens-e-Servicos-Comuns-DOE.pdf","","","17968","C:\Users\thiagonogueira\OneDrive - mppi.mp.br\CLC\01_Processos_e_Aquisicoes\Base de Conhecimento - Thiago\SIte_PGE_PI\Pregão Eletrônico - Bens e Serviços\Lista-de-Verificacao-para-Abertura-de-Pregao-Bens-e-Servicos-Comuns-DOE.pdf"
"PDF_SEM_MD","mestra\SIte_PGE_PI\Pregão Eletrônico - Bens e Serviços","Lista-de-Verificacao-para-Abertura-de-Pregao-Registro-de-Precos-DOE.pdf","","","17968","C:\Users\thiagonogueira\OneDrive - mppi.mp.br\CLC\01_Processos_e_Aquisicoes\Base de Conhecimento - Thiago\SIte_PGE_PI\Pregão Eletrônico - Bens e Serviços\Lista-de-Verificacao-para-Abertura-de-Pregao-Registro-de-Precos-DOE.pdf"
"PDF_SEM_MD","mestra\SIte_PGE_PI\Pregão Eletrônico - Serviços Comuns de Engenharia","Lei-14133-Lista-de-Verificacao-Pregao-Eletronico-COM-SRP-Servicos-Comuns-de-Engenharia.pdf","","","127","C:\Users\thiagonogueira\OneDrive - mppi.mp.br\CLC\01_Processos_e_Aquisicoes\Base de Conhecimento - Thiago\SIte_PGE_PI\Pregão Eletrônico - Serviços Comuns de Engenharia\Lei-14133-Lista-de-Verificacao-Pregao-Eletronico-COM-SRP-Servicos-Comuns-de-Engenharia.pdf"
"PDF_SEM_MD","mestra\SIte_PGE_PI\Pregão Eletrônico - Serviços Comuns de Engenharia","Lei-14133-Lista-de-Verificacao-Pregao-Eletronico-SEM-SRP-Servicos-Comuns-de-Engenharia.pdf","","","129","C:\Users\thiagonogueira\OneDrive - mppi.mp.br\CLC\01_Processos_e_Aquisicoes\Base de Conhecimento - Thiago\SIte_PGE_PI\Pregão Eletrônico - Serviços Comuns de Engenharia\Lei-14133-Lista-de-Verificacao-Pregao-Eletronico-SEM-SRP-Servicos-Comuns-de-Engenharia.pdf"
"PDF_SEM_MD","mestra\SIte_PGE_PI\Pregão Eletrônico - Serviços Comuns de Engenharia","Lista-de-Verificacao-Pregao-Eletronico-COM-SRP-Servicos-Comuns-de-Engenharia-DOE.pdf","","","17968","C:\Users\thiagonogueira\OneDrive - mppi.mp.br\CLC\01_Processos_e_Aquisicoes\Base de Conhecimento - Thiago\SIte_PGE_PI\Pregão Eletrônico - Serviços Comuns de Engenharia\Lista-de-Verificacao-Pregao-Eletronico-COM-SRP-Servicos-Comuns-de-Engenharia-DOE.pdf"
"PDF_SEM_MD","mestra\SIte_PGE_PI\Pregão Eletrônico - Serviços Comuns de Engenharia","Lista-de-Verificacao-Pregao-Eletronico-SEM-SRP-Servicos-Comuns-de-Engenharia-DOE.pdf","","","17968","C:\Users\thiagonogueira\OneDrive - mppi.mp.br\CLC\01_Processos_e_Aquisicoes\Base de Conhecimento - Thiago\SIte_PGE_PI\Pregão Eletrônico - Serviços Comuns de Engenharia\Lista-de-Verificacao-Pregao-Eletronico-SEM-SRP-Servicos-Comuns-de-Engenharia-DOE.pdf"
"MD_SEM_PDF","mestra\00_Ferramentas_e_Scripts_Analise","","Caderno_Prompts_IA_Auditoria_Licitacoes.md","mestra\00_Ferramentas_e_Scripts_Analise","0","C:\Users\thiagonogueira\OneDrive - mppi.mp.br\CLC\01_Processos_e_Aquisicoes\Base de Conhecimento - Thiago\00_Ferramentas_e_Scripts_Analise\Caderno_Prompts_IA_Auditoria_Licitacoes.md"
"MD_SEM_PDF","mestra\00_Ferramentas_e_Scripts_Analise","","Nota_Tecnica_Sugestoes_Redacao_Correcao_Artefatos.md","mestra\00_Ferramentas_e_Scripts_Analise","0","C:\Users\thiagonogueira\OneDrive - mppi.mp.br\CLC\01_Processos_e_Aquisicoes\Base de Conhecimento - Thiago\00_Ferramentas_e_Scripts_Analise\Nota_Tecnica_Sugestoes_Redacao_Correcao_Artefatos.md"
"MD_SEM_PDF","mestra\00_Ferramentas_e_Scripts_Analise\Checklists_Auditoria","","Checklist de Auditoria - Contratacoes Diretas (Dispensas e Inexigibilidades).md","mestra\00_Ferramentas_e_Scripts_Analise\Checklists_Auditoria","0","C:\Users\thiagonogueira\OneDrive - mppi.mp.br\CLC\01_Processos_e_Aquisicoes\Base de Conhecimento - Thiago\00_Ferramentas_e_Scripts_Analise\Checklists_Auditoria\Checklist de Auditoria - Contratacoes Diretas (Dispensas e Inexigibilidades).md"
"MD_SEM_PDF","mestra\00_Ferramentas_e_Scripts_Analise\Checklists_Auditoria","","Checklist de Auditoria - DFD (Documento de Formalizacao da Demanda).md","mestra\00_Ferramentas_e_Scripts_Analise\Checklists_Auditoria","0","C:\Users\thiagonogueira\OneDrive - mppi.mp.br\CLC\01_Processos_e_Aquisicoes\Base de Conhecimento - Thiago\00_Ferramentas_e_Scripts_Analise\Checklists_Auditoria\Checklist de Auditoria - DFD (Documento de Formalizacao da Demanda).md"
"MD_SEM_PDF","mestra\00_Ferramentas_e_Scripts_Analise\Checklists_Auditoria","","Checklist de Auditoria - ETP (Estudo Tecnico Preliminar).md","mestra\00_Ferramentas_e_Scripts_Analise\Checklists_Auditoria","0","C:\Users\thiagonogueira\OneDrive - mppi.mp.br\CLC\01_Processos_e_Aquisicoes\Base de Conhecimento - Thiago\00_Ferramentas_e_Scripts_Analise\Checklists_Auditoria\Checklist de Auditoria - ETP (Estudo Tecnico Preliminar).md"
"MD_SEM_PDF","mestra\00_Ferramentas_e_Scripts_Analise\Checklists_Auditoria","","Checklist de Auditoria - Fase Interna e Selecao do Fornecedor.md","mestra\00_Ferramentas_e_Scripts_Analise\Checklists_Auditoria","0","C:\Users\thiagonogueira\OneDrive - mppi.mp.br\CLC\01_Processos_e_Aquisicoes\Base de Conhecimento - Thiago\00_Ferramentas_e_Scripts_Analise\Checklists_Auditoria\Checklist de Auditoria - Fase Interna e Selecao do Fornecedor.md"
"MD_SEM_PDF","mestra\00_Ferramentas_e_Scripts_Analise\Checklists_Auditoria","","Checklist de Auditoria - Revisao e Aprofundamento de Quesitos de TR.md","mestra\00_Ferramentas_e_Scripts_Analise\Checklists_Auditoria","0","C:\Users\thiagonogueira\OneDrive - mppi.mp.br\CLC\01_Processos_e_Aquisicoes\Base de Conhecimento - Thiago\00_Ferramentas_e_Scripts_Analise\Checklists_Auditoria\Checklist de Auditoria - Revisao e Aprofundamento de Quesitos de TR.md"
"MD_SEM_PDF","mestra\00_Ferramentas_e_Scripts_Analise\Checklists_Auditoria","","Checklist de Auditoria - Termo de Referencia (TR).md","mestra\00_Ferramentas_e_Scripts_Analise\Checklists_Auditoria","0","C:\Users\thiagonogueira\OneDrive - mppi.mp.br\CLC\01_Processos_e_Aquisicoes\Base de Conhecimento - Thiago\00_Ferramentas_e_Scripts_Analise\Checklists_Auditoria\Checklist de Auditoria - Termo de Referencia (TR).md"
"MD_SEM_PDF","mestra\00_Ferramentas_e_Scripts_Analise\Checklists_Auditoria","","Lista de Verificacao - Fase Interna de Selecao.md","mestra\00_Ferramentas_e_Scripts_Analise\Checklists_Auditoria","0","C:\Users\thiagonogueira\OneDrive - mppi.mp.br\CLC\01_Processos_e_Aquisicoes\Base de Conhecimento - Thiago\00_Ferramentas_e_Scripts_Analise\Checklists_Auditoria\Lista de Verificacao - Fase Interna de Selecao.md"
"MD_SEM_PDF","mestra\01_Normativos_Vigentes\01_Federal\Acordaos_Pareceres_Orientacoes","","Acórdão TCU nº 547-2026 - Plenário - Auditoria SRP e PNCP.md","mestra\01_Normativos_Vigentes\01_Federal\Acordaos_Pareceres_Orientacoes","0","C:\Users\thiagonogueira\OneDrive - mppi.mp.br\CLC\01_Processos_e_Aquisicoes\Base de Conhecimento - Thiago\01_Normativos_Vigentes\01_Federal\Acordaos_Pareceres_Orientacoes\Acórdão TCU nº 547-2026 - Plenário - Auditoria SRP e PNCP.md"
"MD_SEM_PDF","mestra\01_Normativos_Vigentes\01_Federal\Acordaos_Pareceres_Orientacoes","","Federal - Acordao TCU 2037.2019 Plenario - Governanca de Contratacoes.md","mestra\01_Normativos_Vigentes\01_Federal\Acordaos_Pareceres_Orientacoes","0","C:\Users\thiagonogueira\OneDrive - mppi.mp.br\CLC\01_Processos_e_Aquisicoes\Base de Conhecimento - Thiago\01_Normativos_Vigentes\01_Federal\Acordaos_Pareceres_Orientacoes\Federal - Acordao TCU 2037.2019 Plenario - Governanca de Contratacoes.md"
"MD_SEM_PDF","mestra\01_Normativos_Vigentes\01_Federal\Acordaos_Pareceres_Orientacoes","","Federal - Nota Recomendatoria Conjunta 01.2025 - Adesao a ARP Carona.md","mestra\01_Normativos_Vigentes\01_Federal\Acordaos_Pareceres_Orientacoes","0","C:\Users\thiagonogueira\OneDrive - mppi.mp.br\CLC\01_Processos_e_Aquisicoes\Base de Conhecimento - Thiago\01_Normativos_Vigentes\01_Federal\Acordaos_Pareceres_Orientacoes\Federal - Nota Recomendatoria Conjunta 01.2025 - Adesao a ARP Carona.md"
"MD_SEM_PDF","mestra\01_Normativos_Vigentes\01_Federal\Acordaos_Pareceres_Orientacoes","","Federal - ON 88.2024 AGU - Dispensa de Licitacao em Razao do Valor.md","mestra\01_Normativos_Vigentes\01_Federal\Acordaos_Pareceres_Orientacoes","0","C:\Users\thiagonogueira\OneDrive - mppi.mp.br\CLC\01_Processos_e_Aquisicoes\Base de Conhecimento - Thiago\01_Normativos_Vigentes\01_Federal\Acordaos_Pareceres_Orientacoes\Federal - ON 88.2024 AGU - Dispensa de Licitacao em Razao do Valor.md"
"MD_SEM_PDF","mestra\01_Normativos_Vigentes\01_Federal\Acordaos_Pareceres_Orientacoes","","Federal - ON 89.2024 AGU - Contratacoes Diretas e Alteracoes Contratuais.md","mestra\01_Normativos_Vigentes\01_Federal\Acordaos_Pareceres_Orientacoes","0","C:\Users\thiagonogueira\OneDrive - mppi.mp.br\CLC\01_Processos_e_Aquisicoes\Base de Conhecimento - Thiago\01_Normativos_Vigentes\01_Federal\Acordaos_Pareceres_Orientacoes\Federal - ON 89.2024 AGU - Contratacoes Diretas e Alteracoes Contratuais.md"
"MD_SEM_PDF","mestra\01_Normativos_Vigentes\01_Federal\Acordaos_Pareceres_Orientacoes","","Federal - Parecer Referencial 00001.2026 CONJUR-MS-CGU-AGU.md","mestra\01_Normativos_Vigentes\01_Federal\Acordaos_Pareceres_Orientacoes","0","C:\Users\thiagonogueira\OneDrive - mppi.mp.br\CLC\01_Processos_e_Aquisicoes\Base de Conhecimento - Thiago\01_Normativos_Vigentes\01_Federal\Acordaos_Pareceres_Orientacoes\Federal - Parecer Referencial 00001.2026 CONJUR-MS-CGU-AGU.md"
"MD_SEM_PDF","mestra\01_Normativos_Vigentes\01_Federal\Constituicao","","Federal -  CF - 88.md","mestra\01_Normativos_Vigentes\01_Federal\Constituicao","0","C:\Users\thiagonogueira\OneDrive - mppi.mp.br\CLC\01_Processos_e_Aquisicoes\Base de Conhecimento - Thiago\01_Normativos_Vigentes\01_Federal\Constituicao\Federal -  CF - 88.md"
"MD_SEM_PDF","mestra\01_Normativos_Vigentes\01_Federal\Constituicao","","Federal -  CF - 88_2.md","mestra\01_Normativos_Vigentes\01_Federal\Constituicao","0","C:\Users\thiagonogueira\OneDrive - mppi.mp.br\CLC\01_Processos_e_Aquisicoes\Base de Conhecimento - Thiago\01_Normativos_Vigentes\01_Federal\Constituicao\Federal -  CF - 88_2.md"
"MD_SEM_PDF","mestra\01_Normativos_Vigentes\01_Federal\Decretos","","Federal - Decreto Federal 10818 - Bens Comuns e de Luxo.md","mestra\01_Normativos_Vigentes\01_Federal\Decretos","0","C:\Users\thiagonogueira\OneDrive - mppi.mp.br\CLC\01_Processos_e_Aquisicoes\Base de Conhecimento - Thiago\01_Normativos_Vigentes\01_Federal\Decretos\Federal - Decreto Federal 10818 - Bens Comuns e de Luxo.md"
"MD_SEM_PDF","mestra\01_Normativos_Vigentes\01_Federal\Decretos","","Federal - Decreto Federal 11462 - Sistema de Registro de Preços.md","mestra\01_Normativos_Vigentes\01_Federal\Decretos","0","C:\Users\thiagonogueira\OneDrive - mppi.mp.br\CLC\01_Processos_e_Aquisicoes\Base de Conhecimento - Thiago\01_Normativos_Vigentes\01_Federal\Decretos\Federal - Decreto Federal 11462 - Sistema de Registro de Preços.md"
"MD_SEM_PDF","mestra\01_Normativos_Vigentes\01_Federal\Decretos","","Federal - Decreto Federal 12343.2024 - Atualiza Valores da 14.133.md","mestra\01_Normativos_Vigentes\01_Federal\Decretos","0","C:\Users\thiagonogueira\OneDrive - mppi.mp.br\CLC\01_Processos_e_Aquisicoes\Base de Conhecimento - Thiago\01_Normativos_Vigentes\01_Federal\Decretos\Federal - Decreto Federal 12343.2024 - Atualiza Valores da 14.133.md"
"MD_SEM_PDF","mestra\01_Normativos_Vigentes\01_Federal\Decretos","","Federal - Decreto Federal 12807.2025 - Atualiza Valores 14133.md","mestra\01_Normativos_Vigentes\01_Federal\Decretos","0","C:\Users\thiagonogueira\OneDrive - mppi.mp.br\CLC\01_Processos_e_Aquisicoes\Base de Conhecimento - Thiago\01_Normativos_Vigentes\01_Federal\Decretos\Federal - Decreto Federal 12807.2025 - Atualiza Valores 14133.md"
"MD_SEM_PDF","mestra\01_Normativos_Vigentes\01_Federal\Instrucoes_Normativas","","Federal - IN 05.2017 - Terceirizados.md","mestra\01_Normativos_Vigentes\01_Federal\Instrucoes_Normativas","0","C:\Users\thiagonogueira\OneDrive - mppi.mp.br\CLC\01_Processos_e_Aquisicoes\Base de Conhecimento - Thiago\01_Normativos_Vigentes\01_Federal\Instrucoes_Normativas\Federal - IN 05.2017 - Terceirizados.md"
"MD_SEM_PDF","mestra\01_Normativos_Vigentes\01_Federal\Instrucoes_Normativas","","Federal - IN 103.2022 - Locação de Imóveis.md","mestra\01_Normativos_Vigentes\01_Federal\Instrucoes_Normativas","0","C:\Users\thiagonogueira\OneDrive - mppi.mp.br\CLC\01_Processos_e_Aquisicoes\Base de Conhecimento - Thiago\01_Normativos_Vigentes\01_Federal\Instrucoes_Normativas\Federal - IN 103.2022 - Locação de Imóveis.md"
"MD_SEM_PDF","mestra\01_Normativos_Vigentes\01_Federal\Instrucoes_Normativas","","Federal - IN 58.2022 - ETP 2.md","mestra\01_Normativos_Vigentes\01_Federal\Instrucoes_Normativas","0","C:\Users\thiagonogueira\OneDrive - mppi.mp.br\CLC\01_Processos_e_Aquisicoes\Base de Conhecimento - Thiago\01_Normativos_Vigentes\01_Federal\Instrucoes_Normativas\Federal - IN 58.2022 - ETP 2.md"
"MD_SEM_PDF","mestra\01_Normativos_Vigentes\01_Federal\Instrucoes_Normativas","","Federal - IN 65.2021 - Pesquisa de Preços.md","mestra\01_Normativos_Vigentes\01_Federal\Instrucoes_Normativas","0","C:\Users\thiagonogueira\OneDrive - mppi.mp.br\CLC\01_Processos_e_Aquisicoes\Base de Conhecimento - Thiago\01_Normativos_Vigentes\01_Federal\Instrucoes_Normativas\Federal - IN 65.2021 - Pesquisa de Preços.md"
"MD_SEM_PDF","mestra\01_Normativos_Vigentes\01_Federal\Instrucoes_Normativas","","Federal - IN 67.2021 - Dispensa Eletrônica.md","mestra\01_Normativos_Vigentes\01_Federal\Instrucoes_Normativas","0","C:\Users\thiagonogueira\OneDrive - mppi.mp.br\CLC\01_Processos_e_Aquisicoes\Base de Conhecimento - Thiago\01_Normativos_Vigentes\01_Federal\Instrucoes_Normativas\Federal - IN 67.2021 - Dispensa Eletrônica.md"
"MD_SEM_PDF","mestra\01_Normativos_Vigentes\01_Federal\Instrucoes_Normativas","","Federal - IN 77.2022 - Ordem Cronológica.md","mestra\01_Normativos_Vigentes\01_Federal\Instrucoes_Normativas","0","C:\Users\thiagonogueira\OneDrive - mppi.mp.br\CLC\01_Processos_e_Aquisicoes\Base de Conhecimento - Thiago\01_Normativos_Vigentes\01_Federal\Instrucoes_Normativas\Federal - IN 77.2022 - Ordem Cronológica.md"
"MD_SEM_PDF","mestra\01_Normativos_Vigentes\01_Federal\Instrucoes_Normativas","","Federal - IN 81.2022 - TR 2.md","mestra\01_Normativos_Vigentes\01_Federal\Instrucoes_Normativas","0","C:\Users\thiagonogueira\OneDrive - mppi.mp.br\CLC\01_Processos_e_Aquisicoes\Base de Conhecimento - Thiago\01_Normativos_Vigentes\01_Federal\Instrucoes_Normativas\Federal - IN 81.2022 - TR 2.md"
"MD_SEM_PDF","mestra\01_Normativos_Vigentes\01_Federal\Instrucoes_Normativas","","Federal - IN 81.2022 - TR.md","mestra\01_Normativos_Vigentes\01_Federal\Instrucoes_Normativas","0","C:\Users\thiagonogueira\OneDrive - mppi.mp.br\CLC\01_Processos_e_Aquisicoes\Base de Conhecimento - Thiago\01_Normativos_Vigentes\01_Federal\Instrucoes_Normativas\Federal - IN 81.2022 - TR.md"
"MD_SEM_PDF","mestra\01_Normativos_Vigentes\01_Federal\Instrucoes_Normativas","","Federal - IN 91.2022 - Obras.md","mestra\01_Normativos_Vigentes\01_Federal\Instrucoes_Normativas","0","C:\Users\thiagonogueira\OneDrive - mppi.mp.br\CLC\01_Processos_e_Aquisicoes\Base de Conhecimento - Thiago\01_Normativos_Vigentes\01_Federal\Instrucoes_Normativas\Federal - IN 91.2022 - Obras.md"
"MD_SEM_PDF","mestra\01_Normativos_Vigentes\01_Federal\Instrucoes_Normativas","","Federal - IN 98.2025 SPU MGI - Destinacao e Gestao de Imoveis da Uniao.md","mestra\01_Normativos_Vigentes\01_Federal\Instrucoes_Normativas","0","C:\Users\thiagonogueira\OneDrive - mppi.mp.br\CLC\01_Processos_e_Aquisicoes\Base de Conhecimento - Thiago\01_Normativos_Vigentes\01_Federal\Instrucoes_Normativas\Federal - IN 98.2025 SPU MGI - Destinacao e Gestao de Imoveis da Uniao.md"
"MD_SEM_PDF","mestra\01_Normativos_Vigentes\01_Federal\Leis","","Federal - Lei 14133.2021.md","mestra\01_Normativos_Vigentes\01_Federal\Leis","0","C:\Users\thiagonogueira\OneDrive - mppi.mp.br\CLC\01_Processos_e_Aquisicoes\Base de Conhecimento - Thiago\01_Normativos_Vigentes\01_Federal\Leis\Federal - Lei 14133.2021.md"
"MD_SEM_PDF","mestra\01_Normativos_Vigentes\01_Federal\Leis","","Federal - Lei 14133.2021_2.md","mestra\01_Normativos_Vigentes\01_Federal\Leis","0","C:\Users\thiagonogueira\OneDrive - mppi.mp.br\CLC\01_Processos_e_Aquisicoes\Base de Conhecimento - Thiago\01_Normativos_Vigentes\01_Federal\Leis\Federal - Lei 14133.2021_2.md"
"MD_SEM_PDF","mestra\01_Normativos_Vigentes\01_Federal\Leis","","Federal - Lei 8078.1990 (Codigo de Defesa do Consumidor).md","mestra\01_Normativos_Vigentes\01_Federal\Leis","0","C:\Users\thiagonogueira\OneDrive - mppi.mp.br\CLC\01_Processos_e_Aquisicoes\Base de Conhecimento - Thiago\01_Normativos_Vigentes\01_Federal\Leis\Federal - Lei 8078.1990 (Codigo de Defesa do Consumidor).md"
"MD_SEM_PDF","mestra\01_Normativos_Vigentes\01_Federal\Leis","","Federal - Lei 9784 - Processo Administrativo.md","mestra\01_Normativos_Vigentes\01_Federal\Leis","0","C:\Users\thiagonogueira\OneDrive - mppi.mp.br\CLC\01_Processos_e_Aquisicoes\Base de Conhecimento - Thiago\01_Normativos_Vigentes\01_Federal\Leis\Federal - Lei 9784 - Processo Administrativo.md"
"MD_SEM_PDF","mestra\01_Normativos_Vigentes\01_Federal\Leis","","Federal - Lei Complementar 123 - ME e EPP.md","mestra\01_Normativos_Vigentes\01_Federal\Leis","0","C:\Users\thiagonogueira\OneDrive - mppi.mp.br\CLC\01_Processos_e_Aquisicoes\Base de Conhecimento - Thiago\01_Normativos_Vigentes\01_Federal\Leis\Federal - Lei Complementar 123 - ME e EPP.md"
"MD_SEM_PDF","mestra\01_Normativos_Vigentes\01_Federal\Leis","","Federal - Lei Complementar 225 - Código de Defesa do Contribuinte.md","mestra\01_Normativos_Vigentes\01_Federal\Leis","0","C:\Users\thiagonogueira\OneDrive - mppi.mp.br\CLC\01_Processos_e_Aquisicoes\Base de Conhecimento - Thiago\01_Normativos_Vigentes\01_Federal\Leis\Federal - Lei Complementar 225 - Código de Defesa do Contribuinte.md"
"MD_SEM_PDF","mestra\01_Normativos_Vigentes\01_Federal\Leis","","Federal - lista-de-atos-normativos-e-estagios-de-regulamentacao-da-lei-14133-de-2021.md","mestra\01_Normativos_Vigentes\01_Federal\Leis","0","C:\Users\thiagonogueira\OneDrive - mppi.mp.br\CLC\01_Processos_e_Aquisicoes\Base de Conhecimento - Thiago\01_Normativos_Vigentes\01_Federal\Leis\Federal - lista-de-atos-normativos-e-estagios-de-regulamentacao-da-lei-14133-de-2021.md"
"MD_SEM_PDF","mestra\01_Normativos_Vigentes\01_Federal\Leis","","Federal Lei 12527.2011 (Lei de Acesso à Informação).md","mestra\01_Normativos_Vigentes\01_Federal\Leis","0","C:\Users\thiagonogueira\OneDrive - mppi.mp.br\CLC\01_Processos_e_Aquisicoes\Base de Conhecimento - Thiago\01_Normativos_Vigentes\01_Federal\Leis\Federal Lei 12527.2011 (Lei de Acesso à Informação).md"
"MD_SEM_PDF","mestra\01_Normativos_Vigentes\01_Federal\Manuais_e_Guias_Tecnicos","","Federal - mto_2026_-_versao_5_.md","mestra\01_Normativos_Vigentes\01_Federal\Manuais_e_Guias_Tecnicos","0","C:\Users\thiagonogueira\OneDrive - mppi.mp.br\CLC\01_Processos_e_Aquisicoes\Base de Conhecimento - Thiago\01_Normativos_Vigentes\01_Federal\Manuais_e_Guias_Tecnicos\Federal - mto_2026_-_versao_5_.md"
"MD_SEM_PDF","mestra\01_Normativos_Vigentes\01_Federal\Portarias","","Federal - Portaria 8678.2021 - Governanca de Contratacoes Publicas.md","mestra\01_Normativos_Vigentes\01_Federal\Portarias","0","C:\Users\thiagonogueira\OneDrive - mppi.mp.br\CLC\01_Processos_e_Aquisicoes\Base de Conhecimento - Thiago\01_Normativos_Vigentes\01_Federal\Portarias\Federal - Portaria 8678.2021 - Governanca de Contratacoes Publicas.md"
"MD_SEM_PDF","mestra\01_Normativos_Vigentes\01_Federal\Resolucoes","","Federal - Resolução CGSIM nº 48.2018 (Comitê para Gestão da Rede Nacional para a Simplificação do Registro e da Legalização de Empresas e Negócios)..md","mestra\01_Normativos_Vigentes\01_Federal\Resolucoes","0","C:\Users\thiagonogueira\OneDrive - mppi.mp.br\CLC\01_Processos_e_Aquisicoes\Base de Conhecimento - Thiago\01_Normativos_Vigentes\01_Federal\Resolucoes\Federal - Resolução CGSIM nº 48.2018 (Comitê para Gestão da Rede Nacional para a Simplificação do Registro e da Legalização de Empresas e Negócios)..md"
"MD_SEM_PDF","mestra\01_Normativos_Vigentes\02_Estadual_PI\Acordaos_Pareceres_Orientacoes","","TCE Expediente 30.2025 - DECISAO_SESSAO-PLENARIA-07-DE-24.04.2025.md","mestra\01_Normativos_Vigentes\02_Estadual_PI\Acordaos_Pareceres_Orientacoes","0","C:\Users\thiagonogueira\OneDrive - mppi.mp.br\CLC\01_Processos_e_Aquisicoes\Base de Conhecimento - Thiago\01_Normativos_Vigentes\02_Estadual_PI\Acordaos_Pareceres_Orientacoes\TCE Expediente 30.2025 - DECISAO_SESSAO-PLENARIA-07-DE-24.04.2025.md"
"MD_SEM_PDF","mestra\01_Normativos_Vigentes\02_Estadual_PI\Acordaos_Pareceres_Orientacoes","","TCE NT 03.2020 - Contratações de TIC.md","mestra\01_Normativos_Vigentes\02_Estadual_PI\Acordaos_Pareceres_Orientacoes","0","C:\Users\thiagonogueira\OneDrive - mppi.mp.br\CLC\01_Processos_e_Aquisicoes\Base de Conhecimento - Thiago\01_Normativos_Vigentes\02_Estadual_PI\Acordaos_Pareceres_Orientacoes\TCE NT 03.2020 - Contratações de TIC.md"
"MD_SEM_PDF","mestra\01_Normativos_Vigentes\02_Estadual_PI\Decretos","","Decreto Estadual  21813.2023 - Licitações e Contratos de Publicidade.md","mestra\01_Normativos_Vigentes\02_Estadual_PI\Decretos","0","C:\Users\thiagonogueira\OneDrive - mppi.mp.br\CLC\01_Processos_e_Aquisicoes\Base de Conhecimento - Thiago\01_Normativos_Vigentes\02_Estadual_PI\Decretos\Decreto Estadual  21813.2023 - Licitações e Contratos de Publicidade.md"
"MD_SEM_PDF","mestra\01_Normativos_Vigentes\02_Estadual_PI\Decretos","","Decreto Estadual 11319.2004 - Sistema de Registro de Precos Estadual.md","mestra\01_Normativos_Vigentes\02_Estadual_PI\Decretos","0","C:\Users\thiagonogueira\OneDrive - mppi.mp.br\CLC\01_Processos_e_Aquisicoes\Base de Conhecimento - Thiago\01_Normativos_Vigentes\02_Estadual_PI\Decretos\Decreto Estadual 11319.2004 - Sistema de Registro de Precos Estadual.md"
"MD_SEM_PDF","mestra\01_Normativos_Vigentes\02_Estadual_PI\Decretos","","Decreto Estadual 11320.2004 - Cadastro Unico de Fornecedores do Piaui.md","mestra\01_Normativos_Vigentes\02_Estadual_PI\Decretos","0","C:\Users\thiagonogueira\OneDrive - mppi.mp.br\CLC\01_Processos_e_Aquisicoes\Base de Conhecimento - Thiago\01_Normativos_Vigentes\02_Estadual_PI\Decretos\Decreto Estadual 11320.2004 - Cadastro Unico de Fornecedores do Piaui.md"
"MD_SEM_PDF","mestra\01_Normativos_Vigentes\02_Estadual_PI\Decretos","","Decreto Estadual 11346.2004 - Modalidade Pregao no Piaui.md","mestra\01_Normativos_Vigentes\02_Estadual_PI\Decretos","0","C:\Users\thiagonogueira\OneDrive - mppi.mp.br\CLC\01_Processos_e_Aquisicoes\Base de Conhecimento - Thiago\01_Normativos_Vigentes\02_Estadual_PI\Decretos\Decreto Estadual 11346.2004 - Modalidade Pregao no Piaui.md"
"MD_SEM_PDF","mestra\01_Normativos_Vigentes\02_Estadual_PI\Decretos","","Decreto Estadual 13701.2009 - Contratacoes Publicas Sustentaveis.md","mestra\01_Normativos_Vigentes\02_Estadual_PI\Decretos","0","C:\Users\thiagonogueira\OneDrive - mppi.mp.br\CLC\01_Processos_e_Aquisicoes\Base de Conhecimento - Thiago\01_Normativos_Vigentes\02_Estadual_PI\Decretos\Decreto Estadual 13701.2009 - Contratacoes Publicas Sustentaveis.md"
"MD_SEM_PDF","mestra\01_Normativos_Vigentes\02_Estadual_PI\Decretos","","Decreto Estadual 14386.2011 - Aquisicao Locacao e Controle de Veiculos Oficiais.md","mestra\01_Normativos_Vigentes\02_Estadual_PI\Decretos","0","C:\Users\thiagonogueira\OneDrive - mppi.mp.br\CLC\01_Processos_e_Aquisicoes\Base de Conhecimento - Thiago\01_Normativos_Vigentes\02_Estadual_PI\Decretos\Decreto Estadual 14386.2011 - Aquisicao Locacao e Controle de Veiculos Oficiais.md"
"MD_SEM_PDF","mestra\01_Normativos_Vigentes\02_Estadual_PI\Decretos","","Decreto Estadual 14483.2011 - Contratacao de Servicos no Executivo Estadual (Compilado).md","mestra\01_Normativos_Vigentes\02_Estadual_PI\Decretos","0","C:\Users\thiagonogueira\OneDrive - mppi.mp.br\CLC\01_Processos_e_Aquisicoes\Base de Conhecimento - Thiago\01_Normativos_Vigentes\02_Estadual_PI\Decretos\Decreto Estadual 14483.2011 - Contratacao de Servicos no Executivo Estadual (Compilado).md"
"MD_SEM_PDF","mestra\01_Normativos_Vigentes\02_Estadual_PI\Decretos","","Decreto Estadual 14891.2012 - Aquisicao e Concessao de Passagens Aereas (Compilado).md","mestra\01_Normativos_Vigentes\02_Estadual_PI\Decretos","0","C:\Users\thiagonogueira\OneDrive - mppi.mp.br\CLC\01_Processos_e_Aquisicoes\Base de Conhecimento - Thiago\01_Normativos_Vigentes\02_Estadual_PI\Decretos\Decreto Estadual 14891.2012 - Aquisicao e Concessao de Passagens Aereas (Compilado).md"
"MD_SEM_PDF","mestra\01_Normativos_Vigentes\02_Estadual_PI\Decretos","","Decreto Estadual 16212.2015 - Regulamenta o tratamento favorecido, diferenciado e simplificado para as microempresas, empresas de pequeno....md","mestra\01_Normativos_Vigentes\02_Estadual_PI\Decretos","0","C:\Users\thiagonogueira\OneDrive - mppi.mp.br\CLC\01_Processos_e_Aquisicoes\Base de Conhecimento - Thiago\01_Normativos_Vigentes\02_Estadual_PI\Decretos\Decreto Estadual 16212.2015 - Regulamenta o tratamento favorecido, diferenciado e simplificado para as microempresas, empresas de pequeno....md"
"MD_SEM_PDF","mestra\01_Normativos_Vigentes\02_Estadual_PI\Decretos","","Decreto Estadual 16226.2015 - Estabelece normas para a concessão, aplicação e prestação de contas de Suprimento de Fundos, no âmbito do....md","mestra\01_Normativos_Vigentes\02_Estadual_PI\Decretos","0","C:\Users\thiagonogueira\OneDrive - mppi.mp.br\CLC\01_Processos_e_Aquisicoes\Base de Conhecimento - Thiago\01_Normativos_Vigentes\02_Estadual_PI\Decretos\Decreto Estadual 16226.2015 - Estabelece normas para a concessão, aplicação e prestação de contas de Suprimento de Fundos, no âmbito do....md"
"MD_SEM_PDF","mestra\01_Normativos_Vigentes\02_Estadual_PI\Decretos","","Decreto Estadual 16266.2015 - Regulamenta o art. 41, II, da Lei Estadual nº 7.884, de 08 de dezembro de 2022, disciplina patrocínio dos... [ALTERADO POSTERIORMENTE].md","mestra\01_Normativos_Vigentes\02_Estadual_PI\Decretos","0","C:\Users\thiagonogueira\OneDrive - mppi.mp.br\CLC\01_Processos_e_Aquisicoes\Base de Conhecimento - Thiago\01_Normativos_Vigentes\02_Estadual_PI\Decretos\Decreto Estadual 16266.2015 - Regulamenta o art. 41, II, da Lei Estadual nº 7.884, de 08 de dezembro de 2022, disciplina patrocínio dos... [ALTERADO POSTERIORMENTE].md"
"MD_SEM_PDF","mestra\01_Normativos_Vigentes\02_Estadual_PI\Decretos","","Decreto Estadual 16737.2016 - Estabelece parâmetros para elaboração de extratos de contratos administrativos e aditamentos contratuais, a....md","mestra\01_Normativos_Vigentes\02_Estadual_PI\Decretos","0","C:\Users\thiagonogueira\OneDrive - mppi.mp.br\CLC\01_Processos_e_Aquisicoes\Base de Conhecimento - Thiago\01_Normativos_Vigentes\02_Estadual_PI\Decretos\Decreto Estadual 16737.2016 - Estabelece parâmetros para elaboração de extratos de contratos administrativos e aditamentos contratuais, a....md"
"MD_SEM_PDF","mestra\01_Normativos_Vigentes\02_Estadual_PI\Decretos","","Decreto Estadual 17031.2017 - Regulamenta a Lei nº 6.928, de 27 de dezembro de 2016, que dispõe a implantação no Estado do Piauí do....md","mestra\01_Normativos_Vigentes\02_Estadual_PI\Decretos","0","C:\Users\thiagonogueira\OneDrive - mppi.mp.br\CLC\01_Processos_e_Aquisicoes\Base de Conhecimento - Thiago\01_Normativos_Vigentes\02_Estadual_PI\Decretos\Decreto Estadual 17031.2017 - Regulamenta a Lei nº 6.928, de 27 de dezembro de 2016, que dispõe a implantação no Estado do Piauí do....md"
"MD_SEM_PDF","mestra\01_Normativos_Vigentes\02_Estadual_PI\Decretos","","Decreto Estadual 17083.2017 - Regulamenta a Lei Federal nº 13.019, de 31 de julho de 2014, para dispor sobre regras e procedimentos do....md","mestra\01_Normativos_Vigentes\02_Estadual_PI\Decretos","0","C:\Users\thiagonogueira\OneDrive - mppi.mp.br\CLC\01_Processos_e_Aquisicoes\Base de Conhecimento - Thiago\01_Normativos_Vigentes\02_Estadual_PI\Decretos\Decreto Estadual 17083.2017 - Regulamenta a Lei Federal nº 13.019, de 31 de julho de 2014, para dispor sobre regras e procedimentos do....md"
"MD_SEM_PDF","mestra\01_Normativos_Vigentes\02_Estadual_PI\Decretos","","Decreto Estadual 17084.2017 - Dispõe sobre a Programação Orçamentária e Financeira dos órgãos e entidades do Poder Executivo, relativa a....md","mestra\01_Normativos_Vigentes\02_Estadual_PI\Decretos","0","C:\Users\thiagonogueira\OneDrive - mppi.mp.br\CLC\01_Processos_e_Aquisicoes\Base de Conhecimento - Thiago\01_Normativos_Vigentes\02_Estadual_PI\Decretos\Decreto Estadual 17084.2017 - Dispõe sobre a Programação Orçamentária e Financeira dos órgãos e entidades do Poder Executivo, relativa a....md"
"MD_SEM_PDF","mestra\01_Normativos_Vigentes\02_Estadual_PI\Decretos","","Decreto Estadual 17402.2017 - Estabelece, no âmbito da administração pública estadual, diretrizes para recolhimento, controle e prestação....md","mestra\01_Normativos_Vigentes\02_Estadual_PI\Decretos","0","C:\Users\thiagonogueira\OneDrive - mppi.mp.br\CLC\01_Processos_e_Aquisicoes\Base de Conhecimento - Thiago\01_Normativos_Vigentes\02_Estadual_PI\Decretos\Decreto Estadual 17402.2017 - Estabelece, no âmbito da administração pública estadual, diretrizes para recolhimento, controle e prestação....md"
"MD_SEM_PDF","mestra\01_Normativos_Vigentes\02_Estadual_PI\Decretos","","Decreto Estadual 17526.2017 - Reestrutura o Sistema de Controle Interno do Poder Executivo Estadual, revoga o Decreto 11.434, de 14 de....md","mestra\01_Normativos_Vigentes\02_Estadual_PI\Decretos","0","C:\Users\thiagonogueira\OneDrive - mppi.mp.br\CLC\01_Processos_e_Aquisicoes\Base de Conhecimento - Thiago\01_Normativos_Vigentes\02_Estadual_PI\Decretos\Decreto Estadual 17526.2017 - Reestrutura o Sistema de Controle Interno do Poder Executivo Estadual, revoga o Decreto 11.434, de 14 de....md"
"MD_SEM_PDF","mestra\01_Normativos_Vigentes\02_Estadual_PI\Decretos","","Decreto Estadual 18077.2018 - Dispõe sobre a utilização da certificação digital no âmbito da Administração Pública Estadual, e dá outras....md","mestra\01_Normativos_Vigentes\02_Estadual_PI\Decretos","0","C:\Users\thiagonogueira\OneDrive - mppi.mp.br\CLC\01_Processos_e_Aquisicoes\Base de Conhecimento - Thiago\01_Normativos_Vigentes\02_Estadual_PI\Decretos\Decreto Estadual 18077.2018 - Dispõe sobre a utilização da certificação digital no âmbito da Administração Pública Estadual, e dá outras....md"
"MD_SEM_PDF","mestra\01_Normativos_Vigentes\02_Estadual_PI\Decretos","","Decreto Estadual 18142.2019 - Estabelece o Sistema Eletrônico de Informações (SEI) como sistema oficial para a gestão de documentos e....md","mestra\01_Normativos_Vigentes\02_Estadual_PI\Decretos","0","C:\Users\thiagonogueira\OneDrive - mppi.mp.br\CLC\01_Processos_e_Aquisicoes\Base de Conhecimento - Thiago\01_Normativos_Vigentes\02_Estadual_PI\Decretos\Decreto Estadual 18142.2019 - Estabelece o Sistema Eletrônico de Informações (SEI) como sistema oficial para a gestão de documentos e....md"
"MD_SEM_PDF","mestra\01_Normativos_Vigentes\02_Estadual_PI\Decretos","","Decreto Estadual 18224.2019 - Regulamenta o período de transição no âmbito da reforma administrativa aprovada pela Lei nº 7.211, de 22 de....md","mestra\01_Normativos_Vigentes\02_Estadual_PI\Decretos","0","C:\Users\thiagonogueira\OneDrive - mppi.mp.br\CLC\01_Processos_e_Aquisicoes\Base de Conhecimento - Thiago\01_Normativos_Vigentes\02_Estadual_PI\Decretos\Decreto Estadual 18224.2019 - Regulamenta o período de transição no âmbito da reforma administrativa aprovada pela Lei nº 7.211, de 22 de....md"
"MD_SEM_PDF","mestra\01_Normativos_Vigentes\02_Estadual_PI\Decretos","","Decreto Estadual 18337.2019 - Define as atribuições e responsabilidades dos agentes designados como liquidantes de órgãos e entidades em....md","mestra\01_Normativos_Vigentes\02_Estadual_PI\Decretos","0","C:\Users\thiagonogueira\OneDrive - mppi.mp.br\CLC\01_Processos_e_Aquisicoes\Base de Conhecimento - Thiago\01_Normativos_Vigentes\02_Estadual_PI\Decretos\Decreto Estadual 18337.2019 - Define as atribuições e responsabilidades dos agentes designados como liquidantes de órgãos e entidades em....md"
"MD_SEM_PDF","mestra\01_Normativos_Vigentes\02_Estadual_PI\Decretos","","Decreto Estadual 18369.2019 - Aprova a publicação do PARECER PGECJ Nº 0652019, da Procuradoria Geral do Estado, com caráter normativo,....md","mestra\01_Normativos_Vigentes\02_Estadual_PI\Decretos","0","C:\Users\thiagonogueira\OneDrive - mppi.mp.br\CLC\01_Processos_e_Aquisicoes\Base de Conhecimento - Thiago\01_Normativos_Vigentes\02_Estadual_PI\Decretos\Decreto Estadual 18369.2019 - Aprova a publicação do PARECER PGECJ Nº 0652019, da Procuradoria Geral do Estado, com caráter normativo,....md"
"MD_SEM_PDF","mestra\01_Normativos_Vigentes\02_Estadual_PI\Decretos","","Decreto Estadual 18561.2019 - Regulamenta a Lei nº 6.949, de 11 de janeiro de 2017, que regula o Processo Administrativo Tributário,....md","mestra\01_Normativos_Vigentes\02_Estadual_PI\Decretos","0","C:\Users\thiagonogueira\OneDrive - mppi.mp.br\CLC\01_Processos_e_Aquisicoes\Base de Conhecimento - Thiago\01_Normativos_Vigentes\02_Estadual_PI\Decretos\Decreto Estadual 18561.2019 - Regulamenta a Lei nº 6.949, de 11 de janeiro de 2017, que regula o Processo Administrativo Tributário,....md"
"MD_SEM_PDF","mestra\01_Normativos_Vigentes\02_Estadual_PI\Decretos","","Decreto Estadual 19743.2021 - Aprova a publicação do Parecer PGECJ nº 1122021, da Procuradoria-Geral do Estado, com caráter normativo,....md","mestra\01_Normativos_Vigentes\02_Estadual_PI\Decretos","0","C:\Users\thiagonogueira\OneDrive - mppi.mp.br\CLC\01_Processos_e_Aquisicoes\Base de Conhecimento - Thiago\01_Normativos_Vigentes\02_Estadual_PI\Decretos\Decreto Estadual 19743.2021 - Aprova a publicação do Parecer PGECJ nº 1122021, da Procuradoria-Geral do Estado, com caráter normativo,....md"
"MD_SEM_PDF","mestra\01_Normativos_Vigentes\02_Estadual_PI\Decretos","","Decreto Estadual 19841.2021 - Dispõe sobre os procedimentos e critérios para o reequilíbrio econômico-financeiro de contratos....md","mestra\01_Normativos_Vigentes\02_Estadual_PI\Decretos","0","C:\Users\thiagonogueira\OneDrive - mppi.mp.br\CLC\01_Processos_e_Aquisicoes\Base de Conhecimento - Thiago\01_Normativos_Vigentes\02_Estadual_PI\Decretos\Decreto Estadual 19841.2021 - Dispõe sobre os procedimentos e critérios para o reequilíbrio econômico-financeiro de contratos....md"
"MD_SEM_PDF","mestra\01_Normativos_Vigentes\02_Estadual_PI\Decretos","","Decreto Estadual 19876.2021 - Estabelece normas para o envio de matérias pelos órgãos e entidades da Administração Pública estadual....md","mestra\01_Normativos_Vigentes\02_Estadual_PI\Decretos","0","C:\Users\thiagonogueira\OneDrive - mppi.mp.br\CLC\01_Processos_e_Aquisicoes\Base de Conhecimento - Thiago\01_Normativos_Vigentes\02_Estadual_PI\Decretos\Decreto Estadual 19876.2021 - Estabelece normas para o envio de matérias pelos órgãos e entidades da Administração Pública estadual....md"
"MD_SEM_PDF","mestra\01_Normativos_Vigentes\02_Estadual_PI\Decretos","","Decreto Estadual 20096.2021 - Credenciamento de Fornecedores e Prestadores de Servicos (Compilado).md","mestra\01_Normativos_Vigentes\02_Estadual_PI\Decretos","0","C:\Users\thiagonogueira\OneDrive - mppi.mp.br\CLC\01_Processos_e_Aquisicoes\Base de Conhecimento - Thiago\01_Normativos_Vigentes\02_Estadual_PI\Decretos\Decreto Estadual 20096.2021 - Credenciamento de Fornecedores e Prestadores de Servicos (Compilado).md"
"MD_SEM_PDF","mestra\01_Normativos_Vigentes\02_Estadual_PI\Decretos","","Decreto Estadual 20110.2021 - Dispõe sobre o regime de licitações e contratos administrativos a ser utilizado no âmbito da Administração....md","mestra\01_Normativos_Vigentes\02_Estadual_PI\Decretos","0","C:\Users\thiagonogueira\OneDrive - mppi.mp.br\CLC\01_Processos_e_Aquisicoes\Base de Conhecimento - Thiago\01_Normativos_Vigentes\02_Estadual_PI\Decretos\Decreto Estadual 20110.2021 - Dispõe sobre o regime de licitações e contratos administrativos a ser utilizado no âmbito da Administração....md"
"MD_SEM_PDF","mestra\01_Normativos_Vigentes\02_Estadual_PI\Decretos","","Decreto Estadual 21787.2023 - Regulamenta o Conselho Estadual de Gestão de Pessoas e dá outras providências..md","mestra\01_Normativos_Vigentes\02_Estadual_PI\Decretos","0","C:\Users\thiagonogueira\OneDrive - mppi.mp.br\CLC\01_Processos_e_Aquisicoes\Base de Conhecimento - Thiago\01_Normativos_Vigentes\02_Estadual_PI\Decretos\Decreto Estadual 21787.2023 - Regulamenta o Conselho Estadual de Gestão de Pessoas e dá outras providências..md"
"MD_SEM_PDF","mestra\01_Normativos_Vigentes\02_Estadual_PI\Decretos","","Decreto Estadual 21812.2023 - Dispõe sobre limites de gastos para contratação de bandas e atrações artísticas para eventos festivos no ano....md","mestra\01_Normativos_Vigentes\02_Estadual_PI\Decretos","0","C:\Users\thiagonogueira\OneDrive - mppi.mp.br\CLC\01_Processos_e_Aquisicoes\Base de Conhecimento - Thiago\01_Normativos_Vigentes\02_Estadual_PI\Decretos\Decreto Estadual 21812.2023 - Dispõe sobre limites de gastos para contratação de bandas e atrações artísticas para eventos festivos no ano....md"
"MD_SEM_PDF","mestra\01_Normativos_Vigentes\02_Estadual_PI\Decretos","","Decreto Estadual 21864.2023 - Regulamenta o período de transição no âmbito da reforma administrativa aprovada pela Lei nº 7.884, de 08 de....md","mestra\01_Normativos_Vigentes\02_Estadual_PI\Decretos","0","C:\Users\thiagonogueira\OneDrive - mppi.mp.br\CLC\01_Processos_e_Aquisicoes\Base de Conhecimento - Thiago\01_Normativos_Vigentes\02_Estadual_PI\Decretos\Decreto Estadual 21864.2023 - Regulamenta o período de transição no âmbito da reforma administrativa aprovada pela Lei nº 7.884, de 08 de....md"
"MD_SEM_PDF","mestra\01_Normativos_Vigentes\02_Estadual_PI\Decretos","","Decreto Estadual 21872.2023 - Regulamenta a NLLC.md","mestra\01_Normativos_Vigentes\02_Estadual_PI\Decretos","0","C:\Users\thiagonogueira\OneDrive - mppi.mp.br\CLC\01_Processos_e_Aquisicoes\Base de Conhecimento - Thiago\01_Normativos_Vigentes\02_Estadual_PI\Decretos\Decreto Estadual 21872.2023 - Regulamenta a NLLC.md"
"MD_SEM_PDF","mestra\01_Normativos_Vigentes\02_Estadual_PI\Decretos","","Decreto Estadual 21908.2023 - Dispõe sobre a Comissão de Gestão Financeira e Gestão por Resultados - CGFR e dá outras providências..md","mestra\01_Normativos_Vigentes\02_Estadual_PI\Decretos","0","C:\Users\thiagonogueira\OneDrive - mppi.mp.br\CLC\01_Processos_e_Aquisicoes\Base de Conhecimento - Thiago\01_Normativos_Vigentes\02_Estadual_PI\Decretos\Decreto Estadual 21908.2023 - Dispõe sobre a Comissão de Gestão Financeira e Gestão por Resultados - CGFR e dá outras providências..md"
"MD_SEM_PDF","mestra\01_Normativos_Vigentes\02_Estadual_PI\Decretos","","Decreto Estadual 21909.2023 - Obras e Serviços de Engenharia.md","mestra\01_Normativos_Vigentes\02_Estadual_PI\Decretos","0","C:\Users\thiagonogueira\OneDrive - mppi.mp.br\CLC\01_Processos_e_Aquisicoes\Base de Conhecimento - Thiago\01_Normativos_Vigentes\02_Estadual_PI\Decretos\Decreto Estadual 21909.2023 - Obras e Serviços de Engenharia.md"
"MD_SEM_PDF","mestra\01_Normativos_Vigentes\02_Estadual_PI\Decretos","","Decreto Estadual 21910.2023 - Dispõe sobre o Marco Temporal e o procedimento de transição entre a Lei nº 14.133, de 1º de abril de 2021, e... [REVOGADO].md","mestra\01_Normativos_Vigentes\02_Estadual_PI\Decretos","0","C:\Users\thiagonogueira\OneDrive - mppi.mp.br\CLC\01_Processos_e_Aquisicoes\Base de Conhecimento - Thiago\01_Normativos_Vigentes\02_Estadual_PI\Decretos\Decreto Estadual 21910.2023 - Dispõe sobre o Marco Temporal e o procedimento de transição entre a Lei nº 14.133, de 1º de abril de 2021, e... [REVOGADO].md"
"MD_SEM_PDF","mestra\01_Normativos_Vigentes\02_Estadual_PI\Decretos","","Decreto Estadual 21938.2023 - SRP PI.md","mestra\01_Normativos_Vigentes\02_Estadual_PI\Decretos","0","C:\Users\thiagonogueira\OneDrive - mppi.mp.br\CLC\01_Processos_e_Aquisicoes\Base de Conhecimento - Thiago\01_Normativos_Vigentes\02_Estadual_PI\Decretos\Decreto Estadual 21938.2023 - SRP PI.md"
"MD_SEM_PDF","mestra\01_Normativos_Vigentes\02_Estadual_PI\Decretos","","Decreto Estadual 21979.2023 - Institui a Política de Transformação Digital do âmbito do Poder Executivo do Estado, o portal único de... [ALTERADO POSTERIORMENTE].md","mestra\01_Normativos_Vigentes\02_Estadual_PI\Decretos","0","C:\Users\thiagonogueira\OneDrive - mppi.mp.br\CLC\01_Processos_e_Aquisicoes\Base de Conhecimento - Thiago\01_Normativos_Vigentes\02_Estadual_PI\Decretos\Decreto Estadual 21979.2023 - Institui a Política de Transformação Digital do âmbito do Poder Executivo do Estado, o portal único de... [ALTERADO POSTERIORMENTE].md"
"MD_SEM_PDF","mestra\01_Normativos_Vigentes\02_Estadual_PI\Decretos","","Decreto Estadual 21980.2023 - Revoga o Decreto nº 21.910, de 17 de março de 2023, que estabeleceu o Marco Temporal e o procedimento de....md","mestra\01_Normativos_Vigentes\02_Estadual_PI\Decretos","0","C:\Users\thiagonogueira\OneDrive - mppi.mp.br\CLC\01_Processos_e_Aquisicoes\Base de Conhecimento - Thiago\01_Normativos_Vigentes\02_Estadual_PI\Decretos\Decreto Estadual 21980.2023 - Revoga o Decreto nº 21.910, de 17 de março de 2023, que estabeleceu o Marco Temporal e o procedimento de....md"
"MD_SEM_PDF","mestra\01_Normativos_Vigentes\02_Estadual_PI\Decretos","","Decreto Estadual 22023.2023 - Implanta o Sistema Integrado de Gestão de Repasses – SIGRP e disciplina os procedimentos para celebração,....md","mestra\01_Normativos_Vigentes\02_Estadual_PI\Decretos","0","C:\Users\thiagonogueira\OneDrive - mppi.mp.br\CLC\01_Processos_e_Aquisicoes\Base de Conhecimento - Thiago\01_Normativos_Vigentes\02_Estadual_PI\Decretos\Decreto Estadual 22023.2023 - Implanta o Sistema Integrado de Gestão de Repasses – SIGRP e disciplina os procedimentos para celebração,....md"
"MD_SEM_PDF","mestra\01_Normativos_Vigentes\02_Estadual_PI\Decretos","","Decreto Estadual 22050.2023 - Delega competência para a prática de atos administrativo-disciplinares ao Secretário de Estado da Segurança....md","mestra\01_Normativos_Vigentes\02_Estadual_PI\Decretos","0","C:\Users\thiagonogueira\OneDrive - mppi.mp.br\CLC\01_Processos_e_Aquisicoes\Base de Conhecimento - Thiago\01_Normativos_Vigentes\02_Estadual_PI\Decretos\Decreto Estadual 22050.2023 - Delega competência para a prática de atos administrativo-disciplinares ao Secretário de Estado da Segurança....md"
"MD_SEM_PDF","mestra\01_Normativos_Vigentes\02_Estadual_PI\Decretos","","Decreto Estadual 22089.2023 - Regulamenta a seleção de Organizações Sociais para a celebração de contrato de gestão na forma da Lei....md","mestra\01_Normativos_Vigentes\02_Estadual_PI\Decretos","0","C:\Users\thiagonogueira\OneDrive - mppi.mp.br\CLC\01_Processos_e_Aquisicoes\Base de Conhecimento - Thiago\01_Normativos_Vigentes\02_Estadual_PI\Decretos\Decreto Estadual 22089.2023 - Regulamenta a seleção de Organizações Sociais para a celebração de contrato de gestão na forma da Lei....md"
"MD_SEM_PDF","mestra\01_Normativos_Vigentes\02_Estadual_PI\Decretos","","Decreto Estadual 22137.2023 - Regulamenta o art. 61 da Lei Complementar nº 13, de 03 de janeiro de 1994..md","mestra\01_Normativos_Vigentes\02_Estadual_PI\Decretos","0","C:\Users\thiagonogueira\OneDrive - mppi.mp.br\CLC\01_Processos_e_Aquisicoes\Base de Conhecimento - Thiago\01_Normativos_Vigentes\02_Estadual_PI\Decretos\Decreto Estadual 22137.2023 - Regulamenta o art. 61 da Lei Complementar nº 13, de 03 de janeiro de 1994..md"
"MD_SEM_PDF","mestra\01_Normativos_Vigentes\02_Estadual_PI\Decretos","","Decreto Estadual 22249.2023 - Institui a Política Estadual de Segurança da Informação e Comunicação do Estado do Piauí - POSIC, e de....md","mestra\01_Normativos_Vigentes\02_Estadual_PI\Decretos","0","C:\Users\thiagonogueira\OneDrive - mppi.mp.br\CLC\01_Processos_e_Aquisicoes\Base de Conhecimento - Thiago\01_Normativos_Vigentes\02_Estadual_PI\Decretos\Decreto Estadual 22249.2023 - Institui a Política Estadual de Segurança da Informação e Comunicação do Estado do Piauí - POSIC, e de....md"
"MD_SEM_PDF","mestra\01_Normativos_Vigentes\02_Estadual_PI\Decretos","","Decreto Estadual 22380.2023 - Dispõe sobre a descentralização de crédito orçamentário no Estado do Piauí..md","mestra\01_Normativos_Vigentes\02_Estadual_PI\Decretos","0","C:\Users\thiagonogueira\OneDrive - mppi.mp.br\CLC\01_Processos_e_Aquisicoes\Base de Conhecimento - Thiago\01_Normativos_Vigentes\02_Estadual_PI\Decretos\Decreto Estadual 22380.2023 - Dispõe sobre a descentralização de crédito orçamentário no Estado do Piauí..md"
"MD_SEM_PDF","mestra\01_Normativos_Vigentes\02_Estadual_PI\Decretos","","Decreto Estadual 22652.2023 - Dispõe sobre o Marco Temporal e o procedimento de transição entre a Lei nº 14.133, de 1º de abril de 2021, e....md","mestra\01_Normativos_Vigentes\02_Estadual_PI\Decretos","0","C:\Users\thiagonogueira\OneDrive - mppi.mp.br\CLC\01_Processos_e_Aquisicoes\Base de Conhecimento - Thiago\01_Normativos_Vigentes\02_Estadual_PI\Decretos\Decreto Estadual 22652.2023 - Dispõe sobre o Marco Temporal e o procedimento de transição entre a Lei nº 14.133, de 1º de abril de 2021, e....md"
"MD_SEM_PDF","mestra\01_Normativos_Vigentes\02_Estadual_PI\Decretos","","Decreto Estadual 22677.2024 - Responsabilização Administrativa e Civil de Pessoas Jurídicas (Lei 12.846.2013).md","mestra\01_Normativos_Vigentes\02_Estadual_PI\Decretos","0","C:\Users\thiagonogueira\OneDrive - mppi.mp.br\CLC\01_Processos_e_Aquisicoes\Base de Conhecimento - Thiago\01_Normativos_Vigentes\02_Estadual_PI\Decretos\Decreto Estadual 22677.2024 - Responsabilização Administrativa e Civil de Pessoas Jurídicas (Lei 12.846.2013).md"
"MD_SEM_PDF","mestra\01_Normativos_Vigentes\02_Estadual_PI\Decretos","","Decreto Estadual 22737.2024 - Reajuste de Preços nos Contratos Administrativos.md","mestra\01_Normativos_Vigentes\02_Estadual_PI\Decretos","0","C:\Users\thiagonogueira\OneDrive - mppi.mp.br\CLC\01_Processos_e_Aquisicoes\Base de Conhecimento - Thiago\01_Normativos_Vigentes\02_Estadual_PI\Decretos\Decreto Estadual 22737.2024 - Reajuste de Preços nos Contratos Administrativos.md"
"MD_SEM_PDF","mestra\01_Normativos_Vigentes\02_Estadual_PI\Decretos","","Decreto Estadual 22811.2024 - Regularidade Fiscal, Econômico-Financeira e Administrativa.md","mestra\01_Normativos_Vigentes\02_Estadual_PI\Decretos","0","C:\Users\thiagonogueira\OneDrive - mppi.mp.br\CLC\01_Processos_e_Aquisicoes\Base de Conhecimento - Thiago\01_Normativos_Vigentes\02_Estadual_PI\Decretos\Decreto Estadual 22811.2024 - Regularidade Fiscal, Econômico-Financeira e Administrativa.md"
"MD_SEM_PDF","mestra\01_Normativos_Vigentes\02_Estadual_PI\Decretos","","Decreto Estadual 22822.2024 - Diretrizes de Governanca e Contratacoes.md","mestra\01_Normativos_Vigentes\02_Estadual_PI\Decretos","0","C:\Users\thiagonogueira\OneDrive - mppi.mp.br\CLC\01_Processos_e_Aquisicoes\Base de Conhecimento - Thiago\01_Normativos_Vigentes\02_Estadual_PI\Decretos\Decreto Estadual 22822.2024 - Diretrizes de Governanca e Contratacoes.md"
"MD_SEM_PDF","mestra\01_Normativos_Vigentes\02_Estadual_PI\Decretos","","Decreto Estadual 22822.2024 - Patrocínio dos Órgãos e Entidades do Executivo Estadual.md","mestra\01_Normativos_Vigentes\02_Estadual_PI\Decretos","0","C:\Users\thiagonogueira\OneDrive - mppi.mp.br\CLC\01_Processos_e_Aquisicoes\Base de Conhecimento - Thiago\01_Normativos_Vigentes\02_Estadual_PI\Decretos\Decreto Estadual 22822.2024 - Patrocínio dos Órgãos e Entidades do Executivo Estadual.md"
"MD_SEM_PDF","mestra\01_Normativos_Vigentes\02_Estadual_PI\Decretos","","Decreto Estadual 23.865.2025 - Dispõe Sobre a Unificação da Plataforma Compras Públicas no PI.md","mestra\01_Normativos_Vigentes\02_Estadual_PI\Decretos","0","C:\Users\thiagonogueira\OneDrive - mppi.mp.br\CLC\01_Processos_e_Aquisicoes\Base de Conhecimento - Thiago\01_Normativos_Vigentes\02_Estadual_PI\Decretos\Decreto Estadual 23.865.2025 - Dispõe Sobre a Unificação da Plataforma Compras Públicas no PI.md"
"MD_SEM_PDF","mestra\01_Normativos_Vigentes\02_Estadual_PI\Decretos","","Decreto Estadual 23003.2024 - Política Estadual de Proteção de Dados Pessoais e Privacidade.md","mestra\01_Normativos_Vigentes\02_Estadual_PI\Decretos","0","C:\Users\thiagonogueira\OneDrive - mppi.mp.br\CLC\01_Processos_e_Aquisicoes\Base de Conhecimento - Thiago\01_Normativos_Vigentes\02_Estadual_PI\Decretos\Decreto Estadual 23003.2024 - Política Estadual de Proteção de Dados Pessoais e Privacidade.md"
"MD_SEM_PDF","mestra\01_Normativos_Vigentes\02_Estadual_PI\Decretos","","Decreto Estadual 23269.2024 - Doação de Bens Móveis e Serviços à Administração Pública Estadual.md","mestra\01_Normativos_Vigentes\02_Estadual_PI\Decretos","0","C:\Users\thiagonogueira\OneDrive - mppi.mp.br\CLC\01_Processos_e_Aquisicoes\Base de Conhecimento - Thiago\01_Normativos_Vigentes\02_Estadual_PI\Decretos\Decreto Estadual 23269.2024 - Doação de Bens Móveis e Serviços à Administração Pública Estadual.md"
"MD_SEM_PDF","mestra\01_Normativos_Vigentes\02_Estadual_PI\Decretos","","Decreto Estadual 23649.2025 - Ordens de Serviço nos Contratos Administrativos.md","mestra\01_Normativos_Vigentes\02_Estadual_PI\Decretos","0","C:\Users\thiagonogueira\OneDrive - mppi.mp.br\CLC\01_Processos_e_Aquisicoes\Base de Conhecimento - Thiago\01_Normativos_Vigentes\02_Estadual_PI\Decretos\Decreto Estadual 23649.2025 - Ordens de Serviço nos Contratos Administrativos.md"
"MD_SEM_PDF","mestra\01_Normativos_Vigentes\02_Estadual_PI\Decretos","","Decreto Estadual 23865.2025 - Regulamento de Contratacoes e Gestao Estadual.md","mestra\01_Normativos_Vigentes\02_Estadual_PI\Decretos","0","C:\Users\thiagonogueira\OneDrive - mppi.mp.br\CLC\01_Processos_e_Aquisicoes\Base de Conhecimento - Thiago\01_Normativos_Vigentes\02_Estadual_PI\Decretos\Decreto Estadual 23865.2025 - Regulamento de Contratacoes e Gestao Estadual.md"
"MD_SEM_PDF","mestra\01_Normativos_Vigentes\02_Estadual_PI\Decretos","","Decreto Estadual 23868.2025 - Procedimento de Manifestação de Interesse (PMI).md","mestra\01_Normativos_Vigentes\02_Estadual_PI\Decretos","0","C:\Users\thiagonogueira\OneDrive - mppi.mp.br\CLC\01_Processos_e_Aquisicoes\Base de Conhecimento - Thiago\01_Normativos_Vigentes\02_Estadual_PI\Decretos\Decreto Estadual 23868.2025 - Procedimento de Manifestação de Interesse (PMI).md"
"MD_SEM_PDF","mestra\01_Normativos_Vigentes\02_Estadual_PI\Decretos","","Decreto Estadual 23891.2025 - Programa Estadual de Aquisições e Contratações Públicas Sustentáveis.md","mestra\01_Normativos_Vigentes\02_Estadual_PI\Decretos","0","C:\Users\thiagonogueira\OneDrive - mppi.mp.br\CLC\01_Processos_e_Aquisicoes\Base de Conhecimento - Thiago\01_Normativos_Vigentes\02_Estadual_PI\Decretos\Decreto Estadual 23891.2025 - Programa Estadual de Aquisições e Contratações Públicas Sustentáveis.md"
"MD_SEM_PDF","mestra\01_Normativos_Vigentes\02_Estadual_PI\Decretos","","Decreto Estadual 24144.2025 - Ações de Equidade de Gênero como Desempate.md","mestra\01_Normativos_Vigentes\02_Estadual_PI\Decretos","0","C:\Users\thiagonogueira\OneDrive - mppi.mp.br\CLC\01_Processos_e_Aquisicoes\Base de Conhecimento - Thiago\01_Normativos_Vigentes\02_Estadual_PI\Decretos\Decreto Estadual 24144.2025 - Ações de Equidade de Gênero como Desempate.md"
"MD_SEM_PDF","mestra\01_Normativos_Vigentes\02_Estadual_PI\Instrucoes_Normativas","","CGE IN 01.2021 - Pesquisa de Preços.md","mestra\01_Normativos_Vigentes\02_Estadual_PI\Instrucoes_Normativas","0","C:\Users\thiagonogueira\OneDrive - mppi.mp.br\CLC\01_Processos_e_Aquisicoes\Base de Conhecimento - Thiago\01_Normativos_Vigentes\02_Estadual_PI\Instrucoes_Normativas\CGE IN 01.2021 - Pesquisa de Preços.md"
"MD_SEM_PDF","mestra\01_Normativos_Vigentes\02_Estadual_PI\Instrucoes_Normativas","","CGE IN 02.2025 - Procedimentos Obras.md","mestra\01_Normativos_Vigentes\02_Estadual_PI\Instrucoes_Normativas","0","C:\Users\thiagonogueira\OneDrive - mppi.mp.br\CLC\01_Processos_e_Aquisicoes\Base de Conhecimento - Thiago\01_Normativos_Vigentes\02_Estadual_PI\Instrucoes_Normativas\CGE IN 02.2025 - Procedimentos Obras.md"
"MD_SEM_PDF","mestra\01_Normativos_Vigentes\02_Estadual_PI\Instrucoes_Normativas","","Instrução Normativa CGE nº 01-2013 - Procedimentos de Controle e Pareceres.md","mestra\01_Normativos_Vigentes\02_Estadual_PI\Instrucoes_Normativas","0","C:\Users\thiagonogueira\OneDrive - mppi.mp.br\CLC\01_Processos_e_Aquisicoes\Base de Conhecimento - Thiago\01_Normativos_Vigentes\02_Estadual_PI\Instrucoes_Normativas\Instrução Normativa CGE nº 01-2013 - Procedimentos de Controle e Pareceres.md"
"MD_SEM_PDF","mestra\01_Normativos_Vigentes\02_Estadual_PI\Instrucoes_Normativas","","Instrução Normativa CGE nº 01-2015 - Normas Gerais de Controle Interno.md","mestra\01_Normativos_Vigentes\02_Estadual_PI\Instrucoes_Normativas","0","C:\Users\thiagonogueira\OneDrive - mppi.mp.br\CLC\01_Processos_e_Aquisicoes\Base de Conhecimento - Thiago\01_Normativos_Vigentes\02_Estadual_PI\Instrucoes_Normativas\Instrução Normativa CGE nº 01-2015 - Normas Gerais de Controle Interno.md"
"MD_SEM_PDF","mestra\01_Normativos_Vigentes\02_Estadual_PI\Instrucoes_Normativas","","Instrução Normativa SEFAZ nº 01-2021 - Procedimentos de Gestão Financeira.md","mestra\01_Normativos_Vigentes\02_Estadual_PI\Instrucoes_Normativas","0","C:\Users\thiagonogueira\OneDrive - mppi.mp.br\CLC\01_Processos_e_Aquisicoes\Base de Conhecimento - Thiago\01_Normativos_Vigentes\02_Estadual_PI\Instrucoes_Normativas\Instrução Normativa SEFAZ nº 01-2021 - Procedimentos de Gestão Financeira.md"
"MD_SEM_PDF","mestra\01_Normativos_Vigentes\02_Estadual_PI\Instrucoes_Normativas","","SEAD IN 01.2021 - Dispõe sobre o limite de adesões das atas de Registro de Preços gerenciadas pela SEADPREV.md","mestra\01_Normativos_Vigentes\02_Estadual_PI\Instrucoes_Normativas","0","C:\Users\thiagonogueira\OneDrive - mppi.mp.br\CLC\01_Processos_e_Aquisicoes\Base de Conhecimento - Thiago\01_Normativos_Vigentes\02_Estadual_PI\Instrucoes_Normativas\SEAD IN 01.2021 - Dispõe sobre o limite de adesões das atas de Registro de Preços gerenciadas pela SEADPREV.md"
"MD_SEM_PDF","mestra\01_Normativos_Vigentes\02_Estadual_PI\Instrucoes_Normativas","","TCE IN 02.2026 -sistemas-licitacoes-web-contratos-web-e-obras-web.md","mestra\01_Normativos_Vigentes\02_Estadual_PI\Instrucoes_Normativas","0","C:\Users\thiagonogueira\OneDrive - mppi.mp.br\CLC\01_Processos_e_Aquisicoes\Base de Conhecimento - Thiago\01_Normativos_Vigentes\02_Estadual_PI\Instrucoes_Normativas\TCE IN 02.2026 -sistemas-licitacoes-web-contratos-web-e-obras-web.md"
"MD_SEM_PDF","mestra\01_Normativos_Vigentes\02_Estadual_PI\Instrucoes_Normativas","","TCE IN 06.2017 - Licitações WEB, Contratos WEB e Obras WEB.md","mestra\01_Normativos_Vigentes\02_Estadual_PI\Instrucoes_Normativas","0","C:\Users\thiagonogueira\OneDrive - mppi.mp.br\CLC\01_Processos_e_Aquisicoes\Base de Conhecimento - Thiago\01_Normativos_Vigentes\02_Estadual_PI\Instrucoes_Normativas\TCE IN 06.2017 - Licitações WEB, Contratos WEB e Obras WEB.md"
"MD_SEM_PDF","mestra\01_Normativos_Vigentes\02_Estadual_PI\Instrucoes_Normativas","","TCE IN 07.2021 - Altera a IN 06.2017.md","mestra\01_Normativos_Vigentes\02_Estadual_PI\Instrucoes_Normativas","0","C:\Users\thiagonogueira\OneDrive - mppi.mp.br\CLC\01_Processos_e_Aquisicoes\Base de Conhecimento - Thiago\01_Normativos_Vigentes\02_Estadual_PI\Instrucoes_Normativas\TCE IN 07.2021 - Altera a IN 06.2017.md"
"MD_SEM_PDF","mestra\01_Normativos_Vigentes\02_Estadual_PI\Leis","","Lei Estadual 6.872.2016 - Regula o Processo Administrativo.md","mestra\01_Normativos_Vigentes\02_Estadual_PI\Leis","0","C:\Users\thiagonogueira\OneDrive - mppi.mp.br\CLC\01_Processos_e_Aquisicoes\Base de Conhecimento - Thiago\01_Normativos_Vigentes\02_Estadual_PI\Leis\Lei Estadual 6.872.2016 - Regula o Processo Administrativo.md"
"MD_SEM_PDF","mestra\01_Normativos_Vigentes\02_Estadual_PI\Leis","","Lei Estadual 6782.2016 - Estatuto dos Servidores Publicos do Piaui.md","mestra\01_Normativos_Vigentes\02_Estadual_PI\Leis","0","C:\Users\thiagonogueira\OneDrive - mppi.mp.br\CLC\01_Processos_e_Aquisicoes\Base de Conhecimento - Thiago\01_Normativos_Vigentes\02_Estadual_PI\Leis\Lei Estadual 6782.2016 - Estatuto dos Servidores Publicos do Piaui.md"
"MD_SEM_PDF","mestra\01_Normativos_Vigentes\02_Estadual_PI\Leis","","Lei Estadual 6782.2016 - Regula o Processo Administrativo no âmbito da Administração Pública do Estado do Piauí..md","mestra\01_Normativos_Vigentes\02_Estadual_PI\Leis","0","C:\Users\thiagonogueira\OneDrive - mppi.mp.br\CLC\01_Processos_e_Aquisicoes\Base de Conhecimento - Thiago\01_Normativos_Vigentes\02_Estadual_PI\Leis\Lei Estadual 6782.2016 - Regula o Processo Administrativo no âmbito da Administração Pública do Estado do Piauí..md"
"MD_SEM_PDF","mestra\01_Normativos_Vigentes\02_Estadual_PI\Leis","","Lei Estadual 7482.2021 - Diretrizes e Reorganizacao Administrativa.md","mestra\01_Normativos_Vigentes\02_Estadual_PI\Leis","0","C:\Users\thiagonogueira\OneDrive - mppi.mp.br\CLC\01_Processos_e_Aquisicoes\Base de Conhecimento - Thiago\01_Normativos_Vigentes\02_Estadual_PI\Leis\Lei Estadual 7482.2021 - Diretrizes e Reorganizacao Administrativa.md"
"MD_SEM_PDF","mestra\01_Normativos_Vigentes\02_Estadual_PI\Leis","","Lei Estadual 7482.2021 - Regulamenta o Pregão Eletrônico.md","mestra\01_Normativos_Vigentes\02_Estadual_PI\Leis","0","C:\Users\thiagonogueira\OneDrive - mppi.mp.br\CLC\01_Processos_e_Aquisicoes\Base de Conhecimento - Thiago\01_Normativos_Vigentes\02_Estadual_PI\Leis\Lei Estadual 7482.2021 - Regulamenta o Pregão Eletrônico.md"
"MD_SEM_PDF","mestra\01_Normativos_Vigentes\02_Estadual_PI\Leis","","Lei Estadual 7612.2021 - Gestão de Bens Imóveis.md","mestra\01_Normativos_Vigentes\02_Estadual_PI\Leis","0","C:\Users\thiagonogueira\OneDrive - mppi.mp.br\CLC\01_Processos_e_Aquisicoes\Base de Conhecimento - Thiago\01_Normativos_Vigentes\02_Estadual_PI\Leis\Lei Estadual 7612.2021 - Gestão de Bens Imóveis.md"
"MD_SEM_PDF","mestra\01_Normativos_Vigentes\02_Estadual_PI\Leis","","Lei Estadual 7612.2021 - Normas de Gestao e Fiscalizacao.md","mestra\01_Normativos_Vigentes\02_Estadual_PI\Leis","0","C:\Users\thiagonogueira\OneDrive - mppi.mp.br\CLC\01_Processos_e_Aquisicoes\Base de Conhecimento - Thiago\01_Normativos_Vigentes\02_Estadual_PI\Leis\Lei Estadual 7612.2021 - Normas de Gestao e Fiscalizacao.md"
"MD_SEM_PDF","mestra\01_Normativos_Vigentes\02_Estadual_PI\Leis","","Lei Estadual 8914.2025 - Lei Orçamentária Anual LOA 2026.md","mestra\01_Normativos_Vigentes\02_Estadual_PI\Leis","0","C:\Users\thiagonogueira\OneDrive - mppi.mp.br\CLC\01_Processos_e_Aquisicoes\Base de Conhecimento - Thiago\01_Normativos_Vigentes\02_Estadual_PI\Leis\Lei Estadual 8914.2025 - Lei Orçamentária Anual LOA 2026.md"
"MD_SEM_PDF","mestra\01_Normativos_Vigentes\02_Estadual_PI\Manuais_e_Guias_Tecnicos","","manual-2025(e38d727ecdd5bd1591bb6f8ab47d38bd).md","mestra\01_Normativos_Vigentes\02_Estadual_PI\Manuais_e_Guias_Tecnicos","0","C:\Users\thiagonogueira\OneDrive - mppi.mp.br\CLC\01_Processos_e_Aquisicoes\Base de Conhecimento - Thiago\01_Normativos_Vigentes\02_Estadual_PI\Manuais_e_Guias_Tecnicos\manual-2025(e38d727ecdd5bd1591bb6f8ab47d38bd).md"
"MD_SEM_PDF","mestra\01_Normativos_Vigentes\02_Estadual_PI\Manuais_e_Guias_Tecnicos","","manual-tecnico-2024-2025(ad246a293bfd2f319f1a8b73e64903e3).md","mestra\01_Normativos_Vigentes\02_Estadual_PI\Manuais_e_Guias_Tecnicos","0","C:\Users\thiagonogueira\OneDrive - mppi.mp.br\CLC\01_Processos_e_Aquisicoes\Base de Conhecimento - Thiago\01_Normativos_Vigentes\02_Estadual_PI\Manuais_e_Guias_Tecnicos\manual-tecnico-2024-2025(ad246a293bfd2f319f1a8b73e64903e3).md"
"MD_SEM_PDF","mestra\01_Normativos_Vigentes\02_Estadual_PI\Manuais_e_Guias_Tecnicos","","manual-tecnico-do-orcamento.md","mestra\01_Normativos_Vigentes\02_Estadual_PI\Manuais_e_Guias_Tecnicos","0","C:\Users\thiagonogueira\OneDrive - mppi.mp.br\CLC\01_Processos_e_Aquisicoes\Base de Conhecimento - Thiago\01_Normativos_Vigentes\02_Estadual_PI\Manuais_e_Guias_Tecnicos\manual-tecnico-do-orcamento.md"
"MD_SEM_PDF","mestra\01_Normativos_Vigentes\02_Estadual_PI\Portarias","","Portaria SEAD nº 001.2024 - Diretrizes de Contratacoes SEAD Piaui.md","mestra\01_Normativos_Vigentes\02_Estadual_PI\Portarias","0","C:\Users\thiagonogueira\OneDrive - mppi.mp.br\CLC\01_Processos_e_Aquisicoes\Base de Conhecimento - Thiago\01_Normativos_Vigentes\02_Estadual_PI\Portarias\Portaria SEAD nº 001.2024 - Diretrizes de Contratacoes SEAD Piaui.md"
"MD_SEM_PDF","mestra\01_Normativos_Vigentes\02_Estadual_PI\Portarias","","SEAD Portaria 631.2025.GAB.SEAD - Política de Gestão de Riscos.md","mestra\01_Normativos_Vigentes\02_Estadual_PI\Portarias","0","C:\Users\thiagonogueira\OneDrive - mppi.mp.br\CLC\01_Processos_e_Aquisicoes\Base de Conhecimento - Thiago\01_Normativos_Vigentes\02_Estadual_PI\Portarias\SEAD Portaria 631.2025.GAB.SEAD - Política de Gestão de Riscos.md"
"MD_SEM_PDF","mestra\01_Normativos_Vigentes\02_Estadual_PI\Portarias","","SEAD Portaria Gab Seadprev 34.2021 - Regulamenta a Dispensa Eletrônica.md","mestra\01_Normativos_Vigentes\02_Estadual_PI\Portarias","0","C:\Users\thiagonogueira\OneDrive - mppi.mp.br\CLC\01_Processos_e_Aquisicoes\Base de Conhecimento - Thiago\01_Normativos_Vigentes\02_Estadual_PI\Portarias\SEAD Portaria Gab Seadprev 34.2021 - Regulamenta a Dispensa Eletrônica.md"
"MD_SEM_PDF","mestra\01_Normativos_Vigentes\02_Estadual_PI\Resolucoes","","Resolução CGFR 002.2021 - Elaboração de Extratos de Licitação e Contratos Administrativos.md","mestra\01_Normativos_Vigentes\02_Estadual_PI\Resolucoes","0","C:\Users\thiagonogueira\OneDrive - mppi.mp.br\CLC\01_Processos_e_Aquisicoes\Base de Conhecimento - Thiago\01_Normativos_Vigentes\02_Estadual_PI\Resolucoes\Resolução CGFR 002.2021 - Elaboração de Extratos de Licitação e Contratos Administrativos.md"
"MD_SEM_PDF","mestra\01_Normativos_Vigentes\03_MPPI","","Ato PGJ 1228.2022 - Suprimento de Fundos (Compilado).md","mestra\01_Normativos_Vigentes\03_MPPI","0","C:\Users\thiagonogueira\OneDrive - mppi.mp.br\CLC\01_Processos_e_Aquisicoes\Base de Conhecimento - Thiago\01_Normativos_Vigentes\03_MPPI\Ato PGJ 1228.2022 - Suprimento de Fundos (Compilado).md"
"MD_SEM_PDF","mestra\01_Normativos_Vigentes\03_MPPI","","Ato PGJ 1471.2025 - Regulamenta Suprimento de Fundos MPPI.md","mestra\01_Normativos_Vigentes\03_MPPI","0","C:\Users\thiagonogueira\OneDrive - mppi.mp.br\CLC\01_Processos_e_Aquisicoes\Base de Conhecimento - Thiago\01_Normativos_Vigentes\03_MPPI\Ato PGJ 1471.2025 - Regulamenta Suprimento de Fundos MPPI.md"
"MD_SEM_PDF","mestra\01_Normativos_Vigentes\03_MPPI","","Lei Orgânica do MPPI.md","mestra\01_Normativos_Vigentes\03_MPPI","0","C:\Users\thiagonogueira\OneDrive - mppi.mp.br\CLC\01_Processos_e_Aquisicoes\Base de Conhecimento - Thiago\01_Normativos_Vigentes\03_MPPI\Lei Orgânica do MPPI.md"
"MD_SEM_PDF","mestra\01_Normativos_Vigentes\03_MPPI","","Modelo de DFD - TIC.md","mestra\01_Normativos_Vigentes\03_MPPI","0","C:\Users\thiagonogueira\OneDrive - mppi.mp.br\CLC\01_Processos_e_Aquisicoes\Base de Conhecimento - Thiago\01_Normativos_Vigentes\03_MPPI\Modelo de DFD - TIC.md"
"MD_SEM_PDF","mestra\01_Normativos_Vigentes\03_MPPI","","Modelo de DFD.md","mestra\01_Normativos_Vigentes\03_MPPI","0","C:\Users\thiagonogueira\OneDrive - mppi.mp.br\CLC\01_Processos_e_Aquisicoes\Base de Conhecimento - Thiago\01_Normativos_Vigentes\03_MPPI\Modelo de DFD.md"
"MD_SEM_PDF","mestra\01_Normativos_Vigentes\03_MPPI","","PCA 2025.md","mestra\01_Normativos_Vigentes\03_MPPI","0","C:\Users\thiagonogueira\OneDrive - mppi.mp.br\CLC\01_Processos_e_Aquisicoes\Base de Conhecimento - Thiago\01_Normativos_Vigentes\03_MPPI\PCA 2025.md"
"MD_SEM_PDF","mestra\01_Normativos_Vigentes\03_MPPI","","PEI_2022_2029.md","mestra\01_Normativos_Vigentes\03_MPPI","0","C:\Users\thiagonogueira\OneDrive - mppi.mp.br\CLC\01_Processos_e_Aquisicoes\Base de Conhecimento - Thiago\01_Normativos_Vigentes\03_MPPI\PEI_2022_2029.md"
"MD_SEM_PDF","mestra\01_Normativos_Vigentes\03_MPPI","","Plano-Politico-Pedagogico-CEAF-2026-3.md","mestra\01_Normativos_Vigentes\03_MPPI","0","C:\Users\thiagonogueira\OneDrive - mppi.mp.br\CLC\01_Processos_e_Aquisicoes\Base de Conhecimento - Thiago\01_Normativos_Vigentes\03_MPPI\Plano-Politico-Pedagogico-CEAF-2026-3.md"
"MD_SEM_PDF","mestra\01_Normativos_Vigentes\03_MPPI","","Res CPJ 08.2025 - Manual de Identidade Visual do MPPI.md","mestra\01_Normativos_Vigentes\03_MPPI","0","C:\Users\thiagonogueira\OneDrive - mppi.mp.br\CLC\01_Processos_e_Aquisicoes\Base de Conhecimento - Thiago\01_Normativos_Vigentes\03_MPPI\Res CPJ 08.2025 - Manual de Identidade Visual do MPPI.md"
"MD_SEM_PDF","mestra\01_Normativos_Vigentes\03_MPPI\Atos","","Ato PGJ 0228.2022 - Suprimento de Fundos.md","mestra\01_Normativos_Vigentes\03_MPPI\Atos","0","C:\Users\thiagonogueira\OneDrive - mppi.mp.br\CLC\01_Processos_e_Aquisicoes\Base de Conhecimento - Thiago\01_Normativos_Vigentes\03_MPPI\Atos\Ato PGJ 0228.2022 - Suprimento de Fundos.md"
"MD_SEM_PDF","mestra\01_Normativos_Vigentes\03_MPPI\Atos","","Ato PGJ 0462.2013 - Fiscalizacao e Gestao de Contratos.md","mestra\01_Normativos_Vigentes\03_MPPI\Atos","0","C:\Users\thiagonogueira\OneDrive - mppi.mp.br\CLC\01_Processos_e_Aquisicoes\Base de Conhecimento - Thiago\01_Normativos_Vigentes\03_MPPI\Atos\Ato PGJ 0462.2013 - Fiscalizacao e Gestao de Contratos.md"
"MD_SEM_PDF","mestra\01_Normativos_Vigentes\03_MPPI\Atos","","Ato PGJ 0479.2013 - Dispoe sobre a organizacao administrativa do MPPI.md","mestra\01_Normativos_Vigentes\03_MPPI\Atos","0","C:\Users\thiagonogueira\OneDrive - mppi.mp.br\CLC\01_Processos_e_Aquisicoes\Base de Conhecimento - Thiago\01_Normativos_Vigentes\03_MPPI\Atos\Ato PGJ 0479.2013 - Dispoe sobre a organizacao administrativa do MPPI.md"
"MD_SEM_PDF","mestra\01_Normativos_Vigentes\03_MPPI\Atos","","Ato PGJ 0479.2014 - Estrutura e Organizacao Administrativa do MPPI.md","mestra\01_Normativos_Vigentes\03_MPPI\Atos","0","C:\Users\thiagonogueira\OneDrive - mppi.mp.br\CLC\01_Processos_e_Aquisicoes\Base de Conhecimento - Thiago\01_Normativos_Vigentes\03_MPPI\Atos\Ato PGJ 0479.2014 - Estrutura e Organizacao Administrativa do MPPI.md"
"MD_SEM_PDF","mestra\01_Normativos_Vigentes\03_MPPI\Atos","","Ato PGJ 1079.2021 - Regulamento Interno da PGJ Compilado.md","mestra\01_Normativos_Vigentes\03_MPPI\Atos","0","C:\Users\thiagonogueira\OneDrive - mppi.mp.br\CLC\01_Processos_e_Aquisicoes\Base de Conhecimento - Thiago\01_Normativos_Vigentes\03_MPPI\Atos\Ato PGJ 1079.2021 - Regulamento Interno da PGJ Compilado.md"
"MD_SEM_PDF","mestra\01_Normativos_Vigentes\03_MPPI\Atos","","Ato PGJ 1180.2022 - Altera Ato PGJ 479.2014 (Assessoria para Pareceres em Processos Licitatórios).md","mestra\01_Normativos_Vigentes\03_MPPI\Atos","0","C:\Users\thiagonogueira\OneDrive - mppi.mp.br\CLC\01_Processos_e_Aquisicoes\Base de Conhecimento - Thiago\01_Normativos_Vigentes\03_MPPI\Atos\Ato PGJ 1180.2022 - Altera Ato PGJ 479.2014 (Assessoria para Pareceres em Processos Licitatórios).md"
"MD_SEM_PDF","mestra\01_Normativos_Vigentes\03_MPPI\Atos","","Ato PGJ 1381.2024 - Diretrizes de Contratacoes e Governanca MPPI.md","mestra\01_Normativos_Vigentes\03_MPPI\Atos","0","C:\Users\thiagonogueira\OneDrive - mppi.mp.br\CLC\01_Processos_e_Aquisicoes\Base de Conhecimento - Thiago\01_Normativos_Vigentes\03_MPPI\Atos\Ato PGJ 1381.2024 - Diretrizes de Contratacoes e Governanca MPPI.md"
"MD_SEM_PDF","mestra\01_Normativos_Vigentes\03_MPPI\Atos","","Ato PGJ 1382.2024 - Regulamenta a Implementação da 14133 no MPPI.md","mestra\01_Normativos_Vigentes\03_MPPI\Atos","0","C:\Users\thiagonogueira\OneDrive - mppi.mp.br\CLC\01_Processos_e_Aquisicoes\Base de Conhecimento - Thiago\01_Normativos_Vigentes\03_MPPI\Atos\Ato PGJ 1382.2024 - Regulamenta a Implementação da 14133 no MPPI.md"
"MD_SEM_PDF","mestra\01_Normativos_Vigentes\03_MPPI\Atos","","Ato PGJ 1382.2024 - Regulamenta a Implementação da 14133 no MPPI_2.md","mestra\01_Normativos_Vigentes\03_MPPI\Atos","0","C:\Users\thiagonogueira\OneDrive - mppi.mp.br\CLC\01_Processos_e_Aquisicoes\Base de Conhecimento - Thiago\01_Normativos_Vigentes\03_MPPI\Atos\Ato PGJ 1382.2024 - Regulamenta a Implementação da 14133 no MPPI_2.md"
"MD_SEM_PDF","mestra\01_Normativos_Vigentes\03_MPPI\Atos","","Ato PGJ 1383.2024 - Dispensa Parecer Jurídico.md","mestra\01_Normativos_Vigentes\03_MPPI\Atos","0","C:\Users\thiagonogueira\OneDrive - mppi.mp.br\CLC\01_Processos_e_Aquisicoes\Base de Conhecimento - Thiago\01_Normativos_Vigentes\03_MPPI\Atos\Ato PGJ 1383.2024 - Dispensa Parecer Jurídico.md"
"MD_SEM_PDF","mestra\01_Normativos_Vigentes\03_MPPI\Atos","","Ato PGJ 1413.2024 - Altera Ato PGJ 1382.2024.md","mestra\01_Normativos_Vigentes\03_MPPI\Atos","0","C:\Users\thiagonogueira\OneDrive - mppi.mp.br\CLC\01_Processos_e_Aquisicoes\Base de Conhecimento - Thiago\01_Normativos_Vigentes\03_MPPI\Atos\Ato PGJ 1413.2024 - Altera Ato PGJ 1382.2024.md"
"MD_SEM_PDF","mestra\01_Normativos_Vigentes\03_MPPI\Atos","","Ato PGJ 1413.2024 - Altera Ato PGJ 1382.2024_2.md","mestra\01_Normativos_Vigentes\03_MPPI\Atos","0","C:\Users\thiagonogueira\OneDrive - mppi.mp.br\CLC\01_Processos_e_Aquisicoes\Base de Conhecimento - Thiago\01_Normativos_Vigentes\03_MPPI\Atos\Ato PGJ 1413.2024 - Altera Ato PGJ 1382.2024_2.md"
"MD_SEM_PDF","mestra\01_Normativos_Vigentes\03_MPPI\Atos","","Ato PGJ 1414.2024 - Agente de Contratação.md","mestra\01_Normativos_Vigentes\03_MPPI\Atos","0","C:\Users\thiagonogueira\OneDrive - mppi.mp.br\CLC\01_Processos_e_Aquisicoes\Base de Conhecimento - Thiago\01_Normativos_Vigentes\03_MPPI\Atos\Ato PGJ 1414.2024 - Agente de Contratação.md"
"MD_SEM_PDF","mestra\01_Normativos_Vigentes\03_MPPI\Atos","","Ato PGJ 1415.2024 - Serviços e fornecimentos contínuos.md","mestra\01_Normativos_Vigentes\03_MPPI\Atos","0","C:\Users\thiagonogueira\OneDrive - mppi.mp.br\CLC\01_Processos_e_Aquisicoes\Base de Conhecimento - Thiago\01_Normativos_Vigentes\03_MPPI\Atos\Ato PGJ 1415.2024 - Serviços e fornecimentos contínuos.md"
"MD_SEM_PDF","mestra\01_Normativos_Vigentes\03_MPPI\Atos","","Ato PGJ 1441.2024 - Altera Atos PGJ 939.2019 e 1051.2021 (Acesso a TI e Provimento em Comissão).md","mestra\01_Normativos_Vigentes\03_MPPI\Atos","0","C:\Users\thiagonogueira\OneDrive - mppi.mp.br\CLC\01_Processos_e_Aquisicoes\Base de Conhecimento - Thiago\01_Normativos_Vigentes\03_MPPI\Atos\Ato PGJ 1441.2024 - Altera Atos PGJ 939.2019 e 1051.2021 (Acesso a TI e Provimento em Comissão).md"
"MD_SEM_PDF","mestra\01_Normativos_Vigentes\03_MPPI\Atos","","Ato PGJ 1448.2024 - Altera o Ato PGJ 1414.2024.md","mestra\01_Normativos_Vigentes\03_MPPI\Atos","0","C:\Users\thiagonogueira\OneDrive - mppi.mp.br\CLC\01_Processos_e_Aquisicoes\Base de Conhecimento - Thiago\01_Normativos_Vigentes\03_MPPI\Atos\Ato PGJ 1448.2024 - Altera o Ato PGJ 1414.2024.md"
"MD_SEM_PDF","mestra\01_Normativos_Vigentes\03_MPPI\Atos","","Ato PGJ 1449.2024 - Reserva de Vagas para Mulheres em Situação de Vulnerabilidade (Terceirização).md","mestra\01_Normativos_Vigentes\03_MPPI\Atos","0","C:\Users\thiagonogueira\OneDrive - mppi.mp.br\CLC\01_Processos_e_Aquisicoes\Base de Conhecimento - Thiago\01_Normativos_Vigentes\03_MPPI\Atos\Ato PGJ 1449.2024 - Reserva de Vagas para Mulheres em Situação de Vulnerabilidade (Terceirização).md"
"MD_SEM_PDF","mestra\01_Normativos_Vigentes\03_MPPI\Atos","","Ato PGJ 1456.2024 - Manifestação Jurídica Referencial.md","mestra\01_Normativos_Vigentes\03_MPPI\Atos","0","C:\Users\thiagonogueira\OneDrive - mppi.mp.br\CLC\01_Processos_e_Aquisicoes\Base de Conhecimento - Thiago\01_Normativos_Vigentes\03_MPPI\Atos\Ato PGJ 1456.2024 - Manifestação Jurídica Referencial.md"
"MD_SEM_PDF","mestra\01_Normativos_Vigentes\03_MPPI\Atos","","Ato PGJ 1480.2025 - Retira CONINT da Fase Interna.md","mestra\01_Normativos_Vigentes\03_MPPI\Atos","0","C:\Users\thiagonogueira\OneDrive - mppi.mp.br\CLC\01_Processos_e_Aquisicoes\Base de Conhecimento - Thiago\01_Normativos_Vigentes\03_MPPI\Atos\Ato PGJ 1480.2025 - Retira CONINT da Fase Interna.md"
"MD_SEM_PDF","mestra\01_Normativos_Vigentes\03_MPPI\Atos","","Ato PGJ 1538.2025 - Altera Atos Normativos de Contratacao MPPI.md","mestra\01_Normativos_Vigentes\03_MPPI\Atos","0","C:\Users\thiagonogueira\OneDrive - mppi.mp.br\CLC\01_Processos_e_Aquisicoes\Base de Conhecimento - Thiago\01_Normativos_Vigentes\03_MPPI\Atos\Ato PGJ 1538.2025 - Altera Atos Normativos de Contratacao MPPI.md"
"MD_SEM_PDF","mestra\01_Normativos_Vigentes\03_MPPI\Atos","","Ato PGJ 1599.2025 - Institui a Política de Segurança Institucional e o Sistema de Segurança Institucional do MPPI.md","mestra\01_Normativos_Vigentes\03_MPPI\Atos","0","C:\Users\thiagonogueira\OneDrive - mppi.mp.br\CLC\01_Processos_e_Aquisicoes\Base de Conhecimento - Thiago\01_Normativos_Vigentes\03_MPPI\Atos\Ato PGJ 1599.2025 - Institui a Política de Segurança Institucional e o Sistema de Segurança Institucional do MPPI.md"
"MD_SEM_PDF","mestra\01_Normativos_Vigentes\03_MPPI\Atos","","Ato PGJ 939.2019 - Disciplina Atividades de Tecnologia da Informação.md","mestra\01_Normativos_Vigentes\03_MPPI\Atos","0","C:\Users\thiagonogueira\OneDrive - mppi.mp.br\CLC\01_Processos_e_Aquisicoes\Base de Conhecimento - Thiago\01_Normativos_Vigentes\03_MPPI\Atos\Ato PGJ 939.2019 - Disciplina Atividades de Tecnologia da Informação.md"
"MD_SEM_PDF","mestra\01_Normativos_Vigentes\03_MPPI\PCA 2026","","PCA 2026 - Plano de Contratacoes Anual Versao 3.0 MPPI.md","mestra\01_Normativos_Vigentes\03_MPPI\PCA 2026","0","C:\Users\thiagonogueira\OneDrive - mppi.mp.br\CLC\01_Processos_e_Aquisicoes\Base de Conhecimento - Thiago\01_Normativos_Vigentes\03_MPPI\PCA 2026\PCA 2026 - Plano de Contratacoes Anual Versao 3.0 MPPI.md"
"MD_SEM_PDF","mestra\01_Normativos_Vigentes\03_MPPI\Portarias","","Portaria PGJ 0870.2025 - Equipe de Planejamento.md","mestra\01_Normativos_Vigentes\03_MPPI\Portarias","0","C:\Users\thiagonogueira\OneDrive - mppi.mp.br\CLC\01_Processos_e_Aquisicoes\Base de Conhecimento - Thiago\01_Normativos_Vigentes\03_MPPI\Portarias\Portaria PGJ 0870.2025 - Equipe de Planejamento.md"
"MD_SEM_PDF","mestra\01_Normativos_Vigentes\03_MPPI\Portarias","","Portaria PGJ 0942.2025 - Equipe de Planejamento.md","mestra\01_Normativos_Vigentes\03_MPPI\Portarias","0","C:\Users\thiagonogueira\OneDrive - mppi.mp.br\CLC\01_Processos_e_Aquisicoes\Base de Conhecimento - Thiago\01_Normativos_Vigentes\03_MPPI\Portarias\Portaria PGJ 0942.2025 - Equipe de Planejamento.md"
"MD_SEM_PDF","mestra\01_Normativos_Vigentes\03_MPPI\Portarias","","Portaria PGJ 1040.2025 - Equipe de Planejamento.md","mestra\01_Normativos_Vigentes\03_MPPI\Portarias","0","C:\Users\thiagonogueira\OneDrive - mppi.mp.br\CLC\01_Processos_e_Aquisicoes\Base de Conhecimento - Thiago\01_Normativos_Vigentes\03_MPPI\Portarias\Portaria PGJ 1040.2025 - Equipe de Planejamento.md"
"MD_SEM_PDF","mestra\01_Normativos_Vigentes\03_MPPI\Portarias","","Portaria PGJ 1318.2026 - Equipe de Planejamento.md","mestra\01_Normativos_Vigentes\03_MPPI\Portarias","0","C:\Users\thiagonogueira\OneDrive - mppi.mp.br\CLC\01_Processos_e_Aquisicoes\Base de Conhecimento - Thiago\01_Normativos_Vigentes\03_MPPI\Portarias\Portaria PGJ 1318.2026 - Equipe de Planejamento.md"
"MD_SEM_PDF","mestra\01_Normativos_Vigentes\03_MPPI\Portarias","","Portaria PGJ 2065.2026 - Equipe de Planejamento TIC.md","mestra\01_Normativos_Vigentes\03_MPPI\Portarias","0","C:\Users\thiagonogueira\OneDrive - mppi.mp.br\CLC\01_Processos_e_Aquisicoes\Base de Conhecimento - Thiago\01_Normativos_Vigentes\03_MPPI\Portarias\Portaria PGJ 2065.2026 - Equipe de Planejamento TIC.md"
"MD_SEM_PDF","mestra\01_Normativos_Vigentes\03_MPPI\Portarias","","Portaria PGJ 2067.2026 - Equipe de Planejamento.md","mestra\01_Normativos_Vigentes\03_MPPI\Portarias","0","C:\Users\thiagonogueira\OneDrive - mppi.mp.br\CLC\01_Processos_e_Aquisicoes\Base de Conhecimento - Thiago\01_Normativos_Vigentes\03_MPPI\Portarias\Portaria PGJ 2067.2026 - Equipe de Planejamento.md"
"MD_SEM_PDF","mestra\01_Normativos_Vigentes\03_MPPI\Portarias","","Portaria PGJ 2396.2022 - Designacoes e Atribuicoes Administrativas.md","mestra\01_Normativos_Vigentes\03_MPPI\Portarias","0","C:\Users\thiagonogueira\OneDrive - mppi.mp.br\CLC\01_Processos_e_Aquisicoes\Base de Conhecimento - Thiago\01_Normativos_Vigentes\03_MPPI\Portarias\Portaria PGJ 2396.2022 - Designacoes e Atribuicoes Administrativas.md"
"MD_SEM_PDF","mestra\01_Normativos_Vigentes\03_MPPI\Portarias","","Portaria PGJ 2864.2026 - Atribuicoes e Designacoes Administrativas.md","mestra\01_Normativos_Vigentes\03_MPPI\Portarias","0","C:\Users\thiagonogueira\OneDrive - mppi.mp.br\CLC\01_Processos_e_Aquisicoes\Base de Conhecimento - Thiago\01_Normativos_Vigentes\03_MPPI\Portarias\Portaria PGJ 2864.2026 - Atribuicoes e Designacoes Administrativas.md"
"MD_SEM_PDF","mestra\01_Normativos_Vigentes\03_MPPI\Portarias","","Portaria PGJ 2918.2026 - Designacao Procon MPPI.md","mestra\01_Normativos_Vigentes\03_MPPI\Portarias","0","C:\Users\thiagonogueira\OneDrive - mppi.mp.br\CLC\01_Processos_e_Aquisicoes\Base de Conhecimento - Thiago\01_Normativos_Vigentes\03_MPPI\Portarias\Portaria PGJ 2918.2026 - Designacao Procon MPPI.md"
"MD_SEM_PDF","mestra\01_Normativos_Vigentes\03_MPPI\Portarias","","Portaria PGJ 3172.2025 - Designacoes e Atribuicoes Administrativas.md","mestra\01_Normativos_Vigentes\03_MPPI\Portarias","0","C:\Users\thiagonogueira\OneDrive - mppi.mp.br\CLC\01_Processos_e_Aquisicoes\Base de Conhecimento - Thiago\01_Normativos_Vigentes\03_MPPI\Portarias\Portaria PGJ 3172.2025 - Designacoes e Atribuicoes Administrativas.md"
"MD_SEM_PDF","mestra\01_Normativos_Vigentes\03_MPPI\Portarias","","Portaria PGJ 3315.2025 - Equipe de Planejamento da Contratação.md","mestra\01_Normativos_Vigentes\03_MPPI\Portarias","0","C:\Users\thiagonogueira\OneDrive - mppi.mp.br\CLC\01_Processos_e_Aquisicoes\Base de Conhecimento - Thiago\01_Normativos_Vigentes\03_MPPI\Portarias\Portaria PGJ 3315.2025 - Equipe de Planejamento da Contratação.md"
"MD_SEM_PDF","mestra\01_Normativos_Vigentes\03_MPPI\Portarias","","Portaria PGJ 3447.2024 - Equipe de Planejamento TIC.md","mestra\01_Normativos_Vigentes\03_MPPI\Portarias","0","C:\Users\thiagonogueira\OneDrive - mppi.mp.br\CLC\01_Processos_e_Aquisicoes\Base de Conhecimento - Thiago\01_Normativos_Vigentes\03_MPPI\Portarias\Portaria PGJ 3447.2024 - Equipe de Planejamento TIC.md"
"MD_SEM_PDF","mestra\01_Normativos_Vigentes\03_MPPI\Portarias","","Portaria PGJ 3448.2024 - Equipe de Planejamento da Contratacao.md","mestra\01_Normativos_Vigentes\03_MPPI\Portarias","0","C:\Users\thiagonogueira\OneDrive - mppi.mp.br\CLC\01_Processos_e_Aquisicoes\Base de Conhecimento - Thiago\01_Normativos_Vigentes\03_MPPI\Portarias\Portaria PGJ 3448.2024 - Equipe de Planejamento da Contratacao.md"
"MD_SEM_PDF","mestra\01_Normativos_Vigentes\03_MPPI\Portarias","","Portaria PGJ 4333.2024 - Equipe de Planejamento da Contratacao.md","mestra\01_Normativos_Vigentes\03_MPPI\Portarias","0","C:\Users\thiagonogueira\OneDrive - mppi.mp.br\CLC\01_Processos_e_Aquisicoes\Base de Conhecimento - Thiago\01_Normativos_Vigentes\03_MPPI\Portarias\Portaria PGJ 4333.2024 - Equipe de Planejamento da Contratacao.md"
"MD_SEM_PDF","mestra\01_Normativos_Vigentes\03_MPPI\Portarias","","Portaria PGJ 4335.2024 - Equipe de Planejamento TIC.md","mestra\01_Normativos_Vigentes\03_MPPI\Portarias","0","C:\Users\thiagonogueira\OneDrive - mppi.mp.br\CLC\01_Processos_e_Aquisicoes\Base de Conhecimento - Thiago\01_Normativos_Vigentes\03_MPPI\Portarias\Portaria PGJ 4335.2024 - Equipe de Planejamento TIC.md"
"MD_SEM_PDF","mestra\01_Normativos_Vigentes\03_MPPI\Portarias","","Portaria PGJ 4337.2024 - Agente de Contratação e Pregoeiro.md","mestra\01_Normativos_Vigentes\03_MPPI\Portarias","0","C:\Users\thiagonogueira\OneDrive - mppi.mp.br\CLC\01_Processos_e_Aquisicoes\Base de Conhecimento - Thiago\01_Normativos_Vigentes\03_MPPI\Portarias\Portaria PGJ 4337.2024 - Agente de Contratação e Pregoeiro.md"
"MD_SEM_PDF","mestra\01_Normativos_Vigentes\03_MPPI\Portarias","","Portaria PGJ 5644.2025 - Agentes de Contratação e Pregoeiro.md","mestra\01_Normativos_Vigentes\03_MPPI\Portarias","0","C:\Users\thiagonogueira\OneDrive - mppi.mp.br\CLC\01_Processos_e_Aquisicoes\Base de Conhecimento - Thiago\01_Normativos_Vigentes\03_MPPI\Portarias\Portaria PGJ 5644.2025 - Agentes de Contratação e Pregoeiro.md"
"MD_SEM_PDF","mestra\01_Normativos_Vigentes\04_CNMP\Manuais_e_Guias_Tecnicos","","Manual da Plataforma MP Digital.md","mestra\01_Normativos_Vigentes\04_CNMP\Manuais_e_Guias_Tecnicos","0","C:\Users\thiagonogueira\OneDrive - mppi.mp.br\CLC\01_Processos_e_Aquisicoes\Base de Conhecimento - Thiago\01_Normativos_Vigentes\04_CNMP\Manuais_e_Guias_Tecnicos\Manual da Plataforma MP Digital.md"
"MD_SEM_PDF","mestra\01_Normativos_Vigentes\04_CNMP\Outros_Normativos","","Contratações de TI – Gestão de Contrato.md","mestra\01_Normativos_Vigentes\04_CNMP\Outros_Normativos","0","C:\Users\thiagonogueira\OneDrive - mppi.mp.br\CLC\01_Processos_e_Aquisicoes\Base de Conhecimento - Thiago\01_Normativos_Vigentes\04_CNMP\Outros_Normativos\Contratações de TI – Gestão de Contrato.md"
"MD_SEM_PDF","mestra\01_Normativos_Vigentes\04_CNMP\Outros_Normativos","","Contratações de TI – Planejamento da.md","mestra\01_Normativos_Vigentes\04_CNMP\Outros_Normativos","0","C:\Users\thiagonogueira\OneDrive - mppi.mp.br\CLC\01_Processos_e_Aquisicoes\Base de Conhecimento - Thiago\01_Normativos_Vigentes\04_CNMP\Outros_Normativos\Contratações de TI – Planejamento da.md"
"MD_SEM_PDF","mestra\01_Normativos_Vigentes\04_CNMP\Outros_Normativos","","Contratações de TI – Visão Geral.md","mestra\01_Normativos_Vigentes\04_CNMP\Outros_Normativos","0","C:\Users\thiagonogueira\OneDrive - mppi.mp.br\CLC\01_Processos_e_Aquisicoes\Base de Conhecimento - Thiago\01_Normativos_Vigentes\04_CNMP\Outros_Normativos\Contratações de TI – Visão Geral.md"
"MD_SEM_PDF","mestra\01_Normativos_Vigentes\04_CNMP\Outros_Normativos","","Contratações de TI-Seleção de Fornecedores.md","mestra\01_Normativos_Vigentes\04_CNMP\Outros_Normativos","0","C:\Users\thiagonogueira\OneDrive - mppi.mp.br\CLC\01_Processos_e_Aquisicoes\Base de Conhecimento - Thiago\01_Normativos_Vigentes\04_CNMP\Outros_Normativos\Contratações de TI-Seleção de Fornecedores.md"
"MD_SEM_PDF","mestra\01_Normativos_Vigentes\04_CNMP\Outros_Normativos","","MOTec.md","mestra\01_Normativos_Vigentes\04_CNMP\Outros_Normativos","0","C:\Users\thiagonogueira\OneDrive - mppi.mp.br\CLC\01_Processos_e_Aquisicoes\Base de Conhecimento - Thiago\01_Normativos_Vigentes\04_CNMP\Outros_Normativos\MOTec.md"
"MD_SEM_PDF","mestra\01_Normativos_Vigentes\04_CNMP\POP's Contratação Direta","","POP - Contratacao Direta Art 75 IX - Empresa Publica.md","mestra\01_Normativos_Vigentes\04_CNMP\POP's Contratação Direta","0","C:\Users\thiagonogueira\OneDrive - mppi.mp.br\CLC\01_Processos_e_Aquisicoes\Base de Conhecimento - Thiago\01_Normativos_Vigentes\04_CNMP\POP's Contratação Direta\POP - Contratacao Direta Art 75 IX - Empresa Publica.md"
"MD_SEM_PDF","mestra\01_Normativos_Vigentes\04_CNMP\POP's Contratação Direta","","POP - Contratacao Direta Inexigibilidade Art 74 I - Exclusividade.md","mestra\01_Normativos_Vigentes\04_CNMP\POP's Contratação Direta","0","C:\Users\thiagonogueira\OneDrive - mppi.mp.br\CLC\01_Processos_e_Aquisicoes\Base de Conhecimento - Thiago\01_Normativos_Vigentes\04_CNMP\POP's Contratação Direta\POP - Contratacao Direta Inexigibilidade Art 74 I - Exclusividade.md"
"MD_SEM_PDF","mestra\01_Normativos_Vigentes\04_CNMP\POP's Contratação Direta","","POP - Contratacao Direta Inexigibilidade Art 74 II - Setor Artistico.md","mestra\01_Normativos_Vigentes\04_CNMP\POP's Contratação Direta","0","C:\Users\thiagonogueira\OneDrive - mppi.mp.br\CLC\01_Processos_e_Aquisicoes\Base de Conhecimento - Thiago\01_Normativos_Vigentes\04_CNMP\POP's Contratação Direta\POP - Contratacao Direta Inexigibilidade Art 74 II - Setor Artistico.md"
"MD_SEM_PDF","mestra\01_Normativos_Vigentes\04_CNMP\POP's Contratação Direta","","POP - Contratacao Direta Inexigibilidade Art 74 III - Cursos Treinamentos e Palestras.md","mestra\01_Normativos_Vigentes\04_CNMP\POP's Contratação Direta","0","C:\Users\thiagonogueira\OneDrive - mppi.mp.br\CLC\01_Processos_e_Aquisicoes\Base de Conhecimento - Thiago\01_Normativos_Vigentes\04_CNMP\POP's Contratação Direta\POP - Contratacao Direta Inexigibilidade Art 74 III - Cursos Treinamentos e Palestras.md"
"MD_SEM_PDF","mestra\01_Normativos_Vigentes\04_CNMP\POP's Contratação Direta","","POP - Contratacao por Adesao a Ata de Registro de Precos Carona.md","mestra\01_Normativos_Vigentes\04_CNMP\POP's Contratação Direta","0","C:\Users\thiagonogueira\OneDrive - mppi.mp.br\CLC\01_Processos_e_Aquisicoes\Base de Conhecimento - Thiago\01_Normativos_Vigentes\04_CNMP\POP's Contratação Direta\POP - Contratacao por Adesao a Ata de Registro de Precos Carona.md"
"MD_SEM_PDF","mestra\01_Normativos_Vigentes\04_CNMP\POP's Contratação Direta","","POP - Contratacao por Dispensa Eletronica.md","mestra\01_Normativos_Vigentes\04_CNMP\POP's Contratação Direta","0","C:\Users\thiagonogueira\OneDrive - mppi.mp.br\CLC\01_Processos_e_Aquisicoes\Base de Conhecimento - Thiago\01_Normativos_Vigentes\04_CNMP\POP's Contratação Direta\POP - Contratacao por Dispensa Eletronica.md"
"MD_SEM_PDF","mestra\01_Normativos_Vigentes\04_CNMP\POP's Contratação Direta","","POP - Prorrogacao de Vigencia de Ata de Registro de Precos.md","mestra\01_Normativos_Vigentes\04_CNMP\POP's Contratação Direta","0","C:\Users\thiagonogueira\OneDrive - mppi.mp.br\CLC\01_Processos_e_Aquisicoes\Base de Conhecimento - Thiago\01_Normativos_Vigentes\04_CNMP\POP's Contratação Direta\POP - Prorrogacao de Vigencia de Ata de Registro de Precos.md"
"MD_SEM_PDF","mestra\01_Normativos_Vigentes\04_CNMP\Resolucoes","","Resolucao-CNMP-n-281-de-2023 (Politica de Governanca das Contratacoes).md","mestra\01_Normativos_Vigentes\04_CNMP\Resolucoes","0","C:\Users\thiagonogueira\OneDrive - mppi.mp.br\CLC\01_Processos_e_Aquisicoes\Base de Conhecimento - Thiago\01_Normativos_Vigentes\04_CNMP\Resolucoes\Resolucao-CNMP-n-281-de-2023 (Politica de Governanca das Contratacoes).md"
"MD_SEM_PDF","mestra\01_Normativos_Vigentes\04_CNMP\Resolucoes","","Resolucao-CNMP-n-283 (Disciplina contratações de TIC).md","mestra\01_Normativos_Vigentes\04_CNMP\Resolucoes","0","C:\Users\thiagonogueira\OneDrive - mppi.mp.br\CLC\01_Processos_e_Aquisicoes\Base de Conhecimento - Thiago\01_Normativos_Vigentes\04_CNMP\Resolucoes\Resolucao-CNMP-n-283 (Disciplina contratações de TIC).md"
"MD_SEM_PDF","mestra\01_Normativos_Vigentes\05_TCE_PI\Acordaos_Pareceres_Orientacoes","","Acordao TCE-PI 300.2025 - Primeira Camara - Irregularidades Pregao e Adesao ARP.md","mestra\01_Normativos_Vigentes\05_TCE_PI\Acordaos_Pareceres_Orientacoes","0","C:\Users\thiagonogueira\OneDrive - mppi.mp.br\CLC\01_Processos_e_Aquisicoes\Base de Conhecimento - Thiago\01_Normativos_Vigentes\05_TCE_PI\Acordaos_Pareceres_Orientacoes\Acordao TCE-PI 300.2025 - Primeira Camara - Irregularidades Pregao e Adesao ARP.md"
"MD_SEM_PDF","mestra\01_Normativos_Vigentes\05_TCE_PI\Acordaos_Pareceres_Orientacoes","","Nota Técnica TCE-PI 002.2024 - Despesas com Festas Shows Artistas e Bandas.md","mestra\01_Normativos_Vigentes\05_TCE_PI\Acordaos_Pareceres_Orientacoes","0","C:\Users\thiagonogueira\OneDrive - mppi.mp.br\CLC\01_Processos_e_Aquisicoes\Base de Conhecimento - Thiago\01_Normativos_Vigentes\05_TCE_PI\Acordaos_Pareceres_Orientacoes\Nota Técnica TCE-PI 002.2024 - Despesas com Festas Shows Artistas e Bandas.md"
"MD_SEM_PDF","mestra\01_Normativos_Vigentes\05_TCE_PI\Instrucoes_Normativas","","IN TCE-PI nº 07.2021 - Altera IN 06.2017 Licitacoes Web.md","mestra\01_Normativos_Vigentes\05_TCE_PI\Instrucoes_Normativas","0","C:\Users\thiagonogueira\OneDrive - mppi.mp.br\CLC\01_Processos_e_Aquisicoes\Base de Conhecimento - Thiago\01_Normativos_Vigentes\05_TCE_PI\Instrucoes_Normativas\IN TCE-PI nº 07.2021 - Altera IN 06.2017 Licitacoes Web.md"
"MD_SEM_PDF","mestra\01_Normativos_Vigentes\05_TCE_PI\Leis","","Lei Estadual 5888.2009 - Lei Organica do TCE-PI Atualizada ate 2026.md","mestra\01_Normativos_Vigentes\05_TCE_PI\Leis","0","C:\Users\thiagonogueira\OneDrive - mppi.mp.br\CLC\01_Processos_e_Aquisicoes\Base de Conhecimento - Thiago\01_Normativos_Vigentes\05_TCE_PI\Leis\Lei Estadual 5888.2009 - Lei Organica do TCE-PI Atualizada ate 2026.md"
"MD_SEM_PDF","mestra\01_Normativos_Vigentes\05_TCE_PI\Outros_Normativos","","IN TCE-PI nº 06.2017 - Sistemas Licitacoes Contratos e Obras Web.md","mestra\01_Normativos_Vigentes\05_TCE_PI\Outros_Normativos","0","C:\Users\thiagonogueira\OneDrive - mppi.mp.br\CLC\01_Processos_e_Aquisicoes\Base de Conhecimento - Thiago\01_Normativos_Vigentes\05_TCE_PI\Outros_Normativos\IN TCE-PI nº 06.2017 - Sistemas Licitacoes Contratos e Obras Web.md"
"MD_SEM_PDF","mestra\01_Normativos_Vigentes\05_TCE_PI\Resolucoes","","Resolucao TCE-PI nº 09.2025 - Padroes Decisoes e Acordaos.md","mestra\01_Normativos_Vigentes\05_TCE_PI\Resolucoes","0","C:\Users\thiagonogueira\OneDrive - mppi.mp.br\CLC\01_Processos_e_Aquisicoes\Base de Conhecimento - Thiago\01_Normativos_Vigentes\05_TCE_PI\Resolucoes\Resolucao TCE-PI nº 09.2025 - Padroes Decisoes e Acordaos.md"
"MD_SEM_PDF","mestra\01_Normativos_Vigentes\05_TCE_PI\Resolucoes","","Resolucao TCE-PI nº 10.2020 - Procedimento de Levantamento.md","mestra\01_Normativos_Vigentes\05_TCE_PI\Resolucoes","0","C:\Users\thiagonogueira\OneDrive - mppi.mp.br\CLC\01_Processos_e_Aquisicoes\Base de Conhecimento - Thiago\01_Normativos_Vigentes\05_TCE_PI\Resolucoes\Resolucao TCE-PI nº 10.2020 - Procedimento de Levantamento.md"
"MD_SEM_PDF","mestra\01_Normativos_Vigentes\05_TCE_PI\Resolucoes","","Resolucao TCE-PI nº 19.2024 - Regimento Interno do TCE-PI.md","mestra\01_Normativos_Vigentes\05_TCE_PI\Resolucoes","0","C:\Users\thiagonogueira\OneDrive - mppi.mp.br\CLC\01_Processos_e_Aquisicoes\Base de Conhecimento - Thiago\01_Normativos_Vigentes\05_TCE_PI\Resolucoes\Resolucao TCE-PI nº 19.2024 - Regimento Interno do TCE-PI.md"
"MD_SEM_PDF","mestra\01_Normativos_Vigentes\05_TCE_PI\Resolucoes","","Resolucao TCE-PI nº 20.2024 - Alteracao Regimental.md","mestra\01_Normativos_Vigentes\05_TCE_PI\Resolucoes","0","C:\Users\thiagonogueira\OneDrive - mppi.mp.br\CLC\01_Processos_e_Aquisicoes\Base de Conhecimento - Thiago\01_Normativos_Vigentes\05_TCE_PI\Resolucoes\Resolucao TCE-PI nº 20.2024 - Alteracao Regimental.md"
"MD_SEM_PDF","mestra\01_Normativos_Vigentes\05_TCE_PI\Resolucoes","","Resolucao TCE-PI nº 37.2024 - Deliberacoes e Medidas Corretivas.md","mestra\01_Normativos_Vigentes\05_TCE_PI\Resolucoes","0","C:\Users\thiagonogueira\OneDrive - mppi.mp.br\CLC\01_Processos_e_Aquisicoes\Base de Conhecimento - Thiago\01_Normativos_Vigentes\05_TCE_PI\Resolucoes\Resolucao TCE-PI nº 37.2024 - Deliberacoes e Medidas Corretivas.md"
"MD_SEM_PDF","mestra\01_Normativos_Vigentes\06_TJPI\Acordaos_Pareceres_Orientacoes","","Modelo de Justificativa Tecnico-Administrativa TJPI (Parecer do Agente).md","mestra\01_Normativos_Vigentes\06_TJPI\Acordaos_Pareceres_Orientacoes","0","C:\Users\thiagonogueira\OneDrive - mppi.mp.br\CLC\01_Processos_e_Aquisicoes\Base de Conhecimento - Thiago\01_Normativos_Vigentes\06_TJPI\Acordaos_Pareceres_Orientacoes\Modelo de Justificativa Tecnico-Administrativa TJPI (Parecer do Agente).md"
"MD_SEM_PDF","mestra\01_Normativos_Vigentes\06_TJPI\Manuais_e_Guias_Tecnicos","","Manual de Licitacoes e Contratos TJPI (2023-2024).md","mestra\01_Normativos_Vigentes\06_TJPI\Manuais_e_Guias_Tecnicos","0","C:\Users\thiagonogueira\OneDrive - mppi.mp.br\CLC\01_Processos_e_Aquisicoes\Base de Conhecimento - Thiago\01_Normativos_Vigentes\06_TJPI\Manuais_e_Guias_Tecnicos\Manual de Licitacoes e Contratos TJPI (2023-2024).md"
"MD_SEM_PDF","mestra\01_Normativos_Vigentes\06_TJPI\Outros_Normativos","","Analise de Primeira Linha SLC TJPI - Controle Interno.md","mestra\01_Normativos_Vigentes\06_TJPI\Outros_Normativos","0","C:\Users\thiagonogueira\OneDrive - mppi.mp.br\CLC\01_Processos_e_Aquisicoes\Base de Conhecimento - Thiago\01_Normativos_Vigentes\06_TJPI\Outros_Normativos\Analise de Primeira Linha SLC TJPI - Controle Interno.md"
"MD_SEM_PDF","mestra\01_Normativos_Vigentes\06_TJPI\Outros_Normativos","","Fluxogramas de Processos Licitatorios TJPI.md","mestra\01_Normativos_Vigentes\06_TJPI\Outros_Normativos","0","C:\Users\thiagonogueira\OneDrive - mppi.mp.br\CLC\01_Processos_e_Aquisicoes\Base de Conhecimento - Thiago\01_Normativos_Vigentes\06_TJPI\Outros_Normativos\Fluxogramas de Processos Licitatorios TJPI.md"
"MD_SEM_PDF","mestra\01_Normativos_Vigentes\06_TJPI\Outros_Normativos","","Lista de Verificacao SGC TJPI - Conformidade Licitatoria.md","mestra\01_Normativos_Vigentes\06_TJPI\Outros_Normativos","0","C:\Users\thiagonogueira\OneDrive - mppi.mp.br\CLC\01_Processos_e_Aquisicoes\Base de Conhecimento - Thiago\01_Normativos_Vigentes\06_TJPI\Outros_Normativos\Lista de Verificacao SGC TJPI - Conformidade Licitatoria.md"
"MD_SEM_PDF","mestra\01_Normativos_Vigentes\06_TJPI\Outros_Normativos","","Lista de Verificacao SLC TJPI - Servicos e Licitacoes.md","mestra\01_Normativos_Vigentes\06_TJPI\Outros_Normativos","0","C:\Users\thiagonogueira\OneDrive - mppi.mp.br\CLC\01_Processos_e_Aquisicoes\Base de Conhecimento - Thiago\01_Normativos_Vigentes\06_TJPI\Outros_Normativos\Lista de Verificacao SLC TJPI - Servicos e Licitacoes.md"
"MD_SEM_PDF","mestra\01_Normativos_Vigentes\06_TJPI\Outros_Normativos","","Modelo de Aviso de Dispensa de Licitacao TJPI.md","mestra\01_Normativos_Vigentes\06_TJPI\Outros_Normativos","0","C:\Users\thiagonogueira\OneDrive - mppi.mp.br\CLC\01_Processos_e_Aquisicoes\Base de Conhecimento - Thiago\01_Normativos_Vigentes\06_TJPI\Outros_Normativos\Modelo de Aviso de Dispensa de Licitacao TJPI.md"
"MD_SEM_PDF","mestra\01_Normativos_Vigentes\06_TJPI\Outros_Normativos","","Provimento TJPI nº 13.2025 - Regulamento de Obras Servicos Compras e Alienacoes.md","mestra\01_Normativos_Vigentes\06_TJPI\Outros_Normativos","0","C:\Users\thiagonogueira\OneDrive - mppi.mp.br\CLC\01_Processos_e_Aquisicoes\Base de Conhecimento - Thiago\01_Normativos_Vigentes\06_TJPI\Outros_Normativos\Provimento TJPI nº 13.2025 - Regulamento de Obras Servicos Compras e Alienacoes.md"
"MD_SEM_PDF","mestra\01_Normativos_Vigentes\06_TJPI\Portarias","","Portaria TJPI nº 2899.2023 - Dispensa de Licitacao.md","mestra\01_Normativos_Vigentes\06_TJPI\Portarias","0","C:\Users\thiagonogueira\OneDrive - mppi.mp.br\CLC\01_Processos_e_Aquisicoes\Base de Conhecimento - Thiago\01_Normativos_Vigentes\06_TJPI\Portarias\Portaria TJPI nº 2899.2023 - Dispensa de Licitacao.md"
"MD_SEM_PDF","mestra\02_Jurisprudencia_e_Orientacoes","","Acompanhamento_Contratos_MPPI_2026.md","mestra\02_Jurisprudencia_e_Orientacoes","0","C:\Users\thiagonogueira\OneDrive - mppi.mp.br\CLC\01_Processos_e_Aquisicoes\Base de Conhecimento - Thiago\02_Jurisprudencia_e_Orientacoes\Acompanhamento_Contratos_MPPI_2026.md"
"MD_SEM_PDF","mestra\02_Jurisprudencia_e_Orientacoes","","Enunciados_2_Simposio_Licitacoes_Justica_Federal.md","mestra\02_Jurisprudencia_e_Orientacoes","0","C:\Users\thiagonogueira\OneDrive - mppi.mp.br\CLC\01_Processos_e_Aquisicoes\Base de Conhecimento - Thiago\02_Jurisprudencia_e_Orientacoes\Enunciados_2_Simposio_Licitacoes_Justica_Federal.md"
"MD_SEM_PDF","mestra\02_Jurisprudencia_e_Orientacoes","","Quadro_Comparativo_Nova_Lei_14133_vs_8666.md","mestra\02_Jurisprudencia_e_Orientacoes","0","C:\Users\thiagonogueira\OneDrive - mppi.mp.br\CLC\01_Processos_e_Aquisicoes\Base de Conhecimento - Thiago\02_Jurisprudencia_e_Orientacoes\Quadro_Comparativo_Nova_Lei_14133_vs_8666.md"
"MD_SEM_PDF","mestra\02_Jurisprudencia_e_Orientacoes\Boletins_TCE_PI","","Achados_TCE-PI_Boletins_2023-2026.md","mestra\02_Jurisprudencia_e_Orientacoes\Boletins_TCE_PI","0","C:\Users\thiagonogueira\OneDrive - mppi.mp.br\CLC\01_Processos_e_Aquisicoes\Base de Conhecimento - Thiago\02_Jurisprudencia_e_Orientacoes\Boletins_TCE_PI\Achados_TCE-PI_Boletins_2023-2026.md"
"MD_SEM_PDF","mestra\02_Jurisprudencia_e_Orientacoes\Boletins_TCE_PI","","Boletim de Jurisprudencia TCE-PI - Consolidado Anual 2022.md","mestra\02_Jurisprudencia_e_Orientacoes\Boletins_TCE_PI","0","C:\Users\thiagonogueira\OneDrive - mppi.mp.br\CLC\01_Processos_e_Aquisicoes\Base de Conhecimento - Thiago\02_Jurisprudencia_e_Orientacoes\Boletins_TCE_PI\Boletim de Jurisprudencia TCE-PI - Consolidado Anual 2022.md"
"MD_SEM_PDF","mestra\02_Jurisprudencia_e_Orientacoes\Boletins_TCE_PI","","Boletim de Jurisprudencia TCE-PI - Consolidado Anual 2023.md","mestra\02_Jurisprudencia_e_Orientacoes\Boletins_TCE_PI","0","C:\Users\thiagonogueira\OneDrive - mppi.mp.br\CLC\01_Processos_e_Aquisicoes\Base de Conhecimento - Thiago\02_Jurisprudencia_e_Orientacoes\Boletins_TCE_PI\Boletim de Jurisprudencia TCE-PI - Consolidado Anual 2023.md"
"MD_SEM_PDF","mestra\02_Jurisprudencia_e_Orientacoes\Boletins_TCE_PI","","Boletim de Jurisprudencia TCE-PI - Consolidado Anual 2024.md","mestra\02_Jurisprudencia_e_Orientacoes\Boletins_TCE_PI","0","C:\Users\thiagonogueira\OneDrive - mppi.mp.br\CLC\01_Processos_e_Aquisicoes\Base de Conhecimento - Thiago\02_Jurisprudencia_e_Orientacoes\Boletins_TCE_PI\Boletim de Jurisprudencia TCE-PI - Consolidado Anual 2024.md"
"MD_SEM_PDF","mestra\02_Jurisprudencia_e_Orientacoes\Boletins_TCE_PI","","Boletim de Jurisprudencia TCE-PI - Consolidado Anual 2025.md","mestra\02_Jurisprudencia_e_Orientacoes\Boletins_TCE_PI","0","C:\Users\thiagonogueira\OneDrive - mppi.mp.br\CLC\01_Processos_e_Aquisicoes\Base de Conhecimento - Thiago\02_Jurisprudencia_e_Orientacoes\Boletins_TCE_PI\Boletim de Jurisprudencia TCE-PI - Consolidado Anual 2025.md"
"MD_SEM_PDF","mestra\02_Jurisprudencia_e_Orientacoes\Boletins_TCE_PI","","Boletim de Jurisprudencia TCE-PI - Consolidado Anual 2026.md","mestra\02_Jurisprudencia_e_Orientacoes\Boletins_TCE_PI","0","C:\Users\thiagonogueira\OneDrive - mppi.mp.br\CLC\01_Processos_e_Aquisicoes\Base de Conhecimento - Thiago\02_Jurisprudencia_e_Orientacoes\Boletins_TCE_PI\Boletim de Jurisprudencia TCE-PI - Consolidado Anual 2026.md"
"MD_SEM_PDF","mestra\02_Jurisprudencia_e_Orientacoes\Boletins_TCE_PI","","Boletim de Jurisprudencia TCE-PI nº 01 - Janeiro de 2022.md","mestra\02_Jurisprudencia_e_Orientacoes\Boletins_TCE_PI","0","C:\Users\thiagonogueira\OneDrive - mppi.mp.br\CLC\01_Processos_e_Aquisicoes\Base de Conhecimento - Thiago\02_Jurisprudencia_e_Orientacoes\Boletins_TCE_PI\Boletim de Jurisprudencia TCE-PI nº 01 - Janeiro de 2022.md"
"MD_SEM_PDF","mestra\02_Jurisprudencia_e_Orientacoes\Boletins_TCE_PI","","Boletim de Jurisprudencia TCE-PI nº 01 - Janeiro de 2023.md","mestra\02_Jurisprudencia_e_Orientacoes\Boletins_TCE_PI","0","C:\Users\thiagonogueira\OneDrive - mppi.mp.br\CLC\01_Processos_e_Aquisicoes\Base de Conhecimento - Thiago\02_Jurisprudencia_e_Orientacoes\Boletins_TCE_PI\Boletim de Jurisprudencia TCE-PI nº 01 - Janeiro de 2023.md"
"MD_SEM_PDF","mestra\02_Jurisprudencia_e_Orientacoes\Boletins_TCE_PI","","Boletim de Jurisprudencia TCE-PI nº 01 - Janeiro de 2024.md","mestra\02_Jurisprudencia_e_Orientacoes\Boletins_TCE_PI","0","C:\Users\thiagonogueira\OneDrive - mppi.mp.br\CLC\01_Processos_e_Aquisicoes\Base de Conhecimento - Thiago\02_Jurisprudencia_e_Orientacoes\Boletins_TCE_PI\Boletim de Jurisprudencia TCE-PI nº 01 - Janeiro de 2024.md"
"MD_SEM_PDF","mestra\02_Jurisprudencia_e_Orientacoes\Boletins_TCE_PI","","Boletim de Jurisprudencia TCE-PI nº 01 - Janeiro de 2025.md","mestra\02_Jurisprudencia_e_Orientacoes\Boletins_TCE_PI","0","C:\Users\thiagonogueira\OneDrive - mppi.mp.br\CLC\01_Processos_e_Aquisicoes\Base de Conhecimento - Thiago\02_Jurisprudencia_e_Orientacoes\Boletins_TCE_PI\Boletim de Jurisprudencia TCE-PI nº 01 - Janeiro de 2025.md"
"MD_SEM_PDF","mestra\02_Jurisprudencia_e_Orientacoes\Boletins_TCE_PI","","Boletim de Jurisprudencia TCE-PI nº 01 - Janeiro de 2026.md","mestra\02_Jurisprudencia_e_Orientacoes\Boletins_TCE_PI","0","C:\Users\thiagonogueira\OneDrive - mppi.mp.br\CLC\01_Processos_e_Aquisicoes\Base de Conhecimento - Thiago\02_Jurisprudencia_e_Orientacoes\Boletins_TCE_PI\Boletim de Jurisprudencia TCE-PI nº 01 - Janeiro de 2026.md"
"MD_SEM_PDF","mestra\02_Jurisprudencia_e_Orientacoes\Boletins_TCE_PI","","Boletim de Jurisprudencia TCE-PI nº 02 - Fevereiro de 2022.md","mestra\02_Jurisprudencia_e_Orientacoes\Boletins_TCE_PI","0","C:\Users\thiagonogueira\OneDrive - mppi.mp.br\CLC\01_Processos_e_Aquisicoes\Base de Conhecimento - Thiago\02_Jurisprudencia_e_Orientacoes\Boletins_TCE_PI\Boletim de Jurisprudencia TCE-PI nº 02 - Fevereiro de 2022.md"
"MD_SEM_PDF","mestra\02_Jurisprudencia_e_Orientacoes\Boletins_TCE_PI","","Boletim de Jurisprudencia TCE-PI nº 02 - Fevereiro de 2023.md","mestra\02_Jurisprudencia_e_Orientacoes\Boletins_TCE_PI","0","C:\Users\thiagonogueira\OneDrive - mppi.mp.br\CLC\01_Processos_e_Aquisicoes\Base de Conhecimento - Thiago\02_Jurisprudencia_e_Orientacoes\Boletins_TCE_PI\Boletim de Jurisprudencia TCE-PI nº 02 - Fevereiro de 2023.md"
"MD_SEM_PDF","mestra\02_Jurisprudencia_e_Orientacoes\Boletins_TCE_PI","","Boletim de Jurisprudencia TCE-PI nº 02 - Fevereiro de 2024.md","mestra\02_Jurisprudencia_e_Orientacoes\Boletins_TCE_PI","0","C:\Users\thiagonogueira\OneDrive - mppi.mp.br\CLC\01_Processos_e_Aquisicoes\Base de Conhecimento - Thiago\02_Jurisprudencia_e_Orientacoes\Boletins_TCE_PI\Boletim de Jurisprudencia TCE-PI nº 02 - Fevereiro de 2024.md"
"MD_SEM_PDF","mestra\02_Jurisprudencia_e_Orientacoes\Boletins_TCE_PI","","Boletim de Jurisprudencia TCE-PI nº 02 - Fevereiro de 2025.md","mestra\02_Jurisprudencia_e_Orientacoes\Boletins_TCE_PI","0","C:\Users\thiagonogueira\OneDrive - mppi.mp.br\CLC\01_Processos_e_Aquisicoes\Base de Conhecimento - Thiago\02_Jurisprudencia_e_Orientacoes\Boletins_TCE_PI\Boletim de Jurisprudencia TCE-PI nº 02 - Fevereiro de 2025.md"
"MD_SEM_PDF","mestra\02_Jurisprudencia_e_Orientacoes\Boletins_TCE_PI","","Boletim de Jurisprudencia TCE-PI nº 02 - Fevereiro de 2026.md","mestra\02_Jurisprudencia_e_Orientacoes\Boletins_TCE_PI","0","C:\Users\thiagonogueira\OneDrive - mppi.mp.br\CLC\01_Processos_e_Aquisicoes\Base de Conhecimento - Thiago\02_Jurisprudencia_e_Orientacoes\Boletins_TCE_PI\Boletim de Jurisprudencia TCE-PI nº 02 - Fevereiro de 2026.md"
"MD_SEM_PDF","mestra\02_Jurisprudencia_e_Orientacoes\Boletins_TCE_PI","","Boletim de Jurisprudencia TCE-PI nº 03 - Março de 2022.md","mestra\02_Jurisprudencia_e_Orientacoes\Boletins_TCE_PI","0","C:\Users\thiagonogueira\OneDrive - mppi.mp.br\CLC\01_Processos_e_Aquisicoes\Base de Conhecimento - Thiago\02_Jurisprudencia_e_Orientacoes\Boletins_TCE_PI\Boletim de Jurisprudencia TCE-PI nº 03 - Março de 2022.md"
"MD_SEM_PDF","mestra\02_Jurisprudencia_e_Orientacoes\Boletins_TCE_PI","","Boletim de Jurisprudencia TCE-PI nº 03 - Março de 2023.md","mestra\02_Jurisprudencia_e_Orientacoes\Boletins_TCE_PI","0","C:\Users\thiagonogueira\OneDrive - mppi.mp.br\CLC\01_Processos_e_Aquisicoes\Base de Conhecimento - Thiago\02_Jurisprudencia_e_Orientacoes\Boletins_TCE_PI\Boletim de Jurisprudencia TCE-PI nº 03 - Março de 2023.md"
"MD_SEM_PDF","mestra\02_Jurisprudencia_e_Orientacoes\Boletins_TCE_PI","","Boletim de Jurisprudencia TCE-PI nº 03 - Março de 2024.md","mestra\02_Jurisprudencia_e_Orientacoes\Boletins_TCE_PI","0","C:\Users\thiagonogueira\OneDrive - mppi.mp.br\CLC\01_Processos_e_Aquisicoes\Base de Conhecimento - Thiago\02_Jurisprudencia_e_Orientacoes\Boletins_TCE_PI\Boletim de Jurisprudencia TCE-PI nº 03 - Março de 2024.md"
"MD_SEM_PDF","mestra\02_Jurisprudencia_e_Orientacoes\Boletins_TCE_PI","","Boletim de Jurisprudencia TCE-PI nº 03 - Março de 2025.md","mestra\02_Jurisprudencia_e_Orientacoes\Boletins_TCE_PI","0","C:\Users\thiagonogueira\OneDrive - mppi.mp.br\CLC\01_Processos_e_Aquisicoes\Base de Conhecimento - Thiago\02_Jurisprudencia_e_Orientacoes\Boletins_TCE_PI\Boletim de Jurisprudencia TCE-PI nº 03 - Março de 2025.md"
"MD_SEM_PDF","mestra\02_Jurisprudencia_e_Orientacoes\Boletins_TCE_PI","","Boletim de Jurisprudencia TCE-PI nº 03 - Março de 2026.md","mestra\02_Jurisprudencia_e_Orientacoes\Boletins_TCE_PI","0","C:\Users\thiagonogueira\OneDrive - mppi.mp.br\CLC\01_Processos_e_Aquisicoes\Base de Conhecimento - Thiago\02_Jurisprudencia_e_Orientacoes\Boletins_TCE_PI\Boletim de Jurisprudencia TCE-PI nº 03 - Março de 2026.md"
"MD_SEM_PDF","mestra\02_Jurisprudencia_e_Orientacoes\Boletins_TCE_PI","","Boletim de Jurisprudencia TCE-PI nº 04 - Abril de 2022.md","mestra\02_Jurisprudencia_e_Orientacoes\Boletins_TCE_PI","0","C:\Users\thiagonogueira\OneDrive - mppi.mp.br\CLC\01_Processos_e_Aquisicoes\Base de Conhecimento - Thiago\02_Jurisprudencia_e_Orientacoes\Boletins_TCE_PI\Boletim de Jurisprudencia TCE-PI nº 04 - Abril de 2022.md"
"MD_SEM_PDF","mestra\02_Jurisprudencia_e_Orientacoes\Boletins_TCE_PI","","Boletim de Jurisprudencia TCE-PI nº 04 - Abril de 2023.md","mestra\02_Jurisprudencia_e_Orientacoes\Boletins_TCE_PI","0","C:\Users\thiagonogueira\OneDrive - mppi.mp.br\CLC\01_Processos_e_Aquisicoes\Base de Conhecimento - Thiago\02_Jurisprudencia_e_Orientacoes\Boletins_TCE_PI\Boletim de Jurisprudencia TCE-PI nº 04 - Abril de 2023.md"
"MD_SEM_PDF","mestra\02_Jurisprudencia_e_Orientacoes\Boletins_TCE_PI","","Boletim de Jurisprudencia TCE-PI nº 04 - Abril de 2024.md","mestra\02_Jurisprudencia_e_Orientacoes\Boletins_TCE_PI","0","C:\Users\thiagonogueira\OneDrive - mppi.mp.br\CLC\01_Processos_e_Aquisicoes\Base de Conhecimento - Thiago\02_Jurisprudencia_e_Orientacoes\Boletins_TCE_PI\Boletim de Jurisprudencia TCE-PI nº 04 - Abril de 2024.md"
"MD_SEM_PDF","mestra\02_Jurisprudencia_e_Orientacoes\Boletins_TCE_PI","","Boletim de Jurisprudencia TCE-PI nº 04 - Abril de 2025.md","mestra\02_Jurisprudencia_e_Orientacoes\Boletins_TCE_PI","0","C:\Users\thiagonogueira\OneDrive - mppi.mp.br\CLC\01_Processos_e_Aquisicoes\Base de Conhecimento - Thiago\02_Jurisprudencia_e_Orientacoes\Boletins_TCE_PI\Boletim de Jurisprudencia TCE-PI nº 04 - Abril de 2025.md"
"MD_SEM_PDF","mestra\02_Jurisprudencia_e_Orientacoes\Boletins_TCE_PI","","Boletim de Jurisprudencia TCE-PI nº 04 - Abril de 2026.md","mestra\02_Jurisprudencia_e_Orientacoes\Boletins_TCE_PI","0","C:\Users\thiagonogueira\OneDrive - mppi.mp.br\CLC\01_Processos_e_Aquisicoes\Base de Conhecimento - Thiago\02_Jurisprudencia_e_Orientacoes\Boletins_TCE_PI\Boletim de Jurisprudencia TCE-PI nº 04 - Abril de 2026.md"
"MD_SEM_PDF","mestra\02_Jurisprudencia_e_Orientacoes\Boletins_TCE_PI","","Boletim de Jurisprudencia TCE-PI nº 05 - Maio de 2022.md","mestra\02_Jurisprudencia_e_Orientacoes\Boletins_TCE_PI","0","C:\Users\thiagonogueira\OneDrive - mppi.mp.br\CLC\01_Processos_e_Aquisicoes\Base de Conhecimento - Thiago\02_Jurisprudencia_e_Orientacoes\Boletins_TCE_PI\Boletim de Jurisprudencia TCE-PI nº 05 - Maio de 2022.md"
"MD_SEM_PDF","mestra\02_Jurisprudencia_e_Orientacoes\Boletins_TCE_PI","","Boletim de Jurisprudencia TCE-PI nº 05 - Maio de 2023.md","mestra\02_Jurisprudencia_e_Orientacoes\Boletins_TCE_PI","0","C:\Users\thiagonogueira\OneDrive - mppi.mp.br\CLC\01_Processos_e_Aquisicoes\Base de Conhecimento - Thiago\02_Jurisprudencia_e_Orientacoes\Boletins_TCE_PI\Boletim de Jurisprudencia TCE-PI nº 05 - Maio de 2023.md"
"MD_SEM_PDF","mestra\02_Jurisprudencia_e_Orientacoes\Boletins_TCE_PI","","Boletim de Jurisprudencia TCE-PI nº 05 - Maio de 2024.md","mestra\02_Jurisprudencia_e_Orientacoes\Boletins_TCE_PI","0","C:\Users\thiagonogueira\OneDrive - mppi.mp.br\CLC\01_Processos_e_Aquisicoes\Base de Conhecimento - Thiago\02_Jurisprudencia_e_Orientacoes\Boletins_TCE_PI\Boletim de Jurisprudencia TCE-PI nº 05 - Maio de 2024.md"
"MD_SEM_PDF","mestra\02_Jurisprudencia_e_Orientacoes\Boletins_TCE_PI","","Boletim de Jurisprudencia TCE-PI nº 05 - Maio de 2025.md","mestra\02_Jurisprudencia_e_Orientacoes\Boletins_TCE_PI","0","C:\Users\thiagonogueira\OneDrive - mppi.mp.br\CLC\01_Processos_e_Aquisicoes\Base de Conhecimento - Thiago\02_Jurisprudencia_e_Orientacoes\Boletins_TCE_PI\Boletim de Jurisprudencia TCE-PI nº 05 - Maio de 2025.md"
"MD_SEM_PDF","mestra\02_Jurisprudencia_e_Orientacoes\Boletins_TCE_PI","","Boletim de Jurisprudencia TCE-PI nº 05 - Maio de 2026.md","mestra\02_Jurisprudencia_e_Orientacoes\Boletins_TCE_PI","0","C:\Users\thiagonogueira\OneDrive - mppi.mp.br\CLC\01_Processos_e_Aquisicoes\Base de Conhecimento - Thiago\02_Jurisprudencia_e_Orientacoes\Boletins_TCE_PI\Boletim de Jurisprudencia TCE-PI nº 05 - Maio de 2026.md"
"MD_SEM_PDF","mestra\02_Jurisprudencia_e_Orientacoes\Boletins_TCE_PI","","Boletim de Jurisprudencia TCE-PI nº 06 - Junho de 2022.md","mestra\02_Jurisprudencia_e_Orientacoes\Boletins_TCE_PI","0","C:\Users\thiagonogueira\OneDrive - mppi.mp.br\CLC\01_Processos_e_Aquisicoes\Base de Conhecimento - Thiago\02_Jurisprudencia_e_Orientacoes\Boletins_TCE_PI\Boletim de Jurisprudencia TCE-PI nº 06 - Junho de 2022.md"
"MD_SEM_PDF","mestra\02_Jurisprudencia_e_Orientacoes\Boletins_TCE_PI","","Boletim de Jurisprudencia TCE-PI nº 06 - Junho de 2023.md","mestra\02_Jurisprudencia_e_Orientacoes\Boletins_TCE_PI","0","C:\Users\thiagonogueira\OneDrive - mppi.mp.br\CLC\01_Processos_e_Aquisicoes\Base de Conhecimento - Thiago\02_Jurisprudencia_e_Orientacoes\Boletins_TCE_PI\Boletim de Jurisprudencia TCE-PI nº 06 - Junho de 2023.md"
"MD_SEM_PDF","mestra\02_Jurisprudencia_e_Orientacoes\Boletins_TCE_PI","","Boletim de Jurisprudencia TCE-PI nº 06 - Junho de 2024.md","mestra\02_Jurisprudencia_e_Orientacoes\Boletins_TCE_PI","0","C:\Users\thiagonogueira\OneDrive - mppi.mp.br\CLC\01_Processos_e_Aquisicoes\Base de Conhecimento - Thiago\02_Jurisprudencia_e_Orientacoes\Boletins_TCE_PI\Boletim de Jurisprudencia TCE-PI nº 06 - Junho de 2024.md"
"MD_SEM_PDF","mestra\02_Jurisprudencia_e_Orientacoes\Boletins_TCE_PI","","Boletim de Jurisprudencia TCE-PI nº 06 - Junho de 2025.md","mestra\02_Jurisprudencia_e_Orientacoes\Boletins_TCE_PI","0","C:\Users\thiagonogueira\OneDrive - mppi.mp.br\CLC\01_Processos_e_Aquisicoes\Base de Conhecimento - Thiago\02_Jurisprudencia_e_Orientacoes\Boletins_TCE_PI\Boletim de Jurisprudencia TCE-PI nº 06 - Junho de 2025.md"
"MD_SEM_PDF","mestra\02_Jurisprudencia_e_Orientacoes\Boletins_TCE_PI","","Boletim de Jurisprudencia TCE-PI nº 06 - Junho de 2026.md","mestra\02_Jurisprudencia_e_Orientacoes\Boletins_TCE_PI","0","C:\Users\thiagonogueira\OneDrive - mppi.mp.br\CLC\01_Processos_e_Aquisicoes\Base de Conhecimento - Thiago\02_Jurisprudencia_e_Orientacoes\Boletins_TCE_PI\Boletim de Jurisprudencia TCE-PI nº 06 - Junho de 2026.md"
"MD_SEM_PDF","mestra\02_Jurisprudencia_e_Orientacoes\Boletins_TCE_PI","","Boletim de Jurisprudencia TCE-PI nº 07 - Julho de 2022.md","mestra\02_Jurisprudencia_e_Orientacoes\Boletins_TCE_PI","0","C:\Users\thiagonogueira\OneDrive - mppi.mp.br\CLC\01_Processos_e_Aquisicoes\Base de Conhecimento - Thiago\02_Jurisprudencia_e_Orientacoes\Boletins_TCE_PI\Boletim de Jurisprudencia TCE-PI nº 07 - Julho de 2022.md"
"MD_SEM_PDF","mestra\02_Jurisprudencia_e_Orientacoes\Boletins_TCE_PI","","Boletim de Jurisprudencia TCE-PI nº 07 - Julho de 2023.md","mestra\02_Jurisprudencia_e_Orientacoes\Boletins_TCE_PI","0","C:\Users\thiagonogueira\OneDrive - mppi.mp.br\CLC\01_Processos_e_Aquisicoes\Base de Conhecimento - Thiago\02_Jurisprudencia_e_Orientacoes\Boletins_TCE_PI\Boletim de Jurisprudencia TCE-PI nº 07 - Julho de 2023.md"
"MD_SEM_PDF","mestra\02_Jurisprudencia_e_Orientacoes\Boletins_TCE_PI","","Boletim de Jurisprudencia TCE-PI nº 07 - Julho de 2024.md","mestra\02_Jurisprudencia_e_Orientacoes\Boletins_TCE_PI","0","C:\Users\thiagonogueira\OneDrive - mppi.mp.br\CLC\01_Processos_e_Aquisicoes\Base de Conhecimento - Thiago\02_Jurisprudencia_e_Orientacoes\Boletins_TCE_PI\Boletim de Jurisprudencia TCE-PI nº 07 - Julho de 2024.md"
"MD_SEM_PDF","mestra\02_Jurisprudencia_e_Orientacoes\Boletins_TCE_PI","","Boletim de Jurisprudencia TCE-PI nº 07 - Julho de 2025.md","mestra\02_Jurisprudencia_e_Orientacoes\Boletins_TCE_PI","0","C:\Users\thiagonogueira\OneDrive - mppi.mp.br\CLC\01_Processos_e_Aquisicoes\Base de Conhecimento - Thiago\02_Jurisprudencia_e_Orientacoes\Boletins_TCE_PI\Boletim de Jurisprudencia TCE-PI nº 07 - Julho de 2025.md"
"MD_SEM_PDF","mestra\02_Jurisprudencia_e_Orientacoes\Boletins_TCE_PI","","Boletim de Jurisprudencia TCE-PI nº 07 - Julho de 2026.md","mestra\02_Jurisprudencia_e_Orientacoes\Boletins_TCE_PI","0","C:\Users\thiagonogueira\OneDrive - mppi.mp.br\CLC\01_Processos_e_Aquisicoes\Base de Conhecimento - Thiago\02_Jurisprudencia_e_Orientacoes\Boletins_TCE_PI\Boletim de Jurisprudencia TCE-PI nº 07 - Julho de 2026.md"
"MD_SEM_PDF","mestra\02_Jurisprudencia_e_Orientacoes\Boletins_TCE_PI","","Boletim de Jurisprudencia TCE-PI nº 08 - Agosto de 2022.md","mestra\02_Jurisprudencia_e_Orientacoes\Boletins_TCE_PI","0","C:\Users\thiagonogueira\OneDrive - mppi.mp.br\CLC\01_Processos_e_Aquisicoes\Base de Conhecimento - Thiago\02_Jurisprudencia_e_Orientacoes\Boletins_TCE_PI\Boletim de Jurisprudencia TCE-PI nº 08 - Agosto de 2022.md"
"MD_SEM_PDF","mestra\02_Jurisprudencia_e_Orientacoes\Boletins_TCE_PI","","Boletim de Jurisprudencia TCE-PI nº 08 - Agosto de 2023.md","mestra\02_Jurisprudencia_e_Orientacoes\Boletins_TCE_PI","0","C:\Users\thiagonogueira\OneDrive - mppi.mp.br\CLC\01_Processos_e_Aquisicoes\Base de Conhecimento - Thiago\02_Jurisprudencia_e_Orientacoes\Boletins_TCE_PI\Boletim de Jurisprudencia TCE-PI nº 08 - Agosto de 2023.md"
"MD_SEM_PDF","mestra\02_Jurisprudencia_e_Orientacoes\Boletins_TCE_PI","","Boletim de Jurisprudencia TCE-PI nº 08 - Agosto de 2024.md","mestra\02_Jurisprudencia_e_Orientacoes\Boletins_TCE_PI","0","C:\Users\thiagonogueira\OneDrive - mppi.mp.br\CLC\01_Processos_e_Aquisicoes\Base de Conhecimento - Thiago\02_Jurisprudencia_e_Orientacoes\Boletins_TCE_PI\Boletim de Jurisprudencia TCE-PI nº 08 - Agosto de 2024.md"
"MD_SEM_PDF","mestra\02_Jurisprudencia_e_Orientacoes\Boletins_TCE_PI","","Boletim de Jurisprudencia TCE-PI nº 08 - Agosto de 2025.md","mestra\02_Jurisprudencia_e_Orientacoes\Boletins_TCE_PI","0","C:\Users\thiagonogueira\OneDrive - mppi.mp.br\CLC\01_Processos_e_Aquisicoes\Base de Conhecimento - Thiago\02_Jurisprudencia_e_Orientacoes\Boletins_TCE_PI\Boletim de Jurisprudencia TCE-PI nº 08 - Agosto de 2025.md"
"MD_SEM_PDF","mestra\02_Jurisprudencia_e_Orientacoes\Boletins_TCE_PI","","Boletim de Jurisprudencia TCE-PI nº 08 - Agosto de 2026.md","mestra\02_Jurisprudencia_e_Orientacoes\Boletins_TCE_PI","0","C:\Users\thiagonogueira\OneDrive - mppi.mp.br\CLC\01_Processos_e_Aquisicoes\Base de Conhecimento - Thiago\02_Jurisprudencia_e_Orientacoes\Boletins_TCE_PI\Boletim de Jurisprudencia TCE-PI nº 08 - Agosto de 2026.md"
"MD_SEM_PDF","mestra\02_Jurisprudencia_e_Orientacoes\Boletins_TCE_PI","","Boletim de Jurisprudencia TCE-PI nº 09 - Setembro de 2022.md","mestra\02_Jurisprudencia_e_Orientacoes\Boletins_TCE_PI","0","C:\Users\thiagonogueira\OneDrive - mppi.mp.br\CLC\01_Processos_e_Aquisicoes\Base de Conhecimento - Thiago\02_Jurisprudencia_e_Orientacoes\Boletins_TCE_PI\Boletim de Jurisprudencia TCE-PI nº 09 - Setembro de 2022.md"
"MD_SEM_PDF","mestra\02_Jurisprudencia_e_Orientacoes\Boletins_TCE_PI","","Boletim de Jurisprudencia TCE-PI nº 09 - Setembro de 2023.md","mestra\02_Jurisprudencia_e_Orientacoes\Boletins_TCE_PI","0","C:\Users\thiagonogueira\OneDrive - mppi.mp.br\CLC\01_Processos_e_Aquisicoes\Base de Conhecimento - Thiago\02_Jurisprudencia_e_Orientacoes\Boletins_TCE_PI\Boletim de Jurisprudencia TCE-PI nº 09 - Setembro de 2023.md"
"MD_SEM_PDF","mestra\02_Jurisprudencia_e_Orientacoes\Boletins_TCE_PI","","Boletim de Jurisprudencia TCE-PI nº 09 - Setembro de 2024.md","mestra\02_Jurisprudencia_e_Orientacoes\Boletins_TCE_PI","0","C:\Users\thiagonogueira\OneDrive - mppi.mp.br\CLC\01_Processos_e_Aquisicoes\Base de Conhecimento - Thiago\02_Jurisprudencia_e_Orientacoes\Boletins_TCE_PI\Boletim de Jurisprudencia TCE-PI nº 09 - Setembro de 2024.md"
"MD_SEM_PDF","mestra\02_Jurisprudencia_e_Orientacoes\Boletins_TCE_PI","","Boletim de Jurisprudencia TCE-PI nº 09 - Setembro de 2025.md","mestra\02_Jurisprudencia_e_Orientacoes\Boletins_TCE_PI","0","C:\Users\thiagonogueira\OneDrive - mppi.mp.br\CLC\01_Processos_e_Aquisicoes\Base de Conhecimento - Thiago\02_Jurisprudencia_e_Orientacoes\Boletins_TCE_PI\Boletim de Jurisprudencia TCE-PI nº 09 - Setembro de 2025.md"
"MD_SEM_PDF","mestra\02_Jurisprudencia_e_Orientacoes\Boletins_TCE_PI","","Boletim de Jurisprudencia TCE-PI nº 10 - Outubro de 2022.md","mestra\02_Jurisprudencia_e_Orientacoes\Boletins_TCE_PI","0","C:\Users\thiagonogueira\OneDrive - mppi.mp.br\CLC\01_Processos_e_Aquisicoes\Base de Conhecimento - Thiago\02_Jurisprudencia_e_Orientacoes\Boletins_TCE_PI\Boletim de Jurisprudencia TCE-PI nº 10 - Outubro de 2022.md"
"MD_SEM_PDF","mestra\02_Jurisprudencia_e_Orientacoes\Boletins_TCE_PI","","Boletim de Jurisprudencia TCE-PI nº 10 - Outubro de 2023.md","mestra\02_Jurisprudencia_e_Orientacoes\Boletins_TCE_PI","0","C:\Users\thiagonogueira\OneDrive - mppi.mp.br\CLC\01_Processos_e_Aquisicoes\Base de Conhecimento - Thiago\02_Jurisprudencia_e_Orientacoes\Boletins_TCE_PI\Boletim de Jurisprudencia TCE-PI nº 10 - Outubro de 2023.md"
"MD_SEM_PDF","mestra\02_Jurisprudencia_e_Orientacoes\Boletins_TCE_PI","","Boletim de Jurisprudencia TCE-PI nº 10 - Outubro de 2024.md","mestra\02_Jurisprudencia_e_Orientacoes\Boletins_TCE_PI","0","C:\Users\thiagonogueira\OneDrive - mppi.mp.br\CLC\01_Processos_e_Aquisicoes\Base de Conhecimento - Thiago\02_Jurisprudencia_e_Orientacoes\Boletins_TCE_PI\Boletim de Jurisprudencia TCE-PI nº 10 - Outubro de 2024.md"
"MD_SEM_PDF","mestra\02_Jurisprudencia_e_Orientacoes\Boletins_TCE_PI","","Boletim de Jurisprudencia TCE-PI nº 10 - Outubro de 2025.md","mestra\02_Jurisprudencia_e_Orientacoes\Boletins_TCE_PI","0","C:\Users\thiagonogueira\OneDrive - mppi.mp.br\CLC\01_Processos_e_Aquisicoes\Base de Conhecimento - Thiago\02_Jurisprudencia_e_Orientacoes\Boletins_TCE_PI\Boletim de Jurisprudencia TCE-PI nº 10 - Outubro de 2025.md"
"MD_SEM_PDF","mestra\02_Jurisprudencia_e_Orientacoes\Boletins_TCE_PI","","Boletim de Jurisprudencia TCE-PI nº 11 - Novembro de 2022.md","mestra\02_Jurisprudencia_e_Orientacoes\Boletins_TCE_PI","0","C:\Users\thiagonogueira\OneDrive - mppi.mp.br\CLC\01_Processos_e_Aquisicoes\Base de Conhecimento - Thiago\02_Jurisprudencia_e_Orientacoes\Boletins_TCE_PI\Boletim de Jurisprudencia TCE-PI nº 11 - Novembro de 2022.md"
"MD_SEM_PDF","mestra\02_Jurisprudencia_e_Orientacoes\Boletins_TCE_PI","","Boletim de Jurisprudencia TCE-PI nº 11 - Novembro de 2023.md","mestra\02_Jurisprudencia_e_Orientacoes\Boletins_TCE_PI","0","C:\Users\thiagonogueira\OneDrive - mppi.mp.br\CLC\01_Processos_e_Aquisicoes\Base de Conhecimento - Thiago\02_Jurisprudencia_e_Orientacoes\Boletins_TCE_PI\Boletim de Jurisprudencia TCE-PI nº 11 - Novembro de 2023.md"
"MD_SEM_PDF","mestra\02_Jurisprudencia_e_Orientacoes\Boletins_TCE_PI","","Boletim de Jurisprudencia TCE-PI nº 11 - Novembro de 2024.md","mestra\02_Jurisprudencia_e_Orientacoes\Boletins_TCE_PI","0","C:\Users\thiagonogueira\OneDrive - mppi.mp.br\CLC\01_Processos_e_Aquisicoes\Base de Conhecimento - Thiago\02_Jurisprudencia_e_Orientacoes\Boletins_TCE_PI\Boletim de Jurisprudencia TCE-PI nº 11 - Novembro de 2024.md"
"MD_SEM_PDF","mestra\02_Jurisprudencia_e_Orientacoes\Boletins_TCE_PI","","Boletim de Jurisprudencia TCE-PI nº 11 - Novembro de 2025.md","mestra\02_Jurisprudencia_e_Orientacoes\Boletins_TCE_PI","0","C:\Users\thiagonogueira\OneDrive - mppi.mp.br\CLC\01_Processos_e_Aquisicoes\Base de Conhecimento - Thiago\02_Jurisprudencia_e_Orientacoes\Boletins_TCE_PI\Boletim de Jurisprudencia TCE-PI nº 11 - Novembro de 2025.md"
"MD_SEM_PDF","mestra\02_Jurisprudencia_e_Orientacoes\Boletins_TCE_PI","","Boletim de Jurisprudencia TCE-PI nº 12 - Dezembro de 2022.md","mestra\02_Jurisprudencia_e_Orientacoes\Boletins_TCE_PI","0","C:\Users\thiagonogueira\OneDrive - mppi.mp.br\CLC\01_Processos_e_Aquisicoes\Base de Conhecimento - Thiago\02_Jurisprudencia_e_Orientacoes\Boletins_TCE_PI\Boletim de Jurisprudencia TCE-PI nº 12 - Dezembro de 2022.md"
"MD_SEM_PDF","mestra\02_Jurisprudencia_e_Orientacoes\Boletins_TCE_PI","","Boletim de Jurisprudencia TCE-PI nº 12 - Dezembro de 2023.md","mestra\02_Jurisprudencia_e_Orientacoes\Boletins_TCE_PI","0","C:\Users\thiagonogueira\OneDrive - mppi.mp.br\CLC\01_Processos_e_Aquisicoes\Base de Conhecimento - Thiago\02_Jurisprudencia_e_Orientacoes\Boletins_TCE_PI\Boletim de Jurisprudencia TCE-PI nº 12 - Dezembro de 2023.md"
"MD_SEM_PDF","mestra\02_Jurisprudencia_e_Orientacoes\Boletins_TCE_PI","","Boletim de Jurisprudencia TCE-PI nº 12 - Dezembro de 2024.md","mestra\02_Jurisprudencia_e_Orientacoes\Boletins_TCE_PI","0","C:\Users\thiagonogueira\OneDrive - mppi.mp.br\CLC\01_Processos_e_Aquisicoes\Base de Conhecimento - Thiago\02_Jurisprudencia_e_Orientacoes\Boletins_TCE_PI\Boletim de Jurisprudencia TCE-PI nº 12 - Dezembro de 2024.md"
"MD_SEM_PDF","mestra\02_Jurisprudencia_e_Orientacoes\Boletins_TCE_PI","","Boletim de Jurisprudencia TCE-PI nº 12 - Dezembro de 2025.md","mestra\02_Jurisprudencia_e_Orientacoes\Boletins_TCE_PI","0","C:\Users\thiagonogueira\OneDrive - mppi.mp.br\CLC\01_Processos_e_Aquisicoes\Base de Conhecimento - Thiago\02_Jurisprudencia_e_Orientacoes\Boletins_TCE_PI\Boletim de Jurisprudencia TCE-PI nº 12 - Dezembro de 2025.md"
"MD_SEM_PDF","mestra\02_Jurisprudencia_e_Orientacoes\Informativos_Guia_Lici","","Boletim Guia Lici - Consolidado Anual 2025.md","mestra\02_Jurisprudencia_e_Orientacoes\Informativos_Guia_Lici","0","C:\Users\thiagonogueira\OneDrive - mppi.mp.br\CLC\01_Processos_e_Aquisicoes\Base de Conhecimento - Thiago\02_Jurisprudencia_e_Orientacoes\Informativos_Guia_Lici\Boletim Guia Lici - Consolidado Anual 2025.md"
"MD_SEM_PDF","mestra\02_Jurisprudencia_e_Orientacoes\Informativos_Guia_Lici","","Boletim Guia Lici - Consolidado Anual 2026.md","mestra\02_Jurisprudencia_e_Orientacoes\Informativos_Guia_Lici","0","C:\Users\thiagonogueira\OneDrive - mppi.mp.br\CLC\01_Processos_e_Aquisicoes\Base de Conhecimento - Thiago\02_Jurisprudencia_e_Orientacoes\Informativos_Guia_Lici\Boletim Guia Lici - Consolidado Anual 2026.md"
"MD_SEM_PDF","mestra\02_Jurisprudencia_e_Orientacoes\Informativos_Julgamentos_TCE_PI","","00_PAINEL_CONSOLIDADO_JURISPRUDENCIA_TCE_PI.md","mestra\02_Jurisprudencia_e_Orientacoes\Informativos_Julgamentos_TCE_PI","0","C:\Users\thiagonogueira\OneDrive - mppi.mp.br\CLC\01_Processos_e_Aquisicoes\Base de Conhecimento - Thiago\02_Jurisprudencia_e_Orientacoes\Informativos_Julgamentos_TCE_PI\00_PAINEL_CONSOLIDADO_JURISPRUDENCIA_TCE_PI.md"
"MD_SEM_PDF","mestra\02_Jurisprudencia_e_Orientacoes\Informativos_Julgamentos_TCE_PI","","01_Licitacoes_e_Contratos_Julgados_TCE_PI.md","mestra\02_Jurisprudencia_e_Orientacoes\Informativos_Julgamentos_TCE_PI","0","C:\Users\thiagonogueira\OneDrive - mppi.mp.br\CLC\01_Processos_e_Aquisicoes\Base de Conhecimento - Thiago\02_Jurisprudencia_e_Orientacoes\Informativos_Julgamentos_TCE_PI\01_Licitacoes_e_Contratos_Julgados_TCE_PI.md"
"MD_SEM_PDF","mestra\02_Jurisprudencia_e_Orientacoes\Informativos_Julgamentos_TCE_PI","","02_Denuncias_Licitacoes_e_Fraudes_TCE_PI.md","mestra\02_Jurisprudencia_e_Orientacoes\Informativos_Julgamentos_TCE_PI","0","C:\Users\thiagonogueira\OneDrive - mppi.mp.br\CLC\01_Processos_e_Aquisicoes\Base de Conhecimento - Thiago\02_Jurisprudencia_e_Orientacoes\Informativos_Julgamentos_TCE_PI\02_Denuncias_Licitacoes_e_Fraudes_TCE_PI.md"
"MD_SEM_PDF","mestra\02_Jurisprudencia_e_Orientacoes\Informativos_Julgamentos_TCE_PI","","03_Recursos_Agravos_Embargos_TCE_PI.md","mestra\02_Jurisprudencia_e_Orientacoes\Informativos_Julgamentos_TCE_PI","0","C:\Users\thiagonogueira\OneDrive - mppi.mp.br\CLC\01_Processos_e_Aquisicoes\Base de Conhecimento - Thiago\02_Jurisprudencia_e_Orientacoes\Informativos_Julgamentos_TCE_PI\03_Recursos_Agravos_Embargos_TCE_PI.md"
"MD_SEM_PDF","mestra\02_Jurisprudencia_e_Orientacoes\Informativos_Julgamentos_TCE_PI","","04_Tomadas_de_Contas_Especiais_TCE_PI.md","mestra\02_Jurisprudencia_e_Orientacoes\Informativos_Julgamentos_TCE_PI","0","C:\Users\thiagonogueira\OneDrive - mppi.mp.br\CLC\01_Processos_e_Aquisicoes\Base de Conhecimento - Thiago\02_Jurisprudencia_e_Orientacoes\Informativos_Julgamentos_TCE_PI\04_Tomadas_de_Contas_Especiais_TCE_PI.md"
"MD_SEM_PDF","mestra\02_Jurisprudencia_e_Orientacoes\Informativos_Julgamentos_TCE_PI","","05_Representacoes_Licitantes_TCE_PI.md","mestra\02_Jurisprudencia_e_Orientacoes\Informativos_Julgamentos_TCE_PI","0","C:\Users\thiagonogueira\OneDrive - mppi.mp.br\CLC\01_Processos_e_Aquisicoes\Base de Conhecimento - Thiago\02_Jurisprudencia_e_Orientacoes\Informativos_Julgamentos_TCE_PI\05_Representacoes_Licitantes_TCE_PI.md"
"MD_SEM_PDF","mestra\02_Jurisprudencia_e_Orientacoes\Informativos_Julgamentos_TCE_PI","","06_Prestacoes_de_Contas_TCE_PI.md","mestra\02_Jurisprudencia_e_Orientacoes\Informativos_Julgamentos_TCE_PI","0","C:\Users\thiagonogueira\OneDrive - mppi.mp.br\CLC\01_Processos_e_Aquisicoes\Base de Conhecimento - Thiago\02_Jurisprudencia_e_Orientacoes\Informativos_Julgamentos_TCE_PI\06_Prestacoes_de_Contas_TCE_PI.md"
"MD_SEM_PDF","mestra\02_Jurisprudencia_e_Orientacoes\Informativos_Julgamentos_TCE_PI","","07_Auditorias_e_Medidas_Cautelares_TCE_PI.md","mestra\02_Jurisprudencia_e_Orientacoes\Informativos_Julgamentos_TCE_PI","0","C:\Users\thiagonogueira\OneDrive - mppi.mp.br\CLC\01_Processos_e_Aquisicoes\Base de Conhecimento - Thiago\02_Jurisprudencia_e_Orientacoes\Informativos_Julgamentos_TCE_PI\07_Auditorias_e_Medidas_Cautelares_TCE_PI.md"
"MD_SEM_PDF","mestra\02_Jurisprudencia_e_Orientacoes\Informativos_Julgamentos_TCE_PI","","08_Outros_Procedimentos_e_Consultas_TCE_PI.md","mestra\02_Jurisprudencia_e_Orientacoes\Informativos_Julgamentos_TCE_PI","0","C:\Users\thiagonogueira\OneDrive - mppi.mp.br\CLC\01_Processos_e_Aquisicoes\Base de Conhecimento - Thiago\02_Jurisprudencia_e_Orientacoes\Informativos_Julgamentos_TCE_PI\08_Outros_Procedimentos_e_Consultas_TCE_PI.md"
"MD_SEM_PDF","mestra\02_Jurisprudencia_e_Orientacoes\MJRs_MPPI\MJR nº 562025APPL - Troca de Marca Contrato ou ARP","","MJR 56 - Análise Conclusiva de Conformidade.md","mestra\02_Jurisprudencia_e_Orientacoes\MJRs_MPPI\MJR nº 562025APPL - Troca de Marca Contrato ou ARP","0","C:\Users\thiagonogueira\OneDrive - mppi.mp.br\CLC\01_Processos_e_Aquisicoes\Base de Conhecimento - Thiago\02_Jurisprudencia_e_Orientacoes\MJRs_MPPI\MJR nº 562025APPL - Troca de Marca Contrato ou ARP\MJR 56 - Análise Conclusiva de Conformidade.md"
"MD_SEM_PDF","mestra\02_Jurisprudencia_e_Orientacoes\MJRs_MPPI\MJR nº 562025APPL - Troca de Marca Contrato ou ARP","","MJR 56 - Análise Preliminar de Conformidade.md","mestra\02_Jurisprudencia_e_Orientacoes\MJRs_MPPI\MJR nº 562025APPL - Troca de Marca Contrato ou ARP","0","C:\Users\thiagonogueira\OneDrive - mppi.mp.br\CLC\01_Processos_e_Aquisicoes\Base de Conhecimento - Thiago\02_Jurisprudencia_e_Orientacoes\MJRs_MPPI\MJR nº 562025APPL - Troca de Marca Contrato ou ARP\MJR 56 - Análise Preliminar de Conformidade.md"
"MD_SEM_PDF","mestra\02_Jurisprudencia_e_Orientacoes\MJRs_MPPI\MJR nº 562025APPL - Troca de Marca Contrato ou ARP","","MJR 56 - Pedido de Substituicao de Marca Contrato ou ARP.md","mestra\02_Jurisprudencia_e_Orientacoes\MJRs_MPPI\MJR nº 562025APPL - Troca de Marca Contrato ou ARP","0","C:\Users\thiagonogueira\OneDrive - mppi.mp.br\CLC\01_Processos_e_Aquisicoes\Base de Conhecimento - Thiago\02_Jurisprudencia_e_Orientacoes\MJRs_MPPI\MJR nº 562025APPL - Troca de Marca Contrato ou ARP\MJR 56 - Pedido de Substituicao de Marca Contrato ou ARP.md"
"MD_SEM_PDF","mestra\02_Jurisprudencia_e_Orientacoes\MJRs_MPPI\MJR nº 662025APPL - Pagamento por Indenização","","MJR 66 - Análise Conclusiva de Conformidade.md","mestra\02_Jurisprudencia_e_Orientacoes\MJRs_MPPI\MJR nº 662025APPL - Pagamento por Indenização","0","C:\Users\thiagonogueira\OneDrive - mppi.mp.br\CLC\01_Processos_e_Aquisicoes\Base de Conhecimento - Thiago\02_Jurisprudencia_e_Orientacoes\MJRs_MPPI\MJR nº 662025APPL - Pagamento por Indenização\MJR 66 - Análise Conclusiva de Conformidade.md"
"MD_SEM_PDF","mestra\02_Jurisprudencia_e_Orientacoes\MJRs_MPPI\MJR nº 662025APPL - Pagamento por Indenização","","MJR 66 - Análise Preliminar de Conformidade.md","mestra\02_Jurisprudencia_e_Orientacoes\MJRs_MPPI\MJR nº 662025APPL - Pagamento por Indenização","0","C:\Users\thiagonogueira\OneDrive - mppi.mp.br\CLC\01_Processos_e_Aquisicoes\Base de Conhecimento - Thiago\02_Jurisprudencia_e_Orientacoes\MJRs_MPPI\MJR nº 662025APPL - Pagamento por Indenização\MJR 66 - Análise Preliminar de Conformidade.md"
"MD_SEM_PDF","mestra\02_Jurisprudencia_e_Orientacoes\MJRs_MPPI\MJR nº 662025APPL - Pagamento por Indenização","","MJR 66 - Modelo Termo de Reconhecimento de Divida.md","mestra\02_Jurisprudencia_e_Orientacoes\MJRs_MPPI\MJR nº 662025APPL - Pagamento por Indenização","0","C:\Users\thiagonogueira\OneDrive - mppi.mp.br\CLC\01_Processos_e_Aquisicoes\Base de Conhecimento - Thiago\02_Jurisprudencia_e_Orientacoes\MJRs_MPPI\MJR nº 662025APPL - Pagamento por Indenização\MJR 66 - Modelo Termo de Reconhecimento de Divida.md"
"MD_SEM_PDF","mestra\02_Jurisprudencia_e_Orientacoes\MJRs_MPPI\MJR nº 662025APPL - Pagamento por Indenização","","MJR 66 - Pagamento Por Indenização.md","mestra\02_Jurisprudencia_e_Orientacoes\MJRs_MPPI\MJR nº 662025APPL - Pagamento por Indenização","0","C:\Users\thiagonogueira\OneDrive - mppi.mp.br\CLC\01_Processos_e_Aquisicoes\Base de Conhecimento - Thiago\02_Jurisprudencia_e_Orientacoes\MJRs_MPPI\MJR nº 662025APPL - Pagamento por Indenização\MJR 66 - Pagamento Por Indenização.md"
"MD_SEM_PDF","mestra\02_Jurisprudencia_e_Orientacoes\MJRs_MPPI\MJR nº 862025APPL - Adesão a ARP","","MJR 86 - Adesão por ARP.md","mestra\02_Jurisprudencia_e_Orientacoes\MJRs_MPPI\MJR nº 862025APPL - Adesão a ARP","0","C:\Users\thiagonogueira\OneDrive - mppi.mp.br\CLC\01_Processos_e_Aquisicoes\Base de Conhecimento - Thiago\02_Jurisprudencia_e_Orientacoes\MJRs_MPPI\MJR nº 862025APPL - Adesão a ARP\MJR 86 - Adesão por ARP.md"
"MD_SEM_PDF","mestra\02_Jurisprudencia_e_Orientacoes\MJRs_MPPI\MJR nº 862025APPL - Adesão a ARP","","MJR 86 - Análise Conclusiva de Conformidade.md","mestra\02_Jurisprudencia_e_Orientacoes\MJRs_MPPI\MJR nº 862025APPL - Adesão a ARP","0","C:\Users\thiagonogueira\OneDrive - mppi.mp.br\CLC\01_Processos_e_Aquisicoes\Base de Conhecimento - Thiago\02_Jurisprudencia_e_Orientacoes\MJRs_MPPI\MJR nº 862025APPL - Adesão a ARP\MJR 86 - Análise Conclusiva de Conformidade.md"
"MD_SEM_PDF","mestra\02_Jurisprudencia_e_Orientacoes\MJRs_MPPI\MJR nº 862025APPL - Adesão a ARP","","MJR 86 - Análise Preliminar de Conformidade.md","mestra\02_Jurisprudencia_e_Orientacoes\MJRs_MPPI\MJR nº 862025APPL - Adesão a ARP","0","C:\Users\thiagonogueira\OneDrive - mppi.mp.br\CLC\01_Processos_e_Aquisicoes\Base de Conhecimento - Thiago\02_Jurisprudencia_e_Orientacoes\MJRs_MPPI\MJR nº 862025APPL - Adesão a ARP\MJR 86 - Análise Preliminar de Conformidade.md"
"MD_SEM_PDF","mestra\02_Jurisprudencia_e_Orientacoes\MJRs_MPPI\MJR nº 922024APPL - Dispensa de Licitação - Art 75 I e II","","MJR 92 - Analise Conclusiva de Conformidade.md","mestra\02_Jurisprudencia_e_Orientacoes\MJRs_MPPI\MJR nº 922024APPL - Dispensa de Licitação - Art 75 I e II","0","C:\Users\thiagonogueira\OneDrive - mppi.mp.br\CLC\01_Processos_e_Aquisicoes\Base de Conhecimento - Thiago\02_Jurisprudencia_e_Orientacoes\MJRs_MPPI\MJR nº 922024APPL - Dispensa de Licitação - Art 75 I e II\MJR 92 - Analise Conclusiva de Conformidade.md"
"MD_SEM_PDF","mestra\02_Jurisprudencia_e_Orientacoes\MJRs_MPPI\MJR nº 922024APPL - Dispensa de Licitação - Art 75 I e II","","MJR 92 - Analise Preliminar de Conformidade.md","mestra\02_Jurisprudencia_e_Orientacoes\MJRs_MPPI\MJR nº 922024APPL - Dispensa de Licitação - Art 75 I e II","0","C:\Users\thiagonogueira\OneDrive - mppi.mp.br\CLC\01_Processos_e_Aquisicoes\Base de Conhecimento - Thiago\02_Jurisprudencia_e_Orientacoes\MJRs_MPPI\MJR nº 922024APPL - Dispensa de Licitação - Art 75 I e II\MJR 92 - Analise Preliminar de Conformidade.md"
"MD_SEM_PDF","mestra\02_Jurisprudencia_e_Orientacoes\MJRs_MPPI\MJR nº 922024APPL - Dispensa de Licitação - Art 75 I e II","","MJR 92 - Aprovação MJR.md","mestra\02_Jurisprudencia_e_Orientacoes\MJRs_MPPI\MJR nº 922024APPL - Dispensa de Licitação - Art 75 I e II","0","C:\Users\thiagonogueira\OneDrive - mppi.mp.br\CLC\01_Processos_e_Aquisicoes\Base de Conhecimento - Thiago\02_Jurisprudencia_e_Orientacoes\MJRs_MPPI\MJR nº 922024APPL - Dispensa de Licitação - Art 75 I e II\MJR 92 - Aprovação MJR.md"
"MD_SEM_PDF","mestra\02_Jurisprudencia_e_Orientacoes\MJRs_MPPI\MJR nº 922024APPL - Dispensa de Licitação - Art 75 I e II","","MJR 92 - Contratações Diretas - Art 75 I e II.md","mestra\02_Jurisprudencia_e_Orientacoes\MJRs_MPPI\MJR nº 922024APPL - Dispensa de Licitação - Art 75 I e II","0","C:\Users\thiagonogueira\OneDrive - mppi.mp.br\CLC\01_Processos_e_Aquisicoes\Base de Conhecimento - Thiago\02_Jurisprudencia_e_Orientacoes\MJRs_MPPI\MJR nº 922024APPL - Dispensa de Licitação - Art 75 I e II\MJR 92 - Contratações Diretas - Art 75 I e II.md"
"MD_SEM_PDF","mestra\02_Jurisprudencia_e_Orientacoes\MJRs_MPPI\MJR nº 952025APPL - Prorrogação de Vigência de ARP","","MJR 95 - ANALISE_CONCLUSIVA_DE_CONFORMIDADE-PRORROGACAO-DE-VIGENCIA-DE-ARP.md","mestra\02_Jurisprudencia_e_Orientacoes\MJRs_MPPI\MJR nº 952025APPL - Prorrogação de Vigência de ARP","0","C:\Users\thiagonogueira\OneDrive - mppi.mp.br\CLC\01_Processos_e_Aquisicoes\Base de Conhecimento - Thiago\02_Jurisprudencia_e_Orientacoes\MJRs_MPPI\MJR nº 952025APPL - Prorrogação de Vigência de ARP\MJR 95 - ANALISE_CONCLUSIVA_DE_CONFORMIDADE-PRORROGACAO-DE-VIGENCIA-DE-ARP.md"
"MD_SEM_PDF","mestra\02_Jurisprudencia_e_Orientacoes\MJRs_MPPI\MJR nº 952025APPL - Prorrogação de Vigência de ARP","","MJR 95 - ANALISE_PRELIMINAR_DE_CONFORMIDADE-PRORROGACAO-DE-VIGENCIA-DE-ARP.md","mestra\02_Jurisprudencia_e_Orientacoes\MJRs_MPPI\MJR nº 952025APPL - Prorrogação de Vigência de ARP","0","C:\Users\thiagonogueira\OneDrive - mppi.mp.br\CLC\01_Processos_e_Aquisicoes\Base de Conhecimento - Thiago\02_Jurisprudencia_e_Orientacoes\MJRs_MPPI\MJR nº 952025APPL - Prorrogação de Vigência de ARP\MJR 95 - ANALISE_PRELIMINAR_DE_CONFORMIDADE-PRORROGACAO-DE-VIGENCIA-DE-ARP.md"
"MD_SEM_PDF","mestra\02_Jurisprudencia_e_Orientacoes\MJRs_MPPI\MJR nº 952025APPL - Prorrogação de Vigência de ARP","","MJR 95 - LISTA_DE_VERIFICACAO_PRORROGACAO_ARP.md","mestra\02_Jurisprudencia_e_Orientacoes\MJRs_MPPI\MJR nº 952025APPL - Prorrogação de Vigência de ARP","0","C:\Users\thiagonogueira\OneDrive - mppi.mp.br\CLC\01_Processos_e_Aquisicoes\Base de Conhecimento - Thiago\02_Jurisprudencia_e_Orientacoes\MJRs_MPPI\MJR nº 952025APPL - Prorrogação de Vigência de ARP\MJR 95 - LISTA_DE_VERIFICACAO_PRORROGACAO_ARP.md"
"MD_SEM_PDF","mestra\02_Jurisprudencia_e_Orientacoes\MJRs_MPPI\MJR nº 952025APPL - Prorrogação de Vigência de ARP","","MJR 95 - MANIFESTACAO-JURIDICA-REFERENCIAL-PRORROGACAO-DE-VIGENCIA-DE-ARP.md","mestra\02_Jurisprudencia_e_Orientacoes\MJRs_MPPI\MJR nº 952025APPL - Prorrogação de Vigência de ARP","0","C:\Users\thiagonogueira\OneDrive - mppi.mp.br\CLC\01_Processos_e_Aquisicoes\Base de Conhecimento - Thiago\02_Jurisprudencia_e_Orientacoes\MJRs_MPPI\MJR nº 952025APPL - Prorrogação de Vigência de ARP\MJR 95 - MANIFESTACAO-JURIDICA-REFERENCIAL-PRORROGACAO-DE-VIGENCIA-DE-ARP.md"
"MD_SEM_PDF","mestra\02_Jurisprudencia_e_Orientacoes\MJRs_MPPI\MJR nº 952025APPL - Prorrogação de Vigência de ARP","","MJR 95 - Modelo de Termo Aditivo para Prorrogacao de ARP.md","mestra\02_Jurisprudencia_e_Orientacoes\MJRs_MPPI\MJR nº 952025APPL - Prorrogação de Vigência de ARP","0","C:\Users\thiagonogueira\OneDrive - mppi.mp.br\CLC\01_Processos_e_Aquisicoes\Base de Conhecimento - Thiago\02_Jurisprudencia_e_Orientacoes\MJRs_MPPI\MJR nº 952025APPL - Prorrogação de Vigência de ARP\MJR 95 - Modelo de Termo Aditivo para Prorrogacao de ARP.md"
"MD_SEM_PDF","mestra\03_Modelos_e_Minutas\Modelos_AGU_14133\Bens e serviços de TIC","","modelo-de-edital-pregao-e-concorrencia-tic-lei-no-14-133-ago-25.md","mestra\03_Modelos_e_Minutas\Modelos_AGU_14133\Bens e serviços de TIC","0","C:\Users\thiagonogueira\OneDrive - mppi.mp.br\CLC\01_Processos_e_Aquisicoes\Base de Conhecimento - Thiago\03_Modelos_e_Minutas\Modelos_AGU_14133\Bens e serviços de TIC\modelo-de-edital-pregao-e-concorrencia-tic-lei-no-14-133-ago-25.md"
"MD_SEM_PDF","mestra\03_Modelos_e_Minutas\Modelos_AGU_14133\Bens e serviços de TIC","","modelo-de-lista-de-verificacao-tic-lei-no-14-133-set-24.md","mestra\03_Modelos_e_Minutas\Modelos_AGU_14133\Bens e serviços de TIC","0","C:\Users\thiagonogueira\OneDrive - mppi.mp.br\CLC\01_Processos_e_Aquisicoes\Base de Conhecimento - Thiago\03_Modelos_e_Minutas\Modelos_AGU_14133\Bens e serviços de TIC\modelo-de-lista-de-verificacao-tic-lei-no-14-133-set-24.md"
"MD_SEM_PDF","mestra\03_Modelos_e_Minutas\Modelos_AGU_14133\Bens e serviços de TIC","","modelo-de-termo-de-contrato-tic-compras-lei-no-14-133-ago-25.md","mestra\03_Modelos_e_Minutas\Modelos_AGU_14133\Bens e serviços de TIC","0","C:\Users\thiagonogueira\OneDrive - mppi.mp.br\CLC\01_Processos_e_Aquisicoes\Base de Conhecimento - Thiago\03_Modelos_e_Minutas\Modelos_AGU_14133\Bens e serviços de TIC\modelo-de-termo-de-contrato-tic-compras-lei-no-14-133-ago-25.md"
"MD_SEM_PDF","mestra\03_Modelos_e_Minutas\Modelos_AGU_14133\Bens e serviços de TIC","","modelo-de-termo-de-contrato-tic-servicos-lei-no-14-133-ago-25.md","mestra\03_Modelos_e_Minutas\Modelos_AGU_14133\Bens e serviços de TIC","0","C:\Users\thiagonogueira\OneDrive - mppi.mp.br\CLC\01_Processos_e_Aquisicoes\Base de Conhecimento - Thiago\03_Modelos_e_Minutas\Modelos_AGU_14133\Bens e serviços de TIC\modelo-de-termo-de-contrato-tic-servicos-lei-no-14-133-ago-25.md"
"MD_SEM_PDF","mestra\03_Modelos_e_Minutas\Modelos_AGU_14133\Bens e serviços de TIC","","modelo-de-termo-de-referencia-compras-tic-lei-no-14-133-set-25.md","mestra\03_Modelos_e_Minutas\Modelos_AGU_14133\Bens e serviços de TIC","0","C:\Users\thiagonogueira\OneDrive - mppi.mp.br\CLC\01_Processos_e_Aquisicoes\Base de Conhecimento - Thiago\03_Modelos_e_Minutas\Modelos_AGU_14133\Bens e serviços de TIC\modelo-de-termo-de-referencia-compras-tic-lei-no-14-133-set-25.md"
"MD_SEM_PDF","mestra\03_Modelos_e_Minutas\Modelos_AGU_14133\Bens e serviços de TIC","","modelo-de-termo-de-referencia-servicos-tic-lei-no-14-133-abr-26.md","mestra\03_Modelos_e_Minutas\Modelos_AGU_14133\Bens e serviços de TIC","0","C:\Users\thiagonogueira\OneDrive - mppi.mp.br\CLC\01_Processos_e_Aquisicoes\Base de Conhecimento - Thiago\03_Modelos_e_Minutas\Modelos_AGU_14133\Bens e serviços de TIC\modelo-de-termo-de-referencia-servicos-tic-lei-no-14-133-abr-26.md"
"MD_SEM_PDF","mestra\03_Modelos_e_Minutas\Modelos_AGU_14133\Contratação Direta","","modelo-de-aviso-de-contratacao-direta-lei-no-14-133-abr-26.md","mestra\03_Modelos_e_Minutas\Modelos_AGU_14133\Contratação Direta","0","C:\Users\thiagonogueira\OneDrive - mppi.mp.br\CLC\01_Processos_e_Aquisicoes\Base de Conhecimento - Thiago\03_Modelos_e_Minutas\Modelos_AGU_14133\Contratação Direta\modelo-de-aviso-de-contratacao-direta-lei-no-14-133-abr-26.md"
"MD_SEM_PDF","mestra\03_Modelos_e_Minutas\Modelos_AGU_14133\Contratação Direta","","modelo-de-edital-credenciamento-lei-no-14-133-abr-26.md","mestra\03_Modelos_e_Minutas\Modelos_AGU_14133\Contratação Direta","0","C:\Users\thiagonogueira\OneDrive - mppi.mp.br\CLC\01_Processos_e_Aquisicoes\Base de Conhecimento - Thiago\03_Modelos_e_Minutas\Modelos_AGU_14133\Contratação Direta\modelo-de-edital-credenciamento-lei-no-14-133-abr-26.md"
"MD_SEM_PDF","mestra\03_Modelos_e_Minutas\Modelos_AGU_14133\Contratação Direta","","modelo-de-lista-de-verificacao-contratacoes-diretas-lei-no-14-133-set-24.md","mestra\03_Modelos_e_Minutas\Modelos_AGU_14133\Contratação Direta","0","C:\Users\thiagonogueira\OneDrive - mppi.mp.br\CLC\01_Processos_e_Aquisicoes\Base de Conhecimento - Thiago\03_Modelos_e_Minutas\Modelos_AGU_14133\Contratação Direta\modelo-de-lista-de-verificacao-contratacoes-diretas-lei-no-14-133-set-24.md"
"MD_SEM_PDF","mestra\03_Modelos_e_Minutas\Modelos_AGU_14133\Contratação Direta","","modelo-de-termo-de-contrato-compras-lei-no-14-133-dez-25.md","mestra\03_Modelos_e_Minutas\Modelos_AGU_14133\Contratação Direta","0","C:\Users\thiagonogueira\OneDrive - mppi.mp.br\CLC\01_Processos_e_Aquisicoes\Base de Conhecimento - Thiago\03_Modelos_e_Minutas\Modelos_AGU_14133\Contratação Direta\modelo-de-termo-de-contrato-compras-lei-no-14-133-dez-25.md"
"MD_SEM_PDF","mestra\03_Modelos_e_Minutas\Modelos_AGU_14133\Contratação Direta","","modelo-de-termo-de-contrato-obras-e-servicos-de-engenharia-lei-no-14-133-dez-25.md","mestra\03_Modelos_e_Minutas\Modelos_AGU_14133\Contratação Direta","0","C:\Users\thiagonogueira\OneDrive - mppi.mp.br\CLC\01_Processos_e_Aquisicoes\Base de Conhecimento - Thiago\03_Modelos_e_Minutas\Modelos_AGU_14133\Contratação Direta\modelo-de-termo-de-contrato-obras-e-servicos-de-engenharia-lei-no-14-133-dez-25.md"
"MD_SEM_PDF","mestra\03_Modelos_e_Minutas\Modelos_AGU_14133\Contratação Direta","","modelo-de-termo-de-contrato-servico-com-mao-de-obra-exclusiva-lei-no-14-133-dez-25.md","mestra\03_Modelos_e_Minutas\Modelos_AGU_14133\Contratação Direta","0","C:\Users\thiagonogueira\OneDrive - mppi.mp.br\CLC\01_Processos_e_Aquisicoes\Base de Conhecimento - Thiago\03_Modelos_e_Minutas\Modelos_AGU_14133\Contratação Direta\modelo-de-termo-de-contrato-servico-com-mao-de-obra-exclusiva-lei-no-14-133-dez-25.md"
"MD_SEM_PDF","mestra\03_Modelos_e_Minutas\Modelos_AGU_14133\Contratação Direta","","modelo-de-termo-de-contrato-servico-sem-mao-de-obra-exclusiva-lei-no-14-133-dez-25.md","mestra\03_Modelos_e_Minutas\Modelos_AGU_14133\Contratação Direta","0","C:\Users\thiagonogueira\OneDrive - mppi.mp.br\CLC\01_Processos_e_Aquisicoes\Base de Conhecimento - Thiago\03_Modelos_e_Minutas\Modelos_AGU_14133\Contratação Direta\modelo-de-termo-de-contrato-servico-sem-mao-de-obra-exclusiva-lei-no-14-133-dez-25.md"
"MD_SEM_PDF","mestra\03_Modelos_e_Minutas\Modelos_AGU_14133\Contratação Direta","","modelo-de-termo-de-referencia-compras-lei-no-14-133-dez-25.md","mestra\03_Modelos_e_Minutas\Modelos_AGU_14133\Contratação Direta","0","C:\Users\thiagonogueira\OneDrive - mppi.mp.br\CLC\01_Processos_e_Aquisicoes\Base de Conhecimento - Thiago\03_Modelos_e_Minutas\Modelos_AGU_14133\Contratação Direta\modelo-de-termo-de-referencia-compras-lei-no-14-133-dez-25.md"
"MD_SEM_PDF","mestra\03_Modelos_e_Minutas\Modelos_AGU_14133\Contratação Direta","","modelo-de-termo-de-referencia-servicos-e-obras-lei-no-14-133-dez-25.md","mestra\03_Modelos_e_Minutas\Modelos_AGU_14133\Contratação Direta","0","C:\Users\thiagonogueira\OneDrive - mppi.mp.br\CLC\01_Processos_e_Aquisicoes\Base de Conhecimento - Thiago\03_Modelos_e_Minutas\Modelos_AGU_14133\Contratação Direta\modelo-de-termo-de-referencia-servicos-e-obras-lei-no-14-133-dez-25.md"
"MD_SEM_PDF","mestra\03_Modelos_e_Minutas\Modelos_AGU_14133\Contratação Direta","","modelo-de-termo-de-referencia-servicos-e-obras-lei-no-14-133-mai-26.md","mestra\03_Modelos_e_Minutas\Modelos_AGU_14133\Contratação Direta","0","C:\Users\thiagonogueira\OneDrive - mppi.mp.br\CLC\01_Processos_e_Aquisicoes\Base de Conhecimento - Thiago\03_Modelos_e_Minutas\Modelos_AGU_14133\Contratação Direta\modelo-de-termo-de-referencia-servicos-e-obras-lei-no-14-133-mai-26.md"
"MD_SEM_PDF","mestra\03_Modelos_e_Minutas\Modelos_AGU_14133\Pregão e Concorrência\Compras","","modelo-de-lista-de-verificacao-compras-e-servicos-sem-mao-de-obra-exclusiva-lei-no-14-133.md","mestra\03_Modelos_e_Minutas\Modelos_AGU_14133\Pregão e Concorrência\Compras","0","C:\Users\thiagonogueira\OneDrive - mppi.mp.br\CLC\01_Processos_e_Aquisicoes\Base de Conhecimento - Thiago\03_Modelos_e_Minutas\Modelos_AGU_14133\Pregão e Concorrência\Compras\modelo-de-lista-de-verificacao-compras-e-servicos-sem-mao-de-obra-exclusiva-lei-no-14-133.md"
"MD_SEM_PDF","mestra\03_Modelos_e_Minutas\Modelos_AGU_14133\Pregão e Concorrência\Compras","","modelo-de-termo-de-contrato-compras-lei-no-14-133-dez-25.md","mestra\03_Modelos_e_Minutas\Modelos_AGU_14133\Pregão e Concorrência\Compras","0","C:\Users\thiagonogueira\OneDrive - mppi.mp.br\CLC\01_Processos_e_Aquisicoes\Base de Conhecimento - Thiago\03_Modelos_e_Minutas\Modelos_AGU_14133\Pregão e Concorrência\Compras\modelo-de-termo-de-contrato-compras-lei-no-14-133-dez-25.md"
"MD_SEM_PDF","mestra\03_Modelos_e_Minutas\Modelos_AGU_14133\Pregão e Concorrência\Compras","","modelo-de-termo-de-referencia-compras-lei-no-14-133-dez-25.md","mestra\03_Modelos_e_Minutas\Modelos_AGU_14133\Pregão e Concorrência\Compras","0","C:\Users\thiagonogueira\OneDrive - mppi.mp.br\CLC\01_Processos_e_Aquisicoes\Base de Conhecimento - Thiago\03_Modelos_e_Minutas\Modelos_AGU_14133\Pregão e Concorrência\Compras\modelo-de-termo-de-referencia-compras-lei-no-14-133-dez-25.md"
"MD_SEM_PDF","mestra\03_Modelos_e_Minutas\Modelos_AGU_14133\Pregão e Concorrência\Editais e Atas - Todos os Objetos","","modelo-de-ata-de-registro-de-precos-lei-ndeg-14-133-nov-25.md","mestra\03_Modelos_e_Minutas\Modelos_AGU_14133\Pregão e Concorrência\Editais e Atas - Todos os Objetos","0","C:\Users\thiagonogueira\OneDrive - mppi.mp.br\CLC\01_Processos_e_Aquisicoes\Base de Conhecimento - Thiago\03_Modelos_e_Minutas\Modelos_AGU_14133\Pregão e Concorrência\Editais e Atas - Todos os Objetos\modelo-de-ata-de-registro-de-precos-lei-ndeg-14-133-nov-25.md"
"MD_SEM_PDF","mestra\03_Modelos_e_Minutas\Modelos_AGU_14133\Pregão e Concorrência\Editais e Atas - Todos os Objetos","","modelo-de-edital-concorrencia-tecnica-e-preco-lei-no-14-133-abr-26.md","mestra\03_Modelos_e_Minutas\Modelos_AGU_14133\Pregão e Concorrência\Editais e Atas - Todos os Objetos","0","C:\Users\thiagonogueira\OneDrive - mppi.mp.br\CLC\01_Processos_e_Aquisicoes\Base de Conhecimento - Thiago\03_Modelos_e_Minutas\Modelos_AGU_14133\Pregão e Concorrência\Editais e Atas - Todos os Objetos\modelo-de-edital-concorrencia-tecnica-e-preco-lei-no-14-133-abr-26.md"
"MD_SEM_PDF","mestra\03_Modelos_e_Minutas\Modelos_AGU_14133\Pregão e Concorrência\Editais e Atas - Todos os Objetos","","modelo-de-edital-pregao-e-concorrencia-menor-preco-e-maior-desconto-lei-no-14-133-nov-25.md","mestra\03_Modelos_e_Minutas\Modelos_AGU_14133\Pregão e Concorrência\Editais e Atas - Todos os Objetos","0","C:\Users\thiagonogueira\OneDrive - mppi.mp.br\CLC\01_Processos_e_Aquisicoes\Base de Conhecimento - Thiago\03_Modelos_e_Minutas\Modelos_AGU_14133\Pregão e Concorrência\Editais e Atas - Todos os Objetos\modelo-de-edital-pregao-e-concorrencia-menor-preco-e-maior-desconto-lei-no-14-133-nov-25.md"
"MD_SEM_PDF","mestra\03_Modelos_e_Minutas\Modelos_AGU_14133\Pregão e Concorrência\Obras e Serviços de Engenharia","","modelo-de-lista-de-verificacao-obras-e-servicos-de-engenharia-lei-.md","mestra\03_Modelos_e_Minutas\Modelos_AGU_14133\Pregão e Concorrência\Obras e Serviços de Engenharia","0","C:\Users\thiagonogueira\OneDrive - mppi.mp.br\CLC\01_Processos_e_Aquisicoes\Base de Conhecimento - Thiago\03_Modelos_e_Minutas\Modelos_AGU_14133\Pregão e Concorrência\Obras e Serviços de Engenharia\modelo-de-lista-de-verificacao-obras-e-servicos-de-engenharia-lei-.md"
"MD_SEM_PDF","mestra\03_Modelos_e_Minutas\Modelos_AGU_14133\Pregão e Concorrência\Obras e Serviços de Engenharia","","modelo-de-termo-de-contrato-obras-e-servicos-de-engenharia-lei-no-.md","mestra\03_Modelos_e_Minutas\Modelos_AGU_14133\Pregão e Concorrência\Obras e Serviços de Engenharia","0","C:\Users\thiagonogueira\OneDrive - mppi.mp.br\CLC\01_Processos_e_Aquisicoes\Base de Conhecimento - Thiago\03_Modelos_e_Minutas\Modelos_AGU_14133\Pregão e Concorrência\Obras e Serviços de Engenharia\modelo-de-termo-de-contrato-obras-e-servicos-de-engenharia-lei-no-.md"
"MD_SEM_PDF","mestra\03_Modelos_e_Minutas\Modelos_AGU_14133\Pregão e Concorrência\Obras e Serviços de Engenharia","","termo-de-justificativas-tecnicas-relevantes-obras-e-servicos-engen.md","mestra\03_Modelos_e_Minutas\Modelos_AGU_14133\Pregão e Concorrência\Obras e Serviços de Engenharia","0","C:\Users\thiagonogueira\OneDrive - mppi.mp.br\CLC\01_Processos_e_Aquisicoes\Base de Conhecimento - Thiago\03_Modelos_e_Minutas\Modelos_AGU_14133\Pregão e Concorrência\Obras e Serviços de Engenharia\termo-de-justificativas-tecnicas-relevantes-obras-e-servicos-engen.md"
"MD_SEM_PDF","mestra\03_Modelos_e_Minutas\Modelos_AGU_14133\Pregão e Concorrência\Serviços com Demo","","modelo-de-lista-de-verificacao-servicos-com-mao-de-obra-exclusiva-lei-no-14-133.md","mestra\03_Modelos_e_Minutas\Modelos_AGU_14133\Pregão e Concorrência\Serviços com Demo","0","C:\Users\thiagonogueira\OneDrive - mppi.mp.br\CLC\01_Processos_e_Aquisicoes\Base de Conhecimento - Thiago\03_Modelos_e_Minutas\Modelos_AGU_14133\Pregão e Concorrência\Serviços com Demo\modelo-de-lista-de-verificacao-servicos-com-mao-de-obra-exclusiva-lei-no-14-133.md"
"MD_SEM_PDF","mestra\03_Modelos_e_Minutas\Modelos_AGU_14133\Pregão e Concorrência\Serviços com Demo","","modelo-de-termo-de-contrato-servico-com-mao-de-obra-exclusiva-lei-no-14-133-dez.md","mestra\03_Modelos_e_Minutas\Modelos_AGU_14133\Pregão e Concorrência\Serviços com Demo","0","C:\Users\thiagonogueira\OneDrive - mppi.mp.br\CLC\01_Processos_e_Aquisicoes\Base de Conhecimento - Thiago\03_Modelos_e_Minutas\Modelos_AGU_14133\Pregão e Concorrência\Serviços com Demo\modelo-de-termo-de-contrato-servico-com-mao-de-obra-exclusiva-lei-no-14-133-dez.md"
"MD_SEM_PDF","mestra\03_Modelos_e_Minutas\Modelos_AGU_14133\Pregão e Concorrência\Serviços sem DEMO","","modelo-de-lista-de-verificacao-compras-e-servicos-sem-mao-de-obra-exclusiva-lei.md","mestra\03_Modelos_e_Minutas\Modelos_AGU_14133\Pregão e Concorrência\Serviços sem DEMO","0","C:\Users\thiagonogueira\OneDrive - mppi.mp.br\CLC\01_Processos_e_Aquisicoes\Base de Conhecimento - Thiago\03_Modelos_e_Minutas\Modelos_AGU_14133\Pregão e Concorrência\Serviços sem DEMO\modelo-de-lista-de-verificacao-compras-e-servicos-sem-mao-de-obra-exclusiva-lei.md"
"MD_SEM_PDF","mestra\03_Modelos_e_Minutas\Modelos_AGU_14133\Pregão e Concorrência\Serviços sem DEMO","","modelo-de-termo-de-contrato-servico-sem-mao-de-obra-exclusiva-lei-no-14-133-dez-25.md","mestra\03_Modelos_e_Minutas\Modelos_AGU_14133\Pregão e Concorrência\Serviços sem DEMO","0","C:\Users\thiagonogueira\OneDrive - mppi.mp.br\CLC\01_Processos_e_Aquisicoes\Base de Conhecimento - Thiago\03_Modelos_e_Minutas\Modelos_AGU_14133\Pregão e Concorrência\Serviços sem DEMO\modelo-de-termo-de-contrato-servico-sem-mao-de-obra-exclusiva-lei-no-14-133-dez-25.md"
"MD_SEM_PDF","mestra\03_Modelos_e_Minutas\Modelos_MPPE","","DOD - Documento de Oficializacao da Demanda MPPE - Versao 3.0.md","mestra\03_Modelos_e_Minutas\Modelos_MPPE","0","C:\Users\thiagonogueira\OneDrive - mppi.mp.br\CLC\01_Processos_e_Aquisicoes\Base de Conhecimento - Thiago\03_Modelos_e_Minutas\Modelos_MPPE\DOD - Documento de Oficializacao da Demanda MPPE - Versao 3.0.md"
"MD_SEM_PDF","mestra\03_Modelos_e_Minutas\Modelos_MPPE","","ETP - Estudo Tecnico Preliminar MPPE - Versao 5.0.md","mestra\03_Modelos_e_Minutas\Modelos_MPPE","0","C:\Users\thiagonogueira\OneDrive - mppi.mp.br\CLC\01_Processos_e_Aquisicoes\Base de Conhecimento - Thiago\03_Modelos_e_Minutas\Modelos_MPPE\ETP - Estudo Tecnico Preliminar MPPE - Versao 5.0.md"
"MD_SEM_PDF","mestra\03_Modelos_e_Minutas\Modelos_MPPE","","Matriz de Riscos MPPE - Versao 2.0.md","mestra\03_Modelos_e_Minutas\Modelos_MPPE","0","C:\Users\thiagonogueira\OneDrive - mppi.mp.br\CLC\01_Processos_e_Aquisicoes\Base de Conhecimento - Thiago\03_Modelos_e_Minutas\Modelos_MPPE\Matriz de Riscos MPPE - Versao 2.0.md"
"MD_SEM_PDF","mestra\03_Modelos_e_Minutas\Modelos_MPPE","","TR - Termo de Referencia MPPE - Versao 3.0.md","mestra\03_Modelos_e_Minutas\Modelos_MPPE","0","C:\Users\thiagonogueira\OneDrive - mppi.mp.br\CLC\01_Processos_e_Aquisicoes\Base de Conhecimento - Thiago\03_Modelos_e_Minutas\Modelos_MPPE\TR - Termo de Referencia MPPE - Versao 3.0.md"
"MD_SEM_PDF","mestra\03_Modelos_e_Minutas\Modelos_MPPI_CLC","","Check List Habilitação.md","mestra\03_Modelos_e_Minutas\Modelos_MPPI_CLC","0","C:\Users\thiagonogueira\OneDrive - mppi.mp.br\CLC\01_Processos_e_Aquisicoes\Base de Conhecimento - Thiago\03_Modelos_e_Minutas\Modelos_MPPI_CLC\Check List Habilitação.md"
"MD_SEM_PDF","mestra\03_Modelos_e_Minutas\Modelos_MPPI_CLC","","Modelo Proposta de Precos.md","mestra\03_Modelos_e_Minutas\Modelos_MPPI_CLC","0","C:\Users\thiagonogueira\OneDrive - mppi.mp.br\CLC\01_Processos_e_Aquisicoes\Base de Conhecimento - Thiago\03_Modelos_e_Minutas\Modelos_MPPI_CLC\Modelo Proposta de Precos.md"
"MD_SEM_PDF","mestra\03_Modelos_e_Minutas\Modelos_MPPI_CLC","","Oficio_Devolucao_Saneamento_ETP_TR.md","mestra\03_Modelos_e_Minutas\Modelos_MPPI_CLC","0","C:\Users\thiagonogueira\OneDrive - mppi.mp.br\CLC\01_Processos_e_Aquisicoes\Base de Conhecimento - Thiago\03_Modelos_e_Minutas\Modelos_MPPI_CLC\Oficio_Devolucao_Saneamento_ETP_TR.md"
"MD_SEM_PDF","mestra\03_Modelos_e_Minutas\Modelos_MPPI_CLC","","Roteiro_Falas_Sessao_Publica_Pregao_Eletronico.md","mestra\03_Modelos_e_Minutas\Modelos_MPPI_CLC","0","C:\Users\thiagonogueira\OneDrive - mppi.mp.br\CLC\01_Processos_e_Aquisicoes\Base de Conhecimento - Thiago\03_Modelos_e_Minutas\Modelos_MPPI_CLC\Roteiro_Falas_Sessao_Publica_Pregao_Eletronico.md"
"MD_SEM_PDF","mestra\03_Modelos_e_Minutas\Modelos_MPPI_CLC","","TAAP Thiago - TERMO DE ANÁLISE PRELIMINAR DO PLANEJAMENTO DA CONTRATAÇÃO.md","mestra\03_Modelos_e_Minutas\Modelos_MPPI_CLC","0","C:\Users\thiagonogueira\OneDrive - mppi.mp.br\CLC\01_Processos_e_Aquisicoes\Base de Conhecimento - Thiago\03_Modelos_e_Minutas\Modelos_MPPI_CLC\TAAP Thiago - TERMO DE ANÁLISE PRELIMINAR DO PLANEJAMENTO DA CONTRATAÇÃO.md"
"MD_SEM_PDF","mestra\03_Modelos_e_Minutas\Modelos_MPPI_CLC","","TAPP DIMPLANC - Modelo Analise Preliminar Planejamento.md","mestra\03_Modelos_e_Minutas\Modelos_MPPI_CLC","0","C:\Users\thiagonogueira\OneDrive - mppi.mp.br\CLC\01_Processos_e_Aquisicoes\Base de Conhecimento - Thiago\03_Modelos_e_Minutas\Modelos_MPPI_CLC\TAPP DIMPLANC - Modelo Analise Preliminar Planejamento.md"
"MD_SEM_PDF","mestra\03_Modelos_e_Minutas\Modelos_MPPI_CLC","","TAPP_DIMPLANC_000_202X-X_Documento_modelo_Thiago.md","mestra\03_Modelos_e_Minutas\Modelos_MPPI_CLC","0","C:\Users\thiagonogueira\OneDrive - mppi.mp.br\CLC\01_Processos_e_Aquisicoes\Base de Conhecimento - Thiago\03_Modelos_e_Minutas\Modelos_MPPI_CLC\TAPP_DIMPLANC_000_202X-X_Documento_modelo_Thiago.md"
"MD_SEM_PDF","mestra\03_Modelos_e_Minutas\Modelos_MPPI_CLC","","TAPP_D_Minuta_Revisada_v4.md","mestra\03_Modelos_e_Minutas\Modelos_MPPI_CLC","0","C:\Users\thiagonogueira\OneDrive - mppi.mp.br\CLC\01_Processos_e_Aquisicoes\Base de Conhecimento - Thiago\03_Modelos_e_Minutas\Modelos_MPPI_CLC\TAPP_D_Minuta_Revisada_v4.md"
"MD_SEM_PDF","mestra\03_Modelos_e_Minutas\Modelos_MPPI_CLC","","TJ_MA_termo_de_referencia_dispensa_por_item_2024.md","mestra\03_Modelos_e_Minutas\Modelos_MPPI_CLC","0","C:\Users\thiagonogueira\OneDrive - mppi.mp.br\CLC\01_Processos_e_Aquisicoes\Base de Conhecimento - Thiago\03_Modelos_e_Minutas\Modelos_MPPI_CLC\TJ_MA_termo_de_referencia_dispensa_por_item_2024.md"
"MD_SEM_PDF","mestra\03_Modelos_e_Minutas\Modelos_MPPI_CLC\Modelos_SEI","","Aprovacao_de_Artefatos_14133_SEI_1422714.md","mestra\03_Modelos_e_Minutas\Modelos_MPPI_CLC\Modelos_SEI","0","C:\Users\thiagonogueira\OneDrive - mppi.mp.br\CLC\01_Processos_e_Aquisicoes\Base de Conhecimento - Thiago\03_Modelos_e_Minutas\Modelos_MPPI_CLC\Modelos_SEI\Aprovacao_de_Artefatos_14133_SEI_1422714.md"
"MD_SEM_PDF","mestra\03_Modelos_e_Minutas\Modelos_MPPI_CLC\Modelos_SEI","","Despacho_PGJ_Liberacao_Adesao_MPAL_SEI.md","mestra\03_Modelos_e_Minutas\Modelos_MPPI_CLC\Modelos_SEI","0","C:\Users\thiagonogueira\OneDrive - mppi.mp.br\CLC\01_Processos_e_Aquisicoes\Base de Conhecimento - Thiago\03_Modelos_e_Minutas\Modelos_MPPI_CLC\Modelos_SEI\Despacho_PGJ_Liberacao_Adesao_MPAL_SEI.md"
"MD_SEM_PDF","mestra\03_Modelos_e_Minutas\Modelos_MPPI_CLC\Modelos_SEI","","SEI_1496852_Aprovacao_Artefatos_14133.md","mestra\03_Modelos_e_Minutas\Modelos_MPPI_CLC\Modelos_SEI","0","C:\Users\thiagonogueira\OneDrive - mppi.mp.br\CLC\01_Processos_e_Aquisicoes\Base de Conhecimento - Thiago\03_Modelos_e_Minutas\Modelos_MPPI_CLC\Modelos_SEI\SEI_1496852_Aprovacao_Artefatos_14133.md"
"MD_SEM_PDF","mestra\03_Modelos_e_Minutas\Modelos_SEAD_PI","","Cartilha de Mensagens Padronizadas para Agente de Contratacao (SEAD-PI).md","mestra\03_Modelos_e_Minutas\Modelos_SEAD_PI","0","C:\Users\thiagonogueira\OneDrive - mppi.mp.br\CLC\01_Processos_e_Aquisicoes\Base de Conhecimento - Thiago\03_Modelos_e_Minutas\Modelos_SEAD_PI\Cartilha de Mensagens Padronizadas para Agente de Contratacao (SEAD-PI).md"
"MD_SEM_PDF","mestra\04_Sistemas_e_Catalogos\Manuais_Sistemas_Oficiais","","Compras.gov.br - Tutorial de Publicacao de Dispensas COM Disputa no Novo DC.md","mestra\04_Sistemas_e_Catalogos\Manuais_Sistemas_Oficiais","0","C:\Users\thiagonogueira\OneDrive - mppi.mp.br\CLC\01_Processos_e_Aquisicoes\Base de Conhecimento - Thiago\04_Sistemas_e_Catalogos\Manuais_Sistemas_Oficiais\Compras.gov.br - Tutorial de Publicacao de Dispensas COM Disputa no Novo DC.md"
"MD_SEM_PDF","mestra\04_Sistemas_e_Catalogos\Manuais_Sistemas_Oficiais","","Compras.gov.br - Tutorial de Publicacao de Dispensas SEM Disputa e Inexigibilidades no Novo DC.md","mestra\04_Sistemas_e_Catalogos\Manuais_Sistemas_Oficiais","0","C:\Users\thiagonogueira\OneDrive - mppi.mp.br\CLC\01_Processos_e_Aquisicoes\Base de Conhecimento - Thiago\04_Sistemas_e_Catalogos\Manuais_Sistemas_Oficiais\Compras.gov.br - Tutorial de Publicacao de Dispensas SEM Disputa e Inexigibilidades no Novo DC.md"
"MD_SEM_PDF","mestra\04_Sistemas_e_Catalogos\Manuais_Sistemas_Oficiais","","Guia Essencial de Suprimento de Fundos MPPI.md","mestra\04_Sistemas_e_Catalogos\Manuais_Sistemas_Oficiais","0","C:\Users\thiagonogueira\OneDrive - mppi.mp.br\CLC\01_Processos_e_Aquisicoes\Base de Conhecimento - Thiago\04_Sistemas_e_Catalogos\Manuais_Sistemas_Oficiais\Guia Essencial de Suprimento de Fundos MPPI.md"
"MD_SEM_PDF","mestra\04_Sistemas_e_Catalogos\Manuais_Sistemas_Oficiais","","Manual de Suprimento de Fundos do MPPI 2025.md","mestra\04_Sistemas_e_Catalogos\Manuais_Sistemas_Oficiais","0","C:\Users\thiagonogueira\OneDrive - mppi.mp.br\CLC\01_Processos_e_Aquisicoes\Base de Conhecimento - Thiago\04_Sistemas_e_Catalogos\Manuais_Sistemas_Oficiais\Manual de Suprimento de Fundos do MPPI 2025.md"
"MD_SEM_PDF","mestra\04_Sistemas_e_Catalogos\Manuais_Sistemas_Oficiais","","TJMA - Checklist de Dispensa Eletronica na Lei 14.133.md","mestra\04_Sistemas_e_Catalogos\Manuais_Sistemas_Oficiais","0","C:\Users\thiagonogueira\OneDrive - mppi.mp.br\CLC\01_Processos_e_Aquisicoes\Base de Conhecimento - Thiago\04_Sistemas_e_Catalogos\Manuais_Sistemas_Oficiais\TJMA - Checklist de Dispensa Eletronica na Lei 14.133.md"
"MD_SEM_PDF","mestra\04_Sistemas_e_Catalogos\Manuais_Sistemas_Oficiais\Banco_de_Precos","","Banco de Precos - Passo a Passo Como Convidar Fornecedores e Anexar TR.md","mestra\04_Sistemas_e_Catalogos\Manuais_Sistemas_Oficiais\Banco_de_Precos","0","C:\Users\thiagonogueira\OneDrive - mppi.mp.br\CLC\01_Processos_e_Aquisicoes\Base de Conhecimento - Thiago\04_Sistemas_e_Catalogos\Manuais_Sistemas_Oficiais\Banco_de_Precos\Banco de Precos - Passo a Passo Como Convidar Fornecedores e Anexar TR.md"
"MD_SEM_PDF","mestra\04_Sistemas_e_Catalogos\Manuais_Sistemas_Oficiais\Banco_de_Precos","","Banco de Precos - Passo a Passo Cotacao Nova e Rapida Plus.md","mestra\04_Sistemas_e_Catalogos\Manuais_Sistemas_Oficiais\Banco_de_Precos","0","C:\Users\thiagonogueira\OneDrive - mppi.mp.br\CLC\01_Processos_e_Aquisicoes\Base de Conhecimento - Thiago\04_Sistemas_e_Catalogos\Manuais_Sistemas_Oficiais\Banco_de_Precos\Banco de Precos - Passo a Passo Cotacao Nova e Rapida Plus.md"
"MD_SEM_PDF","mestra\05_Doutrina_e_Biblioteca\Biblioteca_Manuais_e_Cursos","","Apostila Especializada - Curso de Contratacao Direta e Dispensa Eletronica com IA - Jamil Manasfi.md","mestra\05_Doutrina_e_Biblioteca\Biblioteca_Manuais_e_Cursos","0","C:\Users\thiagonogueira\OneDrive - mppi.mp.br\CLC\01_Processos_e_Aquisicoes\Base de Conhecimento - Thiago\05_Doutrina_e_Biblioteca\Biblioteca_Manuais_e_Cursos\Apostila Especializada - Curso de Contratacao Direta e Dispensa Eletronica com IA - Jamil Manasfi.md"
"MD_SEM_PDF","mestra\05_Doutrina_e_Biblioteca\Biblioteca_Manuais_e_Cursos","","Apostila Tecnica - Aspectos Gerais da Nova Lei de Licitacoes e Contratos 14133 - Jamil Manasfi.md","mestra\05_Doutrina_e_Biblioteca\Biblioteca_Manuais_e_Cursos","0","C:\Users\thiagonogueira\OneDrive - mppi.mp.br\CLC\01_Processos_e_Aquisicoes\Base de Conhecimento - Thiago\05_Doutrina_e_Biblioteca\Biblioteca_Manuais_e_Cursos\Apostila Tecnica - Aspectos Gerais da Nova Lei de Licitacoes e Contratos 14133 - Jamil Manasfi.md"
"MD_SEM_PDF","mestra\05_Doutrina_e_Biblioteca\Biblioteca_Manuais_e_Cursos","","Apostila_Capacitacao_Contratacoes_Modulo_01.md","mestra\05_Doutrina_e_Biblioteca\Biblioteca_Manuais_e_Cursos","0","C:\Users\thiagonogueira\OneDrive - mppi.mp.br\CLC\01_Processos_e_Aquisicoes\Base de Conhecimento - Thiago\05_Doutrina_e_Biblioteca\Biblioteca_Manuais_e_Cursos\Apostila_Capacitacao_Contratacoes_Modulo_01.md"
"MD_SEM_PDF","mestra\05_Doutrina_e_Biblioteca\Biblioteca_Manuais_e_Cursos","","Artigo Doutrinario - A Fase Recursal na Nova Lei de Licitacoes - Analise Comparativa.md","mestra\05_Doutrina_e_Biblioteca\Biblioteca_Manuais_e_Cursos","0","C:\Users\thiagonogueira\OneDrive - mppi.mp.br\CLC\01_Processos_e_Aquisicoes\Base de Conhecimento - Thiago\05_Doutrina_e_Biblioteca\Biblioteca_Manuais_e_Cursos\Artigo Doutrinario - A Fase Recursal na Nova Lei de Licitacoes - Analise Comparativa.md"
"MD_SEM_PDF","mestra\05_Doutrina_e_Biblioteca\Biblioteca_Manuais_e_Cursos","","Artigo Doutrinario - As Quatro Formatacoes da Dispensa por Valor na NLLC.md","mestra\05_Doutrina_e_Biblioteca\Biblioteca_Manuais_e_Cursos","0","C:\Users\thiagonogueira\OneDrive - mppi.mp.br\CLC\01_Processos_e_Aquisicoes\Base de Conhecimento - Thiago\05_Doutrina_e_Biblioteca\Biblioteca_Manuais_e_Cursos\Artigo Doutrinario - As Quatro Formatacoes da Dispensa por Valor na NLLC.md"
"MD_SEM_PDF","mestra\05_Doutrina_e_Biblioteca\Biblioteca_Manuais_e_Cursos","","Artigo Doutrinario - Como Formalizar a Prorrogacao da Vigencia de uma ARP.md","mestra\05_Doutrina_e_Biblioteca\Biblioteca_Manuais_e_Cursos","0","C:\Users\thiagonogueira\OneDrive - mppi.mp.br\CLC\01_Processos_e_Aquisicoes\Base de Conhecimento - Thiago\05_Doutrina_e_Biblioteca\Biblioteca_Manuais_e_Cursos\Artigo Doutrinario - Como Formalizar a Prorrogacao da Vigencia de uma ARP.md"
"MD_SEM_PDF","mestra\05_Doutrina_e_Biblioteca\Biblioteca_Manuais_e_Cursos","","Artigo Doutrinario - Existencia de Propostas Menores Impede Inexigibilidade por Notoria Especializacao.md","mestra\05_Doutrina_e_Biblioteca\Biblioteca_Manuais_e_Cursos","0","C:\Users\thiagonogueira\OneDrive - mppi.mp.br\CLC\01_Processos_e_Aquisicoes\Base de Conhecimento - Thiago\05_Doutrina_e_Biblioteca\Biblioteca_Manuais_e_Cursos\Artigo Doutrinario - Existencia de Propostas Menores Impede Inexigibilidade por Notoria Especializacao.md"
"MD_SEM_PDF","mestra\05_Doutrina_e_Biblioteca\Biblioteca_Manuais_e_Cursos","","Artigo Doutrinario - Impugnacoes Pedidos de Esclarecimento e Recursos nas Dispensas.md","mestra\05_Doutrina_e_Biblioteca\Biblioteca_Manuais_e_Cursos","0","C:\Users\thiagonogueira\OneDrive - mppi.mp.br\CLC\01_Processos_e_Aquisicoes\Base de Conhecimento - Thiago\05_Doutrina_e_Biblioteca\Biblioteca_Manuais_e_Cursos\Artigo Doutrinario - Impugnacoes Pedidos de Esclarecimento e Recursos nas Dispensas.md"
"MD_SEM_PDF","mestra\05_Doutrina_e_Biblioteca\Biblioteca_Manuais_e_Cursos","","Artigo Doutrinario - Leonardo Mota - Dispensa de Licitacao na Nova Lei de Licitacoes.md","mestra\05_Doutrina_e_Biblioteca\Biblioteca_Manuais_e_Cursos","0","C:\Users\thiagonogueira\OneDrive - mppi.mp.br\CLC\01_Processos_e_Aquisicoes\Base de Conhecimento - Thiago\05_Doutrina_e_Biblioteca\Biblioteca_Manuais_e_Cursos\Artigo Doutrinario - Leonardo Mota - Dispensa de Licitacao na Nova Lei de Licitacoes.md"
"MD_SEM_PDF","mestra\05_Doutrina_e_Biblioteca\Biblioteca_Manuais_e_Cursos","","Artigo Doutrinario - Pesquisa de Precos Concomitante a Selecao da Proposta na Dispensa Eletronica.md","mestra\05_Doutrina_e_Biblioteca\Biblioteca_Manuais_e_Cursos","0","C:\Users\thiagonogueira\OneDrive - mppi.mp.br\CLC\01_Processos_e_Aquisicoes\Base de Conhecimento - Thiago\05_Doutrina_e_Biblioteca\Biblioteca_Manuais_e_Cursos\Artigo Doutrinario - Pesquisa de Precos Concomitante a Selecao da Proposta na Dispensa Eletronica.md"
"MD_SEM_PDF","mestra\05_Doutrina_e_Biblioteca\Biblioteca_Manuais_e_Cursos","","Artigo Doutrinario - Sem Singularidade nao ha Inexigibilidade.md","mestra\05_Doutrina_e_Biblioteca\Biblioteca_Manuais_e_Cursos","0","C:\Users\thiagonogueira\OneDrive - mppi.mp.br\CLC\01_Processos_e_Aquisicoes\Base de Conhecimento - Thiago\05_Doutrina_e_Biblioteca\Biblioteca_Manuais_e_Cursos\Artigo Doutrinario - Sem Singularidade nao ha Inexigibilidade.md"
"MD_SEM_PDF","mestra\05_Doutrina_e_Biblioteca\Biblioteca_Manuais_e_Cursos","","Artigo Zenite - Descricao da Necessidade no ETP e Consequencias da Instrucao Deficiente.md","mestra\05_Doutrina_e_Biblioteca\Biblioteca_Manuais_e_Cursos","0","C:\Users\thiagonogueira\OneDrive - mppi.mp.br\CLC\01_Processos_e_Aquisicoes\Base de Conhecimento - Thiago\05_Doutrina_e_Biblioteca\Biblioteca_Manuais_e_Cursos\Artigo Zenite - Descricao da Necessidade no ETP e Consequencias da Instrucao Deficiente.md"
"MD_SEM_PDF","mestra\05_Doutrina_e_Biblioteca\Biblioteca_Manuais_e_Cursos","","Ato PGJ-MPAM 008.2024 - Procedimentos Administrativos de Contratacao de Bens e Servicos.md","mestra\05_Doutrina_e_Biblioteca\Biblioteca_Manuais_e_Cursos","0","C:\Users\thiagonogueira\OneDrive - mppi.mp.br\CLC\01_Processos_e_Aquisicoes\Base de Conhecimento - Thiago\05_Doutrina_e_Biblioteca\Biblioteca_Manuais_e_Cursos\Ato PGJ-MPAM 008.2024 - Procedimentos Administrativos de Contratacao de Bens e Servicos.md"
"MD_SEM_PDF","mestra\05_Doutrina_e_Biblioteca\Biblioteca_Manuais_e_Cursos","","Caderno de Curso ENAP - Nova Lei de Licitacoes - Planejamento e Governanca.md","mestra\05_Doutrina_e_Biblioteca\Biblioteca_Manuais_e_Cursos","0","C:\Users\thiagonogueira\OneDrive - mppi.mp.br\CLC\01_Processos_e_Aquisicoes\Base de Conhecimento - Thiago\05_Doutrina_e_Biblioteca\Biblioteca_Manuais_e_Cursos\Caderno de Curso ENAP - Nova Lei de Licitacoes - Planejamento e Governanca.md"
"MD_SEM_PDF","mestra\05_Doutrina_e_Biblioteca\Biblioteca_Manuais_e_Cursos","","Caderno de Logistica - Pesquisa de Precos nas Contratacoes Publicas - Governo Federal.md","mestra\05_Doutrina_e_Biblioteca\Biblioteca_Manuais_e_Cursos","0","C:\Users\thiagonogueira\OneDrive - mppi.mp.br\CLC\01_Processos_e_Aquisicoes\Base de Conhecimento - Thiago\05_Doutrina_e_Biblioteca\Biblioteca_Manuais_e_Cursos\Caderno de Logistica - Pesquisa de Precos nas Contratacoes Publicas - Governo Federal.md"
"MD_SEM_PDF","mestra\05_Doutrina_e_Biblioteca\Biblioteca_Manuais_e_Cursos","","Cartilha Zenite - 5 Erros que Voce Nao Pode Cometer com IA nas Contratacoes Publicas.md","mestra\05_Doutrina_e_Biblioteca\Biblioteca_Manuais_e_Cursos","0","C:\Users\thiagonogueira\OneDrive - mppi.mp.br\CLC\01_Processos_e_Aquisicoes\Base de Conhecimento - Thiago\05_Doutrina_e_Biblioteca\Biblioteca_Manuais_e_Cursos\Cartilha Zenite - 5 Erros que Voce Nao Pode Cometer com IA nas Contratacoes Publicas.md"
"MD_SEM_PDF","mestra\05_Doutrina_e_Biblioteca\Biblioteca_Manuais_e_Cursos","","Cartilha Zenite Facil - Dispensa Eletronica na Pratica.md","mestra\05_Doutrina_e_Biblioteca\Biblioteca_Manuais_e_Cursos","0","C:\Users\thiagonogueira\OneDrive - mppi.mp.br\CLC\01_Processos_e_Aquisicoes\Base de Conhecimento - Thiago\05_Doutrina_e_Biblioteca\Biblioteca_Manuais_e_Cursos\Cartilha Zenite Facil - Dispensa Eletronica na Pratica.md"
"MD_SEM_PDF","mestra\05_Doutrina_e_Biblioteca\Biblioteca_Manuais_e_Cursos","","Cartilha Zenite Facil - ETP Riscos e TR para Carona em Ata de Registro de Precos.md","mestra\05_Doutrina_e_Biblioteca\Biblioteca_Manuais_e_Cursos","0","C:\Users\thiagonogueira\OneDrive - mppi.mp.br\CLC\01_Processos_e_Aquisicoes\Base de Conhecimento - Thiago\05_Doutrina_e_Biblioteca\Biblioteca_Manuais_e_Cursos\Cartilha Zenite Facil - ETP Riscos e TR para Carona em Ata de Registro de Precos.md"
"MD_SEM_PDF","mestra\05_Doutrina_e_Biblioteca\Biblioteca_Manuais_e_Cursos","","Cartilha Zenite Facil - Prorrogacao de Vigencia da ARP e Renovacao de Quantitativos.md","mestra\05_Doutrina_e_Biblioteca\Biblioteca_Manuais_e_Cursos","0","C:\Users\thiagonogueira\OneDrive - mppi.mp.br\CLC\01_Processos_e_Aquisicoes\Base de Conhecimento - Thiago\05_Doutrina_e_Biblioteca\Biblioteca_Manuais_e_Cursos\Cartilha Zenite Facil - Prorrogacao de Vigencia da ARP e Renovacao de Quantitativos.md"
"MD_SEM_PDF","mestra\05_Doutrina_e_Biblioteca\Biblioteca_Manuais_e_Cursos","","Curso Pratico - Elaboracao de Termo de Referencia e Pesquisa de Precos - Parte 01.md","mestra\05_Doutrina_e_Biblioteca\Biblioteca_Manuais_e_Cursos","0","C:\Users\thiagonogueira\OneDrive - mppi.mp.br\CLC\01_Processos_e_Aquisicoes\Base de Conhecimento - Thiago\05_Doutrina_e_Biblioteca\Biblioteca_Manuais_e_Cursos\Curso Pratico - Elaboracao de Termo de Referencia e Pesquisa de Precos - Parte 01.md"
"MD_SEM_PDF","mestra\05_Doutrina_e_Biblioteca\Biblioteca_Manuais_e_Cursos","","Curso Pratico - Elaboracao de Termo de Referencia e Pesquisa de Precos - Parte 02.md","mestra\05_Doutrina_e_Biblioteca\Biblioteca_Manuais_e_Cursos","0","C:\Users\thiagonogueira\OneDrive - mppi.mp.br\CLC\01_Processos_e_Aquisicoes\Base de Conhecimento - Thiago\05_Doutrina_e_Biblioteca\Biblioteca_Manuais_e_Cursos\Curso Pratico - Elaboracao de Termo de Referencia e Pesquisa de Precos - Parte 02.md"
"MD_SEM_PDF","mestra\05_Doutrina_e_Biblioteca\Biblioteca_Manuais_e_Cursos","","Decreto Municipal PMT 24750.2023 - Procedimentos da Nova Lei de Licitacoes.md","mestra\05_Doutrina_e_Biblioteca\Biblioteca_Manuais_e_Cursos","0","C:\Users\thiagonogueira\OneDrive - mppi.mp.br\CLC\01_Processos_e_Aquisicoes\Base de Conhecimento - Thiago\05_Doutrina_e_Biblioteca\Biblioteca_Manuais_e_Cursos\Decreto Municipal PMT 24750.2023 - Procedimentos da Nova Lei de Licitacoes.md"
"MD_SEM_PDF","mestra\05_Doutrina_e_Biblioteca\Biblioteca_Manuais_e_Cursos","","Decreto Municipal PMT 25530.2024 - Regulamentacao da Contratacao Direta.md","mestra\05_Doutrina_e_Biblioteca\Biblioteca_Manuais_e_Cursos","0","C:\Users\thiagonogueira\OneDrive - mppi.mp.br\CLC\01_Processos_e_Aquisicoes\Base de Conhecimento - Thiago\05_Doutrina_e_Biblioteca\Biblioteca_Manuais_e_Cursos\Decreto Municipal PMT 25530.2024 - Regulamentacao da Contratacao Direta.md"
"MD_SEM_PDF","mestra\05_Doutrina_e_Biblioteca\Biblioteca_Manuais_e_Cursos","","Edital TCU 001.2024 - Licitacao Especial para Contratacao de Solucao Inovadora.md","mestra\05_Doutrina_e_Biblioteca\Biblioteca_Manuais_e_Cursos","0","C:\Users\thiagonogueira\OneDrive - mppi.mp.br\CLC\01_Processos_e_Aquisicoes\Base de Conhecimento - Thiago\05_Doutrina_e_Biblioteca\Biblioteca_Manuais_e_Cursos\Edital TCU 001.2024 - Licitacao Especial para Contratacao de Solucao Inovadora.md"
"MD_SEM_PDF","mestra\05_Doutrina_e_Biblioteca\Biblioteca_Manuais_e_Cursos","","Ementario CGU - Ementario Jurisprudencial e Consultivo de Aquisicoes Publicas 2026.md","mestra\05_Doutrina_e_Biblioteca\Biblioteca_Manuais_e_Cursos","0","C:\Users\thiagonogueira\OneDrive - mppi.mp.br\CLC\01_Processos_e_Aquisicoes\Base de Conhecimento - Thiago\05_Doutrina_e_Biblioteca\Biblioteca_Manuais_e_Cursos\Ementario CGU - Ementario Jurisprudencial e Consultivo de Aquisicoes Publicas 2026.md"
"MD_SEM_PDF","mestra\05_Doutrina_e_Biblioteca\Biblioteca_Manuais_e_Cursos","","Estudo IPEA - Desafios e Perspectivas das Compras Publicas no Brasil - Capitulo 03.md","mestra\05_Doutrina_e_Biblioteca\Biblioteca_Manuais_e_Cursos","0","C:\Users\thiagonogueira\OneDrive - mppi.mp.br\CLC\01_Processos_e_Aquisicoes\Base de Conhecimento - Thiago\05_Doutrina_e_Biblioteca\Biblioteca_Manuais_e_Cursos\Estudo IPEA - Desafios e Perspectivas das Compras Publicas no Brasil - Capitulo 03.md"
"MD_SEM_PDF","mestra\05_Doutrina_e_Biblioteca\Biblioteca_Manuais_e_Cursos","","Estudo Tecnico TCE-RS - Conclusoes da Comissao da Nova Lei de Licitacoes para Fiscalizacao.md","mestra\05_Doutrina_e_Biblioteca\Biblioteca_Manuais_e_Cursos","0","C:\Users\thiagonogueira\OneDrive - mppi.mp.br\CLC\01_Processos_e_Aquisicoes\Base de Conhecimento - Thiago\05_Doutrina_e_Biblioteca\Biblioteca_Manuais_e_Cursos\Estudo Tecnico TCE-RS - Conclusoes da Comissao da Nova Lei de Licitacoes para Fiscalizacao.md"
"MD_SEM_PDF","mestra\05_Doutrina_e_Biblioteca\Biblioteca_Manuais_e_Cursos","","Estudo Tematico - Participacao de Empresas em Recuperacao Judicial em Licitacoes Publicas.md","mestra\05_Doutrina_e_Biblioteca\Biblioteca_Manuais_e_Cursos","0","C:\Users\thiagonogueira\OneDrive - mppi.mp.br\CLC\01_Processos_e_Aquisicoes\Base de Conhecimento - Thiago\05_Doutrina_e_Biblioteca\Biblioteca_Manuais_e_Cursos\Estudo Tematico - Participacao de Empresas em Recuperacao Judicial em Licitacoes Publicas.md"
"MD_SEM_PDF","mestra\05_Doutrina_e_Biblioteca\Biblioteca_Manuais_e_Cursos","","Estudo Tematico TCE-MG - Terceirizacao na Administracao Publica - Levantamento Jurisprudencial.md","mestra\05_Doutrina_e_Biblioteca\Biblioteca_Manuais_e_Cursos","0","C:\Users\thiagonogueira\OneDrive - mppi.mp.br\CLC\01_Processos_e_Aquisicoes\Base de Conhecimento - Thiago\05_Doutrina_e_Biblioteca\Biblioteca_Manuais_e_Cursos\Estudo Tematico TCE-MG - Terceirizacao na Administracao Publica - Levantamento Jurisprudencial.md"
"MD_SEM_PDF","mestra\05_Doutrina_e_Biblioteca\Biblioteca_Manuais_e_Cursos","","Fluxograma Operacional - Atos para Aplicacao de Sancoes Contratuais.md","mestra\05_Doutrina_e_Biblioteca\Biblioteca_Manuais_e_Cursos","0","C:\Users\thiagonogueira\OneDrive - mppi.mp.br\CLC\01_Processos_e_Aquisicoes\Base de Conhecimento - Thiago\05_Doutrina_e_Biblioteca\Biblioteca_Manuais_e_Cursos\Fluxograma Operacional - Atos para Aplicacao de Sancoes Contratuais.md"
"MD_SEM_PDF","mestra\05_Doutrina_e_Biblioteca\Biblioteca_Manuais_e_Cursos","","Guia Conjunto MF-MGI - Inteligencia Artificial Generativa no Servico Publico.md","mestra\05_Doutrina_e_Biblioteca\Biblioteca_Manuais_e_Cursos","0","C:\Users\thiagonogueira\OneDrive - mppi.mp.br\CLC\01_Processos_e_Aquisicoes\Base de Conhecimento - Thiago\05_Doutrina_e_Biblioteca\Biblioteca_Manuais_e_Cursos\Guia Conjunto MF-MGI - Inteligencia Artificial Generativa no Servico Publico.md"
"MD_SEM_PDF","mestra\05_Doutrina_e_Biblioteca\Biblioteca_Manuais_e_Cursos","","Guia de Boas Praticas - Contratacoes Publicas de Servicos de Publicidade.md","mestra\05_Doutrina_e_Biblioteca\Biblioteca_Manuais_e_Cursos","0","C:\Users\thiagonogueira\OneDrive - mppi.mp.br\CLC\01_Processos_e_Aquisicoes\Base de Conhecimento - Thiago\05_Doutrina_e_Biblioteca\Biblioteca_Manuais_e_Cursos\Guia de Boas Praticas - Contratacoes Publicas de Servicos de Publicidade.md"
"MD_SEM_PDF","mestra\05_Doutrina_e_Biblioteca\Biblioteca_Manuais_e_Cursos","","Guia E-BOX 01 - Estudo Tecnico Preliminar para Aquisicoes e Servicos em Geral - Hamilton Bonatto.md","mestra\05_Doutrina_e_Biblioteca\Biblioteca_Manuais_e_Cursos","0","C:\Users\thiagonogueira\OneDrive - mppi.mp.br\CLC\01_Processos_e_Aquisicoes\Base de Conhecimento - Thiago\05_Doutrina_e_Biblioteca\Biblioteca_Manuais_e_Cursos\Guia E-BOX 01 - Estudo Tecnico Preliminar para Aquisicoes e Servicos em Geral - Hamilton Bonatto.md"
"MD_SEM_PDF","mestra\05_Doutrina_e_Biblioteca\Biblioteca_Manuais_e_Cursos","","Guia E-BOX 02 - Estudo Tecnico Preliminar para Obras e Servicos de Engenharia - Hamilton Bonatto.md","mestra\05_Doutrina_e_Biblioteca\Biblioteca_Manuais_e_Cursos","0","C:\Users\thiagonogueira\OneDrive - mppi.mp.br\CLC\01_Processos_e_Aquisicoes\Base de Conhecimento - Thiago\05_Doutrina_e_Biblioteca\Biblioteca_Manuais_e_Cursos\Guia E-BOX 02 - Estudo Tecnico Preliminar para Obras e Servicos de Engenharia - Hamilton Bonatto.md"
"MD_SEM_PDF","mestra\05_Doutrina_e_Biblioteca\Biblioteca_Manuais_e_Cursos","","Guia E-BOX 03 - Estudo Tecnico Preliminar para Solucoes de TIC - Hamilton Bonatto.md","mestra\05_Doutrina_e_Biblioteca\Biblioteca_Manuais_e_Cursos","0","C:\Users\thiagonogueira\OneDrive - mppi.mp.br\CLC\01_Processos_e_Aquisicoes\Base de Conhecimento - Thiago\05_Doutrina_e_Biblioteca\Biblioteca_Manuais_e_Cursos\Guia E-BOX 03 - Estudo Tecnico Preliminar para Solucoes de TIC - Hamilton Bonatto.md"
"MD_SEM_PDF","mestra\05_Doutrina_e_Biblioteca\Biblioteca_Manuais_e_Cursos","","Guia INOVAGOV-SC - Planejamento de Contratacoes de Inovacao no Setor Publico.md","mestra\05_Doutrina_e_Biblioteca\Biblioteca_Manuais_e_Cursos","0","C:\Users\thiagonogueira\OneDrive - mppi.mp.br\CLC\01_Processos_e_Aquisicoes\Base de Conhecimento - Thiago\05_Doutrina_e_Biblioteca\Biblioteca_Manuais_e_Cursos\Guia INOVAGOV-SC - Planejamento de Contratacoes de Inovacao no Setor Publico.md"
"MD_SEM_PDF","mestra\05_Doutrina_e_Biblioteca\Biblioteca_Manuais_e_Cursos","","Guia Pratico - Reembolso-Creche nos Contratos com Dedicacao Exclusiva de Mao de Obra.md","mestra\05_Doutrina_e_Biblioteca\Biblioteca_Manuais_e_Cursos","0","C:\Users\thiagonogueira\OneDrive - mppi.mp.br\CLC\01_Processos_e_Aquisicoes\Base de Conhecimento - Thiago\05_Doutrina_e_Biblioteca\Biblioteca_Manuais_e_Cursos\Guia Pratico - Reembolso-Creche nos Contratos com Dedicacao Exclusiva de Mao de Obra.md"
"MD_SEM_PDF","mestra\05_Doutrina_e_Biblioteca\Biblioteca_Manuais_e_Cursos","","Guia Pratico CGU - Contratacoes em Situacoes de Calamidade Publica - MP 1221.md","mestra\05_Doutrina_e_Biblioteca\Biblioteca_Manuais_e_Cursos","0","C:\Users\thiagonogueira\OneDrive - mppi.mp.br\CLC\01_Processos_e_Aquisicoes\Base de Conhecimento - Thiago\05_Doutrina_e_Biblioteca\Biblioteca_Manuais_e_Cursos\Guia Pratico CGU - Contratacoes em Situacoes de Calamidade Publica - MP 1221.md"
"MD_SEM_PDF","mestra\05_Doutrina_e_Biblioteca\Biblioteca_Manuais_e_Cursos","","Guia Pratico de Prompt e Pesquisa com IA para Servidores Publicos - Governo Digital.md","mestra\05_Doutrina_e_Biblioteca\Biblioteca_Manuais_e_Cursos","0","C:\Users\thiagonogueira\OneDrive - mppi.mp.br\CLC\01_Processos_e_Aquisicoes\Base de Conhecimento - Thiago\05_Doutrina_e_Biblioteca\Biblioteca_Manuais_e_Cursos\Guia Pratico de Prompt e Pesquisa com IA para Servidores Publicos - Governo Digital.md"
"MD_SEM_PDF","mestra\05_Doutrina_e_Biblioteca\Biblioteca_Manuais_e_Cursos","","Guia Pratico UFJF - Elaboracao de Estudo Tecnico Preliminar - ETP.md","mestra\05_Doutrina_e_Biblioteca\Biblioteca_Manuais_e_Cursos","0","C:\Users\thiagonogueira\OneDrive - mppi.mp.br\CLC\01_Processos_e_Aquisicoes\Base de Conhecimento - Thiago\05_Doutrina_e_Biblioteca\Biblioteca_Manuais_e_Cursos\Guia Pratico UFJF - Elaboracao de Estudo Tecnico Preliminar - ETP.md"
"MD_SEM_PDF","mestra\05_Doutrina_e_Biblioteca\Biblioteca_Manuais_e_Cursos","","Guia Referencial CGU - Identificacao Quantificacao e Mitigacao de Superfaturamento.md","mestra\05_Doutrina_e_Biblioteca\Biblioteca_Manuais_e_Cursos","0","C:\Users\thiagonogueira\OneDrive - mppi.mp.br\CLC\01_Processos_e_Aquisicoes\Base de Conhecimento - Thiago\05_Doutrina_e_Biblioteca\Biblioteca_Manuais_e_Cursos\Guia Referencial CGU - Identificacao Quantificacao e Mitigacao de Superfaturamento.md"
"MD_SEM_PDF","mestra\05_Doutrina_e_Biblioteca\Biblioteca_Manuais_e_Cursos","","Manual - Capitulo de Compras Governamentais no Brasil - Visao Geral e Fundamentos.md","mestra\05_Doutrina_e_Biblioteca\Biblioteca_Manuais_e_Cursos","0","C:\Users\thiagonogueira\OneDrive - mppi.mp.br\CLC\01_Processos_e_Aquisicoes\Base de Conhecimento - Thiago\05_Doutrina_e_Biblioteca\Biblioteca_Manuais_e_Cursos\Manual - Capitulo de Compras Governamentais no Brasil - Visao Geral e Fundamentos.md"
"MD_SEM_PDF","mestra\05_Doutrina_e_Biblioteca\Biblioteca_Manuais_e_Cursos","","Manual Consultivo - Perguntas e Respostas sobre Licitacoes e Contratos Administrativos.md","mestra\05_Doutrina_e_Biblioteca\Biblioteca_Manuais_e_Cursos","0","C:\Users\thiagonogueira\OneDrive - mppi.mp.br\CLC\01_Processos_e_Aquisicoes\Base de Conhecimento - Thiago\05_Doutrina_e_Biblioteca\Biblioteca_Manuais_e_Cursos\Manual Consultivo - Perguntas e Respostas sobre Licitacoes e Contratos Administrativos.md"
"MD_SEM_PDF","mestra\05_Doutrina_e_Biblioteca\Biblioteca_Manuais_e_Cursos","","Manual de Orientacao - Compras Publicas Baseadas na Relacao Custo-Beneficio.md","mestra\05_Doutrina_e_Biblioteca\Biblioteca_Manuais_e_Cursos","0","C:\Users\thiagonogueira\OneDrive - mppi.mp.br\CLC\01_Processos_e_Aquisicoes\Base de Conhecimento - Thiago\05_Doutrina_e_Biblioteca\Biblioteca_Manuais_e_Cursos\Manual de Orientacao - Compras Publicas Baseadas na Relacao Custo-Beneficio.md"
"MD_SEM_PDF","mestra\05_Doutrina_e_Biblioteca\Biblioteca_Manuais_e_Cursos","","Manual Doutrinario - Tipologia de Fraudes em Licitacoes e Mecanismos de Prevencao.md","mestra\05_Doutrina_e_Biblioteca\Biblioteca_Manuais_e_Cursos","0","C:\Users\thiagonogueira\OneDrive - mppi.mp.br\CLC\01_Processos_e_Aquisicoes\Base de Conhecimento - Thiago\05_Doutrina_e_Biblioteca\Biblioteca_Manuais_e_Cursos\Manual Doutrinario - Tipologia de Fraudes em Licitacoes e Mecanismos de Prevencao.md"
"MD_SEM_PDF","mestra\05_Doutrina_e_Biblioteca\Biblioteca_Manuais_e_Cursos","","Manual Institucional - Compras e Licitacoes - TRT 2a Regiao 2025-2027.md","mestra\05_Doutrina_e_Biblioteca\Biblioteca_Manuais_e_Cursos","0","C:\Users\thiagonogueira\OneDrive - mppi.mp.br\CLC\01_Processos_e_Aquisicoes\Base de Conhecimento - Thiago\05_Doutrina_e_Biblioteca\Biblioteca_Manuais_e_Cursos\Manual Institucional - Compras e Licitacoes - TRT 2a Regiao 2025-2027.md"
"MD_SEM_PDF","mestra\05_Doutrina_e_Biblioteca\Biblioteca_Manuais_e_Cursos","","Manual Metodologico - Inventario de Riscos e Controles nas Contratacoes Publicas.md","mestra\05_Doutrina_e_Biblioteca\Biblioteca_Manuais_e_Cursos","0","C:\Users\thiagonogueira\OneDrive - mppi.mp.br\CLC\01_Processos_e_Aquisicoes\Base de Conhecimento - Thiago\05_Doutrina_e_Biblioteca\Biblioteca_Manuais_e_Cursos\Manual Metodologico - Inventario de Riscos e Controles nas Contratacoes Publicas.md"
"MD_SEM_PDF","mestra\05_Doutrina_e_Biblioteca\Biblioteca_Manuais_e_Cursos","","Manual MGI - Modelo de Maturidade de Dados no Setor Publico.md","mestra\05_Doutrina_e_Biblioteca\Biblioteca_Manuais_e_Cursos","0","C:\Users\thiagonogueira\OneDrive - mppi.mp.br\CLC\01_Processos_e_Aquisicoes\Base de Conhecimento - Thiago\05_Doutrina_e_Biblioteca\Biblioteca_Manuais_e_Cursos\Manual MGI - Modelo de Maturidade de Dados no Setor Publico.md"
"MD_SEM_PDF","mestra\05_Doutrina_e_Biblioteca\Biblioteca_Manuais_e_Cursos","","Manual MPBA - Cadastro no Compras.gov para Dispensas e Inexigibilidades.md","mestra\05_Doutrina_e_Biblioteca\Biblioteca_Manuais_e_Cursos","0","C:\Users\thiagonogueira\OneDrive - mppi.mp.br\CLC\01_Processos_e_Aquisicoes\Base de Conhecimento - Thiago\05_Doutrina_e_Biblioteca\Biblioteca_Manuais_e_Cursos\Manual MPBA - Cadastro no Compras.gov para Dispensas e Inexigibilidades.md"
"MD_SEM_PDF","mestra\05_Doutrina_e_Biblioteca\Biblioteca_Manuais_e_Cursos","","Manual MPPI - Mapeamento e Melhoria de Processos de Trabalho.md","mestra\05_Doutrina_e_Biblioteca\Biblioteca_Manuais_e_Cursos","0","C:\Users\thiagonogueira\OneDrive - mppi.mp.br\CLC\01_Processos_e_Aquisicoes\Base de Conhecimento - Thiago\05_Doutrina_e_Biblioteca\Biblioteca_Manuais_e_Cursos\Manual MPPI - Mapeamento e Melhoria de Processos de Trabalho.md"
"MD_SEM_PDF","mestra\05_Doutrina_e_Biblioteca\Biblioteca_Manuais_e_Cursos","","Manual Operacional - Contratos.gov.br - Perfil Fornecedor.md","mestra\05_Doutrina_e_Biblioteca\Biblioteca_Manuais_e_Cursos","0","C:\Users\thiagonogueira\OneDrive - mppi.mp.br\CLC\01_Processos_e_Aquisicoes\Base de Conhecimento - Thiago\05_Doutrina_e_Biblioteca\Biblioteca_Manuais_e_Cursos\Manual Operacional - Contratos.gov.br - Perfil Fornecedor.md"
"MD_SEM_PDF","mestra\05_Doutrina_e_Biblioteca\Biblioteca_Manuais_e_Cursos","","Manual Operacional - Dispensa Eletronica no Compras.gov.br - Visao Governo.md","mestra\05_Doutrina_e_Biblioteca\Biblioteca_Manuais_e_Cursos","0","C:\Users\thiagonogueira\OneDrive - mppi.mp.br\CLC\01_Processos_e_Aquisicoes\Base de Conhecimento - Thiago\05_Doutrina_e_Biblioteca\Biblioteca_Manuais_e_Cursos\Manual Operacional - Dispensa Eletronica no Compras.gov.br - Visao Governo.md"
"MD_SEM_PDF","mestra\05_Doutrina_e_Biblioteca\Biblioteca_Manuais_e_Cursos","","Manual Operacional - Gestao e Fiscalizacao Contratual no Sistema Contratos.gov.br.md","mestra\05_Doutrina_e_Biblioteca\Biblioteca_Manuais_e_Cursos","0","C:\Users\thiagonogueira\OneDrive - mppi.mp.br\CLC\01_Processos_e_Aquisicoes\Base de Conhecimento - Thiago\05_Doutrina_e_Biblioteca\Biblioteca_Manuais_e_Cursos\Manual Operacional - Gestao e Fiscalizacao Contratual no Sistema Contratos.gov.br.md"
"MD_SEM_PDF","mestra\05_Doutrina_e_Biblioteca\Biblioteca_Manuais_e_Cursos","","Manual Operacional TCE-PI - Sistema Licitacoes Web - Orientacoes aos Jurisdicionados.md","mestra\05_Doutrina_e_Biblioteca\Biblioteca_Manuais_e_Cursos","0","C:\Users\thiagonogueira\OneDrive - mppi.mp.br\CLC\01_Processos_e_Aquisicoes\Base de Conhecimento - Thiago\05_Doutrina_e_Biblioteca\Biblioteca_Manuais_e_Cursos\Manual Operacional TCE-PI - Sistema Licitacoes Web - Orientacoes aos Jurisdicionados.md"
"MD_SEM_PDF","mestra\05_Doutrina_e_Biblioteca\Biblioteca_Manuais_e_Cursos","","Manual TCE-SC - Perguntas e Respostas sobre Licitacoes e Contratos Administrativos.md","mestra\05_Doutrina_e_Biblioteca\Biblioteca_Manuais_e_Cursos","0","C:\Users\thiagonogueira\OneDrive - mppi.mp.br\CLC\01_Processos_e_Aquisicoes\Base de Conhecimento - Thiago\05_Doutrina_e_Biblioteca\Biblioteca_Manuais_e_Cursos\Manual TCE-SC - Perguntas e Respostas sobre Licitacoes e Contratos Administrativos.md"
"MD_SEM_PDF","mestra\05_Doutrina_e_Biblioteca\Biblioteca_Manuais_e_Cursos","","Manual Tecnico - APIs de Consulta ao Portal Nacional de Contratacoes Publicas - PNCP.md","mestra\05_Doutrina_e_Biblioteca\Biblioteca_Manuais_e_Cursos","0","C:\Users\thiagonogueira\OneDrive - mppi.mp.br\CLC\01_Processos_e_Aquisicoes\Base de Conhecimento - Thiago\05_Doutrina_e_Biblioteca\Biblioteca_Manuais_e_Cursos\Manual Tecnico - APIs de Consulta ao Portal Nacional de Contratacoes Publicas - PNCP.md"
"MD_SEM_PDF","mestra\05_Doutrina_e_Biblioteca\Biblioteca_Manuais_e_Cursos","","Monografia Tecnica - ETP - O Dilema entre Necessidade e Solucao nas Contratacoes Publicas.md","mestra\05_Doutrina_e_Biblioteca\Biblioteca_Manuais_e_Cursos","0","C:\Users\thiagonogueira\OneDrive - mppi.mp.br\CLC\01_Processos_e_Aquisicoes\Base de Conhecimento - Thiago\05_Doutrina_e_Biblioteca\Biblioteca_Manuais_e_Cursos\Monografia Tecnica - ETP - O Dilema entre Necessidade e Solucao nas Contratacoes Publicas.md"
"MD_SEM_PDF","mestra\05_Doutrina_e_Biblioteca\Biblioteca_Manuais_e_Cursos","","Norma Internacional ISSAI 100 - Principios Fundamentais de Auditoria do Setor Publico.md","mestra\05_Doutrina_e_Biblioteca\Biblioteca_Manuais_e_Cursos","0","C:\Users\thiagonogueira\OneDrive - mppi.mp.br\CLC\01_Processos_e_Aquisicoes\Base de Conhecimento - Thiago\05_Doutrina_e_Biblioteca\Biblioteca_Manuais_e_Cursos\Norma Internacional ISSAI 100 - Principios Fundamentais de Auditoria do Setor Publico.md"
"MD_SEM_PDF","mestra\05_Doutrina_e_Biblioteca\Biblioteca_Manuais_e_Cursos","","Nota Tecnica 05.2024 - Procedimentos e Fluxo da Dispensa Eletronica.md","mestra\05_Doutrina_e_Biblioteca\Biblioteca_Manuais_e_Cursos","0","C:\Users\thiagonogueira\OneDrive - mppi.mp.br\CLC\01_Processos_e_Aquisicoes\Base de Conhecimento - Thiago\05_Doutrina_e_Biblioteca\Biblioteca_Manuais_e_Cursos\Nota Tecnica 05.2024 - Procedimentos e Fluxo da Dispensa Eletronica.md"
"MD_SEM_PDF","mestra\05_Doutrina_e_Biblioteca\Biblioteca_Manuais_e_Cursos","","Nota Tecnica 18.2026 - Alimentacao Artificial de Praias - Aspectos Tecnicos e Juridicos.md","mestra\05_Doutrina_e_Biblioteca\Biblioteca_Manuais_e_Cursos","0","C:\Users\thiagonogueira\OneDrive - mppi.mp.br\CLC\01_Processos_e_Aquisicoes\Base de Conhecimento - Thiago\05_Doutrina_e_Biblioteca\Biblioteca_Manuais_e_Cursos\Nota Tecnica 18.2026 - Alimentacao Artificial de Praias - Aspectos Tecnicos e Juridicos.md"
"MD_SEM_PDF","mestra\05_Doutrina_e_Biblioteca\Biblioteca_Manuais_e_Cursos","","Nota Tecnica Conjunta ATRICON-IRB 01.2026 - Diretrizes para Controle e Transparencia.md","mestra\05_Doutrina_e_Biblioteca\Biblioteca_Manuais_e_Cursos","0","C:\Users\thiagonogueira\OneDrive - mppi.mp.br\CLC\01_Processos_e_Aquisicoes\Base de Conhecimento - Thiago\05_Doutrina_e_Biblioteca\Biblioteca_Manuais_e_Cursos\Nota Tecnica Conjunta ATRICON-IRB 01.2026 - Diretrizes para Controle e Transparencia.md"
"MD_SEM_PDF","mestra\05_Doutrina_e_Biblioteca\Biblioteca_Manuais_e_Cursos","","Nota Tecnica TCE-SC 19.2026 - Controle de Precos e Fracionamento em Contratacoes Diretas.md","mestra\05_Doutrina_e_Biblioteca\Biblioteca_Manuais_e_Cursos","0","C:\Users\thiagonogueira\OneDrive - mppi.mp.br\CLC\01_Processos_e_Aquisicoes\Base de Conhecimento - Thiago\05_Doutrina_e_Biblioteca\Biblioteca_Manuais_e_Cursos\Nota Tecnica TCE-SC 19.2026 - Controle de Precos e Fracionamento em Contratacoes Diretas.md"
"MD_SEM_PDF","mestra\05_Doutrina_e_Biblioteca\Biblioteca_Manuais_e_Cursos","","Orientacao Tecnica - Reequilibrio Economico-Financeiro Contratual.md","mestra\05_Doutrina_e_Biblioteca\Biblioteca_Manuais_e_Cursos","0","C:\Users\thiagonogueira\OneDrive - mppi.mp.br\CLC\01_Processos_e_Aquisicoes\Base de Conhecimento - Thiago\05_Doutrina_e_Biblioteca\Biblioteca_Manuais_e_Cursos\Orientacao Tecnica - Reequilibrio Economico-Financeiro Contratual.md"
"MD_SEM_PDF","mestra\05_Doutrina_e_Biblioteca\Biblioteca_Manuais_e_Cursos","","Orientacao Zenite - Dispensa de Divulgacao de Aviso nas Dispensas por Valor.md","mestra\05_Doutrina_e_Biblioteca\Biblioteca_Manuais_e_Cursos","0","C:\Users\thiagonogueira\OneDrive - mppi.mp.br\CLC\01_Processos_e_Aquisicoes\Base de Conhecimento - Thiago\05_Doutrina_e_Biblioteca\Biblioteca_Manuais_e_Cursos\Orientacao Zenite - Dispensa de Divulgacao de Aviso nas Dispensas por Valor.md"
"MD_SEM_PDF","mestra\05_Doutrina_e_Biblioteca\Biblioteca_Manuais_e_Cursos","","Palestra Tecnica - Aplicacoes e Limitacoes de Inteligencia Artificial no Controle Externo.md","mestra\05_Doutrina_e_Biblioteca\Biblioteca_Manuais_e_Cursos","0","C:\Users\thiagonogueira\OneDrive - mppi.mp.br\CLC\01_Processos_e_Aquisicoes\Base de Conhecimento - Thiago\05_Doutrina_e_Biblioteca\Biblioteca_Manuais_e_Cursos\Palestra Tecnica - Aplicacoes e Limitacoes de Inteligencia Artificial no Controle Externo.md"
"MD_SEM_PDF","mestra\05_Doutrina_e_Biblioteca\Biblioteca_Manuais_e_Cursos","","Parecer AGU 00002.2022-CPLC - Dosimetria e Aplicacao de Penalidades Contratuais.md","mestra\05_Doutrina_e_Biblioteca\Biblioteca_Manuais_e_Cursos","0","C:\Users\thiagonogueira\OneDrive - mppi.mp.br\CLC\01_Processos_e_Aquisicoes\Base de Conhecimento - Thiago\05_Doutrina_e_Biblioteca\Biblioteca_Manuais_e_Cursos\Parecer AGU 00002.2022-CPLC - Dosimetria e Aplicacao de Penalidades Contratuais.md"
"MD_SEM_PDF","mestra\05_Doutrina_e_Biblioteca\Biblioteca_Manuais_e_Cursos","","Parecer AGU 00002.2025-CNLCA - Juntada de Documentos Apos Habilitacao e Diligencias Sanadoras.md","mestra\05_Doutrina_e_Biblioteca\Biblioteca_Manuais_e_Cursos","0","C:\Users\thiagonogueira\OneDrive - mppi.mp.br\CLC\01_Processos_e_Aquisicoes\Base de Conhecimento - Thiago\05_Doutrina_e_Biblioteca\Biblioteca_Manuais_e_Cursos\Parecer AGU 00002.2025-CNLCA - Juntada de Documentos Apos Habilitacao e Diligencias Sanadoras.md"
"MD_SEM_PDF","mestra\05_Doutrina_e_Biblioteca\Biblioteca_Manuais_e_Cursos","","Parecer AGU 00002.2026-CNCIC - Acordo de Cooperacao Tecnica com Entidades Privadas Lucrativas.md","mestra\05_Doutrina_e_Biblioteca\Biblioteca_Manuais_e_Cursos","0","C:\Users\thiagonogueira\OneDrive - mppi.mp.br\CLC\01_Processos_e_Aquisicoes\Base de Conhecimento - Thiago\05_Doutrina_e_Biblioteca\Biblioteca_Manuais_e_Cursos\Parecer AGU 00002.2026-CNCIC - Acordo de Cooperacao Tecnica com Entidades Privadas Lucrativas.md"
"MD_SEM_PDF","mestra\05_Doutrina_e_Biblioteca\Biblioteca_Manuais_e_Cursos","","Parecer AGU 00003.2025-GAB-CGU - Atuacao do Orgao Consultivo e Segregacao de Funcoes.md","mestra\05_Doutrina_e_Biblioteca\Biblioteca_Manuais_e_Cursos","0","C:\Users\thiagonogueira\OneDrive - mppi.mp.br\CLC\01_Processos_e_Aquisicoes\Base de Conhecimento - Thiago\05_Doutrina_e_Biblioteca\Biblioteca_Manuais_e_Cursos\Parecer AGU 00003.2025-GAB-CGU - Atuacao do Orgao Consultivo e Segregacao de Funcoes.md"
"MD_SEM_PDF","mestra\05_Doutrina_e_Biblioteca\Biblioteca_Manuais_e_Cursos","","Parecer AGU 00003.2026-CONUNI - Uniformizacao sobre Modalidades e Criterios de Julgamento.md","mestra\05_Doutrina_e_Biblioteca\Biblioteca_Manuais_e_Cursos","0","C:\Users\thiagonogueira\OneDrive - mppi.mp.br\CLC\01_Processos_e_Aquisicoes\Base de Conhecimento - Thiago\05_Doutrina_e_Biblioteca\Biblioteca_Manuais_e_Cursos\Parecer AGU 00003.2026-CONUNI - Uniformizacao sobre Modalidades e Criterios de Julgamento.md"
"MD_SEM_PDF","mestra\05_Doutrina_e_Biblioteca\Biblioteca_Manuais_e_Cursos","","Parecer AGU 00004.2025-CNLCA - Reajuste e Repactuacao Contratual na Lei 14133.md","mestra\05_Doutrina_e_Biblioteca\Biblioteca_Manuais_e_Cursos","0","C:\Users\thiagonogueira\OneDrive - mppi.mp.br\CLC\01_Processos_e_Aquisicoes\Base de Conhecimento - Thiago\05_Doutrina_e_Biblioteca\Biblioteca_Manuais_e_Cursos\Parecer AGU 00004.2025-CNLCA - Reajuste e Repactuacao Contratual na Lei 14133.md"
"MD_SEM_PDF","mestra\05_Doutrina_e_Biblioteca\Biblioteca_Manuais_e_Cursos","","Parecer AGU 00005.2025-CNLCA - Prorrogacao de Vigencia Contratual e ON 65 em Contratacoes Diretas.md","mestra\05_Doutrina_e_Biblioteca\Biblioteca_Manuais_e_Cursos","0","C:\Users\thiagonogueira\OneDrive - mppi.mp.br\CLC\01_Processos_e_Aquisicoes\Base de Conhecimento - Thiago\05_Doutrina_e_Biblioteca\Biblioteca_Manuais_e_Cursos\Parecer AGU 00005.2025-CNLCA - Prorrogacao de Vigencia Contratual e ON 65 em Contratacoes Diretas.md"
"MD_SEM_PDF","mestra\05_Doutrina_e_Biblioteca\Biblioteca_Manuais_e_Cursos","","Parecer AGU 00005.2025-DECOR - Prorrogacao de Vigencia em Contratos Continuados e ON 65.md","mestra\05_Doutrina_e_Biblioteca\Biblioteca_Manuais_e_Cursos","0","C:\Users\thiagonogueira\OneDrive - mppi.mp.br\CLC\01_Processos_e_Aquisicoes\Base de Conhecimento - Thiago\05_Doutrina_e_Biblioteca\Biblioteca_Manuais_e_Cursos\Parecer AGU 00005.2025-DECOR - Prorrogacao de Vigencia em Contratos Continuados e ON 65.md"
"MD_SEM_PDF","mestra\05_Doutrina_e_Biblioteca\Biblioteca_Manuais_e_Cursos","","Parecer AGU 00006.2025-CNLCA - Participacao de Cooperativas e ME-EPP em Licitacoes.md","mestra\05_Doutrina_e_Biblioteca\Biblioteca_Manuais_e_Cursos","0","C:\Users\thiagonogueira\OneDrive - mppi.mp.br\CLC\01_Processos_e_Aquisicoes\Base de Conhecimento - Thiago\05_Doutrina_e_Biblioteca\Biblioteca_Manuais_e_Cursos\Parecer AGU 00006.2025-CNLCA - Participacao de Cooperativas e ME-EPP em Licitacoes.md"
"MD_SEM_PDF","mestra\05_Doutrina_e_Biblioteca\Biblioteca_Manuais_e_Cursos","","Parecer AGU 00006.2025-GAB-DECOR - Analise de Riscos e Matriz de Riscos Contratuais.md","mestra\05_Doutrina_e_Biblioteca\Biblioteca_Manuais_e_Cursos","0","C:\Users\thiagonogueira\OneDrive - mppi.mp.br\CLC\01_Processos_e_Aquisicoes\Base de Conhecimento - Thiago\05_Doutrina_e_Biblioteca\Biblioteca_Manuais_e_Cursos\Parecer AGU 00006.2025-GAB-DECOR - Analise de Riscos e Matriz de Riscos Contratuais.md"
"MD_SEM_PDF","mestra\05_Doutrina_e_Biblioteca\Biblioteca_Manuais_e_Cursos","","Parecer AGU 00015.2024-CNLCA - Dispensa Manutencao de Veiculos Automotores Art 75 Par 7.md","mestra\05_Doutrina_e_Biblioteca\Biblioteca_Manuais_e_Cursos","0","C:\Users\thiagonogueira\OneDrive - mppi.mp.br\CLC\01_Processos_e_Aquisicoes\Base de Conhecimento - Thiago\05_Doutrina_e_Biblioteca\Biblioteca_Manuais_e_Cursos\Parecer AGU 00015.2024-CNLCA - Dispensa Manutencao de Veiculos Automotores Art 75 Par 7.md"
"MD_SEM_PDF","mestra\05_Doutrina_e_Biblioteca\Biblioteca_Manuais_e_Cursos","","Parecer AGU 00017.2024-CNLCA - Exigencias e Indices de Habilitacao Economico-Financeira.md","mestra\05_Doutrina_e_Biblioteca\Biblioteca_Manuais_e_Cursos","0","C:\Users\thiagonogueira\OneDrive - mppi.mp.br\CLC\01_Processos_e_Aquisicoes\Base de Conhecimento - Thiago\05_Doutrina_e_Biblioteca\Biblioteca_Manuais_e_Cursos\Parecer AGU 00017.2024-CNLCA - Exigencias e Indices de Habilitacao Economico-Financeira.md"
"MD_SEM_PDF","mestra\05_Doutrina_e_Biblioteca\Biblioteca_Manuais_e_Cursos","","Parecer AGU 00019.2024-CNLCA - Criterios para Exigencia de Atestados de Capacidade Tecnica.md","mestra\05_Doutrina_e_Biblioteca\Biblioteca_Manuais_e_Cursos","0","C:\Users\thiagonogueira\OneDrive - mppi.mp.br\CLC\01_Processos_e_Aquisicoes\Base de Conhecimento - Thiago\05_Doutrina_e_Biblioteca\Biblioteca_Manuais_e_Cursos\Parecer AGU 00019.2024-CNLCA - Criterios para Exigencia de Atestados de Capacidade Tecnica.md"
"MD_SEM_PDF","mestra\05_Doutrina_e_Biblioteca\Biblioteca_Manuais_e_Cursos","","Parecer AGU 00019.2025-DECOR - Fracionamento de Despesa e Limites do Art 75.md","mestra\05_Doutrina_e_Biblioteca\Biblioteca_Manuais_e_Cursos","0","C:\Users\thiagonogueira\OneDrive - mppi.mp.br\CLC\01_Processos_e_Aquisicoes\Base de Conhecimento - Thiago\05_Doutrina_e_Biblioteca\Biblioteca_Manuais_e_Cursos\Parecer AGU 00019.2025-DECOR - Fracionamento de Despesa e Limites do Art 75.md"
"MD_SEM_PDF","mestra\05_Doutrina_e_Biblioteca\Biblioteca_Manuais_e_Cursos","","Parecer AGU 00023.2025-CGAQ - Parecer Padronizado em Contratacoes Diretas.md","mestra\05_Doutrina_e_Biblioteca\Biblioteca_Manuais_e_Cursos","0","C:\Users\thiagonogueira\OneDrive - mppi.mp.br\CLC\01_Processos_e_Aquisicoes\Base de Conhecimento - Thiago\05_Doutrina_e_Biblioteca\Biblioteca_Manuais_e_Cursos\Parecer AGU 00023.2025-CGAQ - Parecer Padronizado em Contratacoes Diretas.md"
"MD_SEM_PDF","mestra\05_Doutrina_e_Biblioteca\Biblioteca_Manuais_e_Cursos","","Parecer AGU 00060.2024-DECOR - Orientacao Normativa e Uniformizacao em Licitacoes e Contratos.md","mestra\05_Doutrina_e_Biblioteca\Biblioteca_Manuais_e_Cursos","0","C:\Users\thiagonogueira\OneDrive - mppi.mp.br\CLC\01_Processos_e_Aquisicoes\Base de Conhecimento - Thiago\05_Doutrina_e_Biblioteca\Biblioteca_Manuais_e_Cursos\Parecer AGU 00060.2024-DECOR - Orientacao Normativa e Uniformizacao em Licitacoes e Contratos.md"
"MD_SEM_PDF","mestra\05_Doutrina_e_Biblioteca\Biblioteca_Manuais_e_Cursos","","Parecer AGU 00196.2024-CJU-SCOM - Aquisicao de Bens e Servicos Comuns com Criterio Menor Preco.md","mestra\05_Doutrina_e_Biblioteca\Biblioteca_Manuais_e_Cursos","0","C:\Users\thiagonogueira\OneDrive - mppi.mp.br\CLC\01_Processos_e_Aquisicoes\Base de Conhecimento - Thiago\05_Doutrina_e_Biblioteca\Biblioteca_Manuais_e_Cursos\Parecer AGU 00196.2024-CJU-SCOM - Aquisicao de Bens e Servicos Comuns com Criterio Menor Preco.md"
"MD_SEM_PDF","mestra\05_Doutrina_e_Biblioteca\Biblioteca_Manuais_e_Cursos","","Parecer AGU 00261.2024-CJU-SCOM - Adesao a Ata de Registro de Precos Carona e Requisitos.md","mestra\05_Doutrina_e_Biblioteca\Biblioteca_Manuais_e_Cursos","0","C:\Users\thiagonogueira\OneDrive - mppi.mp.br\CLC\01_Processos_e_Aquisicoes\Base de Conhecimento - Thiago\05_Doutrina_e_Biblioteca\Biblioteca_Manuais_e_Cursos\Parecer AGU 00261.2024-CJU-SCOM - Adesao a Ata de Registro de Precos Carona e Requisitos.md"
"MD_SEM_PDF","mestra\05_Doutrina_e_Biblioteca\Biblioteca_Manuais_e_Cursos","","Parecer AGU 00453.2024 - Renovacao de Quantitativos na Prorrogacao de ARP.md","mestra\05_Doutrina_e_Biblioteca\Biblioteca_Manuais_e_Cursos","0","C:\Users\thiagonogueira\OneDrive - mppi.mp.br\CLC\01_Processos_e_Aquisicoes\Base de Conhecimento - Thiago\05_Doutrina_e_Biblioteca\Biblioteca_Manuais_e_Cursos\Parecer AGU 00453.2024 - Renovacao de Quantitativos na Prorrogacao de ARP.md"
"MD_SEM_PDF","mestra\05_Doutrina_e_Biblioteca\Biblioteca_Manuais_e_Cursos","","Parecer AGU 00860.2023-CJU-SCOM - Contratacao por Inexigibilidade de Notoria Especializacao.md","mestra\05_Doutrina_e_Biblioteca\Biblioteca_Manuais_e_Cursos","0","C:\Users\thiagonogueira\OneDrive - mppi.mp.br\CLC\01_Processos_e_Aquisicoes\Base de Conhecimento - Thiago\05_Doutrina_e_Biblioteca\Biblioteca_Manuais_e_Cursos\Parecer AGU 00860.2023-CJU-SCOM - Contratacao por Inexigibilidade de Notoria Especializacao.md"
"MD_SEM_PDF","mestra\05_Doutrina_e_Biblioteca\Biblioteca_Manuais_e_Cursos","","Parecer AGU 00880.2023-CJU-SCOM - Locacao de Imovel por Inexigibilidade de Licitacao.md","mestra\05_Doutrina_e_Biblioteca\Biblioteca_Manuais_e_Cursos","0","C:\Users\thiagonogueira\OneDrive - mppi.mp.br\CLC\01_Processos_e_Aquisicoes\Base de Conhecimento - Thiago\05_Doutrina_e_Biblioteca\Biblioteca_Manuais_e_Cursos\Parecer AGU 00880.2023-CJU-SCOM - Locacao de Imovel por Inexigibilidade de Licitacao.md"
"MD_SEM_PDF","mestra\05_Doutrina_e_Biblioteca\Biblioteca_Manuais_e_Cursos","","Parecer PGM 463.2024 - Instrucao e Conformidade da Contratacao Direta por Dispensa.md","mestra\05_Doutrina_e_Biblioteca\Biblioteca_Manuais_e_Cursos","0","C:\Users\thiagonogueira\OneDrive - mppi.mp.br\CLC\01_Processos_e_Aquisicoes\Base de Conhecimento - Thiago\05_Doutrina_e_Biblioteca\Biblioteca_Manuais_e_Cursos\Parecer PGM 463.2024 - Instrucao e Conformidade da Contratacao Direta por Dispensa.md"
"MD_SEM_PDF","mestra\05_Doutrina_e_Biblioteca\Biblioteca_Manuais_e_Cursos","","Portaria SEGES-ME 8678.2021 - Governanca das Contratacoes Publicas Federais.md","mestra\05_Doutrina_e_Biblioteca\Biblioteca_Manuais_e_Cursos","0","C:\Users\thiagonogueira\OneDrive - mppi.mp.br\CLC\01_Processos_e_Aquisicoes\Base de Conhecimento - Thiago\05_Doutrina_e_Biblioteca\Biblioteca_Manuais_e_Cursos\Portaria SEGES-ME 8678.2021 - Governanca das Contratacoes Publicas Federais.md"
"MD_SEM_PDF","mestra\05_Doutrina_e_Biblioteca\Biblioteca_Manuais_e_Cursos","","Publicacao PGE-PI - Lista de Contratacoes de Pequeno Valor no DOE.md","mestra\05_Doutrina_e_Biblioteca\Biblioteca_Manuais_e_Cursos","0","C:\Users\thiagonogueira\OneDrive - mppi.mp.br\CLC\01_Processos_e_Aquisicoes\Base de Conhecimento - Thiago\05_Doutrina_e_Biblioteca\Biblioteca_Manuais_e_Cursos\Publicacao PGE-PI - Lista de Contratacoes de Pequeno Valor no DOE.md"
"MD_SEM_PDF","mestra\05_Doutrina_e_Biblioteca\Biblioteca_Manuais_e_Cursos","","Referencial de Riscos e Controles em Licitacoes e Contratos - TCE-SC.md","mestra\05_Doutrina_e_Biblioteca\Biblioteca_Manuais_e_Cursos","0","C:\Users\thiagonogueira\OneDrive - mppi.mp.br\CLC\01_Processos_e_Aquisicoes\Base de Conhecimento - Thiago\05_Doutrina_e_Biblioteca\Biblioteca_Manuais_e_Cursos\Referencial de Riscos e Controles em Licitacoes e Contratos - TCE-SC.md"
"MD_SEM_PDF","mestra\05_Doutrina_e_Biblioteca\Biblioteca_Manuais_e_Cursos","","Relatorio de Avaliacao CGU - Impacto do Orcamento Sigiloso e dos Modos de Disputa.md","mestra\05_Doutrina_e_Biblioteca\Biblioteca_Manuais_e_Cursos","0","C:\Users\thiagonogueira\OneDrive - mppi.mp.br\CLC\01_Processos_e_Aquisicoes\Base de Conhecimento - Thiago\05_Doutrina_e_Biblioteca\Biblioteca_Manuais_e_Cursos\Relatorio de Avaliacao CGU - Impacto do Orcamento Sigiloso e dos Modos de Disputa.md"
"MD_SEM_PDF","mestra\05_Doutrina_e_Biblioteca\Biblioteca_Manuais_e_Cursos","","Relatorio IPEA-Mazzucato - Desenhando Compras Publicas e Infraestrutura no Brasil.md","mestra\05_Doutrina_e_Biblioteca\Biblioteca_Manuais_e_Cursos","0","C:\Users\thiagonogueira\OneDrive - mppi.mp.br\CLC\01_Processos_e_Aquisicoes\Base de Conhecimento - Thiago\05_Doutrina_e_Biblioteca\Biblioteca_Manuais_e_Cursos\Relatorio IPEA-Mazzucato - Desenhando Compras Publicas e Infraestrutura no Brasil.md"
"MD_SEM_PDF","mestra\05_Doutrina_e_Biblioteca\Biblioteca_Manuais_e_Cursos","","Roteiro_Pedagogico_Aula_Contratos_Planejamento.md","mestra\05_Doutrina_e_Biblioteca\Biblioteca_Manuais_e_Cursos","0","C:\Users\thiagonogueira\OneDrive - mppi.mp.br\CLC\01_Processos_e_Aquisicoes\Base de Conhecimento - Thiago\05_Doutrina_e_Biblioteca\Biblioteca_Manuais_e_Cursos\Roteiro_Pedagogico_Aula_Contratos_Planejamento.md"
"MD_SEM_PDF","mestra\05_Doutrina_e_Biblioteca\Biblioteca_Manuais_e_Cursos","","Tutorial Compras.gov.br - Operacionalizacao de Contratacoes Presenciais na NLLC.md","mestra\05_Doutrina_e_Biblioteca\Biblioteca_Manuais_e_Cursos","0","C:\Users\thiagonogueira\OneDrive - mppi.mp.br\CLC\01_Processos_e_Aquisicoes\Base de Conhecimento - Thiago\05_Doutrina_e_Biblioteca\Biblioteca_Manuais_e_Cursos\Tutorial Compras.gov.br - Operacionalizacao de Contratacoes Presenciais na NLLC.md"
"MD_SEM_PDF","mestra\05_Doutrina_e_Biblioteca\Biblioteca_Manuais_e_Cursos","","Tutorial Operacional - Alteracao de Documento Habil no Sistema Contratos.gov.br.md","mestra\05_Doutrina_e_Biblioteca\Biblioteca_Manuais_e_Cursos","0","C:\Users\thiagonogueira\OneDrive - mppi.mp.br\CLC\01_Processos_e_Aquisicoes\Base de Conhecimento - Thiago\05_Doutrina_e_Biblioteca\Biblioteca_Manuais_e_Cursos\Tutorial Operacional - Alteracao de Documento Habil no Sistema Contratos.gov.br.md"
"MD_SEM_PDF","mestra\05_Doutrina_e_Biblioteca\BID - Cursos","","00_INDICE_GERAL_CURSO_BID.md","mestra\05_Doutrina_e_Biblioteca\BID - Cursos","0","C:\Users\thiagonogueira\OneDrive - mppi.mp.br\CLC\01_Processos_e_Aquisicoes\Base de Conhecimento - Thiago\05_Doutrina_e_Biblioteca\BID - Cursos\00_INDICE_GERAL_CURSO_BID.md"
"MD_SEM_PDF","mestra\05_Doutrina_e_Biblioteca\BID - Cursos\Carta_Consulta_MPPI_MD","","Carta_Consulta_-_MPPI_-_Dados_Iniciais.md","mestra\05_Doutrina_e_Biblioteca\BID - Cursos\Carta_Consulta_MPPI_MD","0","C:\Users\thiagonogueira\OneDrive - mppi.mp.br\CLC\01_Processos_e_Aquisicoes\Base de Conhecimento - Thiago\05_Doutrina_e_Biblioteca\BID - Cursos\Carta_Consulta_MPPI_MD\Carta_Consulta_-_MPPI_-_Dados_Iniciais.md"
"MD_SEM_PDF","mestra\05_Doutrina_e_Biblioteca\BID - Cursos\Carta_Consulta_MPPI_MD","","Carta_Consulta_-_MPPI_-_Dados_Iniciais_(2).md","mestra\05_Doutrina_e_Biblioteca\BID - Cursos\Carta_Consulta_MPPI_MD","0","C:\Users\thiagonogueira\OneDrive - mppi.mp.br\CLC\01_Processos_e_Aquisicoes\Base de Conhecimento - Thiago\05_Doutrina_e_Biblioteca\BID - Cursos\Carta_Consulta_MPPI_MD\Carta_Consulta_-_MPPI_-_Dados_Iniciais_(2).md"
"MD_SEM_PDF","mestra\05_Doutrina_e_Biblioteca\BID - Cursos\Carta_Consulta_MPPI_MD","","Carta_Consulta_BID_Ceara_Mais_Digital_2021.md","mestra\05_Doutrina_e_Biblioteca\BID - Cursos\Carta_Consulta_MPPI_MD","0","C:\Users\thiagonogueira\OneDrive - mppi.mp.br\CLC\01_Processos_e_Aquisicoes\Base de Conhecimento - Thiago\05_Doutrina_e_Biblioteca\BID - Cursos\Carta_Consulta_MPPI_MD\Carta_Consulta_BID_Ceara_Mais_Digital_2021.md"
"MD_SEM_PDF","mestra\05_Doutrina_e_Biblioteca\BID - Cursos\Guias_Digitais_e_Leituras_MD","","1.GD_Indicadores_diagno_stico.md","mestra\05_Doutrina_e_Biblioteca\BID - Cursos\Guias_Digitais_e_Leituras_MD","0","C:\Users\thiagonogueira\OneDrive - mppi.mp.br\CLC\01_Processos_e_Aquisicoes\Base de Conhecimento - Thiago\05_Doutrina_e_Biblioteca\BID - Cursos\Guias_Digitais_e_Leituras_MD\1.GD_Indicadores_diagno_stico.md"
"MD_SEM_PDF","mestra\05_Doutrina_e_Biblioteca\BID - Cursos\Guias_Digitais_e_Leituras_MD","","10.GD_Gesta_o_do_talento_humano.md","mestra\05_Doutrina_e_Biblioteca\BID - Cursos\Guias_Digitais_e_Leituras_MD","0","C:\Users\thiagonogueira\OneDrive - mppi.mp.br\CLC\01_Processos_e_Aquisicoes\Base de Conhecimento - Thiago\05_Doutrina_e_Biblioteca\BID - Cursos\Guias_Digitais_e_Leituras_MD\10.GD_Gesta_o_do_talento_humano.md"
"MD_SEM_PDF","mestra\05_Doutrina_e_Biblioteca\BID - Cursos\Guias_Digitais_e_Leituras_MD","","2.3.2_-_O_papel_da_TI_na_gestão_administrativa_-_4.GD_Entrevista_o_papel_da_ti_na_-.md","mestra\05_Doutrina_e_Biblioteca\BID - Cursos\Guias_Digitais_e_Leituras_MD","0","C:\Users\thiagonogueira\OneDrive - mppi.mp.br\CLC\01_Processos_e_Aquisicoes\Base de Conhecimento - Thiago\05_Doutrina_e_Biblioteca\BID - Cursos\Guias_Digitais_e_Leituras_MD\2.3.2_-_O_papel_da_TI_na_gestão_administrativa_-_4.GD_Entrevista_o_papel_da_ti_na_-.md"
"MD_SEM_PDF","mestra\05_Doutrina_e_Biblioteca\BID - Cursos\Guias_Digitais_e_Leituras_MD","","2.3.4_Leitura_-_Importância_da_gestão_de_ativos_na_transformação_digital_o_caso_da_Coréia5.GD_Importancia_da_gestao_de_ativos_na_transformacao.md","mestra\05_Doutrina_e_Biblioteca\BID - Cursos\Guias_Digitais_e_Leituras_MD","0","C:\Users\thiagonogueira\OneDrive - mppi.mp.br\CLC\01_Processos_e_Aquisicoes\Base de Conhecimento - Thiago\05_Doutrina_e_Biblioteca\BID - Cursos\Guias_Digitais_e_Leituras_MD\2.3.4_Leitura_-_Importância_da_gestão_de_ativos_na_transformação_digital_o_caso_da_Coréia5.GD_Importancia_da_gestao_de_ativos_na_transformacao.md"
"MD_SEM_PDF","mestra\05_Doutrina_e_Biblioteca\BID - Cursos\Guias_Digitais_e_Leituras_MD","","2.4.4_Leitura_-_Como_melhorar_a_gestão_de_dados_em_uma_instituição_pública.md","mestra\05_Doutrina_e_Biblioteca\BID - Cursos\Guias_Digitais_e_Leituras_MD","0","C:\Users\thiagonogueira\OneDrive - mppi.mp.br\CLC\01_Processos_e_Aquisicoes\Base de Conhecimento - Thiago\05_Doutrina_e_Biblioteca\BID - Cursos\Guias_Digitais_e_Leituras_MD\2.4.4_Leitura_-_Como_melhorar_a_gestão_de_dados_em_uma_instituição_pública.md"
"MD_SEM_PDF","mestra\05_Doutrina_e_Biblioteca\BID - Cursos\Guias_Digitais_e_Leituras_MD","","2.4.6_Fórum_de_discussão_de_dados.md","mestra\05_Doutrina_e_Biblioteca\BID - Cursos\Guias_Digitais_e_Leituras_MD","0","C:\Users\thiagonogueira\OneDrive - mppi.mp.br\CLC\01_Processos_e_Aquisicoes\Base de Conhecimento - Thiago\05_Doutrina_e_Biblioteca\BID - Cursos\Guias_Digitais_e_Leituras_MD\2.4.6_Fórum_de_discussão_de_dados.md"
"MD_SEM_PDF","mestra\05_Doutrina_e_Biblioteca\BID - Cursos\Guias_Digitais_e_Leituras_MD","","3.2.2_Infográfico_-_Institucionalidade_quem_faz_o_qu.md","mestra\05_Doutrina_e_Biblioteca\BID - Cursos\Guias_Digitais_e_Leituras_MD","0","C:\Users\thiagonogueira\OneDrive - mppi.mp.br\CLC\01_Processos_e_Aquisicoes\Base de Conhecimento - Thiago\05_Doutrina_e_Biblioteca\BID - Cursos\Guias_Digitais_e_Leituras_MD\3.2.2_Infográfico_-_Institucionalidade_quem_faz_o_qu.md"
"MD_SEM_PDF","mestra\05_Doutrina_e_Biblioteca\BID - Cursos\Guias_Digitais_e_Leituras_MD","","3.3.6_Fórum_de_discussão_Desafios_da_gestão_de_talento_humano_para_a_transformação_digital.md","mestra\05_Doutrina_e_Biblioteca\BID - Cursos\Guias_Digitais_e_Leituras_MD","0","C:\Users\thiagonogueira\OneDrive - mppi.mp.br\CLC\01_Processos_e_Aquisicoes\Base de Conhecimento - Thiago\05_Doutrina_e_Biblioteca\BID - Cursos\Guias_Digitais_e_Leituras_MD\3.3.6_Fórum_de_discussão_Desafios_da_gestão_de_talento_humano_para_a_transformação_digital.md"
"MD_SEM_PDF","mestra\05_Doutrina_e_Biblioteca\BID - Cursos\Guias_Digitais_e_Leituras_MD","","3.GD_Simplificac_a_o_e_digitalizac_a_o.md","mestra\05_Doutrina_e_Biblioteca\BID - Cursos\Guias_Digitais_e_Leituras_MD","0","C:\Users\thiagonogueira\OneDrive - mppi.mp.br\CLC\01_Processos_e_Aquisicoes\Base de Conhecimento - Thiago\05_Doutrina_e_Biblioteca\BID - Cursos\Guias_Digitais_e_Leituras_MD\3.GD_Simplificac_a_o_e_digitalizac_a_o.md"
"MD_SEM_PDF","mestra\05_Doutrina_e_Biblioteca\BID - Cursos\Guias_Digitais_e_Leituras_MD","","8.GD_Como_melhorar_a_ciberseguranc_a_em_organizac_o_es_pu_blicas.md","mestra\05_Doutrina_e_Biblioteca\BID - Cursos\Guias_Digitais_e_Leituras_MD","0","C:\Users\thiagonogueira\OneDrive - mppi.mp.br\CLC\01_Processos_e_Aquisicoes\Base de Conhecimento - Thiago\05_Doutrina_e_Biblioteca\BID - Cursos\Guias_Digitais_e_Leituras_MD\8.GD_Como_melhorar_a_ciberseguranc_a_em_organizac_o_es_pu_blicas.md"
"MD_SEM_PDF","mestra\05_Doutrina_e_Biblioteca\BID - Cursos\Guias_Digitais_e_Leituras_MD","","9.GD_Governanc_a__normas_e_compete_ncias.md","mestra\05_Doutrina_e_Biblioteca\BID - Cursos\Guias_Digitais_e_Leituras_MD","0","C:\Users\thiagonogueira\OneDrive - mppi.mp.br\CLC\01_Processos_e_Aquisicoes\Base de Conhecimento - Thiago\05_Doutrina_e_Biblioteca\BID - Cursos\Guias_Digitais_e_Leituras_MD\9.GD_Governanc_a__normas_e_compete_ncias.md"
"MD_SEM_PDF","mestra\05_Doutrina_e_Biblioteca\BID - Cursos\Guias_Digitais_e_Leituras_MD","","asset-v1_IDBx_IDB50.2x_3T2022_type_asset_block_Nota_técnica_gobernanza.md","mestra\05_Doutrina_e_Biblioteca\BID - Cursos\Guias_Digitais_e_Leituras_MD","0","C:\Users\thiagonogueira\OneDrive - mppi.mp.br\CLC\01_Processos_e_Aquisicoes\Base de Conhecimento - Thiago\05_Doutrina_e_Biblioteca\BID - Cursos\Guias_Digitais_e_Leituras_MD\asset-v1_IDBx_IDB50.2x_3T2022_type_asset_block_Nota_técnica_gobernanza.md"
"MD_SEM_PDF","mestra\05_Doutrina_e_Biblioteca\BID - Cursos\Guias_Digitais_e_Leituras_MD","","Elementos_centrais_da_estratégia_de_transformação_digital.md","mestra\05_Doutrina_e_Biblioteca\BID - Cursos\Guias_Digitais_e_Leituras_MD","0","C:\Users\thiagonogueira\OneDrive - mppi.mp.br\CLC\01_Processos_e_Aquisicoes\Base de Conhecimento - Thiago\05_Doutrina_e_Biblioteca\BID - Cursos\Guias_Digitais_e_Leituras_MD\Elementos_centrais_da_estratégia_de_transformação_digital.md"
"MD_SEM_PDF","mestra\05_Doutrina_e_Biblioteca\BID - Cursos\Guias_Digitais_e_Leituras_MD","","El_Fin_del_Tramite_Eterno_Ciudadanos_Burocracia_Gobierno_Digital_BID.md","mestra\05_Doutrina_e_Biblioteca\BID - Cursos\Guias_Digitais_e_Leituras_MD","0","C:\Users\thiagonogueira\OneDrive - mppi.mp.br\CLC\01_Processos_e_Aquisicoes\Base de Conhecimento - Thiago\05_Doutrina_e_Biblioteca\BID - Cursos\Guias_Digitais_e_Leituras_MD\El_Fin_del_Tramite_Eterno_Ciudadanos_Burocracia_Gobierno_Digital_BID.md"
"MD_SEM_PDF","mestra\05_Doutrina_e_Biblioteca\BID - Cursos\Guias_Digitais_e_Leituras_MD","","INSTITUIÇÃO_LÍDER_quem_faz_o_que.md","mestra\05_Doutrina_e_Biblioteca\BID - Cursos\Guias_Digitais_e_Leituras_MD","0","C:\Users\thiagonogueira\OneDrive - mppi.mp.br\CLC\01_Processos_e_Aquisicoes\Base de Conhecimento - Thiago\05_Doutrina_e_Biblioteca\BID - Cursos\Guias_Digitais_e_Leituras_MD\INSTITUIÇÃO_LÍDER_quem_faz_o_que.md"
"MD_SEM_PDF","mestra\05_Doutrina_e_Biblioteca\BID - Cursos\Guias_Digitais_e_Leituras_MD","","OCDE_BEPS_Reports_2015_Executive_Summaries.md","mestra\05_Doutrina_e_Biblioteca\BID - Cursos\Guias_Digitais_e_Leituras_MD","0","C:\Users\thiagonogueira\OneDrive - mppi.mp.br\CLC\01_Processos_e_Aquisicoes\Base de Conhecimento - Thiago\05_Doutrina_e_Biblioteca\BID - Cursos\Guias_Digitais_e_Leituras_MD\OCDE_BEPS_Reports_2015_Executive_Summaries.md"
"MD_SEM_PDF","mestra\05_Doutrina_e_Biblioteca\BID - Cursos\Guias_Digitais_e_Leituras_MD","","Privacidade_e_Protecao_de_Dados_2023_Livro.md","mestra\05_Doutrina_e_Biblioteca\BID - Cursos\Guias_Digitais_e_Leituras_MD","0","C:\Users\thiagonogueira\OneDrive - mppi.mp.br\CLC\01_Processos_e_Aquisicoes\Base de Conhecimento - Thiago\05_Doutrina_e_Biblioteca\BID - Cursos\Guias_Digitais_e_Leituras_MD\Privacidade_e_Protecao_de_Dados_2023_Livro.md"
"MD_SEM_PDF","mestra\05_Doutrina_e_Biblioteca\BID - Cursos\Guias_Digitais_e_Leituras_MD","","QUEM_FAZ_O_QUÊ.md","mestra\05_Doutrina_e_Biblioteca\BID - Cursos\Guias_Digitais_e_Leituras_MD","0","C:\Users\thiagonogueira\OneDrive - mppi.mp.br\CLC\01_Processos_e_Aquisicoes\Base de Conhecimento - Thiago\05_Doutrina_e_Biblioteca\BID - Cursos\Guias_Digitais_e_Leituras_MD\QUEM_FAZ_O_QUÊ.md"
"MD_SEM_PDF","mestra\05_Doutrina_e_Biblioteca\BID - Cursos\Guias_Digitais_e_Leituras_MD","","Relatório_IA_2023.md","mestra\05_Doutrina_e_Biblioteca\BID - Cursos\Guias_Digitais_e_Leituras_MD","0","C:\Users\thiagonogueira\OneDrive - mppi.mp.br\CLC\01_Processos_e_Aquisicoes\Base de Conhecimento - Thiago\05_Doutrina_e_Biblioteca\BID - Cursos\Guias_Digitais_e_Leituras_MD\Relatório_IA_2023.md"
"MD_SEM_PDF","mestra\05_Doutrina_e_Biblioteca\BID - Cursos\Guias_Digitais_e_Leituras_MD","","resumo_executivo_privacidade_protecao_de_dados_pessoais_2023.md","mestra\05_Doutrina_e_Biblioteca\BID - Cursos\Guias_Digitais_e_Leituras_MD","0","C:\Users\thiagonogueira\OneDrive - mppi.mp.br\CLC\01_Processos_e_Aquisicoes\Base de Conhecimento - Thiago\05_Doutrina_e_Biblioteca\BID - Cursos\Guias_Digitais_e_Leituras_MD\resumo_executivo_privacidade_protecao_de_dados_pessoais_2023.md"
"MD_SEM_PDF","mestra\05_Doutrina_e_Biblioteca\BID - Cursos\Guias_Digitais_e_Leituras_MD","","Resumo_módulo_2.md","mestra\05_Doutrina_e_Biblioteca\BID - Cursos\Guias_Digitais_e_Leituras_MD","0","C:\Users\thiagonogueira\OneDrive - mppi.mp.br\CLC\01_Processos_e_Aquisicoes\Base de Conhecimento - Thiago\05_Doutrina_e_Biblioteca\BID - Cursos\Guias_Digitais_e_Leituras_MD\Resumo_módulo_2.md"
"MD_SEM_PDF","mestra\05_Doutrina_e_Biblioteca\BID - Cursos\Guias_Digitais_e_Leituras_MD","","Servicios_Publicos_Gobierno_Digital_Pandemia_BID.md","mestra\05_Doutrina_e_Biblioteca\BID - Cursos\Guias_Digitais_e_Leituras_MD","0","C:\Users\thiagonogueira\OneDrive - mppi.mp.br\CLC\01_Processos_e_Aquisicoes\Base de Conhecimento - Thiago\05_Doutrina_e_Biblioteca\BID - Cursos\Guias_Digitais_e_Leituras_MD\Servicios_Publicos_Gobierno_Digital_Pandemia_BID.md"
"MD_SEM_PDF","mestra\05_Doutrina_e_Biblioteca\BID - Cursos\Guias_Digitais_e_Leituras_MD","","Simplificando_Vidas_Gestion_Calidad_Servicios_Publicos_BID_2018.md","mestra\05_Doutrina_e_Biblioteca\BID - Cursos\Guias_Digitais_e_Leituras_MD","0","C:\Users\thiagonogueira\OneDrive - mppi.mp.br\CLC\01_Processos_e_Aquisicoes\Base de Conhecimento - Thiago\05_Doutrina_e_Biblioteca\BID - Cursos\Guias_Digitais_e_Leituras_MD\Simplificando_Vidas_Gestion_Calidad_Servicios_Publicos_BID_2018.md"
"MD_SEM_PDF","mestra\05_Doutrina_e_Biblioteca\BID - Cursos\Guias_Digitais_e_Leituras_MD","","TIC_Governo_Eletronico_2023_Livro_Eletronico.md","mestra\05_Doutrina_e_Biblioteca\BID - Cursos\Guias_Digitais_e_Leituras_MD","0","C:\Users\thiagonogueira\OneDrive - mppi.mp.br\CLC\01_Processos_e_Aquisicoes\Base de Conhecimento - Thiago\05_Doutrina_e_Biblioteca\BID - Cursos\Guias_Digitais_e_Leituras_MD\TIC_Governo_Eletronico_2023_Livro_Eletronico.md"
"MD_SEM_PDF","mestra\05_Doutrina_e_Biblioteca\BID - Cursos\Guias_Digitais_e_Leituras_MD","","Un-Lab-en-constante-evolucion-La-experiencia-del-Laboratorio-de-Innovacion-en-Gobierno-Digital-de-Uruguay.md","mestra\05_Doutrina_e_Biblioteca\BID - Cursos\Guias_Digitais_e_Leituras_MD","0","C:\Users\thiagonogueira\OneDrive - mppi.mp.br\CLC\01_Processos_e_Aquisicoes\Base de Conhecimento - Thiago\05_Doutrina_e_Biblioteca\BID - Cursos\Guias_Digitais_e_Leituras_MD\Un-Lab-en-constante-evolucion-La-experiencia-del-Laboratorio-de-Innovacion-en-Gobierno-Digital-de-Uruguay.md"
"MD_SEM_PDF","mestra\05_Doutrina_e_Biblioteca\BID - Cursos\Transcrições_Videoaulas_MD","","0.1.1-pt.md","mestra\05_Doutrina_e_Biblioteca\BID - Cursos\Transcrições_Videoaulas_MD","0","C:\Users\thiagonogueira\OneDrive - mppi.mp.br\CLC\01_Processos_e_Aquisicoes\Base de Conhecimento - Thiago\05_Doutrina_e_Biblioteca\BID - Cursos\Transcrições_Videoaulas_MD\0.1.1-pt.md"
"MD_SEM_PDF","mestra\05_Doutrina_e_Biblioteca\BID - Cursos\Transcrições_Videoaulas_MD","","1.2.1-pt_-_Identificação_de_evidências_de_um_problema_que_requer_transformação_digital_do_governo.md","mestra\05_Doutrina_e_Biblioteca\BID - Cursos\Transcrições_Videoaulas_MD","0","C:\Users\thiagonogueira\OneDrive - mppi.mp.br\CLC\01_Processos_e_Aquisicoes\Base de Conhecimento - Thiago\05_Doutrina_e_Biblioteca\BID - Cursos\Transcrições_Videoaulas_MD\1.2.1-pt_-_Identificação_de_evidências_de_um_problema_que_requer_transformação_digital_do_governo.md"
"MD_SEM_PDF","mestra\05_Doutrina_e_Biblioteca\BID - Cursos\Transcrições_Videoaulas_MD","","1.2.2-pt_-_Diagnóstico_em_projetos_de_transformação_digital.md","mestra\05_Doutrina_e_Biblioteca\BID - Cursos\Transcrições_Videoaulas_MD","0","C:\Users\thiagonogueira\OneDrive - mppi.mp.br\CLC\01_Processos_e_Aquisicoes\Base de Conhecimento - Thiago\05_Doutrina_e_Biblioteca\BID - Cursos\Transcrições_Videoaulas_MD\1.2.2-pt_-_Diagnóstico_em_projetos_de_transformação_digital.md"
"MD_SEM_PDF","mestra\05_Doutrina_e_Biblioteca\BID - Cursos\Transcrições_Videoaulas_MD","","1.3.1-pt_-_A_estratégia_de_transformação_digital.md","mestra\05_Doutrina_e_Biblioteca\BID - Cursos\Transcrições_Videoaulas_MD","0","C:\Users\thiagonogueira\OneDrive - mppi.mp.br\CLC\01_Processos_e_Aquisicoes\Base de Conhecimento - Thiago\05_Doutrina_e_Biblioteca\BID - Cursos\Transcrições_Videoaulas_MD\1.3.1-pt_-_A_estratégia_de_transformação_digital.md"
"MD_SEM_PDF","mestra\05_Doutrina_e_Biblioteca\BID - Cursos\Transcrições_Videoaulas_MD","","1.3.2-pt_-_Experiência_britânica_de_estratégia_de_governo_digital.md","mestra\05_Doutrina_e_Biblioteca\BID - Cursos\Transcrições_Videoaulas_MD","0","C:\Users\thiagonogueira\OneDrive - mppi.mp.br\CLC\01_Processos_e_Aquisicoes\Base de Conhecimento - Thiago\05_Doutrina_e_Biblioteca\BID - Cursos\Transcrições_Videoaulas_MD\1.3.2-pt_-_Experiência_britânica_de_estratégia_de_governo_digital.md"
"MD_SEM_PDF","mestra\05_Doutrina_e_Biblioteca\BID - Cursos\Transcrições_Videoaulas_MD","","1.3.4-pt_-_Coordenação_interinstitucional_para_a_agenda_digital.md","mestra\05_Doutrina_e_Biblioteca\BID - Cursos\Transcrições_Videoaulas_MD","0","C:\Users\thiagonogueira\OneDrive - mppi.mp.br\CLC\01_Processos_e_Aquisicoes\Base de Conhecimento - Thiago\05_Doutrina_e_Biblioteca\BID - Cursos\Transcrições_Videoaulas_MD\1.3.4-pt_-_Coordenação_interinstitucional_para_a_agenda_digital.md"
"MD_SEM_PDF","mestra\05_Doutrina_e_Biblioteca\BID - Cursos\Transcrições_Videoaulas_MD","","1.4.1_-_Monitoramento_de_projetos_de_transformação_digital.md","mestra\05_Doutrina_e_Biblioteca\BID - Cursos\Transcrições_Videoaulas_MD","0","C:\Users\thiagonogueira\OneDrive - mppi.mp.br\CLC\01_Processos_e_Aquisicoes\Base de Conhecimento - Thiago\05_Doutrina_e_Biblioteca\BID - Cursos\Transcrições_Videoaulas_MD\1.4.1_-_Monitoramento_de_projetos_de_transformação_digital.md"
"MD_SEM_PDF","mestra\05_Doutrina_e_Biblioteca\BID - Cursos\Transcrições_Videoaulas_MD","","1.4.2_-_Experiência_no_monitoramento_de_projetos_de_transformação_digital.md","mestra\05_Doutrina_e_Biblioteca\BID - Cursos\Transcrições_Videoaulas_MD","0","C:\Users\thiagonogueira\OneDrive - mppi.mp.br\CLC\01_Processos_e_Aquisicoes\Base de Conhecimento - Thiago\05_Doutrina_e_Biblioteca\BID - Cursos\Transcrições_Videoaulas_MD\1.4.2_-_Experiência_no_monitoramento_de_projetos_de_transformação_digital.md"
"MD_SEM_PDF","mestra\05_Doutrina_e_Biblioteca\BID - Cursos\Transcrições_Videoaulas_MD","","1.4.3_-_Avaliação_de_projetos_de_transformação_digital.md","mestra\05_Doutrina_e_Biblioteca\BID - Cursos\Transcrições_Videoaulas_MD","0","C:\Users\thiagonogueira\OneDrive - mppi.mp.br\CLC\01_Processos_e_Aquisicoes\Base de Conhecimento - Thiago\05_Doutrina_e_Biblioteca\BID - Cursos\Transcrições_Videoaulas_MD\1.4.3_-_Avaliação_de_projetos_de_transformação_digital.md"
"MD_SEM_PDF","mestra\05_Doutrina_e_Biblioteca\BID - Cursos\Transcrições_Videoaulas_MD","","2.2.1_-_Simplificando_procedimentos_em_projetos_de_transformação_digital.md","mestra\05_Doutrina_e_Biblioteca\BID - Cursos\Transcrições_Videoaulas_MD","0","C:\Users\thiagonogueira\OneDrive - mppi.mp.br\CLC\01_Processos_e_Aquisicoes\Base de Conhecimento - Thiago\05_Doutrina_e_Biblioteca\BID - Cursos\Transcrições_Videoaulas_MD\2.2.1_-_Simplificando_procedimentos_em_projetos_de_transformação_digital.md"
"MD_SEM_PDF","mestra\05_Doutrina_e_Biblioteca\BID - Cursos\Transcrições_Videoaulas_MD","","2.2.2_-_Estado_de_São_Paulo_como_pioneiro_na_simplificação_e_digitalização_de_serviços_públicos_no_Brasil_e_na_América_Latina.md","mestra\05_Doutrina_e_Biblioteca\BID - Cursos\Transcrições_Videoaulas_MD","0","C:\Users\thiagonogueira\OneDrive - mppi.mp.br\CLC\01_Processos_e_Aquisicoes\Base de Conhecimento - Thiago\05_Doutrina_e_Biblioteca\BID - Cursos\Transcrições_Videoaulas_MD\2.2.2_-_Estado_de_São_Paulo_como_pioneiro_na_simplificação_e_digitalização_de_serviços_públicos_no_Brasil_e_na_América_Latina.md"
"MD_SEM_PDF","mestra\05_Doutrina_e_Biblioteca\BID - Cursos\Transcrições_Videoaulas_MD","","2.2.4_-_Exemplo_de_simplificação_de_procedimentos_(carteira_de_motorista).md","mestra\05_Doutrina_e_Biblioteca\BID - Cursos\Transcrições_Videoaulas_MD","0","C:\Users\thiagonogueira\OneDrive - mppi.mp.br\CLC\01_Processos_e_Aquisicoes\Base de Conhecimento - Thiago\05_Doutrina_e_Biblioteca\BID - Cursos\Transcrições_Videoaulas_MD\2.2.4_-_Exemplo_de_simplificação_de_procedimentos_(carteira_de_motorista).md"
"MD_SEM_PDF","mestra\05_Doutrina_e_Biblioteca\BID - Cursos\Transcrições_Videoaulas_MD","","2.3.1_-_Gestão_administrativa_e_transformação_digital.md","mestra\05_Doutrina_e_Biblioteca\BID - Cursos\Transcrições_Videoaulas_MD","0","C:\Users\thiagonogueira\OneDrive - mppi.mp.br\CLC\01_Processos_e_Aquisicoes\Base de Conhecimento - Thiago\05_Doutrina_e_Biblioteca\BID - Cursos\Transcrições_Videoaulas_MD\2.3.1_-_Gestão_administrativa_e_transformação_digital.md"
"MD_SEM_PDF","mestra\05_Doutrina_e_Biblioteca\BID - Cursos\Transcrições_Videoaulas_MD","","2.3.2_-_O_papel_da_TI_na_gestão_administrativa.md","mestra\05_Doutrina_e_Biblioteca\BID - Cursos\Transcrições_Videoaulas_MD","0","C:\Users\thiagonogueira\OneDrive - mppi.mp.br\CLC\01_Processos_e_Aquisicoes\Base de Conhecimento - Thiago\05_Doutrina_e_Biblioteca\BID - Cursos\Transcrições_Videoaulas_MD\2.3.2_-_O_papel_da_TI_na_gestão_administrativa.md"
"MD_SEM_PDF","mestra\05_Doutrina_e_Biblioteca\BID - Cursos\Transcrições_Videoaulas_MD","","2.3.3_-_MapaInversiones_-_transparência_e_integridade_no_uso_dos_recursos_públicos.md","mestra\05_Doutrina_e_Biblioteca\BID - Cursos\Transcrições_Videoaulas_MD","0","C:\Users\thiagonogueira\OneDrive - mppi.mp.br\CLC\01_Processos_e_Aquisicoes\Base de Conhecimento - Thiago\05_Doutrina_e_Biblioteca\BID - Cursos\Transcrições_Videoaulas_MD\2.3.3_-_MapaInversiones_-_transparência_e_integridade_no_uso_dos_recursos_públicos.md"
"MD_SEM_PDF","mestra\05_Doutrina_e_Biblioteca\BID - Cursos\Transcrições_Videoaulas_MD","","2.4.1_-_Gerenciamento_de_dados_na_transformação_digital.md","mestra\05_Doutrina_e_Biblioteca\BID - Cursos\Transcrições_Videoaulas_MD","0","C:\Users\thiagonogueira\OneDrive - mppi.mp.br\CLC\01_Processos_e_Aquisicoes\Base de Conhecimento - Thiago\05_Doutrina_e_Biblioteca\BID - Cursos\Transcrições_Videoaulas_MD\2.4.1_-_Gerenciamento_de_dados_na_transformação_digital.md"
"MD_SEM_PDF","mestra\05_Doutrina_e_Biblioteca\BID - Cursos\Transcrições_Videoaulas_MD","","2.4.2_-_Agenda_de_dados_da_Colômbia.md","mestra\05_Doutrina_e_Biblioteca\BID - Cursos\Transcrições_Videoaulas_MD","0","C:\Users\thiagonogueira\OneDrive - mppi.mp.br\CLC\01_Processos_e_Aquisicoes\Base de Conhecimento - Thiago\05_Doutrina_e_Biblioteca\BID - Cursos\Transcrições_Videoaulas_MD\2.4.2_-_Agenda_de_dados_da_Colômbia.md"
"MD_SEM_PDF","mestra\05_Doutrina_e_Biblioteca\BID - Cursos\Transcrições_Videoaulas_MD","","2.4.3_-_Gestão_de_dados_no_Uruguai.md","mestra\05_Doutrina_e_Biblioteca\BID - Cursos\Transcrições_Videoaulas_MD","0","C:\Users\thiagonogueira\OneDrive - mppi.mp.br\CLC\01_Processos_e_Aquisicoes\Base de Conhecimento - Thiago\05_Doutrina_e_Biblioteca\BID - Cursos\Transcrições_Videoaulas_MD\2.4.3_-_Gestão_de_dados_no_Uruguai.md"
"MD_SEM_PDF","mestra\05_Doutrina_e_Biblioteca\BID - Cursos\Transcrições_Videoaulas_MD","","2.5.1_-_Cibersegurança_em_organizações_públicas.md","mestra\05_Doutrina_e_Biblioteca\BID - Cursos\Transcrições_Videoaulas_MD","0","C:\Users\thiagonogueira\OneDrive - mppi.mp.br\CLC\01_Processos_e_Aquisicoes\Base de Conhecimento - Thiago\05_Doutrina_e_Biblioteca\BID - Cursos\Transcrições_Videoaulas_MD\2.5.1_-_Cibersegurança_em_organizações_públicas.md"
"MD_SEM_PDF","mestra\05_Doutrina_e_Biblioteca\BID - Cursos\Transcrições_Videoaulas_MD","","3.2.1_-_O_que_são_governança,_marco_normativo_e_institucionalidade.md","mestra\05_Doutrina_e_Biblioteca\BID - Cursos\Transcrições_Videoaulas_MD","0","C:\Users\thiagonogueira\OneDrive - mppi.mp.br\CLC\01_Processos_e_Aquisicoes\Base de Conhecimento - Thiago\05_Doutrina_e_Biblioteca\BID - Cursos\Transcrições_Videoaulas_MD\3.2.1_-_O_que_são_governança,_marco_normativo_e_institucionalidade.md"
"MD_SEM_PDF","mestra\05_Doutrina_e_Biblioteca\BID - Cursos\Transcrições_Videoaulas_MD","","3.2.4_-_Entrevista_sobre_governança,_instituições_e_marco_normativo_no_Rio_Grande_do_Sul.md","mestra\05_Doutrina_e_Biblioteca\BID - Cursos\Transcrições_Videoaulas_MD","0","C:\Users\thiagonogueira\OneDrive - mppi.mp.br\CLC\01_Processos_e_Aquisicoes\Base de Conhecimento - Thiago\05_Doutrina_e_Biblioteca\BID - Cursos\Transcrições_Videoaulas_MD\3.2.4_-_Entrevista_sobre_governança,_instituições_e_marco_normativo_no_Rio_Grande_do_Sul.md"
"MD_SEM_PDF","mestra\05_Doutrina_e_Biblioteca\BID - Cursos\Transcrições_Videoaulas_MD","","3.2.5_Vídeo_-_Gerenciamento_de_projetos_de_transformação_digital.md","mestra\05_Doutrina_e_Biblioteca\BID - Cursos\Transcrições_Videoaulas_MD","0","C:\Users\thiagonogueira\OneDrive - mppi.mp.br\CLC\01_Processos_e_Aquisicoes\Base de Conhecimento - Thiago\05_Doutrina_e_Biblioteca\BID - Cursos\Transcrições_Videoaulas_MD\3.2.5_Vídeo_-_Gerenciamento_de_projetos_de_transformação_digital.md"
"MD_SEM_PDF","mestra\05_Doutrina_e_Biblioteca\BID - Cursos\Transcrições_Videoaulas_MD","","3.3.1_Vídeo_-_Desafios_do_capital_humano_em_projetos_de_transformação_digital.md","mestra\05_Doutrina_e_Biblioteca\BID - Cursos\Transcrições_Videoaulas_MD","0","C:\Users\thiagonogueira\OneDrive - mppi.mp.br\CLC\01_Processos_e_Aquisicoes\Base de Conhecimento - Thiago\05_Doutrina_e_Biblioteca\BID - Cursos\Transcrições_Videoaulas_MD\3.3.1_Vídeo_-_Desafios_do_capital_humano_em_projetos_de_transformação_digital.md"
"MD_SEM_PDF","mestra\05_Doutrina_e_Biblioteca\BID - Cursos\Transcrições_Videoaulas_MD","","3.3.3_Vídeo_-_Atraindo_talentos_para_a_transformação_digital.md","mestra\05_Doutrina_e_Biblioteca\BID - Cursos\Transcrições_Videoaulas_MD","0","C:\Users\thiagonogueira\OneDrive - mppi.mp.br\CLC\01_Processos_e_Aquisicoes\Base de Conhecimento - Thiago\05_Doutrina_e_Biblioteca\BID - Cursos\Transcrições_Videoaulas_MD\3.3.3_Vídeo_-_Atraindo_talentos_para_a_transformação_digital.md"
"MD_SEM_PDF","mestra\05_Doutrina_e_Biblioteca\BID - Cursos\Transcrições_Videoaulas_MD","","3.3.4_Vídeo_-_Adaptando_o_talento_à_transformação_digital.md","mestra\05_Doutrina_e_Biblioteca\BID - Cursos\Transcrições_Videoaulas_MD","0","C:\Users\thiagonogueira\OneDrive - mppi.mp.br\CLC\01_Processos_e_Aquisicoes\Base de Conhecimento - Thiago\05_Doutrina_e_Biblioteca\BID - Cursos\Transcrições_Videoaulas_MD\3.3.4_Vídeo_-_Adaptando_o_talento_à_transformação_digital.md"
"MD_SEM_PDF","mestra\06_Paineis_e_Contratos_Historicos","","Mapeamento_Licitacoes_TCE_PI.md","mestra\06_Paineis_e_Contratos_Historicos","0","C:\Users\thiagonogueira\OneDrive - mppi.mp.br\CLC\01_Processos_e_Aquisicoes\Base de Conhecimento - Thiago\06_Paineis_e_Contratos_Historicos\Mapeamento_Licitacoes_TCE_PI.md"
"MD_SEM_PDF","mestra\06_Paineis_e_Contratos_Historicos","","sistema_licitacoes_mppi_roadmap_tecnico(2).md","mestra\06_Paineis_e_Contratos_Historicos","0","C:\Users\thiagonogueira\OneDrive - mppi.mp.br\CLC\01_Processos_e_Aquisicoes\Base de Conhecimento - Thiago\06_Paineis_e_Contratos_Historicos\sistema_licitacoes_mppi_roadmap_tecnico(2).md"
"MD_SEM_PDF","mestra\06_Paineis_e_Contratos_Historicos","","sistema_licitacoes_mppi_roadmap_tecnico(3).md","mestra\06_Paineis_e_Contratos_Historicos","0","C:\Users\thiagonogueira\OneDrive - mppi.mp.br\CLC\01_Processos_e_Aquisicoes\Base de Conhecimento - Thiago\06_Paineis_e_Contratos_Historicos\sistema_licitacoes_mppi_roadmap_tecnico(3).md"
"MD_SEM_PDF","mestra\06_Paineis_e_Contratos_Historicos","","sistema_licitacoes_mppi_roadmap_tecnico_v3.1.md","mestra\06_Paineis_e_Contratos_Historicos","0","C:\Users\thiagonogueira\OneDrive - mppi.mp.br\CLC\01_Processos_e_Aquisicoes\Base de Conhecimento - Thiago\06_Paineis_e_Contratos_Historicos\sistema_licitacoes_mppi_roadmap_tecnico_v3.1.md"
