"Grupo","Acao","Arquivo","Ext","DestinoRel","Motivo","Tamanho","CaminhoOrigem"
"A-OneDrive/Analise_de_processos","DUPLICADO","Acórdão TCU nº 547-2026 - Plenário - Auditoria SRP e PNCP.md",".md","_DUPLICADOS_para_arquivar\Acórdão TCU nº 547-2026 - Plenário - Auditoria SRP e PNCP.md","Já existe na mestra: mestra\01_Normativos_Vigentes\01_Federal\Acórdão TCU nº 547-2026 - Plenário - Auditoria SRP e PNCP.md","185800","C:\Users\thiagonogueira\OneDrive - mppi.mp.br\Análise de processos\04_Normativos_Relacionados\Normativos_Vigentes\01_Federal\Acórdão TCU nº 547-2026 - Plenário - Auditoria SRP e PNCP.md"
"A-OneDrive/Analise_de_processos","DUPLICADO","Federal -  CF - 88.md",".md","_DUPLICADOS_para_arquivar\Federal -  CF - 88.md","Já existe na mestra: mestra\01_Normativos_Vigentes\01_Federal\Federal -  CF - 88.md","921913","C:\Users\thiagonogueira\OneDrive - mppi.mp.br\Análise de processos\04_Normativos_Relacionados\Normativos_Vigentes\01_Federal\Federal -  CF - 88.md"
"A-OneDrive/Analise_de_processos","DUPLICADO","Federal - Acordao TCU 2037.2019 Plenario - Governanca de Contratacoes.md",".md","_DUPLICADOS_para_arquivar\Federal - Acordao TCU 2037.2019 Plenario - Governanca de Contratacoes.md","Já existe na mestra: mestra\01_Normativos_Vigentes\01_Federal\Federal - Acordao TCU 2037.2019 Plenario - Governanca de Contratacoes.md","250502","C:\Users\thiagonogueira\OneDrive - mppi.mp.br\Análise de processos\04_Normativos_Relacionados\Normativos_Vigentes\01_Federal\Federal - Acordao TCU 2037.2019 Plenario - Governanca de Contratacoes.md"
"A-OneDrive/Analise_de_processos","DUPLICADO","Federal - Decreto Federal 10818 - Bens Comuns e de Luxo.md",".md","_DUPLICADOS_para_arquivar\Federal - Decreto Federal 10818 - Bens Comuns e de Luxo.md","Já existe na mestra: mestra\01_Normativos_Vigentes\01_Federal\Federal - Decreto Federal 10818 - Bens Comuns e de Luxo.md","5253","C:\Users\thiagonogueira\OneDrive - mppi.mp.br\Análise de processos\04_Normativos_Relacionados\Normativos_Vigentes\01_Federal\Federal - Decreto Federal 10818 - Bens Comuns e de Luxo.md"
"A-OneDrive/Analise_de_processos","DUPLICADO","Federal - Decreto Federal 11462 - Sistema de Registro de Preços.md",".md","_DUPLICADOS_para_arquivar\Federal - Decreto Federal 11462 - Sistema de Registro de Preços.md","Já existe na mestra: mestra\01_Normativos_Vigentes\01_Federal\Federal - Decreto Federal 11462 - Sistema de Registro de Preços.md","43795","C:\Users\thiagonogueira\OneDrive - mppi.mp.br\Análise de processos\04_Normativos_Relacionados\Normativos_Vigentes\01_Federal\Federal - Decreto Federal 11462 - Sistema de Registro de Preços.md"
"A-OneDrive/Analise_de_processos","DUPLICADO","Federal - Decreto Federal 12343.2024 - Atualiza Valores da 14.133.md",".md","_DUPLICADOS_para_arquivar\Federal - Decreto Federal 12343.2024 - Atualiza Valores da 14.133.md","Já existe na mestra: mestra\01_Normativos_Vigentes\01_Federal\Federal - Decreto Federal 12343.2024 - Atualiza Valores da 14.133.md","2681","C:\Users\thiagonogueira\OneDrive - mppi.mp.br\Análise de processos\04_Normativos_Relacionados\Normativos_Vigentes\01_Federal\Federal - Decreto Federal 12343.2024 - Atualiza Valores da 14.133.md"
"A-OneDrive/Analise_de_processos","DUPLICADO","Federal - Decreto Federal 12807.2025 - Atualiza Valores 14133.md",".md","_DUPLICADOS_para_arquivar\Federal - Decreto Federal 12807.2025 - Atualiza Valores 14133.md","Já existe na mestra: mestra\01_Normativos_Vigentes\01_Federal\Federal - Decreto Federal 12807.2025 - Atualiza Valores 14133.md","2715","C:\Users\thiagonogueira\OneDrive - mppi.mp.br\Análise de processos\04_Normativos_Relacionados\Normativos_Vigentes\01_Federal\Federal - Decreto Federal 12807.2025 - Atualiza Valores 14133.md"
"A-OneDrive/Analise_de_processos","DUPLICADO","Federal - IN 05.2017 - Terceirizados.md",".md","_DUPLICADOS_para_arquivar\Federal - IN 05.2017 - Terceirizados.md","Já existe na mestra: mestra\01_Normativos_Vigentes\01_Federal\Federal - IN 05.2017 - Terceirizados.md","297485","C:\Users\thiagonogueira\OneDrive - mppi.mp.br\Análise de processos\04_Normativos_Relacionados\Normativos_Vigentes\01_Federal\Federal - IN 05.2017 - Terceirizados.md"
"A-OneDrive/Analise_de_processos","DUPLICADO","Federal - IN 103.2022 - Locação de Imóveis.md",".md","_DUPLICADOS_para_arquivar\Federal - IN 103.2022 - Locação de Imóveis.md","Já existe na mestra: mestra\01_Normativos_Vigentes\01_Federal\Federal - IN 103.2022 - Locação de Imóveis.md","25383","C:\Users\thiagonogueira\OneDrive - mppi.mp.br\Análise de processos\04_Normativos_Relacionados\Normativos_Vigentes\01_Federal\Federal - IN 103.2022 - Locação de Imóveis.md"
"A-OneDrive/Analise_de_processos","DUPLICADO","Federal - IN 58.2022 - ETP 2.md",".md","_DUPLICADOS_para_arquivar\Federal - IN 58.2022 - ETP 2.md","Já existe na mestra: mestra\01_Normativos_Vigentes\01_Federal\Federal - IN 58.2022 - ETP 2.md","17911","C:\Users\thiagonogueira\OneDrive - mppi.mp.br\Análise de processos\04_Normativos_Relacionados\Normativos_Vigentes\01_Federal\Federal - IN 58.2022 - ETP 2.md"
"A-OneDrive/Analise_de_processos","DUPLICADO","Federal - IN 65.2021 - Pesquisa de Preços.md",".md","_DUPLICADOS_para_arquivar\Federal - IN 65.2021 - Pesquisa de Preços.md","Já existe na mestra: mestra\01_Normativos_Vigentes\01_Federal\Federal - IN 65.2021 - Pesquisa de Preços.md","16107","C:\Users\thiagonogueira\OneDrive - mppi.mp.br\Análise de processos\04_Normativos_Relacionados\Normativos_Vigentes\01_Federal\Federal - IN 65.2021 - Pesquisa de Preços.md"
"A-OneDrive/Analise_de_processos","DUPLICADO","Federal - IN 67.2021 - Dispensa Eletrônica.md",".md","_DUPLICADOS_para_arquivar\Federal - IN 67.2021 - Dispensa Eletrônica.md","Já existe na mestra: mestra\01_Normativos_Vigentes\01_Federal\Federal - IN 67.2021 - Dispensa Eletrônica.md","25397","C:\Users\thiagonogueira\OneDrive - mppi.mp.br\Análise de processos\04_Normativos_Relacionados\Normativos_Vigentes\01_Federal\Federal - IN 67.2021 - Dispensa Eletrônica.md"
"A-OneDrive/Analise_de_processos","DUPLICADO","Federal - IN 77.2022 - Ordem Cronológica.md",".md","_DUPLICADOS_para_arquivar\Federal - IN 77.2022 - Ordem Cronológica.md","Já existe na mestra: mestra\01_Normativos_Vigentes\01_Federal\Federal - IN 77.2022 - Ordem Cronológica.md","17035","C:\Users\thiagonogueira\OneDrive - mppi.mp.br\Análise de processos\04_Normativos_Relacionados\Normativos_Vigentes\01_Federal\Federal - IN 77.2022 - Ordem Cronológica.md"
"A-OneDrive/Analise_de_processos","DUPLICADO","Federal - IN 81.2022 - TR 2.md",".md","_DUPLICADOS_para_arquivar\Federal - IN 81.2022 - TR 2.md","Já existe na mestra: mestra\01_Normativos_Vigentes\01_Federal\Federal - IN 81.2022 - TR 2.md","14980","C:\Users\thiagonogueira\OneDrive - mppi.mp.br\Análise de processos\04_Normativos_Relacionados\Normativos_Vigentes\01_Federal\Federal - IN 81.2022 - TR 2.md"
"A-OneDrive/Analise_de_processos","DUPLICADO","Federal - IN 81.2022 - TR.md",".md","_DUPLICADOS_para_arquivar\Federal - IN 81.2022 - TR.md","Já existe na mestra: mestra\01_Normativos_Vigentes\01_Federal\Federal - IN 81.2022 - TR.md","15364","C:\Users\thiagonogueira\OneDrive - mppi.mp.br\Análise de processos\04_Normativos_Relacionados\Normativos_Vigentes\01_Federal\Federal - IN 81.2022 - TR.md"
"A-OneDrive/Analise_de_processos","DUPLICADO","Federal - IN 91.2022 - Obras.md",".md","_DUPLICADOS_para_arquivar\Federal - IN 91.2022 - Obras.md","Já existe na mestra: mestra\01_Normativos_Vigentes\01_Federal\Federal - IN 91.2022 - Obras.md","2583","C:\Users\thiagonogueira\OneDrive - mppi.mp.br\Análise de processos\04_Normativos_Relacionados\Normativos_Vigentes\01_Federal\Federal - IN 91.2022 - Obras.md"
"A-OneDrive/Analise_de_processos","DUPLICADO","Federal - IN 98.2025 SPU MGI - Destinacao e Gestao de Imoveis da Uniao.md",".md","_DUPLICADOS_para_arquivar\Federal - IN 98.2025 SPU MGI - Destinacao e Gestao de Imoveis da Uniao.md","Já existe na mestra: mestra\01_Normativos_Vigentes\01_Federal\Federal - IN 98.2025 SPU MGI - Destinacao e Gestao de Imoveis da Uniao.md","71913","C:\Users\thiagonogueira\OneDrive - mppi.mp.br\Análise de processos\04_Normativos_Relacionados\Normativos_Vigentes\01_Federal\Federal - IN 98.2025 SPU MGI - Destinacao e Gestao de Imoveis da Uniao.md"
"A-OneDrive/Analise_de_processos","DUPLICADO","Federal - Lei 14133.2021.md",".md","_DUPLICADOS_para_arquivar\Federal - Lei 14133.2021.md","Já existe na mestra: mestra\01_Normativos_Vigentes\01_Federal\Federal - Lei 14133.2021.md","291797","C:\Users\thiagonogueira\OneDrive - mppi.mp.br\Análise de processos\04_Normativos_Relacionados\Normativos_Vigentes\01_Federal\Federal - Lei 14133.2021.md"
"A-OneDrive/Analise_de_processos","DUPLICADO","Federal - Lei 8078.1990 (Codigo de Defesa do Consumidor).md",".md","_DUPLICADOS_para_arquivar\Federal - Lei 8078.1990 (Codigo de Defesa do Consumidor).md","Já existe na mestra: mestra\01_Normativos_Vigentes\01_Federal\Federal - Lei 8078.1990 (Codigo de Defesa do Consumidor).md","102212","C:\Users\thiagonogueira\OneDrive - mppi.mp.br\Análise de processos\04_Normativos_Relacionados\Normativos_Vigentes\01_Federal\Federal - Lei 8078.1990 (Codigo de Defesa do Consumidor).md"
"A-OneDrive/Analise_de_processos","DUPLICADO","Federal - Lei 9784 - Processo Administrativo.md",".md","_DUPLICADOS_para_arquivar\Federal - Lei 9784 - Processo Administrativo.md","Já existe na mestra: mestra\01_Normativos_Vigentes\01_Federal\Federal - Lei 9784 - Processo Administrativo.md","42048","C:\Users\thiagonogueira\OneDrive - mppi.mp.br\Análise de processos\04_Normativos_Relacionados\Normativos_Vigentes\01_Federal\Federal - Lei 9784 - Processo Administrativo.md"
"A-OneDrive/Analise_de_processos","DUPLICADO","Federal - Lei Complementar 123 - ME e EPP.md",".md","_DUPLICADOS_para_arquivar\Federal - Lei Complementar 123 - ME e EPP.md","Já existe na mestra: mestra\01_Normativos_Vigentes\01_Federal\Federal - Lei Complementar 123 - ME e EPP.md","378954","C:\Users\thiagonogueira\OneDrive - mppi.mp.br\Análise de processos\04_Normativos_Relacionados\Normativos_Vigentes\01_Federal\Federal - Lei Complementar 123 - ME e EPP.md"
"A-OneDrive/Analise_de_processos","DUPLICADO","Federal - Lei Complementar 225 - Código de Defesa do Contribuinte.md",".md","_DUPLICADOS_para_arquivar\Federal - Lei Complementar 225 - Código de Defesa do Contribuinte.md","Já existe na mestra: mestra\01_Normativos_Vigentes\01_Federal\Federal - Lei Complementar 225 - Código de Defesa do Contribuinte.md","90413","C:\Users\thiagonogueira\OneDrive - mppi.mp.br\Análise de processos\04_Normativos_Relacionados\Normativos_Vigentes\01_Federal\Federal - Lei Complementar 225 - Código de Defesa do Contribuinte.md"
"A-OneDrive/Analise_de_processos","DUPLICADO","Federal - lista-de-atos-normativos-e-estagios-de-regulamentacao-da-lei-14133-de-2021.md",".md","_DUPLICADOS_para_arquivar\Federal - lista-de-atos-normativos-e-estagios-de-regulamentacao-da-lei-14133-de-2021.md","Já existe na mestra: mestra\01_Normativos_Vigentes\01_Federal\Federal - lista-de-atos-normativos-e-estagios-de-regulamentacao-da-lei-14133-de-2021.md","89369","C:\Users\thiagonogueira\OneDrive - mppi.mp.br\Análise de processos\04_Normativos_Relacionados\Normativos_Vigentes\01_Federal\Federal - lista-de-atos-normativos-e-estagios-de-regulamentacao-da-lei-14133-de-2021.md"
"A-OneDrive/Analise_de_processos","DUPLICADO","Federal - mto_2026_-_versao_5_.md",".md","_DUPLICADOS_para_arquivar\Federal - mto_2026_-_versao_5_.md","Já existe na mestra: mestra\01_Normativos_Vigentes\01_Federal\Federal - mto_2026_-_versao_5_.md","870017","C:\Users\thiagonogueira\OneDrive - mppi.mp.br\Análise de processos\04_Normativos_Relacionados\Normativos_Vigentes\01_Federal\Federal - mto_2026_-_versao_5_.md"
"A-OneDrive/Analise_de_processos","DUPLICADO","Federal - Nota Recomendatoria Conjunta 01.2025 - Adesao a ARP Carona.md",".md","_DUPLICADOS_para_arquivar\Federal - Nota Recomendatoria Conjunta 01.2025 - Adesao a ARP Carona.md","Já existe na mestra: mestra\01_Normativos_Vigentes\01_Federal\Federal - Nota Recomendatoria Conjunta 01.2025 - Adesao a ARP Carona.md","8046","C:\Users\thiagonogueira\OneDrive - mppi.mp.br\Análise de processos\04_Normativos_Relacionados\Normativos_Vigentes\01_Federal\Federal - Nota Recomendatoria Conjunta 01.2025 - Adesao a ARP Carona.md"
"A-OneDrive/Analise_de_processos","DUPLICADO","Federal - ON 88.2024 AGU - Dispensa de Licitacao em Razao do Valor.md",".md","_DUPLICADOS_para_arquivar\Federal - ON 88.2024 AGU - Dispensa de Licitacao em Razao do Valor.md","Já existe na mestra: mestra\01_Normativos_Vigentes\01_Federal\Federal - ON 88.2024 AGU - Dispensa de Licitacao em Razao do Valor.md","15510","C:\Users\thiagonogueira\OneDrive - mppi.mp.br\Análise de processos\04_Normativos_Relacionados\Normativos_Vigentes\01_Federal\Federal - ON 88.2024 AGU - Dispensa de Licitacao em Razao do Valor.md"
"A-OneDrive/Analise_de_processos","DUPLICADO","Federal - ON 89.2024 AGU - Contratacoes Diretas e Alteracoes Contratuais.md",".md","_DUPLICADOS_para_arquivar\Federal - ON 89.2024 AGU - Contratacoes Diretas e Alteracoes Contratuais.md","Já existe na mestra: mestra\01_Normativos_Vigentes\01_Federal\Federal - ON 89.2024 AGU - Contratacoes Diretas e Alteracoes Contratuais.md","15450","C:\Users\thiagonogueira\OneDrive - mppi.mp.br\Análise de processos\04_Normativos_Relacionados\Normativos_Vigentes\01_Federal\Federal - ON 89.2024 AGU - Contratacoes Diretas e Alteracoes Contratuais.md"
"A-OneDrive/Analise_de_processos","DUPLICADO","Federal - Parecer Referencial 00001.2026 CONJUR-MS-CGU-AGU.md",".md","_DUPLICADOS_para_arquivar\Federal - Parecer Referencial 00001.2026 CONJUR-MS-CGU-AGU.md","Já existe na mestra: mestra\01_Normativos_Vigentes\01_Federal\Federal - Parecer Referencial 00001.2026 CONJUR-MS-CGU-AGU.md","120002","C:\Users\thiagonogueira\OneDrive - mppi.mp.br\Análise de processos\04_Normativos_Relacionados\Normativos_Vigentes\01_Federal\Federal - Parecer Referencial 00001.2026 CONJUR-MS-CGU-AGU.md"
"A-OneDrive/Analise_de_processos","DUPLICADO","Federal - Portaria 8678.2021 - Governanca de Contratacoes Publicas.md",".md","_DUPLICADOS_para_arquivar\Federal - Portaria 8678.2021 - Governanca de Contratacoes Publicas.md","Já existe na mestra: mestra\01_Normativos_Vigentes\01_Federal\Federal - Portaria 8678.2021 - Governanca de Contratacoes Publicas.md","2385","C:\Users\thiagonogueira\OneDrive - mppi.mp.br\Análise de processos\04_Normativos_Relacionados\Normativos_Vigentes\01_Federal\Federal - Portaria 8678.2021 - Governanca de Contratacoes Publicas.md"
"A-OneDrive/Analise_de_processos","DUPLICADO","Federal - Resolução CGSIM nº 48.2018 (Comitê para Gestão da Rede Nacional para a Simplificação do Registro e da Legalização de Empresas e Negócios)..md",".md","_DUPLICADOS_para_arquivar\Federal - Resolução CGSIM nº 48.2018 (Comitê para Gestão da Rede Nacional para a Simplificação do Registro e da Legalização de Empresas e Negócios)..md","Já existe na mestra: mestra\01_Normativos_Vigentes\01_Federal\Federal - Resolução CGSIM nº 48.2018 (Comitê para Gestão da Rede Nacional para a Simplificação do Registro e da Legalização de Empresas e Negócios)..md","65263","C:\Users\thiagonogueira\OneDrive - mppi.mp.br\Análise de processos\04_Normativos_Relacionados\Normativos_Vigentes\01_Federal\Federal - Resolução CGSIM nº 48.2018 (Comitê para Gestão da Rede Nacional para a Simplificação do Registro e da Legalização de Empresas e Negócios)..md"
"A-OneDrive/Analise_de_processos","DUPLICADO","Federal Lei 12527.2011 (Lei de Acesso à Informação).md",".md","_DUPLICADOS_para_arquivar\Federal Lei 12527.2011 (Lei de Acesso à Informação).md","Já existe na mestra: mestra\01_Normativos_Vigentes\01_Federal\Federal Lei 12527.2011 (Lei de Acesso à Informação).md","52879","C:\Users\thiagonogueira\OneDrive - mppi.mp.br\Análise de processos\04_Normativos_Relacionados\Normativos_Vigentes\01_Federal\Federal Lei 12527.2011 (Lei de Acesso à Informação).md"
"A-OneDrive/Analise_de_processos","DUPLICADO","CGE IN 01.2021 - Pesquisa de Preços.md",".md","_DUPLICADOS_para_arquivar\CGE IN 01.2021 - Pesquisa de Preços.md","Já existe na mestra: mestra\01_Normativos_Vigentes\02_Estadual_PI\CGE IN 01.2021 - Pesquisa de Preços.md","24561","C:\Users\thiagonogueira\OneDrive - mppi.mp.br\Análise de processos\04_Normativos_Relacionados\Normativos_Vigentes\02_Estadual_PI\CGE IN 01.2021 - Pesquisa de Preços.md"
"A-OneDrive/Analise_de_processos","DUPLICADO","CGE IN 02.2025 - Procedimentos Obras.md",".md","_DUPLICADOS_para_arquivar\CGE IN 02.2025 - Procedimentos Obras.md","Já existe na mestra: mestra\01_Normativos_Vigentes\02_Estadual_PI\CGE IN 02.2025 - Procedimentos Obras.md","21638","C:\Users\thiagonogueira\OneDrive - mppi.mp.br\Análise de processos\04_Normativos_Relacionados\Normativos_Vigentes\02_Estadual_PI\CGE IN 02.2025 - Procedimentos Obras.md"
"A-OneDrive/Analise_de_processos","DUPLICADO","Decreto Estadual  21813.2023 - Licitações e Contratos de Publicidade.md",".md","_DUPLICADOS_para_arquivar\Decreto Estadual  21813.2023 - Licitações e Contratos de Publicidade.md","Já existe na mestra: mestra\01_Normativos_Vigentes\02_Estadual_PI\Decreto Estadual  21813.2023 - Licitações e Contratos de Publicidade.md","4557","C:\Users\thiagonogueira\OneDrive - mppi.mp.br\Análise de processos\04_Normativos_Relacionados\Normativos_Vigentes\02_Estadual_PI\Decreto Estadual  21813.2023 - Licitações e Contratos de Publicidade.md"
"A-OneDrive/Analise_de_processos","DUPLICADO","Decreto Estadual 11319.2004 - Sistema de Registro de Precos Estadual.md",".md","_DUPLICADOS_para_arquivar\Decreto Estadual 11319.2004 - Sistema de Registro de Precos Estadual.md","Já existe na mestra: mestra\01_Normativos_Vigentes\02_Estadual_PI\Decreto Estadual 11319.2004 - Sistema de Registro de Precos Estadual.md","24974","C:\Users\thiagonogueira\OneDrive - mppi.mp.br\Análise de processos\04_Normativos_Relacionados\Normativos_Vigentes\02_Estadual_PI\Decreto Estadual 11319.2004 - Sistema de Registro de Precos Estadual.md"
"A-OneDrive/Analise_de_processos","DUPLICADO","Decreto Estadual 11320.2004 - Cadastro Unico de Fornecedores do Piaui.md",".md","_DUPLICADOS_para_arquivar\Decreto Estadual 11320.2004 - Cadastro Unico de Fornecedores do Piaui.md","Já existe na mestra: mestra\01_Normativos_Vigentes\02_Estadual_PI\Decreto Estadual 11320.2004 - Cadastro Unico de Fornecedores do Piaui.md","15429","C:\Users\thiagonogueira\OneDrive - mppi.mp.br\Análise de processos\04_Normativos_Relacionados\Normativos_Vigentes\02_Estadual_PI\Decreto Estadual 11320.2004 - Cadastro Unico de Fornecedores do Piaui.md"
"A-OneDrive/Analise_de_processos","DUPLICADO","Decreto Estadual 11346.2004 - Modalidade Pregao no Piaui.md",".md","_DUPLICADOS_para_arquivar\Decreto Estadual 11346.2004 - Modalidade Pregao no Piaui.md","Já existe na mestra: mestra\01_Normativos_Vigentes\02_Estadual_PI\Decreto Estadual 11346.2004 - Modalidade Pregao no Piaui.md","34030","C:\Users\thiagonogueira\OneDrive - mppi.mp.br\Análise de processos\04_Normativos_Relacionados\Normativos_Vigentes\02_Estadual_PI\Decreto Estadual 11346.2004 - Modalidade Pregao no Piaui.md"
"A-OneDrive/Analise_de_processos","DUPLICADO","Decreto Estadual 13701.2009 - Contratacoes Publicas Sustentaveis.md",".md","_DUPLICADOS_para_arquivar\Decreto Estadual 13701.2009 - Contratacoes Publicas Sustentaveis.md","Já existe na mestra: mestra\01_Normativos_Vigentes\02_Estadual_PI\Decreto Estadual 13701.2009 - Contratacoes Publicas Sustentaveis.md","5482","C:\Users\thiagonogueira\OneDrive - mppi.mp.br\Análise de processos\04_Normativos_Relacionados\Normativos_Vigentes\02_Estadual_PI\Decreto Estadual 13701.2009 - Contratacoes Publicas Sustentaveis.md"
"A-OneDrive/Analise_de_processos","DUPLICADO","Decreto Estadual 14386.2011 - Aquisicao Locacao e Controle de Veiculos Oficiais.md",".md","_DUPLICADOS_para_arquivar\Decreto Estadual 14386.2011 - Aquisicao Locacao e Controle de Veiculos Oficiais.md","Já existe na mestra: mestra\01_Normativos_Vigentes\02_Estadual_PI\Decreto Estadual 14386.2011 - Aquisicao Locacao e Controle de Veiculos Oficiais.md","22394","C:\Users\thiagonogueira\OneDrive - mppi.mp.br\Análise de processos\04_Normativos_Relacionados\Normativos_Vigentes\02_Estadual_PI\Decreto Estadual 14386.2011 - Aquisicao Locacao e Controle de Veiculos Oficiais.md"
"A-OneDrive/Analise_de_processos","DUPLICADO","Decreto Estadual 14483.2011 - Contratacao de Servicos no Executivo Estadual (Compilado).md",".md","_DUPLICADOS_para_arquivar\Decreto Estadual 14483.2011 - Contratacao de Servicos no Executivo Estadual (Compilado).md","Já existe na mestra: mestra\01_Normativos_Vigentes\02_Estadual_PI\Decreto Estadual 14483.2011 - Contratacao de Servicos no Executivo Estadual (Compilado).md","397666","C:\Users\thiagonogueira\OneDrive - mppi.mp.br\Análise de processos\04_Normativos_Relacionados\Normativos_Vigentes\02_Estadual_PI\Decreto Estadual 14483.2011 - Contratacao de Servicos no Executivo Estadual (Compilado).md"
"A-OneDrive/Analise_de_processos","DUPLICADO","Decreto Estadual 14891.2012 - Aquisicao e Concessao de Passagens Aereas (Compilado).md",".md","_DUPLICADOS_para_arquivar\Decreto Estadual 14891.2012 - Aquisicao e Concessao de Passagens Aereas (Compilado).md","Já existe na mestra: mestra\01_Normativos_Vigentes\02_Estadual_PI\Decreto Estadual 14891.2012 - Aquisicao e Concessao de Passagens Aereas (Compilado).md","77394","C:\Users\thiagonogueira\OneDrive - mppi.mp.br\Análise de processos\04_Normativos_Relacionados\Normativos_Vigentes\02_Estadual_PI\Decreto Estadual 14891.2012 - Aquisicao e Concessao de Passagens Aereas (Compilado).md"
"A-OneDrive/Analise_de_processos","DUPLICADO","Decreto Estadual 16212.2015 - Regulamenta o tratamento favorecido, diferenciado e simplificado para as microempresas, empresas de pequeno....md",".md","_DUPLICADOS_para_arquivar\Decreto Estadual 16212.2015 - Regulamenta o tratamento favorecido, diferenciado e simplificado para as microempresas, empresas de pequeno....md","Já existe na mestra: mestra\01_Normativos_Vigentes\02_Estadual_PI\Decreto Estadual 16212.2015 - Regulamenta o tratamento favorecido, diferenciado e simplificado para as microempresas, empresas de pequeno....md","14229","C:\Users\thiagonogueira\OneDrive - mppi.mp.br\Análise de processos\04_Normativos_Relacionados\Normativos_Vigentes\02_Estadual_PI\Decreto Estadual 16212.2015 - Regulamenta o tratamento favorecido, diferenciado e simplificado para as microempresas, empresas de pequeno....md"
"A-OneDrive/Analise_de_processos","DUPLICADO","Decreto Estadual 16226.2015 - Estabelece normas para a concessão, aplicação e prestação de contas de Suprimento de Fundos, no âmbito do....md",".md","_DUPLICADOS_para_arquivar\Decreto Estadual 16226.2015 - Estabelece normas para a concessão, aplicação e prestação de contas de Suprimento de Fundos, no âmbito do....md","Já existe na mestra: mestra\01_Normativos_Vigentes\02_Estadual_PI\Decreto Estadual 16226.2015 - Estabelece normas para a concessão, aplicação e prestação de contas de Suprimento de Fundos, no âmbito do....md","23273","C:\Users\thiagonogueira\OneDrive - mppi.mp.br\Análise de processos\04_Normativos_Relacionados\Normativos_Vigentes\02_Estadual_PI\Decreto Estadual 16226.2015 - Estabelece normas para a concessão, aplicação e prestação de contas de Suprimento de Fundos, no âmbito do....md"
"A-OneDrive/Analise_de_processos","DUPLICADO","Decreto Estadual 16266.2015 - Regulamenta o art. 41, II, da Lei Estadual nº 7.884, de 08 de dezembro de 2022, disciplina patrocínio dos... [ALTERADO POSTERIORMENTE].md",".md","_DUPLICADOS_para_arquivar\Decreto Estadual 16266.2015 - Regulamenta o art. 41, II, da Lei Estadual nº 7.884, de 08 de dezembro de 2022, disciplina patrocínio dos... [ALTERADO POSTERIORMENTE].md","Já existe na mestra: mestra\01_Normativos_Vigentes\02_Estadual_PI\Decreto Estadual 16266.2015 - Regulamenta o art. 41, II, da Lei Estadual nº 7.884, de 08 de dezembro de 2022, disciplina patrocínio dos... [ALTERADO POSTERIORMENTE].md","14542","C:\Users\thiagonogueira\OneDrive - mppi.mp.br\Análise de processos\04_Normativos_Relacionados\Normativos_Vigentes\02_Estadual_PI\Decreto Estadual 16266.2015 - Regulamenta o art. 41, II, da Lei Estadual nº 7.884, de 08 de dezembro de 2022, disciplina patrocínio dos... [ALTERADO POSTERIORMENTE].md"
"A-OneDrive/Analise_de_processos","DUPLICADO","Decreto Estadual 16737.2016 - Estabelece parâmetros para elaboração de extratos de contratos administrativos e aditamentos contratuais, a....md",".md","_DUPLICADOS_para_arquivar\Decreto Estadual 16737.2016 - Estabelece parâmetros para elaboração de extratos de contratos administrativos e aditamentos contratuais, a....md","Já existe na mestra: mestra\01_Normativos_Vigentes\02_Estadual_PI\Decreto Estadual 16737.2016 - Estabelece parâmetros para elaboração de extratos de contratos administrativos e aditamentos contratuais, a....md","6466","C:\Users\thiagonogueira\OneDrive - mppi.mp.br\Análise de processos\04_Normativos_Relacionados\Normativos_Vigentes\02_Estadual_PI\Decreto Estadual 16737.2016 - Estabelece parâmetros para elaboração de extratos de contratos administrativos e aditamentos contratuais, a....md"
"A-OneDrive/Analise_de_processos","DUPLICADO","Decreto Estadual 17031.2017 - Regulamenta a Lei nº 6.928, de 27 de dezembro de 2016, que dispõe a implantação no Estado do Piauí do....md",".md","_DUPLICADOS_para_arquivar\Decreto Estadual 17031.2017 - Regulamenta a Lei nº 6.928, de 27 de dezembro de 2016, que dispõe a implantação no Estado do Piauí do....md","Já existe na mestra: mestra\01_Normativos_Vigentes\02_Estadual_PI\Decreto Estadual 17031.2017 - Regulamenta a Lei nº 6.928, de 27 de dezembro de 2016, que dispõe a implantação no Estado do Piauí do....md","19236","C:\Users\thiagonogueira\OneDrive - mppi.mp.br\Análise de processos\04_Normativos_Relacionados\Normativos_Vigentes\02_Estadual_PI\Decreto Estadual 17031.2017 - Regulamenta a Lei nº 6.928, de 27 de dezembro de 2016, que dispõe a implantação no Estado do Piauí do....md"
"A-OneDrive/Analise_de_processos","DUPLICADO","Decreto Estadual 17083.2017 - Regulamenta a Lei Federal nº 13.019, de 31 de julho de 2014, para dispor sobre regras e procedimentos do....md",".md","_DUPLICADOS_para_arquivar\Decreto Estadual 17083.2017 - Regulamenta a Lei Federal nº 13.019, de 31 de julho de 2014, para dispor sobre regras e procedimentos do....md","Já existe na mestra: mestra\01_Normativos_Vigentes\02_Estadual_PI\Decreto Estadual 17083.2017 - Regulamenta a Lei Federal nº 13.019, de 31 de julho de 2014, para dispor sobre regras e procedimentos do....md","137886","C:\Users\thiagonogueira\OneDrive - mppi.mp.br\Análise de processos\04_Normativos_Relacionados\Normativos_Vigentes\02_Estadual_PI\Decreto Estadual 17083.2017 - Regulamenta a Lei Federal nº 13.019, de 31 de julho de 2014, para dispor sobre regras e procedimentos do....md"
"A-OneDrive/Analise_de_processos","DUPLICADO","Decreto Estadual 17084.2017 - Dispõe sobre a Programação Orçamentária e Financeira dos órgãos e entidades do Poder Executivo, relativa a....md",".md","_DUPLICADOS_para_arquivar\Decreto Estadual 17084.2017 - Dispõe sobre a Programação Orçamentária e Financeira dos órgãos e entidades do Poder Executivo, relativa a....md","Já existe na mestra: mestra\01_Normativos_Vigentes\02_Estadual_PI\Decreto Estadual 17084.2017 - Dispõe sobre a Programação Orçamentária e Financeira dos órgãos e entidades do Poder Executivo, relativa a....md","12782","C:\Users\thiagonogueira\OneDrive - mppi.mp.br\Análise de processos\04_Normativos_Relacionados\Normativos_Vigentes\02_Estadual_PI\Decreto Estadual 17084.2017 - Dispõe sobre a Programação Orçamentária e Financeira dos órgãos e entidades do Poder Executivo, relativa a....md"
"A-OneDrive/Analise_de_processos","DUPLICADO","Decreto Estadual 17402.2017 - Estabelece, no âmbito da administração pública estadual, diretrizes para recolhimento, controle e prestação....md",".md","_DUPLICADOS_para_arquivar\Decreto Estadual 17402.2017 - Estabelece, no âmbito da administração pública estadual, diretrizes para recolhimento, controle e prestação....md","Já existe na mestra: mestra\01_Normativos_Vigentes\02_Estadual_PI\Decreto Estadual 17402.2017 - Estabelece, no âmbito da administração pública estadual, diretrizes para recolhimento, controle e prestação....md","11138","C:\Users\thiagonogueira\OneDrive - mppi.mp.br\Análise de processos\04_Normativos_Relacionados\Normativos_Vigentes\02_Estadual_PI\Decreto Estadual 17402.2017 - Estabelece, no âmbito da administração pública estadual, diretrizes para recolhimento, controle e prestação....md"
"A-OneDrive/Analise_de_processos","DUPLICADO","Decreto Estadual 17526.2017 - Reestrutura o Sistema de Controle Interno do Poder Executivo Estadual, revoga o Decreto 11.434, de 14 de....md",".md","_DUPLICADOS_para_arquivar\Decreto Estadual 17526.2017 - Reestrutura o Sistema de Controle Interno do Poder Executivo Estadual, revoga o Decreto 11.434, de 14 de....md","Já existe na mestra: mestra\01_Normativos_Vigentes\02_Estadual_PI\Decreto Estadual 17526.2017 - Reestrutura o Sistema de Controle Interno do Poder Executivo Estadual, revoga o Decreto 11.434, de 14 de....md","18113","C:\Users\thiagonogueira\OneDrive - mppi.mp.br\Análise de processos\04_Normativos_Relacionados\Normativos_Vigentes\02_Estadual_PI\Decreto Estadual 17526.2017 - Reestrutura o Sistema de Controle Interno do Poder Executivo Estadual, revoga o Decreto 11.434, de 14 de....md"
"A-OneDrive/Analise_de_processos","DUPLICADO","Decreto Estadual 18077.2018 - Dispõe sobre a utilização da certificação digital no âmbito da Administração Pública Estadual, e dá outras....md",".md","_DUPLICADOS_para_arquivar\Decreto Estadual 18077.2018 - Dispõe sobre a utilização da certificação digital no âmbito da Administração Pública Estadual, e dá outras....md","Já existe na mestra: mestra\01_Normativos_Vigentes\02_Estadual_PI\Decreto Estadual 18077.2018 - Dispõe sobre a utilização da certificação digital no âmbito da Administração Pública Estadual, e dá outras....md","3136","C:\Users\thiagonogueira\OneDrive - mppi.mp.br\Análise de processos\04_Normativos_Relacionados\Normativos_Vigentes\02_Estadual_PI\Decreto Estadual 18077.2018 - Dispõe sobre a utilização da certificação digital no âmbito da Administração Pública Estadual, e dá outras....md"
"A-OneDrive/Analise_de_processos","DUPLICADO","Decreto Estadual 18142.2019 - Estabelece o Sistema Eletrônico de Informações (SEI) como sistema oficial para a gestão de documentos e....md",".md","_DUPLICADOS_para_arquivar\Decreto Estadual 18142.2019 - Estabelece o Sistema Eletrônico de Informações (SEI) como sistema oficial para a gestão de documentos e....md","Já existe na mestra: mestra\01_Normativos_Vigentes\02_Estadual_PI\Decreto Estadual 18142.2019 - Estabelece o Sistema Eletrônico de Informações (SEI) como sistema oficial para a gestão de documentos e....md","13716","C:\Users\thiagonogueira\OneDrive - mppi.mp.br\Análise de processos\04_Normativos_Relacionados\Normativos_Vigentes\02_Estadual_PI\Decreto Estadual 18142.2019 - Estabelece o Sistema Eletrônico de Informações (SEI) como sistema oficial para a gestão de documentos e....md"
"A-OneDrive/Analise_de_processos","DUPLICADO","Decreto Estadual 18224.2019 - Regulamenta o período de transição no âmbito da reforma administrativa aprovada pela Lei nº 7.211, de 22 de....md",".md","_DUPLICADOS_para_arquivar\Decreto Estadual 18224.2019 - Regulamenta o período de transição no âmbito da reforma administrativa aprovada pela Lei nº 7.211, de 22 de....md","Já existe na mestra: mestra\01_Normativos_Vigentes\02_Estadual_PI\Decreto Estadual 18224.2019 - Regulamenta o período de transição no âmbito da reforma administrativa aprovada pela Lei nº 7.211, de 22 de....md","11345","C:\Users\thiagonogueira\OneDrive - mppi.mp.br\Análise de processos\04_Normativos_Relacionados\Normativos_Vigentes\02_Estadual_PI\Decreto Estadual 18224.2019 - Regulamenta o período de transição no âmbito da reforma administrativa aprovada pela Lei nº 7.211, de 22 de....md"
"A-OneDrive/Analise_de_processos","DUPLICADO","Decreto Estadual 18337.2019 - Define as atribuições e responsabilidades dos agentes designados como liquidantes de órgãos e entidades em....md",".md","_DUPLICADOS_para_arquivar\Decreto Estadual 18337.2019 - Define as atribuições e responsabilidades dos agentes designados como liquidantes de órgãos e entidades em....md","Já existe na mestra: mestra\01_Normativos_Vigentes\02_Estadual_PI\Decreto Estadual 18337.2019 - Define as atribuições e responsabilidades dos agentes designados como liquidantes de órgãos e entidades em....md","14797","C:\Users\thiagonogueira\OneDrive - mppi.mp.br\Análise de processos\04_Normativos_Relacionados\Normativos_Vigentes\02_Estadual_PI\Decreto Estadual 18337.2019 - Define as atribuições e responsabilidades dos agentes designados como liquidantes de órgãos e entidades em....md"
"A-OneDrive/Analise_de_processos","DUPLICADO","Decreto Estadual 18369.2019 - Aprova a publicação do PARECER PGECJ Nº 0652019, da Procuradoria Geral do Estado, com caráter normativo,....md",".md","_DUPLICADOS_para_arquivar\Decreto Estadual 18369.2019 - Aprova a publicação do PARECER PGECJ Nº 0652019, da Procuradoria Geral do Estado, com caráter normativo,....md","Já existe na mestra: mestra\01_Normativos_Vigentes\02_Estadual_PI\Decreto Estadual 18369.2019 - Aprova a publicação do PARECER PGECJ Nº 0652019, da Procuradoria Geral do Estado, com caráter normativo,....md","1890","C:\Users\thiagonogueira\OneDrive - mppi.mp.br\Análise de processos\04_Normativos_Relacionados\Normativos_Vigentes\02_Estadual_PI\Decreto Estadual 18369.2019 - Aprova a publicação do PARECER PGECJ Nº 0652019, da Procuradoria Geral do Estado, com caráter normativo,....md"
"A-OneDrive/Analise_de_processos","DUPLICADO","Decreto Estadual 18561.2019 - Regulamenta a Lei nº 6.949, de 11 de janeiro de 2017, que regula o Processo Administrativo Tributário,....md",".md","_DUPLICADOS_para_arquivar\Decreto Estadual 18561.2019 - Regulamenta a Lei nº 6.949, de 11 de janeiro de 2017, que regula o Processo Administrativo Tributário,....md","Já existe na mestra: mestra\01_Normativos_Vigentes\02_Estadual_PI\Decreto Estadual 18561.2019 - Regulamenta a Lei nº 6.949, de 11 de janeiro de 2017, que regula o Processo Administrativo Tributário,....md","118896","C:\Users\thiagonogueira\OneDrive - mppi.mp.br\Análise de processos\04_Normativos_Relacionados\Normativos_Vigentes\02_Estadual_PI\Decreto Estadual 18561.2019 - Regulamenta a Lei nº 6.949, de 11 de janeiro de 2017, que regula o Processo Administrativo Tributário,....md"
"A-OneDrive/Analise_de_processos","DUPLICADO","Decreto Estadual 19743.2021 - Aprova a publicação do Parecer PGECJ nº 1122021, da Procuradoria-Geral do Estado, com caráter normativo,....md",".md","_DUPLICADOS_para_arquivar\Decreto Estadual 19743.2021 - Aprova a publicação do Parecer PGECJ nº 1122021, da Procuradoria-Geral do Estado, com caráter normativo,....md","Já existe na mestra: mestra\01_Normativos_Vigentes\02_Estadual_PI\Decreto Estadual 19743.2021 - Aprova a publicação do Parecer PGECJ nº 1122021, da Procuradoria-Geral do Estado, com caráter normativo,....md","1876","C:\Users\thiagonogueira\OneDrive - mppi.mp.br\Análise de processos\04_Normativos_Relacionados\Normativos_Vigentes\02_Estadual_PI\Decreto Estadual 19743.2021 - Aprova a publicação do Parecer PGECJ nº 1122021, da Procuradoria-Geral do Estado, com caráter normativo,....md"
"A-OneDrive/Analise_de_processos","DUPLICADO","Decreto Estadual 19841.2021 - Dispõe sobre os procedimentos e critérios para o reequilíbrio econômico-financeiro de contratos....md",".md","_DUPLICADOS_para_arquivar\Decreto Estadual 19841.2021 - Dispõe sobre os procedimentos e critérios para o reequilíbrio econômico-financeiro de contratos....md","Já existe na mestra: mestra\01_Normativos_Vigentes\02_Estadual_PI\Decreto Estadual 19841.2021 - Dispõe sobre os procedimentos e critérios para o reequilíbrio econômico-financeiro de contratos....md","3717","C:\Users\thiagonogueira\OneDrive - mppi.mp.br\Análise de processos\04_Normativos_Relacionados\Normativos_Vigentes\02_Estadual_PI\Decreto Estadual 19841.2021 - Dispõe sobre os procedimentos e critérios para o reequilíbrio econômico-financeiro de contratos....md"
"A-OneDrive/Analise_de_processos","DUPLICADO","Decreto Estadual 19876.2021 - Estabelece normas para o envio de matérias pelos órgãos e entidades da Administração Pública estadual....md",".md","_DUPLICADOS_para_arquivar\Decreto Estadual 19876.2021 - Estabelece normas para o envio de matérias pelos órgãos e entidades da Administração Pública estadual....md","Já existe na mestra: mestra\01_Normativos_Vigentes\02_Estadual_PI\Decreto Estadual 19876.2021 - Estabelece normas para o envio de matérias pelos órgãos e entidades da Administração Pública estadual....md","6361","C:\Users\thiagonogueira\OneDrive - mppi.mp.br\Análise de processos\04_Normativos_Relacionados\Normativos_Vigentes\02_Estadual_PI\Decreto Estadual 19876.2021 - Estabelece normas para o envio de matérias pelos órgãos e entidades da Administração Pública estadual....md"
"A-OneDrive/Analise_de_processos","DUPLICADO","Decreto Estadual 20096.2021 - Credenciamento de Fornecedores e Prestadores de Servicos (Compilado).md",".md","_DUPLICADOS_para_arquivar\Decreto Estadual 20096.2021 - Credenciamento de Fornecedores e Prestadores de Servicos (Compilado).md","Já existe na mestra: mestra\01_Normativos_Vigentes\02_Estadual_PI\Decreto Estadual 20096.2021 - Credenciamento de Fornecedores e Prestadores de Servicos (Compilado).md","38803","C:\Users\thiagonogueira\OneDrive - mppi.mp.br\Análise de processos\04_Normativos_Relacionados\Normativos_Vigentes\02_Estadual_PI\Decreto Estadual 20096.2021 - Credenciamento de Fornecedores e Prestadores de Servicos (Compilado).md"
"A-OneDrive/Analise_de_processos","DUPLICADO","Decreto Estadual 20110.2021 - Dispõe sobre o regime de licitações e contratos administrativos a ser utilizado no âmbito da Administração....md",".md","_DUPLICADOS_para_arquivar\Decreto Estadual 20110.2021 - Dispõe sobre o regime de licitações e contratos administrativos a ser utilizado no âmbito da Administração....md","Já existe na mestra: mestra\01_Normativos_Vigentes\02_Estadual_PI\Decreto Estadual 20110.2021 - Dispõe sobre o regime de licitações e contratos administrativos a ser utilizado no âmbito da Administração....md","5198","C:\Users\thiagonogueira\OneDrive - mppi.mp.br\Análise de processos\04_Normativos_Relacionados\Normativos_Vigentes\02_Estadual_PI\Decreto Estadual 20110.2021 - Dispõe sobre o regime de licitações e contratos administrativos a ser utilizado no âmbito da Administração....md"
"A-OneDrive/Analise_de_processos","DUPLICADO","Decreto Estadual 21787.2023 - Regulamenta o Conselho Estadual de Gestão de Pessoas e dá outras providências..md",".md","_DUPLICADOS_para_arquivar\Decreto Estadual 21787.2023 - Regulamenta o Conselho Estadual de Gestão de Pessoas e dá outras providências..md","Já existe na mestra: mestra\01_Normativos_Vigentes\02_Estadual_PI\Decreto Estadual 21787.2023 - Regulamenta o Conselho Estadual de Gestão de Pessoas e dá outras providências..md","9535","C:\Users\thiagonogueira\OneDrive - mppi.mp.br\Análise de processos\04_Normativos_Relacionados\Normativos_Vigentes\02_Estadual_PI\Decreto Estadual 21787.2023 - Regulamenta o Conselho Estadual de Gestão de Pessoas e dá outras providências..md"
"A-OneDrive/Analise_de_processos","DUPLICADO","Decreto Estadual 21812.2023 - Dispõe sobre limites de gastos para contratação de bandas e atrações artísticas para eventos festivos no ano....md",".md","_DUPLICADOS_para_arquivar\Decreto Estadual 21812.2023 - Dispõe sobre limites de gastos para contratação de bandas e atrações artísticas para eventos festivos no ano....md","Já existe na mestra: mestra\01_Normativos_Vigentes\02_Estadual_PI\Decreto Estadual 21812.2023 - Dispõe sobre limites de gastos para contratação de bandas e atrações artísticas para eventos festivos no ano....md","5450","C:\Users\thiagonogueira\OneDrive - mppi.mp.br\Análise de processos\04_Normativos_Relacionados\Normativos_Vigentes\02_Estadual_PI\Decreto Estadual 21812.2023 - Dispõe sobre limites de gastos para contratação de bandas e atrações artísticas para eventos festivos no ano....md"
"A-OneDrive/Analise_de_processos","DUPLICADO","Decreto Estadual 21864.2023 - Regulamenta o período de transição no âmbito da reforma administrativa aprovada pela Lei nº 7.884, de 08 de....md",".md","_DUPLICADOS_para_arquivar\Decreto Estadual 21864.2023 - Regulamenta o período de transição no âmbito da reforma administrativa aprovada pela Lei nº 7.884, de 08 de....md","Já existe na mestra: mestra\01_Normativos_Vigentes\02_Estadual_PI\Decreto Estadual 21864.2023 - Regulamenta o período de transição no âmbito da reforma administrativa aprovada pela Lei nº 7.884, de 08 de....md","27375","C:\Users\thiagonogueira\OneDrive - mppi.mp.br\Análise de processos\04_Normativos_Relacionados\Normativos_Vigentes\02_Estadual_PI\Decreto Estadual 21864.2023 - Regulamenta o período de transição no âmbito da reforma administrativa aprovada pela Lei nº 7.884, de 08 de....md"
"A-OneDrive/Analise_de_processos","DUPLICADO","Decreto Estadual 21872.2023 - Regulamenta a NLLC.md",".md","_DUPLICADOS_para_arquivar\Decreto Estadual 21872.2023 - Regulamenta a NLLC.md","Já existe na mestra: mestra\01_Normativos_Vigentes\02_Estadual_PI\Decreto Estadual 21872.2023 - Regulamenta a NLLC.md","166028","C:\Users\thiagonogueira\OneDrive - mppi.mp.br\Análise de processos\04_Normativos_Relacionados\Normativos_Vigentes\02_Estadual_PI\Decreto Estadual 21872.2023 - Regulamenta a NLLC.md"
"A-OneDrive/Analise_de_processos","DUPLICADO","Decreto Estadual 21908.2023 - Dispõe sobre a Comissão de Gestão Financeira e Gestão por Resultados - CGFR e dá outras providências..md",".md","_DUPLICADOS_para_arquivar\Decreto Estadual 21908.2023 - Dispõe sobre a Comissão de Gestão Financeira e Gestão por Resultados - CGFR e dá outras providências..md","Já existe na mestra: mestra\01_Normativos_Vigentes\02_Estadual_PI\Decreto Estadual 21908.2023 - Dispõe sobre a Comissão de Gestão Financeira e Gestão por Resultados - CGFR e dá outras providências..md","10087","C:\Users\thiagonogueira\OneDrive - mppi.mp.br\Análise de processos\04_Normativos_Relacionados\Normativos_Vigentes\02_Estadual_PI\Decreto Estadual 21908.2023 - Dispõe sobre a Comissão de Gestão Financeira e Gestão por Resultados - CGFR e dá outras providências..md"
"A-OneDrive/Analise_de_processos","DUPLICADO","Decreto Estadual 21909.2023 - Obras e Serviços de Engenharia.md",".md","_DUPLICADOS_para_arquivar\Decreto Estadual 21909.2023 - Obras e Serviços de Engenharia.md","Já existe na mestra: mestra\01_Normativos_Vigentes\02_Estadual_PI\Decreto Estadual 21909.2023 - Obras e Serviços de Engenharia.md","19452","C:\Users\thiagonogueira\OneDrive - mppi.mp.br\Análise de processos\04_Normativos_Relacionados\Normativos_Vigentes\02_Estadual_PI\Decreto Estadual 21909.2023 - Obras e Serviços de Engenharia.md"
"A-OneDrive/Analise_de_processos","DUPLICADO","Decreto Estadual 21910.2023 - Dispõe sobre o Marco Temporal e o procedimento de transição entre a Lei nº 14.133, de 1º de abril de 2021, e... [REVOGADO].md",".md","_DUPLICADOS_para_arquivar\Decreto Estadual 21910.2023 - Dispõe sobre o Marco Temporal e o procedimento de transição entre a Lei nº 14.133, de 1º de abril de 2021, e... [REVOGADO].md","Já existe na mestra: mestra\01_Normativos_Vigentes\02_Estadual_PI\Decreto Estadual 21910.2023 - Dispõe sobre o Marco Temporal e o procedimento de transição entre a Lei nº 14.133, de 1º de abril de 2021, e... [REVOGADO].md","6007","C:\Users\thiagonogueira\OneDrive - mppi.mp.br\Análise de processos\04_Normativos_Relacionados\Normativos_Vigentes\02_Estadual_PI\Decreto Estadual 21910.2023 - Dispõe sobre o Marco Temporal e o procedimento de transição entre a Lei nº 14.133, de 1º de abril de 2021, e... [REVOGADO].md"
"A-OneDrive/Analise_de_processos","DUPLICADO","Decreto Estadual 21938.2023 - SRP PI.md",".md","_DUPLICADOS_para_arquivar\Decreto Estadual 21938.2023 - SRP PI.md","Já existe na mestra: mestra\01_Normativos_Vigentes\02_Estadual_PI\Decreto Estadual 21938.2023 - SRP PI.md","43893","C:\Users\thiagonogueira\OneDrive - mppi.mp.br\Análise de processos\04_Normativos_Relacionados\Normativos_Vigentes\02_Estadual_PI\Decreto Estadual 21938.2023 - SRP PI.md"
"A-OneDrive/Analise_de_processos","DUPLICADO","Decreto Estadual 21979.2023 - Institui a Política de Transformação Digital do âmbito do Poder Executivo do Estado, o portal único de... [ALTERADO POSTERIORMENTE].md",".md","_DUPLICADOS_para_arquivar\Decreto Estadual 21979.2023 - Institui a Política de Transformação Digital do âmbito do Poder Executivo do Estado, o portal único de... [ALTERADO POSTERIORMENTE].md","Já existe na mestra: mestra\01_Normativos_Vigentes\02_Estadual_PI\Decreto Estadual 21979.2023 - Institui a Política de Transformação Digital do âmbito do Poder Executivo do Estado, o portal único de... [ALTERADO POSTERIORMENTE].md","16515","C:\Users\thiagonogueira\OneDrive - mppi.mp.br\Análise de processos\04_Normativos_Relacionados\Normativos_Vigentes\02_Estadual_PI\Decreto Estadual 21979.2023 - Institui a Política de Transformação Digital do âmbito do Poder Executivo do Estado, o portal único de... [ALTERADO POSTERIORMENTE].md"
"A-OneDrive/Analise_de_processos","DUPLICADO","Decreto Estadual 21980.2023 - Revoga o Decreto nº 21.910, de 17 de março de 2023, que estabeleceu o Marco Temporal e o procedimento de....md",".md","_DUPLICADOS_para_arquivar\Decreto Estadual 21980.2023 - Revoga o Decreto nº 21.910, de 17 de março de 2023, que estabeleceu o Marco Temporal e o procedimento de....md","Já existe na mestra: mestra\01_Normativos_Vigentes\02_Estadual_PI\Decreto Estadual 21980.2023 - Revoga o Decreto nº 21.910, de 17 de março de 2023, que estabeleceu o Marco Temporal e o procedimento de....md","2654","C:\Users\thiagonogueira\OneDrive - mppi.mp.br\Análise de processos\04_Normativos_Relacionados\Normativos_Vigentes\02_Estadual_PI\Decreto Estadual 21980.2023 - Revoga o Decreto nº 21.910, de 17 de março de 2023, que estabeleceu o Marco Temporal e o procedimento de....md"
"A-OneDrive/Analise_de_processos","DUPLICADO","Decreto Estadual 22023.2023 - Implanta o Sistema Integrado de Gestão de Repasses – SIGRP e disciplina os procedimentos para celebração,....md",".md","_DUPLICADOS_para_arquivar\Decreto Estadual 22023.2023 - Implanta o Sistema Integrado de Gestão de Repasses – SIGRP e disciplina os procedimentos para celebração,....md","Já existe na mestra: mestra\01_Normativos_Vigentes\02_Estadual_PI\Decreto Estadual 22023.2023 - Implanta o Sistema Integrado de Gestão de Repasses – SIGRP e disciplina os procedimentos para celebração,....md","27080","C:\Users\thiagonogueira\OneDrive - mppi.mp.br\Análise de processos\04_Normativos_Relacionados\Normativos_Vigentes\02_Estadual_PI\Decreto Estadual 22023.2023 - Implanta o Sistema Integrado de Gestão de Repasses – SIGRP e disciplina os procedimentos para celebração,....md"
"A-OneDrive/Analise_de_processos","DUPLICADO","Decreto Estadual 22050.2023 - Delega competência para a prática de atos administrativo-disciplinares ao Secretário de Estado da Segurança....md",".md","_DUPLICADOS_para_arquivar\Decreto Estadual 22050.2023 - Delega competência para a prática de atos administrativo-disciplinares ao Secretário de Estado da Segurança....md","Já existe na mestra: mestra\01_Normativos_Vigentes\02_Estadual_PI\Decreto Estadual 22050.2023 - Delega competência para a prática de atos administrativo-disciplinares ao Secretário de Estado da Segurança....md","2572","C:\Users\thiagonogueira\OneDrive - mppi.mp.br\Análise de processos\04_Normativos_Relacionados\Normativos_Vigentes\02_Estadual_PI\Decreto Estadual 22050.2023 - Delega competência para a prática de atos administrativo-disciplinares ao Secretário de Estado da Segurança....md"
"A-OneDrive/Analise_de_processos","DUPLICADO","Decreto Estadual 22089.2023 - Regulamenta a seleção de Organizações Sociais para a celebração de contrato de gestão na forma da Lei....md",".md","_DUPLICADOS_para_arquivar\Decreto Estadual 22089.2023 - Regulamenta a seleção de Organizações Sociais para a celebração de contrato de gestão na forma da Lei....md","Já existe na mestra: mestra\01_Normativos_Vigentes\02_Estadual_PI\Decreto Estadual 22089.2023 - Regulamenta a seleção de Organizações Sociais para a celebração de contrato de gestão na forma da Lei....md","6296","C:\Users\thiagonogueira\OneDrive - mppi.mp.br\Análise de processos\04_Normativos_Relacionados\Normativos_Vigentes\02_Estadual_PI\Decreto Estadual 22089.2023 - Regulamenta a seleção de Organizações Sociais para a celebração de contrato de gestão na forma da Lei....md"
"A-OneDrive/Analise_de_processos","DUPLICADO","Decreto Estadual 22137.2023 - Regulamenta o art. 61 da Lei Complementar nº 13, de 03 de janeiro de 1994..md",".md","_DUPLICADOS_para_arquivar\Decreto Estadual 22137.2023 - Regulamenta o art. 61 da Lei Complementar nº 13, de 03 de janeiro de 1994..md","Já existe na mestra: mestra\01_Normativos_Vigentes\02_Estadual_PI\Decreto Estadual 22137.2023 - Regulamenta o art. 61 da Lei Complementar nº 13, de 03 de janeiro de 1994..md","3993","C:\Users\thiagonogueira\OneDrive - mppi.mp.br\Análise de processos\04_Normativos_Relacionados\Normativos_Vigentes\02_Estadual_PI\Decreto Estadual 22137.2023 - Regulamenta o art. 61 da Lei Complementar nº 13, de 03 de janeiro de 1994..md"
"A-OneDrive/Analise_de_processos","DUPLICADO","Decreto Estadual 22249.2023 - Institui a Política Estadual de Segurança da Informação e Comunicação do Estado do Piauí - POSIC, e de....md",".md","_DUPLICADOS_para_arquivar\Decreto Estadual 22249.2023 - Institui a Política Estadual de Segurança da Informação e Comunicação do Estado do Piauí - POSIC, e de....md","Já existe na mestra: mestra\01_Normativos_Vigentes\02_Estadual_PI\Decreto Estadual 22249.2023 - Institui a Política Estadual de Segurança da Informação e Comunicação do Estado do Piauí - POSIC, e de....md","38999","C:\Users\thiagonogueira\OneDrive - mppi.mp.br\Análise de processos\04_Normativos_Relacionados\Normativos_Vigentes\02_Estadual_PI\Decreto Estadual 22249.2023 - Institui a Política Estadual de Segurança da Informação e Comunicação do Estado do Piauí - POSIC, e de....md"
"A-OneDrive/Analise_de_processos","DUPLICADO","Decreto Estadual 22380.2023 - Dispõe sobre a descentralização de crédito orçamentário no Estado do Piauí..md",".md","_DUPLICADOS_para_arquivar\Decreto Estadual 22380.2023 - Dispõe sobre a descentralização de crédito orçamentário no Estado do Piauí..md","Já existe na mestra: mestra\01_Normativos_Vigentes\02_Estadual_PI\Decreto Estadual 22380.2023 - Dispõe sobre a descentralização de crédito orçamentário no Estado do Piauí..md","9050","C:\Users\thiagonogueira\OneDrive - mppi.mp.br\Análise de processos\04_Normativos_Relacionados\Normativos_Vigentes\02_Estadual_PI\Decreto Estadual 22380.2023 - Dispõe sobre a descentralização de crédito orçamentário no Estado do Piauí..md"
"A-OneDrive/Analise_de_processos","DUPLICADO","Decreto Estadual 22652.2023 - Dispõe sobre o Marco Temporal e o procedimento de transição entre a Lei nº 14.133, de 1º de abril de 2021, e....md",".md","_DUPLICADOS_para_arquivar\Decreto Estadual 22652.2023 - Dispõe sobre o Marco Temporal e o procedimento de transição entre a Lei nº 14.133, de 1º de abril de 2021, e....md","Já existe na mestra: mestra\01_Normativos_Vigentes\02_Estadual_PI\Decreto Estadual 22652.2023 - Dispõe sobre o Marco Temporal e o procedimento de transição entre a Lei nº 14.133, de 1º de abril de 2021, e....md","6565","C:\Users\thiagonogueira\OneDrive - mppi.mp.br\Análise de processos\04_Normativos_Relacionados\Normativos_Vigentes\02_Estadual_PI\Decreto Estadual 22652.2023 - Dispõe sobre o Marco Temporal e o procedimento de transição entre a Lei nº 14.133, de 1º de abril de 2021, e....md"
"A-OneDrive/Analise_de_processos","DUPLICADO","Decreto Estadual 22677.2024 - Responsabilização Administrativa e Civil de Pessoas Jurídicas (Lei 12.846.2013).md",".md","_DUPLICADOS_para_arquivar\Decreto Estadual 22677.2024 - Responsabilização Administrativa e Civil de Pessoas Jurídicas (Lei 12.846.2013).md","Já existe na mestra: mestra\01_Normativos_Vigentes\02_Estadual_PI\Decreto Estadual 22677.2024 - Responsabilização Administrativa e Civil de Pessoas Jurídicas (Lei 12.846.2013).md","78961","C:\Users\thiagonogueira\OneDrive - mppi.mp.br\Análise de processos\04_Normativos_Relacionados\Normativos_Vigentes\02_Estadual_PI\Decreto Estadual 22677.2024 - Responsabilização Administrativa e Civil de Pessoas Jurídicas (Lei 12.846.2013).md"
"A-OneDrive/Analise_de_processos","DUPLICADO","Decreto Estadual 22737.2024 - Reajuste de Preços nos Contratos Administrativos.md",".md","_DUPLICADOS_para_arquivar\Decreto Estadual 22737.2024 - Reajuste de Preços nos Contratos Administrativos.md","Já existe na mestra: mestra\01_Normativos_Vigentes\02_Estadual_PI\Decreto Estadual 22737.2024 - Reajuste de Preços nos Contratos Administrativos.md","7722","C:\Users\thiagonogueira\OneDrive - mppi.mp.br\Análise de processos\04_Normativos_Relacionados\Normativos_Vigentes\02_Estadual_PI\Decreto Estadual 22737.2024 - Reajuste de Preços nos Contratos Administrativos.md"
"A-OneDrive/Analise_de_processos","DUPLICADO","Decreto Estadual 22811.2024 - Regularidade Fiscal, Econômico-Financeira e Administrativa.md",".md","_DUPLICADOS_para_arquivar\Decreto Estadual 22811.2024 - Regularidade Fiscal, Econômico-Financeira e Administrativa.md","Já existe na mestra: mestra\01_Normativos_Vigentes\02_Estadual_PI\Decreto Estadual 22811.2024 - Regularidade Fiscal, Econômico-Financeira e Administrativa.md","12841","C:\Users\thiagonogueira\OneDrive - mppi.mp.br\Análise de processos\04_Normativos_Relacionados\Normativos_Vigentes\02_Estadual_PI\Decreto Estadual 22811.2024 - Regularidade Fiscal, Econômico-Financeira e Administrativa.md"
"A-OneDrive/Analise_de_processos","DUPLICADO","Decreto Estadual 22822.2024 - Diretrizes de Governanca e Contratacoes.md",".md","_DUPLICADOS_para_arquivar\Decreto Estadual 22822.2024 - Diretrizes de Governanca e Contratacoes.md","Já existe na mestra: mestra\01_Normativos_Vigentes\02_Estadual_PI\Decreto Estadual 22822.2024 - Diretrizes de Governanca e Contratacoes.md","15547","C:\Users\thiagonogueira\OneDrive - mppi.mp.br\Análise de processos\04_Normativos_Relacionados\Normativos_Vigentes\02_Estadual_PI\Decreto Estadual 22822.2024 - Diretrizes de Governanca e Contratacoes.md"
"A-OneDrive/Analise_de_processos","DUPLICADO","Decreto Estadual 22822.2024 - Patrocínio dos Órgãos e Entidades do Executivo Estadual.md",".md","_DUPLICADOS_para_arquivar\Decreto Estadual 22822.2024 - Patrocínio dos Órgãos e Entidades do Executivo Estadual.md","Já existe na mestra: mestra\01_Normativos_Vigentes\02_Estadual_PI\Decreto Estadual 22822.2024 - Patrocínio dos Órgãos e Entidades do Executivo Estadual.md","14806","C:\Users\thiagonogueira\OneDrive - mppi.mp.br\Análise de processos\04_Normativos_Relacionados\Normativos_Vigentes\02_Estadual_PI\Decreto Estadual 22822.2024 - Patrocínio dos Órgãos e Entidades do Executivo Estadual.md"
"A-OneDrive/Analise_de_processos","DUPLICADO","Decreto Estadual 23.865.2025 - Dispõe Sobre a Unificação da Plataforma Compras Públicas no PI.md",".md","_DUPLICADOS_para_arquivar\Decreto Estadual 23.865.2025 - Dispõe Sobre a Unificação da Plataforma Compras Públicas no PI.md","Já existe na mestra: mestra\01_Normativos_Vigentes\02_Estadual_PI\Decreto Estadual 23.865.2025 - Dispõe Sobre a Unificação da Plataforma Compras Públicas no PI.md","7787","C:\Users\thiagonogueira\OneDrive - mppi.mp.br\Análise de processos\04_Normativos_Relacionados\Normativos_Vigentes\02_Estadual_PI\Decreto Estadual 23.865.2025 - Dispõe Sobre a Unificação da Plataforma Compras Públicas no PI.md"
"A-OneDrive/Analise_de_processos","DUPLICADO","Decreto Estadual 23003.2024 - Política Estadual de Proteção de Dados Pessoais e Privacidade.md",".md","_DUPLICADOS_para_arquivar\Decreto Estadual 23003.2024 - Política Estadual de Proteção de Dados Pessoais e Privacidade.md","Já existe na mestra: mestra\01_Normativos_Vigentes\02_Estadual_PI\Decreto Estadual 23003.2024 - Política Estadual de Proteção de Dados Pessoais e Privacidade.md","27268","C:\Users\thiagonogueira\OneDrive - mppi.mp.br\Análise de processos\04_Normativos_Relacionados\Normativos_Vigentes\02_Estadual_PI\Decreto Estadual 23003.2024 - Política Estadual de Proteção de Dados Pessoais e Privacidade.md"
"A-OneDrive/Analise_de_processos","DUPLICADO","Decreto Estadual 23269.2024 - Doação de Bens Móveis e Serviços à Administração Pública Estadual.md",".md","_DUPLICADOS_para_arquivar\Decreto Estadual 23269.2024 - Doação de Bens Móveis e Serviços à Administração Pública Estadual.md","Já existe na mestra: mestra\01_Normativos_Vigentes\02_Estadual_PI\Decreto Estadual 23269.2024 - Doação de Bens Móveis e Serviços à Administração Pública Estadual.md","16567","C:\Users\thiagonogueira\OneDrive - mppi.mp.br\Análise de processos\04_Normativos_Relacionados\Normativos_Vigentes\02_Estadual_PI\Decreto Estadual 23269.2024 - Doação de Bens Móveis e Serviços à Administração Pública Estadual.md"
"A-OneDrive/Analise_de_processos","DUPLICADO","Decreto Estadual 23649.2025 - Ordens de Serviço nos Contratos Administrativos.md",".md","_DUPLICADOS_para_arquivar\Decreto Estadual 23649.2025 - Ordens de Serviço nos Contratos Administrativos.md","Já existe na mestra: mestra\01_Normativos_Vigentes\02_Estadual_PI\Decreto Estadual 23649.2025 - Ordens de Serviço nos Contratos Administrativos.md","3638","C:\Users\thiagonogueira\OneDrive - mppi.mp.br\Análise de processos\04_Normativos_Relacionados\Normativos_Vigentes\02_Estadual_PI\Decreto Estadual 23649.2025 - Ordens de Serviço nos Contratos Administrativos.md"
"A-OneDrive/Analise_de_processos","DUPLICADO","Decreto Estadual 23865.2025 - Regulamento de Contratacoes e Gestao Estadual.md",".md","_DUPLICADOS_para_arquivar\Decreto Estadual 23865.2025 - Regulamento de Contratacoes e Gestao Estadual.md","Já existe na mestra: mestra\01_Normativos_Vigentes\02_Estadual_PI\Decreto Estadual 23865.2025 - Regulamento de Contratacoes e Gestao Estadual.md","8013","C:\Users\thiagonogueira\OneDrive - mppi.mp.br\Análise de processos\04_Normativos_Relacionados\Normativos_Vigentes\02_Estadual_PI\Decreto Estadual 23865.2025 - Regulamento de Contratacoes e Gestao Estadual.md"
"A-OneDrive/Analise_de_processos","DUPLICADO","Decreto Estadual 23868.2025 - Procedimento de Manifestação de Interesse (PMI).md",".md","_DUPLICADOS_para_arquivar\Decreto Estadual 23868.2025 - Procedimento de Manifestação de Interesse (PMI).md","Já existe na mestra: mestra\01_Normativos_Vigentes\02_Estadual_PI\Decreto Estadual 23868.2025 - Procedimento de Manifestação de Interesse (PMI).md","27328","C:\Users\thiagonogueira\OneDrive - mppi.mp.br\Análise de processos\04_Normativos_Relacionados\Normativos_Vigentes\02_Estadual_PI\Decreto Estadual 23868.2025 - Procedimento de Manifestação de Interesse (PMI).md"
"A-OneDrive/Analise_de_processos","DUPLICADO","Decreto Estadual 23891.2025 - Programa Estadual de Aquisições e Contratações Públicas Sustentáveis.md",".md","_DUPLICADOS_para_arquivar\Decreto Estadual 23891.2025 - Programa Estadual de Aquisições e Contratações Públicas Sustentáveis.md","Já existe na mestra: mestra\01_Normativos_Vigentes\02_Estadual_PI\Decreto Estadual 23891.2025 - Programa Estadual de Aquisições e Contratações Públicas Sustentáveis.md","11205","C:\Users\thiagonogueira\OneDrive - mppi.mp.br\Análise de processos\04_Normativos_Relacionados\Normativos_Vigentes\02_Estadual_PI\Decreto Estadual 23891.2025 - Programa Estadual de Aquisições e Contratações Públicas Sustentáveis.md"
"A-OneDrive/Analise_de_processos","DUPLICADO","Decreto Estadual 24144.2025 - Ações de Equidade de Gênero como Desempate.md",".md","_DUPLICADOS_para_arquivar\Decreto Estadual 24144.2025 - Ações de Equidade de Gênero como Desempate.md","Já existe na mestra: mestra\01_Normativos_Vigentes\02_Estadual_PI\Decreto Estadual 24144.2025 - Ações de Equidade de Gênero como Desempate.md","6418","C:\Users\thiagonogueira\OneDrive - mppi.mp.br\Análise de processos\04_Normativos_Relacionados\Normativos_Vigentes\02_Estadual_PI\Decreto Estadual 24144.2025 - Ações de Equidade de Gênero como Desempate.md"
"A-OneDrive/Analise_de_processos","DUPLICADO","Instrução Normativa CGE nº 01-2013 - Procedimentos de Controle e Pareceres.md",".md","_DUPLICADOS_para_arquivar\Instrução Normativa CGE nº 01-2013 - Procedimentos de Controle e Pareceres.md","Já existe na mestra: mestra\01_Normativos_Vigentes\02_Estadual_PI\Instrução Normativa CGE nº 01-2013 - Procedimentos de Controle e Pareceres.md","23487","C:\Users\thiagonogueira\OneDrive - mppi.mp.br\Análise de processos\04_Normativos_Relacionados\Normativos_Vigentes\02_Estadual_PI\Instrução Normativa CGE nº 01-2013 - Procedimentos de Controle e Pareceres.md"
"A-OneDrive/Analise_de_processos","DUPLICADO","Instrução Normativa CGE nº 01-2015 - Normas Gerais de Controle Interno.md",".md","_DUPLICADOS_para_arquivar\Instrução Normativa CGE nº 01-2015 - Normas Gerais de Controle Interno.md","Já existe na mestra: mestra\01_Normativos_Vigentes\02_Estadual_PI\Instrução Normativa CGE nº 01-2015 - Normas Gerais de Controle Interno.md","73887","C:\Users\thiagonogueira\OneDrive - mppi.mp.br\Análise de processos\04_Normativos_Relacionados\Normativos_Vigentes\02_Estadual_PI\Instrução Normativa CGE nº 01-2015 - Normas Gerais de Controle Interno.md"
"A-OneDrive/Analise_de_processos","DUPLICADO","Instrução Normativa SEFAZ nº 01-2021 - Procedimentos de Gestão Financeira.md",".md","_DUPLICADOS_para_arquivar\Instrução Normativa SEFAZ nº 01-2021 - Procedimentos de Gestão Financeira.md","Já existe na mestra: mestra\01_Normativos_Vigentes\02_Estadual_PI\Instrução Normativa SEFAZ nº 01-2021 - Procedimentos de Gestão Financeira.md","10616","C:\Users\thiagonogueira\OneDrive - mppi.mp.br\Análise de processos\04_Normativos_Relacionados\Normativos_Vigentes\02_Estadual_PI\Instrução Normativa SEFAZ nº 01-2021 - Procedimentos de Gestão Financeira.md"
"A-OneDrive/Analise_de_processos","DUPLICADO","Lei Estadual 6.872.2016 - Regula o Processo Administrativo.md",".md","_DUPLICADOS_para_arquivar\Lei Estadual 6.872.2016 - Regula o Processo Administrativo.md","Já existe na mestra: mestra\01_Normativos_Vigentes\02_Estadual_PI\Lei Estadual 6.872.2016 - Regula o Processo Administrativo.md","40743","C:\Users\thiagonogueira\OneDrive - mppi.mp.br\Análise de processos\04_Normativos_Relacionados\Normativos_Vigentes\02_Estadual_PI\Lei Estadual 6.872.2016 - Regula o Processo Administrativo.md"
"A-OneDrive/Analise_de_processos","DUPLICADO","Lei Estadual 6782.2016 - Estatuto dos Servidores Publicos do Piaui.md",".md","_DUPLICADOS_para_arquivar\Lei Estadual 6782.2016 - Estatuto dos Servidores Publicos do Piaui.md","Já existe na mestra: mestra\01_Normativos_Vigentes\02_Estadual_PI\Lei Estadual 6782.2016 - Estatuto dos Servidores Publicos do Piaui.md","42240","C:\Users\thiagonogueira\OneDrive - mppi.mp.br\Análise de processos\04_Normativos_Relacionados\Normativos_Vigentes\02_Estadual_PI\Lei Estadual 6782.2016 - Estatuto dos Servidores Publicos do Piaui.md"
"A-OneDrive/Analise_de_processos","DUPLICADO","Lei Estadual 6782.2016 - Regula o Processo Administrativo no âmbito da Administração Pública do Estado do Piauí..md",".md","_DUPLICADOS_para_arquivar\Lei Estadual 6782.2016 - Regula o Processo Administrativo no âmbito da Administração Pública do Estado do Piauí..md","Já existe na mestra: mestra\01_Normativos_Vigentes\02_Estadual_PI\Lei Estadual 6782.2016 - Regula o Processo Administrativo no âmbito da Administração Pública do Estado do Piauí..md","41521","C:\Users\thiagonogueira\OneDrive - mppi.mp.br\Análise de processos\04_Normativos_Relacionados\Normativos_Vigentes\02_Estadual_PI\Lei Estadual 6782.2016 - Regula o Processo Administrativo no âmbito da Administração Pública do Estado do Piauí..md"
"A-OneDrive/Analise_de_processos","DUPLICADO","Lei Estadual 7482.2021 - Diretrizes e Reorganizacao Administrativa.md",".md","_DUPLICADOS_para_arquivar\Lei Estadual 7482.2021 - Diretrizes e Reorganizacao Administrativa.md","Já existe na mestra: mestra\01_Normativos_Vigentes\02_Estadual_PI\Lei Estadual 7482.2021 - Diretrizes e Reorganizacao Administrativa.md","50870","C:\Users\thiagonogueira\OneDrive - mppi.mp.br\Análise de processos\04_Normativos_Relacionados\Normativos_Vigentes\02_Estadual_PI\Lei Estadual 7482.2021 - Diretrizes e Reorganizacao Administrativa.md"
"A-OneDrive/Analise_de_processos","DUPLICADO","Lei Estadual 7482.2021 - Regulamenta o Pregão Eletrônico.md",".md","_DUPLICADOS_para_arquivar\Lei Estadual 7482.2021 - Regulamenta o Pregão Eletrônico.md","Já existe na mestra: mestra\01_Normativos_Vigentes\02_Estadual_PI\Lei Estadual 7482.2021 - Regulamenta o Pregão Eletrônico.md","49769","C:\Users\thiagonogueira\OneDrive - mppi.mp.br\Análise de processos\04_Normativos_Relacionados\Normativos_Vigentes\02_Estadual_PI\Lei Estadual 7482.2021 - Regulamenta o Pregão Eletrônico.md"
"A-OneDrive/Analise_de_processos","DUPLICADO","Lei Estadual 7612.2021 - Gestão de Bens Imóveis.md",".md","_DUPLICADOS_para_arquivar\Lei Estadual 7612.2021 - Gestão de Bens Imóveis.md","Já existe na mestra: mestra\01_Normativos_Vigentes\02_Estadual_PI\Lei Estadual 7612.2021 - Gestão de Bens Imóveis.md","10434","C:\Users\thiagonogueira\OneDrive - mppi.mp.br\Análise de processos\04_Normativos_Relacionados\Normativos_Vigentes\02_Estadual_PI\Lei Estadual 7612.2021 - Gestão de Bens Imóveis.md"
"A-OneDrive/Analise_de_processos","DUPLICADO","Lei Estadual 7612.2021 - Normas de Gestao e Fiscalizacao.md",".md","_DUPLICADOS_para_arquivar\Lei Estadual 7612.2021 - Normas de Gestao e Fiscalizacao.md","Já existe na mestra: mestra\01_Normativos_Vigentes\02_Estadual_PI\Lei Estadual 7612.2021 - Normas de Gestao e Fiscalizacao.md","10971","C:\Users\thiagonogueira\OneDrive - mppi.mp.br\Análise de processos\04_Normativos_Relacionados\Normativos_Vigentes\02_Estadual_PI\Lei Estadual 7612.2021 - Normas de Gestao e Fiscalizacao.md"
"A-OneDrive/Analise_de_processos","DUPLICADO","Lei Estadual 8914.2025 - Lei Orçamentária Anual LOA 2026.md",".md","_DUPLICADOS_para_arquivar\Lei Estadual 8914.2025 - Lei Orçamentária Anual LOA 2026.md","Já existe na mestra: mestra\01_Normativos_Vigentes\02_Estadual_PI\Lei Estadual 8914.2025 - Lei Orçamentária Anual LOA 2026.md","16239","C:\Users\thiagonogueira\OneDrive - mppi.mp.br\Análise de processos\04_Normativos_Relacionados\Normativos_Vigentes\02_Estadual_PI\Lei Estadual 8914.2025 - Lei Orçamentária Anual LOA 2026.md"
"A-OneDrive/Analise_de_processos","DUPLICADO","manual-2025(e38d727ecdd5bd1591bb6f8ab47d38bd).md",".md","_DUPLICADOS_para_arquivar\manual-2025(e38d727ecdd5bd1591bb6f8ab47d38bd).md","Já existe na mestra: mestra\01_Normativos_Vigentes\02_Estadual_PI\manual-2025(e38d727ecdd5bd1591bb6f8ab47d38bd).md","44627","C:\Users\thiagonogueira\OneDrive - mppi.mp.br\Análise de processos\04_Normativos_Relacionados\Normativos_Vigentes\02_Estadual_PI\manual-2025(e38d727ecdd5bd1591bb6f8ab47d38bd).md"
"A-OneDrive/Analise_de_processos","DUPLICADO","manual-tecnico-2024-2025(ad246a293bfd2f319f1a8b73e64903e3).md",".md","_DUPLICADOS_para_arquivar\manual-tecnico-2024-2025(ad246a293bfd2f319f1a8b73e64903e3).md","Já existe na mestra: mestra\01_Normativos_Vigentes\02_Estadual_PI\manual-tecnico-2024-2025(ad246a293bfd2f319f1a8b73e64903e3).md","21756","C:\Users\thiagonogueira\OneDrive - mppi.mp.br\Análise de processos\04_Normativos_Relacionados\Normativos_Vigentes\02_Estadual_PI\manual-tecnico-2024-2025(ad246a293bfd2f319f1a8b73e64903e3).md"
"A-OneDrive/Analise_de_processos","DUPLICADO","manual-tecnico-do-orcamento.md",".md","_DUPLICADOS_para_arquivar\manual-tecnico-do-orcamento.md","Já existe na mestra: mestra\01_Normativos_Vigentes\02_Estadual_PI\manual-tecnico-do-orcamento.md","198864","C:\Users\thiagonogueira\OneDrive - mppi.mp.br\Análise de processos\04_Normativos_Relacionados\Normativos_Vigentes\02_Estadual_PI\manual-tecnico-do-orcamento.md"
"A-OneDrive/Analise_de_processos","DUPLICADO","Portaria SEAD nº 001.2024 - Diretrizes de Contratacoes SEAD Piaui.md",".md","_DUPLICADOS_para_arquivar\Portaria SEAD nº 001.2024 - Diretrizes de Contratacoes SEAD Piaui.md","Já existe na mestra: mestra\01_Normativos_Vigentes\02_Estadual_PI\Portaria SEAD nº 001.2024 - Diretrizes de Contratacoes SEAD Piaui.md","94488","C:\Users\thiagonogueira\OneDrive - mppi.mp.br\Análise de processos\04_Normativos_Relacionados\Normativos_Vigentes\02_Estadual_PI\Portaria SEAD nº 001.2024 - Diretrizes de Contratacoes SEAD Piaui.md"
"A-OneDrive/Analise_de_processos","DUPLICADO","Resolução CGFR 002.2021 - Elaboração de Extratos de Licitação e Contratos Administrativos.md",".md","_DUPLICADOS_para_arquivar\Resolução CGFR 002.2021 - Elaboração de Extratos de Licitação e Contratos Administrativos.md","Já existe na mestra: mestra\01_Normativos_Vigentes\02_Estadual_PI\Resolução CGFR 002.2021 - Elaboração de Extratos de Licitação e Contratos Administrativos.md","9808","C:\Users\thiagonogueira\OneDrive - mppi.mp.br\Análise de processos\04_Normativos_Relacionados\Normativos_Vigentes\02_Estadual_PI\Resolução CGFR 002.2021 - Elaboração de Extratos de Licitação e Contratos Administrativos.md"
"A-OneDrive/Analise_de_processos","DUPLICADO","SEAD IN 01.2021 - Dispõe sobre o limite de adesões das atas de Registro de Preços gerenciadas pela SEADPREV.md",".md","_DUPLICADOS_para_arquivar\SEAD IN 01.2021 - Dispõe sobre o limite de adesões das atas de Registro de Preços gerenciadas pela SEADPREV.md","Já existe na mestra: mestra\01_Normativos_Vigentes\02_Estadual_PI\SEAD IN 01.2021 - Dispõe sobre o limite de adesões das atas de Registro de Preços gerenciadas pela SEADPREV.md","2728","C:\Users\thiagonogueira\OneDrive - mppi.mp.br\Análise de processos\04_Normativos_Relacionados\Normativos_Vigentes\02_Estadual_PI\SEAD IN 01.2021 - Dispõe sobre o limite de adesões das atas de Registro de Preços gerenciadas pela SEADPREV.md"
"A-OneDrive/Analise_de_processos","DUPLICADO","SEAD Portaria 631.2025.GAB.SEAD - Política de Gestão de Riscos.md",".md","_DUPLICADOS_para_arquivar\SEAD Portaria 631.2025.GAB.SEAD - Política de Gestão de Riscos.md","Já existe na mestra: mestra\01_Normativos_Vigentes\02_Estadual_PI\SEAD Portaria 631.2025.GAB.SEAD - Política de Gestão de Riscos.md","22403","C:\Users\thiagonogueira\OneDrive - mppi.mp.br\Análise de processos\04_Normativos_Relacionados\Normativos_Vigentes\02_Estadual_PI\SEAD Portaria 631.2025.GAB.SEAD - Política de Gestão de Riscos.md"
"A-OneDrive/Analise_de_processos","DUPLICADO","SEAD Portaria Gab Seadprev 34.2021 - Regulamenta a Dispensa Eletrônica.md",".md","_DUPLICADOS_para_arquivar\SEAD Portaria Gab Seadprev 34.2021 - Regulamenta a Dispensa Eletrônica.md","Já existe na mestra: mestra\01_Normativos_Vigentes\02_Estadual_PI\SEAD Portaria Gab Seadprev 34.2021 - Regulamenta a Dispensa Eletrônica.md","3317","C:\Users\thiagonogueira\OneDrive - mppi.mp.br\Análise de processos\04_Normativos_Relacionados\Normativos_Vigentes\02_Estadual_PI\SEAD Portaria Gab Seadprev 34.2021 - Regulamenta a Dispensa Eletrônica.md"
"A-OneDrive/Analise_de_processos","DUPLICADO","TCE Expediente 30.2025 - DECISAO_SESSAO-PLENARIA-07-DE-24.04.2025.md",".md","_DUPLICADOS_para_arquivar\TCE Expediente 30.2025 - DECISAO_SESSAO-PLENARIA-07-DE-24.04.2025.md","Já existe na mestra: mestra\01_Normativos_Vigentes\02_Estadual_PI\TCE Expediente 30.2025 - DECISAO_SESSAO-PLENARIA-07-DE-24.04.2025.md","8511","C:\Users\thiagonogueira\OneDrive - mppi.mp.br\Análise de processos\04_Normativos_Relacionados\Normativos_Vigentes\02_Estadual_PI\TCE Expediente 30.2025 - DECISAO_SESSAO-PLENARIA-07-DE-24.04.2025.md"
"A-OneDrive/Analise_de_processos","DUPLICADO","TCE IN 02.2026 -sistemas-licitacoes-web-contratos-web-e-obras-web.md",".md","_DUPLICADOS_para_arquivar\TCE IN 02.2026 -sistemas-licitacoes-web-contratos-web-e-obras-web.md","Já existe na mestra: mestra\01_Normativos_Vigentes\02_Estadual_PI\TCE IN 02.2026 -sistemas-licitacoes-web-contratos-web-e-obras-web.md","41467","C:\Users\thiagonogueira\OneDrive - mppi.mp.br\Análise de processos\04_Normativos_Relacionados\Normativos_Vigentes\02_Estadual_PI\TCE IN 02.2026 -sistemas-licitacoes-web-contratos-web-e-obras-web.md"
"A-OneDrive/Analise_de_processos","DUPLICADO","TCE IN 06.2017 - Licitações WEB, Contratos WEB e Obras WEB.md",".md","_DUPLICADOS_para_arquivar\TCE IN 06.2017 - Licitações WEB, Contratos WEB e Obras WEB.md","Já existe na mestra: mestra\01_Normativos_Vigentes\02_Estadual_PI\TCE IN 06.2017 - Licitações WEB, Contratos WEB e Obras WEB.md","40175","C:\Users\thiagonogueira\OneDrive - mppi.mp.br\Análise de processos\04_Normativos_Relacionados\Normativos_Vigentes\02_Estadual_PI\TCE IN 06.2017 - Licitações WEB, Contratos WEB e Obras WEB.md"
"A-OneDrive/Analise_de_processos","DUPLICADO","TCE IN 07.2021 - Altera a IN 06.2017.md",".md","_DUPLICADOS_para_arquivar\TCE IN 07.2021 - Altera a IN 06.2017.md","Já existe na mestra: mestra\01_Normativos_Vigentes\02_Estadual_PI\TCE IN 07.2021 - Altera a IN 06.2017.md","8049","C:\Users\thiagonogueira\OneDrive - mppi.mp.br\Análise de processos\04_Normativos_Relacionados\Normativos_Vigentes\02_Estadual_PI\TCE IN 07.2021 - Altera a IN 06.2017.md"
"A-OneDrive/Analise_de_processos","DUPLICADO","TCE NT 03.2020 - Contratações de TIC.md",".md","_DUPLICADOS_para_arquivar\TCE NT 03.2020 - Contratações de TIC.md","Já existe na mestra: mestra\01_Normativos_Vigentes\02_Estadual_PI\TCE NT 03.2020 - Contratações de TIC.md","54339","C:\Users\thiagonogueira\OneDrive - mppi.mp.br\Análise de processos\04_Normativos_Relacionados\Normativos_Vigentes\02_Estadual_PI\TCE NT 03.2020 - Contratações de TIC.md"
"A-OneDrive/Analise_de_processos","DUPLICADO","Ato PGJ 1228.2022 - Suprimento de Fundos (Compilado).md",".md","_DUPLICADOS_para_arquivar\Ato PGJ 1228.2022 - Suprimento de Fundos (Compilado).md","Já existe na mestra: mestra\01_Normativos_Vigentes\03_MPPI\Ato PGJ 1228.2022 - Suprimento de Fundos (Compilado).md","45344","C:\Users\thiagonogueira\OneDrive - mppi.mp.br\Análise de processos\04_Normativos_Relacionados\Normativos_Vigentes\03_MPPI\Ato PGJ 1228.2022 - Suprimento de Fundos (Compilado).md"
"A-OneDrive/Analise_de_processos","DUPLICADO","Ato PGJ 1471.2025 - Regulamenta Suprimento de Fundos MPPI.md",".md","_DUPLICADOS_para_arquivar\Ato PGJ 1471.2025 - Regulamenta Suprimento de Fundos MPPI.md","Já existe na mestra: mestra\01_Normativos_Vigentes\03_MPPI\Ato PGJ 1471.2025 - Regulamenta Suprimento de Fundos MPPI.md","2654","C:\Users\thiagonogueira\OneDrive - mppi.mp.br\Análise de processos\04_Normativos_Relacionados\Normativos_Vigentes\03_MPPI\Ato PGJ 1471.2025 - Regulamenta Suprimento de Fundos MPPI.md"
"A-OneDrive/Analise_de_processos","DUPLICADO","Lei Orgânica do MPPI.md",".md","_DUPLICADOS_para_arquivar\Lei Orgânica do MPPI.md","Já existe na mestra: mestra\01_Normativos_Vigentes\03_MPPI\Lei Orgânica do MPPI.md","254583","C:\Users\thiagonogueira\OneDrive - mppi.mp.br\Análise de processos\04_Normativos_Relacionados\Normativos_Vigentes\03_MPPI\Lei Orgânica do MPPI.md"
"A-OneDrive/Analise_de_processos","DUPLICADO","Modelo de DFD - TIC.md",".md","_DUPLICADOS_para_arquivar\Modelo de DFD - TIC.md","Já existe na mestra: mestra\01_Normativos_Vigentes\03_MPPI\Modelo de DFD - TIC.md","13558","C:\Users\thiagonogueira\OneDrive - mppi.mp.br\Análise de processos\04_Normativos_Relacionados\Normativos_Vigentes\03_MPPI\Modelo de DFD - TIC.md"
"A-OneDrive/Analise_de_processos","DUPLICADO","Modelo de DFD.md",".md","_DUPLICADOS_para_arquivar\Modelo de DFD.md","Já existe na mestra: mestra\01_Normativos_Vigentes\03_MPPI\Modelo de DFD.md","8832","C:\Users\thiagonogueira\OneDrive - mppi.mp.br\Análise de processos\04_Normativos_Relacionados\Normativos_Vigentes\03_MPPI\Modelo de DFD.md"
"A-OneDrive/Analise_de_processos","DUPLICADO","PCA 2025.md",".md","_DUPLICADOS_para_arquivar\PCA 2025.md","Já existe na mestra: mestra\01_Normativos_Vigentes\03_MPPI\PCA 2025.md","984239","C:\Users\thiagonogueira\OneDrive - mppi.mp.br\Análise de processos\04_Normativos_Relacionados\Normativos_Vigentes\03_MPPI\PCA 2025.md"
"A-OneDrive/Analise_de_processos","DUPLICADO","PEI_2022_2029.md",".md","_DUPLICADOS_para_arquivar\PEI_2022_2029.md","Já existe na mestra: mestra\01_Normativos_Vigentes\03_MPPI\PEI_2022_2029.md","178783","C:\Users\thiagonogueira\OneDrive - mppi.mp.br\Análise de processos\04_Normativos_Relacionados\Normativos_Vigentes\03_MPPI\PEI_2022_2029.md"
"A-OneDrive/Analise_de_processos","DUPLICADO","Plano-Politico-Pedagogico-CEAF-2026-3.md",".md","_DUPLICADOS_para_arquivar\Plano-Politico-Pedagogico-CEAF-2026-3.md","Já existe na mestra: mestra\01_Normativos_Vigentes\03_MPPI\Plano-Politico-Pedagogico-CEAF-2026-3.md","76975","C:\Users\thiagonogueira\OneDrive - mppi.mp.br\Análise de processos\04_Normativos_Relacionados\Normativos_Vigentes\03_MPPI\Plano-Politico-Pedagogico-CEAF-2026-3.md"
"A-OneDrive/Analise_de_processos","DUPLICADO","Res CPJ 08.2025 - Manual de Identidade Visual do MPPI.md",".md","_DUPLICADOS_para_arquivar\Res CPJ 08.2025 - Manual de Identidade Visual do MPPI.md","Já existe na mestra: mestra\01_Normativos_Vigentes\03_MPPI\Res CPJ 08.2025 - Manual de Identidade Visual do MPPI.md","33181","C:\Users\thiagonogueira\OneDrive - mppi.mp.br\Análise de processos\04_Normativos_Relacionados\Normativos_Vigentes\03_MPPI\Res CPJ 08.2025 - Manual de Identidade Visual do MPPI.md"
"A-OneDrive/Analise_de_processos","DUPLICADO","Ato PGJ 0228.2022 - Suprimento de Fundos.md",".md","_DUPLICADOS_para_arquivar\Ato PGJ 0228.2022 - Suprimento de Fundos.md","Já existe na mestra: mestra\01_Normativos_Vigentes\03_MPPI\Atos\Ato PGJ 0228.2022 - Suprimento de Fundos.md","41632","C:\Users\thiagonogueira\OneDrive - mppi.mp.br\Análise de processos\04_Normativos_Relacionados\Normativos_Vigentes\03_MPPI\Atos\Ato PGJ 0228.2022 - Suprimento de Fundos.md"
"A-OneDrive/Analise_de_processos","DUPLICADO","Ato PGJ 0462.2013 - Fiscalizacao e Gestao de Contratos.md",".md","_DUPLICADOS_para_arquivar\Ato PGJ 0462.2013 - Fiscalizacao e Gestao de Contratos.md","Já existe na mestra: mestra\01_Normativos_Vigentes\03_MPPI\Atos\Ato PGJ 0462.2013 - Fiscalizacao e Gestao de Contratos.md","39922","C:\Users\thiagonogueira\OneDrive - mppi.mp.br\Análise de processos\04_Normativos_Relacionados\Normativos_Vigentes\03_MPPI\Atos\Ato PGJ 0462.2013 - Fiscalizacao e Gestao de Contratos.md"
"A-OneDrive/Analise_de_processos","DUPLICADO","Ato PGJ 0479.2014 - Estrutura e Organizacao Administrativa do MPPI.md",".md","_DUPLICADOS_para_arquivar\Ato PGJ 0479.2014 - Estrutura e Organizacao Administrativa do MPPI.md","Já existe na mestra: mestra\01_Normativos_Vigentes\03_MPPI\Atos\Ato PGJ 0479.2014 - Estrutura e Organizacao Administrativa do MPPI.md","120139","C:\Users\thiagonogueira\OneDrive - mppi.mp.br\Análise de processos\04_Normativos_Relacionados\Normativos_Vigentes\03_MPPI\Atos\Ato PGJ 0479.2014 - Estrutura e Organizacao Administrativa do MPPI.md"
"A-OneDrive/Analise_de_processos","DUPLICADO","Ato PGJ 1079.2021 - Regulamento Interno da PGJ Compilado.md",".md","_DUPLICADOS_para_arquivar\Ato PGJ 1079.2021 - Regulamento Interno da PGJ Compilado.md","Já existe na mestra: mestra\01_Normativos_Vigentes\03_MPPI\Atos\Ato PGJ 1079.2021 - Regulamento Interno da PGJ Compilado.md","17739","C:\Users\thiagonogueira\OneDrive - mppi.mp.br\Análise de processos\04_Normativos_Relacionados\Normativos_Vigentes\03_MPPI\Atos\Ato PGJ 1079.2021 - Regulamento Interno da PGJ Compilado.md"
"A-OneDrive/Analise_de_processos","DUPLICADO","Ato PGJ 1180.2022 - Altera Ato PGJ 479.2014 (Assessoria para Pareceres em Processos Licitatórios).md",".md","_DUPLICADOS_para_arquivar\Ato PGJ 1180.2022 - Altera Ato PGJ 479.2014 (Assessoria para Pareceres em Processos Licitatórios).md","Já existe na mestra: mestra\01_Normativos_Vigentes\03_MPPI\Atos\Ato PGJ 1180.2022 - Altera Ato PGJ 479.2014 (Assessoria para Pareceres em Processos Licitatórios).md","2818","C:\Users\thiagonogueira\OneDrive - mppi.mp.br\Análise de processos\04_Normativos_Relacionados\Normativos_Vigentes\03_MPPI\Atos\Ato PGJ 1180.2022 - Altera Ato PGJ 479.2014 (Assessoria para Pareceres em Processos Licitatórios).md"
"A-OneDrive/Analise_de_processos","DUPLICADO","Ato PGJ 1381.2024 - Diretrizes de Contratacoes e Governanca MPPI.md",".md","_DUPLICADOS_para_arquivar\Ato PGJ 1381.2024 - Diretrizes de Contratacoes e Governanca MPPI.md","Já existe na mestra: mestra\01_Normativos_Vigentes\03_MPPI\Atos\Ato PGJ 1381.2024 - Diretrizes de Contratacoes e Governanca MPPI.md","26078","C:\Users\thiagonogueira\OneDrive - mppi.mp.br\Análise de processos\04_Normativos_Relacionados\Normativos_Vigentes\03_MPPI\Atos\Ato PGJ 1381.2024 - Diretrizes de Contratacoes e Governanca MPPI.md"
"A-OneDrive/Analise_de_processos","DUPLICADO","Ato PGJ 1382.2024 - Regulamenta a Implementação da 14133 no MPPI.md",".md","_DUPLICADOS_para_arquivar\Ato PGJ 1382.2024 - Regulamenta a Implementação da 14133 no MPPI.md","Já existe na mestra: mestra\01_Normativos_Vigentes\03_MPPI\Atos\Ato PGJ 1382.2024 - Regulamenta a Implementação da 14133 no MPPI.md","3208","C:\Users\thiagonogueira\OneDrive - mppi.mp.br\Análise de processos\04_Normativos_Relacionados\Normativos_Vigentes\03_MPPI\Atos\Ato PGJ 1382.2024 - Regulamenta a Implementação da 14133 no MPPI.md"
"A-OneDrive/Analise_de_processos","DUPLICADO","Ato PGJ 1383.2024 - Dispensa Parecer Jurídico.md",".md","_DUPLICADOS_para_arquivar\Ato PGJ 1383.2024 - Dispensa Parecer Jurídico.md","Já existe na mestra: mestra\01_Normativos_Vigentes\03_MPPI\Atos\Ato PGJ 1383.2024 - Dispensa Parecer Jurídico.md","6938","C:\Users\thiagonogueira\OneDrive - mppi.mp.br\Análise de processos\04_Normativos_Relacionados\Normativos_Vigentes\03_MPPI\Atos\Ato PGJ 1383.2024 - Dispensa Parecer Jurídico.md"
"A-OneDrive/Analise_de_processos","DUPLICADO","Ato PGJ 1413.2024 - Altera Ato PGJ 1382.2024.md",".md","_DUPLICADOS_para_arquivar\Ato PGJ 1413.2024 - Altera Ato PGJ 1382.2024.md","Já existe na mestra: mestra\01_Normativos_Vigentes\03_MPPI\Atos\Ato PGJ 1413.2024 - Altera Ato PGJ 1382.2024.md","1901","C:\Users\thiagonogueira\OneDrive - mppi.mp.br\Análise de processos\04_Normativos_Relacionados\Normativos_Vigentes\03_MPPI\Atos\Ato PGJ 1413.2024 - Altera Ato PGJ 1382.2024.md"
"A-OneDrive/Analise_de_processos","DUPLICADO","Ato PGJ 1414.2024 - Agente de Contratação.md",".md","_DUPLICADOS_para_arquivar\Ato PGJ 1414.2024 - Agente de Contratação.md","Já existe na mestra: mestra\01_Normativos_Vigentes\03_MPPI\Atos\Ato PGJ 1414.2024 - Agente de Contratação.md","15070","C:\Users\thiagonogueira\OneDrive - mppi.mp.br\Análise de processos\04_Normativos_Relacionados\Normativos_Vigentes\03_MPPI\Atos\Ato PGJ 1414.2024 - Agente de Contratação.md"
"A-OneDrive/Analise_de_processos","DUPLICADO","Ato PGJ 1415.2024 - Serviços e fornecimentos contínuos.md",".md","_DUPLICADOS_para_arquivar\Ato PGJ 1415.2024 - Serviços e fornecimentos contínuos.md","Já existe na mestra: mestra\01_Normativos_Vigentes\03_MPPI\Atos\Ato PGJ 1415.2024 - Serviços e fornecimentos contínuos.md","18820","C:\Users\thiagonogueira\OneDrive - mppi.mp.br\Análise de processos\04_Normativos_Relacionados\Normativos_Vigentes\03_MPPI\Atos\Ato PGJ 1415.2024 - Serviços e fornecimentos contínuos.md"
"A-OneDrive/Analise_de_processos","DUPLICADO","Ato PGJ 1441.2024 - Altera Atos PGJ 939.2019 e 1051.2021 (Acesso a TI e Provimento em Comissão).md",".md","_DUPLICADOS_para_arquivar\Ato PGJ 1441.2024 - Altera Atos PGJ 939.2019 e 1051.2021 (Acesso a TI e Provimento em Comissão).md","Já existe na mestra: mestra\01_Normativos_Vigentes\03_MPPI\Atos\Ato PGJ 1441.2024 - Altera Atos PGJ 939.2019 e 1051.2021 (Acesso a TI e Provimento em Comissão).md","13575","C:\Users\thiagonogueira\OneDrive - mppi.mp.br\Análise de processos\04_Normativos_Relacionados\Normativos_Vigentes\03_MPPI\Atos\Ato PGJ 1441.2024 - Altera Atos PGJ 939.2019 e 1051.2021 (Acesso a TI e Provimento em Comissão).md"
"A-OneDrive/Analise_de_processos","DUPLICADO","Ato PGJ 1448.2024 - Altera o Ato PGJ 1414.2024.md",".md","_DUPLICADOS_para_arquivar\Ato PGJ 1448.2024 - Altera o Ato PGJ 1414.2024.md","Já existe na mestra: mestra\01_Normativos_Vigentes\03_MPPI\Atos\Ato PGJ 1448.2024 - Altera o Ato PGJ 1414.2024.md","2978","C:\Users\thiagonogueira\OneDrive - mppi.mp.br\Análise de processos\04_Normativos_Relacionados\Normativos_Vigentes\03_MPPI\Atos\Ato PGJ 1448.2024 - Altera o Ato PGJ 1414.2024.md"
"A-OneDrive/Analise_de_processos","DUPLICADO","Ato PGJ 1449.2024 - Reserva de Vagas para Mulheres em Situação de Vulnerabilidade (Terceirização).md",".md","_DUPLICADOS_para_arquivar\Ato PGJ 1449.2024 - Reserva de Vagas para Mulheres em Situação de Vulnerabilidade (Terceirização).md","Já existe na mestra: mestra\01_Normativos_Vigentes\03_MPPI\Atos\Ato PGJ 1449.2024 - Reserva de Vagas para Mulheres em Situação de Vulnerabilidade (Terceirização).md","5564","C:\Users\thiagonogueira\OneDrive - mppi.mp.br\Análise de processos\04_Normativos_Relacionados\Normativos_Vigentes\03_MPPI\Atos\Ato PGJ 1449.2024 - Reserva de Vagas para Mulheres em Situação de Vulnerabilidade (Terceirização).md"
"A-OneDrive/Analise_de_processos","DUPLICADO","Ato PGJ 1456.2024 - Manifestação Jurídica Referencial.md",".md","_DUPLICADOS_para_arquivar\Ato PGJ 1456.2024 - Manifestação Jurídica Referencial.md","Já existe na mestra: mestra\01_Normativos_Vigentes\03_MPPI\Atos\Ato PGJ 1456.2024 - Manifestação Jurídica Referencial.md","7645","C:\Users\thiagonogueira\OneDrive - mppi.mp.br\Análise de processos\04_Normativos_Relacionados\Normativos_Vigentes\03_MPPI\Atos\Ato PGJ 1456.2024 - Manifestação Jurídica Referencial.md"
"A-OneDrive/Analise_de_processos","DUPLICADO","Ato PGJ 1480.2025 - Retira CONINT da Fase Interna.md",".md","_DUPLICADOS_para_arquivar\Ato PGJ 1480.2025 - Retira CONINT da Fase Interna.md","Já existe na mestra: mestra\01_Normativos_Vigentes\03_MPPI\Atos\Ato PGJ 1480.2025 - Retira CONINT da Fase Interna.md","16110","C:\Users\thiagonogueira\OneDrive - mppi.mp.br\Análise de processos\04_Normativos_Relacionados\Normativos_Vigentes\03_MPPI\Atos\Ato PGJ 1480.2025 - Retira CONINT da Fase Interna.md"
"A-OneDrive/Analise_de_processos","DUPLICADO","Ato PGJ 1538.2025 - Altera Atos Normativos de Contratacao MPPI.md",".md","_DUPLICADOS_para_arquivar\Ato PGJ 1538.2025 - Altera Atos Normativos de Contratacao MPPI.md","Já existe na mestra: mestra\01_Normativos_Vigentes\03_MPPI\Atos\Ato PGJ 1538.2025 - Altera Atos Normativos de Contratacao MPPI.md","4218","C:\Users\thiagonogueira\OneDrive - mppi.mp.br\Análise de processos\04_Normativos_Relacionados\Normativos_Vigentes\03_MPPI\Atos\Ato PGJ 1538.2025 - Altera Atos Normativos de Contratacao MPPI.md"
"A-OneDrive/Analise_de_processos","DUPLICADO","Ato PGJ 1599.2025 - Institui a Política de Segurança Institucional e o Sistema de Segurança Institucional do MPPI.md",".md","_DUPLICADOS_para_arquivar\Ato PGJ 1599.2025 - Institui a Política de Segurança Institucional e o Sistema de Segurança Institucional do MPPI.md","Já existe na mestra: mestra\01_Normativos_Vigentes\03_MPPI\Atos\Ato PGJ 1599.2025 - Institui a Política de Segurança Institucional e o Sistema de Segurança Institucional do MPPI.md","39781","C:\Users\thiagonogueira\OneDrive - mppi.mp.br\Análise de processos\04_Normativos_Relacionados\Normativos_Vigentes\03_MPPI\Atos\Ato PGJ 1599.2025 - Institui a Política de Segurança Institucional e o Sistema de Segurança Institucional do MPPI.md"
"A-OneDrive/Analise_de_processos","DUPLICADO","Ato PGJ 939.2019 - Disciplina Atividades de Tecnologia da Informação.md",".md","_DUPLICADOS_para_arquivar\Ato PGJ 939.2019 - Disciplina Atividades de Tecnologia da Informação.md","Já existe na mestra: mestra\01_Normativos_Vigentes\03_MPPI\Atos\Ato PGJ 939.2019 - Disciplina Atividades de Tecnologia da Informação.md","32318","C:\Users\thiagonogueira\OneDrive - mppi.mp.br\Análise de processos\04_Normativos_Relacionados\Normativos_Vigentes\03_MPPI\Atos\Ato PGJ 939.2019 - Disciplina Atividades de Tecnologia da Informação.md"
"A-OneDrive/Analise_de_processos","DUPLICADO","PCA 2026 - Plano de Contratacoes Anual Versao 3.0 MPPI.md",".md","_DUPLICADOS_para_arquivar\PCA 2026 - Plano de Contratacoes Anual Versao 3.0 MPPI.md","Já existe na mestra: mestra\01_Normativos_Vigentes\03_MPPI\PCA 2026\PCA 2026 - Plano de Contratacoes Anual Versao 3.0 MPPI.md","108708","C:\Users\thiagonogueira\OneDrive - mppi.mp.br\Análise de processos\04_Normativos_Relacionados\Normativos_Vigentes\03_MPPI\PCA 2026\PCA 2026 - Plano de Contratacoes Anual Versao 3.0 MPPI.md"
"A-OneDrive/Analise_de_processos","DUPLICADO","Relação de Demandas Suspensas e Retidas (184 registros).pdf",".pdf","_DUPLICADOS_para_arquivar\Relação de Demandas Suspensas e Retidas (184 registros).pdf","Já existe na mestra: mestra\01_Normativos_Vigentes\03_MPPI\PCA 2026\Relação de Demandas Suspensas e Retidas (184 registros).pdf","638073","C:\Users\thiagonogueira\OneDrive - mppi.mp.br\Análise de processos\04_Normativos_Relacionados\Normativos_Vigentes\03_MPPI\PCA 2026\Relação de Demandas Suspensas e Retidas (184 registros).pdf"
"A-OneDrive/Analise_de_processos","DUPLICADO","Portaria PGJ 0870.2025 - Equipe de Planejamento.md",".md","_DUPLICADOS_para_arquivar\Portaria PGJ 0870.2025 - Equipe de Planejamento.md","Já existe na mestra: mestra\01_Normativos_Vigentes\03_MPPI\Portarias\Portaria PGJ 0870.2025 - Equipe de Planejamento.md","11386","C:\Users\thiagonogueira\OneDrive - mppi.mp.br\Análise de processos\04_Normativos_Relacionados\Normativos_Vigentes\03_MPPI\Portarias\Portaria PGJ 0870.2025 - Equipe de Planejamento.md"
"A-OneDrive/Analise_de_processos","DUPLICADO","Portaria PGJ 0942.2025 - Equipe de Planejamento.md",".md","_DUPLICADOS_para_arquivar\Portaria PGJ 0942.2025 - Equipe de Planejamento.md","Já existe na mestra: mestra\01_Normativos_Vigentes\03_MPPI\Portarias\Portaria PGJ 0942.2025 - Equipe de Planejamento.md","10876","C:\Users\thiagonogueira\OneDrive - mppi.mp.br\Análise de processos\04_Normativos_Relacionados\Normativos_Vigentes\03_MPPI\Portarias\Portaria PGJ 0942.2025 - Equipe de Planejamento.md"
"A-OneDrive/Analise_de_processos","DUPLICADO","Portaria PGJ 1040.2025 - Equipe de Planejamento.md",".md","_DUPLICADOS_para_arquivar\Portaria PGJ 1040.2025 - Equipe de Planejamento.md","Já existe na mestra: mestra\01_Normativos_Vigentes\03_MPPI\Portarias\Portaria PGJ 1040.2025 - Equipe de Planejamento.md","11248","C:\Users\thiagonogueira\OneDrive - mppi.mp.br\Análise de processos\04_Normativos_Relacionados\Normativos_Vigentes\03_MPPI\Portarias\Portaria PGJ 1040.2025 - Equipe de Planejamento.md"
"A-OneDrive/Analise_de_processos","DUPLICADO","Portaria PGJ 1318.2026 - Equipe de Planejamento.md",".md","_DUPLICADOS_para_arquivar\Portaria PGJ 1318.2026 - Equipe de Planejamento.md","Já existe na mestra: mestra\01_Normativos_Vigentes\03_MPPI\Portarias\Portaria PGJ 1318.2026 - Equipe de Planejamento.md","11461","C:\Users\thiagonogueira\OneDrive - mppi.mp.br\Análise de processos\04_Normativos_Relacionados\Normativos_Vigentes\03_MPPI\Portarias\Portaria PGJ 1318.2026 - Equipe de Planejamento.md"
"A-OneDrive/Analise_de_processos","DUPLICADO","Portaria PGJ 2065.2026 - Equipe de Planejamento TIC.md",".md","_DUPLICADOS_para_arquivar\Portaria PGJ 2065.2026 - Equipe de Planejamento TIC.md","Já existe na mestra: mestra\01_Normativos_Vigentes\03_MPPI\Portarias\Portaria PGJ 2065.2026 - Equipe de Planejamento TIC.md","13348","C:\Users\thiagonogueira\OneDrive - mppi.mp.br\Análise de processos\04_Normativos_Relacionados\Normativos_Vigentes\03_MPPI\Portarias\Portaria PGJ 2065.2026 - Equipe de Planejamento TIC.md"
"A-OneDrive/Analise_de_processos","DUPLICADO","Portaria PGJ 2067.2026 - Equipe de Planejamento.md",".md","_DUPLICADOS_para_arquivar\Portaria PGJ 2067.2026 - Equipe de Planejamento.md","Já existe na mestra: mestra\01_Normativos_Vigentes\03_MPPI\Portarias\Portaria PGJ 2067.2026 - Equipe de Planejamento.md","17913","C:\Users\thiagonogueira\OneDrive - mppi.mp.br\Análise de processos\04_Normativos_Relacionados\Normativos_Vigentes\03_MPPI\Portarias\Portaria PGJ 2067.2026 - Equipe de Planejamento.md"
"A-OneDrive/Analise_de_processos","DUPLICADO","Portaria PGJ 2396.2022 - Designacoes e Atribuicoes Administrativas.md",".md","_DUPLICADOS_para_arquivar\Portaria PGJ 2396.2022 - Designacoes e Atribuicoes Administrativas.md","Já existe na mestra: mestra\01_Normativos_Vigentes\03_MPPI\Portarias\Portaria PGJ 2396.2022 - Designacoes e Atribuicoes Administrativas.md","444328","C:\Users\thiagonogueira\OneDrive - mppi.mp.br\Análise de processos\04_Normativos_Relacionados\Normativos_Vigentes\03_MPPI\Portarias\Portaria PGJ 2396.2022 - Designacoes e Atribuicoes Administrativas.md"
"A-OneDrive/Analise_de_processos","DUPLICADO","Portaria PGJ 2864.2026 - Atribuicoes e Designacoes Administrativas.md",".md","_DUPLICADOS_para_arquivar\Portaria PGJ 2864.2026 - Atribuicoes e Designacoes Administrativas.md","Já existe na mestra: mestra\01_Normativos_Vigentes\03_MPPI\Portarias\Portaria PGJ 2864.2026 - Atribuicoes e Designacoes Administrativas.md","5788","C:\Users\thiagonogueira\OneDrive - mppi.mp.br\Análise de processos\04_Normativos_Relacionados\Normativos_Vigentes\03_MPPI\Portarias\Portaria PGJ 2864.2026 - Atribuicoes e Designacoes Administrativas.md"
"A-OneDrive/Analise_de_processos","DUPLICADO","Portaria PGJ 2918.2026 - Designacao Procon MPPI.md",".md","_DUPLICADOS_para_arquivar\Portaria PGJ 2918.2026 - Designacao Procon MPPI.md","Já existe na mestra: mestra\01_Normativos_Vigentes\03_MPPI\Portarias\Portaria PGJ 2918.2026 - Designacao Procon MPPI.md","5655","C:\Users\thiagonogueira\OneDrive - mppi.mp.br\Análise de processos\04_Normativos_Relacionados\Normativos_Vigentes\03_MPPI\Portarias\Portaria PGJ 2918.2026 - Designacao Procon MPPI.md"
"A-OneDrive/Analise_de_processos","DUPLICADO","Portaria PGJ 3172.2025 - Designacoes e Atribuicoes Administrativas.md",".md","_DUPLICADOS_para_arquivar\Portaria PGJ 3172.2025 - Designacoes e Atribuicoes Administrativas.md","Já existe na mestra: mestra\01_Normativos_Vigentes\03_MPPI\Portarias\Portaria PGJ 3172.2025 - Designacoes e Atribuicoes Administrativas.md","415217","C:\Users\thiagonogueira\OneDrive - mppi.mp.br\Análise de processos\04_Normativos_Relacionados\Normativos_Vigentes\03_MPPI\Portarias\Portaria PGJ 3172.2025 - Designacoes e Atribuicoes Administrativas.md"
"A-OneDrive/Analise_de_processos","DUPLICADO","Portaria PGJ 3315.2025 - Equipe de Planejamento da Contratação.md",".md","_DUPLICADOS_para_arquivar\Portaria PGJ 3315.2025 - Equipe de Planejamento da Contratação.md","Já existe na mestra: mestra\01_Normativos_Vigentes\03_MPPI\Portarias\Portaria PGJ 3315.2025 - Equipe de Planejamento da Contratação.md","18955","C:\Users\thiagonogueira\OneDrive - mppi.mp.br\Análise de processos\04_Normativos_Relacionados\Normativos_Vigentes\03_MPPI\Portarias\Portaria PGJ 3315.2025 - Equipe de Planejamento da Contratação.md"
"A-OneDrive/Analise_de_processos","DUPLICADO","Portaria PGJ 3447.2024 - Equipe de Planejamento TIC.md",".md","_DUPLICADOS_para_arquivar\Portaria PGJ 3447.2024 - Equipe de Planejamento TIC.md","Já existe na mestra: mestra\01_Normativos_Vigentes\03_MPPI\Portarias\Portaria PGJ 3447.2024 - Equipe de Planejamento TIC.md","7824","C:\Users\thiagonogueira\OneDrive - mppi.mp.br\Análise de processos\04_Normativos_Relacionados\Normativos_Vigentes\03_MPPI\Portarias\Portaria PGJ 3447.2024 - Equipe de Planejamento TIC.md"
"A-OneDrive/Analise_de_processos","DUPLICADO","Portaria PGJ 3448.2024 - Equipe de Planejamento da Contratacao.md",".md","_DUPLICADOS_para_arquivar\Portaria PGJ 3448.2024 - Equipe de Planejamento da Contratacao.md","Já existe na mestra: mestra\01_Normativos_Vigentes\03_MPPI\Portarias\Portaria PGJ 3448.2024 - Equipe de Planejamento da Contratacao.md","9709","C:\Users\thiagonogueira\OneDrive - mppi.mp.br\Análise de processos\04_Normativos_Relacionados\Normativos_Vigentes\03_MPPI\Portarias\Portaria PGJ 3448.2024 - Equipe de Planejamento da Contratacao.md"
"A-OneDrive/Analise_de_processos","DUPLICADO","Portaria PGJ 4333.2024 - Equipe de Planejamento da Contratacao.md",".md","_DUPLICADOS_para_arquivar\Portaria PGJ 4333.2024 - Equipe de Planejamento da Contratacao.md","Já existe na mestra: mestra\01_Normativos_Vigentes\03_MPPI\Portarias\Portaria PGJ 4333.2024 - Equipe de Planejamento da Contratacao.md","9508","C:\Users\thiagonogueira\OneDrive - mppi.mp.br\Análise de processos\04_Normativos_Relacionados\Normativos_Vigentes\03_MPPI\Portarias\Portaria PGJ 4333.2024 - Equipe de Planejamento da Contratacao.md"
"A-OneDrive/Analise_de_processos","DUPLICADO","Portaria PGJ 4335.2024 - Equipe de Planejamento TIC.md",".md","_DUPLICADOS_para_arquivar\Portaria PGJ 4335.2024 - Equipe de Planejamento TIC.md","Já existe na mestra: mestra\01_Normativos_Vigentes\03_MPPI\Portarias\Portaria PGJ 4335.2024 - Equipe de Planejamento TIC.md","6964","C:\Users\thiagonogueira\OneDrive - mppi.mp.br\Análise de processos\04_Normativos_Relacionados\Normativos_Vigentes\03_MPPI\Portarias\Portaria PGJ 4335.2024 - Equipe de Planejamento TIC.md"
"A-OneDrive/Analise_de_processos","DUPLICADO","Portaria PGJ 4337.2024 - Agente de Contratação e Pregoeiro.md",".md","_DUPLICADOS_para_arquivar\Portaria PGJ 4337.2024 - Agente de Contratação e Pregoeiro.md","Já existe na mestra: mestra\01_Normativos_Vigentes\03_MPPI\Portarias\Portaria PGJ 4337.2024 - Agente de Contratação e Pregoeiro.md","5901","C:\Users\thiagonogueira\OneDrive - mppi.mp.br\Análise de processos\04_Normativos_Relacionados\Normativos_Vigentes\03_MPPI\Portarias\Portaria PGJ 4337.2024 - Agente de Contratação e Pregoeiro.md"
"A-OneDrive/Analise_de_processos","DUPLICADO","Portaria PGJ 5644.2025 - Agentes de Contratação e Pregoeiro.md",".md","_DUPLICADOS_para_arquivar\Portaria PGJ 5644.2025 - Agentes de Contratação e Pregoeiro.md","Já existe na mestra: mestra\01_Normativos_Vigentes\03_MPPI\Portarias\Portaria PGJ 5644.2025 - Agentes de Contratação e Pregoeiro.md","6929","C:\Users\thiagonogueira\OneDrive - mppi.mp.br\Análise de processos\04_Normativos_Relacionados\Normativos_Vigentes\03_MPPI\Portarias\Portaria PGJ 5644.2025 - Agentes de Contratação e Pregoeiro.md"
"A-OneDrive/Analise_de_processos","DUPLICADO","Contratações de TI – Gestão de Contrato.md",".md","_DUPLICADOS_para_arquivar\Contratações de TI – Gestão de Contrato.md","Já existe na mestra: mestra\01_Normativos_Vigentes\04_CNMP\Contratações de TI – Gestão de Contrato.md","18219","C:\Users\thiagonogueira\OneDrive - mppi.mp.br\Análise de processos\04_Normativos_Relacionados\Normativos_Vigentes\04_CNMP\Contratações de TI – Gestão de Contrato.md"
"A-OneDrive/Analise_de_processos","DUPLICADO","Contratações de TI – Planejamento da.md",".md","_DUPLICADOS_para_arquivar\Contratações de TI – Planejamento da.md","Já existe na mestra: mestra\01_Normativos_Vigentes\04_CNMP\Contratações de TI – Planejamento da.md","52923","C:\Users\thiagonogueira\OneDrive - mppi.mp.br\Análise de processos\04_Normativos_Relacionados\Normativos_Vigentes\04_CNMP\Contratações de TI – Planejamento da.md"
"A-OneDrive/Analise_de_processos","DUPLICADO","Contratações de TI – Visão Geral.md",".md","_DUPLICADOS_para_arquivar\Contratações de TI – Visão Geral.md","Já existe na mestra: mestra\01_Normativos_Vigentes\04_CNMP\Contratações de TI – Visão Geral.md","3437","C:\Users\thiagonogueira\OneDrive - mppi.mp.br\Análise de processos\04_Normativos_Relacionados\Normativos_Vigentes\04_CNMP\Contratações de TI – Visão Geral.md"
"A-OneDrive/Analise_de_processos","DUPLICADO","Contratações de TI-Seleção de Fornecedores.md",".md","_DUPLICADOS_para_arquivar\Contratações de TI-Seleção de Fornecedores.md","Já existe na mestra: mestra\01_Normativos_Vigentes\04_CNMP\Contratações de TI-Seleção de Fornecedores.md","6476","C:\Users\thiagonogueira\OneDrive - mppi.mp.br\Análise de processos\04_Normativos_Relacionados\Normativos_Vigentes\04_CNMP\Contratações de TI-Seleção de Fornecedores.md"
"A-OneDrive/Analise_de_processos","DUPLICADO","Manual da Plataforma MP Digital.md",".md","_DUPLICADOS_para_arquivar\Manual da Plataforma MP Digital.md","Já existe na mestra: mestra\01_Normativos_Vigentes\04_CNMP\Manual da Plataforma MP Digital.md","18060","C:\Users\thiagonogueira\OneDrive - mppi.mp.br\Análise de processos\04_Normativos_Relacionados\Normativos_Vigentes\04_CNMP\Manual da Plataforma MP Digital.md"
"A-OneDrive/Analise_de_processos","DUPLICADO","MOTec.md",".md","_DUPLICADOS_para_arquivar\MOTec.md","Já existe na mestra: mestra\01_Normativos_Vigentes\04_CNMP\MOTec.md","141228","C:\Users\thiagonogueira\OneDrive - mppi.mp.br\Análise de processos\04_Normativos_Relacionados\Normativos_Vigentes\04_CNMP\MOTec.md"
"A-OneDrive/Analise_de_processos","DUPLICADO","Resolucao-CNMP-n-281-de-2023 (Politica de Governanca das Contratacoes).md",".md","_DUPLICADOS_para_arquivar\Resolucao-CNMP-n-281-de-2023 (Politica de Governanca das Contratacoes).md","Já existe na mestra: mestra\01_Normativos_Vigentes\04_CNMP\Resolucao-CNMP-n-281-de-2023 (Politica de Governanca das Contratacoes).md","158446","C:\Users\thiagonogueira\OneDrive - mppi.mp.br\Análise de processos\04_Normativos_Relacionados\Normativos_Vigentes\04_CNMP\Resolucao-CNMP-n-281-de-2023 (Politica de Governanca das Contratacoes).md"
"A-OneDrive/Analise_de_processos","DUPLICADO","Resolucao-CNMP-n-283 (Disciplina contratações de TIC).md",".md","_DUPLICADOS_para_arquivar\Resolucao-CNMP-n-283 (Disciplina contratações de TIC).md","Já existe na mestra: mestra\01_Normativos_Vigentes\04_CNMP\Resolucao-CNMP-n-283 (Disciplina contratações de TIC).md","56266","C:\Users\thiagonogueira\OneDrive - mppi.mp.br\Análise de processos\04_Normativos_Relacionados\Normativos_Vigentes\04_CNMP\Resolucao-CNMP-n-283 (Disciplina contratações de TIC).md"
"A-OneDrive/Analise_de_processos","DUPLICADO","POP - Contratacao Direta Art 75 IX - Empresa Publica.md",".md","_DUPLICADOS_para_arquivar\POP - Contratacao Direta Art 75 IX - Empresa Publica.md","Já existe na mestra: mestra\01_Normativos_Vigentes\04_CNMP\POP's Contratação Direta\POP - Contratacao Direta Art 75 IX - Empresa Publica.md","21523","C:\Users\thiagonogueira\OneDrive - mppi.mp.br\Análise de processos\04_Normativos_Relacionados\Normativos_Vigentes\04_CNMP\POP's Contratação Direta\POP - Contratacao Direta Art 75 IX - Empresa Publica.md"
"A-OneDrive/Analise_de_processos","DUPLICADO","POP - Contratacao Direta Inexigibilidade Art 74 I - Exclusividade.md",".md","_DUPLICADOS_para_arquivar\POP - Contratacao Direta Inexigibilidade Art 74 I - Exclusividade.md","Já existe na mestra: mestra\01_Normativos_Vigentes\04_CNMP\POP's Contratação Direta\POP - Contratacao Direta Inexigibilidade Art 74 I - Exclusividade.md","24506","C:\Users\thiagonogueira\OneDrive - mppi.mp.br\Análise de processos\04_Normativos_Relacionados\Normativos_Vigentes\04_CNMP\POP's Contratação Direta\POP - Contratacao Direta Inexigibilidade Art 74 I - Exclusividade.md"
"A-OneDrive/Analise_de_processos","DUPLICADO","POP - Contratacao Direta Inexigibilidade Art 74 II - Setor Artistico.md",".md","_DUPLICADOS_para_arquivar\POP - Contratacao Direta Inexigibilidade Art 74 II - Setor Artistico.md","Já existe na mestra: mestra\01_Normativos_Vigentes\04_CNMP\POP's Contratação Direta\POP - Contratacao Direta Inexigibilidade Art 74 II - Setor Artistico.md","25039","C:\Users\thiagonogueira\OneDrive - mppi.mp.br\Análise de processos\04_Normativos_Relacionados\Normativos_Vigentes\04_CNMP\POP's Contratação Direta\POP - Contratacao Direta Inexigibilidade Art 74 II - Setor Artistico.md"
"A-OneDrive/Analise_de_processos","DUPLICADO","POP - Contratacao Direta Inexigibilidade Art 74 III - Cursos Treinamentos e Palestras.md",".md","_DUPLICADOS_para_arquivar\POP - Contratacao Direta Inexigibilidade Art 74 III - Cursos Treinamentos e Palestras.md","Já existe na mestra: mestra\01_Normativos_Vigentes\04_CNMP\POP's Contratação Direta\POP - Contratacao Direta Inexigibilidade Art 74 III - Cursos Treinamentos e Palestras.md","21103","C:\Users\thiagonogueira\OneDrive - mppi.mp.br\Análise de processos\04_Normativos_Relacionados\Normativos_Vigentes\04_CNMP\POP's Contratação Direta\POP - Contratacao Direta Inexigibilidade Art 74 III - Cursos Treinamentos e Palestras.md"
"A-OneDrive/Analise_de_processos","DUPLICADO","POP - Contratacao por Adesao a Ata de Registro de Precos Carona.md",".md","_DUPLICADOS_para_arquivar\POP - Contratacao por Adesao a Ata de Registro de Precos Carona.md","Já existe na mestra: mestra\01_Normativos_Vigentes\04_CNMP\POP's Contratação Direta\POP - Contratacao por Adesao a Ata de Registro de Precos Carona.md","17394","C:\Users\thiagonogueira\OneDrive - mppi.mp.br\Análise de processos\04_Normativos_Relacionados\Normativos_Vigentes\04_CNMP\POP's Contratação Direta\POP - Contratacao por Adesao a Ata de Registro de Precos Carona.md"
"A-OneDrive/Analise_de_processos","DUPLICADO","POP - Contratacao por Dispensa Eletronica.md",".md","_DUPLICADOS_para_arquivar\POP - Contratacao por Dispensa Eletronica.md","Já existe na mestra: mestra\01_Normativos_Vigentes\04_CNMP\POP's Contratação Direta\POP - Contratacao por Dispensa Eletronica.md","18810","C:\Users\thiagonogueira\OneDrive - mppi.mp.br\Análise de processos\04_Normativos_Relacionados\Normativos_Vigentes\04_CNMP\POP's Contratação Direta\POP - Contratacao por Dispensa Eletronica.md"
"A-OneDrive/Analise_de_processos","DUPLICADO","POP - Prorrogacao de Vigencia de Ata de Registro de Precos.md",".md","_DUPLICADOS_para_arquivar\POP - Prorrogacao de Vigencia de Ata de Registro de Precos.md","Já existe na mestra: mestra\01_Normativos_Vigentes\04_CNMP\POP's Contratação Direta\POP - Prorrogacao de Vigencia de Ata de Registro de Precos.md","12883","C:\Users\thiagonogueira\OneDrive - mppi.mp.br\Análise de processos\04_Normativos_Relacionados\Normativos_Vigentes\04_CNMP\POP's Contratação Direta\POP - Prorrogacao de Vigencia de Ata de Registro de Precos.md"
"A-OneDrive/Analise_de_processos","DUPLICADO","Acordao TCE-PI 300.2025 - Primeira Camara - Irregularidades Pregao e Adesao ARP.md",".md","_DUPLICADOS_para_arquivar\Acordao TCE-PI 300.2025 - Primeira Camara - Irregularidades Pregao e Adesao ARP.md","Já existe na mestra: mestra\01_Normativos_Vigentes\05_TCE_PI\Acordao TCE-PI 300.2025 - Primeira Camara - Irregularidades Pregao e Adesao ARP.md","183489","C:\Users\thiagonogueira\OneDrive - mppi.mp.br\Análise de processos\04_Normativos_Relacionados\Normativos_Vigentes\05_TCE_PI\Acordao TCE-PI 300.2025 - Primeira Camara - Irregularidades Pregao e Adesao ARP.md"
"A-OneDrive/Analise_de_processos","DUPLICADO","IN TCE-PI nº 06.2017 - Sistemas Licitacoes Contratos e Obras Web.md",".md","_DUPLICADOS_para_arquivar\IN TCE-PI nº 06.2017 - Sistemas Licitacoes Contratos e Obras Web.md","Já existe na mestra: mestra\01_Normativos_Vigentes\05_TCE_PI\IN TCE-PI nº 06.2017 - Sistemas Licitacoes Contratos e Obras Web.md","39989","C:\Users\thiagonogueira\OneDrive - mppi.mp.br\Análise de processos\04_Normativos_Relacionados\Normativos_Vigentes\05_TCE_PI\IN TCE-PI nº 06.2017 - Sistemas Licitacoes Contratos e Obras Web.md"
"A-OneDrive/Analise_de_processos","DUPLICADO","IN TCE-PI nº 07.2021 - Altera IN 06.2017 Licitacoes Web.md",".md","_DUPLICADOS_para_arquivar\IN TCE-PI nº 07.2021 - Altera IN 06.2017 Licitacoes Web.md","Já existe na mestra: mestra\01_Normativos_Vigentes\05_TCE_PI\IN TCE-PI nº 07.2021 - Altera IN 06.2017 Licitacoes Web.md","23542","C:\Users\thiagonogueira\OneDrive - mppi.mp.br\Análise de processos\04_Normativos_Relacionados\Normativos_Vigentes\05_TCE_PI\IN TCE-PI nº 07.2021 - Altera IN 06.2017 Licitacoes Web.md"
"A-OneDrive/Analise_de_processos","DUPLICADO","Instrução Normativa TCE-PI 002.2026 - Sistemas Licitacoes Web Contratos Web e Obras Web.md",".md","_DUPLICADOS_para_arquivar\Instrução Normativa TCE-PI 002.2026 - Sistemas Licitacoes Web Contratos Web e Obras Web.md","Já existe na mestra: mestra\01_Normativos_Vigentes\05_TCE_PI\Instrução Normativa TCE-PI 002.2026 - Sistemas Licitacoes Web Contratos Web e Obras Web.md","41931","C:\Users\thiagonogueira\OneDrive - mppi.mp.br\Análise de processos\04_Normativos_Relacionados\Normativos_Vigentes\05_TCE_PI\Instrução Normativa TCE-PI 002.2026 - Sistemas Licitacoes Web Contratos Web e Obras Web.md"
"A-OneDrive/Analise_de_processos","DUPLICADO","Instrução Normativa TCE-PI 002.2026 - Sistemas Licitacoes Web Contratos Web e Obras Web.pdf",".pdf","_DUPLICADOS_para_arquivar\Instrução Normativa TCE-PI 002.2026 - Sistemas Licitacoes Web Contratos Web e Obras Web.pdf","Já existe na mestra: mestra\01_Normativos_Vigentes\05_TCE_PI\Instrução Normativa TCE-PI 002.2026 - Sistemas Licitacoes Web Contratos Web e Obras Web.pdf","218031","C:\Users\thiagonogueira\OneDrive - mppi.mp.br\Análise de processos\04_Normativos_Relacionados\Normativos_Vigentes\05_TCE_PI\Instrução Normativa TCE-PI 002.2026 - Sistemas Licitacoes Web Contratos Web e Obras Web.pdf"
"A-OneDrive/Analise_de_processos","DUPLICADO","Instrução Normativa TCE-PI 007.2021 - Altera IN 06.2017 Licitacoes Web.md",".md","_DUPLICADOS_para_arquivar\Instrução Normativa TCE-PI 007.2021 - Altera IN 06.2017 Licitacoes Web.md","Já existe na mestra: mestra\01_Normativos_Vigentes\05_TCE_PI\Instrução Normativa TCE-PI 007.2021 - Altera IN 06.2017 Licitacoes Web.md","8444","C:\Users\thiagonogueira\OneDrive - mppi.mp.br\Análise de processos\04_Normativos_Relacionados\Normativos_Vigentes\05_TCE_PI\Instrução Normativa TCE-PI 007.2021 - Altera IN 06.2017 Licitacoes Web.md"
"A-OneDrive/Analise_de_processos","DUPLICADO","Instrução Normativa TCE-PI 007.2021 - Altera IN 06.2017 Licitacoes Web.pdf",".pdf","_DUPLICADOS_para_arquivar\Instrução Normativa TCE-PI 007.2021 - Altera IN 06.2017 Licitacoes Web.pdf","Já existe na mestra: mestra\01_Normativos_Vigentes\05_TCE_PI\Instrução Normativa TCE-PI 007.2021 - Altera IN 06.2017 Licitacoes Web.pdf","241137","C:\Users\thiagonogueira\OneDrive - mppi.mp.br\Análise de processos\04_Normativos_Relacionados\Normativos_Vigentes\05_TCE_PI\Instrução Normativa TCE-PI 007.2021 - Altera IN 06.2017 Licitacoes Web.pdf"
"A-OneDrive/Analise_de_processos","DUPLICADO","Lei Estadual 5888.2009 - Lei Organica do TCE-PI Atualizada ate 2026.md",".md","_DUPLICADOS_para_arquivar\Lei Estadual 5888.2009 - Lei Organica do TCE-PI Atualizada ate 2026.md","Já existe na mestra: mestra\01_Normativos_Vigentes\05_TCE_PI\Lei Estadual 5888.2009 - Lei Organica do TCE-PI Atualizada ate 2026.md","124903","C:\Users\thiagonogueira\OneDrive - mppi.mp.br\Análise de processos\04_Normativos_Relacionados\Normativos_Vigentes\05_TCE_PI\Lei Estadual 5888.2009 - Lei Organica do TCE-PI Atualizada ate 2026.md"
"A-OneDrive/Analise_de_processos","DUPLICADO","Nota Técnica TCE-PI 001.2025 - Contratacoes por Tempo Determinado e Terceirizacoes.md",".md","_DUPLICADOS_para_arquivar\Nota Técnica TCE-PI 001.2025 - Contratacoes por Tempo Determinado e Terceirizacoes.md","Já existe na mestra: mestra\01_Normativos_Vigentes\05_TCE_PI\Nota Técnica TCE-PI 001.2025 - Contratacoes por Tempo Determinado e Terceirizacoes.md","12783","C:\Users\thiagonogueira\OneDrive - mppi.mp.br\Análise de processos\04_Normativos_Relacionados\Normativos_Vigentes\05_TCE_PI\Nota Técnica TCE-PI 001.2025 - Contratacoes por Tempo Determinado e Terceirizacoes.md"
"A-OneDrive/Analise_de_processos","DUPLICADO","Nota Técnica TCE-PI 001.2025 - Contratacoes por Tempo Determinado e Terceirizacoes.pdf",".pdf","_DUPLICADOS_para_arquivar\Nota Técnica TCE-PI 001.2025 - Contratacoes por Tempo Determinado e Terceirizacoes.pdf","Já existe na mestra: mestra\01_Normativos_Vigentes\05_TCE_PI\Nota Técnica TCE-PI 001.2025 - Contratacoes por Tempo Determinado e Terceirizacoes.pdf","332392","C:\Users\thiagonogueira\OneDrive - mppi.mp.br\Análise de processos\04_Normativos_Relacionados\Normativos_Vigentes\05_TCE_PI\Nota Técnica TCE-PI 001.2025 - Contratacoes por Tempo Determinado e Terceirizacoes.pdf"
"A-OneDrive/Analise_de_processos","DUPLICADO","Nota Técnica TCE-PI 002.2024 - Despesas com Festas Shows Artistas e Bandas.md",".md","_DUPLICADOS_para_arquivar\Nota Técnica TCE-PI 002.2024 - Despesas com Festas Shows Artistas e Bandas.md","Já existe na mestra: mestra\01_Normativos_Vigentes\05_TCE_PI\Nota Técnica TCE-PI 002.2024 - Despesas com Festas Shows Artistas e Bandas.md","10124","C:\Users\thiagonogueira\OneDrive - mppi.mp.br\Análise de processos\04_Normativos_Relacionados\Normativos_Vigentes\05_TCE_PI\Nota Técnica TCE-PI 002.2024 - Despesas com Festas Shows Artistas e Bandas.md"
"A-OneDrive/Analise_de_processos","DUPLICADO","Resolucao TCE-PI nº 09.2025 - Padroes Decisoes e Acordaos.md",".md","_DUPLICADOS_para_arquivar\Resolucao TCE-PI nº 09.2025 - Padroes Decisoes e Acordaos.md","Já existe na mestra: mestra\01_Normativos_Vigentes\05_TCE_PI\Resolucao TCE-PI nº 09.2025 - Padroes Decisoes e Acordaos.md","9665","C:\Users\thiagonogueira\OneDrive - mppi.mp.br\Análise de processos\04_Normativos_Relacionados\Normativos_Vigentes\05_TCE_PI\Resolucao TCE-PI nº 09.2025 - Padroes Decisoes e Acordaos.md"
"A-OneDrive/Analise_de_processos","DUPLICADO","Resolucao TCE-PI nº 10.2020 - Procedimento de Levantamento.md",".md","_DUPLICADOS_para_arquivar\Resolucao TCE-PI nº 10.2020 - Procedimento de Levantamento.md","Já existe na mestra: mestra\01_Normativos_Vigentes\05_TCE_PI\Resolucao TCE-PI nº 10.2020 - Procedimento de Levantamento.md","34055","C:\Users\thiagonogueira\OneDrive - mppi.mp.br\Análise de processos\04_Normativos_Relacionados\Normativos_Vigentes\05_TCE_PI\Resolucao TCE-PI nº 10.2020 - Procedimento de Levantamento.md"
"A-OneDrive/Analise_de_processos","DUPLICADO","Resolucao TCE-PI nº 19.2024 - Regimento Interno do TCE-PI.md",".md","_DUPLICADOS_para_arquivar\Resolucao TCE-PI nº 19.2024 - Regimento Interno do TCE-PI.md","Já existe na mestra: mestra\01_Normativos_Vigentes\05_TCE_PI\Resolucao TCE-PI nº 19.2024 - Regimento Interno do TCE-PI.md","277353","C:\Users\thiagonogueira\OneDrive - mppi.mp.br\Análise de processos\04_Normativos_Relacionados\Normativos_Vigentes\05_TCE_PI\Resolucao TCE-PI nº 19.2024 - Regimento Interno do TCE-PI.md"
"A-OneDrive/Analise_de_processos","DUPLICADO","Resolucao TCE-PI nº 20.2024 - Alteracao Regimental.md",".md","_DUPLICADOS_para_arquivar\Resolucao TCE-PI nº 20.2024 - Alteracao Regimental.md","Já existe na mestra: mestra\01_Normativos_Vigentes\05_TCE_PI\Resolucao TCE-PI nº 20.2024 - Alteracao Regimental.md","2660","C:\Users\thiagonogueira\OneDrive - mppi.mp.br\Análise de processos\04_Normativos_Relacionados\Normativos_Vigentes\05_TCE_PI\Resolucao TCE-PI nº 20.2024 - Alteracao Regimental.md"
"A-OneDrive/Analise_de_processos","DUPLICADO","Resolucao TCE-PI nº 37.2024 - Deliberacoes e Medidas Corretivas.md",".md","_DUPLICADOS_para_arquivar\Resolucao TCE-PI nº 37.2024 - Deliberacoes e Medidas Corretivas.md","Já existe na mestra: mestra\01_Normativos_Vigentes\05_TCE_PI\Resolucao TCE-PI nº 37.2024 - Deliberacoes e Medidas Corretivas.md","23578","C:\Users\thiagonogueira\OneDrive - mppi.mp.br\Análise de processos\04_Normativos_Relacionados\Normativos_Vigentes\05_TCE_PI\Resolucao TCE-PI nº 37.2024 - Deliberacoes e Medidas Corretivas.md"
"A-OneDrive/Analise_de_processos","DUPLICADO","Resolução TCE-PI 011.2026 - Gestao e Fiscalizacao de Contratos Administrativos.md",".md","_DUPLICADOS_para_arquivar\Resolução TCE-PI 011.2026 - Gestao e Fiscalizacao de Contratos Administrativos.md","Já existe na mestra: mestra\01_Normativos_Vigentes\05_TCE_PI\Resolução TCE-PI 011.2026 - Gestao e Fiscalizacao de Contratos Administrativos.md","35019","C:\Users\thiagonogueira\OneDrive - mppi.mp.br\Análise de processos\04_Normativos_Relacionados\Normativos_Vigentes\05_TCE_PI\Resolução TCE-PI 011.2026 - Gestao e Fiscalizacao de Contratos Administrativos.md"
"A-OneDrive/Analise_de_processos","DUPLICADO","Resolução TCE-PI 011.2026 - Gestao e Fiscalizacao de Contratos Administrativos.pdf",".pdf","_DUPLICADOS_para_arquivar\Resolução TCE-PI 011.2026 - Gestao e Fiscalizacao de Contratos Administrativos.pdf","Já existe na mestra: mestra\01_Normativos_Vigentes\05_TCE_PI\Resolução TCE-PI 011.2026 - Gestao e Fiscalizacao de Contratos Administrativos.pdf","307405","C:\Users\thiagonogueira\OneDrive - mppi.mp.br\Análise de processos\04_Normativos_Relacionados\Normativos_Vigentes\05_TCE_PI\Resolução TCE-PI 011.2026 - Gestao e Fiscalizacao de Contratos Administrativos.pdf"
"A-OneDrive/Analise_de_processos","DUPLICADO","Resolução TCE-PI 017.2024 - Pesquisa de Precos.md",".md","_DUPLICADOS_para_arquivar\Resolução TCE-PI 017.2024 - Pesquisa de Precos.md","Já existe na mestra: mestra\01_Normativos_Vigentes\05_TCE_PI\Resolução TCE-PI 017.2024 - Pesquisa de Precos.md","17138","C:\Users\thiagonogueira\OneDrive - mppi.mp.br\Análise de processos\04_Normativos_Relacionados\Normativos_Vigentes\05_TCE_PI\Resolução TCE-PI 017.2024 - Pesquisa de Precos.md"
"A-OneDrive/Analise_de_processos","DUPLICADO","Resolução TCE-PI 017.2024 - Pesquisa de Precos.pdf",".pdf","_DUPLICADOS_para_arquivar\Resolução TCE-PI 017.2024 - Pesquisa de Precos.pdf","Já existe na mestra: mestra\01_Normativos_Vigentes\05_TCE_PI\Resolução TCE-PI 017.2024 - Pesquisa de Precos.pdf","177866","C:\Users\thiagonogueira\OneDrive - mppi.mp.br\Análise de processos\04_Normativos_Relacionados\Normativos_Vigentes\05_TCE_PI\Resolução TCE-PI 017.2024 - Pesquisa de Precos.pdf"
"A-OneDrive/Analise_de_processos","DUPLICADO","Resolução TCE-PI 039.2023 - Plano de Contratacoes Anual.md",".md","_DUPLICADOS_para_arquivar\Resolução TCE-PI 039.2023 - Plano de Contratacoes Anual.md","Já existe na mestra: mestra\01_Normativos_Vigentes\05_TCE_PI\Resolução TCE-PI 039.2023 - Plano de Contratacoes Anual.md","18915","C:\Users\thiagonogueira\OneDrive - mppi.mp.br\Análise de processos\04_Normativos_Relacionados\Normativos_Vigentes\05_TCE_PI\Resolução TCE-PI 039.2023 - Plano de Contratacoes Anual.md"
"A-OneDrive/Analise_de_processos","DUPLICADO","Resolução TCE-PI 039.2023 - Plano de Contratacoes Anual.pdf",".pdf","_DUPLICADOS_para_arquivar\Resolução TCE-PI 039.2023 - Plano de Contratacoes Anual.pdf","Já existe na mestra: mestra\01_Normativos_Vigentes\05_TCE_PI\Resolução TCE-PI 039.2023 - Plano de Contratacoes Anual.pdf","188402","C:\Users\thiagonogueira\OneDrive - mppi.mp.br\Análise de processos\04_Normativos_Relacionados\Normativos_Vigentes\05_TCE_PI\Resolução TCE-PI 039.2023 - Plano de Contratacoes Anual.pdf"
"A-OneDrive/Analise_de_processos","DUPLICADO","Analise de Primeira Linha SLC TJPI - Controle Interno.md",".md","_DUPLICADOS_para_arquivar\Analise de Primeira Linha SLC TJPI - Controle Interno.md","Já existe na mestra: mestra\01_Normativos_Vigentes\06_TJPI\Analise de Primeira Linha SLC TJPI - Controle Interno.md","41411","C:\Users\thiagonogueira\OneDrive - mppi.mp.br\Análise de processos\04_Normativos_Relacionados\Normativos_Vigentes\06_TJPI\Analise de Primeira Linha SLC TJPI - Controle Interno.md"
"A-OneDrive/Analise_de_processos","DUPLICADO","Fluxogramas de Processos Licitatorios TJPI.md",".md","_DUPLICADOS_para_arquivar\Fluxogramas de Processos Licitatorios TJPI.md","Já existe na mestra: mestra\01_Normativos_Vigentes\06_TJPI\Fluxogramas de Processos Licitatorios TJPI.md","7781","C:\Users\thiagonogueira\OneDrive - mppi.mp.br\Análise de processos\04_Normativos_Relacionados\Normativos_Vigentes\06_TJPI\Fluxogramas de Processos Licitatorios TJPI.md"
"A-OneDrive/Analise_de_processos","DUPLICADO","Lista de Verificacao SGC TJPI - Conformidade Licitatoria.md",".md","_DUPLICADOS_para_arquivar\Lista de Verificacao SGC TJPI - Conformidade Licitatoria.md","Já existe na mestra: mestra\01_Normativos_Vigentes\06_TJPI\Lista de Verificacao SGC TJPI - Conformidade Licitatoria.md","2781","C:\Users\thiagonogueira\OneDrive - mppi.mp.br\Análise de processos\04_Normativos_Relacionados\Normativos_Vigentes\06_TJPI\Lista de Verificacao SGC TJPI - Conformidade Licitatoria.md"
"A-OneDrive/Analise_de_processos","DUPLICADO","Lista de Verificacao SLC TJPI - Servicos e Licitacoes.md",".md","_DUPLICADOS_para_arquivar\Lista de Verificacao SLC TJPI - Servicos e Licitacoes.md","Já existe na mestra: mestra\01_Normativos_Vigentes\06_TJPI\Lista de Verificacao SLC TJPI - Servicos e Licitacoes.md","3494","C:\Users\thiagonogueira\OneDrive - mppi.mp.br\Análise de processos\04_Normativos_Relacionados\Normativos_Vigentes\06_TJPI\Lista de Verificacao SLC TJPI - Servicos e Licitacoes.md"
"A-OneDrive/Analise_de_processos","DUPLICADO","Manual de Licitacoes e Contratos TJPI (2023-2024).md",".md","_DUPLICADOS_para_arquivar\Manual de Licitacoes e Contratos TJPI (2023-2024).md","Já existe na mestra: mestra\01_Normativos_Vigentes\06_TJPI\Manual de Licitacoes e Contratos TJPI (2023-2024).md","114115","C:\Users\thiagonogueira\OneDrive - mppi.mp.br\Análise de processos\04_Normativos_Relacionados\Normativos_Vigentes\06_TJPI\Manual de Licitacoes e Contratos TJPI (2023-2024).md"
"A-OneDrive/Analise_de_processos","DUPLICADO","Modelo de Aviso de Dispensa de Licitacao TJPI.md",".md","_DUPLICADOS_para_arquivar\Modelo de Aviso de Dispensa de Licitacao TJPI.md","Já existe na mestra: mestra\01_Normativos_Vigentes\06_TJPI\Modelo de Aviso de Dispensa de Licitacao TJPI.md","3602","C:\Users\thiagonogueira\OneDrive - mppi.mp.br\Análise de processos\04_Normativos_Relacionados\Normativos_Vigentes\06_TJPI\Modelo de Aviso de Dispensa de Licitacao TJPI.md"
"A-OneDrive/Analise_de_processos","DUPLICADO","Modelo de Justificativa Tecnico-Administrativa TJPI (Parecer do Agente).md",".md","_DUPLICADOS_para_arquivar\Modelo de Justificativa Tecnico-Administrativa TJPI (Parecer do Agente).md","Já existe na mestra: mestra\01_Normativos_Vigentes\06_TJPI\Modelo de Justificativa Tecnico-Administrativa TJPI (Parecer do Agente).md","31933","C:\Users\thiagonogueira\OneDrive - mppi.mp.br\Análise de processos\04_Normativos_Relacionados\Normativos_Vigentes\06_TJPI\Modelo de Justificativa Tecnico-Administrativa TJPI (Parecer do Agente).md"
"A-OneDrive/Analise_de_processos","DUPLICADO","Portaria TJPI nº 2899.2023 - Dispensa de Licitacao.md",".md","_DUPLICADOS_para_arquivar\Portaria TJPI nº 2899.2023 - Dispensa de Licitacao.md","Já existe na mestra: mestra\01_Normativos_Vigentes\06_TJPI\Portaria TJPI nº 2899.2023 - Dispensa de Licitacao.md","30433","C:\Users\thiagonogueira\OneDrive - mppi.mp.br\Análise de processos\04_Normativos_Relacionados\Normativos_Vigentes\06_TJPI\Portaria TJPI nº 2899.2023 - Dispensa de Licitacao.md"
"A-OneDrive/Analise_de_processos","DUPLICADO","Provimento TJPI nº 13.2025 - Regulamento de Obras Servicos Compras e Alienacoes.md",".md","_DUPLICADOS_para_arquivar\Provimento TJPI nº 13.2025 - Regulamento de Obras Servicos Compras e Alienacoes.md","Já existe na mestra: mestra\01_Normativos_Vigentes\06_TJPI\Provimento TJPI nº 13.2025 - Regulamento de Obras Servicos Compras e Alienacoes.md","98694","C:\Users\thiagonogueira\OneDrive - mppi.mp.br\Análise de processos\04_Normativos_Relacionados\Normativos_Vigentes\06_TJPI\Provimento TJPI nº 13.2025 - Regulamento de Obras Servicos Compras e Alienacoes.md"
"B-E/PCA_Referencias/Base_Legal","MOVER","Acórdão TCE - n3001 - 2025.pdf",".pdf","02_Jurisprudencia_e_Orientacoes\Acordaos_TCE_PI\Acórdão TCE - n3001 - 2025.pdf","","885817","E:\Thiago\Dev\PCA_Multiexercicio_Referencias\Base Legal CLC - Atualizada Maio.2026\Boletins de Jurisprudência TCE-PI\Acórdão TCE - n3001 - 2025.pdf"
"B-E/PCA_Referencias/Base_Legal","MOVER","Instrução Normativa TCEPI - n6.0 - 2017.pdf",".pdf","01_Normativos_Vigentes\05_TCE_PI\Instrucoes_Normativas\Instrução Normativa TCEPI - n6.0 - 2017.pdf","","387532","E:\Thiago\Dev\PCA_Multiexercicio_Referencias\Base Legal CLC - Atualizada Maio.2026\Boletins de Jurisprudência TCE-PI\Instrução Normativa TCEPI - n6.0 - 2017.pdf"
"B-E/PCA_Referencias/Base_Legal","DUPLICADO","Instrução Normativa TCEPI - n7.0 - 2021.pdf",".pdf","_DUPLICADOS_para_arquivar\Instrução Normativa TCEPI - n7.0 - 2021.pdf","Já existe na mestra: mestra\01_Normativos_Vigentes\05_TCE_PI\Instrução Normativa TCE-PI 007.2021 - Altera IN 06.2017 Licitacoes Web.pdf","241137","E:\Thiago\Dev\PCA_Multiexercicio_Referencias\Base Legal CLC - Atualizada Maio.2026\Boletins de Jurisprudência TCE-PI\Instrução Normativa TCEPI - n7.0 - 2021.pdf"
"B-E/PCA_Referencias/Base_Legal","MOVER","Resolução TCE - n10.0 - 2020.pdf",".pdf","01_Normativos_Vigentes\05_TCE_PI\Resolucoes\Resolução TCE - n10.0 - 2020.pdf","","426255","E:\Thiago\Dev\PCA_Multiexercicio_Referencias\Base Legal CLC - Atualizada Maio.2026\Boletins de Jurisprudência TCE-PI\Resolução TCE - n10.0 - 2020.pdf"
"B-E/PCA_Referencias/Base_Legal","MOVER","Resolução TCE - n19.0 - 2024.pdf",".pdf","01_Normativos_Vigentes\05_TCE_PI\Resolucoes\Resolução TCE - n19.0 - 2024.pdf","","1585374","E:\Thiago\Dev\PCA_Multiexercicio_Referencias\Base Legal CLC - Atualizada Maio.2026\Boletins de Jurisprudência TCE-PI\Resolução TCE - n19.0 - 2024.pdf"
"B-E/PCA_Referencias/Base_Legal","MOVER","Resolução TCE - n20.0 - 2024.pdf",".pdf","01_Normativos_Vigentes\05_TCE_PI\Resolucoes\Resolução TCE - n20.0 - 2024.pdf","","230182","E:\Thiago\Dev\PCA_Multiexercicio_Referencias\Base Legal CLC - Atualizada Maio.2026\Boletins de Jurisprudência TCE-PI\Resolução TCE - n20.0 - 2024.pdf"
"B-E/PCA_Referencias/Base_Legal","MOVER","Resolução TCE - n37.0 - 2024.pdf",".pdf","01_Normativos_Vigentes\05_TCE_PI\Resolucoes\Resolução TCE - n37.0 - 2024.pdf","","609420","E:\Thiago\Dev\PCA_Multiexercicio_Referencias\Base Legal CLC - Atualizada Maio.2026\Boletins de Jurisprudência TCE-PI\Resolução TCE - n37.0 - 2024.pdf"
"B-E/PCA_Referencias/Base_Legal","MOVER","Resolução TCE - n9.0 - 2025.pdf",".pdf","01_Normativos_Vigentes\05_TCE_PI\Resolucoes\Resolução TCE - n9.0 - 2025.pdf","","362103","E:\Thiago\Dev\PCA_Multiexercicio_Referencias\Base Legal CLC - Atualizada Maio.2026\Boletins de Jurisprudência TCE-PI\Resolução TCE - n9.0 - 2025.pdf"
"B-E/PCA_Referencias/Base_Legal","MOVER","merged 2023.pdf",".pdf","02_Jurisprudencia_e_Orientacoes\Boletins_TCE_PI\merged 2023.pdf","","30334049","E:\Thiago\Dev\PCA_Multiexercicio_Referencias\Base Legal CLC - Atualizada Maio.2026\Boletins de Jurisprudência TCE-PI\Boletins de Jurisprudência TCE-PI-20260514T155708Z-3-001\merged 2023.pdf"
"B-E/PCA_Referencias/Base_Legal","MOVER","merged 2024.pdf",".pdf","02_Jurisprudencia_e_Orientacoes\Boletins_TCE_PI\merged 2024.pdf","","18865329","E:\Thiago\Dev\PCA_Multiexercicio_Referencias\Base Legal CLC - Atualizada Maio.2026\Boletins de Jurisprudência TCE-PI\Boletins de Jurisprudência TCE-PI-20260514T155708Z-3-001\merged 2024.pdf"
"B-E/PCA_Referencias/Base_Legal","MOVER","merged 2025.pdf",".pdf","02_Jurisprudencia_e_Orientacoes\Boletins_TCE_PI\merged 2025.pdf","","8475282","E:\Thiago\Dev\PCA_Multiexercicio_Referencias\Base Legal CLC - Atualizada Maio.2026\Boletins de Jurisprudência TCE-PI\Boletins de Jurisprudência TCE-PI-20260514T155708Z-3-001\merged 2025.pdf"
"B-E/PCA_Referencias/Base_Legal","DUPLICADO","TAPP DIMPLANC 006_2024-0 (CMAD) - Lavagem a seco de togas (Modelo Thiago).pdf",".pdf","_DUPLICADOS_para_arquivar\TAPP DIMPLANC 006_2024-0 (CMAD) - Lavagem a seco de togas (Modelo Thiago).pdf","Já existe na mestra: mestra\03_Modelos_e_Minutas\Modelos_MPPI_CLC\TAPP DIMPLANC 006_2024-0 (CMAD) - Lavagem a seco de togas.pdf","1503276","E:\Thiago\Dev\PCA_Multiexercicio_Referencias\Base Legal CLC - Atualizada Maio.2026\Modelos\TAPP DIMPLANC 006_2024-0 (CMAD) - Lavagem a seco de togas (Modelo Thiago).pdf"
"B-E/PCA_Referencias/Base_Legal","DUPLICADO","TAPP DIMPLANC 006_2024-0 (CMAD) - Lavagem a seco de togas.pdf",".pdf","_DUPLICADOS_para_arquivar\TAPP DIMPLANC 006_2024-0 (CMAD) - Lavagem a seco de togas.pdf","Já existe na mestra: mestra\03_Modelos_e_Minutas\Modelos_MPPI_CLC\TAPP DIMPLANC 006_2024-0 (CMAD) - Lavagem a seco de togas.pdf","1503276","E:\Thiago\Dev\PCA_Multiexercicio_Referencias\Base Legal CLC - Atualizada Maio.2026\Modelos\TAPP DIMPLANC 006_2024-0 (CMAD) - Lavagem a seco de togas.pdf"
"B-E/PCA_Referencias/Base_Legal","MOVER","CARTILHA-DE-MENSAGENS-PADRONIZADAS-PARA-AGENTE-DE-CONTRATACAO.pdf",".pdf","03_Modelos_e_Minutas\Modelos_SEAD_PI\CARTILHA-DE-MENSAGENS-PADRONIZADAS-PARA-AGENTE-DE-CONTRATACAO.pdf","","11090732","E:\Thiago\Dev\PCA_Multiexercicio_Referencias\Base Legal CLC - Atualizada Maio.2026\Modelos\Modelos SEAD\CARTILHA-DE-MENSAGENS-PADRONIZADAS-PARA-AGENTE-DE-CONTRATACAO.pdf"
"B-E/PCA_Referencias/Base_Legal","DUPLICADO","Contratações de TI – Gestão de Contrato.md",".md","_DUPLICADOS_para_arquivar\Contratações de TI – Gestão de Contrato.md","Já existe na mestra: mestra\01_Normativos_Vigentes\04_CNMP\Contratações de TI – Gestão de Contrato.md","18219","E:\Thiago\Dev\PCA_Multiexercicio_Referencias\Base Legal CLC - Atualizada Maio.2026\Normativos CNMP\Contratações de TI – Gestão de Contrato.md"
"B-E/PCA_Referencias/Base_Legal","DUPLICADO","Contratações de TI – Planejamento da.md",".md","_DUPLICADOS_para_arquivar\Contratações de TI – Planejamento da.md","Já existe na mestra: mestra\01_Normativos_Vigentes\04_CNMP\Contratações de TI – Planejamento da.md","52923","E:\Thiago\Dev\PCA_Multiexercicio_Referencias\Base Legal CLC - Atualizada Maio.2026\Normativos CNMP\Contratações de TI – Planejamento da.md"
"B-E/PCA_Referencias/Base_Legal","DUPLICADO","Contratações de TI – Visão Geral.md",".md","_DUPLICADOS_para_arquivar\Contratações de TI – Visão Geral.md","Já existe na mestra: mestra\01_Normativos_Vigentes\04_CNMP\Contratações de TI – Visão Geral.md","3437","E:\Thiago\Dev\PCA_Multiexercicio_Referencias\Base Legal CLC - Atualizada Maio.2026\Normativos CNMP\Contratações de TI – Visão Geral.md"
"B-E/PCA_Referencias/Base_Legal","DUPLICADO","Contratações de TI-Seleção de Fornecedores.md",".md","_DUPLICADOS_para_arquivar\Contratações de TI-Seleção de Fornecedores.md","Já existe na mestra: mestra\01_Normativos_Vigentes\04_CNMP\Contratações de TI-Seleção de Fornecedores.md","6476","E:\Thiago\Dev\PCA_Multiexercicio_Referencias\Base Legal CLC - Atualizada Maio.2026\Normativos CNMP\Contratações de TI-Seleção de Fornecedores.md"
"B-E/PCA_Referencias/Base_Legal","DUPLICADO","Manual da Plataforma MP Digital.md",".md","_DUPLICADOS_para_arquivar\Manual da Plataforma MP Digital.md","Já existe na mestra: mestra\01_Normativos_Vigentes\04_CNMP\Manual da Plataforma MP Digital.md","18060","E:\Thiago\Dev\PCA_Multiexercicio_Referencias\Base Legal CLC - Atualizada Maio.2026\Normativos CNMP\Manual da Plataforma MP Digital.md"
"B-E/PCA_Referencias/Base_Legal","DUPLICADO","MOTec.md",".md","_DUPLICADOS_para_arquivar\MOTec.md","Já existe na mestra: mestra\01_Normativos_Vigentes\04_CNMP\MOTec.md","141228","E:\Thiago\Dev\PCA_Multiexercicio_Referencias\Base Legal CLC - Atualizada Maio.2026\Normativos CNMP\MOTec.md"
"B-E/PCA_Referencias/Base_Legal","DUPLICADO","Resolucao-CNMP-n-283 (Disciplina contratações de TIC).md",".md","_DUPLICADOS_para_arquivar\Resolucao-CNMP-n-283 (Disciplina contratações de TIC).md","Já existe na mestra: mestra\01_Normativos_Vigentes\04_CNMP\Resolucao-CNMP-n-283 (Disciplina contratações de TIC).md","56266","E:\Thiago\Dev\PCA_Multiexercicio_Referencias\Base Legal CLC - Atualizada Maio.2026\Normativos CNMP\Resolucao-CNMP-n-283 (Disciplina contratações de TIC).md"
"B-E/PCA_Referencias/Base_Legal","MOVER","2. Portaria Nº 106, de 27 de março de 2025.pdf",".pdf","01_Normativos_Vigentes\02_Estadual_PI\Portarias\2. Portaria Nº 106, de 27 de março de 2025.pdf","","7340032","E:\Thiago\Dev\PCA_Multiexercicio_Referencias\Base Legal CLC - Atualizada Maio.2026\Normativos Estado do Piauí\2. Portaria Nº 106, de 27 de março de 2025.pdf"
"B-E/PCA_Referencias/Base_Legal","DUPLICADO","CGE IN 01.2021 - Pesquisa de Preços.md",".md","_DUPLICADOS_para_arquivar\CGE IN 01.2021 - Pesquisa de Preços.md","Já existe na mestra: mestra\01_Normativos_Vigentes\02_Estadual_PI\CGE IN 01.2021 - Pesquisa de Preços.md","24561","E:\Thiago\Dev\PCA_Multiexercicio_Referencias\Base Legal CLC - Atualizada Maio.2026\Normativos Estado do Piauí\CGE IN 01.2021 - Pesquisa de Preços.md"
"B-E/PCA_Referencias/Base_Legal","DUPLICADO","CGE IN 02.2025 - Procedimentos Obras.md",".md","_DUPLICADOS_para_arquivar\CGE IN 02.2025 - Procedimentos Obras.md","Já existe na mestra: mestra\01_Normativos_Vigentes\02_Estadual_PI\CGE IN 02.2025 - Procedimentos Obras.md","21638","E:\Thiago\Dev\PCA_Multiexercicio_Referencias\Base Legal CLC - Atualizada Maio.2026\Normativos Estado do Piauí\CGE IN 02.2025 - Procedimentos Obras.md"
"B-E/PCA_Referencias/Base_Legal","MOVER","DECRETO - n11.319 - 2004.pdf",".pdf","01_Normativos_Vigentes\02_Estadual_PI\Decretos\DECRETO - n11.319 - 2004.pdf","","264003","E:\Thiago\Dev\PCA_Multiexercicio_Referencias\Base Legal CLC - Atualizada Maio.2026\Normativos Estado do Piauí\DECRETO - n11.319 - 2004.pdf"
"B-E/PCA_Referencias/Base_Legal","DUPLICADO","Decreto Estadual  21813.2023 - Licitações e Contratos de Publicidade.md",".md","_DUPLICADOS_para_arquivar\Decreto Estadual  21813.2023 - Licitações e Contratos de Publicidade.md","Já existe na mestra: mestra\01_Normativos_Vigentes\02_Estadual_PI\Decreto Estadual  21813.2023 - Licitações e Contratos de Publicidade.md","4557","E:\Thiago\Dev\PCA_Multiexercicio_Referencias\Base Legal CLC - Atualizada Maio.2026\Normativos Estado do Piauí\Decreto Estadual  21813.2023 - Licitações e Contratos de Publicidade.md"
"B-E/PCA_Referencias/Base_Legal","MOVER","Decreto Estadual - n11.320132004 - 2004.pdf",".pdf","01_Normativos_Vigentes\02_Estadual_PI\Decretos\Decreto Estadual - n11.320132004 - 2004.pdf","","289506","E:\Thiago\Dev\PCA_Multiexercicio_Referencias\Base Legal CLC - Atualizada Maio.2026\Normativos Estado do Piauí\Decreto Estadual - n11.320132004 - 2004.pdf"
"B-E/PCA_Referencias/Base_Legal","MOVER","Decreto Estadual - n11.346302004 - 2004.pdf",".pdf","01_Normativos_Vigentes\02_Estadual_PI\Decretos\Decreto Estadual - n11.346302004 - 2004.pdf","","151516","E:\Thiago\Dev\PCA_Multiexercicio_Referencias\Base Legal CLC - Atualizada Maio.2026\Normativos Estado do Piauí\Decreto Estadual - n11.346302004 - 2004.pdf"
"B-E/PCA_Referencias/Base_Legal","MOVER","Decreto Estadual - n13.701052009 - 2009.pdf",".pdf","01_Normativos_Vigentes\02_Estadual_PI\Decretos\Decreto Estadual - n13.701052009 - 2009.pdf","","206573","E:\Thiago\Dev\PCA_Multiexercicio_Referencias\Base Legal CLC - Atualizada Maio.2026\Normativos Estado do Piauí\Decreto Estadual - n13.701052009 - 2009.pdf"
"B-E/PCA_Referencias/Base_Legal","MOVER","Decreto Estadual - n14.386182011 - 2011.pdf",".pdf","01_Normativos_Vigentes\02_Estadual_PI\Decretos\Decreto Estadual - n14.386182011 - 2011.pdf","","266882","E:\Thiago\Dev\PCA_Multiexercicio_Referencias\Base Legal CLC - Atualizada Maio.2026\Normativos Estado do Piauí\Decreto Estadual - n14.386182011 - 2011.pdf"
"B-E/PCA_Referencias/Base_Legal","MOVER","Decreto Estadual - n14.483262011 - 2011.pdf",".pdf","01_Normativos_Vigentes\02_Estadual_PI\Decretos\Decreto Estadual - n14.483262011 - 2011.pdf","","596715","E:\Thiago\Dev\PCA_Multiexercicio_Referencias\Base Legal CLC - Atualizada Maio.2026\Normativos Estado do Piauí\Decreto Estadual - n14.483262011 - 2011.pdf"
"B-E/PCA_Referencias/Base_Legal","DUPLICADO","Decreto Estadual - n14.846042012 - 2012.pdf",".pdf","_DUPLICADOS_para_arquivar\Decreto Estadual - n14.846042012 - 2012.pdf","Repetido em: E:\Thiago\Dev\PCA_Multiexercicio_Referencias\Base Legal CLC - Atualizada Maio.2026\Normativos Estado do Piauí\Decreto Estadual - n14.483262011 - 2011.pdf","596715","E:\Thiago\Dev\PCA_Multiexercicio_Referencias\Base Legal CLC - Atualizada Maio.2026\Normativos Estado do Piauí\Decreto Estadual - n14.846042012 - 2012.pdf"
"B-E/PCA_Referencias/Base_Legal","MOVER","Decreto Estadual - n14.891112012 - 2012.pdf",".pdf","01_Normativos_Vigentes\02_Estadual_PI\Decretos\Decreto Estadual - n14.891112012 - 2012.pdf","","273611","E:\Thiago\Dev\PCA_Multiexercicio_Referencias\Base Legal CLC - Atualizada Maio.2026\Normativos Estado do Piauí\Decreto Estadual - n14.891112012 - 2012.pdf"
"B-E/PCA_Referencias/Base_Legal","MOVER","Decreto Estadual - n15.093212013 - 2013.pdf",".pdf","01_Normativos_Vigentes\02_Estadual_PI\Decretos\Decreto Estadual - n15.093212013 - 2013.pdf","","257636","E:\Thiago\Dev\PCA_Multiexercicio_Referencias\Base Legal CLC - Atualizada Maio.2026\Normativos Estado do Piauí\Decreto Estadual - n15.093212013 - 2013.pdf"
"B-E/PCA_Referencias/Base_Legal","DUPLICADO","Decreto Estadual - n15.470042013 - 2013.pdf",".pdf","_DUPLICADOS_para_arquivar\Decreto Estadual - n15.470042013 - 2013.pdf","Repetido em: E:\Thiago\Dev\PCA_Multiexercicio_Referencias\Base Legal CLC - Atualizada Maio.2026\Normativos Estado do Piauí\Decreto Estadual - n14.891112012 - 2012.pdf","273611","E:\Thiago\Dev\PCA_Multiexercicio_Referencias\Base Legal CLC - Atualizada Maio.2026\Normativos Estado do Piauí\Decreto Estadual - n15.470042013 - 2013.pdf"
"B-E/PCA_Referencias/Base_Legal","DUPLICADO","Decreto Estadual - n15.634162014 - 2014.pdf",".pdf","_DUPLICADOS_para_arquivar\Decreto Estadual - n15.634162014 - 2014.pdf","Repetido em: E:\Thiago\Dev\PCA_Multiexercicio_Referencias\Base Legal CLC - Atualizada Maio.2026\Normativos Estado do Piauí\Decreto Estadual - n14.386182011 - 2011.pdf","266882","E:\Thiago\Dev\PCA_Multiexercicio_Referencias\Base Legal CLC - Atualizada Maio.2026\Normativos Estado do Piauí\Decreto Estadual - n15.634162014 - 2014.pdf"
"B-E/PCA_Referencias/Base_Legal","MOVER","Decreto Estadual - n15.943192015 - 2015.pdf",".pdf","01_Normativos_Vigentes\02_Estadual_PI\Decretos\Decreto Estadual - n15.943192015 - 2015.pdf","","250708","E:\Thiago\Dev\PCA_Multiexercicio_Referencias\Base Legal CLC - Atualizada Maio.2026\Normativos Estado do Piauí\Decreto Estadual - n15.943192015 - 2015.pdf"
"B-E/PCA_Referencias/Base_Legal","MOVER","Decreto Estadual - n16.21252015 - 2015.pdf",".pdf","01_Normativos_Vigentes\02_Estadual_PI\Decretos\Decreto Estadual - n16.21252015 - 2015.pdf","","266619","E:\Thiago\Dev\PCA_Multiexercicio_Referencias\Base Legal CLC - Atualizada Maio.2026\Normativos Estado do Piauí\Decreto Estadual - n16.21252015 - 2015.pdf"
"B-E/PCA_Referencias/Base_Legal","MOVER","Decreto Estadual - n16.266032015 - 2015.pdf",".pdf","01_Normativos_Vigentes\02_Estadual_PI\Decretos\Decreto Estadual - n16.266032015 - 2015.pdf","","223657","E:\Thiago\Dev\PCA_Multiexercicio_Referencias\Base Legal CLC - Atualizada Maio.2026\Normativos Estado do Piauí\Decreto Estadual - n16.266032015 - 2015.pdf"
"B-E/PCA_Referencias/Base_Legal","DUPLICADO","Decreto Estadual - n16.307272015 - 2015.pdf",".pdf","_DUPLICADOS_para_arquivar\Decreto Estadual - n16.307272015 - 2015.pdf","Repetido em: E:\Thiago\Dev\PCA_Multiexercicio_Referencias\Base Legal CLC - Atualizada Maio.2026\Normativos Estado do Piauí\Decreto Estadual - n16.21252015 - 2015.pdf","266619","E:\Thiago\Dev\PCA_Multiexercicio_Referencias\Base Legal CLC - Atualizada Maio.2026\Normativos Estado do Piauí\Decreto Estadual - n16.307272015 - 2015.pdf"
"B-E/PCA_Referencias/Base_Legal","DUPLICADO","Decreto Estadual - n16.572132016 - 2016.pdf",".pdf","_DUPLICADOS_para_arquivar\Decreto Estadual - n16.572132016 - 2016.pdf","Repetido em: E:\Thiago\Dev\PCA_Multiexercicio_Referencias\Base Legal CLC - Atualizada Maio.2026\Normativos Estado do Piauí\Decreto Estadual - n14.483262011 - 2011.pdf","596715","E:\Thiago\Dev\PCA_Multiexercicio_Referencias\Base Legal CLC - Atualizada Maio.2026\Normativos Estado do Piauí\Decreto Estadual - n16.572132016 - 2016.pdf"
"B-E/PCA_Referencias/Base_Legal","MOVER","Decreto Estadual - n16.73722016 - 2016.pdf",".pdf","01_Normativos_Vigentes\02_Estadual_PI\Decretos\Decreto Estadual - n16.73722016 - 2016.pdf","","223594","E:\Thiago\Dev\PCA_Multiexercicio_Referencias\Base Legal CLC - Atualizada Maio.2026\Normativos Estado do Piauí\Decreto Estadual - n16.73722016 - 2016.pdf"
"B-E/PCA_Referencias/Base_Legal","MOVER","Decreto Estadual - n17.084032017 - 2017.pdf",".pdf","01_Normativos_Vigentes\02_Estadual_PI\Decretos\Decreto Estadual - n17.084032017 - 2017.pdf","","237733","E:\Thiago\Dev\PCA_Multiexercicio_Referencias\Base Legal CLC - Atualizada Maio.2026\Normativos Estado do Piauí\Decreto Estadual - n17.084032017 - 2017.pdf"
"B-E/PCA_Referencias/Base_Legal","DUPLICADO","Decreto Estadual - n17.295042017 - 2017.pdf",".pdf","_DUPLICADOS_para_arquivar\Decreto Estadual - n17.295042017 - 2017.pdf","Repetido em: E:\Thiago\Dev\PCA_Multiexercicio_Referencias\Base Legal CLC - Atualizada Maio.2026\Normativos Estado do Piauí\Decreto Estadual - n17.084032017 - 2017.pdf","237733","E:\Thiago\Dev\PCA_Multiexercicio_Referencias\Base Legal CLC - Atualizada Maio.2026\Normativos Estado do Piauí\Decreto Estadual - n17.295042017 - 2017.pdf"
"B-E/PCA_Referencias/Base_Legal","DUPLICADO","Decreto Estadual - n17.392032017 - 2017.pdf",".pdf","_DUPLICADOS_para_arquivar\Decreto Estadual - n17.392032017 - 2017.pdf","Repetido em: E:\Thiago\Dev\PCA_Multiexercicio_Referencias\Base Legal CLC - Atualizada Maio.2026\Normativos Estado do Piauí\Decreto Estadual - n14.891112012 - 2012.pdf","273611","E:\Thiago\Dev\PCA_Multiexercicio_Referencias\Base Legal CLC - Atualizada Maio.2026\Normativos Estado do Piauí\Decreto Estadual - n17.392032017 - 2017.pdf"
"B-E/PCA_Referencias/Base_Legal","DUPLICADO","Decreto Estadual - n19.552292021 - 2021.pdf",".pdf","_DUPLICADOS_para_arquivar\Decreto Estadual - n19.552292021 - 2021.pdf","Repetido em: E:\Thiago\Dev\PCA_Multiexercicio_Referencias\Base Legal CLC - Atualizada Maio.2026\Normativos Estado do Piauí\Decreto Estadual - n17.084032017 - 2017.pdf","237733","E:\Thiago\Dev\PCA_Multiexercicio_Referencias\Base Legal CLC - Atualizada Maio.2026\Normativos Estado do Piauí\Decreto Estadual - n19.552292021 - 2021.pdf"
"B-E/PCA_Referencias/Base_Legal","MOVER","Decreto Estadual - n19.841062021 - 2021.pdf",".pdf","01_Normativos_Vigentes\02_Estadual_PI\Decretos\Decreto Estadual - n19.841062021 - 2021.pdf","","194830","E:\Thiago\Dev\PCA_Multiexercicio_Referencias\Base Legal CLC - Atualizada Maio.2026\Normativos Estado do Piauí\Decreto Estadual - n19.841062021 - 2021.pdf"
"B-E/PCA_Referencias/Base_Legal","MOVER","Decreto Estadual - n20.096112021 - 2021.pdf",".pdf","01_Normativos_Vigentes\02_Estadual_PI\Decretos\Decreto Estadual - n20.096112021 - 2021.pdf","","118507","E:\Thiago\Dev\PCA_Multiexercicio_Referencias\Base Legal CLC - Atualizada Maio.2026\Normativos Estado do Piauí\Decreto Estadual - n20.096112021 - 2021.pdf"
"B-E/PCA_Referencias/Base_Legal","MOVER","Decreto Estadual - n20.110132021 - 2021.pdf",".pdf","01_Normativos_Vigentes\02_Estadual_PI\Decretos\Decreto Estadual - n20.110132021 - 2021.pdf","","208655","E:\Thiago\Dev\PCA_Multiexercicio_Referencias\Base Legal CLC - Atualizada Maio.2026\Normativos Estado do Piauí\Decreto Estadual - n20.110132021 - 2021.pdf"
"B-E/PCA_Referencias/Base_Legal","DUPLICADO","Decreto Estadual - n20.285262021 - 2021.pdf",".pdf","_DUPLICADOS_para_arquivar\Decreto Estadual - n20.285262021 - 2021.pdf","Repetido em: E:\Thiago\Dev\PCA_Multiexercicio_Referencias\Base Legal CLC - Atualizada Maio.2026\Normativos Estado do Piauí\Decreto Estadual - n15.943192015 - 2015.pdf","250708","E:\Thiago\Dev\PCA_Multiexercicio_Referencias\Base Legal CLC - Atualizada Maio.2026\Normativos Estado do Piauí\Decreto Estadual - n20.285262021 - 2021.pdf"
"B-E/PCA_Referencias/Base_Legal","DUPLICADO","Decreto Estadual - n20.710082022 - 2022.pdf",".pdf","_DUPLICADOS_para_arquivar\Decreto Estadual - n20.710082022 - 2022.pdf","Repetido em: E:\Thiago\Dev\PCA_Multiexercicio_Referencias\Base Legal CLC - Atualizada Maio.2026\Normativos Estado do Piauí\Decreto Estadual - n20.096112021 - 2021.pdf","118507","E:\Thiago\Dev\PCA_Multiexercicio_Referencias\Base Legal CLC - Atualizada Maio.2026\Normativos Estado do Piauí\Decreto Estadual - n20.710082022 - 2022.pdf"
"B-E/PCA_Referencias/Base_Legal","DUPLICADO","Decreto Estadual - n21.501292022 - 2022.pdf",".pdf","_DUPLICADOS_para_arquivar\Decreto Estadual - n21.501292022 - 2022.pdf","Repetido em: E:\Thiago\Dev\PCA_Multiexercicio_Referencias\Base Legal CLC - Atualizada Maio.2026\Normativos Estado do Piauí\Decreto Estadual - n20.096112021 - 2021.pdf","118507","E:\Thiago\Dev\PCA_Multiexercicio_Referencias\Base Legal CLC - Atualizada Maio.2026\Normativos Estado do Piauí\Decreto Estadual - n21.501292022 - 2022.pdf"
"B-E/PCA_Referencias/Base_Legal","MOVER","Decreto Estadual - n21.812092023 - 2023.pdf",".pdf","01_Normativos_Vigentes\02_Estadual_PI\Decretos\Decreto Estadual - n21.812092023 - 2023.pdf","","210376","E:\Thiago\Dev\PCA_Multiexercicio_Referencias\Base Legal CLC - Atualizada Maio.2026\Normativos Estado do Piauí\Decreto Estadual - n21.812092023 - 2023.pdf"
"B-E/PCA_Referencias/Base_Legal","MOVER","Decreto Estadual - n21.813092023 - 2023.pdf",".pdf","01_Normativos_Vigentes\02_Estadual_PI\Decretos\Decreto Estadual - n21.813092023 - 2023.pdf","","205129","E:\Thiago\Dev\PCA_Multiexercicio_Referencias\Base Legal CLC - Atualizada Maio.2026\Normativos Estado do Piauí\Decreto Estadual - n21.813092023 - 2023.pdf"
"B-E/PCA_Referencias/Base_Legal","MOVER","Decreto Estadual - n21.872072023 - 2023.pdf",".pdf","01_Normativos_Vigentes\02_Estadual_PI\Decretos\Decreto Estadual - n21.872072023 - 2023.pdf","","563055","E:\Thiago\Dev\PCA_Multiexercicio_Referencias\Base Legal CLC - Atualizada Maio.2026\Normativos Estado do Piauí\Decreto Estadual - n21.872072023 - 2023.pdf"
"B-E/PCA_Referencias/Base_Legal","MOVER","Decreto Estadual - n21.910172023 - 2023.pdf",".pdf","01_Normativos_Vigentes\02_Estadual_PI\Decretos\Decreto Estadual - n21.910172023 - 2023.pdf","","208922","E:\Thiago\Dev\PCA_Multiexercicio_Referencias\Base Legal CLC - Atualizada Maio.2026\Normativos Estado do Piauí\Decreto Estadual - n21.910172023 - 2023.pdf"
"B-E/PCA_Referencias/Base_Legal","MOVER","Decreto Estadual - n21.938282023 - 2023.pdf",".pdf","01_Normativos_Vigentes\02_Estadual_PI\Decretos\Decreto Estadual - n21.938282023 - 2023.pdf","","294419","E:\Thiago\Dev\PCA_Multiexercicio_Referencias\Base Legal CLC - Atualizada Maio.2026\Normativos Estado do Piauí\Decreto Estadual - n21.938282023 - 2023.pdf"
"B-E/PCA_Referencias/Base_Legal","MOVER","Decreto Estadual - n21.980132023 - 2023.pdf",".pdf","01_Normativos_Vigentes\02_Estadual_PI\Decretos\Decreto Estadual - n21.980132023 - 2023.pdf","","93240","E:\Thiago\Dev\PCA_Multiexercicio_Referencias\Base Legal CLC - Atualizada Maio.2026\Normativos Estado do Piauí\Decreto Estadual - n21.980132023 - 2023.pdf"
"B-E/PCA_Referencias/Base_Legal","DUPLICADO","Decreto Estadual - n21872.0 - 2023.pdf",".pdf","_DUPLICADOS_para_arquivar\Decreto Estadual - n21872.0 - 2023.pdf","Repetido em: E:\Thiago\Dev\PCA_Multiexercicio_Referencias\Base Legal CLC - Atualizada Maio.2026\Normativos Estado do Piauí\Decreto Estadual - n21.872072023 - 2023.pdf","563055","E:\Thiago\Dev\PCA_Multiexercicio_Referencias\Base Legal CLC - Atualizada Maio.2026\Normativos Estado do Piauí\Decreto Estadual - n21872.0 - 2023.pdf"
"B-E/PCA_Referencias/Base_Legal","DUPLICADO","Decreto Estadual - n21938.0 - 2023.pdf",".pdf","_DUPLICADOS_para_arquivar\Decreto Estadual - n21938.0 - 2023.pdf","Repetido em: E:\Thiago\Dev\PCA_Multiexercicio_Referencias\Base Legal CLC - Atualizada Maio.2026\Normativos Estado do Piauí\Decreto Estadual - n21.938282023 - 2023.pdf","294419","E:\Thiago\Dev\PCA_Multiexercicio_Referencias\Base Legal CLC - Atualizada Maio.2026\Normativos Estado do Piauí\Decreto Estadual - n21938.0 - 2023.pdf"
"B-E/PCA_Referencias/Base_Legal","DUPLICADO","Decreto Estadual - n22.018252023 - 2023.pdf",".pdf","_DUPLICADOS_para_arquivar\Decreto Estadual - n22.018252023 - 2023.pdf","Repetido em: E:\Thiago\Dev\PCA_Multiexercicio_Referencias\Base Legal CLC - Atualizada Maio.2026\Normativos Estado do Piauí\Decreto Estadual - n21.812092023 - 2023.pdf","210376","E:\Thiago\Dev\PCA_Multiexercicio_Referencias\Base Legal CLC - Atualizada Maio.2026\Normativos Estado do Piauí\Decreto Estadual - n22.018252023 - 2023.pdf"
"B-E/PCA_Referencias/Base_Legal","MOVER","Decreto Estadual - n22.023262023 - 2023.pdf",".pdf","01_Normativos_Vigentes\02_Estadual_PI\Decretos\Decreto Estadual - n22.023262023 - 2023.pdf","","244405","E:\Thiago\Dev\PCA_Multiexercicio_Referencias\Base Legal CLC - Atualizada Maio.2026\Normativos Estado do Piauí\Decreto Estadual - n22.023262023 - 2023.pdf"
"B-E/PCA_Referencias/Base_Legal","DUPLICADO","Decreto Estadual - n22.028272023 - 2023.pdf",".pdf","_DUPLICADOS_para_arquivar\Decreto Estadual - n22.028272023 - 2023.pdf","Repetido em: E:\Thiago\Dev\PCA_Multiexercicio_Referencias\Base Legal CLC - Atualizada Maio.2026\Normativos Estado do Piauí\Decreto Estadual - n21.812092023 - 2023.pdf","210376","E:\Thiago\Dev\PCA_Multiexercicio_Referencias\Base Legal CLC - Atualizada Maio.2026\Normativos Estado do Piauí\Decreto Estadual - n22.028272023 - 2023.pdf"
"B-E/PCA_Referencias/Base_Legal","MOVER","Decreto Estadual - n22.089192023 - 2023.pdf",".pdf","01_Normativos_Vigentes\02_Estadual_PI\Decretos\Decreto Estadual - n22.089192023 - 2023.pdf","","207224","E:\Thiago\Dev\PCA_Multiexercicio_Referencias\Base Legal CLC - Atualizada Maio.2026\Normativos Estado do Piauí\Decreto Estadual - n22.089192023 - 2023.pdf"
"B-E/PCA_Referencias/Base_Legal","MOVER","Decreto Estadual - n22.380052023 - 2023.pdf",".pdf","01_Normativos_Vigentes\02_Estadual_PI\Decretos\Decreto Estadual - n22.380052023 - 2023.pdf","","220506","E:\Thiago\Dev\PCA_Multiexercicio_Referencias\Base Legal CLC - Atualizada Maio.2026\Normativos Estado do Piauí\Decreto Estadual - n22.380052023 - 2023.pdf"
"B-E/PCA_Referencias/Base_Legal","MOVER","Decreto Estadual - n22.652272023 - 2023.pdf",".pdf","01_Normativos_Vigentes\02_Estadual_PI\Decretos\Decreto Estadual - n22.652272023 - 2023.pdf","","207255","E:\Thiago\Dev\PCA_Multiexercicio_Referencias\Base Legal CLC - Atualizada Maio.2026\Normativos Estado do Piauí\Decreto Estadual - n22.652272023 - 2023.pdf"
"B-E/PCA_Referencias/Base_Legal","MOVER","Decreto Estadual - n22.737062024 - 2024.pdf",".pdf","01_Normativos_Vigentes\02_Estadual_PI\Decretos\Decreto Estadual - n22.737062024 - 2024.pdf","","119308","E:\Thiago\Dev\PCA_Multiexercicio_Referencias\Base Legal CLC - Atualizada Maio.2026\Normativos Estado do Piauí\Decreto Estadual - n22.737062024 - 2024.pdf"
"B-E/PCA_Referencias/Base_Legal","MOVER","Decreto Estadual - n22.822112024 - 2024.pdf",".pdf","01_Normativos_Vigentes\02_Estadual_PI\Decretos\Decreto Estadual - n22.822112024 - 2024.pdf","","285736","E:\Thiago\Dev\PCA_Multiexercicio_Referencias\Base Legal CLC - Atualizada Maio.2026\Normativos Estado do Piauí\Decreto Estadual - n22.822112024 - 2024.pdf"
"B-E/PCA_Referencias/Base_Legal","MOVER","Decreto Estadual - n23.891122025 - 2025.pdf",".pdf","01_Normativos_Vigentes\02_Estadual_PI\Decretos\Decreto Estadual - n23.891122025 - 2025.pdf","","281082","E:\Thiago\Dev\PCA_Multiexercicio_Referencias\Base Legal CLC - Atualizada Maio.2026\Normativos Estado do Piauí\Decreto Estadual - n23.891122025 - 2025.pdf"
"B-E/PCA_Referencias/Base_Legal","DUPLICADO","Decreto Estadual 21872.2023 - Regulamenta a NLLC.md",".md","_DUPLICADOS_para_arquivar\Decreto Estadual 21872.2023 - Regulamenta a NLLC.md","Já existe na mestra: mestra\01_Normativos_Vigentes\02_Estadual_PI\Decreto Estadual 21872.2023 - Regulamenta a NLLC.md","166028","E:\Thiago\Dev\PCA_Multiexercicio_Referencias\Base Legal CLC - Atualizada Maio.2026\Normativos Estado do Piauí\Decreto Estadual 21872.2023 - Regulamenta a NLLC.md"
"B-E/PCA_Referencias/Base_Legal","DUPLICADO","Decreto Estadual 21909.2023 - Obras e Serviços de Engenharia.md",".md","_DUPLICADOS_para_arquivar\Decreto Estadual 21909.2023 - Obras e Serviços de Engenharia.md","Já existe na mestra: mestra\01_Normativos_Vigentes\02_Estadual_PI\Decreto Estadual 21909.2023 - Obras e Serviços de Engenharia.md","19452","E:\Thiago\Dev\PCA_Multiexercicio_Referencias\Base Legal CLC - Atualizada Maio.2026\Normativos Estado do Piauí\Decreto Estadual 21909.2023 - Obras e Serviços de Engenharia.md"
"B-E/PCA_Referencias/Base_Legal","DUPLICADO","Decreto Estadual 21938.2023 - SRP PI.md",".md","_DUPLICADOS_para_arquivar\Decreto Estadual 21938.2023 - SRP PI.md","Já existe na mestra: mestra\01_Normativos_Vigentes\02_Estadual_PI\Decreto Estadual 21938.2023 - SRP PI.md","43893","E:\Thiago\Dev\PCA_Multiexercicio_Referencias\Base Legal CLC - Atualizada Maio.2026\Normativos Estado do Piauí\Decreto Estadual 21938.2023 - SRP PI.md"
"B-E/PCA_Referencias/Base_Legal","DUPLICADO","Decreto Estadual 22737.2024 - Reajuste de Preços nos Contratos Administrativos.md",".md","_DUPLICADOS_para_arquivar\Decreto Estadual 22737.2024 - Reajuste de Preços nos Contratos Administrativos.md","Já existe na mestra: mestra\01_Normativos_Vigentes\02_Estadual_PI\Decreto Estadual 22737.2024 - Reajuste de Preços nos Contratos Administrativos.md","7722","E:\Thiago\Dev\PCA_Multiexercicio_Referencias\Base Legal CLC - Atualizada Maio.2026\Normativos Estado do Piauí\Decreto Estadual 22737.2024 - Reajuste de Preços nos Contratos Administrativos.md"
"B-E/PCA_Referencias/Base_Legal","DUPLICADO","Decreto Estadual 23.865.2025 - Dispõe Sobre a Unificação da Plataforma Compras Públicas no PI.md",".md","_DUPLICADOS_para_arquivar\Decreto Estadual 23.865.2025 - Dispõe Sobre a Unificação da Plataforma Compras Públicas no PI.md","Já existe na mestra: mestra\01_Normativos_Vigentes\02_Estadual_PI\Decreto Estadual 23.865.2025 - Dispõe Sobre a Unificação da Plataforma Compras Públicas no PI.md","7787","E:\Thiago\Dev\PCA_Multiexercicio_Referencias\Base Legal CLC - Atualizada Maio.2026\Normativos Estado do Piauí\Decreto Estadual 23.865.2025 - Dispõe Sobre a Unificação da Plataforma Compras Públicas no PI.md"
"B-E/PCA_Referencias/Base_Legal","DUPLICADO","Decreto Estadual 23891.2025 - Programa Estadual de Aquisições e Contratações Públicas Sustentáveis.md",".md","_DUPLICADOS_para_arquivar\Decreto Estadual 23891.2025 - Programa Estadual de Aquisições e Contratações Públicas Sustentáveis.md","Já existe na mestra: mestra\01_Normativos_Vigentes\02_Estadual_PI\Decreto Estadual 23891.2025 - Programa Estadual de Aquisições e Contratações Públicas Sustentáveis.md","11205","E:\Thiago\Dev\PCA_Multiexercicio_Referencias\Base Legal CLC - Atualizada Maio.2026\Normativos Estado do Piauí\Decreto Estadual 23891.2025 - Programa Estadual de Aquisições e Contratações Públicas Sustentáveis.md"
"B-E/PCA_Referencias/Base_Legal","DUPLICADO","Decreto Estadual 24144.2025 - Ações de Equidade de Gênero como Desempate.md",".md","_DUPLICADOS_para_arquivar\Decreto Estadual 24144.2025 - Ações de Equidade de Gênero como Desempate.md","Já existe na mestra: mestra\01_Normativos_Vigentes\02_Estadual_PI\Decreto Estadual 24144.2025 - Ações de Equidade de Gênero como Desempate.md","6418","E:\Thiago\Dev\PCA_Multiexercicio_Referencias\Base Legal CLC - Atualizada Maio.2026\Normativos Estado do Piauí\Decreto Estadual 24144.2025 - Ações de Equidade de Gênero como Desempate.md"
"B-E/PCA_Referencias/Base_Legal","MOVER","Instrução Normativa Estadual - n00012013 - 2013.pdf",".pdf","01_Normativos_Vigentes\02_Estadual_PI\Instrucoes_Normativas\Instrução Normativa Estadual - n00012013 - 2013.pdf","","304171","E:\Thiago\Dev\PCA_Multiexercicio_Referencias\Base Legal CLC - Atualizada Maio.2026\Normativos Estado do Piauí\Instrução Normativa Estadual - n00012013 - 2013.pdf"
"B-E/PCA_Referencias/Base_Legal","MOVER","Instrução Normativa Estadual - n00012015 - 2015.pdf",".pdf","01_Normativos_Vigentes\02_Estadual_PI\Instrucoes_Normativas\Instrução Normativa Estadual - n00012015 - 2015.pdf","","554558","E:\Thiago\Dev\PCA_Multiexercicio_Referencias\Base Legal CLC - Atualizada Maio.2026\Normativos Estado do Piauí\Instrução Normativa Estadual - n00012015 - 2015.pdf"
"B-E/PCA_Referencias/Base_Legal","MOVER","Instrução Normativa Estadual - n00012021 - 2021.pdf",".pdf","01_Normativos_Vigentes\02_Estadual_PI\Instrucoes_Normativas\Instrução Normativa Estadual - n00012021 - 2021.pdf","","127384","E:\Thiago\Dev\PCA_Multiexercicio_Referencias\Base Legal CLC - Atualizada Maio.2026\Normativos Estado do Piauí\Instrução Normativa Estadual - n00012021 - 2021.pdf"
"B-E/PCA_Referencias/Base_Legal","MOVER","Lei Estadual - n7.482182021 - 2021.pdf",".pdf","01_Normativos_Vigentes\02_Estadual_PI\Leis\Lei Estadual - n7.482182021 - 2021.pdf","","236244","E:\Thiago\Dev\PCA_Multiexercicio_Referencias\Base Legal CLC - Atualizada Maio.2026\Normativos Estado do Piauí\Lei Estadual - n7.482182021 - 2021.pdf"
"B-E/PCA_Referencias/Base_Legal","MOVER","Lei Estadual - n7.612272021 - 2021.pdf",".pdf","01_Normativos_Vigentes\02_Estadual_PI\Leis\Lei Estadual - n7.612272021 - 2021.pdf","","112522","E:\Thiago\Dev\PCA_Multiexercicio_Referencias\Base Legal CLC - Atualizada Maio.2026\Normativos Estado do Piauí\Lei Estadual - n7.612272021 - 2021.pdf"
"B-E/PCA_Referencias/Base_Legal","DUPLICADO","Lei Estadual 6.872.2016 - Regula o Processo Administrativo.md",".md","_DUPLICADOS_para_arquivar\Lei Estadual 6.872.2016 - Regula o Processo Administrativo.md","Já existe na mestra: mestra\01_Normativos_Vigentes\02_Estadual_PI\Lei Estadual 6.872.2016 - Regula o Processo Administrativo.md","40743","E:\Thiago\Dev\PCA_Multiexercicio_Referencias\Base Legal CLC - Atualizada Maio.2026\Normativos Estado do Piauí\Lei Estadual 6.872.2016 - Regula o Processo Administrativo.md"
"B-E/PCA_Referencias/Base_Legal","DUPLICADO","Lei Estadual 7482.2021 - Regulamenta o Pregão Eletrônico.md",".md","_DUPLICADOS_para_arquivar\Lei Estadual 7482.2021 - Regulamenta o Pregão Eletrônico.md","Já existe na mestra: mestra\01_Normativos_Vigentes\02_Estadual_PI\Lei Estadual 7482.2021 - Regulamenta o Pregão Eletrônico.md","49769","E:\Thiago\Dev\PCA_Multiexercicio_Referencias\Base Legal CLC - Atualizada Maio.2026\Normativos Estado do Piauí\Lei Estadual 7482.2021 - Regulamenta o Pregão Eletrônico.md"
"B-E/PCA_Referencias/Base_Legal","DUPLICADO","Lei Estadual 7612.2021 - Gestão de Bens Imóveis.md",".md","_DUPLICADOS_para_arquivar\Lei Estadual 7612.2021 - Gestão de Bens Imóveis.md","Já existe na mestra: mestra\01_Normativos_Vigentes\02_Estadual_PI\Lei Estadual 7612.2021 - Gestão de Bens Imóveis.md","10434","E:\Thiago\Dev\PCA_Multiexercicio_Referencias\Base Legal CLC - Atualizada Maio.2026\Normativos Estado do Piauí\Lei Estadual 7612.2021 - Gestão de Bens Imóveis.md"
"B-E/PCA_Referencias/Base_Legal","DUPLICADO","manual-2025(e38d727ecdd5bd1591bb6f8ab47d38bd).md",".md","_DUPLICADOS_para_arquivar\manual-2025(e38d727ecdd5bd1591bb6f8ab47d38bd).md","Já existe na mestra: mestra\01_Normativos_Vigentes\02_Estadual_PI\manual-2025(e38d727ecdd5bd1591bb6f8ab47d38bd).md","44627","E:\Thiago\Dev\PCA_Multiexercicio_Referencias\Base Legal CLC - Atualizada Maio.2026\Normativos Estado do Piauí\manual-2025(e38d727ecdd5bd1591bb6f8ab47d38bd).md"
"B-E/PCA_Referencias/Base_Legal","DUPLICADO","manual-tecnico-2024-2025(ad246a293bfd2f319f1a8b73e64903e3).md",".md","_DUPLICADOS_para_arquivar\manual-tecnico-2024-2025(ad246a293bfd2f319f1a8b73e64903e3).md","Já existe na mestra: mestra\01_Normativos_Vigentes\02_Estadual_PI\manual-tecnico-2024-2025(ad246a293bfd2f319f1a8b73e64903e3).md","21756","E:\Thiago\Dev\PCA_Multiexercicio_Referencias\Base Legal CLC - Atualizada Maio.2026\Normativos Estado do Piauí\manual-tecnico-2024-2025(ad246a293bfd2f319f1a8b73e64903e3).md"
"B-E/PCA_Referencias/Base_Legal","DUPLICADO","manual-tecnico-do-orcamento.md",".md","_DUPLICADOS_para_arquivar\manual-tecnico-do-orcamento.md","Já existe na mestra: mestra\01_Normativos_Vigentes\02_Estadual_PI\manual-tecnico-do-orcamento.md","198864","E:\Thiago\Dev\PCA_Multiexercicio_Referencias\Base Legal CLC - Atualizada Maio.2026\Normativos Estado do Piauí\manual-tecnico-do-orcamento.md"
"B-E/PCA_Referencias/Base_Legal","MOVER","Nota Técnica Estadual - n032020112020 - 2020.pdf",".pdf","01_Normativos_Vigentes\02_Estadual_PI\Acordaos_Pareceres_Orientacoes\Nota Técnica Estadual - n032020112020 - 2020.pdf","","293168","E:\Thiago\Dev\PCA_Multiexercicio_Referencias\Base Legal CLC - Atualizada Maio.2026\Normativos Estado do Piauí\Nota Técnica Estadual - n032020112020 - 2020.pdf"
"B-E/PCA_Referencias/Base_Legal","MOVER","Portaria Estadual - n..0342021 - 2021.pdf",".pdf","01_Normativos_Vigentes\02_Estadual_PI\Portarias\Portaria Estadual - n..0342021 - 2021.pdf","","123290","E:\Thiago\Dev\PCA_Multiexercicio_Referencias\Base Legal CLC - Atualizada Maio.2026\Normativos Estado do Piauí\Portaria Estadual - n..0342021 - 2021.pdf"
"B-E/PCA_Referencias/Base_Legal","MOVER","Portaria Estadual - n0012024. - 2024.pdf",".pdf","01_Normativos_Vigentes\02_Estadual_PI\Portarias\Portaria Estadual - n0012024. - 2024.pdf","","403197","E:\Thiago\Dev\PCA_Multiexercicio_Referencias\Base Legal CLC - Atualizada Maio.2026\Normativos Estado do Piauí\Portaria Estadual - n0012024. - 2024.pdf"
"B-E/PCA_Referencias/Base_Legal","DUPLICADO","Resolução CGFR 002.2021 - Elaboração de Extratos de Licitação e Contratos Administrativos.md",".md","_DUPLICADOS_para_arquivar\Resolução CGFR 002.2021 - Elaboração de Extratos de Licitação e Contratos Administrativos.md","Já existe na mestra: mestra\01_Normativos_Vigentes\02_Estadual_PI\Resolução CGFR 002.2021 - Elaboração de Extratos de Licitação e Contratos Administrativos.md","9808","E:\Thiago\Dev\PCA_Multiexercicio_Referencias\Base Legal CLC - Atualizada Maio.2026\Normativos Estado do Piauí\Resolução CGFR 002.2021 - Elaboração de Extratos de Licitação e Contratos Administrativos.md"
"B-E/PCA_Referencias/Base_Legal","MOVER","Resolução Estadual - n0022021182021 - 2021.pdf",".pdf","01_Normativos_Vigentes\02_Estadual_PI\Resolucoes\Resolução Estadual - n0022021182021 - 2021.pdf","","366375","E:\Thiago\Dev\PCA_Multiexercicio_Referencias\Base Legal CLC - Atualizada Maio.2026\Normativos Estado do Piauí\Resolução Estadual - n0022021182021 - 2021.pdf"
"B-E/PCA_Referencias/Base_Legal","DUPLICADO","SEAD IN 01.2021 - Dispõe sobre o limite de adesões das atas de Registro de Preços gerenciadas pela SEADPREV.md",".md","_DUPLICADOS_para_arquivar\SEAD IN 01.2021 - Dispõe sobre o limite de adesões das atas de Registro de Preços gerenciadas pela SEADPREV.md","Já existe na mestra: mestra\01_Normativos_Vigentes\02_Estadual_PI\SEAD IN 01.2021 - Dispõe sobre o limite de adesões das atas de Registro de Preços gerenciadas pela SEADPREV.md","2728","E:\Thiago\Dev\PCA_Multiexercicio_Referencias\Base Legal CLC - Atualizada Maio.2026\Normativos Estado do Piauí\SEAD IN 01.2021 - Dispõe sobre o limite de adesões das atas de Registro de Preços gerenciadas pela SEADPREV.md"
"B-E/PCA_Referencias/Base_Legal","DUPLICADO","SEAD Portaria 631.2025.GAB.SEAD - Política de Gestão de Riscos.md",".md","_DUPLICADOS_para_arquivar\SEAD Portaria 631.2025.GAB.SEAD - Política de Gestão de Riscos.md","Já existe na mestra: mestra\01_Normativos_Vigentes\02_Estadual_PI\SEAD Portaria 631.2025.GAB.SEAD - Política de Gestão de Riscos.md","22403","E:\Thiago\Dev\PCA_Multiexercicio_Referencias\Base Legal CLC - Atualizada Maio.2026\Normativos Estado do Piauí\SEAD Portaria 631.2025.GAB.SEAD - Política de Gestão de Riscos.md"
"B-E/PCA_Referencias/Base_Legal","DUPLICADO","SEAD Portaria Gab Seadprev 34.2021 - Regulamenta a Dispensa Eletrônica.md",".md","_DUPLICADOS_para_arquivar\SEAD Portaria Gab Seadprev 34.2021 - Regulamenta a Dispensa Eletrônica.md","Já existe na mestra: mestra\01_Normativos_Vigentes\02_Estadual_PI\SEAD Portaria Gab Seadprev 34.2021 - Regulamenta a Dispensa Eletrônica.md","3317","E:\Thiago\Dev\PCA_Multiexercicio_Referencias\Base Legal CLC - Atualizada Maio.2026\Normativos Estado do Piauí\SEAD Portaria Gab Seadprev 34.2021 - Regulamenta a Dispensa Eletrônica.md"
"B-E/PCA_Referencias/Base_Legal","DUPLICADO","SEFAZ Resolução CDFR 02.2021 - Parâmetros para elaboração de Extratos de Licitação e Contratos para Publicação.md",".md","_DUPLICADOS_para_arquivar\SEFAZ Resolução CDFR 02.2021 - Parâmetros para elaboração de Extratos de Licitação e Contratos para Publicação.md","Já existe na mestra: mestra\01_Normativos_Vigentes\02_Estadual_PI\Resolução CGFR 002.2021 - Elaboração de Extratos de Licitação e Contratos Administrativos.md","9808","E:\Thiago\Dev\PCA_Multiexercicio_Referencias\Base Legal CLC - Atualizada Maio.2026\Normativos Estado do Piauí\SEFAZ Resolução CDFR 02.2021 - Parâmetros para elaboração de Extratos de Licitação e Contratos para Publicação.md"
"B-E/PCA_Referencias/Base_Legal","DUPLICADO","TCE Expediente 30.2025 - DECISAO_SESSAO-PLENARIA-07-DE-24.04.2025.md",".md","_DUPLICADOS_para_arquivar\TCE Expediente 30.2025 - DECISAO_SESSAO-PLENARIA-07-DE-24.04.2025.md","Já existe na mestra: mestra\01_Normativos_Vigentes\02_Estadual_PI\TCE Expediente 30.2025 - DECISAO_SESSAO-PLENARIA-07-DE-24.04.2025.md","8511","E:\Thiago\Dev\PCA_Multiexercicio_Referencias\Base Legal CLC - Atualizada Maio.2026\Normativos Estado do Piauí\TCE Expediente 30.2025 - DECISAO_SESSAO-PLENARIA-07-DE-24.04.2025.md"
"B-E/PCA_Referencias/Base_Legal","DUPLICADO","TCE IN 02.2026 -sistemas-licitacoes-web-contratos-web-e-obras-web.md",".md","_DUPLICADOS_para_arquivar\TCE IN 02.2026 -sistemas-licitacoes-web-contratos-web-e-obras-web.md","Já existe na mestra: mestra\01_Normativos_Vigentes\02_Estadual_PI\TCE IN 02.2026 -sistemas-licitacoes-web-contratos-web-e-obras-web.md","41467","E:\Thiago\Dev\PCA_Multiexercicio_Referencias\Base Legal CLC - Atualizada Maio.2026\Normativos Estado do Piauí\TCE IN 02.2026 -sistemas-licitacoes-web-contratos-web-e-obras-web.md"
"B-E/PCA_Referencias/Base_Legal","DUPLICADO","TCE IN 06.2017 - Licitações WEB, Contratos WEB e Obras WEB.md",".md","_DUPLICADOS_para_arquivar\TCE IN 06.2017 - Licitações WEB, Contratos WEB e Obras WEB.md","Já existe na mestra: mestra\01_Normativos_Vigentes\02_Estadual_PI\TCE IN 06.2017 - Licitações WEB, Contratos WEB e Obras WEB.md","40175","E:\Thiago\Dev\PCA_Multiexercicio_Referencias\Base Legal CLC - Atualizada Maio.2026\Normativos Estado do Piauí\TCE IN 06.2017 - Licitações WEB, Contratos WEB e Obras WEB.md"
"B-E/PCA_Referencias/Base_Legal","DUPLICADO","TCE IN 07.2021 - Altera a IN 06.2017.md",".md","_DUPLICADOS_para_arquivar\TCE IN 07.2021 - Altera a IN 06.2017.md","Já existe na mestra: mestra\01_Normativos_Vigentes\02_Estadual_PI\TCE IN 07.2021 - Altera a IN 06.2017.md","8049","E:\Thiago\Dev\PCA_Multiexercicio_Referencias\Base Legal CLC - Atualizada Maio.2026\Normativos Estado do Piauí\TCE IN 07.2021 - Altera a IN 06.2017.md"
"B-E/PCA_Referencias/Base_Legal","DUPLICADO","TCE NT 03.2020 - Contratações de TIC.md",".md","_DUPLICADOS_para_arquivar\TCE NT 03.2020 - Contratações de TIC.md","Já existe na mestra: mestra\01_Normativos_Vigentes\02_Estadual_PI\TCE NT 03.2020 - Contratações de TIC.md","54339","E:\Thiago\Dev\PCA_Multiexercicio_Referencias\Base Legal CLC - Atualizada Maio.2026\Normativos Estado do Piauí\TCE NT 03.2020 - Contratações de TIC.md"
"B-E/PCA_Referencias/Base_Legal","DUPLICADO","loa-2026-anexo-i-demonstrativos-consolidados.pdf",".pdf","_DUPLICADOS_para_arquivar\loa-2026-anexo-i-demonstrativos-consolidados.pdf","Já existe na mestra: mestra\04_Sistemas_e_Catalogos\Orcamento_LOA_2026\loa-2026-anexo-i-demonstrativos-consolidados.pdf","3619458","E:\Thiago\Dev\PCA_Multiexercicio_Referencias\Base Legal CLC - Atualizada Maio.2026\Normativos Estado do Piauí\Loa 2026\loa-2026-anexo-i-demonstrativos-consolidados.pdf"
"B-E/PCA_Referencias/Base_Legal","DUPLICADO","loa-2026-anexo-ii-receitas.pdf",".pdf","_DUPLICADOS_para_arquivar\loa-2026-anexo-ii-receitas.pdf","Já existe na mestra: mestra\04_Sistemas_e_Catalogos\Orcamento_LOA_2026\loa-2026-anexo-ii-receitas.pdf","1542103","E:\Thiago\Dev\PCA_Multiexercicio_Referencias\Base Legal CLC - Atualizada Maio.2026\Normativos Estado do Piauí\Loa 2026\loa-2026-anexo-ii-receitas.pdf"
"B-E/PCA_Referencias/Base_Legal","DUPLICADO","loa-2026-anexo-iii-despesa.pdf",".pdf","_DUPLICADOS_para_arquivar\loa-2026-anexo-iii-despesa.pdf","Já existe na mestra: mestra\04_Sistemas_e_Catalogos\Orcamento_LOA_2026\loa-2026-anexo-iii-despesa.pdf","2049924","E:\Thiago\Dev\PCA_Multiexercicio_Referencias\Base Legal CLC - Atualizada Maio.2026\Normativos Estado do Piauí\Loa 2026\loa-2026-anexo-iii-despesa.pdf"
"B-E/PCA_Referencias/Base_Legal","DUPLICADO","loa-2026-anexo-iv-despesa-por-poderes.pdf",".pdf","_DUPLICADOS_para_arquivar\loa-2026-anexo-iv-despesa-por-poderes.pdf","Já existe na mestra: mestra\04_Sistemas_e_Catalogos\Orcamento_LOA_2026\loa-2026-anexo-iv-despesa-por-poderes.pdf","11117923","E:\Thiago\Dev\PCA_Multiexercicio_Referencias\Base Legal CLC - Atualizada Maio.2026\Normativos Estado do Piauí\Loa 2026\loa-2026-anexo-iv-despesa-por-poderes.pdf"
"B-E/PCA_Referencias/Base_Legal","DUPLICADO","loa-2026-anexo-vi-demonstrativo-das-unidades-gestoras.pdf",".pdf","_DUPLICADOS_para_arquivar\loa-2026-anexo-vi-demonstrativo-das-unidades-gestoras.pdf","Já existe na mestra: mestra\04_Sistemas_e_Catalogos\Orcamento_LOA_2026\loa-2026-anexo-vi-demonstrativo-das-unidades-gestoras.pdf","448069","E:\Thiago\Dev\PCA_Multiexercicio_Referencias\Base Legal CLC - Atualizada Maio.2026\Normativos Estado do Piauí\Loa 2026\loa-2026-anexo-vi-demonstrativo-das-unidades-gestoras.pdf"
"B-E/PCA_Referencias/Base_Legal","DUPLICADO","loa-2026-anexo-vii-demostrativo-das-despesas-primarias.pdf",".pdf","_DUPLICADOS_para_arquivar\loa-2026-anexo-vii-demostrativo-das-despesas-primarias.pdf","Já existe na mestra: mestra\04_Sistemas_e_Catalogos\Orcamento_LOA_2026\loa-2026-anexo-vii-demostrativo-das-despesas-primarias.pdf","231547","E:\Thiago\Dev\PCA_Multiexercicio_Referencias\Base Legal CLC - Atualizada Maio.2026\Normativos Estado do Piauí\Loa 2026\loa-2026-anexo-vii-demostrativo-das-despesas-primarias.pdf"
"B-E/PCA_Referencias/Base_Legal","DUPLICADO","loa-2026-anexo-viii-demonstrativo-do-marco-orcamentario.pdf",".pdf","_DUPLICADOS_para_arquivar\loa-2026-anexo-viii-demonstrativo-do-marco-orcamentario.pdf","Já existe na mestra: mestra\04_Sistemas_e_Catalogos\Orcamento_LOA_2026\loa-2026-anexo-viii-demonstrativo-do-marco-orcamentario.pdf","2834046","E:\Thiago\Dev\PCA_Multiexercicio_Referencias\Base Legal CLC - Atualizada Maio.2026\Normativos Estado do Piauí\Loa 2026\loa-2026-anexo-viii-demonstrativo-do-marco-orcamentario.pdf"
"B-E/PCA_Referencias/Base_Legal","DUPLICADO","loa-2026-emendas-parlamentares.pdf",".pdf","_DUPLICADOS_para_arquivar\loa-2026-emendas-parlamentares.pdf","Já existe na mestra: mestra\04_Sistemas_e_Catalogos\Orcamento_LOA_2026\loa-2026-emendas-parlamentares.pdf","1604771","E:\Thiago\Dev\PCA_Multiexercicio_Referencias\Base Legal CLC - Atualizada Maio.2026\Normativos Estado do Piauí\Loa 2026\loa-2026-emendas-parlamentares.pdf"
"B-E/PCA_Referencias/Base_Legal","MOVER","loa-2026-lei-8.914.2025.pdf",".pdf","04_Sistemas_e_Catalogos\Orcamento_LOA_2026\loa-2026-lei-8.914.2025.pdf","","1303977","E:\Thiago\Dev\PCA_Multiexercicio_Referencias\Base Legal CLC - Atualizada Maio.2026\Normativos Estado do Piauí\Loa 2026\loa-2026-lei-8.914.2025.pdf"
"B-E/PCA_Referencias/Base_Legal","DUPLICADO","loa-anexo-v-despesa-empresas-estatais.pdf",".pdf","_DUPLICADOS_para_arquivar\loa-anexo-v-despesa-empresas-estatais.pdf","Já existe na mestra: mestra\04_Sistemas_e_Catalogos\Orcamento_LOA_2026\loa-anexo-v-despesa-empresas-estatais.pdf","440714","E:\Thiago\Dev\PCA_Multiexercicio_Referencias\Base Legal CLC - Atualizada Maio.2026\Normativos Estado do Piauí\Loa 2026\loa-anexo-v-despesa-empresas-estatais.pdf"
"B-E/PCA_Referencias/Base_Legal","DUPLICADO","qdd-2026-executivo.pdf",".pdf","_DUPLICADOS_para_arquivar\qdd-2026-executivo.pdf","Já existe na mestra: mestra\04_Sistemas_e_Catalogos\Orcamento_LOA_2026\qdd-2026-executivo.pdf","4631928","E:\Thiago\Dev\PCA_Multiexercicio_Referencias\Base Legal CLC - Atualizada Maio.2026\Normativos Estado do Piauí\Loa 2026\qdd-2026-executivo.pdf"
"B-E/PCA_Referencias/Base_Legal","DUPLICADO","qdd-2026-judiciario.pdf",".pdf","_DUPLICADOS_para_arquivar\qdd-2026-judiciario.pdf","Já existe na mestra: mestra\04_Sistemas_e_Catalogos\Orcamento_LOA_2026\qdd-2026-judiciario.pdf","349135","E:\Thiago\Dev\PCA_Multiexercicio_Referencias\Base Legal CLC - Atualizada Maio.2026\Normativos Estado do Piauí\Loa 2026\qdd-2026-judiciario.pdf"
"B-E/PCA_Referencias/Base_Legal","DUPLICADO","qdd-2026-legislativo.pdf",".pdf","_DUPLICADOS_para_arquivar\qdd-2026-legislativo.pdf","Já existe na mestra: mestra\04_Sistemas_e_Catalogos\Orcamento_LOA_2026\qdd-2026-legislativo.pdf","346947","E:\Thiago\Dev\PCA_Multiexercicio_Referencias\Base Legal CLC - Atualizada Maio.2026\Normativos Estado do Piauí\Loa 2026\qdd-2026-legislativo.pdf"
"B-E/PCA_Referencias/Base_Legal","DUPLICADO","qdd-2026-mp.pdf",".pdf","_DUPLICADOS_para_arquivar\qdd-2026-mp.pdf","Já existe na mestra: mestra\04_Sistemas_e_Catalogos\Orcamento_LOA_2026\qdd-2026-mp.pdf","292987","E:\Thiago\Dev\PCA_Multiexercicio_Referencias\Base Legal CLC - Atualizada Maio.2026\Normativos Estado do Piauí\Loa 2026\qdd-2026-mp.pdf"
"B-E/PCA_Referencias/Base_Legal","MOVER","Federal -  CF - 88.md",".md","01_Normativos_Vigentes\01_Federal\Constituicao\Federal -  CF - 88.md","","921679","E:\Thiago\Dev\PCA_Multiexercicio_Referencias\Base Legal CLC - Atualizada Maio.2026\Normativos Federais\Federal -  CF - 88.md"
"B-E/PCA_Referencias/Base_Legal","DUPLICADO","Federal - Decreto Federal 10818 - Bens Comuns e de Luxo.md",".md","_DUPLICADOS_para_arquivar\Federal - Decreto Federal 10818 - Bens Comuns e de Luxo.md","Já existe na mestra: mestra\01_Normativos_Vigentes\01_Federal\Federal - Decreto Federal 10818 - Bens Comuns e de Luxo.md","5253","E:\Thiago\Dev\PCA_Multiexercicio_Referencias\Base Legal CLC - Atualizada Maio.2026\Normativos Federais\Federal - Decreto Federal 10818 - Bens Comuns e de Luxo.md"
"B-E/PCA_Referencias/Base_Legal","DUPLICADO","Federal - Decreto Federal 11462 - Sistema de Registro de Preços.md",".md","_DUPLICADOS_para_arquivar\Federal - Decreto Federal 11462 - Sistema de Registro de Preços.md","Já existe na mestra: mestra\01_Normativos_Vigentes\01_Federal\Federal - Decreto Federal 11462 - Sistema de Registro de Preços.md","43795","E:\Thiago\Dev\PCA_Multiexercicio_Referencias\Base Legal CLC - Atualizada Maio.2026\Normativos Federais\Federal - Decreto Federal 11462 - Sistema de Registro de Preços.md"
"B-E/PCA_Referencias/Base_Legal","DUPLICADO","Federal - Decreto Federal 12343.2024 - Atualiza Valores da 14.133.md",".md","_DUPLICADOS_para_arquivar\Federal - Decreto Federal 12343.2024 - Atualiza Valores da 14.133.md","Já existe na mestra: mestra\01_Normativos_Vigentes\01_Federal\Federal - Decreto Federal 12343.2024 - Atualiza Valores da 14.133.md","2681","E:\Thiago\Dev\PCA_Multiexercicio_Referencias\Base Legal CLC - Atualizada Maio.2026\Normativos Federais\Federal - Decreto Federal 12343.2024 - Atualiza Valores da 14.133.md"
"B-E/PCA_Referencias/Base_Legal","DUPLICADO","Federal - Decreto Federal 12807.2025 - Atualiza Valores 14133.md",".md","_DUPLICADOS_para_arquivar\Federal - Decreto Federal 12807.2025 - Atualiza Valores 14133.md","Já existe na mestra: mestra\01_Normativos_Vigentes\01_Federal\Federal - Decreto Federal 12807.2025 - Atualiza Valores 14133.md","2715","E:\Thiago\Dev\PCA_Multiexercicio_Referencias\Base Legal CLC - Atualizada Maio.2026\Normativos Federais\Federal - Decreto Federal 12807.2025 - Atualiza Valores 14133.md"
"B-E/PCA_Referencias/Base_Legal","DUPLICADO","Federal - IN 05.2017 - Terceirizados.md",".md","_DUPLICADOS_para_arquivar\Federal - IN 05.2017 - Terceirizados.md","Já existe na mestra: mestra\01_Normativos_Vigentes\01_Federal\Federal - IN 05.2017 - Terceirizados.md","297485","E:\Thiago\Dev\PCA_Multiexercicio_Referencias\Base Legal CLC - Atualizada Maio.2026\Normativos Federais\Federal - IN 05.2017 - Terceirizados.md"
"B-E/PCA_Referencias/Base_Legal","DUPLICADO","Federal - IN 103.2022 - Locação de Imóveis.md",".md","_DUPLICADOS_para_arquivar\Federal - IN 103.2022 - Locação de Imóveis.md","Já existe na mestra: mestra\01_Normativos_Vigentes\01_Federal\Federal - IN 103.2022 - Locação de Imóveis.md","25383","E:\Thiago\Dev\PCA_Multiexercicio_Referencias\Base Legal CLC - Atualizada Maio.2026\Normativos Federais\Federal - IN 103.2022 - Locação de Imóveis.md"
"B-E/PCA_Referencias/Base_Legal","DUPLICADO","Federal - IN 58.2022 - ETP 2.md",".md","_DUPLICADOS_para_arquivar\Federal - IN 58.2022 - ETP 2.md","Já existe na mestra: mestra\01_Normativos_Vigentes\01_Federal\Federal - IN 58.2022 - ETP 2.md","17911","E:\Thiago\Dev\PCA_Multiexercicio_Referencias\Base Legal CLC - Atualizada Maio.2026\Normativos Federais\Federal - IN 58.2022 - ETP 2.md"
"B-E/PCA_Referencias/Base_Legal","DUPLICADO","Federal - IN 65.2021 - Pesquisa de Preços.md",".md","_DUPLICADOS_para_arquivar\Federal - IN 65.2021 - Pesquisa de Preços.md","Já existe na mestra: mestra\01_Normativos_Vigentes\01_Federal\Federal - IN 65.2021 - Pesquisa de Preços.md","16107","E:\Thiago\Dev\PCA_Multiexercicio_Referencias\Base Legal CLC - Atualizada Maio.2026\Normativos Federais\Federal - IN 65.2021 - Pesquisa de Preços.md"
"B-E/PCA_Referencias/Base_Legal","DUPLICADO","Federal - IN 67.2021 - Dispensa Eletrônica.md",".md","_DUPLICADOS_para_arquivar\Federal - IN 67.2021 - Dispensa Eletrônica.md","Já existe na mestra: mestra\01_Normativos_Vigentes\01_Federal\Federal - IN 67.2021 - Dispensa Eletrônica.md","25397","E:\Thiago\Dev\PCA_Multiexercicio_Referencias\Base Legal CLC - Atualizada Maio.2026\Normativos Federais\Federal - IN 67.2021 - Dispensa Eletrônica.md"
"B-E/PCA_Referencias/Base_Legal","DUPLICADO","Federal - IN 77.2022 - Ordem Cronológica.md",".md","_DUPLICADOS_para_arquivar\Federal - IN 77.2022 - Ordem Cronológica.md","Já existe na mestra: mestra\01_Normativos_Vigentes\01_Federal\Federal - IN 77.2022 - Ordem Cronológica.md","17035","E:\Thiago\Dev\PCA_Multiexercicio_Referencias\Base Legal CLC - Atualizada Maio.2026\Normativos Federais\Federal - IN 77.2022 - Ordem Cronológica.md"
"B-E/PCA_Referencias/Base_Legal","DUPLICADO","Federal - IN 81.2022 - TR 2.md",".md","_DUPLICADOS_para_arquivar\Federal - IN 81.2022 - TR 2.md","Já existe na mestra: mestra\01_Normativos_Vigentes\01_Federal\Federal - IN 81.2022 - TR 2.md","14980","E:\Thiago\Dev\PCA_Multiexercicio_Referencias\Base Legal CLC - Atualizada Maio.2026\Normativos Federais\Federal - IN 81.2022 - TR 2.md"
"B-E/PCA_Referencias/Base_Legal","DUPLICADO","Federal - IN 81.2022 - TR.md",".md","_DUPLICADOS_para_arquivar\Federal - IN 81.2022 - TR.md","Já existe na mestra: mestra\01_Normativos_Vigentes\01_Federal\Federal - IN 81.2022 - TR.md","15364","E:\Thiago\Dev\PCA_Multiexercicio_Referencias\Base Legal CLC - Atualizada Maio.2026\Normativos Federais\Federal - IN 81.2022 - TR.md"
"B-E/PCA_Referencias/Base_Legal","DUPLICADO","Federal - IN 91.2022 - Obras.md",".md","_DUPLICADOS_para_arquivar\Federal - IN 91.2022 - Obras.md","Já existe na mestra: mestra\01_Normativos_Vigentes\01_Federal\Federal - IN 91.2022 - Obras.md","2583","E:\Thiago\Dev\PCA_Multiexercicio_Referencias\Base Legal CLC - Atualizada Maio.2026\Normativos Federais\Federal - IN 91.2022 - Obras.md"
"B-E/PCA_Referencias/Base_Legal","MOVER","Federal - Lei 14133.2021.md",".md","01_Normativos_Vigentes\01_Federal\Leis\Federal - Lei 14133.2021.md","","327287","E:\Thiago\Dev\PCA_Multiexercicio_Referencias\Base Legal CLC - Atualizada Maio.2026\Normativos Federais\Federal - Lei 14133.2021.md"
"B-E/PCA_Referencias/Base_Legal","DUPLICADO","Federal - Lei 8078.1990 (Codigo de Defesa do Consumidor).md",".md","_DUPLICADOS_para_arquivar\Federal - Lei 8078.1990 (Codigo de Defesa do Consumidor).md","Já existe na mestra: mestra\01_Normativos_Vigentes\01_Federal\Federal - Lei 8078.1990 (Codigo de Defesa do Consumidor).md","102212","E:\Thiago\Dev\PCA_Multiexercicio_Referencias\Base Legal CLC - Atualizada Maio.2026\Normativos Federais\Federal - Lei 8078.1990 (Codigo de Defesa do Consumidor).md"
"B-E/PCA_Referencias/Base_Legal","DUPLICADO","Federal - Lei 9784 - Processo Administrativo.md",".md","_DUPLICADOS_para_arquivar\Federal - Lei 9784 - Processo Administrativo.md","Já existe na mestra: mestra\01_Normativos_Vigentes\01_Federal\Federal - Lei 9784 - Processo Administrativo.md","42048","E:\Thiago\Dev\PCA_Multiexercicio_Referencias\Base Legal CLC - Atualizada Maio.2026\Normativos Federais\Federal - Lei 9784 - Processo Administrativo.md"
"B-E/PCA_Referencias/Base_Legal","DUPLICADO","Federal - Lei Complementar 123 - ME e EPP.md",".md","_DUPLICADOS_para_arquivar\Federal - Lei Complementar 123 - ME e EPP.md","Já existe na mestra: mestra\01_Normativos_Vigentes\01_Federal\Federal - Lei Complementar 123 - ME e EPP.md","378954","E:\Thiago\Dev\PCA_Multiexercicio_Referencias\Base Legal CLC - Atualizada Maio.2026\Normativos Federais\Federal - Lei Complementar 123 - ME e EPP.md"
"B-E/PCA_Referencias/Base_Legal","DUPLICADO","Federal - Lei Complementar 225 - Código de Defesa do Contribuinte.md",".md","_DUPLICADOS_para_arquivar\Federal - Lei Complementar 225 - Código de Defesa do Contribuinte.md","Já existe na mestra: mestra\01_Normativos_Vigentes\01_Federal\Federal - Lei Complementar 225 - Código de Defesa do Contribuinte.md","90413","E:\Thiago\Dev\PCA_Multiexercicio_Referencias\Base Legal CLC - Atualizada Maio.2026\Normativos Federais\Federal - Lei Complementar 225 - Código de Defesa do Contribuinte.md"
"B-E/PCA_Referencias/Base_Legal","DUPLICADO","Federal - lista-de-atos-normativos-e-estagios-de-regulamentacao-da-lei-14133-de-2021.md",".md","_DUPLICADOS_para_arquivar\Federal - lista-de-atos-normativos-e-estagios-de-regulamentacao-da-lei-14133-de-2021.md","Já existe na mestra: mestra\01_Normativos_Vigentes\01_Federal\Federal - lista-de-atos-normativos-e-estagios-de-regulamentacao-da-lei-14133-de-2021.md","89369","E:\Thiago\Dev\PCA_Multiexercicio_Referencias\Base Legal CLC - Atualizada Maio.2026\Normativos Federais\Federal - lista-de-atos-normativos-e-estagios-de-regulamentacao-da-lei-14133-de-2021.md"
"B-E/PCA_Referencias/Base_Legal","DUPLICADO","Federal - mto_2026_-_versao_5_.md",".md","_DUPLICADOS_para_arquivar\Federal - mto_2026_-_versao_5_.md","Já existe na mestra: mestra\01_Normativos_Vigentes\01_Federal\Federal - mto_2026_-_versao_5_.md","870017","E:\Thiago\Dev\PCA_Multiexercicio_Referencias\Base Legal CLC - Atualizada Maio.2026\Normativos Federais\Federal - mto_2026_-_versao_5_.md"
"B-E/PCA_Referencias/Base_Legal","DUPLICADO","Federal - Resolução CGSIM nº 48.2018 (Comitê para Gestão da Rede Nacional para a Simplificação do Registro e da Legalização de Empresas e Negócios)..md",".md","_DUPLICADOS_para_arquivar\Federal - Resolução CGSIM nº 48.2018 (Comitê para Gestão da Rede Nacional para a Simplificação do Registro e da Legalização de Empresas e Negócios)..md","Já existe na mestra: mestra\01_Normativos_Vigentes\01_Federal\Federal - Resolução CGSIM nº 48.2018 (Comitê para Gestão da Rede Nacional para a Simplificação do Registro e da Legalização de Empresas e Negócios)..md","65263","E:\Thiago\Dev\PCA_Multiexercicio_Referencias\Base Legal CLC - Atualizada Maio.2026\Normativos Federais\Federal - Resolução CGSIM nº 48.2018 (Comitê para Gestão da Rede Nacional para a Simplificação do Registro e da Legalização de Empresas e Negócios)..md"
"B-E/PCA_Referencias/Base_Legal","DUPLICADO","Federal Lei 12527.2011 (Lei de Acesso à Informação).md",".md","_DUPLICADOS_para_arquivar\Federal Lei 12527.2011 (Lei de Acesso à Informação).md","Já existe na mestra: mestra\01_Normativos_Vigentes\01_Federal\Federal Lei 12527.2011 (Lei de Acesso à Informação).md","52879","E:\Thiago\Dev\PCA_Multiexercicio_Referencias\Base Legal CLC - Atualizada Maio.2026\Normativos Federais\Federal Lei 12527.2011 (Lei de Acesso à Informação).md"
"B-E/PCA_Referencias/Base_Legal","DUPLICADO","Manual TCU - 2016.pdf",".pdf","_DUPLICADOS_para_arquivar\Manual TCU - 2016.pdf","Já existe na mestra: mestra\05_Doutrina_e_Biblioteca\Biblioteca_Manuais_e_Cursos\Manual TCU - 2016.pdf","28159809","E:\Thiago\Dev\PCA_Multiexercicio_Referencias\Base Legal CLC - Atualizada Maio.2026\Normativos Federais\Manual TCU - 2016.pdf"
"B-E/PCA_Referencias/Base_Legal","MOVER","Portaria Fedral - n8678.0 - 2021.pdf",".pdf","01_Normativos_Vigentes\01_Federal\Portarias\Portaria Fedral - n8678.0 - 2021.pdf","","1430107","E:\Thiago\Dev\PCA_Multiexercicio_Referencias\Base Legal CLC - Atualizada Maio.2026\Normativos Federais\Portaria Fedral - n8678.0 - 2021.pdf"
"B-E/PCA_Referencias/Base_Legal","MOVER","Ato PGJMPPI - n1381.0 - 2024.pdf",".pdf","01_Normativos_Vigentes\03_MPPI\Atos\Ato PGJMPPI - n1381.0 - 2024.pdf","","282825","E:\Thiago\Dev\PCA_Multiexercicio_Referencias\Base Legal CLC - Atualizada Maio.2026\Normativos MPPI\Ato PGJMPPI - n1381.0 - 2024.pdf"
"B-E/PCA_Referencias/Base_Legal","MOVER","Ato PGJMPPI - n1382.0 - 2024.pdf",".pdf","01_Normativos_Vigentes\03_MPPI\Atos\Ato PGJMPPI - n1382.0 - 2024.pdf","","181555","E:\Thiago\Dev\PCA_Multiexercicio_Referencias\Base Legal CLC - Atualizada Maio.2026\Normativos MPPI\Ato PGJMPPI - n1382.0 - 2024.pdf"
"B-E/PCA_Referencias/Base_Legal","MOVER","Ato PGJMPPI - n1383.0 - 2024.pdf",".pdf","01_Normativos_Vigentes\03_MPPI\Atos\Ato PGJMPPI - n1383.0 - 2024.pdf","","175686","E:\Thiago\Dev\PCA_Multiexercicio_Referencias\Base Legal CLC - Atualizada Maio.2026\Normativos MPPI\Ato PGJMPPI - n1383.0 - 2024.pdf"
"B-E/PCA_Referencias/Base_Legal","MOVER","Ato PGJMPPI - n1413.0 - 2024.pdf",".pdf","01_Normativos_Vigentes\03_MPPI\Atos\Ato PGJMPPI - n1413.0 - 2024.pdf","","127969","E:\Thiago\Dev\PCA_Multiexercicio_Referencias\Base Legal CLC - Atualizada Maio.2026\Normativos MPPI\Ato PGJMPPI - n1413.0 - 2024.pdf"
"B-E/PCA_Referencias/Base_Legal","MOVER","Ato PGJMPPI - n1414.0 - 2024.pdf",".pdf","01_Normativos_Vigentes\03_MPPI\Atos\Ato PGJMPPI - n1414.0 - 2024.pdf","","188972","E:\Thiago\Dev\PCA_Multiexercicio_Referencias\Base Legal CLC - Atualizada Maio.2026\Normativos MPPI\Ato PGJMPPI - n1414.0 - 2024.pdf"
"B-E/PCA_Referencias/Base_Legal","MOVER","Ato PGJMPPI - n1415.0 - 2024.pdf",".pdf","01_Normativos_Vigentes\03_MPPI\Atos\Ato PGJMPPI - n1415.0 - 2024.pdf","","199325","E:\Thiago\Dev\PCA_Multiexercicio_Referencias\Base Legal CLC - Atualizada Maio.2026\Normativos MPPI\Ato PGJMPPI - n1415.0 - 2024.pdf"
"B-E/PCA_Referencias/Base_Legal","MOVER","Ato PGJMPPI - n1448.0 - 2024.pdf",".pdf","01_Normativos_Vigentes\03_MPPI\Atos\Ato PGJMPPI - n1448.0 - 2024.pdf","","150862","E:\Thiago\Dev\PCA_Multiexercicio_Referencias\Base Legal CLC - Atualizada Maio.2026\Normativos MPPI\Ato PGJMPPI - n1448.0 - 2024.pdf"
"B-E/PCA_Referencias/Base_Legal","MOVER","Ato PGJMPPI - n1449.0 - 2024.pdf",".pdf","01_Normativos_Vigentes\03_MPPI\Atos\Ato PGJMPPI - n1449.0 - 2024.pdf","","167063","E:\Thiago\Dev\PCA_Multiexercicio_Referencias\Base Legal CLC - Atualizada Maio.2026\Normativos MPPI\Ato PGJMPPI - n1449.0 - 2024.pdf"
"B-E/PCA_Referencias/Base_Legal","MOVER","Ato PGJMPPI - n1456.0 - 2024.pdf",".pdf","01_Normativos_Vigentes\03_MPPI\Atos\Ato PGJMPPI - n1456.0 - 2024.pdf","","177847","E:\Thiago\Dev\PCA_Multiexercicio_Referencias\Base Legal CLC - Atualizada Maio.2026\Normativos MPPI\Ato PGJMPPI - n1456.0 - 2024.pdf"
"B-E/PCA_Referencias/Base_Legal","MOVER","Ato PGJMPPI - n1480.0 - 2025.pdf",".pdf","01_Normativos_Vigentes\03_MPPI\Atos\Ato PGJMPPI - n1480.0 - 2025.pdf","","171776","E:\Thiago\Dev\PCA_Multiexercicio_Referencias\Base Legal CLC - Atualizada Maio.2026\Normativos MPPI\Ato PGJMPPI - n1480.0 - 2025.pdf"
"B-E/PCA_Referencias/Base_Legal","DUPLICADO","Lei Orgânica do MPPI.md",".md","_DUPLICADOS_para_arquivar\Lei Orgânica do MPPI.md","Já existe na mestra: mestra\01_Normativos_Vigentes\03_MPPI\Lei Orgânica do MPPI.md","254583","E:\Thiago\Dev\PCA_Multiexercicio_Referencias\Base Legal CLC - Atualizada Maio.2026\Normativos MPPI\Lei Orgânica do MPPI.md"
"B-E/PCA_Referencias/Base_Legal","MOVER","Manifestação Jurídico Referencial - MJR - n92 - 2024.pdf",".pdf","02_Jurisprudencia_e_Orientacoes\MJRs_MPPI\Manifestação Jurídico Referencial - MJR - n92 - 2024.pdf","","432803","E:\Thiago\Dev\PCA_Multiexercicio_Referencias\Base Legal CLC - Atualizada Maio.2026\Normativos MPPI\Manifestação Jurídico Referencial - MJR - n92 - 2024.pdf"
"B-E/PCA_Referencias/Base_Legal","MOVER","MJR n56 - 2025 - Substituição de Marca.pdf",".pdf","02_Jurisprudencia_e_Orientacoes\MJRs_MPPI\MJR n56 - 2025 - Substituição de Marca.pdf","","113577","E:\Thiago\Dev\PCA_Multiexercicio_Referencias\Base Legal CLC - Atualizada Maio.2026\Normativos MPPI\MJR n56 - 2025 - Substituição de Marca.pdf"
"B-E/PCA_Referencias/Base_Legal","DUPLICADO","MJR n66 - 2025 - Pagamento por Indenização (Art 149).pdf",".pdf","_DUPLICADOS_para_arquivar\MJR n66 - 2025 - Pagamento por Indenização (Art 149).pdf","Repetido em: E:\Thiago\Dev\PCA_Multiexercicio_Referencias\Base Legal CLC - Atualizada Maio.2026\Normativos MPPI\MJR n56 - 2025 - Substituição de Marca.pdf","113577","E:\Thiago\Dev\PCA_Multiexercicio_Referencias\Base Legal CLC - Atualizada Maio.2026\Normativos MPPI\MJR n66 - 2025 - Pagamento por Indenização (Art 149).pdf"
"B-E/PCA_Referencias/Base_Legal","DUPLICADO","MJR n86 - 2025 - Adesão à Ata de Registro de Preços (Carona).pdf",".pdf","_DUPLICADOS_para_arquivar\MJR n86 - 2025 - Adesão à Ata de Registro de Preços (Carona).pdf","Repetido em: E:\Thiago\Dev\PCA_Multiexercicio_Referencias\Base Legal CLC - Atualizada Maio.2026\Normativos MPPI\MJR n56 - 2025 - Substituição de Marca.pdf","113577","E:\Thiago\Dev\PCA_Multiexercicio_Referencias\Base Legal CLC - Atualizada Maio.2026\Normativos MPPI\MJR n86 - 2025 - Adesão à Ata de Registro de Preços (Carona).pdf"
"B-E/PCA_Referencias/Base_Legal","DUPLICADO","MJR n92 - 2024 - Contratação Direta (Dispensa Art 75 I e II).pdf",".pdf","_DUPLICADOS_para_arquivar\MJR n92 - 2024 - Contratação Direta (Dispensa Art 75 I e II).pdf","Repetido em: E:\Thiago\Dev\PCA_Multiexercicio_Referencias\Base Legal CLC - Atualizada Maio.2026\Normativos MPPI\MJR n56 - 2025 - Substituição de Marca.pdf","113577","E:\Thiago\Dev\PCA_Multiexercicio_Referencias\Base Legal CLC - Atualizada Maio.2026\Normativos MPPI\MJR n92 - 2024 - Contratação Direta (Dispensa Art 75 I e II).pdf"
"B-E/PCA_Referencias/Base_Legal","DUPLICADO","MJR n95 - 2025 - Prorrogação de Vigência de ARP.pdf",".pdf","_DUPLICADOS_para_arquivar\MJR n95 - 2025 - Prorrogação de Vigência de ARP.pdf","Repetido em: E:\Thiago\Dev\PCA_Multiexercicio_Referencias\Base Legal CLC - Atualizada Maio.2026\Normativos MPPI\MJR n56 - 2025 - Substituição de Marca.pdf","113577","E:\Thiago\Dev\PCA_Multiexercicio_Referencias\Base Legal CLC - Atualizada Maio.2026\Normativos MPPI\MJR n95 - 2025 - Prorrogação de Vigência de ARP.pdf"
"B-E/PCA_Referencias/Base_Legal","DUPLICADO","Modelo de DFD - TIC.md",".md","_DUPLICADOS_para_arquivar\Modelo de DFD - TIC.md","Já existe na mestra: mestra\01_Normativos_Vigentes\03_MPPI\Modelo de DFD - TIC.md","13558","E:\Thiago\Dev\PCA_Multiexercicio_Referencias\Base Legal CLC - Atualizada Maio.2026\Normativos MPPI\Modelo de DFD - TIC.md"
"B-E/PCA_Referencias/Base_Legal","DUPLICADO","Modelo de DFD.md",".md","_DUPLICADOS_para_arquivar\Modelo de DFD.md","Já existe na mestra: mestra\01_Normativos_Vigentes\03_MPPI\Modelo de DFD.md","8832","E:\Thiago\Dev\PCA_Multiexercicio_Referencias\Base Legal CLC - Atualizada Maio.2026\Normativos MPPI\Modelo de DFD.md"
"B-E/PCA_Referencias/Base_Legal","DUPLICADO","PCA 2025.md",".md","_DUPLICADOS_para_arquivar\PCA 2025.md","Já existe na mestra: mestra\01_Normativos_Vigentes\03_MPPI\PCA 2025.md","984239","E:\Thiago\Dev\PCA_Multiexercicio_Referencias\Base Legal CLC - Atualizada Maio.2026\Normativos MPPI\PCA 2025.md"
"B-E/PCA_Referencias/Base_Legal","DUPLICADO","PEI_2022_2029.md",".md","_DUPLICADOS_para_arquivar\PEI_2022_2029.md","Já existe na mestra: mestra\01_Normativos_Vigentes\03_MPPI\PEI_2022_2029.md","178783","E:\Thiago\Dev\PCA_Multiexercicio_Referencias\Base Legal CLC - Atualizada Maio.2026\Normativos MPPI\PEI_2022_2029.md"
"B-E/PCA_Referencias/Base_Legal","DUPLICADO","Plano-Politico-Pedagogico-CEAF-2026-3.md",".md","_DUPLICADOS_para_arquivar\Plano-Politico-Pedagogico-CEAF-2026-3.md","Já existe na mestra: mestra\01_Normativos_Vigentes\03_MPPI\Plano-Politico-Pedagogico-CEAF-2026-3.md","76975","E:\Thiago\Dev\PCA_Multiexercicio_Referencias\Base Legal CLC - Atualizada Maio.2026\Normativos MPPI\Plano-Politico-Pedagogico-CEAF-2026-3.md"
"B-E/PCA_Referencias/Base_Legal","MOVER","Portaria PGJMPPI - n3315.0 - 2025.pdf",".pdf","01_Normativos_Vigentes\03_MPPI\Portarias\Portaria PGJMPPI - n3315.0 - 2025.pdf","","204334","E:\Thiago\Dev\PCA_Multiexercicio_Referencias\Base Legal CLC - Atualizada Maio.2026\Normativos MPPI\Portaria PGJMPPI - n3315.0 - 2025.pdf"
"B-E/PCA_Referencias/Base_Legal","MOVER","Portaria PGJMPPI - n3447.0 - 2024.pdf",".pdf","01_Normativos_Vigentes\03_MPPI\Portarias\Portaria PGJMPPI - n3447.0 - 2024.pdf","","165370","E:\Thiago\Dev\PCA_Multiexercicio_Referencias\Base Legal CLC - Atualizada Maio.2026\Normativos MPPI\Portaria PGJMPPI - n3447.0 - 2024.pdf"
"B-E/PCA_Referencias/Base_Legal","MOVER","Portaria PGJMPPI - n3448.0 - 2024.pdf",".pdf","01_Normativos_Vigentes\03_MPPI\Portarias\Portaria PGJMPPI - n3448.0 - 2024.pdf","","213475","E:\Thiago\Dev\PCA_Multiexercicio_Referencias\Base Legal CLC - Atualizada Maio.2026\Normativos MPPI\Portaria PGJMPPI - n3448.0 - 2024.pdf"
"B-E/PCA_Referencias/Base_Legal","MOVER","Portaria PGJMPPI - n4333.0 - 2024.pdf",".pdf","01_Normativos_Vigentes\03_MPPI\Portarias\Portaria PGJMPPI - n4333.0 - 2024.pdf","","196225","E:\Thiago\Dev\PCA_Multiexercicio_Referencias\Base Legal CLC - Atualizada Maio.2026\Normativos MPPI\Portaria PGJMPPI - n4333.0 - 2024.pdf"
"B-E/PCA_Referencias/Base_Legal","MOVER","Portaria PGJMPPI - n4335.0 - 2024.pdf",".pdf","01_Normativos_Vigentes\03_MPPI\Portarias\Portaria PGJMPPI - n4335.0 - 2024.pdf","","147308","E:\Thiago\Dev\PCA_Multiexercicio_Referencias\Base Legal CLC - Atualizada Maio.2026\Normativos MPPI\Portaria PGJMPPI - n4335.0 - 2024.pdf"
"B-E/PCA_Referencias/Base_Legal","MOVER","Portaria PGJMPPI - n870.0 - 2025.pdf",".pdf","01_Normativos_Vigentes\03_MPPI\Portarias\Portaria PGJMPPI - n870.0 - 2025.pdf","","196159","E:\Thiago\Dev\PCA_Multiexercicio_Referencias\Base Legal CLC - Atualizada Maio.2026\Normativos MPPI\Portaria PGJMPPI - n870.0 - 2025.pdf"
"B-E/PCA_Referencias/Base_Legal","MOVER","Portaria PGJMPPI - n942.0 - 2025.pdf",".pdf","01_Normativos_Vigentes\03_MPPI\Portarias\Portaria PGJMPPI - n942.0 - 2025.pdf","","194960","E:\Thiago\Dev\PCA_Multiexercicio_Referencias\Base Legal CLC - Atualizada Maio.2026\Normativos MPPI\Portaria PGJMPPI - n942.0 - 2025.pdf"
"B-E/PCA_Referencias/Base_Legal","DUPLICADO","Res CPJ 08.2025 - Manual de Identidade Visual do MPPI.md",".md","_DUPLICADOS_para_arquivar\Res CPJ 08.2025 - Manual de Identidade Visual do MPPI.md","Já existe na mestra: mestra\01_Normativos_Vigentes\03_MPPI\Res CPJ 08.2025 - Manual de Identidade Visual do MPPI.md","33181","E:\Thiago\Dev\PCA_Multiexercicio_Referencias\Base Legal CLC - Atualizada Maio.2026\Normativos MPPI\Res CPJ 08.2025 - Manual de Identidade Visual do MPPI.md"
"B-E/PCA_Referencias/Base_Legal","DUPLICADO","Ato PGJ 0228.2022 - Suprimento de Fundos.md",".md","_DUPLICADOS_para_arquivar\Ato PGJ 0228.2022 - Suprimento de Fundos.md","Já existe na mestra: mestra\01_Normativos_Vigentes\03_MPPI\Atos\Ato PGJ 0228.2022 - Suprimento de Fundos.md","41632","E:\Thiago\Dev\PCA_Multiexercicio_Referencias\Base Legal CLC - Atualizada Maio.2026\Normativos MPPI\Atos\Ato PGJ 0228.2022 - Suprimento de Fundos.md"
"B-E/PCA_Referencias/Base_Legal","MOVER","Ato PGJ 0479.2013 - Dispoe sobre a organizacao administrativa do MPPI.md",".md","01_Normativos_Vigentes\03_MPPI\Atos\Ato PGJ 0479.2013 - Dispoe sobre a organizacao administrativa do MPPI.md","","117823","E:\Thiago\Dev\PCA_Multiexercicio_Referencias\Base Legal CLC - Atualizada Maio.2026\Normativos MPPI\Atos\Ato PGJ 0479.2013 - Dispoe sobre a organizacao administrativa do MPPI.md"
"B-E/PCA_Referencias/Base_Legal","CONFLITO_NOME","Ato PGJ 1382.2024 - Regulamenta a Implementação da 14133 no MPPI.md",".md","01_Normativos_Vigentes\03_MPPI\Atos\Ato PGJ 1382.2024 - Regulamenta a Implementação da 14133 no MPPI.md","Já existe arquivo diferente com o mesmo nome no destino; renomear","3985","E:\Thiago\Dev\PCA_Multiexercicio_Referencias\Base Legal CLC - Atualizada Maio.2026\Normativos MPPI\Atos\Ato PGJ 1382.2024 - Regulamenta a Implementação da 14133 no MPPI.md"
"B-E/PCA_Referencias/Base_Legal","DUPLICADO","Ato PGJ 1383.2024 - Dispensa Parecer Jurídico.md",".md","_DUPLICADOS_para_arquivar\Ato PGJ 1383.2024 - Dispensa Parecer Jurídico.md","Já existe na mestra: mestra\01_Normativos_Vigentes\03_MPPI\Atos\Ato PGJ 1383.2024 - Dispensa Parecer Jurídico.md","6938","E:\Thiago\Dev\PCA_Multiexercicio_Referencias\Base Legal CLC - Atualizada Maio.2026\Normativos MPPI\Atos\Ato PGJ 1383.2024 - Dispensa Parecer Jurídico.md"
"B-E/PCA_Referencias/Base_Legal","CONFLITO_NOME","Ato PGJ 1413.2024 - Altera Ato PGJ 1382.2024.md",".md","01_Normativos_Vigentes\03_MPPI\Atos\Ato PGJ 1413.2024 - Altera Ato PGJ 1382.2024.md","Já existe arquivo diferente com o mesmo nome no destino; renomear","2622","E:\Thiago\Dev\PCA_Multiexercicio_Referencias\Base Legal CLC - Atualizada Maio.2026\Normativos MPPI\Atos\Ato PGJ 1413.2024 - Altera Ato PGJ 1382.2024.md"
"B-E/PCA_Referencias/Base_Legal","DUPLICADO","Ato PGJ 1414.2024 - Agente de Contratação.md",".md","_DUPLICADOS_para_arquivar\Ato PGJ 1414.2024 - Agente de Contratação.md","Já existe na mestra: mestra\01_Normativos_Vigentes\03_MPPI\Atos\Ato PGJ 1414.2024 - Agente de Contratação.md","15070","E:\Thiago\Dev\PCA_Multiexercicio_Referencias\Base Legal CLC - Atualizada Maio.2026\Normativos MPPI\Atos\Ato PGJ 1414.2024 - Agente de Contratação.md"
"B-E/PCA_Referencias/Base_Legal","DUPLICADO","Ato PGJ 1415.2024 - Serviços e fornecimentos contínuos.md",".md","_DUPLICADOS_para_arquivar\Ato PGJ 1415.2024 - Serviços e fornecimentos contínuos.md","Já existe na mestra: mestra\01_Normativos_Vigentes\03_MPPI\Atos\Ato PGJ 1415.2024 - Serviços e fornecimentos contínuos.md","18820","E:\Thiago\Dev\PCA_Multiexercicio_Referencias\Base Legal CLC - Atualizada Maio.2026\Normativos MPPI\Atos\Ato PGJ 1415.2024 - Serviços e fornecimentos contínuos.md"
"B-E/PCA_Referencias/Base_Legal","DUPLICADO","Ato PGJ 1448.2024 - Altera o Ato PGJ 1414.2024.md",".md","_DUPLICADOS_para_arquivar\Ato PGJ 1448.2024 - Altera o Ato PGJ 1414.2024.md","Já existe na mestra: mestra\01_Normativos_Vigentes\03_MPPI\Atos\Ato PGJ 1448.2024 - Altera o Ato PGJ 1414.2024.md","2978","E:\Thiago\Dev\PCA_Multiexercicio_Referencias\Base Legal CLC - Atualizada Maio.2026\Normativos MPPI\Atos\Ato PGJ 1448.2024 - Altera o Ato PGJ 1414.2024.md"
"B-E/PCA_Referencias/Base_Legal","DUPLICADO","Ato PGJ 1480.2025 - Retira CONINT da Fase Interna.md",".md","_DUPLICADOS_para_arquivar\Ato PGJ 1480.2025 - Retira CONINT da Fase Interna.md","Já existe na mestra: mestra\01_Normativos_Vigentes\03_MPPI\Atos\Ato PGJ 1480.2025 - Retira CONINT da Fase Interna.md","16110","E:\Thiago\Dev\PCA_Multiexercicio_Referencias\Base Legal CLC - Atualizada Maio.2026\Normativos MPPI\Atos\Ato PGJ 1480.2025 - Retira CONINT da Fase Interna.md"
"B-E/PCA_Referencias/Base_Legal","DUPLICADO","Ato PGJ 1599.2025 - Institui a Política de Segurança Institucional e o Sistema de Segurança Institucional do MPPI.md",".md","_DUPLICADOS_para_arquivar\Ato PGJ 1599.2025 - Institui a Política de Segurança Institucional e o Sistema de Segurança Institucional do MPPI.md","Já existe na mestra: mestra\01_Normativos_Vigentes\03_MPPI\Atos\Ato PGJ 1599.2025 - Institui a Política de Segurança Institucional e o Sistema de Segurança Institucional do MPPI.md","39781","E:\Thiago\Dev\PCA_Multiexercicio_Referencias\Base Legal CLC - Atualizada Maio.2026\Normativos MPPI\Atos\Ato PGJ 1599.2025 - Institui a Política de Segurança Institucional e o Sistema de Segurança Institucional do MPPI.md"
"B-E/PCA_Referencias/Base_Legal","DUPLICADO","MJR 56 - Análise Conclusiva de Conformidade.md",".md","_DUPLICADOS_para_arquivar\MJR 56 - Análise Conclusiva de Conformidade.md","Já existe na mestra: mestra\02_Jurisprudencia_e_Orientacoes\MJRs_MPPI\MJR nº 862025APPL - Adesão a ARP\MJR 86 - Análise Conclusiva de Conformidade.md","1148","E:\Thiago\Dev\PCA_Multiexercicio_Referencias\Base Legal CLC - Atualizada Maio.2026\Normativos MPPI\MJR's\MJR nº 562025APPL - Troca de Marca Contrato ou ARP\MJR 56 - Análise Conclusiva de Conformidade.md"
"B-E/PCA_Referencias/Base_Legal","DUPLICADO","MJR 56 - Análise Preliminar de Conformidade.md",".md","_DUPLICADOS_para_arquivar\MJR 56 - Análise Preliminar de Conformidade.md","Já existe na mestra: mestra\02_Jurisprudencia_e_Orientacoes\MJRs_MPPI\MJR nº 862025APPL - Adesão a ARP\MJR 86 - Análise Preliminar de Conformidade.md","1270","E:\Thiago\Dev\PCA_Multiexercicio_Referencias\Base Legal CLC - Atualizada Maio.2026\Normativos MPPI\MJR's\MJR nº 562025APPL - Troca de Marca Contrato ou ARP\MJR 56 - Análise Preliminar de Conformidade.md"
"B-E/PCA_Referencias/Base_Legal","MOVER","MJR 56 - Pedido de Substituição de Marca.pdf",".pdf","02_Jurisprudencia_e_Orientacoes\MJRs_MPPI\MJR 56 - Pedido de Substituição de Marca.pdf","","14962009","E:\Thiago\Dev\PCA_Multiexercicio_Referencias\Base Legal CLC - Atualizada Maio.2026\Normativos MPPI\MJR's\MJR nº 562025APPL - Troca de Marca Contrato ou ARP\MJR 56 - Pedido de Substituição de Marca.pdf"
"B-E/PCA_Referencias/Base_Legal","DUPLICADO","MJR 66 - Análise Conclusiva de Conformidade.md",".md","_DUPLICADOS_para_arquivar\MJR 66 - Análise Conclusiva de Conformidade.md","Já existe na mestra: mestra\02_Jurisprudencia_e_Orientacoes\MJRs_MPPI\MJR nº 862025APPL - Adesão a ARP\MJR 86 - Análise Conclusiva de Conformidade.md","1148","E:\Thiago\Dev\PCA_Multiexercicio_Referencias\Base Legal CLC - Atualizada Maio.2026\Normativos MPPI\MJR's\MJR nº 662025APPL - Pagamento por Indenização\MJR 66 - Análise Conclusiva de Conformidade.md"
"B-E/PCA_Referencias/Base_Legal","DUPLICADO","MJR 66 - Análise Preliminar de Conformidade.md",".md","_DUPLICADOS_para_arquivar\MJR 66 - Análise Preliminar de Conformidade.md","Já existe na mestra: mestra\02_Jurisprudencia_e_Orientacoes\MJRs_MPPI\MJR nº 862025APPL - Adesão a ARP\MJR 86 - Análise Preliminar de Conformidade.md","1270","E:\Thiago\Dev\PCA_Multiexercicio_Referencias\Base Legal CLC - Atualizada Maio.2026\Normativos MPPI\MJR's\MJR nº 662025APPL - Pagamento por Indenização\MJR 66 - Análise Preliminar de Conformidade.md"
"B-E/PCA_Referencias/Base_Legal","DUPLICADO","MJR 66 - Pagamento Por Indenização.md",".md","_DUPLICADOS_para_arquivar\MJR 66 - Pagamento Por Indenização.md","Já existe na mestra: mestra\02_Jurisprudencia_e_Orientacoes\MJRs_MPPI\MJR nº 662025APPL - Pagamento por Indenização\MJR 66 - Pagamento Por Indenização.md","75043","E:\Thiago\Dev\PCA_Multiexercicio_Referencias\Base Legal CLC - Atualizada Maio.2026\Normativos MPPI\MJR's\MJR nº 662025APPL - Pagamento por Indenização\MJR 66 - Pagamento Por Indenização.md"
"B-E/PCA_Referencias/Base_Legal","DUPLICADO","MJR 86 - Adesão por ARP.md",".md","_DUPLICADOS_para_arquivar\MJR 86 - Adesão por ARP.md","Já existe na mestra: mestra\02_Jurisprudencia_e_Orientacoes\MJRs_MPPI\MJR nº 862025APPL - Adesão a ARP\MJR 86 - Adesão por ARP.md","119823","E:\Thiago\Dev\PCA_Multiexercicio_Referencias\Base Legal CLC - Atualizada Maio.2026\Normativos MPPI\MJR's\MJR nº 862025APPL - Adesão a ARP\MJR 86 - Adesão por ARP.md"
"B-E/PCA_Referencias/Base_Legal","DUPLICADO","MJR 86 - Análise Conclusiva de Conformidade.md",".md","_DUPLICADOS_para_arquivar\MJR 86 - Análise Conclusiva de Conformidade.md","Já existe na mestra: mestra\02_Jurisprudencia_e_Orientacoes\MJRs_MPPI\MJR nº 862025APPL - Adesão a ARP\MJR 86 - Análise Conclusiva de Conformidade.md","1148","E:\Thiago\Dev\PCA_Multiexercicio_Referencias\Base Legal CLC - Atualizada Maio.2026\Normativos MPPI\MJR's\MJR nº 862025APPL - Adesão a ARP\MJR 86 - Análise Conclusiva de Conformidade.md"
"B-E/PCA_Referencias/Base_Legal","DUPLICADO","MJR 86 - Análise Preliminar de Conformidade.md",".md","_DUPLICADOS_para_arquivar\MJR 86 - Análise Preliminar de Conformidade.md","Já existe na mestra: mestra\02_Jurisprudencia_e_Orientacoes\MJRs_MPPI\MJR nº 862025APPL - Adesão a ARP\MJR 86 - Análise Preliminar de Conformidade.md","1270","E:\Thiago\Dev\PCA_Multiexercicio_Referencias\Base Legal CLC - Atualizada Maio.2026\Normativos MPPI\MJR's\MJR nº 862025APPL - Adesão a ARP\MJR 86 - Análise Preliminar de Conformidade.md"
"B-E/PCA_Referencias/Base_Legal","DUPLICADO","MJR 92 - Aprovação MJR.md",".md","_DUPLICADOS_para_arquivar\MJR 92 - Aprovação MJR.md","Já existe na mestra: mestra\02_Jurisprudencia_e_Orientacoes\MJRs_MPPI\MJR nº 922024APPL - Dispensa de Licitação - Art 75 I e II\MJR 92 - Aprovação MJR.md","5156","E:\Thiago\Dev\PCA_Multiexercicio_Referencias\Base Legal CLC - Atualizada Maio.2026\Normativos MPPI\MJR's\MJR nº 922024APPL - Dispensa de Licitação - Art 75 I e II\MJR 92 - Aprovação MJR.md"
"B-E/PCA_Referencias/Base_Legal","DUPLICADO","MJR 92 - Contratações Diretas - Art 75 I e II.md",".md","_DUPLICADOS_para_arquivar\MJR 92 - Contratações Diretas - Art 75 I e II.md","Já existe na mestra: mestra\02_Jurisprudencia_e_Orientacoes\MJRs_MPPI\MJR nº 922024APPL - Dispensa de Licitação - Art 75 I e II\MJR 92 - Contratações Diretas - Art 75 I e II.md","166595","E:\Thiago\Dev\PCA_Multiexercicio_Referencias\Base Legal CLC - Atualizada Maio.2026\Normativos MPPI\MJR's\MJR nº 922024APPL - Dispensa de Licitação - Art 75 I e II\MJR 92 - Contratações Diretas - Art 75 I e II.md"
"B-E/PCA_Referencias/Base_Legal","DUPLICADO","MJR 92.2024 - Aprovação.md",".md","_DUPLICADOS_para_arquivar\MJR 92.2024 - Aprovação.md","Já existe na mestra: mestra\02_Jurisprudencia_e_Orientacoes\MJRs_MPPI\MJR nº 922024APPL - Dispensa de Licitação - Art 75 I e II\MJR 92 - Aprovação MJR.md","5156","E:\Thiago\Dev\PCA_Multiexercicio_Referencias\Base Legal CLC - Atualizada Maio.2026\Normativos MPPI\MJR's\MJR nº 922024APPL - Dispensa de Licitação - Art 75 I e II\MJR 92.2024 - Aprovação.md"
"B-E/PCA_Referencias/Base_Legal","DUPLICADO","MJR 92.2024 - Contratações Diretas.md",".md","_DUPLICADOS_para_arquivar\MJR 92.2024 - Contratações Diretas.md","Já existe na mestra: mestra\02_Jurisprudencia_e_Orientacoes\MJRs_MPPI\MJR nº 922024APPL - Dispensa de Licitação - Art 75 I e II\MJR 92 - Contratações Diretas - Art 75 I e II.md","166595","E:\Thiago\Dev\PCA_Multiexercicio_Referencias\Base Legal CLC - Atualizada Maio.2026\Normativos MPPI\MJR's\MJR nº 922024APPL - Dispensa de Licitação - Art 75 I e II\MJR 92.2024 - Contratações Diretas.md"
"B-E/PCA_Referencias/Base_Legal","DUPLICADO","MJR 95 - ANALISE_CONCLUSIVA_DE_CONFORMIDADE-PRORROGACAO-DE-VIGENCIA-DE-ARP.md",".md","_DUPLICADOS_para_arquivar\MJR 95 - ANALISE_CONCLUSIVA_DE_CONFORMIDADE-PRORROGACAO-DE-VIGENCIA-DE-ARP.md","Já existe na mestra: mestra\02_Jurisprudencia_e_Orientacoes\MJRs_MPPI\MJR nº 952025APPL - Prorrogação de Vigência de ARP\MJR 95 - ANALISE_CONCLUSIVA_DE_CONFORMIDADE-PRORROGACAO-DE-VIGENCIA-DE-ARP.md","1156","E:\Thiago\Dev\PCA_Multiexercicio_Referencias\Base Legal CLC - Atualizada Maio.2026\Normativos MPPI\MJR's\MJR nº 952025APPL - Prorrogação de Vigência de ARP\MJR 95 - ANALISE_CONCLUSIVA_DE_CONFORMIDADE-PRORROGACAO-DE-VIGENCIA-DE-ARP.md"
"B-E/PCA_Referencias/Base_Legal","DUPLICADO","MJR 95 - ANALISE_PRELIMINAR_DE_CONFORMIDADE-PRORROGACAO-DE-VIGENCIA-DE-ARP.md",".md","_DUPLICADOS_para_arquivar\MJR 95 - ANALISE_PRELIMINAR_DE_CONFORMIDADE-PRORROGACAO-DE-VIGENCIA-DE-ARP.md","Já existe na mestra: mestra\02_Jurisprudencia_e_Orientacoes\MJRs_MPPI\MJR nº 952025APPL - Prorrogação de Vigência de ARP\MJR 95 - ANALISE_PRELIMINAR_DE_CONFORMIDADE-PRORROGACAO-DE-VIGENCIA-DE-ARP.md","1305","E:\Thiago\Dev\PCA_Multiexercicio_Referencias\Base Legal CLC - Atualizada Maio.2026\Normativos MPPI\MJR's\MJR nº 952025APPL - Prorrogação de Vigência de ARP\MJR 95 - ANALISE_PRELIMINAR_DE_CONFORMIDADE-PRORROGACAO-DE-VIGENCIA-DE-ARP.md"
"B-E/PCA_Referencias/Base_Legal","DUPLICADO","MJR 95 - LISTA_DE_VERIFICACAO_PRORROGACAO_ARP.md",".md","_DUPLICADOS_para_arquivar\MJR 95 - LISTA_DE_VERIFICACAO_PRORROGACAO_ARP.md","Já existe na mestra: mestra\02_Jurisprudencia_e_Orientacoes\MJRs_MPPI\MJR nº 952025APPL - Prorrogação de Vigência de ARP\MJR 95 - LISTA_DE_VERIFICACAO_PRORROGACAO_ARP.md","11593","E:\Thiago\Dev\PCA_Multiexercicio_Referencias\Base Legal CLC - Atualizada Maio.2026\Normativos MPPI\MJR's\MJR nº 952025APPL - Prorrogação de Vigência de ARP\MJR 95 - LISTA_DE_VERIFICACAO_PRORROGACAO_ARP.md"
"B-E/PCA_Referencias/Base_Legal","DUPLICADO","MJR 95 - MANIFESTACAO-JURIDICA-REFERENCIAL-PRORROGACAO-DE-VIGENCIA-DE-ARP.md",".md","_DUPLICADOS_para_arquivar\MJR 95 - MANIFESTACAO-JURIDICA-REFERENCIAL-PRORROGACAO-DE-VIGENCIA-DE-ARP.md","Já existe na mestra: mestra\02_Jurisprudencia_e_Orientacoes\MJRs_MPPI\MJR nº 952025APPL - Prorrogação de Vigência de ARP\MJR 95 - MANIFESTACAO-JURIDICA-REFERENCIAL-PRORROGACAO-DE-VIGENCIA-DE-ARP.md","102073","E:\Thiago\Dev\PCA_Multiexercicio_Referencias\Base Legal CLC - Atualizada Maio.2026\Normativos MPPI\MJR's\MJR nº 952025APPL - Prorrogação de Vigência de ARP\MJR 95 - MANIFESTACAO-JURIDICA-REFERENCIAL-PRORROGACAO-DE-VIGENCIA-DE-ARP.md"
"B-E/PCA_Referencias/Base_Legal","MOVER","PCA 2026 - Versão 2.0 - MPPI.pdf",".pdf","01_Normativos_Vigentes\03_MPPI\PCA_2026\PCA 2026 - Versão 2.0 - MPPI.pdf","","5180127","E:\Thiago\Dev\PCA_Multiexercicio_Referencias\Base Legal CLC - Atualizada Maio.2026\Normativos MPPI\PCA 2026\PCA 2026 - Versão 2.0 - MPPI.pdf"
"B-E/PCA_Referencias/Base_Legal","MOVER","PCA 2026 - Versão 3.0 - MPPI.pdf",".pdf","01_Normativos_Vigentes\03_MPPI\PCA_2026\PCA 2026 - Versão 3.0 - MPPI.pdf","","4319275","E:\Thiago\Dev\PCA_Multiexercicio_Referencias\Base Legal CLC - Atualizada Maio.2026\Normativos MPPI\PCA 2026\PCA 2026 - Versão 3.0 - MPPI.pdf"
"B-E/PCA_Referencias/Base_Legal","MOVER","PCA 2026.pdf",".pdf","01_Normativos_Vigentes\03_MPPI\PCA_2026\PCA 2026.pdf","","2722935","E:\Thiago\Dev\PCA_Multiexercicio_Referencias\Base Legal CLC - Atualizada Maio.2026\Normativos MPPI\PCA 2026\PCA 2026.pdf"
"B-E/PCA_Referencias/Base_Legal","DUPLICADO","Relação de Demandas Suspensas e Retidas (184 registros).pdf",".pdf","_DUPLICADOS_para_arquivar\Relação de Demandas Suspensas e Retidas (184 registros).pdf","Já existe na mestra: mestra\01_Normativos_Vigentes\03_MPPI\PCA 2026\Relação de Demandas Suspensas e Retidas (184 registros).pdf","638073","E:\Thiago\Dev\PCA_Multiexercicio_Referencias\Base Legal CLC - Atualizada Maio.2026\Normativos MPPI\PCA 2026\Relação de Demandas Suspensas e Retidas (184 registros).pdf"
"B-E/PCA_Referencias/Base_Legal","DUPLICADO","Portaria PGJ 0870.2025 - Equipe de Planejamento.md",".md","_DUPLICADOS_para_arquivar\Portaria PGJ 0870.2025 - Equipe de Planejamento.md","Já existe na mestra: mestra\01_Normativos_Vigentes\03_MPPI\Portarias\Portaria PGJ 0870.2025 - Equipe de Planejamento.md","11386","E:\Thiago\Dev\PCA_Multiexercicio_Referencias\Base Legal CLC - Atualizada Maio.2026\Normativos MPPI\Portarias\Portaria PGJ 0870.2025 - Equipe de Planejamento.md"
"B-E/PCA_Referencias/Base_Legal","DUPLICADO","Portaria PGJ 0942.2025 - Equipe de Planejamento.md",".md","_DUPLICADOS_para_arquivar\Portaria PGJ 0942.2025 - Equipe de Planejamento.md","Já existe na mestra: mestra\01_Normativos_Vigentes\03_MPPI\Portarias\Portaria PGJ 0942.2025 - Equipe de Planejamento.md","10876","E:\Thiago\Dev\PCA_Multiexercicio_Referencias\Base Legal CLC - Atualizada Maio.2026\Normativos MPPI\Portarias\Portaria PGJ 0942.2025 - Equipe de Planejamento.md"
"B-E/PCA_Referencias/Base_Legal","DUPLICADO","Portaria PGJ 1040.2025 - Equipe de Planejamento.md",".md","_DUPLICADOS_para_arquivar\Portaria PGJ 1040.2025 - Equipe de Planejamento.md","Já existe na mestra: mestra\01_Normativos_Vigentes\03_MPPI\Portarias\Portaria PGJ 1040.2025 - Equipe de Planejamento.md","11248","E:\Thiago\Dev\PCA_Multiexercicio_Referencias\Base Legal CLC - Atualizada Maio.2026\Normativos MPPI\Portarias\Portaria PGJ 1040.2025 - Equipe de Planejamento.md"
"B-E/PCA_Referencias/Base_Legal","DUPLICADO","Portaria PGJ 1318.2026 - Equipe de Planejamento.md",".md","_DUPLICADOS_para_arquivar\Portaria PGJ 1318.2026 - Equipe de Planejamento.md","Já existe na mestra: mestra\01_Normativos_Vigentes\03_MPPI\Portarias\Portaria PGJ 1318.2026 - Equipe de Planejamento.md","11461","E:\Thiago\Dev\PCA_Multiexercicio_Referencias\Base Legal CLC - Atualizada Maio.2026\Normativos MPPI\Portarias\Portaria PGJ 1318.2026 - Equipe de Planejamento.md"
"B-E/PCA_Referencias/Base_Legal","DUPLICADO","Portaria PGJ 2065.2026 - Equipe de Planejamento TIC.md",".md","_DUPLICADOS_para_arquivar\Portaria PGJ 2065.2026 - Equipe de Planejamento TIC.md","Já existe na mestra: mestra\01_Normativos_Vigentes\03_MPPI\Portarias\Portaria PGJ 2065.2026 - Equipe de Planejamento TIC.md","13348","E:\Thiago\Dev\PCA_Multiexercicio_Referencias\Base Legal CLC - Atualizada Maio.2026\Normativos MPPI\Portarias\Portaria PGJ 2065.2026 - Equipe de Planejamento TIC.md"
"B-E/PCA_Referencias/Base_Legal","DUPLICADO","Portaria PGJ 2067.2026 - Equipe de Planejamento.md",".md","_DUPLICADOS_para_arquivar\Portaria PGJ 2067.2026 - Equipe de Planejamento.md","Já existe na mestra: mestra\01_Normativos_Vigentes\03_MPPI\Portarias\Portaria PGJ 2067.2026 - Equipe de Planejamento.md","17913","E:\Thiago\Dev\PCA_Multiexercicio_Referencias\Base Legal CLC - Atualizada Maio.2026\Normativos MPPI\Portarias\Portaria PGJ 2067.2026 - Equipe de Planejamento.md"
"B-E/PCA_Referencias/Base_Legal","DUPLICADO","Portaria PGJ 3315.2025 - Equipe de Planejamento da Contratação.md",".md","_DUPLICADOS_para_arquivar\Portaria PGJ 3315.2025 - Equipe de Planejamento da Contratação.md","Já existe na mestra: mestra\01_Normativos_Vigentes\03_MPPI\Portarias\Portaria PGJ 3315.2025 - Equipe de Planejamento da Contratação.md","18955","E:\Thiago\Dev\PCA_Multiexercicio_Referencias\Base Legal CLC - Atualizada Maio.2026\Normativos MPPI\Portarias\Portaria PGJ 3315.2025 - Equipe de Planejamento da Contratação.md"
"B-E/PCA_Referencias/Base_Legal","DUPLICADO","Portaria PGJ 3447.2024 - Equipe de Planejamento TIC.md",".md","_DUPLICADOS_para_arquivar\Portaria PGJ 3447.2024 - Equipe de Planejamento TIC.md","Já existe na mestra: mestra\01_Normativos_Vigentes\03_MPPI\Portarias\Portaria PGJ 3447.2024 - Equipe de Planejamento TIC.md","7824","E:\Thiago\Dev\PCA_Multiexercicio_Referencias\Base Legal CLC - Atualizada Maio.2026\Normativos MPPI\Portarias\Portaria PGJ 3447.2024 - Equipe de Planejamento TIC.md"
"B-E/PCA_Referencias/Base_Legal","DUPLICADO","Portaria PGJ 4335.2024 - Equipe de Planejamento TIC.md",".md","_DUPLICADOS_para_arquivar\Portaria PGJ 4335.2024 - Equipe de Planejamento TIC.md","Já existe na mestra: mestra\01_Normativos_Vigentes\03_MPPI\Portarias\Portaria PGJ 4335.2024 - Equipe de Planejamento TIC.md","6964","E:\Thiago\Dev\PCA_Multiexercicio_Referencias\Base Legal CLC - Atualizada Maio.2026\Normativos MPPI\Portarias\Portaria PGJ 4335.2024 - Equipe de Planejamento TIC.md"
"B-E/PCA_Referencias/Base_Legal","DUPLICADO","Portaria PGJ 4337.2024 - Agente de Contratação e Pregoeiro.md",".md","_DUPLICADOS_para_arquivar\Portaria PGJ 4337.2024 - Agente de Contratação e Pregoeiro.md","Já existe na mestra: mestra\01_Normativos_Vigentes\03_MPPI\Portarias\Portaria PGJ 4337.2024 - Agente de Contratação e Pregoeiro.md","5901","E:\Thiago\Dev\PCA_Multiexercicio_Referencias\Base Legal CLC - Atualizada Maio.2026\Normativos MPPI\Portarias\Portaria PGJ 4337.2024 - Agente de Contratação e Pregoeiro.md"
"B-E/PCA_Referencias/Base_Legal","DUPLICADO","Portaria PGJ 5644.2025 - Agentes de Contratação e Pregoeiro.md",".md","_DUPLICADOS_para_arquivar\Portaria PGJ 5644.2025 - Agentes de Contratação e Pregoeiro.md","Já existe na mestra: mestra\01_Normativos_Vigentes\03_MPPI\Portarias\Portaria PGJ 5644.2025 - Agentes de Contratação e Pregoeiro.md","6929","E:\Thiago\Dev\PCA_Multiexercicio_Referencias\Base Legal CLC - Atualizada Maio.2026\Normativos MPPI\Portarias\Portaria PGJ 5644.2025 - Agentes de Contratação e Pregoeiro.md"
"B-E/PCA_Referencias/Base_Legal","DUPLICADO","Portaria PGJ 870.2025 - Equipe de Planejamento.md",".md","_DUPLICADOS_para_arquivar\Portaria PGJ 870.2025 - Equipe de Planejamento.md","Já existe na mestra: mestra\01_Normativos_Vigentes\03_MPPI\Portarias\Portaria PGJ 0870.2025 - Equipe de Planejamento.md","11386","E:\Thiago\Dev\PCA_Multiexercicio_Referencias\Base Legal CLC - Atualizada Maio.2026\Normativos MPPI\Portarias\Portaria PGJ 870.2025 - Equipe de Planejamento.md"
"B-E/PCA_Referencias/Base_Legal","MOVER","Fluxogramas_Atualizados.pdf",".pdf","01_Normativos_Vigentes\06_TJPI\Outros_Normativos\Fluxogramas_Atualizados.pdf","","8037494","E:\Thiago\Dev\PCA_Multiexercicio_Referencias\Base Legal CLC - Atualizada Maio.2026\Normativos TJPI\Fluxogramas_Atualizados.pdf"
"B-E/PCA_Referencias/Base_Legal","MOVER","MANUAL Lic -TJ-PI-2023-2024.pdf",".pdf","01_Normativos_Vigentes\06_TJPI\Manuais_e_Guias_Tecnicos\MANUAL Lic -TJ-PI-2023-2024.pdf","","5846331","E:\Thiago\Dev\PCA_Multiexercicio_Referencias\Base Legal CLC - Atualizada Maio.2026\Normativos TJPI\MANUAL Lic -TJ-PI-2023-2024.pdf"
"B-E/PCA_Referencias/Base_Legal","MOVER","Portaria_n_2899_2023-dispensa_licitacao.pdf",".pdf","01_Normativos_Vigentes\06_TJPI\Portarias\Portaria_n_2899_2023-dispensa_licitacao.pdf","","46643","E:\Thiago\Dev\PCA_Multiexercicio_Referencias\Base Legal CLC - Atualizada Maio.2026\Normativos TJPI\Portaria_n_2899_2023-dispensa_licitacao.pdf"
"B-E/PCA_Referencias/Base_Legal","MOVER","SEI_TJPI - 6640734 - Provimento 13.2025 - Regulamenta Obras, serviços, compras e alienações n.pdf",".pdf","01_Normativos_Vigentes\06_TJPI\Outros_Normativos\SEI_TJPI - 6640734 - Provimento 13.2025 - Regulamenta Obras, serviços, compras e alienações n.pdf","","1733380","E:\Thiago\Dev\PCA_Multiexercicio_Referencias\Base Legal CLC - Atualizada Maio.2026\Normativos TJPI\SEI_TJPI - 6640734 - Provimento 13.2025 - Regulamenta Obras, serviços, compras e alienações n.pdf"
"B-E/PCA_Referencias/Base_Legal","MOVER","SEI_TJPI - 7071569 - Justificativa (Parecer Agente).pdf",".pdf","01_Normativos_Vigentes\06_TJPI\Acordaos_Pareceres_Orientacoes\SEI_TJPI - 7071569 - Justificativa (Parecer Agente).pdf","","408311","E:\Thiago\Dev\PCA_Multiexercicio_Referencias\Base Legal CLC - Atualizada Maio.2026\Normativos TJPI\SEI_TJPI - 7071569 - Justificativa (Parecer Agente).pdf"
"B-E/PCA_Referencias/Base_Legal","MOVER","SEI_TJPI - 7097234 - Análise de Primeira Linha da SLC.pdf",".pdf","01_Normativos_Vigentes\06_TJPI\Outros_Normativos\SEI_TJPI - 7097234 - Análise de Primeira Linha da SLC.pdf","","602623","E:\Thiago\Dev\PCA_Multiexercicio_Referencias\Base Legal CLC - Atualizada Maio.2026\Normativos TJPI\SEI_TJPI - 7097234 - Análise de Primeira Linha da SLC.pdf"
"B-E/PCA_Referencias/Base_Legal","MOVER","SEI_TJPI - 7123034 - Lista de Verificação SGC.pdf",".pdf","01_Normativos_Vigentes\06_TJPI\Outros_Normativos\SEI_TJPI - 7123034 - Lista de Verificação SGC.pdf","","173170","E:\Thiago\Dev\PCA_Multiexercicio_Referencias\Base Legal CLC - Atualizada Maio.2026\Normativos TJPI\SEI_TJPI - 7123034 - Lista de Verificação SGC.pdf"
"B-E/PCA_Referencias/Base_Legal","MOVER","SEI_TJPI - 7134934 - Lista de Verificação (SLC).pdf",".pdf","01_Normativos_Vigentes\06_TJPI\Outros_Normativos\SEI_TJPI - 7134934 - Lista de Verificação (SLC).pdf","","188260","E:\Thiago\Dev\PCA_Multiexercicio_Referencias\Base Legal CLC - Atualizada Maio.2026\Normativos TJPI\SEI_TJPI - 7134934 - Lista de Verificação (SLC).pdf"
"B-E/PCA_Referencias/Base_Legal","MOVER","SEI_TJPI - 7176291 - Aviso Dispensa Licitação.pdf",".pdf","01_Normativos_Vigentes\06_TJPI\Outros_Normativos\SEI_TJPI - 7176291 - Aviso Dispensa Licitação.pdf","","155148","E:\Thiago\Dev\PCA_Multiexercicio_Referencias\Base Legal CLC - Atualizada Maio.2026\Normativos TJPI\SEI_TJPI - 7176291 - Aviso Dispensa Licitação.pdf"
"B-E/PCA_Referencias/Base_Legal","DUPLICADO","A função da pesquisa de preços no ETP e no TR.pdf",".pdf","_DUPLICADOS_para_arquivar\A função da pesquisa de preços no ETP e no TR.pdf","Já existe na mestra: mestra\05_Doutrina_e_Biblioteca\Infograficos_Zenite\A função da pesquisa de preços no ETP e no TR.pdf","195655","E:\Thiago\Dev\PCA_Multiexercicio_Referencias\Base Legal CLC - Atualizada Maio.2026\_ARQUIVAR\Manuais, cadernos, cursos e outros\Infográficos Zênite\A função da pesquisa de preços no ETP e no TR.pdf"
"B-E/PCA_Referencias/Base_Legal","DUPLICADO","Controle interno – Planejamento – Análise dos processos.pdf",".pdf","_DUPLICADOS_para_arquivar\Controle interno – Planejamento – Análise dos processos.pdf","Já existe na mestra: mestra\05_Doutrina_e_Biblioteca\Infograficos_Zenite\Controle interno – Planejamento – Análise dos processos.pdf","655556","E:\Thiago\Dev\PCA_Multiexercicio_Referencias\Base Legal CLC - Atualizada Maio.2026\_ARQUIVAR\Manuais, cadernos, cursos e outros\Infográficos Zênite\Controle interno – Planejamento – Análise dos processos.pdf"
"B-E/PCA_Referencias/Base_Legal","DUPLICADO","E-possivel-fazer-dispensa-de-licitacao-sem-disputa_.pdf",".pdf","_DUPLICADOS_para_arquivar\E-possivel-fazer-dispensa-de-licitacao-sem-disputa_.pdf","Já existe na mestra: mestra\05_Doutrina_e_Biblioteca\Infograficos_Zenite\E-possivel-fazer-dispensa-de-licitacao-sem-disputa_.pdf","164189","E:\Thiago\Dev\PCA_Multiexercicio_Referencias\Base Legal CLC - Atualizada Maio.2026\_ARQUIVAR\Manuais, cadernos, cursos e outros\Infográficos Zênite\E-possivel-fazer-dispensa-de-licitacao-sem-disputa_.pdf"
"B-E/PCA_Referencias/Base_Legal","DUPLICADO","Planejamento – Análise de riscos – Termo de referência – Estudo técnico preliminar – Conteúdo.pdf",".pdf","_DUPLICADOS_para_arquivar\Planejamento – Análise de riscos – Termo de referência – Estudo técnico preliminar – Conteúdo.pdf","Já existe na mestra: mestra\05_Doutrina_e_Biblioteca\Infograficos_Zenite\Planejamento – Análise de riscos – Termo de referência – Estudo técnico preliminar – Conteúdo.pdf","342862","E:\Thiago\Dev\PCA_Multiexercicio_Referencias\Base Legal CLC - Atualizada Maio.2026\_ARQUIVAR\Manuais, cadernos, cursos e outros\Infográficos Zênite\Planejamento – Análise de riscos – Termo de referência – Estudo técnico preliminar – Conteúdo.pdf"
"B-E/PCA_Referencias/Base_Legal","DUPLICADO","Planejamento – Compra-fornecimento – Indicação ou vedação de marca – Cabimento.pdf",".pdf","_DUPLICADOS_para_arquivar\Planejamento – Compra-fornecimento – Indicação ou vedação de marca – Cabimento.pdf","Já existe na mestra: mestra\05_Doutrina_e_Biblioteca\Infograficos_Zenite\Planejamento – Compra-fornecimento – Indicação ou vedação de marca – Cabimento.pdf","224319","E:\Thiago\Dev\PCA_Multiexercicio_Referencias\Base Legal CLC - Atualizada Maio.2026\_ARQUIVAR\Manuais, cadernos, cursos e outros\Infográficos Zênite\Planejamento – Compra-fornecimento – Indicação ou vedação de marca – Cabimento.pdf"
"B-E/PCA_Referencias/Base_Legal","DUPLICADO","Planejamento – Conteúdo.pdf",".pdf","_DUPLICADOS_para_arquivar\Planejamento – Conteúdo.pdf","Já existe na mestra: mestra\05_Doutrina_e_Biblioteca\Infograficos_Zenite\Planejamento – Conteúdo.pdf","210792","E:\Thiago\Dev\PCA_Multiexercicio_Referencias\Base Legal CLC - Atualizada Maio.2026\_ARQUIVAR\Manuais, cadernos, cursos e outros\Infográficos Zênite\Planejamento – Conteúdo.pdf"
"B-E/PCA_Referencias/Base_Legal","DUPLICADO","Planejamento – Definição da necessidade – Cautelas.pdf",".pdf","_DUPLICADOS_para_arquivar\Planejamento – Definição da necessidade – Cautelas.pdf","Já existe na mestra: mestra\05_Doutrina_e_Biblioteca\Infograficos_Zenite\Planejamento – Definição da necessidade – Cautelas.pdf","206535","E:\Thiago\Dev\PCA_Multiexercicio_Referencias\Base Legal CLC - Atualizada Maio.2026\_ARQUIVAR\Manuais, cadernos, cursos e outros\Infográficos Zênite\Planejamento – Definição da necessidade – Cautelas.pdf"
"B-E/PCA_Referencias/Base_Legal","DUPLICADO","Planejamento – Definição da necessidade – Pontos a serem observados.pdf",".pdf","_DUPLICADOS_para_arquivar\Planejamento – Definição da necessidade – Pontos a serem observados.pdf","Já existe na mestra: mestra\05_Doutrina_e_Biblioteca\Infograficos_Zenite\Planejamento – Definição da necessidade – Pontos a serem observados.pdf","199548","E:\Thiago\Dev\PCA_Multiexercicio_Referencias\Base Legal CLC - Atualizada Maio.2026\_ARQUIVAR\Manuais, cadernos, cursos e outros\Infográficos Zênite\Planejamento – Definição da necessidade – Pontos a serem observados.pdf"
"B-E/PCA_Referencias/Base_Legal","DUPLICADO","Planejamento – Documento de formalização da demanda (DFD-DOF) – IN nº 05-2017.pdf",".pdf","_DUPLICADOS_para_arquivar\Planejamento – Documento de formalização da demanda (DFD-DOF) – IN nº 05-2017.pdf","Já existe na mestra: mestra\05_Doutrina_e_Biblioteca\Infograficos_Zenite\Planejamento – Documento de formalização da demanda (DFD-DOF) – IN nº 05-2017.pdf","238800","E:\Thiago\Dev\PCA_Multiexercicio_Referencias\Base Legal CLC - Atualizada Maio.2026\_ARQUIVAR\Manuais, cadernos, cursos e outros\Infográficos Zênite\Planejamento – Documento de formalização da demanda (DFD-DOF) – IN nº 05-2017.pdf"
"B-E/PCA_Referencias/Base_Legal","DUPLICADO","Planejamento – Documentos que devem ser apreciados pela assessoria jurídica.pdf",".pdf","_DUPLICADOS_para_arquivar\Planejamento – Documentos que devem ser apreciados pela assessoria jurídica.pdf","Já existe na mestra: mestra\05_Doutrina_e_Biblioteca\Infograficos_Zenite\Planejamento – Documentos que devem ser apreciados pela assessoria jurídica.pdf","574741","E:\Thiago\Dev\PCA_Multiexercicio_Referencias\Base Legal CLC - Atualizada Maio.2026\_ARQUIVAR\Manuais, cadernos, cursos e outros\Infográficos Zênite\Planejamento – Documentos que devem ser apreciados pela assessoria jurídica.pdf"
"B-E/PCA_Referencias/Base_Legal","DUPLICADO","Planejamento – Empreitada integral e contratação integrada – Regimes de execução.pdf",".pdf","_DUPLICADOS_para_arquivar\Planejamento – Empreitada integral e contratação integrada – Regimes de execução.pdf","Já existe na mestra: mestra\05_Doutrina_e_Biblioteca\Infograficos_Zenite\Planejamento – Empreitada integral e contratação integrada – Regimes de execução.pdf","389575","E:\Thiago\Dev\PCA_Multiexercicio_Referencias\Base Legal CLC - Atualizada Maio.2026\_ARQUIVAR\Manuais, cadernos, cursos e outros\Infográficos Zênite\Planejamento – Empreitada integral e contratação integrada – Regimes de execução.pdf"
"B-E/PCA_Referencias/Base_Legal","DUPLICADO","Planejamento – Equipe – Competências necessárias.pdf",".pdf","_DUPLICADOS_para_arquivar\Planejamento – Equipe – Competências necessárias.pdf","Já existe na mestra: mestra\05_Doutrina_e_Biblioteca\Infograficos_Zenite\Planejamento – Equipe – Competências necessárias.pdf","180071","E:\Thiago\Dev\PCA_Multiexercicio_Referencias\Base Legal CLC - Atualizada Maio.2026\_ARQUIVAR\Manuais, cadernos, cursos e outros\Infográficos Zênite\Planejamento – Equipe – Competências necessárias.pdf"
"B-E/PCA_Referencias/Base_Legal","DUPLICADO","Planejamento – Equipe – Responsabilidades.pdf",".pdf","_DUPLICADOS_para_arquivar\Planejamento – Equipe – Responsabilidades.pdf","Já existe na mestra: mestra\05_Doutrina_e_Biblioteca\Infograficos_Zenite\Planejamento – Equipe – Responsabilidades.pdf","222180","E:\Thiago\Dev\PCA_Multiexercicio_Referencias\Base Legal CLC - Atualizada Maio.2026\_ARQUIVAR\Manuais, cadernos, cursos e outros\Infográficos Zênite\Planejamento – Equipe – Responsabilidades.pdf"
"B-E/PCA_Referencias/Base_Legal","DUPLICADO","Planejamento – Estudo técnico preliminar (ETP) – Conteúdo.pdf",".pdf","_DUPLICADOS_para_arquivar\Planejamento – Estudo técnico preliminar (ETP) – Conteúdo.pdf","Já existe na mestra: mestra\05_Doutrina_e_Biblioteca\Infograficos_Zenite\Planejamento – Estudo técnico preliminar (ETP) – Conteúdo.pdf","451506","E:\Thiago\Dev\PCA_Multiexercicio_Referencias\Base Legal CLC - Atualizada Maio.2026\_ARQUIVAR\Manuais, cadernos, cursos e outros\Infográficos Zênite\Planejamento – Estudo técnico preliminar (ETP) – Conteúdo.pdf"
"B-E/PCA_Referencias/Base_Legal","DUPLICADO","Planejamento – Estudo técnico preliminar (ETP) – Elaboração – Momento.pdf",".pdf","_DUPLICADOS_para_arquivar\Planejamento – Estudo técnico preliminar (ETP) – Elaboração – Momento.pdf","Já existe na mestra: mestra\05_Doutrina_e_Biblioteca\Infograficos_Zenite\Planejamento – Estudo técnico preliminar (ETP) – Elaboração – Momento.pdf","211102","E:\Thiago\Dev\PCA_Multiexercicio_Referencias\Base Legal CLC - Atualizada Maio.2026\_ARQUIVAR\Manuais, cadernos, cursos e outros\Infográficos Zênite\Planejamento – Estudo técnico preliminar (ETP) – Elaboração – Momento.pdf"
"B-E/PCA_Referencias/Base_Legal","DUPLICADO","Planejamento – Estudo técnico preliminar – Conteúdo.pdf",".pdf","_DUPLICADOS_para_arquivar\Planejamento – Estudo técnico preliminar – Conteúdo.pdf","Já existe na mestra: mestra\05_Doutrina_e_Biblioteca\Infograficos_Zenite\Planejamento – Estudo técnico preliminar – Conteúdo.pdf","228640","E:\Thiago\Dev\PCA_Multiexercicio_Referencias\Base Legal CLC - Atualizada Maio.2026\_ARQUIVAR\Manuais, cadernos, cursos e outros\Infográficos Zênite\Planejamento – Estudo técnico preliminar – Conteúdo.pdf"
"B-E/PCA_Referencias/Base_Legal","DUPLICADO","Planejamento – Fase preparatória – Documentos – Finalidades.pdf",".pdf","_DUPLICADOS_para_arquivar\Planejamento – Fase preparatória – Documentos – Finalidades.pdf","Já existe na mestra: mestra\05_Doutrina_e_Biblioteca\Infograficos_Zenite\Planejamento – Fase preparatória – Documentos – Finalidades.pdf","344112","E:\Thiago\Dev\PCA_Multiexercicio_Referencias\Base Legal CLC - Atualizada Maio.2026\_ARQUIVAR\Manuais, cadernos, cursos e outros\Infográficos Zênite\Planejamento – Fase preparatória – Documentos – Finalidades.pdf"
"B-E/PCA_Referencias/Base_Legal","DUPLICADO","Planejamento – Fase preparatória – Estudo técnico preliminar (ETP) – Perguntas que esse documento precisa responder.pdf",".pdf","_DUPLICADOS_para_arquivar\Planejamento – Fase preparatória – Estudo técnico preliminar (ETP) – Perguntas que esse documento precisa responder.pdf","Já existe na mestra: mestra\05_Doutrina_e_Biblioteca\Infograficos_Zenite\Planejamento – Fase preparatória – Estudo técnico preliminar (ETP) – Perguntas que esse documento precisa responder.pdf","226307","E:\Thiago\Dev\PCA_Multiexercicio_Referencias\Base Legal CLC - Atualizada Maio.2026\_ARQUIVAR\Manuais, cadernos, cursos e outros\Infográficos Zênite\Planejamento – Fase preparatória – Estudo técnico preliminar (ETP) – Perguntas que esse documento precisa responder.pdf"
"B-E/PCA_Referencias/Base_Legal","DUPLICADO","Planejamento – Fase preparatória – IN CGU-MP Nº 01-2016 – Risco e gerenciamento de riscos – Distinção.pdf",".pdf","_DUPLICADOS_para_arquivar\Planejamento – Fase preparatória – IN CGU-MP Nº 01-2016 – Risco e gerenciamento de riscos – Distinção.pdf","Já existe na mestra: mestra\05_Doutrina_e_Biblioteca\Infograficos_Zenite\Planejamento – Fase preparatória – IN CGU-MP Nº 01-2016 – Risco e gerenciamento de riscos – Distinção.pdf","224519","E:\Thiago\Dev\PCA_Multiexercicio_Referencias\Base Legal CLC - Atualizada Maio.2026\_ARQUIVAR\Manuais, cadernos, cursos e outros\Infográficos Zênite\Planejamento – Fase preparatória – IN CGU-MP Nº 01-2016 – Risco e gerenciamento de riscos – Distinção.pdf"
"B-E/PCA_Referencias/Base_Legal","DUPLICADO","Planejamento – Fase preparatória – Ocorrências.pdf",".pdf","_DUPLICADOS_para_arquivar\Planejamento – Fase preparatória – Ocorrências.pdf","Já existe na mestra: mestra\05_Doutrina_e_Biblioteca\Infograficos_Zenite\Planejamento – Fase preparatória – Ocorrências.pdf","260703","E:\Thiago\Dev\PCA_Multiexercicio_Referencias\Base Legal CLC - Atualizada Maio.2026\_ARQUIVAR\Manuais, cadernos, cursos e outros\Infográficos Zênite\Planejamento – Fase preparatória – Ocorrências.pdf"
"B-E/PCA_Referencias/Base_Legal","DUPLICADO","Planejamento – Finalidade.pdf",".pdf","_DUPLICADOS_para_arquivar\Planejamento – Finalidade.pdf","Já existe na mestra: mestra\05_Doutrina_e_Biblioteca\Infograficos_Zenite\Planejamento – Finalidade.pdf","146023","E:\Thiago\Dev\PCA_Multiexercicio_Referencias\Base Legal CLC - Atualizada Maio.2026\_ARQUIVAR\Manuais, cadernos, cursos e outros\Infográficos Zênite\Planejamento – Finalidade.pdf"
"B-E/PCA_Referencias/Base_Legal","DUPLICADO","Planejamento – Gerenciamento de riscos – Alocação.pdf",".pdf","_DUPLICADOS_para_arquivar\Planejamento – Gerenciamento de riscos – Alocação.pdf","Já existe na mestra: mestra\05_Doutrina_e_Biblioteca\Infograficos_Zenite\Planejamento – Gerenciamento de riscos – Alocação.pdf","414122","E:\Thiago\Dev\PCA_Multiexercicio_Referencias\Base Legal CLC - Atualizada Maio.2026\_ARQUIVAR\Manuais, cadernos, cursos e outros\Infográficos Zênite\Planejamento – Gerenciamento de riscos – Alocação.pdf"
"B-E/PCA_Referencias/Base_Legal","DUPLICADO","Planejamento – Governança das contratações.pdf",".pdf","_DUPLICADOS_para_arquivar\Planejamento – Governança das contratações.pdf","Já existe na mestra: mestra\05_Doutrina_e_Biblioteca\Infograficos_Zenite\Planejamento – Governança das contratações.pdf","294244","E:\Thiago\Dev\PCA_Multiexercicio_Referencias\Base Legal CLC - Atualizada Maio.2026\_ARQUIVAR\Manuais, cadernos, cursos e outros\Infográficos Zênite\Planejamento – Governança das contratações.pdf"
"B-E/PCA_Referencias/Base_Legal","DUPLICADO","Planejamento – Identificação dos principais riscos.pdf",".pdf","_DUPLICADOS_para_arquivar\Planejamento – Identificação dos principais riscos.pdf","Já existe na mestra: mestra\05_Doutrina_e_Biblioteca\Infograficos_Zenite\Planejamento – Identificação dos principais riscos.pdf","218923","E:\Thiago\Dev\PCA_Multiexercicio_Referencias\Base Legal CLC - Atualizada Maio.2026\_ARQUIVAR\Manuais, cadernos, cursos e outros\Infográficos Zênite\Planejamento – Identificação dos principais riscos.pdf"
"B-E/PCA_Referencias/Base_Legal","DUPLICADO","Planejamento – Impacto e probabilidade de cada risco – tratamento de riscos.pdf",".pdf","_DUPLICADOS_para_arquivar\Planejamento – Impacto e probabilidade de cada risco – tratamento de riscos.pdf","Já existe na mestra: mestra\05_Doutrina_e_Biblioteca\Infograficos_Zenite\Planejamento – Impacto e probabilidade de cada risco – tratamento de riscos.pdf","190090","E:\Thiago\Dev\PCA_Multiexercicio_Referencias\Base Legal CLC - Atualizada Maio.2026\_ARQUIVAR\Manuais, cadernos, cursos e outros\Infográficos Zênite\Planejamento – Impacto e probabilidade de cada risco – tratamento de riscos.pdf"
"B-E/PCA_Referencias/Base_Legal","DUPLICADO","Planejamento – Imprevisibilidade da demanda – SRP ou contrato estimativo.pdf",".pdf","_DUPLICADOS_para_arquivar\Planejamento – Imprevisibilidade da demanda – SRP ou contrato estimativo.pdf","Já existe na mestra: mestra\05_Doutrina_e_Biblioteca\Infograficos_Zenite\Planejamento – Imprevisibilidade da demanda – SRP ou contrato estimativo.pdf","356254","E:\Thiago\Dev\PCA_Multiexercicio_Referencias\Base Legal CLC - Atualizada Maio.2026\_ARQUIVAR\Manuais, cadernos, cursos e outros\Infográficos Zênite\Planejamento – Imprevisibilidade da demanda – SRP ou contrato estimativo.pdf"
"B-E/PCA_Referencias/Base_Legal","DUPLICADO","Planejamento – Leis nº 8.666-1993 – Lei nº 10.520-2002 – Lei nº 14.133-2022 – Período de convivência.pdf",".pdf","_DUPLICADOS_para_arquivar\Planejamento – Leis nº 8.666-1993 – Lei nº 10.520-2002 – Lei nº 14.133-2022 – Período de convivência.pdf","Já existe na mestra: mestra\05_Doutrina_e_Biblioteca\Infograficos_Zenite\Planejamento – Leis nº 8.666-1993 – Lei nº 10.520-2002 – Lei nº 14.133-2022 – Período de convivência.pdf","227509","E:\Thiago\Dev\PCA_Multiexercicio_Referencias\Base Legal CLC - Atualizada Maio.2026\_ARQUIVAR\Manuais, cadernos, cursos e outros\Infográficos Zênite\Planejamento – Leis nº 8.666-1993 – Lei nº 10.520-2002 – Lei nº 14.133-2022 – Período de convivência.pdf"
"B-E/PCA_Referencias/Base_Legal","DUPLICADO","Planejamento – Matriz de alocação de isco – Elaboração.pdf",".pdf","_DUPLICADOS_para_arquivar\Planejamento – Matriz de alocação de isco – Elaboração.pdf","Já existe na mestra: mestra\05_Doutrina_e_Biblioteca\Infograficos_Zenite\Planejamento – Matriz de alocação de isco – Elaboração.pdf","253868","E:\Thiago\Dev\PCA_Multiexercicio_Referencias\Base Legal CLC - Atualizada Maio.2026\_ARQUIVAR\Manuais, cadernos, cursos e outros\Infográficos Zênite\Planejamento – Matriz de alocação de isco – Elaboração.pdf"
"B-E/PCA_Referencias/Base_Legal","DUPLICADO","Planejamento – Objeto – Definição – Cautelas para controlar o excesso.pdf",".pdf","_DUPLICADOS_para_arquivar\Planejamento – Objeto – Definição – Cautelas para controlar o excesso.pdf","Já existe na mestra: mestra\05_Doutrina_e_Biblioteca\Infograficos_Zenite\Planejamento – Objeto – Definição – Cautelas para controlar o excesso.pdf","216750","E:\Thiago\Dev\PCA_Multiexercicio_Referencias\Base Legal CLC - Atualizada Maio.2026\_ARQUIVAR\Manuais, cadernos, cursos e outros\Infográficos Zênite\Planejamento – Objeto – Definição – Cautelas para controlar o excesso.pdf"
"B-E/PCA_Referencias/Base_Legal","DUPLICADO","Planejamento – Pesquisa de preços – Fontes – Prazos – Metodologia.pdf",".pdf","_DUPLICADOS_para_arquivar\Planejamento – Pesquisa de preços – Fontes – Prazos – Metodologia.pdf","Já existe na mestra: mestra\05_Doutrina_e_Biblioteca\Infograficos_Zenite\Planejamento – Pesquisa de preços – Fontes – Prazos – Metodologia.pdf","315250","E:\Thiago\Dev\PCA_Multiexercicio_Referencias\Base Legal CLC - Atualizada Maio.2026\_ARQUIVAR\Manuais, cadernos, cursos e outros\Infográficos Zênite\Planejamento – Pesquisa de preços – Fontes – Prazos – Metodologia.pdf"
"B-E/PCA_Referencias/Base_Legal","DUPLICADO","Planejamento – Pesquisa de preços – IN nº 65-2021 – Prazos.pdf",".pdf","_DUPLICADOS_para_arquivar\Planejamento – Pesquisa de preços – IN nº 65-2021 – Prazos.pdf","Já existe na mestra: mestra\05_Doutrina_e_Biblioteca\Infograficos_Zenite\Planejamento – Pesquisa de preços – IN nº 65-2021 – Prazos.pdf","151887","E:\Thiago\Dev\PCA_Multiexercicio_Referencias\Base Legal CLC - Atualizada Maio.2026\_ARQUIVAR\Manuais, cadernos, cursos e outros\Infográficos Zênite\Planejamento – Pesquisa de preços – IN nº 65-2021 – Prazos.pdf"
"B-E/PCA_Referencias/Base_Legal","DUPLICADO","Planejamento – Pesquisa de preços – IN SEGES-ME nº 62-2021 – Cautelas na pesquisa com fornecedores.pdf",".pdf","_DUPLICADOS_para_arquivar\Planejamento – Pesquisa de preços – IN SEGES-ME nº 62-2021 – Cautelas na pesquisa com fornecedores.pdf","Já existe na mestra: mestra\05_Doutrina_e_Biblioteca\Infograficos_Zenite\Planejamento – Pesquisa de preços – IN SEGES-ME nº 62-2021 – Cautelas na pesquisa com fornecedores.pdf","511960","E:\Thiago\Dev\PCA_Multiexercicio_Referencias\Base Legal CLC - Atualizada Maio.2026\_ARQUIVAR\Manuais, cadernos, cursos e outros\Infográficos Zênite\Planejamento – Pesquisa de preços – IN SEGES-ME nº 62-2021 – Cautelas na pesquisa com fornecedores.pdf"
"B-E/PCA_Referencias/Base_Legal","DUPLICADO","Planejamento – Pesquisa de preços – IN SEGES-ME nº 62-2021 – Metodologia.pdf",".pdf","_DUPLICADOS_para_arquivar\Planejamento – Pesquisa de preços – IN SEGES-ME nº 62-2021 – Metodologia.pdf","Já existe na mestra: mestra\05_Doutrina_e_Biblioteca\Infograficos_Zenite\Planejamento – Pesquisa de preços – IN SEGES-ME nº 62-2021 – Metodologia.pdf","236518","E:\Thiago\Dev\PCA_Multiexercicio_Referencias\Base Legal CLC - Atualizada Maio.2026\_ARQUIVAR\Manuais, cadernos, cursos e outros\Infográficos Zênite\Planejamento – Pesquisa de preços – IN SEGES-ME nº 62-2021 – Metodologia.pdf"
"B-E/PCA_Referencias/Base_Legal","DUPLICADO","Planejamento – Plano de contratação anual (PCA) – Decreto nº 10.947-2022 – Elaboração.pdf",".pdf","_DUPLICADOS_para_arquivar\Planejamento – Plano de contratação anual (PCA) – Decreto nº 10.947-2022 – Elaboração.pdf","Já existe na mestra: mestra\05_Doutrina_e_Biblioteca\Infograficos_Zenite\Planejamento – Plano de contratação anual (PCA) – Decreto nº 10.947-2022 – Elaboração.pdf","210446","E:\Thiago\Dev\PCA_Multiexercicio_Referencias\Base Legal CLC - Atualizada Maio.2026\_ARQUIVAR\Manuais, cadernos, cursos e outros\Infográficos Zênite\Planejamento – Plano de contratação anual (PCA) – Decreto nº 10.947-2022 – Elaboração.pdf"
"B-E/PCA_Referencias/Base_Legal","DUPLICADO","Planejamento – Plano de Logística Sustentável (PLS).pdf",".pdf","_DUPLICADOS_para_arquivar\Planejamento – Plano de Logística Sustentável (PLS).pdf","Já existe na mestra: mestra\05_Doutrina_e_Biblioteca\Infograficos_Zenite\Planejamento – Plano de Logística Sustentável (PLS).pdf","262707","E:\Thiago\Dev\PCA_Multiexercicio_Referencias\Base Legal CLC - Atualizada Maio.2026\_ARQUIVAR\Manuais, cadernos, cursos e outros\Infográficos Zênite\Planejamento – Plano de Logística Sustentável (PLS).pdf"
"B-E/PCA_Referencias/Base_Legal","DUPLICADO","Planejamento – Preços – Definição – Valores excessivos, exequíveis e inexequíveis.pdf",".pdf","_DUPLICADOS_para_arquivar\Planejamento – Preços – Definição – Valores excessivos, exequíveis e inexequíveis.pdf","Já existe na mestra: mestra\05_Doutrina_e_Biblioteca\Infograficos_Zenite\Planejamento – Preços – Definição – Valores excessivos, exequíveis e inexequíveis.pdf","180784","E:\Thiago\Dev\PCA_Multiexercicio_Referencias\Base Legal CLC - Atualizada Maio.2026\_ARQUIVAR\Manuais, cadernos, cursos e outros\Infográficos Zênite\Planejamento – Preços – Definição – Valores excessivos, exequíveis e inexequíveis.pdf"
"B-E/PCA_Referencias/Base_Legal","DUPLICADO","Planejamento – Sistema de registro de preços – Contrato estimativo.pdf",".pdf","_DUPLICADOS_para_arquivar\Planejamento – Sistema de registro de preços – Contrato estimativo.pdf","Já existe na mestra: mestra\05_Doutrina_e_Biblioteca\Infograficos_Zenite\Planejamento – Sistema de registro de preços – Contrato estimativo.pdf","236271","E:\Thiago\Dev\PCA_Multiexercicio_Referencias\Base Legal CLC - Atualizada Maio.2026\_ARQUIVAR\Manuais, cadernos, cursos e outros\Infográficos Zênite\Planejamento – Sistema de registro de preços – Contrato estimativo.pdf"
"B-E/PCA_Referencias/Base_Legal","DUPLICADO","Planejamento – Terceirização – Critérios para escolha.pdf",".pdf","_DUPLICADOS_para_arquivar\Planejamento – Terceirização – Critérios para escolha.pdf","Já existe na mestra: mestra\05_Doutrina_e_Biblioteca\Infograficos_Zenite\Planejamento – Terceirização – Critérios para escolha.pdf","270452","E:\Thiago\Dev\PCA_Multiexercicio_Referencias\Base Legal CLC - Atualizada Maio.2026\_ARQUIVAR\Manuais, cadernos, cursos e outros\Infográficos Zênite\Planejamento – Terceirização – Critérios para escolha.pdf"
"B-E/PCA_Referencias/Base_Legal","DUPLICADO","Planejamento – Terceirização – Elaboração de planilhas – Finalidade.pdf",".pdf","_DUPLICADOS_para_arquivar\Planejamento – Terceirização – Elaboração de planilhas – Finalidade.pdf","Já existe na mestra: mestra\05_Doutrina_e_Biblioteca\Infograficos_Zenite\Planejamento – Terceirização – Elaboração de planilhas – Finalidade.pdf","292162","E:\Thiago\Dev\PCA_Multiexercicio_Referencias\Base Legal CLC - Atualizada Maio.2026\_ARQUIVAR\Manuais, cadernos, cursos e outros\Infográficos Zênite\Planejamento – Terceirização – Elaboração de planilhas – Finalidade.pdf"
"B-E/PCA_Referencias/Base_Legal","DUPLICADO","Planejamento – Termo de referência – Conteúdo.pdf",".pdf","_DUPLICADOS_para_arquivar\Planejamento – Termo de referência – Conteúdo.pdf","Já existe na mestra: mestra\05_Doutrina_e_Biblioteca\Infograficos_Zenite\Planejamento – Termo de referência – Conteúdo.pdf","229463","E:\Thiago\Dev\PCA_Multiexercicio_Referencias\Base Legal CLC - Atualizada Maio.2026\_ARQUIVAR\Manuais, cadernos, cursos e outros\Infográficos Zênite\Planejamento – Termo de referência – Conteúdo.pdf"
"B-E/PCA_Referencias/Base_Legal","DUPLICADO","Planejamento – Uso da Inteligência artificial – Benefícios.pdf",".pdf","_DUPLICADOS_para_arquivar\Planejamento – Uso da Inteligência artificial – Benefícios.pdf","Já existe na mestra: mestra\05_Doutrina_e_Biblioteca\Infograficos_Zenite\Planejamento – Uso da Inteligência artificial – Benefícios.pdf","180555","E:\Thiago\Dev\PCA_Multiexercicio_Referencias\Base Legal CLC - Atualizada Maio.2026\_ARQUIVAR\Manuais, cadernos, cursos e outros\Infográficos Zênite\Planejamento – Uso da Inteligência artificial – Benefícios.pdf"
"B-E/PCA_Referencias/Base_Legal","DUPLICADO","Sistema de registro de preços – Características do procedimento.pdf",".pdf","_DUPLICADOS_para_arquivar\Sistema de registro de preços – Características do procedimento.pdf","Já existe na mestra: mestra\05_Doutrina_e_Biblioteca\Infograficos_Zenite\Sistema de registro de preços – Características do procedimento.pdf","194180","E:\Thiago\Dev\PCA_Multiexercicio_Referencias\Base Legal CLC - Atualizada Maio.2026\_ARQUIVAR\Manuais, cadernos, cursos e outros\Infográficos Zênite\Sistema de registro de preços – Características do procedimento.pdf"
"B-E/PCA_Referencias/Base_Legal","DUPLICADO","Terceirização – Edital – Definição de CCT a ser seguida – Vedação.pdf",".pdf","_DUPLICADOS_para_arquivar\Terceirização – Edital – Definição de CCT a ser seguida – Vedação.pdf","Já existe na mestra: mestra\05_Doutrina_e_Biblioteca\Infograficos_Zenite\Terceirização – Edital – Definição de CCT a ser seguida – Vedação.pdf","131905","E:\Thiago\Dev\PCA_Multiexercicio_Referencias\Base Legal CLC - Atualizada Maio.2026\_ARQUIVAR\Manuais, cadernos, cursos e outros\Infográficos Zênite\Terceirização – Edital – Definição de CCT a ser seguida – Vedação.pdf"
"B-E/PCA_Referencias/Base_Legal","DUPLICADO","Terceirização – Planejamento – Julgamento – Execução do contrato.pdf",".pdf","_DUPLICADOS_para_arquivar\Terceirização – Planejamento – Julgamento – Execução do contrato.pdf","Já existe na mestra: mestra\05_Doutrina_e_Biblioteca\Infograficos_Zenite\Terceirização – Planejamento – Julgamento – Execução do contrato.pdf","173859","E:\Thiago\Dev\PCA_Multiexercicio_Referencias\Base Legal CLC - Atualizada Maio.2026\_ARQUIVAR\Manuais, cadernos, cursos e outros\Infográficos Zênite\Terceirização – Planejamento – Julgamento – Execução do contrato.pdf"
"B-E/PCA_Referencias/Base_Legal","DUPLICADO","Terceirização – Planejamento – Serviços com dedicação exclusiva de mão de obra – Requisitos.pdf",".pdf","_DUPLICADOS_para_arquivar\Terceirização – Planejamento – Serviços com dedicação exclusiva de mão de obra – Requisitos.pdf","Já existe na mestra: mestra\05_Doutrina_e_Biblioteca\Infograficos_Zenite\Terceirização – Planejamento – Serviços com dedicação exclusiva de mão de obra – Requisitos.pdf","216958","E:\Thiago\Dev\PCA_Multiexercicio_Referencias\Base Legal CLC - Atualizada Maio.2026\_ARQUIVAR\Manuais, cadernos, cursos e outros\Infográficos Zênite\Terceirização – Planejamento – Serviços com dedicação exclusiva de mão de obra – Requisitos.pdf"
"B-E/PCA_Referencias/Base_Legal","DUPLICADO","Terceirização – Processo de contratação – Planilhas da fase de planejamento e de julgamento.pdf",".pdf","_DUPLICADOS_para_arquivar\Terceirização – Processo de contratação – Planilhas da fase de planejamento e de julgamento.pdf","Já existe na mestra: mestra\05_Doutrina_e_Biblioteca\Infograficos_Zenite\Terceirização – Processo de contratação – Planilhas da fase de planejamento e de julgamento.pdf","299367","E:\Thiago\Dev\PCA_Multiexercicio_Referencias\Base Legal CLC - Atualizada Maio.2026\_ARQUIVAR\Manuais, cadernos, cursos e outros\Infográficos Zênite\Terceirização – Processo de contratação – Planilhas da fase de planejamento e de julgamento.pdf"
"B-E/PCA_Referencias/Base_Legal","MOVER","AGU – Parecer nº 00453-2024 – Renovação de quantitativos em caso de prorrogação da ata de registro de preços.pdf",".pdf","05_Doutrina_e_Biblioteca\Biblioteca_Manuais_e_Cursos\Manuais\AGU – Parecer nº 00453-2024 – Renovação de quantitativos em caso de prorrogação da ata de registro de preços.pdf","","171499","E:\Thiago\Dev\PCA_Multiexercicio_Referencias\Base Legal CLC - Atualizada Maio.2026\_ARQUIVAR\Manuais, cadernos, cursos e outros\Manuais\AGU – Parecer nº 00453-2024 – Renovação de quantitativos em caso de prorrogação da ata de registro de preços.pdf"
"B-E/PCA_Referencias/Base_Legal","MOVER","Apostila - CURSO DE CONTRATAÇÃO DIRETA E DISPENSA ELETRÔNICA COM IA - JAMIL - IINEX_ocred.pdf",".pdf","05_Doutrina_e_Biblioteca\Biblioteca_Manuais_e_Cursos\Manuais\Apostila - CURSO DE CONTRATAÇÃO DIRETA E DISPENSA ELETRÔNICA COM IA - JAMIL - IINEX_ocred.pdf","","46762761","E:\Thiago\Dev\PCA_Multiexercicio_Referencias\Base Legal CLC - Atualizada Maio.2026\_ARQUIVAR\Manuais, cadernos, cursos e outros\Manuais\Apostila - CURSO DE CONTRATAÇÃO DIRETA E DISPENSA ELETRÔNICA COM IA - JAMIL - IINEX_ocred.pdf"
"B-E/PCA_Referencias/Base_Legal","DUPLICADO","Apresentação - Contratação Direta - GOVSP.pdf",".pdf","_DUPLICADOS_para_arquivar\Apresentação - Contratação Direta - GOVSP.pdf","Já existe na mestra: mestra\05_Doutrina_e_Biblioteca\Biblioteca_Manuais_e_Cursos\Apresentação - Contratação Direta - GOVSP.pdf","3191762","E:\Thiago\Dev\PCA_Multiexercicio_Referencias\Base Legal CLC - Atualizada Maio.2026\_ARQUIVAR\Manuais, cadernos, cursos e outros\Manuais\Apresentação - Contratação Direta - GOVSP.pdf"
"B-E/PCA_Referencias/Base_Legal","DUPLICADO","Apresentação - Da Especificação do Objeto ao Orçamento Estimado.pdf",".pdf","_DUPLICADOS_para_arquivar\Apresentação - Da Especificação do Objeto ao Orçamento Estimado.pdf","Já existe na mestra: mestra\05_Doutrina_e_Biblioteca\Biblioteca_Manuais_e_Cursos\Apresentação - Da Especificação do Objeto ao Orçamento Estimado.pdf","3185721","E:\Thiago\Dev\PCA_Multiexercicio_Referencias\Base Legal CLC - Atualizada Maio.2026\_ARQUIVAR\Manuais, cadernos, cursos e outros\Manuais\Apresentação - Da Especificação do Objeto ao Orçamento Estimado.pdf"
"B-E/PCA_Referencias/Base_Legal","MOVER","Artigo - A existência de prop inferiores de outros profis impede a contratação por inex de not especialista.pdf",".pdf","05_Doutrina_e_Biblioteca\Biblioteca_Manuais_e_Cursos\Manuais\Artigo - A existência de prop inferiores de outros profis impede a contratação por inex de not especialista.pdf","","899923","E:\Thiago\Dev\PCA_Multiexercicio_Referencias\Base Legal CLC - Atualizada Maio.2026\_ARQUIVAR\Manuais, cadernos, cursos e outros\Manuais\Artigo - A existência de prop inferiores de outros profis impede a contratação por inex de not especialista.pdf"
"B-E/PCA_Referencias/Base_Legal","MOVER","Artigo - A fase recursal na nova Lei de Licitaçõesuma análise comparativa com as Leis n°8.66693, 10.5202002 e 12.462.pdf",".pdf","05_Doutrina_e_Biblioteca\Biblioteca_Manuais_e_Cursos\Manuais\Artigo - A fase recursal na nova Lei de Licitaçõesuma análise comparativa com as Leis n°8.66693, 10.5202002 e 12.462.pdf","","643429","E:\Thiago\Dev\PCA_Multiexercicio_Referencias\Base Legal CLC - Atualizada Maio.2026\_ARQUIVAR\Manuais, cadernos, cursos e outros\Manuais\Artigo - A fase recursal na nova Lei de Licitaçõesuma análise comparativa com as Leis n°8.66693, 10.5202002 e 12.462.pdf"
"B-E/PCA_Referencias/Base_Legal","MOVER","Artigo - A Pesquisa de Preços Concomitante à Seleção da Proposta na Dispensa Eletrônica..pdf",".pdf","05_Doutrina_e_Biblioteca\Biblioteca_Manuais_e_Cursos\Manuais\Artigo - A Pesquisa de Preços Concomitante à Seleção da Proposta na Dispensa Eletrônica..pdf","","186288","E:\Thiago\Dev\PCA_Multiexercicio_Referencias\Base Legal CLC - Atualizada Maio.2026\_ARQUIVAR\Manuais, cadernos, cursos e outros\Manuais\Artigo - A Pesquisa de Preços Concomitante à Seleção da Proposta na Dispensa Eletrônica..pdf"
"B-E/PCA_Referencias/Base_Legal","MOVER","Artigo - As Quatro Formatações da Dispensa por Valor nos Termos da NLLC e as Regulamentações Pertinentes.pdf",".pdf","05_Doutrina_e_Biblioteca\Biblioteca_Manuais_e_Cursos\Manuais\Artigo - As Quatro Formatações da Dispensa por Valor nos Termos da NLLC e as Regulamentações Pertinentes.pdf","","153963","E:\Thiago\Dev\PCA_Multiexercicio_Referencias\Base Legal CLC - Atualizada Maio.2026\_ARQUIVAR\Manuais, cadernos, cursos e outros\Manuais\Artigo - As Quatro Formatações da Dispensa por Valor nos Termos da NLLC e as Regulamentações Pertinentes.pdf"
"B-E/PCA_Referencias/Base_Legal","MOVER","Artigo - Como formalizar a prorrogação da vigência de uma ARP.pdf",".pdf","05_Doutrina_e_Biblioteca\Biblioteca_Manuais_e_Cursos\Manuais\Artigo - Como formalizar a prorrogação da vigência de uma ARP.pdf","","248434","E:\Thiago\Dev\PCA_Multiexercicio_Referencias\Base Legal CLC - Atualizada Maio.2026\_ARQUIVAR\Manuais, cadernos, cursos e outros\Manuais\Artigo - Como formalizar a prorrogação da vigência de uma ARP.pdf"
"B-E/PCA_Referencias/Base_Legal","DUPLICADO","Artigo - Como formalizar a prorrogação da vigência de uma ata de registro de preços, firmada no regime da Lei n 14..pdf",".pdf","_DUPLICADOS_para_arquivar\Artigo - Como formalizar a prorrogação da vigência de uma ata de registro de preços, firmada no regime da Lei n 14..pdf","Repetido em: E:\Thiago\Dev\PCA_Multiexercicio_Referencias\Base Legal CLC - Atualizada Maio.2026\_ARQUIVAR\Manuais, cadernos, cursos e outros\Manuais\Artigo - Como formalizar a prorrogação da vigência de uma ARP.pdf","248434","E:\Thiago\Dev\PCA_Multiexercicio_Referencias\Base Legal CLC - Atualizada Maio.2026\_ARQUIVAR\Manuais, cadernos, cursos e outros\Manuais\Artigo - Como formalizar a prorrogação da vigência de uma ata de registro de preços, firmada no regime da Lei n 14..pdf"
"B-E/PCA_Referencias/Base_Legal","MOVER","Artigo - Das Impugnações, dos Pedidos de Esclarecimento e dos Recursos nas Dispensas de Licitação.pdf",".pdf","05_Doutrina_e_Biblioteca\Biblioteca_Manuais_e_Cursos\Manuais\Artigo - Das Impugnações, dos Pedidos de Esclarecimento e dos Recursos nas Dispensas de Licitação.pdf","","382516","E:\Thiago\Dev\PCA_Multiexercicio_Referencias\Base Legal CLC - Atualizada Maio.2026\_ARQUIVAR\Manuais, cadernos, cursos e outros\Manuais\Artigo - Das Impugnações, dos Pedidos de Esclarecimento e dos Recursos nas Dispensas de Licitação.pdf"
"B-E/PCA_Referencias/Base_Legal","MOVER","Artigo - Leonardo Mota - Dispensa de licitação na nova Lei de Licitações e Contratos Administrativos.pdf",".pdf","05_Doutrina_e_Biblioteca\Biblioteca_Manuais_e_Cursos\Manuais\Artigo - Leonardo Mota - Dispensa de licitação na nova Lei de Licitações e Contratos Administrativos.pdf","","143999","E:\Thiago\Dev\PCA_Multiexercicio_Referencias\Base Legal CLC - Atualizada Maio.2026\_ARQUIVAR\Manuais, cadernos, cursos e outros\Manuais\Artigo - Leonardo Mota - Dispensa de licitação na nova Lei de Licitações e Contratos Administrativos.pdf"
"B-E/PCA_Referencias/Base_Legal","MOVER","Artigo - Sem Singularidade não há Inexigibilidade.pdf",".pdf","05_Doutrina_e_Biblioteca\Biblioteca_Manuais_e_Cursos\Manuais\Artigo - Sem Singularidade não há Inexigibilidade.pdf","","146360","E:\Thiago\Dev\PCA_Multiexercicio_Referencias\Base Legal CLC - Atualizada Maio.2026\_ARQUIVAR\Manuais, cadernos, cursos e outros\Manuais\Artigo - Sem Singularidade não há Inexigibilidade.pdf"
"B-E/PCA_Referencias/Base_Legal","MOVER","Aspectos gerais da nova lei de licitações e contratos 14.133.21.pdf",".pdf","05_Doutrina_e_Biblioteca\Biblioteca_Manuais_e_Cursos\Manuais\Aspectos gerais da nova lei de licitações e contratos 14.133.21.pdf","","1191825","E:\Thiago\Dev\PCA_Multiexercicio_Referencias\Base Legal CLC - Atualizada Maio.2026\_ARQUIVAR\Manuais, cadernos, cursos e outros\Manuais\Aspectos gerais da nova lei de licitações e contratos 14.133.21.pdf"
"B-E/PCA_Referencias/Base_Legal","MOVER","ATO 008_2024_PGJ - que define os procedimentos administrativos de contratação de bens e serviços no âmbito do MPAM.pdf",".pdf","05_Doutrina_e_Biblioteca\Biblioteca_Manuais_e_Cursos\Manuais\ATO 008_2024_PGJ - que define os procedimentos administrativos de contratação de bens e serviços no âmbito do MPAM.pdf","","206988","E:\Thiago\Dev\PCA_Multiexercicio_Referencias\Base Legal CLC - Atualizada Maio.2026\_ARQUIVAR\Manuais, cadernos, cursos e outros\Manuais\ATO 008_2024_PGJ - que define os procedimentos administrativos de contratação de bens e serviços no âmbito do MPAM.pdf"
"B-E/PCA_Referencias/Base_Legal","DUPLICADO","Cartilha - Acesso a Informação - Atricon.pdf",".pdf","_DUPLICADOS_para_arquivar\Cartilha - Acesso a Informação - Atricon.pdf","Já existe na mestra: mestra\05_Doutrina_e_Biblioteca\Biblioteca_Manuais_e_Cursos\Cartilha - Acesso a Informação - Atricon.pdf","10409365","E:\Thiago\Dev\PCA_Multiexercicio_Referencias\Base Legal CLC - Atualizada Maio.2026\_ARQUIVAR\Manuais, cadernos, cursos e outros\Manuais\Cartilha - Acesso a Informação - Atricon.pdf"
"B-E/PCA_Referencias/Base_Legal","DUPLICADO","Cartilha_Minuta_do_IPPC_Engenharia_16_11_23_14h_Visualizao.pdf",".pdf","_DUPLICADOS_para_arquivar\Cartilha_Minuta_do_IPPC_Engenharia_16_11_23_14h_Visualizao.pdf","Já existe na mestra: mestra\05_Doutrina_e_Biblioteca\Biblioteca_Manuais_e_Cursos\Cartilha_Minuta_do_IPPC_Engenharia_16_11_23_14h_Visualizao.pdf","5207191","E:\Thiago\Dev\PCA_Multiexercicio_Referencias\Base Legal CLC - Atualizada Maio.2026\_ARQUIVAR\Manuais, cadernos, cursos e outros\Manuais\Cartilha_Minuta_do_IPPC_Engenharia_16_11_23_14h_Visualizao.pdf"
"B-E/PCA_Referencias/Base_Legal","DUPLICADO","Compras.gov.br - Tutorial de eventos de anulação, suspensão e revogação.pdf",".pdf","_DUPLICADOS_para_arquivar\Compras.gov.br - Tutorial de eventos de anulação, suspensão e revogação.pdf","Já existe na mestra: mestra\04_Sistemas_e_Catalogos\Manuais_Sistemas_Oficiais\Compras.gov.br - Tutorial de eventos de anulação, suspensão e revogação.pdf","7405438","E:\Thiago\Dev\PCA_Multiexercicio_Referencias\Base Legal CLC - Atualizada Maio.2026\_ARQUIVAR\Manuais, cadernos, cursos e outros\Manuais\Compras.gov.br - Tutorial de eventos de anulação, suspensão e revogação.pdf"
"B-E/PCA_Referencias/Base_Legal","DUPLICADO","Compras.gov.br – Eventos de alteração em procedimento auxiliar de credenciamento - mar-2025.pdf",".pdf","_DUPLICADOS_para_arquivar\Compras.gov.br – Eventos de alteração em procedimento auxiliar de credenciamento - mar-2025.pdf","Já existe na mestra: mestra\04_Sistemas_e_Catalogos\Manuais_Sistemas_Oficiais\Compras.gov.br – Eventos de alteração em procedimento auxiliar de credenciamento - mar-2025.pdf","5366182","E:\Thiago\Dev\PCA_Multiexercicio_Referencias\Base Legal CLC - Atualizada Maio.2026\_ARQUIVAR\Manuais, cadernos, cursos e outros\Manuais\Compras.gov.br – Eventos de alteração em procedimento auxiliar de credenciamento - mar-2025.pdf"
"B-E/PCA_Referencias/Base_Legal","DUPLICADO","Compras.gov.br – Novo divulgação de contratações - Evento de alteração - abr-2024.pdf",".pdf","_DUPLICADOS_para_arquivar\Compras.gov.br – Novo divulgação de contratações - Evento de alteração - abr-2024.pdf","Já existe na mestra: mestra\04_Sistemas_e_Catalogos\Manuais_Sistemas_Oficiais\Compras.gov.br – Novo divulgação de contratações - Evento de alteração - abr-2024.pdf","10317048","E:\Thiago\Dev\PCA_Multiexercicio_Referencias\Base Legal CLC - Atualizada Maio.2026\_ARQUIVAR\Manuais, cadernos, cursos e outros\Manuais\Compras.gov.br – Novo divulgação de contratações - Evento de alteração - abr-2024.pdf"
"B-E/PCA_Referencias/Base_Legal","DUPLICADO","Compras.gov.br – Tutorial compras executivo (jan-2026).pdf",".pdf","_DUPLICADOS_para_arquivar\Compras.gov.br – Tutorial compras executivo (jan-2026).pdf","Já existe na mestra: mestra\04_Sistemas_e_Catalogos\Manuais_Sistemas_Oficiais\Compras.gov.br – Tutorial compras executivo (jan-2026).pdf","3176890","E:\Thiago\Dev\PCA_Multiexercicio_Referencias\Base Legal CLC - Atualizada Maio.2026\_ARQUIVAR\Manuais, cadernos, cursos e outros\Manuais\Compras.gov.br – Tutorial compras executivo (jan-2026).pdf"
"B-E/PCA_Referencias/Base_Legal","DUPLICADO","Compras.gov.br – Tutorial de como copiar e compartilhar cotações  no Pesquisa de Preço.pdf",".pdf","_DUPLICADOS_para_arquivar\Compras.gov.br – Tutorial de como copiar e compartilhar cotações  no Pesquisa de Preço.pdf","Já existe na mestra: mestra\04_Sistemas_e_Catalogos\Manuais_Sistemas_Oficiais\Compras.gov.br – Tutorial de como copiar e compartilhar cotações  no Pesquisa de Preço.pdf","4283023","E:\Thiago\Dev\PCA_Multiexercicio_Referencias\Base Legal CLC - Atualizada Maio.2026\_ARQUIVAR\Manuais, cadernos, cursos e outros\Manuais\Compras.gov.br – Tutorial de como copiar e compartilhar cotações  no Pesquisa de Preço.pdf"
"B-E/PCA_Referencias/Base_Legal","DUPLICADO","Compras.gov.br – Tutorial de como criar matriz de riscos.pdf",".pdf","_DUPLICADOS_para_arquivar\Compras.gov.br – Tutorial de como criar matriz de riscos.pdf","Já existe na mestra: mestra\04_Sistemas_e_Catalogos\Manuais_Sistemas_Oficiais\Compras.gov.br – Tutorial de como criar matriz de riscos.pdf","26157795","E:\Thiago\Dev\PCA_Multiexercicio_Referencias\Base Legal CLC - Atualizada Maio.2026\_ARQUIVAR\Manuais, cadernos, cursos e outros\Manuais\Compras.gov.br – Tutorial de como criar matriz de riscos.pdf"
"B-E/PCA_Referencias/Base_Legal","DUPLICADO","Compras.gov.br – Tutorial de como publicar dispensas com disputa no Novo DC.pdf",".pdf","_DUPLICADOS_para_arquivar\Compras.gov.br – Tutorial de como publicar dispensas com disputa no Novo DC.pdf","Já existe na mestra: mestra\04_Sistemas_e_Catalogos\Manuais_Sistemas_Oficiais\Compras.gov.br – Tutorial de como publicar dispensas com disputa no Novo DC.pdf","13079635","E:\Thiago\Dev\PCA_Multiexercicio_Referencias\Base Legal CLC - Atualizada Maio.2026\_ARQUIVAR\Manuais, cadernos, cursos e outros\Manuais\Compras.gov.br – Tutorial de como publicar dispensas com disputa no Novo DC.pdf"
"B-E/PCA_Referencias/Base_Legal","DUPLICADO","Compras.gov.br – Tutorial de como publicar dispensas sem disputa e inexibilidades no Novo DC.pdf",".pdf","_DUPLICADOS_para_arquivar\Compras.gov.br – Tutorial de como publicar dispensas sem disputa e inexibilidades no Novo DC.pdf","Já existe na mestra: mestra\04_Sistemas_e_Catalogos\Manuais_Sistemas_Oficiais\Compras.gov.br – Tutorial de como publicar dispensas sem disputa e inexibilidades no Novo DC.pdf","4841088","E:\Thiago\Dev\PCA_Multiexercicio_Referencias\Base Legal CLC - Atualizada Maio.2026\_ARQUIVAR\Manuais, cadernos, cursos e outros\Manuais\Compras.gov.br – Tutorial de como publicar dispensas sem disputa e inexibilidades no Novo DC.pdf"
"B-E/PCA_Referencias/Base_Legal","DUPLICADO","Compras.gov.br – Tutorial de publicação de dispensa eletrônicas e inexibilidades da medida provisória n° 1.22.pdf",".pdf","_DUPLICADOS_para_arquivar\Compras.gov.br – Tutorial de publicação de dispensa eletrônicas e inexibilidades da medida provisória n° 1.22.pdf","Já existe na mestra: mestra\04_Sistemas_e_Catalogos\Manuais_Sistemas_Oficiais\Compras.gov.br – Tutorial de publicação de dispensa eletrônicas e inexibilidades da medida provisória n° 1.22.pdf","31039787","E:\Thiago\Dev\PCA_Multiexercicio_Referencias\Base Legal CLC - Atualizada Maio.2026\_ARQUIVAR\Manuais, cadernos, cursos e outros\Manuais\Compras.gov.br – Tutorial de publicação de dispensa eletrônicas e inexibilidades da medida provisória n° 1.22.pdf"
"B-E/PCA_Referencias/Base_Legal","DUPLICADO","Compras.gov.br – Tutorial para critério de julgamento, melhor técnica ou conteúdo artístico - jun-2024.pdf",".pdf","_DUPLICADOS_para_arquivar\Compras.gov.br – Tutorial para critério de julgamento, melhor técnica ou conteúdo artístico - jun-2024.pdf","Já existe na mestra: mestra\04_Sistemas_e_Catalogos\Manuais_Sistemas_Oficiais\Compras.gov.br – Tutorial para critério de julgamento, melhor técnica ou conteúdo artístico - jun-2024.pdf","8171190","E:\Thiago\Dev\PCA_Multiexercicio_Referencias\Base Legal CLC - Atualizada Maio.2026\_ARQUIVAR\Manuais, cadernos, cursos e outros\Manuais\Compras.gov.br – Tutorial para critério de julgamento, melhor técnica ou conteúdo artístico - jun-2024.pdf"
"B-E/PCA_Referencias/Base_Legal","DUPLICADO","Compras_publicas_para_inovacao_no_Brasil.pdf",".pdf","_DUPLICADOS_para_arquivar\Compras_publicas_para_inovacao_no_Brasil.pdf","Já existe na mestra: mestra\05_Doutrina_e_Biblioteca\Biblioteca_Manuais_e_Cursos\Livro - Compras_publicas_para_inovacao_no_Brasil.pdf","7517275","E:\Thiago\Dev\PCA_Multiexercicio_Referencias\Base Legal CLC - Atualizada Maio.2026\_ARQUIVAR\Manuais, cadernos, cursos e outros\Manuais\Compras_publicas_para_inovacao_no_Brasil.pdf"
"B-E/PCA_Referencias/Base_Legal","DUPLICADO","Conselho Superior da Justiça do Trabalho – Guia de Contratações Sustentáveis da Justiça do Trabalho (4ª ediçã.pdf",".pdf","_DUPLICADOS_para_arquivar\Conselho Superior da Justiça do Trabalho – Guia de Contratações Sustentáveis da Justiça do Trabalho (4ª ediçã.pdf","Já existe na mestra: mestra\05_Doutrina_e_Biblioteca\Biblioteca_Manuais_e_Cursos\Conselho Superior da Justiça do Trabalho – Guia de Contratações Sustentáveis da Justiça do Trabalho (4ª ediçã.pdf","8733418","E:\Thiago\Dev\PCA_Multiexercicio_Referencias\Base Legal CLC - Atualizada Maio.2026\_ARQUIVAR\Manuais, cadernos, cursos e outros\Manuais\Conselho Superior da Justiça do Trabalho – Guia de Contratações Sustentáveis da Justiça do Trabalho (4ª ediçã.pdf"
"B-E/PCA_Referencias/Base_Legal","MOVER","Contratos.gov – Manual operacional de gestão e fiscalização contratual.pdf",".pdf","05_Doutrina_e_Biblioteca\Biblioteca_Manuais_e_Cursos\Manuais\Contratos.gov – Manual operacional de gestão e fiscalização contratual.pdf","","884329","E:\Thiago\Dev\PCA_Multiexercicio_Referencias\Base Legal CLC - Atualizada Maio.2026\_ARQUIVAR\Manuais, cadernos, cursos e outros\Manuais\Contratos.gov – Manual operacional de gestão e fiscalização contratual.pdf"
"B-E/PCA_Referencias/Base_Legal","MOVER","Controladoria-Geral da União- Guia referencial para identificação, quantificaçao e mitigação de superfaturame.pdf",".pdf","05_Doutrina_e_Biblioteca\Biblioteca_Manuais_e_Cursos\Manuais\Controladoria-Geral da União- Guia referencial para identificação, quantificaçao e mitigação de superfaturame.pdf","","2282765","E:\Thiago\Dev\PCA_Multiexercicio_Referencias\Base Legal CLC - Atualizada Maio.2026\_ARQUIVAR\Manuais, cadernos, cursos e outros\Manuais\Controladoria-Geral da União- Guia referencial para identificação, quantificaçao e mitigação de superfaturame.pdf"
"B-E/PCA_Referencias/Base_Legal","DUPLICADO","Curso Banco de Preços - Pesquisa de Preços.pdf",".pdf","_DUPLICADOS_para_arquivar\Curso Banco de Preços - Pesquisa de Preços.pdf","Já existe na mestra: mestra\05_Doutrina_e_Biblioteca\Biblioteca_Manuais_e_Cursos\Curso Banco de Preços - Pesquisa de Preços.pdf","8359382","E:\Thiago\Dev\PCA_Multiexercicio_Referencias\Base Legal CLC - Atualizada Maio.2026\_ARQUIVAR\Manuais, cadernos, cursos e outros\Manuais\Curso Banco de Preços - Pesquisa de Preços.pdf"
"B-E/PCA_Referencias/Base_Legal","MOVER","Curso Elaboração do Termo de Referência e Pesquisa de Preços nas Contratações Públicas - Parte 01.pdf",".pdf","05_Doutrina_e_Biblioteca\Biblioteca_Manuais_e_Cursos\Manuais\Curso Elaboração do Termo de Referência e Pesquisa de Preços nas Contratações Públicas - Parte 01.pdf","","581377","E:\Thiago\Dev\PCA_Multiexercicio_Referencias\Base Legal CLC - Atualizada Maio.2026\_ARQUIVAR\Manuais, cadernos, cursos e outros\Manuais\Curso Elaboração do Termo de Referência e Pesquisa de Preços nas Contratações Públicas - Parte 01.pdf"
"B-E/PCA_Referencias/Base_Legal","MOVER","Curso Elaboração do Termo de Referência e Pesquisa de Preços nas Contratações Públicas - Parte 02.pdf",".pdf","05_Doutrina_e_Biblioteca\Biblioteca_Manuais_e_Cursos\Manuais\Curso Elaboração do Termo de Referência e Pesquisa de Preços nas Contratações Públicas - Parte 02.pdf","","730938","E:\Thiago\Dev\PCA_Multiexercicio_Referencias\Base Legal CLC - Atualizada Maio.2026\_ARQUIVAR\Manuais, cadernos, cursos e outros\Manuais\Curso Elaboração do Termo de Referência e Pesquisa de Preços nas Contratações Públicas - Parte 02.pdf"
"B-E/PCA_Referencias/Base_Legal","MOVER","Decreto PMT 24750.2023.pdf",".pdf","05_Doutrina_e_Biblioteca\Biblioteca_Manuais_e_Cursos\Manuais\Decreto PMT 24750.2023.pdf","","297953","E:\Thiago\Dev\PCA_Multiexercicio_Referencias\Base Legal CLC - Atualizada Maio.2026\_ARQUIVAR\Manuais, cadernos, cursos e outros\Manuais\Decreto PMT 24750.2023.pdf"
"B-E/PCA_Referencias/Base_Legal","MOVER","Decreto PMT 25530.2024 - Regula-o-procedimento-de-contratacao-direta.pdf",".pdf","05_Doutrina_e_Biblioteca\Biblioteca_Manuais_e_Cursos\Manuais\Decreto PMT 25530.2024 - Regula-o-procedimento-de-contratacao-direta.pdf","","331916","E:\Thiago\Dev\PCA_Multiexercicio_Referencias\Base Legal CLC - Atualizada Maio.2026\_ARQUIVAR\Manuais, cadernos, cursos e outros\Manuais\Decreto PMT 25530.2024 - Regula-o-procedimento-de-contratacao-direta.pdf"
"B-E/PCA_Referencias/Base_Legal","MOVER","E-BOX 01 - ESTUDO TÉCNICO PRELIMINAR - AQUISIÇÕES - SERVIÇOS EM GERAL.pdf",".pdf","05_Doutrina_e_Biblioteca\Biblioteca_Manuais_e_Cursos\Manuais\E-BOX 01 - ESTUDO TÉCNICO PRELIMINAR - AQUISIÇÕES - SERVIÇOS EM GERAL.pdf","","3252410","E:\Thiago\Dev\PCA_Multiexercicio_Referencias\Base Legal CLC - Atualizada Maio.2026\_ARQUIVAR\Manuais, cadernos, cursos e outros\Manuais\E-BOX 01 - ESTUDO TÉCNICO PRELIMINAR - AQUISIÇÕES - SERVIÇOS EM GERAL.pdf"
"B-E/PCA_Referencias/Base_Legal","MOVER","E-BOX 02 - ESTUDO TÉCNICO PRELIMINAR - OBRAS E SERVIÇOS DE ENGENHARIA.pdf",".pdf","05_Doutrina_e_Biblioteca\Biblioteca_Manuais_e_Cursos\Manuais\E-BOX 02 - ESTUDO TÉCNICO PRELIMINAR - OBRAS E SERVIÇOS DE ENGENHARIA.pdf","","6589345","E:\Thiago\Dev\PCA_Multiexercicio_Referencias\Base Legal CLC - Atualizada Maio.2026\_ARQUIVAR\Manuais, cadernos, cursos e outros\Manuais\E-BOX 02 - ESTUDO TÉCNICO PRELIMINAR - OBRAS E SERVIÇOS DE ENGENHARIA.pdf"
"B-E/PCA_Referencias/Base_Legal","MOVER","E-BOX 03 - ESTUDO TÉCNICO PRELIMINAR TIC.pdf",".pdf","05_Doutrina_e_Biblioteca\Biblioteca_Manuais_e_Cursos\Manuais\E-BOX 03 - ESTUDO TÉCNICO PRELIMINAR TIC.pdf","","2641241","E:\Thiago\Dev\PCA_Multiexercicio_Referencias\Base Legal CLC - Atualizada Maio.2026\_ARQUIVAR\Manuais, cadernos, cursos e outros\Manuais\E-BOX 03 - ESTUDO TÉCNICO PRELIMINAR TIC.pdf"
"B-E/PCA_Referencias/Base_Legal","MOVER","Enap - Caderno de curso Nova lei de licitações - Planejamento e Governança.pdf",".pdf","05_Doutrina_e_Biblioteca\Biblioteca_Manuais_e_Cursos\Manuais\Enap - Caderno de curso Nova lei de licitações - Planejamento e Governança.pdf","","1266490","E:\Thiago\Dev\PCA_Multiexercicio_Referencias\Base Legal CLC - Atualizada Maio.2026\_ARQUIVAR\Manuais, cadernos, cursos e outros\Manuais\Enap - Caderno de curso Nova lei de licitações - Planejamento e Governança.pdf"
"B-E/PCA_Referencias/Base_Legal","MOVER","Estudo Temático do TCE-MG (fev-2025)- Terceirização na Administração Pública - Um levantamento jurisprudencia.pdf",".pdf","05_Doutrina_e_Biblioteca\Biblioteca_Manuais_e_Cursos\Manuais\Estudo Temático do TCE-MG (fev-2025)- Terceirização na Administração Pública - Um levantamento jurisprudencia.pdf","","5360935","E:\Thiago\Dev\PCA_Multiexercicio_Referencias\Base Legal CLC - Atualizada Maio.2026\_ARQUIVAR\Manuais, cadernos, cursos e outros\Manuais\Estudo Temático do TCE-MG (fev-2025)- Terceirização na Administração Pública - Um levantamento jurisprudencia.pdf"
"B-E/PCA_Referencias/Base_Legal","DUPLICADO","Estudo_Tematico_Agosto_2025____II.pdf",".pdf","_DUPLICADOS_para_arquivar\Estudo_Tematico_Agosto_2025____II.pdf","Já existe na mestra: mestra\05_Doutrina_e_Biblioteca\Biblioteca_Manuais_e_Cursos\Estudo_Tematico_Agosto_2025____II.pdf","8402629","E:\Thiago\Dev\PCA_Multiexercicio_Referencias\Base Legal CLC - Atualizada Maio.2026\_ARQUIVAR\Manuais, cadernos, cursos e outros\Manuais\Estudo_Tematico_Agosto_2025____II.pdf"
"B-E/PCA_Referencias/Base_Legal","MOVER","estudo_tematico_recuperacao_judicial.pdf",".pdf","05_Doutrina_e_Biblioteca\Biblioteca_Manuais_e_Cursos\Manuais\estudo_tematico_recuperacao_judicial.pdf","","7691207","E:\Thiago\Dev\PCA_Multiexercicio_Referencias\Base Legal CLC - Atualizada Maio.2026\_ARQUIVAR\Manuais, cadernos, cursos e outros\Manuais\estudo_tematico_recuperacao_judicial.pdf"
"B-E/PCA_Referencias/Base_Legal","MOVER","Federal - Caderno de Logistica - Pesquisa de Preços - 2017.pdf",".pdf","05_Doutrina_e_Biblioteca\Biblioteca_Manuais_e_Cursos\Manuais\Federal - Caderno de Logistica - Pesquisa de Preços - 2017.pdf","","571159","E:\Thiago\Dev\PCA_Multiexercicio_Referencias\Base Legal CLC - Atualizada Maio.2026\_ARQUIVAR\Manuais, cadernos, cursos e outros\Manuais\Federal - Caderno de Logistica - Pesquisa de Preços - 2017.pdf"
"B-E/PCA_Referencias/Base_Legal","MOVER","FLUXOGRAMA ATOS PARA A APLICAÇÃO DE SANÇÕES CONTRATUAIS (1) - Copia.pdf",".pdf","05_Doutrina_e_Biblioteca\Biblioteca_Manuais_e_Cursos\Manuais\FLUXOGRAMA ATOS PARA A APLICAÇÃO DE SANÇÕES CONTRATUAIS (1) - Copia.pdf","","191382","E:\Thiago\Dev\PCA_Multiexercicio_Referencias\Base Legal CLC - Atualizada Maio.2026\_ARQUIVAR\Manuais, cadernos, cursos e outros\Manuais\FLUXOGRAMA ATOS PARA A APLICAÇÃO DE SANÇÕES CONTRATUAIS (1) - Copia.pdf"
"B-E/PCA_Referencias/Base_Legal","MOVER","Guia Prático de Contratações em Situações de Calamidade Pública da CGU – Conforme a Medida Provisória nº 1.22.pdf",".pdf","05_Doutrina_e_Biblioteca\Biblioteca_Manuais_e_Cursos\Manuais\Guia Prático de Contratações em Situações de Calamidade Pública da CGU – Conforme a Medida Provisória nº 1.22.pdf","","615633","E:\Thiago\Dev\PCA_Multiexercicio_Referencias\Base Legal CLC - Atualizada Maio.2026\_ARQUIVAR\Manuais, cadernos, cursos e outros\Manuais\Guia Prático de Contratações em Situações de Calamidade Pública da CGU – Conforme a Medida Provisória nº 1.22.pdf"
"B-E/PCA_Referencias/Base_Legal","DUPLICADO","guia-de-contratacoes-sustentaveis-set-2023.pdf",".pdf","_DUPLICADOS_para_arquivar\guia-de-contratacoes-sustentaveis-set-2023.pdf","Já existe na mestra: mestra\05_Doutrina_e_Biblioteca\Biblioteca_Manuais_e_Cursos\guia-de-contratacoes-sustentaveis-set-2023.pdf","4447415","E:\Thiago\Dev\PCA_Multiexercicio_Referencias\Base Legal CLC - Atualizada Maio.2026\_ARQUIVAR\Manuais, cadernos, cursos e outros\Manuais\guia-de-contratacoes-sustentaveis-set-2023.pdf"
"B-E/PCA_Referencias/Base_Legal","DUPLICADO","GUIANACIONALDECONTRATACOESSUSTENTAVEIS2024.pdf",".pdf","_DUPLICADOS_para_arquivar\GUIANACIONALDECONTRATACOESSUSTENTAVEIS2024.pdf","Já existe na mestra: mestra\05_Doutrina_e_Biblioteca\Biblioteca_Manuais_e_Cursos\GUIANACIONALDECONTRATACOESSUSTENTAVEIS2024.pdf","2941931","E:\Thiago\Dev\PCA_Multiexercicio_Referencias\Base Legal CLC - Atualizada Maio.2026\_ARQUIVAR\Manuais, cadernos, cursos e outros\Manuais\GUIANACIONALDECONTRATACOESSUSTENTAVEIS2024.pdf"
"B-E/PCA_Referencias/Base_Legal","MOVER","GUIAREEMBOLSOCRECHEAbril_26.pdf",".pdf","05_Doutrina_e_Biblioteca\Biblioteca_Manuais_e_Cursos\Manuais\GUIAREEMBOLSOCRECHEAbril_26.pdf","","3506193","E:\Thiago\Dev\PCA_Multiexercicio_Referencias\Base Legal CLC - Atualizada Maio.2026\_ARQUIVAR\Manuais, cadernos, cursos e outros\Manuais\GUIAREEMBOLSOCRECHEAbril_26.pdf"
"B-E/PCA_Referencias/Base_Legal","MOVER","Guia_boas_praticas_contratacoes_publicas_publicidade_4749af44f2.pdf",".pdf","05_Doutrina_e_Biblioteca\Biblioteca_Manuais_e_Cursos\Manuais\Guia_boas_praticas_contratacoes_publicas_publicidade_4749af44f2.pdf","","939726","E:\Thiago\Dev\PCA_Multiexercicio_Referencias\Base Legal CLC - Atualizada Maio.2026\_ARQUIVAR\Manuais, cadernos, cursos e outros\Manuais\Guia_boas_praticas_contratacoes_publicas_publicidade_4749af44f2.pdf"
"B-E/PCA_Referencias/Base_Legal","MOVER","ia-generativa-no-servico-publico.pdf",".pdf","05_Doutrina_e_Biblioteca\Biblioteca_Manuais_e_Cursos\Manuais\ia-generativa-no-servico-publico.pdf","","2733856","E:\Thiago\Dev\PCA_Multiexercicio_Referencias\Base Legal CLC - Atualizada Maio.2026\_ARQUIVAR\Manuais, cadernos, cursos e outros\Manuais\ia-generativa-no-servico-publico.pdf"
"B-E/PCA_Referencias/Base_Legal","MOVER","INOVAGOV SC – Guia para Planejamento de Contratações de Inovação no Setor Público.pdf",".pdf","05_Doutrina_e_Biblioteca\Biblioteca_Manuais_e_Cursos\Manuais\INOVAGOV SC – Guia para Planejamento de Contratações de Inovação no Setor Público.pdf","","2093720","E:\Thiago\Dev\PCA_Multiexercicio_Referencias\Base Legal CLC - Atualizada Maio.2026\_ARQUIVAR\Manuais, cadernos, cursos e outros\Manuais\INOVAGOV SC – Guia para Planejamento de Contratações de Inovação no Setor Público.pdf"
"B-E/PCA_Referencias/Base_Legal","DUPLICADO","instrumento-de-padronizacao-dos-procedimentos.pdf",".pdf","_DUPLICADOS_para_arquivar\instrumento-de-padronizacao-dos-procedimentos.pdf","Já existe na mestra: mestra\05_Doutrina_e_Biblioteca\Biblioteca_Manuais_e_Cursos\instrumento-de-padronizacao-dos-procedimentos.pdf","14037364","E:\Thiago\Dev\PCA_Multiexercicio_Referencias\Base Legal CLC - Atualizada Maio.2026\_ARQUIVAR\Manuais, cadernos, cursos e outros\Manuais\instrumento-de-padronizacao-dos-procedimentos.pdf"
"B-E/PCA_Referencias/Base_Legal","DUPLICADO","Instrumento_de_Padronizao_AGU_TIC_Digital_reduzido.pdf",".pdf","_DUPLICADOS_para_arquivar\Instrumento_de_Padronizao_AGU_TIC_Digital_reduzido.pdf","Já existe na mestra: mestra\05_Doutrina_e_Biblioteca\Biblioteca_Manuais_e_Cursos\Instrumento_de_Padronizao_AGU_TIC_Digital_reduzido.pdf","11618018","E:\Thiago\Dev\PCA_Multiexercicio_Referencias\Base Legal CLC - Atualizada Maio.2026\_ARQUIVAR\Manuais, cadernos, cursos e outros\Manuais\Instrumento_de_Padronizao_AGU_TIC_Digital_reduzido.pdf"
"B-E/PCA_Referencias/Base_Legal","DUPLICADO","Jornada de Compras Publicas de Inovacao.pdf",".pdf","_DUPLICADOS_para_arquivar\Jornada de Compras Publicas de Inovacao.pdf","Já existe na mestra: mestra\05_Doutrina_e_Biblioteca\Biblioteca_Manuais_e_Cursos\Jornada de Compras Publicas de Inovacao.pdf","3891437","E:\Thiago\Dev\PCA_Multiexercicio_Referencias\Base Legal CLC - Atualizada Maio.2026\_ARQUIVAR\Manuais, cadernos, cursos e outros\Manuais\Jornada de Compras Publicas de Inovacao.pdf"
"B-E/PCA_Referencias/Base_Legal","DUPLICADO","Licitacoes e Contratos - Orientacoes e Jurisprudencia do TCU - 5a Edicao.pdf",".pdf","_DUPLICADOS_para_arquivar\Licitacoes e Contratos - Orientacoes e Jurisprudencia do TCU - 5a Edicao.pdf","Já existe na mestra: mestra\05_Doutrina_e_Biblioteca\Biblioteca_Manuais_e_Cursos\Licitacoes e Contratos - Orientacoes e Jurisprudencia do TCU - 5a Edicao.pdf","35253194","E:\Thiago\Dev\PCA_Multiexercicio_Referencias\Base Legal CLC - Atualizada Maio.2026\_ARQUIVAR\Manuais, cadernos, cursos e outros\Manuais\Licitacoes e Contratos - Orientacoes e Jurisprudencia do TCU - 5a Edicao.pdf"
"B-E/PCA_Referencias/Base_Legal","DUPLICADO","Licitações e contratos.pdf",".pdf","_DUPLICADOS_para_arquivar\Licitações e contratos.pdf","Já existe na mestra: mestra\05_Doutrina_e_Biblioteca\Biblioteca_Manuais_e_Cursos\Licitações e contratos.pdf","2551858","E:\Thiago\Dev\PCA_Multiexercicio_Referencias\Base Legal CLC - Atualizada Maio.2026\_ARQUIVAR\Manuais, cadernos, cursos e outros\Manuais\Licitações e contratos.pdf"
"B-E/PCA_Referencias/Base_Legal","MOVER","Livro - 218187_LV_Compras publicas_Cap03.pdf",".pdf","05_Doutrina_e_Biblioteca\Biblioteca_Manuais_e_Cursos\Manuais\Livro - 218187_LV_Compras publicas_Cap03.pdf","","776846","E:\Thiago\Dev\PCA_Multiexercicio_Referencias\Base Legal CLC - Atualizada Maio.2026\_ARQUIVAR\Manuais, cadernos, cursos e outros\Manuais\Livro - 218187_LV_Compras publicas_Cap03.pdf"
"B-E/PCA_Referencias/Base_Legal","MOVER","Livro - Aula 002 - PDFL -  (Capítulo Livro) TIPOLOGIA DE FRAUDES EM LICITAÇÃO.pdf",".pdf","05_Doutrina_e_Biblioteca\Biblioteca_Manuais_e_Cursos\Manuais\Livro - Aula 002 - PDFL -  (Capítulo Livro) TIPOLOGIA DE FRAUDES EM LICITAÇÃO.pdf","","3079463","E:\Thiago\Dev\PCA_Multiexercicio_Referencias\Base Legal CLC - Atualizada Maio.2026\_ARQUIVAR\Manuais, cadernos, cursos e outros\Manuais\Livro - Aula 002 - PDFL -  (Capítulo Livro) TIPOLOGIA DE FRAUDES EM LICITAÇÃO.pdf"
"B-E/PCA_Referencias/Base_Legal","DUPLICADO","Livro - Compras_publicas_para_inovacao_no_Brasil.pdf",".pdf","_DUPLICADOS_para_arquivar\Livro - Compras_publicas_para_inovacao_no_Brasil.pdf","Já existe na mestra: mestra\05_Doutrina_e_Biblioteca\Biblioteca_Manuais_e_Cursos\Livro - Compras_publicas_para_inovacao_no_Brasil.pdf","7517275","E:\Thiago\Dev\PCA_Multiexercicio_Referencias\Base Legal CLC - Atualizada Maio.2026\_ARQUIVAR\Manuais, cadernos, cursos e outros\Manuais\Livro - Compras_publicas_para_inovacao_no_Brasil.pdf"
"B-E/PCA_Referencias/Base_Legal","DUPLICADO","Livro - ELABORAÇÃO DE ETP E TR EFICIENTES COM O CHATGPT EM CONTRATAÇÕES PÚBLICAS.pdf",".pdf","_DUPLICADOS_para_arquivar\Livro - ELABORAÇÃO DE ETP E TR EFICIENTES COM O CHATGPT EM CONTRATAÇÕES PÚBLICAS.pdf","Já existe na mestra: mestra\05_Doutrina_e_Biblioteca\Biblioteca_Manuais_e_Cursos\Livro - ELABORAÇÃO DE ETP E TR EFICIENTES COM O CHATGPT EM CONTRATAÇÕES PÚBLICAS.pdf","8623413","E:\Thiago\Dev\PCA_Multiexercicio_Referencias\Base Legal CLC - Atualizada Maio.2026\_ARQUIVAR\Manuais, cadernos, cursos e outros\Manuais\Livro - ELABORAÇÃO DE ETP E TR EFICIENTES COM O CHATGPT EM CONTRATAÇÕES PÚBLICAS.pdf"
"B-E/PCA_Referencias/Base_Legal","DUPLICADO","Livro - ESTUDO TÉCNICO PRELIMINAR - AQUISIÇÕES - SERVIÇOS EM GERAL.pdf",".pdf","_DUPLICADOS_para_arquivar\Livro - ESTUDO TÉCNICO PRELIMINAR - AQUISIÇÕES - SERVIÇOS EM GERAL.pdf","Repetido em: E:\Thiago\Dev\PCA_Multiexercicio_Referencias\Base Legal CLC - Atualizada Maio.2026\_ARQUIVAR\Manuais, cadernos, cursos e outros\Manuais\E-BOX 01 - ESTUDO TÉCNICO PRELIMINAR - AQUISIÇÕES - SERVIÇOS EM GERAL.pdf","3252410","E:\Thiago\Dev\PCA_Multiexercicio_Referencias\Base Legal CLC - Atualizada Maio.2026\_ARQUIVAR\Manuais, cadernos, cursos e outros\Manuais\Livro - ESTUDO TÉCNICO PRELIMINAR - AQUISIÇÕES - SERVIÇOS EM GERAL.pdf"
"B-E/PCA_Referencias/Base_Legal","DUPLICADO","Livro - NLLC Esquematizada.pdf",".pdf","_DUPLICADOS_para_arquivar\Livro - NLLC Esquematizada.pdf","Já existe na mestra: mestra\05_Doutrina_e_Biblioteca\Biblioteca_Manuais_e_Cursos\Livro - NLLC Esquematizada.pdf","7676537","E:\Thiago\Dev\PCA_Multiexercicio_Referencias\Base Legal CLC - Atualizada Maio.2026\_ARQUIVAR\Manuais, cadernos, cursos e outros\Manuais\Livro - NLLC Esquematizada.pdf"
"B-E/PCA_Referencias/Base_Legal","MOVER","Manual - Capítulo de Compras Governamentais no Brasil.pdf",".pdf","05_Doutrina_e_Biblioteca\Biblioteca_Manuais_e_Cursos\Manuais\Manual - Capítulo de Compras Governamentais no Brasil.pdf","","377086","E:\Thiago\Dev\PCA_Multiexercicio_Referencias\Base Legal CLC - Atualizada Maio.2026\_ARQUIVAR\Manuais, cadernos, cursos e outros\Manuais\Manual - Capítulo de Compras Governamentais no Brasil.pdf"
"B-E/PCA_Referencias/Base_Legal","MOVER","Manual - Dispensa Eletrônica - Governo (padrão) (3).pdf",".pdf","05_Doutrina_e_Biblioteca\Biblioteca_Manuais_e_Cursos\Manuais\Manual - Dispensa Eletrônica - Governo (padrão) (3).pdf","","6547966","E:\Thiago\Dev\PCA_Multiexercicio_Referencias\Base Legal CLC - Atualizada Maio.2026\_ARQUIVAR\Manuais, cadernos, cursos e outros\Manuais\Manual - Dispensa Eletrônica - Governo (padrão) (3).pdf"
"B-E/PCA_Referencias/Base_Legal","MOVER","Manual - Dispensa Eletrônica - Governo (padrão).pdf",".pdf","05_Doutrina_e_Biblioteca\Biblioteca_Manuais_e_Cursos\Manuais\Manual - Dispensa Eletrônica - Governo (padrão).pdf","","6582212","E:\Thiago\Dev\PCA_Multiexercicio_Referencias\Base Legal CLC - Atualizada Maio.2026\_ARQUIVAR\Manuais, cadernos, cursos e outros\Manuais\Manual - Dispensa Eletrônica - Governo (padrão).pdf"
"B-E/PCA_Referencias/Base_Legal","DUPLICADO","Manual - Manual de Planejamento da Contratação-SEMA_PMT-2023.pdf",".pdf","_DUPLICADOS_para_arquivar\Manual - Manual de Planejamento da Contratação-SEMA_PMT-2023.pdf","Já existe na mestra: mestra\05_Doutrina_e_Biblioteca\Biblioteca_Manuais_e_Cursos\Manual - Manual de Planejamento da Contratação-SEMA_PMT-2023.pdf","25609811","E:\Thiago\Dev\PCA_Multiexercicio_Referencias\Base Legal CLC - Atualizada Maio.2026\_ARQUIVAR\Manuais, cadernos, cursos e outros\Manuais\Manual - Manual de Planejamento da Contratação-SEMA_PMT-2023.pdf"
"B-E/PCA_Referencias/Base_Legal","DUPLICADO","Manual - Manual Dispensa Eletrônica - Visão Governo 28.01.2022.pdf",".pdf","_DUPLICADOS_para_arquivar\Manual - Manual Dispensa Eletrônica - Visão Governo 28.01.2022.pdf","Repetido em: E:\Thiago\Dev\PCA_Multiexercicio_Referencias\Base Legal CLC - Atualizada Maio.2026\_ARQUIVAR\Manuais, cadernos, cursos e outros\Manuais\Manual - Dispensa Eletrônica - Governo (padrão).pdf","6582212","E:\Thiago\Dev\PCA_Multiexercicio_Referencias\Base Legal CLC - Atualizada Maio.2026\_ARQUIVAR\Manuais, cadernos, cursos e outros\Manuais\Manual - Manual Dispensa Eletrônica - Visão Governo 28.01.2022.pdf"
"B-E/PCA_Referencias/Base_Legal","DUPLICADO","Manual API_s PNCP ConsultasVerso1.0.pdf",".pdf","_DUPLICADOS_para_arquivar\Manual API_s PNCP ConsultasVerso1.0.pdf","Já existe na mestra: mestra\06_Paineis_e_Contratos_Historicos\Manual_das_APIs_Manual_das_APIs .pdf","710705","E:\Thiago\Dev\PCA_Multiexercicio_Referencias\Base Legal CLC - Atualizada Maio.2026\_ARQUIVAR\Manuais, cadernos, cursos e outros\Manuais\Manual API_s PNCP ConsultasVerso1.0.pdf"
"B-E/PCA_Referencias/Base_Legal","MOVER","Manual Compras e Licitacoes TRT 2 SP - 2024-2026.pdf",".pdf","05_Doutrina_e_Biblioteca\Biblioteca_Manuais_e_Cursos\Manuais\Manual Compras e Licitacoes TRT 2 SP - 2024-2026.pdf","","2854265","E:\Thiago\Dev\PCA_Multiexercicio_Referencias\Base Legal CLC - Atualizada Maio.2026\_ARQUIVAR\Manuais, cadernos, cursos e outros\Manuais\Manual Compras e Licitacoes TRT 2 SP - 2024-2026.pdf"
"B-E/PCA_Referencias/Base_Legal","MOVER","Manual Compras e Licitacoes TRT 2 SP - 2025-2027.pdf",".pdf","05_Doutrina_e_Biblioteca\Biblioteca_Manuais_e_Cursos\Manuais\Manual Compras e Licitacoes TRT 2 SP - 2025-2027.pdf","","1177235","E:\Thiago\Dev\PCA_Multiexercicio_Referencias\Base Legal CLC - Atualizada Maio.2026\_ARQUIVAR\Manuais, cadernos, cursos e outros\Manuais\Manual Compras e Licitacoes TRT 2 SP - 2025-2027.pdf"
"B-E/PCA_Referencias/Base_Legal","MOVER","Manual de Compras Baseadas na Relação Custo-Benefício (abr-2025).pdf",".pdf","05_Doutrina_e_Biblioteca\Biblioteca_Manuais_e_Cursos\Manuais\Manual de Compras Baseadas na Relação Custo-Benefício (abr-2025).pdf","","1224039","E:\Thiago\Dev\PCA_Multiexercicio_Referencias\Base Legal CLC - Atualizada Maio.2026\_ARQUIVAR\Manuais, cadernos, cursos e outros\Manuais\Manual de Compras Baseadas na Relação Custo-Benefício (abr-2025).pdf"
"B-E/PCA_Referencias/Base_Legal","DUPLICADO","Manual de Contratação de TIC sob a Ótica da Nova L.pdf",".pdf","_DUPLICADOS_para_arquivar\Manual de Contratação de TIC sob a Ótica da Nova L.pdf","Já existe na mestra: mestra\05_Doutrina_e_Biblioteca\Biblioteca_Manuais_e_Cursos\Manual de Contratação de TIC sob a Ótica da Nova L.pdf","3997294","E:\Thiago\Dev\PCA_Multiexercicio_Referencias\Base Legal CLC - Atualizada Maio.2026\_ARQUIVAR\Manuais, cadernos, cursos e outros\Manuais\Manual de Contratação de TIC sob a Ótica da Nova L.pdf"
"B-E/PCA_Referencias/Base_Legal","DUPLICADO","Manual do Contratos.gov.br (abr-2026) (V. 1.39.0).pdf",".pdf","_DUPLICADOS_para_arquivar\Manual do Contratos.gov.br (abr-2026) (V. 1.39.0).pdf","Já existe na mestra: mestra\05_Doutrina_e_Biblioteca\Biblioteca_Manuais_e_Cursos\manual-comprasgovbr-contratos.pdf","24628701","E:\Thiago\Dev\PCA_Multiexercicio_Referencias\Base Legal CLC - Atualizada Maio.2026\_ARQUIVAR\Manuais, cadernos, cursos e outros\Manuais\Manual do Contratos.gov.br (abr-2026) (V. 1.39.0).pdf"
"B-E/PCA_Referencias/Base_Legal","DUPLICADO","Manual MROSC – Do Planejamento à Prestação de Contas – Implementação do marco regulatório das OSC no Governo.pdf",".pdf","_DUPLICADOS_para_arquivar\Manual MROSC – Do Planejamento à Prestação de Contas – Implementação do marco regulatório das OSC no Governo.pdf","Já existe na mestra: mestra\05_Doutrina_e_Biblioteca\Biblioteca_Manuais_e_Cursos\Manual MROSC – Do Planejamento à Prestação de Contas – Implementação do marco regulatório das OSC no Governo.pdf","1766450","E:\Thiago\Dev\PCA_Multiexercicio_Referencias\Base Legal CLC - Atualizada Maio.2026\_ARQUIVAR\Manuais, cadernos, cursos e outros\Manuais\Manual MROSC – Do Planejamento à Prestação de Contas – Implementação do marco regulatório das OSC no Governo.pdf"
"B-E/PCA_Referencias/Base_Legal","DUPLICADO","manual-comprasgovbr-contratos.pdf",".pdf","_DUPLICADOS_para_arquivar\manual-comprasgovbr-contratos.pdf","Já existe na mestra: mestra\05_Doutrina_e_Biblioteca\Biblioteca_Manuais_e_Cursos\manual-comprasgovbr-contratos.pdf","24628701","E:\Thiago\Dev\PCA_Multiexercicio_Referencias\Base Legal CLC - Atualizada Maio.2026\_ARQUIVAR\Manuais, cadernos, cursos e outros\Manuais\manual-comprasgovbr-contratos.pdf"
"B-E/PCA_Referencias/Base_Legal","DUPLICADO","manual-contratos-gov-br-nova-versao.pdf",".pdf","_DUPLICADOS_para_arquivar\manual-contratos-gov-br-nova-versao.pdf","Já existe na mestra: mestra\05_Doutrina_e_Biblioteca\Biblioteca_Manuais_e_Cursos\manual-contratos-gov-br-nova-versao.pdf","9881919","E:\Thiago\Dev\PCA_Multiexercicio_Referencias\Base Legal CLC - Atualizada Maio.2026\_ARQUIVAR\Manuais, cadernos, cursos e outros\Manuais\manual-contratos-gov-br-nova-versao.pdf"
"B-E/PCA_Referencias/Base_Legal","MOVER","Manual-de-Mapeamento-e-Melhoria-de-Processos-do-MPPI-1.pdf",".pdf","05_Doutrina_e_Biblioteca\Biblioteca_Manuais_e_Cursos\Manuais\Manual-de-Mapeamento-e-Melhoria-de-Processos-do-MPPI-1.pdf","","3485303","E:\Thiago\Dev\PCA_Multiexercicio_Referencias\Base Legal CLC - Atualizada Maio.2026\_ARQUIVAR\Manuais, cadernos, cursos e outros\Manuais\Manual-de-Mapeamento-e-Melhoria-de-Processos-do-MPPI-1.pdf"
"B-E/PCA_Referencias/Base_Legal","DUPLICADO","Manual_Compras_Licitacoes (TRT 2 - SP).pdf",".pdf","_DUPLICADOS_para_arquivar\Manual_Compras_Licitacoes (TRT 2 - SP).pdf","Repetido em: E:\Thiago\Dev\PCA_Multiexercicio_Referencias\Base Legal CLC - Atualizada Maio.2026\_ARQUIVAR\Manuais, cadernos, cursos e outros\Manuais\Manual Compras e Licitacoes TRT 2 SP - 2025-2027.pdf","1177235","E:\Thiago\Dev\PCA_Multiexercicio_Referencias\Base Legal CLC - Atualizada Maio.2026\_ARQUIVAR\Manuais, cadernos, cursos e outros\Manuais\Manual_Compras_Licitacoes (TRT 2 - SP).pdf"
"B-E/PCA_Referencias/Base_Legal","MOVER","MGIS - Modelo Maturidade de Dado MMD.pdf",".pdf","05_Doutrina_e_Biblioteca\Biblioteca_Manuais_e_Cursos\Manuais\MGIS - Modelo Maturidade de Dado MMD.pdf","","3274161","E:\Thiago\Dev\PCA_Multiexercicio_Referencias\Base Legal CLC - Atualizada Maio.2026\_ARQUIVAR\Manuais, cadernos, cursos e outros\Manuais\MGIS - Modelo Maturidade de Dado MMD.pdf"
"B-E/PCA_Referencias/Base_Legal","DUPLICADO","Ministério da Fazenda e Ministério da Gestão- IA Generativa no serviço público – Definições, usos e boas prát.pdf",".pdf","_DUPLICADOS_para_arquivar\Ministério da Fazenda e Ministério da Gestão- IA Generativa no serviço público – Definições, usos e boas prát.pdf","Repetido em: E:\Thiago\Dev\PCA_Multiexercicio_Referencias\Base Legal CLC - Atualizada Maio.2026\_ARQUIVAR\Manuais, cadernos, cursos e outros\Manuais\ia-generativa-no-servico-publico.pdf","2733856","E:\Thiago\Dev\PCA_Multiexercicio_Referencias\Base Legal CLC - Atualizada Maio.2026\_ARQUIVAR\Manuais, cadernos, cursos e outros\Manuais\Ministério da Fazenda e Ministério da Gestão- IA Generativa no serviço público – Definições, usos e boas prát.pdf"
"B-E/PCA_Referencias/Base_Legal","DUPLICADO","Ministério da gestão – Manual do usuário - API de dados abertos do Compras.gov.br - Fev-2026.pdf",".pdf","_DUPLICADOS_para_arquivar\Ministério da gestão – Manual do usuário - API de dados abertos do Compras.gov.br - Fev-2026.pdf","Já existe na mestra: mestra\06_Paineis_e_Contratos_Historicos\manual-api-compras.pdf","1362013","E:\Thiago\Dev\PCA_Multiexercicio_Referencias\Base Legal CLC - Atualizada Maio.2026\_ARQUIVAR\Manuais, cadernos, cursos e outros\Manuais\Ministério da gestão – Manual do usuário - API de dados abertos do Compras.gov.br - Fev-2026.pdf"
"B-E/PCA_Referencias/Base_Legal","DUPLICADO","Modelo - Termo de Justificativa de Dispensa sem Disputa.pdf",".pdf","_DUPLICADOS_para_arquivar\Modelo - Termo de Justificativa de Dispensa sem Disputa.pdf","Já existe na mestra: mestra\05_Doutrina_e_Biblioteca\Biblioteca_Manuais_e_Cursos\Modelo - Termo de Justificativa de Dispensa sem Disputa.pdf","227639","E:\Thiago\Dev\PCA_Multiexercicio_Referencias\Base Legal CLC - Atualizada Maio.2026\_ARQUIVAR\Manuais, cadernos, cursos e outros\Manuais\Modelo - Termo de Justificativa de Dispensa sem Disputa.pdf"
"B-E/PCA_Referencias/Base_Legal","MOVER","MPBA - Cadastro no Compras Gov - Dispensas e Inex.pdf",".pdf","05_Doutrina_e_Biblioteca\Biblioteca_Manuais_e_Cursos\Manuais\MPBA - Cadastro no Compras Gov - Dispensas e Inex.pdf","","811678","E:\Thiago\Dev\PCA_Multiexercicio_Referencias\Base Legal CLC - Atualizada Maio.2026\_ARQUIVAR\Manuais, cadernos, cursos e outros\Manuais\MPBA - Cadastro no Compras Gov - Dispensas e Inex.pdf"
"B-E/PCA_Referencias/Base_Legal","MOVER","Nota Técnica 5-2024 (Dispensa Licitação Eletrônica).pdf",".pdf","05_Doutrina_e_Biblioteca\Biblioteca_Manuais_e_Cursos\Manuais\Nota Técnica 5-2024 (Dispensa Licitação Eletrônica).pdf","","329177","E:\Thiago\Dev\PCA_Multiexercicio_Referencias\Base Legal CLC - Atualizada Maio.2026\_ARQUIVAR\Manuais, cadernos, cursos e outros\Manuais\Nota Técnica 5-2024 (Dispensa Licitação Eletrônica).pdf"
"B-E/PCA_Referencias/Base_Legal","MOVER","NOTA TÉCNICA CONJUNTA ATRICON-IRB Nº 01-2026.pdf",".pdf","05_Doutrina_e_Biblioteca\Biblioteca_Manuais_e_Cursos\Manuais\NOTA TÉCNICA CONJUNTA ATRICON-IRB Nº 01-2026.pdf","","493618","E:\Thiago\Dev\PCA_Multiexercicio_Referencias\Base Legal CLC - Atualizada Maio.2026\_ARQUIVAR\Manuais, cadernos, cursos e outros\Manuais\NOTA TÉCNICA CONJUNTA ATRICON-IRB Nº 01-2026.pdf"
"B-E/PCA_Referencias/Base_Legal","MOVER","Nota Técnica N° 18_2026 - Leis.org.pdf",".pdf","05_Doutrina_e_Biblioteca\Biblioteca_Manuais_e_Cursos\Manuais\Nota Técnica N° 18_2026 - Leis.org.pdf","","9021810","E:\Thiago\Dev\PCA_Multiexercicio_Referencias\Base Legal CLC - Atualizada Maio.2026\_ARQUIVAR\Manuais, cadernos, cursos e outros\Manuais\Nota Técnica N° 18_2026 - Leis.org.pdf"
"B-E/PCA_Referencias/Base_Legal","DUPLICADO","Operacionalização do Sistema - Jamil Manasfi.pdf",".pdf","_DUPLICADOS_para_arquivar\Operacionalização do Sistema - Jamil Manasfi.pdf","Já existe na mestra: mestra\05_Doutrina_e_Biblioteca\Biblioteca_Manuais_e_Cursos\Operacionalização do Sistema - Jamil Manasfi.pdf","39223454","E:\Thiago\Dev\PCA_Multiexercicio_Referencias\Base Legal CLC - Atualizada Maio.2026\_ARQUIVAR\Manuais, cadernos, cursos e outros\Manuais\Operacionalização do Sistema - Jamil Manasfi.pdf"
"B-E/PCA_Referencias/Base_Legal","DUPLICADO","Operacionalização do Sistema - Vanessa Ventura.pdf",".pdf","_DUPLICADOS_para_arquivar\Operacionalização do Sistema - Vanessa Ventura.pdf","Já existe na mestra: mestra\05_Doutrina_e_Biblioteca\Biblioteca_Manuais_e_Cursos\Operacionalização do Sistema - Vanessa Ventura.pdf","14415635","E:\Thiago\Dev\PCA_Multiexercicio_Referencias\Base Legal CLC - Atualizada Maio.2026\_ARQUIVAR\Manuais, cadernos, cursos e outros\Manuais\Operacionalização do Sistema - Vanessa Ventura.pdf"
"B-E/PCA_Referencias/Base_Legal","MOVER","ORIENTACAO-TECNICA-REEQUILIBRIO-ECONOMICO-FINANCEIRO.pdf",".pdf","05_Doutrina_e_Biblioteca\Biblioteca_Manuais_e_Cursos\Manuais\ORIENTACAO-TECNICA-REEQUILIBRIO-ECONOMICO-FINANCEIRO.pdf","","363626","E:\Thiago\Dev\PCA_Multiexercicio_Referencias\Base Legal CLC - Atualizada Maio.2026\_ARQUIVAR\Manuais, cadernos, cursos e outros\Manuais\ORIENTACAO-TECNICA-REEQUILIBRIO-ECONOMICO-FINANCEIRO.pdf"
"B-E/PCA_Referencias/Base_Legal","DUPLICADO","OrientaessobreasEvoluesdaCompraDireta.pdf",".pdf","_DUPLICADOS_para_arquivar\OrientaessobreasEvoluesdaCompraDireta.pdf","Já existe na mestra: mestra\05_Doutrina_e_Biblioteca\Biblioteca_Manuais_e_Cursos\OrientaessobreasEvoluesdaCompraDireta.pdf","9295381","E:\Thiago\Dev\PCA_Multiexercicio_Referencias\Base Legal CLC - Atualizada Maio.2026\_ARQUIVAR\Manuais, cadernos, cursos e outros\Manuais\OrientaessobreasEvoluesdaCompraDireta.pdf"
"B-E/PCA_Referencias/Base_Legal","MOVER","Palestra - Aplicações e Limitações de Inteligência Artificial no Controle Externo.pdf",".pdf","05_Doutrina_e_Biblioteca\Biblioteca_Manuais_e_Cursos\Manuais\Palestra - Aplicações e Limitações de Inteligência Artificial no Controle Externo.pdf","","6293781","E:\Thiago\Dev\PCA_Multiexercicio_Referencias\Base Legal CLC - Atualizada Maio.2026\_ARQUIVAR\Manuais, cadernos, cursos e outros\Manuais\Palestra - Aplicações e Limitações de Inteligência Artificial no Controle Externo.pdf"
"B-E/PCA_Referencias/Base_Legal","MOVER","Palestra - Inventário de Riscos e Controles nas contratações públicas.pdf",".pdf","05_Doutrina_e_Biblioteca\Biblioteca_Manuais_e_Cursos\Manuais\Palestra - Inventário de Riscos e Controles nas contratações públicas.pdf","","4833405","E:\Thiago\Dev\PCA_Multiexercicio_Referencias\Base Legal CLC - Atualizada Maio.2026\_ARQUIVAR\Manuais, cadernos, cursos e outros\Manuais\Palestra - Inventário de Riscos e Controles nas contratações públicas.pdf"
"B-E/PCA_Referencias/Base_Legal","MOVER","PARECER n. 00003-2025-GAB-CGU-CGU-AGU.pdf",".pdf","05_Doutrina_e_Biblioteca\Biblioteca_Manuais_e_Cursos\Manuais\PARECER n. 00003-2025-GAB-CGU-CGU-AGU.pdf","","175178","E:\Thiago\Dev\PCA_Multiexercicio_Referencias\Base Legal CLC - Atualizada Maio.2026\_ARQUIVAR\Manuais, cadernos, cursos e outros\Manuais\PARECER n. 00003-2025-GAB-CGU-CGU-AGU.pdf"
"B-E/PCA_Referencias/Base_Legal","MOVER","PARECER n. 00004-2025-CNLCA-CGU-AGU.pdf",".pdf","05_Doutrina_e_Biblioteca\Biblioteca_Manuais_e_Cursos\Manuais\PARECER n. 00004-2025-CNLCA-CGU-AGU.pdf","","397098","E:\Thiago\Dev\PCA_Multiexercicio_Referencias\Base Legal CLC - Atualizada Maio.2026\_ARQUIVAR\Manuais, cadernos, cursos e outros\Manuais\PARECER n. 00004-2025-CNLCA-CGU-AGU.pdf"
"B-E/PCA_Referencias/Base_Legal","MOVER","PARECER n. 00005-2025-DECOR-CGU-AGU.pdf",".pdf","05_Doutrina_e_Biblioteca\Biblioteca_Manuais_e_Cursos\Manuais\PARECER n. 00005-2025-DECOR-CGU-AGU.pdf","","438420","E:\Thiago\Dev\PCA_Multiexercicio_Referencias\Base Legal CLC - Atualizada Maio.2026\_ARQUIVAR\Manuais, cadernos, cursos e outros\Manuais\PARECER n. 00005-2025-DECOR-CGU-AGU.pdf"
"B-E/PCA_Referencias/Base_Legal","MOVER","PARECER n. 00006-2025-GAB-DECOR-CGU-AGU.pdf",".pdf","05_Doutrina_e_Biblioteca\Biblioteca_Manuais_e_Cursos\Manuais\PARECER n. 00006-2025-GAB-DECOR-CGU-AGU.pdf","","276061","E:\Thiago\Dev\PCA_Multiexercicio_Referencias\Base Legal CLC - Atualizada Maio.2026\_ARQUIVAR\Manuais, cadernos, cursos e outros\Manuais\PARECER n. 00006-2025-GAB-DECOR-CGU-AGU.pdf"
"B-E/PCA_Referencias/Base_Legal","MOVER","PARECER n. 00006-2025CNLCA-CGU-AGU.pdf",".pdf","05_Doutrina_e_Biblioteca\Biblioteca_Manuais_e_Cursos\Manuais\PARECER n. 00006-2025CNLCA-CGU-AGU.pdf","","275794","E:\Thiago\Dev\PCA_Multiexercicio_Referencias\Base Legal CLC - Atualizada Maio.2026\_ARQUIVAR\Manuais, cadernos, cursos e outros\Manuais\PARECER n. 00006-2025CNLCA-CGU-AGU.pdf"
"B-E/PCA_Referencias/Base_Legal","MOVER","PARECER n. 00019-2025-DECOR-CGU-AGU.pdf",".pdf","05_Doutrina_e_Biblioteca\Biblioteca_Manuais_e_Cursos\Manuais\PARECER n. 00019-2025-DECOR-CGU-AGU.pdf","","334911","E:\Thiago\Dev\PCA_Multiexercicio_Referencias\Base Legal CLC - Atualizada Maio.2026\_ARQUIVAR\Manuais, cadernos, cursos e outros\Manuais\PARECER n. 00019-2025-DECOR-CGU-AGU.pdf"
"B-E/PCA_Referencias/Base_Legal","MOVER","PARECER n. 00196-2024-E-CJU-SCOM-CGU-AGU.pdf",".pdf","05_Doutrina_e_Biblioteca\Biblioteca_Manuais_e_Cursos\Manuais\PARECER n. 00196-2024-E-CJU-SCOM-CGU-AGU.pdf","","349512","E:\Thiago\Dev\PCA_Multiexercicio_Referencias\Base Legal CLC - Atualizada Maio.2026\_ARQUIVAR\Manuais, cadernos, cursos e outros\Manuais\PARECER n. 00196-2024-E-CJU-SCOM-CGU-AGU.pdf"
"B-E/PCA_Referencias/Base_Legal","MOVER","PARECER n. 00261-2024-E-CJU-SCOM-CGU-AGU.pdf",".pdf","05_Doutrina_e_Biblioteca\Biblioteca_Manuais_e_Cursos\Manuais\PARECER n. 00261-2024-E-CJU-SCOM-CGU-AGU.pdf","","271327","E:\Thiago\Dev\PCA_Multiexercicio_Referencias\Base Legal CLC - Atualizada Maio.2026\_ARQUIVAR\Manuais, cadernos, cursos e outros\Manuais\PARECER n. 00261-2024-E-CJU-SCOM-CGU-AGU.pdf"
"B-E/PCA_Referencias/Base_Legal","MOVER","PARECER n. 00860-2023-ADV-E-CJU-SCOM-CGU-AGU.pdf",".pdf","05_Doutrina_e_Biblioteca\Biblioteca_Manuais_e_Cursos\Manuais\PARECER n. 00860-2023-ADV-E-CJU-SCOM-CGU-AGU.pdf","","296634","E:\Thiago\Dev\PCA_Multiexercicio_Referencias\Base Legal CLC - Atualizada Maio.2026\_ARQUIVAR\Manuais, cadernos, cursos e outros\Manuais\PARECER n. 00860-2023-ADV-E-CJU-SCOM-CGU-AGU.pdf"
"B-E/PCA_Referencias/Base_Legal","MOVER","PARECER n. 00880-2023-ADV-E-CJU-SCOM-CGU-AGU.pdf",".pdf","05_Doutrina_e_Biblioteca\Biblioteca_Manuais_e_Cursos\Manuais\PARECER n. 00880-2023-ADV-E-CJU-SCOM-CGU-AGU.pdf","","268802","E:\Thiago\Dev\PCA_Multiexercicio_Referencias\Base Legal CLC - Atualizada Maio.2026\_ARQUIVAR\Manuais, cadernos, cursos e outros\Manuais\PARECER n. 00880-2023-ADV-E-CJU-SCOM-CGU-AGU.pdf"
"B-E/PCA_Referencias/Base_Legal","MOVER","PARECER Nº 00002-2025-CNLCA-CGU-AGU.pdf",".pdf","05_Doutrina_e_Biblioteca\Biblioteca_Manuais_e_Cursos\Manuais\PARECER Nº 00002-2025-CNLCA-CGU-AGU.pdf","","241546","E:\Thiago\Dev\PCA_Multiexercicio_Referencias\Base Legal CLC - Atualizada Maio.2026\_ARQUIVAR\Manuais, cadernos, cursos e outros\Manuais\PARECER Nº 00002-2025-CNLCA-CGU-AGU.pdf"
"B-E/PCA_Referencias/Base_Legal","DUPLICADO","PARECER Nº 00004-2024-CGEST-CGU-AGU.pdf",".pdf","_DUPLICADOS_para_arquivar\PARECER Nº 00004-2024-CGEST-CGU-AGU.pdf","Já existe na mestra: mestra\05_Doutrina_e_Biblioteca\Biblioteca_Manuais_e_Cursos\PARECER Nº 00004-2024-CGEST-CGU-AGU.pdf","5740156","E:\Thiago\Dev\PCA_Multiexercicio_Referencias\Base Legal CLC - Atualizada Maio.2026\_ARQUIVAR\Manuais, cadernos, cursos e outros\Manuais\PARECER Nº 00004-2024-CGEST-CGU-AGU.pdf"
"B-E/PCA_Referencias/Base_Legal","MOVER","PARECER Nº 00005-2025-CNLCA-CGU-AGU.pdf",".pdf","05_Doutrina_e_Biblioteca\Biblioteca_Manuais_e_Cursos\Manuais\PARECER Nº 00005-2025-CNLCA-CGU-AGU.pdf","","292775","E:\Thiago\Dev\PCA_Multiexercicio_Referencias\Base Legal CLC - Atualizada Maio.2026\_ARQUIVAR\Manuais, cadernos, cursos e outros\Manuais\PARECER Nº 00005-2025-CNLCA-CGU-AGU.pdf"
"B-E/PCA_Referencias/Base_Legal","MOVER","PARECER Nº 00015-2024-CNLCA-CGU-AGU.pdf",".pdf","05_Doutrina_e_Biblioteca\Biblioteca_Manuais_e_Cursos\Manuais\PARECER Nº 00015-2024-CNLCA-CGU-AGU.pdf","","201734","E:\Thiago\Dev\PCA_Multiexercicio_Referencias\Base Legal CLC - Atualizada Maio.2026\_ARQUIVAR\Manuais, cadernos, cursos e outros\Manuais\PARECER Nº 00015-2024-CNLCA-CGU-AGU.pdf"
"B-E/PCA_Referencias/Base_Legal","MOVER","PARECER Nº 00017-2024-CNLCA-CGU-AGU.pdf",".pdf","05_Doutrina_e_Biblioteca\Biblioteca_Manuais_e_Cursos\Manuais\PARECER Nº 00017-2024-CNLCA-CGU-AGU.pdf","","443810","E:\Thiago\Dev\PCA_Multiexercicio_Referencias\Base Legal CLC - Atualizada Maio.2026\_ARQUIVAR\Manuais, cadernos, cursos e outros\Manuais\PARECER Nº 00017-2024-CNLCA-CGU-AGU.pdf"
"B-E/PCA_Referencias/Base_Legal","MOVER","PARECER Nº 00019-2024-CNLCA-CGU-AGU.pdf",".pdf","05_Doutrina_e_Biblioteca\Biblioteca_Manuais_e_Cursos\Manuais\PARECER Nº 00019-2024-CNLCA-CGU-AGU.pdf","","500691","E:\Thiago\Dev\PCA_Multiexercicio_Referencias\Base Legal CLC - Atualizada Maio.2026\_ARQUIVAR\Manuais, cadernos, cursos e outros\Manuais\PARECER Nº 00019-2024-CNLCA-CGU-AGU.pdf"
"B-E/PCA_Referencias/Base_Legal","MOVER","PARECER Nº 00023-2025-CGAQ-BSB-SCGP-CGU-AGU (1).pdf",".pdf","05_Doutrina_e_Biblioteca\Biblioteca_Manuais_e_Cursos\Manuais\PARECER Nº 00023-2025-CGAQ-BSB-SCGP-CGU-AGU (1).pdf","","197976","E:\Thiago\Dev\PCA_Multiexercicio_Referencias\Base Legal CLC - Atualizada Maio.2026\_ARQUIVAR\Manuais, cadernos, cursos e outros\Manuais\PARECER Nº 00023-2025-CGAQ-BSB-SCGP-CGU-AGU (1).pdf"
"B-E/PCA_Referencias/Base_Legal","DUPLICADO","PARECER Nº 00023-2025-CGAQ-BSB-SCGP-CGU-AGU.pdf",".pdf","_DUPLICADOS_para_arquivar\PARECER Nº 00023-2025-CGAQ-BSB-SCGP-CGU-AGU.pdf","Repetido em: E:\Thiago\Dev\PCA_Multiexercicio_Referencias\Base Legal CLC - Atualizada Maio.2026\_ARQUIVAR\Manuais, cadernos, cursos e outros\Manuais\PARECER Nº 00023-2025-CGAQ-BSB-SCGP-CGU-AGU (1).pdf","197976","E:\Thiago\Dev\PCA_Multiexercicio_Referencias\Base Legal CLC - Atualizada Maio.2026\_ARQUIVAR\Manuais, cadernos, cursos e outros\Manuais\PARECER Nº 00023-2025-CGAQ-BSB-SCGP-CGU-AGU.pdf"
"B-E/PCA_Referencias/Base_Legal","MOVER","PARECER Nº 00060-2024-DECOR-CGU-AGU (1).pdf",".pdf","05_Doutrina_e_Biblioteca\Biblioteca_Manuais_e_Cursos\Manuais\PARECER Nº 00060-2024-DECOR-CGU-AGU (1).pdf","","210192","E:\Thiago\Dev\PCA_Multiexercicio_Referencias\Base Legal CLC - Atualizada Maio.2026\_ARQUIVAR\Manuais, cadernos, cursos e outros\Manuais\PARECER Nº 00060-2024-DECOR-CGU-AGU (1).pdf"
"B-E/PCA_Referencias/Base_Legal","DUPLICADO","PARECER Nº 00060-2024-DECOR-CGU-AGU.pdf",".pdf","_DUPLICADOS_para_arquivar\PARECER Nº 00060-2024-DECOR-CGU-AGU.pdf","Repetido em: E:\Thiago\Dev\PCA_Multiexercicio_Referencias\Base Legal CLC - Atualizada Maio.2026\_ARQUIVAR\Manuais, cadernos, cursos e outros\Manuais\PARECER Nº 00060-2024-DECOR-CGU-AGU (1).pdf","210192","E:\Thiago\Dev\PCA_Multiexercicio_Referencias\Base Legal CLC - Atualizada Maio.2026\_ARQUIVAR\Manuais, cadernos, cursos e outros\Manuais\PARECER Nº 00060-2024-DECOR-CGU-AGU.pdf"
"B-E/PCA_Referencias/Base_Legal","MOVER","PARECER Nº 4632024-PLCCAPGM - Contratação direta por dispensa de licitação.pdf",".pdf","05_Doutrina_e_Biblioteca\Biblioteca_Manuais_e_Cursos\Manuais\PARECER Nº 4632024-PLCCAPGM - Contratação direta por dispensa de licitação.pdf","","217344","E:\Thiago\Dev\PCA_Multiexercicio_Referencias\Base Legal CLC - Atualizada Maio.2026\_ARQUIVAR\Manuais, cadernos, cursos e outros\Manuais\PARECER Nº 4632024-PLCCAPGM - Contratação direta por dispensa de licitação.pdf"
"B-E/PCA_Referencias/Base_Legal","MOVER","Parecer1774358321.pdf",".pdf","05_Doutrina_e_Biblioteca\Biblioteca_Manuais_e_Cursos\Manuais\Parecer1774358321.pdf","","411337","E:\Thiago\Dev\PCA_Multiexercicio_Referencias\Base Legal CLC - Atualizada Maio.2026\_ARQUIVAR\Manuais, cadernos, cursos e outros\Manuais\Parecer1774358321.pdf"
"B-E/PCA_Referencias/Base_Legal","MOVER","Parecer1776093267.pdf",".pdf","05_Doutrina_e_Biblioteca\Biblioteca_Manuais_e_Cursos\Manuais\Parecer1776093267.pdf","","613284","E:\Thiago\Dev\PCA_Multiexercicio_Referencias\Base Legal CLC - Atualizada Maio.2026\_ARQUIVAR\Manuais, cadernos, cursos e outros\Manuais\Parecer1776093267.pdf"
"B-E/PCA_Referencias/Base_Legal","MOVER","PARECERn000022022CPLCdosimetriapenalidadecontratual.pdf",".pdf","05_Doutrina_e_Biblioteca\Biblioteca_Manuais_e_Cursos\Manuais\PARECERn000022022CPLCdosimetriapenalidadecontratual.pdf","","330874","E:\Thiago\Dev\PCA_Multiexercicio_Referencias\Base Legal CLC - Atualizada Maio.2026\_ARQUIVAR\Manuais, cadernos, cursos e outros\Manuais\PARECERn000022022CPLCdosimetriapenalidadecontratual.pdf"
"B-E/PCA_Referencias/Base_Legal","DUPLICADO","PassoapassoPGC.pdf",".pdf","_DUPLICADOS_para_arquivar\PassoapassoPGC.pdf","Já existe na mestra: mestra\05_Doutrina_e_Biblioteca\Biblioteca_Manuais_e_Cursos\PassoapassoPGC.pdf","7714166","E:\Thiago\Dev\PCA_Multiexercicio_Referencias\Base Legal CLC - Atualizada Maio.2026\_ARQUIVAR\Manuais, cadernos, cursos e outros\Manuais\PassoapassoPGC.pdf"
"B-E/PCA_Referencias/Base_Legal","MOVER","Perguntas e Respostas- Licitações e Contratações.pdf",".pdf","05_Doutrina_e_Biblioteca\Biblioteca_Manuais_e_Cursos\Manuais\Perguntas e Respostas- Licitações e Contratações.pdf","","3680348","E:\Thiago\Dev\PCA_Multiexercicio_Referencias\Base Legal CLC - Atualizada Maio.2026\_ARQUIVAR\Manuais, cadernos, cursos e outros\Manuais\Perguntas e Respostas- Licitações e Contratações.pdf"
"B-E/PCA_Referencias/Base_Legal","DUPLICADO","Pesquisa de Preços Nas contratações Publicas 3.pdf",".pdf","_DUPLICADOS_para_arquivar\Pesquisa de Preços Nas contratações Publicas 3.pdf","Já existe na mestra: mestra\05_Doutrina_e_Biblioteca\Biblioteca_Manuais_e_Cursos\Pesquisa de Preços Nas contratações Publicas 3.pdf","1114986","E:\Thiago\Dev\PCA_Multiexercicio_Referencias\Base Legal CLC - Atualizada Maio.2026\_ARQUIVAR\Manuais, cadernos, cursos e outros\Manuais\Pesquisa de Preços Nas contratações Publicas 3.pdf"
"B-E/PCA_Referencias/Base_Legal","MOVER","PGE PI - Lista Pequeno Valor - Serviços e Compras - DOE.pdf",".pdf","05_Doutrina_e_Biblioteca\Biblioteca_Manuais_e_Cursos\Manuais\PGE PI - Lista Pequeno Valor - Serviços e Compras - DOE.pdf","","1301553","E:\Thiago\Dev\PCA_Multiexercicio_Referencias\Base Legal CLC - Atualizada Maio.2026\_ARQUIVAR\Manuais, cadernos, cursos e outros\Manuais\PGE PI - Lista Pequeno Valor - Serviços e Compras - DOE.pdf"
"B-E/PCA_Referencias/Base_Legal","MOVER","Planejamento_ fundamento legal par.pdf",".pdf","05_Doutrina_e_Biblioteca\Biblioteca_Manuais_e_Cursos\Manuais\Planejamento_ fundamento legal par.pdf","","307607","E:\Thiago\Dev\PCA_Multiexercicio_Referencias\Base Legal CLC - Atualizada Maio.2026\_ARQUIVAR\Manuais, cadernos, cursos e outros\Manuais\Planejamento_ fundamento legal par.pdf"
"B-E/PCA_Referencias/Base_Legal","MOVER","PORTARIA SEGES_ME Nº 8.678, DE 19 DE JULHO DE 2021 — Portal de Compras do Governo Federal.pdf",".pdf","05_Doutrina_e_Biblioteca\Biblioteca_Manuais_e_Cursos\Manuais\PORTARIA SEGES_ME Nº 8.678, DE 19 DE JULHO DE 2021 — Portal de Compras do Governo Federal.pdf","","436230","E:\Thiago\Dev\PCA_Multiexercicio_Referencias\Base Legal CLC - Atualizada Maio.2026\_ARQUIVAR\Manuais, cadernos, cursos e outros\Manuais\PORTARIA SEGES_ME Nº 8.678, DE 19 DE JULHO DE 2021 — Portal de Compras do Governo Federal.pdf"
"B-E/PCA_Referencias/Base_Legal","MOVER","Publicação - 2º Simpósio de Licitações e Contratos da Justiça Federal - Enunciados aprovados.pdf",".pdf","05_Doutrina_e_Biblioteca\Biblioteca_Manuais_e_Cursos\Manuais\Publicação - 2º Simpósio de Licitações e Contratos da Justiça Federal - Enunciados aprovados.pdf","","620271","E:\Thiago\Dev\PCA_Multiexercicio_Referencias\Base Legal CLC - Atualizada Maio.2026\_ARQUIVAR\Manuais, cadernos, cursos e outros\Manuais\Publicação - 2º Simpósio de Licitações e Contratos da Justiça Federal - Enunciados aprovados.pdf"
"B-E/PCA_Referencias/Base_Legal","MOVER","Publicação - cgu_ementarioaquisicoes_a4_2026.pdf",".pdf","05_Doutrina_e_Biblioteca\Biblioteca_Manuais_e_Cursos\Manuais\Publicação - cgu_ementarioaquisicoes_a4_2026.pdf","","9205406","E:\Thiago\Dev\PCA_Multiexercicio_Referencias\Base Legal CLC - Atualizada Maio.2026\_ARQUIVAR\Manuais, cadernos, cursos e outros\Manuais\Publicação - cgu_ementarioaquisicoes_a4_2026.pdf"
"B-E/PCA_Referencias/Base_Legal","MOVER","Publicação - ETP - UFJF.pdf",".pdf","05_Doutrina_e_Biblioteca\Biblioteca_Manuais_e_Cursos\Manuais\Publicação - ETP - UFJF.pdf","","311677","E:\Thiago\Dev\PCA_Multiexercicio_Referencias\Base Legal CLC - Atualizada Maio.2026\_ARQUIVAR\Manuais, cadernos, cursos e outros\Manuais\Publicação - ETP - UFJF.pdf"
"B-E/PCA_Referencias/Base_Legal","MOVER","Referencial_Licitacoes_Contratos_TCESC.pdf",".pdf","05_Doutrina_e_Biblioteca\Biblioteca_Manuais_e_Cursos\Manuais\Referencial_Licitacoes_Contratos_TCESC.pdf","","4830724","E:\Thiago\Dev\PCA_Multiexercicio_Referencias\Base Legal CLC - Atualizada Maio.2026\_ARQUIVAR\Manuais, cadernos, cursos e outros\Manuais\Referencial_Licitacoes_Contratos_TCESC.pdf"
"B-E/PCA_Referencias/Base_Legal","MOVER","Relatório - CGU – Relatório de Avaliação- impacto do uso do orçamento sigiloso e dos modos de disputa.pdf",".pdf","05_Doutrina_e_Biblioteca\Biblioteca_Manuais_e_Cursos\Manuais\Relatório - CGU – Relatório de Avaliação- impacto do uso do orçamento sigiloso e dos modos de disputa.pdf","","1742978","E:\Thiago\Dev\PCA_Multiexercicio_Referencias\Base Legal CLC - Atualizada Maio.2026\_ARQUIVAR\Manuais, cadernos, cursos e outros\Manuais\Relatório - CGU – Relatório de Avaliação- impacto do uso do orçamento sigiloso e dos modos de disputa.pdf"
"B-E/PCA_Referencias/Base_Legal","DUPLICADO","Sem Singularidade não há Inexigibilidade.pdf",".pdf","_DUPLICADOS_para_arquivar\Sem Singularidade não há Inexigibilidade.pdf","Repetido em: E:\Thiago\Dev\PCA_Multiexercicio_Referencias\Base Legal CLC - Atualizada Maio.2026\_ARQUIVAR\Manuais, cadernos, cursos e outros\Manuais\Artigo - Sem Singularidade não há Inexigibilidade.pdf","146360","E:\Thiago\Dev\PCA_Multiexercicio_Referencias\Base Legal CLC - Atualizada Maio.2026\_ARQUIVAR\Manuais, cadernos, cursos e outros\Manuais\Sem Singularidade não há Inexigibilidade.pdf"
"B-E/PCA_Referencias/Base_Legal","DUPLICADO","Slides - 50 Erros mais Comuns em Licitações.pdf",".pdf","_DUPLICADOS_para_arquivar\Slides - 50 Erros mais Comuns em Licitações.pdf","Já existe na mestra: mestra\05_Doutrina_e_Biblioteca\Biblioteca_Manuais_e_Cursos\Slides - 50 Erros mais Comuns em Licitações.pdf","337070","E:\Thiago\Dev\PCA_Multiexercicio_Referencias\Base Legal CLC - Atualizada Maio.2026\_ARQUIVAR\Manuais, cadernos, cursos e outros\Manuais\Slides - 50 Erros mais Comuns em Licitações.pdf"
"B-E/PCA_Referencias/Base_Legal","DUPLICADO","Slides - IA Aplicada nas Licitações.pdf",".pdf","_DUPLICADOS_para_arquivar\Slides - IA Aplicada nas Licitações.pdf","Já existe na mestra: mestra\05_Doutrina_e_Biblioteca\Biblioteca_Manuais_e_Cursos\Slides - IA Aplicada nas Licitações.pdf","32637318","E:\Thiago\Dev\PCA_Multiexercicio_Referencias\Base Legal CLC - Atualizada Maio.2026\_ARQUIVAR\Manuais, cadernos, cursos e outros\Manuais\Slides - IA Aplicada nas Licitações.pdf"
"B-E/PCA_Referencias/Base_Legal","MOVER","TCC - ETP - O Dilema entre Necessidade e Solução.pdf",".pdf","05_Doutrina_e_Biblioteca\Biblioteca_Manuais_e_Cursos\Manuais\TCC - ETP - O Dilema entre Necessidade e Solução.pdf","","5908151","E:\Thiago\Dev\PCA_Multiexercicio_Referencias\Base Legal CLC - Atualizada Maio.2026\_ARQUIVAR\Manuais, cadernos, cursos e outros\Manuais\TCC - ETP - O Dilema entre Necessidade e Solução.pdf"
"B-E/PCA_Referencias/Base_Legal","DUPLICADO","TCE-PR – Cartilha de Obras e Serviços de Engenharia- estudo técnico preliminar.pdf",".pdf","_DUPLICADOS_para_arquivar\TCE-PR – Cartilha de Obras e Serviços de Engenharia- estudo técnico preliminar.pdf","Já existe na mestra: mestra\05_Doutrina_e_Biblioteca\Biblioteca_Manuais_e_Cursos\TCE-PR – Cartilha de Obras e Serviços de Engenharia- estudo técnico preliminar.pdf","4106159","E:\Thiago\Dev\PCA_Multiexercicio_Referencias\Base Legal CLC - Atualizada Maio.2026\_ARQUIVAR\Manuais, cadernos, cursos e outros\Manuais\TCE-PR – Cartilha de Obras e Serviços de Engenharia- estudo técnico preliminar.pdf"
"B-E/PCA_Referencias/Base_Legal","MOVER","TCE-RS – Conclusões Técnicas da Comissão de Estudos da Nova Lei de Licitações e Contratos para a Fiscalização.pdf",".pdf","05_Doutrina_e_Biblioteca\Biblioteca_Manuais_e_Cursos\Manuais\TCE-RS – Conclusões Técnicas da Comissão de Estudos da Nova Lei de Licitações e Contratos para a Fiscalização.pdf","","6931246","E:\Thiago\Dev\PCA_Multiexercicio_Referencias\Base Legal CLC - Atualizada Maio.2026\_ARQUIVAR\Manuais, cadernos, cursos e outros\Manuais\TCE-RS – Conclusões Técnicas da Comissão de Estudos da Nova Lei de Licitações e Contratos para a Fiscalização.pdf"
"B-E/PCA_Referencias/Base_Legal","MOVER","TCE-SC - NOTA TÉCNICA Nº TC-19-2026.pdf",".pdf","05_Doutrina_e_Biblioteca\Biblioteca_Manuais_e_Cursos\Manuais\TCE-SC - NOTA TÉCNICA Nº TC-19-2026.pdf","","341481","E:\Thiago\Dev\PCA_Multiexercicio_Referencias\Base Legal CLC - Atualizada Maio.2026\_ARQUIVAR\Manuais, cadernos, cursos e outros\Manuais\TCE-SC - NOTA TÉCNICA Nº TC-19-2026.pdf"
"B-E/PCA_Referencias/Base_Legal","MOVER","TCE-SC – Perguntas e respostas- licitações e contratos (edição 1 - 2025).pdf",".pdf","05_Doutrina_e_Biblioteca\Biblioteca_Manuais_e_Cursos\Manuais\TCE-SC – Perguntas e respostas- licitações e contratos (edição 1 - 2025).pdf","","2418649","E:\Thiago\Dev\PCA_Multiexercicio_Referencias\Base Legal CLC - Atualizada Maio.2026\_ARQUIVAR\Manuais, cadernos, cursos e outros\Manuais\TCE-SC – Perguntas e respostas- licitações e contratos (edição 1 - 2025).pdf"
"B-E/PCA_Referencias/Base_Legal","MOVER","TCU - Edital 001.2024 - Licitação Especial para Contratação de Solução Inovadora.pdf",".pdf","05_Doutrina_e_Biblioteca\Biblioteca_Manuais_e_Cursos\Manuais\TCU - Edital 001.2024 - Licitação Especial para Contratação de Solução Inovadora.pdf","","1934866","E:\Thiago\Dev\PCA_Multiexercicio_Referencias\Base Legal CLC - Atualizada Maio.2026\_ARQUIVAR\Manuais, cadernos, cursos e outros\Manuais\TCU - Edital 001.2024 - Licitação Especial para Contratação de Solução Inovadora.pdf"
"B-E/PCA_Referencias/Base_Legal","DUPLICADO","TCU – Transição Energética- guia prático de auditoria para instituições superiores de controle.pdf",".pdf","_DUPLICADOS_para_arquivar\TCU – Transição Energética- guia prático de auditoria para instituições superiores de controle.pdf","Já existe na mestra: mestra\05_Doutrina_e_Biblioteca\Biblioteca_Manuais_e_Cursos\TCU – Transição Energética- guia prático de auditoria para instituições superiores de controle.pdf","47461970","E:\Thiago\Dev\PCA_Multiexercicio_Referencias\Base Legal CLC - Atualizada Maio.2026\_ARQUIVAR\Manuais, cadernos, cursos e outros\Manuais\TCU – Transição Energética- guia prático de auditoria para instituições superiores de controle.pdf"
"B-E/PCA_Referencias/Base_Legal","DUPLICADO","TJMA - checklist_dispensa_eletronica_24_10_2023_19_20_10.pdf",".pdf","_DUPLICADOS_para_arquivar\TJMA - checklist_dispensa_eletronica_24_10_2023_19_20_10.pdf","Já existe na mestra: mestra\04_Sistemas_e_Catalogos\Manuais_Sistemas_Oficiais\TJMA - checklist_dispensa_eletronica_24_10_2023_19_20_10.pdf","83793","E:\Thiago\Dev\PCA_Multiexercicio_Referencias\Base Legal CLC - Atualizada Maio.2026\_ARQUIVAR\Manuais, cadernos, cursos e outros\Manuais\TJMA - checklist_dispensa_eletronica_24_10_2023_19_20_10.pdf"
"B-E/PCA_Referencias/Base_Legal","DUPLICADO","Transcrição.pdf",".pdf","_DUPLICADOS_para_arquivar\Transcrição.pdf","Já existe na mestra: mestra\05_Doutrina_e_Biblioteca\Biblioteca_Manuais_e_Cursos\Transcrição.pdf","309259","E:\Thiago\Dev\PCA_Multiexercicio_Referencias\Base Legal CLC - Atualizada Maio.2026\_ARQUIVAR\Manuais, cadernos, cursos e outros\Manuais\Transcrição.pdf"
"B-E/PCA_Referencias/Base_Legal","MOVER","Transformação do Estado no Brasil- desenhando compras públicas, empresas estatais e infraestrutura públic (1).pdf",".pdf","05_Doutrina_e_Biblioteca\Biblioteca_Manuais_e_Cursos\Manuais\Transformação do Estado no Brasil- desenhando compras públicas, empresas estatais e infraestrutura públic (1).pdf","","2189509","E:\Thiago\Dev\PCA_Multiexercicio_Referencias\Base Legal CLC - Atualizada Maio.2026\_ARQUIVAR\Manuais, cadernos, cursos e outros\Manuais\Transformação do Estado no Brasil- desenhando compras públicas, empresas estatais e infraestrutura públic (1).pdf"
"B-E/PCA_Referencias/Base_Legal","DUPLICADO","Transformação do Estado no Brasil- desenhando compras públicas, empresas estatais e infraestrutura pública di.pdf",".pdf","_DUPLICADOS_para_arquivar\Transformação do Estado no Brasil- desenhando compras públicas, empresas estatais e infraestrutura pública di.pdf","Repetido em: E:\Thiago\Dev\PCA_Multiexercicio_Referencias\Base Legal CLC - Atualizada Maio.2026\_ARQUIVAR\Manuais, cadernos, cursos e outros\Manuais\Transformação do Estado no Brasil- desenhando compras públicas, empresas estatais e infraestrutura públic (1).pdf","2189509","E:\Thiago\Dev\PCA_Multiexercicio_Referencias\Base Legal CLC - Atualizada Maio.2026\_ARQUIVAR\Manuais, cadernos, cursos e outros\Manuais\Transformação do Estado no Brasil- desenhando compras públicas, empresas estatais e infraestrutura pública di.pdf"
"B-E/PCA_Referencias/Base_Legal","MOVER","TutorialContrataesPresenciais.pdf",".pdf","05_Doutrina_e_Biblioteca\Biblioteca_Manuais_e_Cursos\Manuais\TutorialContrataesPresenciais.pdf","","12709564","E:\Thiago\Dev\PCA_Multiexercicio_Referencias\Base Legal CLC - Atualizada Maio.2026\_ARQUIVAR\Manuais, cadernos, cursos e outros\Manuais\TutorialContrataesPresenciais.pdf"
"B-E/PCA_Referencias/Base_Legal","MOVER","tutorial_dez.25_AlteraodeDocumentoHbilnoSistemaContratosGov.br.pdf",".pdf","05_Doutrina_e_Biblioteca\Biblioteca_Manuais_e_Cursos\Manuais\tutorial_dez.25_AlteraodeDocumentoHbilnoSistemaContratosGov.br.pdf","","3585843","E:\Thiago\Dev\PCA_Multiexercicio_Referencias\Base Legal CLC - Atualizada Maio.2026\_ARQUIVAR\Manuais, cadernos, cursos e outros\Manuais\tutorial_dez.25_AlteraodeDocumentoHbilnoSistemaContratosGov.br.pdf"
"B-E/PCA_Referencias/Base_Legal","DUPLICADO","UNIFESPA - Fluxo Descritivo das Contratações Diretas para ações de Desenv. e Capacitação.pdf",".pdf","_DUPLICADOS_para_arquivar\UNIFESPA - Fluxo Descritivo das Contratações Diretas para ações de Desenv. e Capacitação.pdf","Já existe na mestra: mestra\05_Doutrina_e_Biblioteca\Biblioteca_Manuais_e_Cursos\UNIFESPA - Fluxo Descritivo das Contratações Diretas para ações de Desenv. e Capacitação.pdf","336178","E:\Thiago\Dev\PCA_Multiexercicio_Referencias\Base Legal CLC - Atualizada Maio.2026\_ARQUIVAR\Manuais, cadernos, cursos e outros\Manuais\UNIFESPA - Fluxo Descritivo das Contratações Diretas para ações de Desenv. e Capacitação.pdf"
"B-E/PCA_Referencias/Base_Legal","MOVER","Zenite - 5 Erros que você não pode cometer com IA nas Contratações.pdf",".pdf","05_Doutrina_e_Biblioteca\Biblioteca_Manuais_e_Cursos\Manuais\Zenite - 5 Erros que você não pode cometer com IA nas Contratações.pdf","","3844556","E:\Thiago\Dev\PCA_Multiexercicio_Referencias\Base Legal CLC - Atualizada Maio.2026\_ARQUIVAR\Manuais, cadernos, cursos e outros\Manuais\Zenite - 5 Erros que você não pode cometer com IA nas Contratações.pdf"
"B-E/PCA_Referencias/Base_Legal","DUPLICADO","Zênite - Apresentação - Curso Habilitação nas Contratações Públicas.pdf",".pdf","_DUPLICADOS_para_arquivar\Zênite - Apresentação - Curso Habilitação nas Contratações Públicas.pdf","Já existe na mestra: mestra\05_Doutrina_e_Biblioteca\Biblioteca_Manuais_e_Cursos\Zênite - Apresentação - Curso Habilitação nas Contratações Públicas.pdf","7173005","E:\Thiago\Dev\PCA_Multiexercicio_Referencias\Base Legal CLC - Atualizada Maio.2026\_ARQUIVAR\Manuais, cadernos, cursos e outros\Manuais\Zênite - Apresentação - Curso Habilitação nas Contratações Públicas.pdf"
"B-E/PCA_Referencias/Base_Legal","DUPLICADO","Zênite - Compilado de Leis sobre Licitações e Contratos.pdf",".pdf","_DUPLICADOS_para_arquivar\Zênite - Compilado de Leis sobre Licitações e Contratos.pdf","Já existe na mestra: mestra\05_Doutrina_e_Biblioteca\Biblioteca_Manuais_e_Cursos\Zênite - Compilado de Leis sobre Licitações e Contratos.pdf","9449709","E:\Thiago\Dev\PCA_Multiexercicio_Referencias\Base Legal CLC - Atualizada Maio.2026\_ARQUIVAR\Manuais, cadernos, cursos e outros\Manuais\Zênite - Compilado de Leis sobre Licitações e Contratos.pdf"
"B-E/PCA_Referencias/Base_Legal","MOVER","Zênite - É possível que a Administração dispense a divulgação do aviso noscasos de dispensa em razão do valor.pdf",".pdf","05_Doutrina_e_Biblioteca\Biblioteca_Manuais_e_Cursos\Manuais\Zênite - É possível que a Administração dispense a divulgação do aviso noscasos de dispensa em razão do valor.pdf","","214581","E:\Thiago\Dev\PCA_Multiexercicio_Referencias\Base Legal CLC - Atualizada Maio.2026\_ARQUIVAR\Manuais, cadernos, cursos e outros\Manuais\Zênite - É possível que a Administração dispense a divulgação do aviso noscasos de dispensa em razão do valor.pdf"
"B-E/PCA_Referencias/Base_Legal","MOVER","Zênite Fácil - Dispensa Eletrônica.pdf",".pdf","05_Doutrina_e_Biblioteca\Biblioteca_Manuais_e_Cursos\Manuais\Zênite Fácil - Dispensa Eletrônica.pdf","","204846","E:\Thiago\Dev\PCA_Multiexercicio_Referencias\Base Legal CLC - Atualizada Maio.2026\_ARQUIVAR\Manuais, cadernos, cursos e outros\Manuais\Zênite Fácil - Dispensa Eletrônica.pdf"
"B-E/PCA_Referencias/Base_Legal","MOVER","Zênite Fácil - NOVA LEI DE LICITAÇÕES - PRORROGAÇÃO DE VIGÊNCIA DA ATA DE REGISTRO DE PREÇOS E A RENOVAÇÃO DO.pdf",".pdf","05_Doutrina_e_Biblioteca\Biblioteca_Manuais_e_Cursos\Manuais\Zênite Fácil - NOVA LEI DE LICITAÇÕES - PRORROGAÇÃO DE VIGÊNCIA DA ATA DE REGISTRO DE PREÇOS E A RENOVAÇÃO DO.pdf","","337163","E:\Thiago\Dev\PCA_Multiexercicio_Referencias\Base Legal CLC - Atualizada Maio.2026\_ARQUIVAR\Manuais, cadernos, cursos e outros\Manuais\Zênite Fácil - NOVA LEI DE LICITAÇÕES - PRORROGAÇÃO DE VIGÊNCIA DA ATA DE REGISTRO DE PREÇOS E A RENOVAÇÃO DO.pdf"
"B-E/PCA_Referencias/Base_Legal","MOVER","Zênite Fácil.pdf",".pdf","05_Doutrina_e_Biblioteca\Biblioteca_Manuais_e_Cursos\Manuais\Zênite Fácil.pdf","","183379","E:\Thiago\Dev\PCA_Multiexercicio_Referencias\Base Legal CLC - Atualizada Maio.2026\_ARQUIVAR\Manuais, cadernos, cursos e outros\Manuais\Zênite Fácil.pdf"
"B-E/PCA_Referencias/Base_Legal","DUPLICADO","Manual - BPPlus.pdf",".pdf","_DUPLICADOS_para_arquivar\Manual - BPPlus.pdf","Já existe na mestra: mestra\04_Sistemas_e_Catalogos\Manuais_Sistemas_Oficiais\Banco_de_Precos\Manual - BPPlus.pdf","13217444","E:\Thiago\Dev\PCA_Multiexercicio_Referencias\Base Legal CLC - Atualizada Maio.2026\_ARQUIVAR\Manuais, cadernos, cursos e outros\Manuais\Banco de Preços\Manual - BPPlus.pdf"
"B-E/PCA_Referencias/Base_Legal","DUPLICADO","Passo a Passo - Como Convidar Fornecedores + LOG + TR.pdf",".pdf","_DUPLICADOS_para_arquivar\Passo a Passo - Como Convidar Fornecedores + LOG + TR.pdf","Já existe na mestra: mestra\04_Sistemas_e_Catalogos\Manuais_Sistemas_Oficiais\Banco_de_Precos\Passo a Passo - Como Convidar Fornecedores + LOG + TR.pdf","589017","E:\Thiago\Dev\PCA_Multiexercicio_Referencias\Base Legal CLC - Atualizada Maio.2026\_ARQUIVAR\Manuais, cadernos, cursos e outros\Manuais\Banco de Preços\Passo a Passo - Como Convidar Fornecedores + LOG + TR.pdf"
"B-E/PCA_Referencias/Base_Legal","DUPLICADO","Passo a Passo - Cotação Nova e Rápida (+lotes) (Plus).pdf",".pdf","_DUPLICADOS_para_arquivar\Passo a Passo - Cotação Nova e Rápida (+lotes) (Plus).pdf","Já existe na mestra: mestra\04_Sistemas_e_Catalogos\Manuais_Sistemas_Oficiais\Banco_de_Precos\Passo a Passo - Cotação Nova e Rápida (+lotes) (Plus).pdf","613884","E:\Thiago\Dev\PCA_Multiexercicio_Referencias\Base Legal CLC - Atualizada Maio.2026\_ARQUIVAR\Manuais, cadernos, cursos e outros\Manuais\Banco de Preços\Passo a Passo - Cotação Nova e Rápida (+lotes) (Plus).pdf"
"B-E/PCA_Referencias/Base_Legal","DUPLICADO","Passo a Passo - Cotação Nova e Rápida (Standard).pdf",".pdf","_DUPLICADOS_para_arquivar\Passo a Passo - Cotação Nova e Rápida (Standard).pdf","Já existe na mestra: mestra\04_Sistemas_e_Catalogos\Manuais_Sistemas_Oficiais\Banco_de_Precos\Passo a Passo - Cotação Nova e Rápida (Standard).pdf","455946","E:\Thiago\Dev\PCA_Multiexercicio_Referencias\Base Legal CLC - Atualizada Maio.2026\_ARQUIVAR\Manuais, cadernos, cursos e outros\Manuais\Banco de Preços\Passo a Passo - Cotação Nova e Rápida (Standard).pdf"
"C-E/PCA_Referencias/Manuais","DUPLICADO","AGU – Parecer nº 00453-2024 – Renovação de quantitativos em caso de prorrogação da ata de registro de preços.pdf",".pdf","_DUPLICADOS_para_arquivar\AGU – Parecer nº 00453-2024 – Renovação de quantitativos em caso de prorrogação da ata de registro de preços.pdf","Repetido em: E:\Thiago\Dev\PCA_Multiexercicio_Referencias\Base Legal CLC - Atualizada Maio.2026\_ARQUIVAR\Manuais, cadernos, cursos e outros\Manuais\AGU – Parecer nº 00453-2024 – Renovação de quantitativos em caso de prorrogação da ata de registro de preços.pdf","171499","E:\Thiago\Dev\PCA_Multiexercicio_Referencias\Manuais\AGU – Parecer nº 00453-2024 – Renovação de quantitativos em caso de prorrogação da ata de registro de preços.pdf"
"C-E/PCA_Referencias/Manuais","DUPLICADO","Apostila - CURSO DE CONTRATAÇÃO DIRETA E DISPENSA ELETRÔNICA COM IA - JAMIL - IINEX_ocred.pdf",".pdf","_DUPLICADOS_para_arquivar\Apostila - CURSO DE CONTRATAÇÃO DIRETA E DISPENSA ELETRÔNICA COM IA - JAMIL - IINEX_ocred.pdf","Repetido em: E:\Thiago\Dev\PCA_Multiexercicio_Referencias\Base Legal CLC - Atualizada Maio.2026\_ARQUIVAR\Manuais, cadernos, cursos e outros\Manuais\Apostila - CURSO DE CONTRATAÇÃO DIRETA E DISPENSA ELETRÔNICA COM IA - JAMIL - IINEX_ocred.pdf","46762761","E:\Thiago\Dev\PCA_Multiexercicio_Referencias\Manuais\Apostila - CURSO DE CONTRATAÇÃO DIRETA E DISPENSA ELETRÔNICA COM IA - JAMIL - IINEX_ocred.pdf"
"C-E/PCA_Referencias/Manuais","DUPLICADO","Apresentação - Contratação Direta - GOVSP.pdf",".pdf","_DUPLICADOS_para_arquivar\Apresentação - Contratação Direta - GOVSP.pdf","Já existe na mestra: mestra\05_Doutrina_e_Biblioteca\Biblioteca_Manuais_e_Cursos\Apresentação - Contratação Direta - GOVSP.pdf","3191762","E:\Thiago\Dev\PCA_Multiexercicio_Referencias\Manuais\Apresentação - Contratação Direta - GOVSP.pdf"
"C-E/PCA_Referencias/Manuais","DUPLICADO","Apresentação - Da Especificação do Objeto ao Orçamento Estimado.pdf",".pdf","_DUPLICADOS_para_arquivar\Apresentação - Da Especificação do Objeto ao Orçamento Estimado.pdf","Já existe na mestra: mestra\05_Doutrina_e_Biblioteca\Biblioteca_Manuais_e_Cursos\Apresentação - Da Especificação do Objeto ao Orçamento Estimado.pdf","3185721","E:\Thiago\Dev\PCA_Multiexercicio_Referencias\Manuais\Apresentação - Da Especificação do Objeto ao Orçamento Estimado.pdf"
"C-E/PCA_Referencias/Manuais","DUPLICADO","Artigo - A existência de prop inferiores de outros profis impede a contratação por inex de not especialista.pdf",".pdf","_DUPLICADOS_para_arquivar\Artigo - A existência de prop inferiores de outros profis impede a contratação por inex de not especialista.pdf","Repetido em: E:\Thiago\Dev\PCA_Multiexercicio_Referencias\Base Legal CLC - Atualizada Maio.2026\_ARQUIVAR\Manuais, cadernos, cursos e outros\Manuais\Artigo - A existência de prop inferiores de outros profis impede a contratação por inex de not especialista.pdf","899923","E:\Thiago\Dev\PCA_Multiexercicio_Referencias\Manuais\Artigo - A existência de prop inferiores de outros profis impede a contratação por inex de not especialista.pdf"
"C-E/PCA_Referencias/Manuais","DUPLICADO","Artigo - A fase recursal na nova Lei de Licitaçõesuma análise comparativa com as Leis n°8.66693, 10.5202002 e 12.462.pdf",".pdf","_DUPLICADOS_para_arquivar\Artigo - A fase recursal na nova Lei de Licitaçõesuma análise comparativa com as Leis n°8.66693, 10.5202002 e 12.462.pdf","Repetido em: E:\Thiago\Dev\PCA_Multiexercicio_Referencias\Base Legal CLC - Atualizada Maio.2026\_ARQUIVAR\Manuais, cadernos, cursos e outros\Manuais\Artigo - A fase recursal na nova Lei de Licitaçõesuma análise comparativa com as Leis n°8.66693, 10.5202002 e 12.462.pdf","643429","E:\Thiago\Dev\PCA_Multiexercicio_Referencias\Manuais\Artigo - A fase recursal na nova Lei de Licitaçõesuma análise comparativa com as Leis n°8.66693, 10.5202002 e 12.462.pdf"
"C-E/PCA_Referencias/Manuais","DUPLICADO","Artigo - A Pesquisa de Preços Concomitante à Seleção da Proposta na Dispensa Eletrônica..pdf",".pdf","_DUPLICADOS_para_arquivar\Artigo - A Pesquisa de Preços Concomitante à Seleção da Proposta na Dispensa Eletrônica..pdf","Repetido em: E:\Thiago\Dev\PCA_Multiexercicio_Referencias\Base Legal CLC - Atualizada Maio.2026\_ARQUIVAR\Manuais, cadernos, cursos e outros\Manuais\Artigo - A Pesquisa de Preços Concomitante à Seleção da Proposta na Dispensa Eletrônica..pdf","186288","E:\Thiago\Dev\PCA_Multiexercicio_Referencias\Manuais\Artigo - A Pesquisa de Preços Concomitante à Seleção da Proposta na Dispensa Eletrônica..pdf"
"C-E/PCA_Referencias/Manuais","DUPLICADO","Artigo - As Quatro Formatações da Dispensa por Valor nos Termos da NLLC e as Regulamentações Pertinentes.pdf",".pdf","_DUPLICADOS_para_arquivar\Artigo - As Quatro Formatações da Dispensa por Valor nos Termos da NLLC e as Regulamentações Pertinentes.pdf","Repetido em: E:\Thiago\Dev\PCA_Multiexercicio_Referencias\Base Legal CLC - Atualizada Maio.2026\_ARQUIVAR\Manuais, cadernos, cursos e outros\Manuais\Artigo - As Quatro Formatações da Dispensa por Valor nos Termos da NLLC e as Regulamentações Pertinentes.pdf","153963","E:\Thiago\Dev\PCA_Multiexercicio_Referencias\Manuais\Artigo - As Quatro Formatações da Dispensa por Valor nos Termos da NLLC e as Regulamentações Pertinentes.pdf"
"C-E/PCA_Referencias/Manuais","DUPLICADO","Artigo - Como formalizar a prorrogação da vigência de uma ARP.pdf",".pdf","_DUPLICADOS_para_arquivar\Artigo - Como formalizar a prorrogação da vigência de uma ARP.pdf","Repetido em: E:\Thiago\Dev\PCA_Multiexercicio_Referencias\Base Legal CLC - Atualizada Maio.2026\_ARQUIVAR\Manuais, cadernos, cursos e outros\Manuais\Artigo - Como formalizar a prorrogação da vigência de uma ARP.pdf","248434","E:\Thiago\Dev\PCA_Multiexercicio_Referencias\Manuais\Artigo - Como formalizar a prorrogação da vigência de uma ARP.pdf"
"C-E/PCA_Referencias/Manuais","DUPLICADO","Artigo - Como formalizar a prorrogação da vigência de uma ata de registro de preços, firmada no regime da Lei n 14..pdf",".pdf","_DUPLICADOS_para_arquivar\Artigo - Como formalizar a prorrogação da vigência de uma ata de registro de preços, firmada no regime da Lei n 14..pdf","Repetido em: E:\Thiago\Dev\PCA_Multiexercicio_Referencias\Base Legal CLC - Atualizada Maio.2026\_ARQUIVAR\Manuais, cadernos, cursos e outros\Manuais\Artigo - Como formalizar a prorrogação da vigência de uma ARP.pdf","248434","E:\Thiago\Dev\PCA_Multiexercicio_Referencias\Manuais\Artigo - Como formalizar a prorrogação da vigência de uma ata de registro de preços, firmada no regime da Lei n 14..pdf"
"C-E/PCA_Referencias/Manuais","DUPLICADO","Artigo - Das Impugnações, dos Pedidos de Esclarecimento e dos Recursos nas Dispensas de Licitação.pdf",".pdf","_DUPLICADOS_para_arquivar\Artigo - Das Impugnações, dos Pedidos de Esclarecimento e dos Recursos nas Dispensas de Licitação.pdf","Repetido em: E:\Thiago\Dev\PCA_Multiexercicio_Referencias\Base Legal CLC - Atualizada Maio.2026\_ARQUIVAR\Manuais, cadernos, cursos e outros\Manuais\Artigo - Das Impugnações, dos Pedidos de Esclarecimento e dos Recursos nas Dispensas de Licitação.pdf","382516","E:\Thiago\Dev\PCA_Multiexercicio_Referencias\Manuais\Artigo - Das Impugnações, dos Pedidos de Esclarecimento e dos Recursos nas Dispensas de Licitação.pdf"
"C-E/PCA_Referencias/Manuais","DUPLICADO","Artigo - Leonardo Mota - Dispensa de licitação na nova Lei de Licitações e Contratos Administrativos.pdf",".pdf","_DUPLICADOS_para_arquivar\Artigo - Leonardo Mota - Dispensa de licitação na nova Lei de Licitações e Contratos Administrativos.pdf","Repetido em: E:\Thiago\Dev\PCA_Multiexercicio_Referencias\Base Legal CLC - Atualizada Maio.2026\_ARQUIVAR\Manuais, cadernos, cursos e outros\Manuais\Artigo - Leonardo Mota - Dispensa de licitação na nova Lei de Licitações e Contratos Administrativos.pdf","143999","E:\Thiago\Dev\PCA_Multiexercicio_Referencias\Manuais\Artigo - Leonardo Mota - Dispensa de licitação na nova Lei de Licitações e Contratos Administrativos.pdf"
"C-E/PCA_Referencias/Manuais","DUPLICADO","Artigo - Sem Singularidade não há Inexigibilidade.pdf",".pdf","_DUPLICADOS_para_arquivar\Artigo - Sem Singularidade não há Inexigibilidade.pdf","Repetido em: E:\Thiago\Dev\PCA_Multiexercicio_Referencias\Base Legal CLC - Atualizada Maio.2026\_ARQUIVAR\Manuais, cadernos, cursos e outros\Manuais\Artigo - Sem Singularidade não há Inexigibilidade.pdf","146360","E:\Thiago\Dev\PCA_Multiexercicio_Referencias\Manuais\Artigo - Sem Singularidade não há Inexigibilidade.pdf"
"C-E/PCA_Referencias/Manuais","DUPLICADO","Aspectos gerais da nova lei de licitações e contratos 14.133.21.pdf",".pdf","_DUPLICADOS_para_arquivar\Aspectos gerais da nova lei de licitações e contratos 14.133.21.pdf","Repetido em: E:\Thiago\Dev\PCA_Multiexercicio_Referencias\Base Legal CLC - Atualizada Maio.2026\_ARQUIVAR\Manuais, cadernos, cursos e outros\Manuais\Aspectos gerais da nova lei de licitações e contratos 14.133.21.pdf","1191825","E:\Thiago\Dev\PCA_Multiexercicio_Referencias\Manuais\Aspectos gerais da nova lei de licitações e contratos 14.133.21.pdf"
"C-E/PCA_Referencias/Manuais","DUPLICADO","ATO 008_2024_PGJ - que define os procedimentos administrativos de contratação de bens e serviços no âmbito do MPAM.pdf",".pdf","_DUPLICADOS_para_arquivar\ATO 008_2024_PGJ - que define os procedimentos administrativos de contratação de bens e serviços no âmbito do MPAM.pdf","Repetido em: E:\Thiago\Dev\PCA_Multiexercicio_Referencias\Base Legal CLC - Atualizada Maio.2026\_ARQUIVAR\Manuais, cadernos, cursos e outros\Manuais\ATO 008_2024_PGJ - que define os procedimentos administrativos de contratação de bens e serviços no âmbito do MPAM.pdf","206988","E:\Thiago\Dev\PCA_Multiexercicio_Referencias\Manuais\ATO 008_2024_PGJ - que define os procedimentos administrativos de contratação de bens e serviços no âmbito do MPAM.pdf"
"C-E/PCA_Referencias/Manuais","DUPLICADO","Cartilha - Acesso a Informação - Atricon.pdf",".pdf","_DUPLICADOS_para_arquivar\Cartilha - Acesso a Informação - Atricon.pdf","Já existe na mestra: mestra\05_Doutrina_e_Biblioteca\Biblioteca_Manuais_e_Cursos\Cartilha - Acesso a Informação - Atricon.pdf","10409365","E:\Thiago\Dev\PCA_Multiexercicio_Referencias\Manuais\Cartilha - Acesso a Informação - Atricon.pdf"
"C-E/PCA_Referencias/Manuais","DUPLICADO","Cartilha_Minuta_do_IPPC_Engenharia_16_11_23_14h_Visualizao.pdf",".pdf","_DUPLICADOS_para_arquivar\Cartilha_Minuta_do_IPPC_Engenharia_16_11_23_14h_Visualizao.pdf","Já existe na mestra: mestra\05_Doutrina_e_Biblioteca\Biblioteca_Manuais_e_Cursos\Cartilha_Minuta_do_IPPC_Engenharia_16_11_23_14h_Visualizao.pdf","5207191","E:\Thiago\Dev\PCA_Multiexercicio_Referencias\Manuais\Cartilha_Minuta_do_IPPC_Engenharia_16_11_23_14h_Visualizao.pdf"
"C-E/PCA_Referencias/Manuais","DUPLICADO","Compras.gov.br - Tutorial de eventos de anulação, suspensão e revogação.pdf",".pdf","_DUPLICADOS_para_arquivar\Compras.gov.br - Tutorial de eventos de anulação, suspensão e revogação.pdf","Já existe na mestra: mestra\04_Sistemas_e_Catalogos\Manuais_Sistemas_Oficiais\Compras.gov.br - Tutorial de eventos de anulação, suspensão e revogação.pdf","7405438","E:\Thiago\Dev\PCA_Multiexercicio_Referencias\Manuais\Compras.gov.br - Tutorial de eventos de anulação, suspensão e revogação.pdf"
"C-E/PCA_Referencias/Manuais","DUPLICADO","Compras.gov.br – Eventos de alteração em procedimento auxiliar de credenciamento - mar-2025.pdf",".pdf","_DUPLICADOS_para_arquivar\Compras.gov.br – Eventos de alteração em procedimento auxiliar de credenciamento - mar-2025.pdf","Já existe na mestra: mestra\04_Sistemas_e_Catalogos\Manuais_Sistemas_Oficiais\Compras.gov.br – Eventos de alteração em procedimento auxiliar de credenciamento - mar-2025.pdf","5366182","E:\Thiago\Dev\PCA_Multiexercicio_Referencias\Manuais\Compras.gov.br – Eventos de alteração em procedimento auxiliar de credenciamento - mar-2025.pdf"
"C-E/PCA_Referencias/Manuais","DUPLICADO","Compras.gov.br – Novo divulgação de contratações - Evento de alteração - abr-2024.pdf",".pdf","_DUPLICADOS_para_arquivar\Compras.gov.br – Novo divulgação de contratações - Evento de alteração - abr-2024.pdf","Já existe na mestra: mestra\04_Sistemas_e_Catalogos\Manuais_Sistemas_Oficiais\Compras.gov.br – Novo divulgação de contratações - Evento de alteração - abr-2024.pdf","10317048","E:\Thiago\Dev\PCA_Multiexercicio_Referencias\Manuais\Compras.gov.br – Novo divulgação de contratações - Evento de alteração - abr-2024.pdf"
"C-E/PCA_Referencias/Manuais","DUPLICADO","Compras.gov.br – Tutorial compras executivo (jan-2026).pdf",".pdf","_DUPLICADOS_para_arquivar\Compras.gov.br – Tutorial compras executivo (jan-2026).pdf","Já existe na mestra: mestra\04_Sistemas_e_Catalogos\Manuais_Sistemas_Oficiais\Compras.gov.br – Tutorial compras executivo (jan-2026).pdf","3176890","E:\Thiago\Dev\PCA_Multiexercicio_Referencias\Manuais\Compras.gov.br – Tutorial compras executivo (jan-2026).pdf"
"C-E/PCA_Referencias/Manuais","DUPLICADO","Compras.gov.br – Tutorial de como copiar e compartilhar cotações  no Pesquisa de Preço.pdf",".pdf","_DUPLICADOS_para_arquivar\Compras.gov.br – Tutorial de como copiar e compartilhar cotações  no Pesquisa de Preço.pdf","Já existe na mestra: mestra\04_Sistemas_e_Catalogos\Manuais_Sistemas_Oficiais\Compras.gov.br – Tutorial de como copiar e compartilhar cotações  no Pesquisa de Preço.pdf","4283023","E:\Thiago\Dev\PCA_Multiexercicio_Referencias\Manuais\Compras.gov.br – Tutorial de como copiar e compartilhar cotações  no Pesquisa de Preço.pdf"
"C-E/PCA_Referencias/Manuais","DUPLICADO","Compras.gov.br – Tutorial de como criar matriz de riscos.pdf",".pdf","_DUPLICADOS_para_arquivar\Compras.gov.br – Tutorial de como criar matriz de riscos.pdf","Já existe na mestra: mestra\04_Sistemas_e_Catalogos\Manuais_Sistemas_Oficiais\Compras.gov.br – Tutorial de como criar matriz de riscos.pdf","26157795","E:\Thiago\Dev\PCA_Multiexercicio_Referencias\Manuais\Compras.gov.br – Tutorial de como criar matriz de riscos.pdf"
"C-E/PCA_Referencias/Manuais","DUPLICADO","Compras.gov.br – Tutorial de como publicar dispensas com disputa no Novo DC.pdf",".pdf","_DUPLICADOS_para_arquivar\Compras.gov.br – Tutorial de como publicar dispensas com disputa no Novo DC.pdf","Já existe na mestra: mestra\04_Sistemas_e_Catalogos\Manuais_Sistemas_Oficiais\Compras.gov.br – Tutorial de como publicar dispensas com disputa no Novo DC.pdf","13079635","E:\Thiago\Dev\PCA_Multiexercicio_Referencias\Manuais\Compras.gov.br – Tutorial de como publicar dispensas com disputa no Novo DC.pdf"
"C-E/PCA_Referencias/Manuais","DUPLICADO","Compras.gov.br – Tutorial de como publicar dispensas sem disputa e inexibilidades no Novo DC.pdf",".pdf","_DUPLICADOS_para_arquivar\Compras.gov.br – Tutorial de como publicar dispensas sem disputa e inexibilidades no Novo DC.pdf","Já existe na mestra: mestra\04_Sistemas_e_Catalogos\Manuais_Sistemas_Oficiais\Compras.gov.br – Tutorial de como publicar dispensas sem disputa e inexibilidades no Novo DC.pdf","4841088","E:\Thiago\Dev\PCA_Multiexercicio_Referencias\Manuais\Compras.gov.br – Tutorial de como publicar dispensas sem disputa e inexibilidades no Novo DC.pdf"
"C-E/PCA_Referencias/Manuais","DUPLICADO","Compras.gov.br – Tutorial de publicação de dispensa eletrônicas e inexibilidades da medida provisória n° 1.22.pdf",".pdf","_DUPLICADOS_para_arquivar\Compras.gov.br – Tutorial de publicação de dispensa eletrônicas e inexibilidades da medida provisória n° 1.22.pdf","Já existe na mestra: mestra\04_Sistemas_e_Catalogos\Manuais_Sistemas_Oficiais\Compras.gov.br – Tutorial de publicação de dispensa eletrônicas e inexibilidades da medida provisória n° 1.22.pdf","31039787","E:\Thiago\Dev\PCA_Multiexercicio_Referencias\Manuais\Compras.gov.br – Tutorial de publicação de dispensa eletrônicas e inexibilidades da medida provisória n° 1.22.pdf"
"C-E/PCA_Referencias/Manuais","DUPLICADO","Compras.gov.br – Tutorial para critério de julgamento, melhor técnica ou conteúdo artístico - jun-2024.pdf",".pdf","_DUPLICADOS_para_arquivar\Compras.gov.br – Tutorial para critério de julgamento, melhor técnica ou conteúdo artístico - jun-2024.pdf","Já existe na mestra: mestra\04_Sistemas_e_Catalogos\Manuais_Sistemas_Oficiais\Compras.gov.br – Tutorial para critério de julgamento, melhor técnica ou conteúdo artístico - jun-2024.pdf","8171190","E:\Thiago\Dev\PCA_Multiexercicio_Referencias\Manuais\Compras.gov.br – Tutorial para critério de julgamento, melhor técnica ou conteúdo artístico - jun-2024.pdf"
"C-E/PCA_Referencias/Manuais","DUPLICADO","Compras_publicas_para_inovacao_no_Brasil.pdf",".pdf","_DUPLICADOS_para_arquivar\Compras_publicas_para_inovacao_no_Brasil.pdf","Já existe na mestra: mestra\05_Doutrina_e_Biblioteca\Biblioteca_Manuais_e_Cursos\Livro - Compras_publicas_para_inovacao_no_Brasil.pdf","7517275","E:\Thiago\Dev\PCA_Multiexercicio_Referencias\Manuais\Compras_publicas_para_inovacao_no_Brasil.pdf"
"C-E/PCA_Referencias/Manuais","DUPLICADO","Conselho Superior da Justiça do Trabalho – Guia de Contratações Sustentáveis da Justiça do Trabalho (4ª ediçã.pdf",".pdf","_DUPLICADOS_para_arquivar\Conselho Superior da Justiça do Trabalho – Guia de Contratações Sustentáveis da Justiça do Trabalho (4ª ediçã.pdf","Já existe na mestra: mestra\05_Doutrina_e_Biblioteca\Biblioteca_Manuais_e_Cursos\Conselho Superior da Justiça do Trabalho – Guia de Contratações Sustentáveis da Justiça do Trabalho (4ª ediçã.pdf","8733418","E:\Thiago\Dev\PCA_Multiexercicio_Referencias\Manuais\Conselho Superior da Justiça do Trabalho – Guia de Contratações Sustentáveis da Justiça do Trabalho (4ª ediçã.pdf"
"C-E/PCA_Referencias/Manuais","DUPLICADO","Contratos.gov – Manual operacional de gestão e fiscalização contratual.pdf",".pdf","_DUPLICADOS_para_arquivar\Contratos.gov – Manual operacional de gestão e fiscalização contratual.pdf","Repetido em: E:\Thiago\Dev\PCA_Multiexercicio_Referencias\Base Legal CLC - Atualizada Maio.2026\_ARQUIVAR\Manuais, cadernos, cursos e outros\Manuais\Contratos.gov – Manual operacional de gestão e fiscalização contratual.pdf","884329","E:\Thiago\Dev\PCA_Multiexercicio_Referencias\Manuais\Contratos.gov – Manual operacional de gestão e fiscalização contratual.pdf"
"C-E/PCA_Referencias/Manuais","DUPLICADO","Controladoria-Geral da União- Guia referencial para identificação, quantificaçao e mitigação de superfaturame.pdf",".pdf","_DUPLICADOS_para_arquivar\Controladoria-Geral da União- Guia referencial para identificação, quantificaçao e mitigação de superfaturame.pdf","Repetido em: E:\Thiago\Dev\PCA_Multiexercicio_Referencias\Base Legal CLC - Atualizada Maio.2026\_ARQUIVAR\Manuais, cadernos, cursos e outros\Manuais\Controladoria-Geral da União- Guia referencial para identificação, quantificaçao e mitigação de superfaturame.pdf","2282765","E:\Thiago\Dev\PCA_Multiexercicio_Referencias\Manuais\Controladoria-Geral da União- Guia referencial para identificação, quantificaçao e mitigação de superfaturame.pdf"
"C-E/PCA_Referencias/Manuais","DUPLICADO","Curso Banco de Preços - Pesquisa de Preços.pdf",".pdf","_DUPLICADOS_para_arquivar\Curso Banco de Preços - Pesquisa de Preços.pdf","Já existe na mestra: mestra\05_Doutrina_e_Biblioteca\Biblioteca_Manuais_e_Cursos\Curso Banco de Preços - Pesquisa de Preços.pdf","8359382","E:\Thiago\Dev\PCA_Multiexercicio_Referencias\Manuais\Curso Banco de Preços - Pesquisa de Preços.pdf"
"C-E/PCA_Referencias/Manuais","DUPLICADO","Curso Elaboração do Termo de Referência e Pesquisa de Preços nas Contratações Públicas - Parte 01.pdf",".pdf","_DUPLICADOS_para_arquivar\Curso Elaboração do Termo de Referência e Pesquisa de Preços nas Contratações Públicas - Parte 01.pdf","Repetido em: E:\Thiago\Dev\PCA_Multiexercicio_Referencias\Base Legal CLC - Atualizada Maio.2026\_ARQUIVAR\Manuais, cadernos, cursos e outros\Manuais\Curso Elaboração do Termo de Referência e Pesquisa de Preços nas Contratações Públicas - Parte 01.pdf","581377","E:\Thiago\Dev\PCA_Multiexercicio_Referencias\Manuais\Curso Elaboração do Termo de Referência e Pesquisa de Preços nas Contratações Públicas - Parte 01.pdf"
"C-E/PCA_Referencias/Manuais","DUPLICADO","Curso Elaboração do Termo de Referência e Pesquisa de Preços nas Contratações Públicas - Parte 02.pdf",".pdf","_DUPLICADOS_para_arquivar\Curso Elaboração do Termo de Referência e Pesquisa de Preços nas Contratações Públicas - Parte 02.pdf","Repetido em: E:\Thiago\Dev\PCA_Multiexercicio_Referencias\Base Legal CLC - Atualizada Maio.2026\_ARQUIVAR\Manuais, cadernos, cursos e outros\Manuais\Curso Elaboração do Termo de Referência e Pesquisa de Preços nas Contratações Públicas - Parte 02.pdf","730938","E:\Thiago\Dev\PCA_Multiexercicio_Referencias\Manuais\Curso Elaboração do Termo de Referência e Pesquisa de Preços nas Contratações Públicas - Parte 02.pdf"
"C-E/PCA_Referencias/Manuais","DUPLICADO","Decreto PMT 24750.2023.pdf",".pdf","_DUPLICADOS_para_arquivar\Decreto PMT 24750.2023.pdf","Repetido em: E:\Thiago\Dev\PCA_Multiexercicio_Referencias\Base Legal CLC - Atualizada Maio.2026\_ARQUIVAR\Manuais, cadernos, cursos e outros\Manuais\Decreto PMT 24750.2023.pdf","297953","E:\Thiago\Dev\PCA_Multiexercicio_Referencias\Manuais\Decreto PMT 24750.2023.pdf"
"C-E/PCA_Referencias/Manuais","DUPLICADO","Decreto PMT 25530.2024 - Regula-o-procedimento-de-contratacao-direta.pdf",".pdf","_DUPLICADOS_para_arquivar\Decreto PMT 25530.2024 - Regula-o-procedimento-de-contratacao-direta.pdf","Repetido em: E:\Thiago\Dev\PCA_Multiexercicio_Referencias\Base Legal CLC - Atualizada Maio.2026\_ARQUIVAR\Manuais, cadernos, cursos e outros\Manuais\Decreto PMT 25530.2024 - Regula-o-procedimento-de-contratacao-direta.pdf","331916","E:\Thiago\Dev\PCA_Multiexercicio_Referencias\Manuais\Decreto PMT 25530.2024 - Regula-o-procedimento-de-contratacao-direta.pdf"
"C-E/PCA_Referencias/Manuais","DUPLICADO","E-BOX 01 - ESTUDO TÉCNICO PRELIMINAR - AQUISIÇÕES - SERVIÇOS EM GERAL.pdf",".pdf","_DUPLICADOS_para_arquivar\E-BOX 01 - ESTUDO TÉCNICO PRELIMINAR - AQUISIÇÕES - SERVIÇOS EM GERAL.pdf","Repetido em: E:\Thiago\Dev\PCA_Multiexercicio_Referencias\Base Legal CLC - Atualizada Maio.2026\_ARQUIVAR\Manuais, cadernos, cursos e outros\Manuais\E-BOX 01 - ESTUDO TÉCNICO PRELIMINAR - AQUISIÇÕES - SERVIÇOS EM GERAL.pdf","3252410","E:\Thiago\Dev\PCA_Multiexercicio_Referencias\Manuais\E-BOX 01 - ESTUDO TÉCNICO PRELIMINAR - AQUISIÇÕES - SERVIÇOS EM GERAL.pdf"
"C-E/PCA_Referencias/Manuais","DUPLICADO","E-BOX 02 - ESTUDO TÉCNICO PRELIMINAR - OBRAS E SERVIÇOS DE ENGENHARIA.pdf",".pdf","_DUPLICADOS_para_arquivar\E-BOX 02 - ESTUDO TÉCNICO PRELIMINAR - OBRAS E SERVIÇOS DE ENGENHARIA.pdf","Repetido em: E:\Thiago\Dev\PCA_Multiexercicio_Referencias\Base Legal CLC - Atualizada Maio.2026\_ARQUIVAR\Manuais, cadernos, cursos e outros\Manuais\E-BOX 02 - ESTUDO TÉCNICO PRELIMINAR - OBRAS E SERVIÇOS DE ENGENHARIA.pdf","6589345","E:\Thiago\Dev\PCA_Multiexercicio_Referencias\Manuais\E-BOX 02 - ESTUDO TÉCNICO PRELIMINAR - OBRAS E SERVIÇOS DE ENGENHARIA.pdf"
"C-E/PCA_Referencias/Manuais","DUPLICADO","E-BOX 03 - ESTUDO TÉCNICO PRELIMINAR TIC.pdf",".pdf","_DUPLICADOS_para_arquivar\E-BOX 03 - ESTUDO TÉCNICO PRELIMINAR TIC.pdf","Repetido em: E:\Thiago\Dev\PCA_Multiexercicio_Referencias\Base Legal CLC - Atualizada Maio.2026\_ARQUIVAR\Manuais, cadernos, cursos e outros\Manuais\E-BOX 03 - ESTUDO TÉCNICO PRELIMINAR TIC.pdf","2641241","E:\Thiago\Dev\PCA_Multiexercicio_Referencias\Manuais\E-BOX 03 - ESTUDO TÉCNICO PRELIMINAR TIC.pdf"
"C-E/PCA_Referencias/Manuais","DUPLICADO","Enap - Caderno de curso Nova lei de licitações - Planejamento e Governança.pdf",".pdf","_DUPLICADOS_para_arquivar\Enap - Caderno de curso Nova lei de licitações - Planejamento e Governança.pdf","Repetido em: E:\Thiago\Dev\PCA_Multiexercicio_Referencias\Base Legal CLC - Atualizada Maio.2026\_ARQUIVAR\Manuais, cadernos, cursos e outros\Manuais\Enap - Caderno de curso Nova lei de licitações - Planejamento e Governança.pdf","1266490","E:\Thiago\Dev\PCA_Multiexercicio_Referencias\Manuais\Enap - Caderno de curso Nova lei de licitações - Planejamento e Governança.pdf"
"C-E/PCA_Referencias/Manuais","DUPLICADO","Estudo Temático do TCE-MG (fev-2025)- Terceirização na Administração Pública - Um levantamento jurisprudencia.pdf",".pdf","_DUPLICADOS_para_arquivar\Estudo Temático do TCE-MG (fev-2025)- Terceirização na Administração Pública - Um levantamento jurisprudencia.pdf","Repetido em: E:\Thiago\Dev\PCA_Multiexercicio_Referencias\Base Legal CLC - Atualizada Maio.2026\_ARQUIVAR\Manuais, cadernos, cursos e outros\Manuais\Estudo Temático do TCE-MG (fev-2025)- Terceirização na Administração Pública - Um levantamento jurisprudencia.pdf","5360935","E:\Thiago\Dev\PCA_Multiexercicio_Referencias\Manuais\Estudo Temático do TCE-MG (fev-2025)- Terceirização na Administração Pública - Um levantamento jurisprudencia.pdf"
"C-E/PCA_Referencias/Manuais","DUPLICADO","Estudo_Tematico_Agosto_2025____II.pdf",".pdf","_DUPLICADOS_para_arquivar\Estudo_Tematico_Agosto_2025____II.pdf","Já existe na mestra: mestra\05_Doutrina_e_Biblioteca\Biblioteca_Manuais_e_Cursos\Estudo_Tematico_Agosto_2025____II.pdf","8402629","E:\Thiago\Dev\PCA_Multiexercicio_Referencias\Manuais\Estudo_Tematico_Agosto_2025____II.pdf"
"C-E/PCA_Referencias/Manuais","DUPLICADO","estudo_tematico_recuperacao_judicial.pdf",".pdf","_DUPLICADOS_para_arquivar\estudo_tematico_recuperacao_judicial.pdf","Repetido em: E:\Thiago\Dev\PCA_Multiexercicio_Referencias\Base Legal CLC - Atualizada Maio.2026\_ARQUIVAR\Manuais, cadernos, cursos e outros\Manuais\estudo_tematico_recuperacao_judicial.pdf","7691207","E:\Thiago\Dev\PCA_Multiexercicio_Referencias\Manuais\estudo_tematico_recuperacao_judicial.pdf"
"C-E/PCA_Referencias/Manuais","DUPLICADO","Federal - Caderno de Logistica - Pesquisa de Preços - 2017.pdf",".pdf","_DUPLICADOS_para_arquivar\Federal - Caderno de Logistica - Pesquisa de Preços - 2017.pdf","Repetido em: E:\Thiago\Dev\PCA_Multiexercicio_Referencias\Base Legal CLC - Atualizada Maio.2026\_ARQUIVAR\Manuais, cadernos, cursos e outros\Manuais\Federal - Caderno de Logistica - Pesquisa de Preços - 2017.pdf","571159","E:\Thiago\Dev\PCA_Multiexercicio_Referencias\Manuais\Federal - Caderno de Logistica - Pesquisa de Preços - 2017.pdf"
"C-E/PCA_Referencias/Manuais","DUPLICADO","FLUXOGRAMA ATOS PARA A APLICAÇÃO DE SANÇÕES CONTRATUAIS (1) - Copia.pdf",".pdf","_DUPLICADOS_para_arquivar\FLUXOGRAMA ATOS PARA A APLICAÇÃO DE SANÇÕES CONTRATUAIS (1) - Copia.pdf","Repetido em: E:\Thiago\Dev\PCA_Multiexercicio_Referencias\Base Legal CLC - Atualizada Maio.2026\_ARQUIVAR\Manuais, cadernos, cursos e outros\Manuais\FLUXOGRAMA ATOS PARA A APLICAÇÃO DE SANÇÕES CONTRATUAIS (1) - Copia.pdf","191382","E:\Thiago\Dev\PCA_Multiexercicio_Referencias\Manuais\FLUXOGRAMA ATOS PARA A APLICAÇÃO DE SANÇÕES CONTRATUAIS (1) - Copia.pdf"
"C-E/PCA_Referencias/Manuais","DUPLICADO","Guia Prático de Contratações em Situações de Calamidade Pública da CGU – Conforme a Medida Provisória nº 1.22.pdf",".pdf","_DUPLICADOS_para_arquivar\Guia Prático de Contratações em Situações de Calamidade Pública da CGU – Conforme a Medida Provisória nº 1.22.pdf","Repetido em: E:\Thiago\Dev\PCA_Multiexercicio_Referencias\Base Legal CLC - Atualizada Maio.2026\_ARQUIVAR\Manuais, cadernos, cursos e outros\Manuais\Guia Prático de Contratações em Situações de Calamidade Pública da CGU – Conforme a Medida Provisória nº 1.22.pdf","615633","E:\Thiago\Dev\PCA_Multiexercicio_Referencias\Manuais\Guia Prático de Contratações em Situações de Calamidade Pública da CGU – Conforme a Medida Provisória nº 1.22.pdf"
"C-E/PCA_Referencias/Manuais","DUPLICADO","guia-de-contratacoes-sustentaveis-set-2023.pdf",".pdf","_DUPLICADOS_para_arquivar\guia-de-contratacoes-sustentaveis-set-2023.pdf","Já existe na mestra: mestra\05_Doutrina_e_Biblioteca\Biblioteca_Manuais_e_Cursos\guia-de-contratacoes-sustentaveis-set-2023.pdf","4447415","E:\Thiago\Dev\PCA_Multiexercicio_Referencias\Manuais\guia-de-contratacoes-sustentaveis-set-2023.pdf"
"C-E/PCA_Referencias/Manuais","DUPLICADO","GUIANACIONALDECONTRATACOESSUSTENTAVEIS2024.pdf",".pdf","_DUPLICADOS_para_arquivar\GUIANACIONALDECONTRATACOESSUSTENTAVEIS2024.pdf","Já existe na mestra: mestra\05_Doutrina_e_Biblioteca\Biblioteca_Manuais_e_Cursos\GUIANACIONALDECONTRATACOESSUSTENTAVEIS2024.pdf","2941931","E:\Thiago\Dev\PCA_Multiexercicio_Referencias\Manuais\GUIANACIONALDECONTRATACOESSUSTENTAVEIS2024.pdf"
"C-E/PCA_Referencias/Manuais","DUPLICADO","GUIAREEMBOLSOCRECHEAbril_26.pdf",".pdf","_DUPLICADOS_para_arquivar\GUIAREEMBOLSOCRECHEAbril_26.pdf","Repetido em: E:\Thiago\Dev\PCA_Multiexercicio_Referencias\Base Legal CLC - Atualizada Maio.2026\_ARQUIVAR\Manuais, cadernos, cursos e outros\Manuais\GUIAREEMBOLSOCRECHEAbril_26.pdf","3506193","E:\Thiago\Dev\PCA_Multiexercicio_Referencias\Manuais\GUIAREEMBOLSOCRECHEAbril_26.pdf"
"C-E/PCA_Referencias/Manuais","DUPLICADO","Guia_boas_praticas_contratacoes_publicas_publicidade_4749af44f2.pdf",".pdf","_DUPLICADOS_para_arquivar\Guia_boas_praticas_contratacoes_publicas_publicidade_4749af44f2.pdf","Repetido em: E:\Thiago\Dev\PCA_Multiexercicio_Referencias\Base Legal CLC - Atualizada Maio.2026\_ARQUIVAR\Manuais, cadernos, cursos e outros\Manuais\Guia_boas_praticas_contratacoes_publicas_publicidade_4749af44f2.pdf","939726","E:\Thiago\Dev\PCA_Multiexercicio_Referencias\Manuais\Guia_boas_praticas_contratacoes_publicas_publicidade_4749af44f2.pdf"
"C-E/PCA_Referencias/Manuais","DUPLICADO","ia-generativa-no-servico-publico.pdf",".pdf","_DUPLICADOS_para_arquivar\ia-generativa-no-servico-publico.pdf","Repetido em: E:\Thiago\Dev\PCA_Multiexercicio_Referencias\Base Legal CLC - Atualizada Maio.2026\_ARQUIVAR\Manuais, cadernos, cursos e outros\Manuais\ia-generativa-no-servico-publico.pdf","2733856","E:\Thiago\Dev\PCA_Multiexercicio_Referencias\Manuais\ia-generativa-no-servico-publico.pdf"
"C-E/PCA_Referencias/Manuais","DUPLICADO","INOVAGOV SC – Guia para Planejamento de Contratações de Inovação no Setor Público.pdf",".pdf","_DUPLICADOS_para_arquivar\INOVAGOV SC – Guia para Planejamento de Contratações de Inovação no Setor Público.pdf","Repetido em: E:\Thiago\Dev\PCA_Multiexercicio_Referencias\Base Legal CLC - Atualizada Maio.2026\_ARQUIVAR\Manuais, cadernos, cursos e outros\Manuais\INOVAGOV SC – Guia para Planejamento de Contratações de Inovação no Setor Público.pdf","2093720","E:\Thiago\Dev\PCA_Multiexercicio_Referencias\Manuais\INOVAGOV SC – Guia para Planejamento de Contratações de Inovação no Setor Público.pdf"
"C-E/PCA_Referencias/Manuais","DUPLICADO","instrumento-de-padronizacao-dos-procedimentos.pdf",".pdf","_DUPLICADOS_para_arquivar\instrumento-de-padronizacao-dos-procedimentos.pdf","Já existe na mestra: mestra\05_Doutrina_e_Biblioteca\Biblioteca_Manuais_e_Cursos\instrumento-de-padronizacao-dos-procedimentos.pdf","14037364","E:\Thiago\Dev\PCA_Multiexercicio_Referencias\Manuais\instrumento-de-padronizacao-dos-procedimentos.pdf"
"C-E/PCA_Referencias/Manuais","DUPLICADO","Instrumento_de_Padronizao_AGU_TIC_Digital_reduzido.pdf",".pdf","_DUPLICADOS_para_arquivar\Instrumento_de_Padronizao_AGU_TIC_Digital_reduzido.pdf","Já existe na mestra: mestra\05_Doutrina_e_Biblioteca\Biblioteca_Manuais_e_Cursos\Instrumento_de_Padronizao_AGU_TIC_Digital_reduzido.pdf","11618018","E:\Thiago\Dev\PCA_Multiexercicio_Referencias\Manuais\Instrumento_de_Padronizao_AGU_TIC_Digital_reduzido.pdf"
"C-E/PCA_Referencias/Manuais","DUPLICADO","Jornada de Compras Publicas de Inovacao.pdf",".pdf","_DUPLICADOS_para_arquivar\Jornada de Compras Publicas de Inovacao.pdf","Já existe na mestra: mestra\05_Doutrina_e_Biblioteca\Biblioteca_Manuais_e_Cursos\Jornada de Compras Publicas de Inovacao.pdf","3891437","E:\Thiago\Dev\PCA_Multiexercicio_Referencias\Manuais\Jornada de Compras Publicas de Inovacao.pdf"
"C-E/PCA_Referencias/Manuais","DUPLICADO","Licitacoes e Contratos - Orientacoes e Jurisprudencia do TCU - 5a Edicao.pdf",".pdf","_DUPLICADOS_para_arquivar\Licitacoes e Contratos - Orientacoes e Jurisprudencia do TCU - 5a Edicao.pdf","Já existe na mestra: mestra\05_Doutrina_e_Biblioteca\Biblioteca_Manuais_e_Cursos\Licitacoes e Contratos - Orientacoes e Jurisprudencia do TCU - 5a Edicao.pdf","35253194","E:\Thiago\Dev\PCA_Multiexercicio_Referencias\Manuais\Licitacoes e Contratos - Orientacoes e Jurisprudencia do TCU - 5a Edicao.pdf"
"C-E/PCA_Referencias/Manuais","DUPLICADO","Licitações e contratos.pdf",".pdf","_DUPLICADOS_para_arquivar\Licitações e contratos.pdf","Já existe na mestra: mestra\05_Doutrina_e_Biblioteca\Biblioteca_Manuais_e_Cursos\Licitações e contratos.pdf","2551858","E:\Thiago\Dev\PCA_Multiexercicio_Referencias\Manuais\Licitações e contratos.pdf"
"C-E/PCA_Referencias/Manuais","DUPLICADO","Livro - 218187_LV_Compras publicas_Cap03.pdf",".pdf","_DUPLICADOS_para_arquivar\Livro - 218187_LV_Compras publicas_Cap03.pdf","Repetido em: E:\Thiago\Dev\PCA_Multiexercicio_Referencias\Base Legal CLC - Atualizada Maio.2026\_ARQUIVAR\Manuais, cadernos, cursos e outros\Manuais\Livro - 218187_LV_Compras publicas_Cap03.pdf","776846","E:\Thiago\Dev\PCA_Multiexercicio_Referencias\Manuais\Livro - 218187_LV_Compras publicas_Cap03.pdf"
"C-E/PCA_Referencias/Manuais","DUPLICADO","Livro - Aula 002 - PDFL -  (Capítulo Livro) TIPOLOGIA DE FRAUDES EM LICITAÇÃO.pdf",".pdf","_DUPLICADOS_para_arquivar\Livro - Aula 002 - PDFL -  (Capítulo Livro) TIPOLOGIA DE FRAUDES EM LICITAÇÃO.pdf","Repetido em: E:\Thiago\Dev\PCA_Multiexercicio_Referencias\Base Legal CLC - Atualizada Maio.2026\_ARQUIVAR\Manuais, cadernos, cursos e outros\Manuais\Livro - Aula 002 - PDFL -  (Capítulo Livro) TIPOLOGIA DE FRAUDES EM LICITAÇÃO.pdf","3079463","E:\Thiago\Dev\PCA_Multiexercicio_Referencias\Manuais\Livro - Aula 002 - PDFL -  (Capítulo Livro) TIPOLOGIA DE FRAUDES EM LICITAÇÃO.pdf"
"C-E/PCA_Referencias/Manuais","DUPLICADO","Livro - Compras_publicas_para_inovacao_no_Brasil.pdf",".pdf","_DUPLICADOS_para_arquivar\Livro - Compras_publicas_para_inovacao_no_Brasil.pdf","Já existe na mestra: mestra\05_Doutrina_e_Biblioteca\Biblioteca_Manuais_e_Cursos\Livro - Compras_publicas_para_inovacao_no_Brasil.pdf","7517275","E:\Thiago\Dev\PCA_Multiexercicio_Referencias\Manuais\Livro - Compras_publicas_para_inovacao_no_Brasil.pdf"
"C-E/PCA_Referencias/Manuais","DUPLICADO","Livro - ELABORAÇÃO DE ETP E TR EFICIENTES COM O CHATGPT EM CONTRATAÇÕES PÚBLICAS.pdf",".pdf","_DUPLICADOS_para_arquivar\Livro - ELABORAÇÃO DE ETP E TR EFICIENTES COM O CHATGPT EM CONTRATAÇÕES PÚBLICAS.pdf","Já existe na mestra: mestra\05_Doutrina_e_Biblioteca\Biblioteca_Manuais_e_Cursos\Livro - ELABORAÇÃO DE ETP E TR EFICIENTES COM O CHATGPT EM CONTRATAÇÕES PÚBLICAS.pdf","8623413","E:\Thiago\Dev\PCA_Multiexercicio_Referencias\Manuais\Livro - ELABORAÇÃO DE ETP E TR EFICIENTES COM O CHATGPT EM CONTRATAÇÕES PÚBLICAS.pdf"
"C-E/PCA_Referencias/Manuais","DUPLICADO","Livro - ESTUDO TÉCNICO PRELIMINAR - AQUISIÇÕES - SERVIÇOS EM GERAL.pdf",".pdf","_DUPLICADOS_para_arquivar\Livro - ESTUDO TÉCNICO PRELIMINAR - AQUISIÇÕES - SERVIÇOS EM GERAL.pdf","Repetido em: E:\Thiago\Dev\PCA_Multiexercicio_Referencias\Base Legal CLC - Atualizada Maio.2026\_ARQUIVAR\Manuais, cadernos, cursos e outros\Manuais\E-BOX 01 - ESTUDO TÉCNICO PRELIMINAR - AQUISIÇÕES - SERVIÇOS EM GERAL.pdf","3252410","E:\Thiago\Dev\PCA_Multiexercicio_Referencias\Manuais\Livro - ESTUDO TÉCNICO PRELIMINAR - AQUISIÇÕES - SERVIÇOS EM GERAL.pdf"
"C-E/PCA_Referencias/Manuais","DUPLICADO","Livro - NLLC Esquematizada.pdf",".pdf","_DUPLICADOS_para_arquivar\Livro - NLLC Esquematizada.pdf","Já existe na mestra: mestra\05_Doutrina_e_Biblioteca\Biblioteca_Manuais_e_Cursos\Livro - NLLC Esquematizada.pdf","7676537","E:\Thiago\Dev\PCA_Multiexercicio_Referencias\Manuais\Livro - NLLC Esquematizada.pdf"
"C-E/PCA_Referencias/Manuais","DUPLICADO","Manual - Capítulo de Compras Governamentais no Brasil.pdf",".pdf","_DUPLICADOS_para_arquivar\Manual - Capítulo de Compras Governamentais no Brasil.pdf","Repetido em: E:\Thiago\Dev\PCA_Multiexercicio_Referencias\Base Legal CLC - Atualizada Maio.2026\_ARQUIVAR\Manuais, cadernos, cursos e outros\Manuais\Manual - Capítulo de Compras Governamentais no Brasil.pdf","377086","E:\Thiago\Dev\PCA_Multiexercicio_Referencias\Manuais\Manual - Capítulo de Compras Governamentais no Brasil.pdf"
"C-E/PCA_Referencias/Manuais","DUPLICADO","Manual - Dispensa Eletrônica - Governo (padrão) (3).pdf",".pdf","_DUPLICADOS_para_arquivar\Manual - Dispensa Eletrônica - Governo (padrão) (3).pdf","Repetido em: E:\Thiago\Dev\PCA_Multiexercicio_Referencias\Base Legal CLC - Atualizada Maio.2026\_ARQUIVAR\Manuais, cadernos, cursos e outros\Manuais\Manual - Dispensa Eletrônica - Governo (padrão) (3).pdf","6547966","E:\Thiago\Dev\PCA_Multiexercicio_Referencias\Manuais\Manual - Dispensa Eletrônica - Governo (padrão) (3).pdf"
"C-E/PCA_Referencias/Manuais","DUPLICADO","Manual - Dispensa Eletrônica - Governo (padrão).pdf",".pdf","_DUPLICADOS_para_arquivar\Manual - Dispensa Eletrônica - Governo (padrão).pdf","Repetido em: E:\Thiago\Dev\PCA_Multiexercicio_Referencias\Base Legal CLC - Atualizada Maio.2026\_ARQUIVAR\Manuais, cadernos, cursos e outros\Manuais\Manual - Dispensa Eletrônica - Governo (padrão).pdf","6582212","E:\Thiago\Dev\PCA_Multiexercicio_Referencias\Manuais\Manual - Dispensa Eletrônica - Governo (padrão).pdf"
"C-E/PCA_Referencias/Manuais","DUPLICADO","Manual - Manual de Planejamento da Contratação-SEMA_PMT-2023.pdf",".pdf","_DUPLICADOS_para_arquivar\Manual - Manual de Planejamento da Contratação-SEMA_PMT-2023.pdf","Já existe na mestra: mestra\05_Doutrina_e_Biblioteca\Biblioteca_Manuais_e_Cursos\Manual - Manual de Planejamento da Contratação-SEMA_PMT-2023.pdf","25609811","E:\Thiago\Dev\PCA_Multiexercicio_Referencias\Manuais\Manual - Manual de Planejamento da Contratação-SEMA_PMT-2023.pdf"
"C-E/PCA_Referencias/Manuais","DUPLICADO","Manual - Manual Dispensa Eletrônica - Visão Governo 28.01.2022.pdf",".pdf","_DUPLICADOS_para_arquivar\Manual - Manual Dispensa Eletrônica - Visão Governo 28.01.2022.pdf","Repetido em: E:\Thiago\Dev\PCA_Multiexercicio_Referencias\Base Legal CLC - Atualizada Maio.2026\_ARQUIVAR\Manuais, cadernos, cursos e outros\Manuais\Manual - Dispensa Eletrônica - Governo (padrão).pdf","6582212","E:\Thiago\Dev\PCA_Multiexercicio_Referencias\Manuais\Manual - Manual Dispensa Eletrônica - Visão Governo 28.01.2022.pdf"
"C-E/PCA_Referencias/Manuais","DUPLICADO","Manual API_s PNCP ConsultasVerso1.0.pdf",".pdf","_DUPLICADOS_para_arquivar\Manual API_s PNCP ConsultasVerso1.0.pdf","Já existe na mestra: mestra\06_Paineis_e_Contratos_Historicos\Manual_das_APIs_Manual_das_APIs .pdf","710705","E:\Thiago\Dev\PCA_Multiexercicio_Referencias\Manuais\Manual API_s PNCP ConsultasVerso1.0.pdf"
"C-E/PCA_Referencias/Manuais","DUPLICADO","Manual Compras e Licitacoes TRT 2 SP - 2024-2026.pdf",".pdf","_DUPLICADOS_para_arquivar\Manual Compras e Licitacoes TRT 2 SP - 2024-2026.pdf","Repetido em: E:\Thiago\Dev\PCA_Multiexercicio_Referencias\Base Legal CLC - Atualizada Maio.2026\_ARQUIVAR\Manuais, cadernos, cursos e outros\Manuais\Manual Compras e Licitacoes TRT 2 SP - 2024-2026.pdf","2854265","E:\Thiago\Dev\PCA_Multiexercicio_Referencias\Manuais\Manual Compras e Licitacoes TRT 2 SP - 2024-2026.pdf"
"C-E/PCA_Referencias/Manuais","DUPLICADO","Manual Compras e Licitacoes TRT 2 SP - 2025-2027.pdf",".pdf","_DUPLICADOS_para_arquivar\Manual Compras e Licitacoes TRT 2 SP - 2025-2027.pdf","Repetido em: E:\Thiago\Dev\PCA_Multiexercicio_Referencias\Base Legal CLC - Atualizada Maio.2026\_ARQUIVAR\Manuais, cadernos, cursos e outros\Manuais\Manual Compras e Licitacoes TRT 2 SP - 2025-2027.pdf","1177235","E:\Thiago\Dev\PCA_Multiexercicio_Referencias\Manuais\Manual Compras e Licitacoes TRT 2 SP - 2025-2027.pdf"
"C-E/PCA_Referencias/Manuais","DUPLICADO","Manual de Compras Baseadas na Relação Custo-Benefício (abr-2025).pdf",".pdf","_DUPLICADOS_para_arquivar\Manual de Compras Baseadas na Relação Custo-Benefício (abr-2025).pdf","Repetido em: E:\Thiago\Dev\PCA_Multiexercicio_Referencias\Base Legal CLC - Atualizada Maio.2026\_ARQUIVAR\Manuais, cadernos, cursos e outros\Manuais\Manual de Compras Baseadas na Relação Custo-Benefício (abr-2025).pdf","1224039","E:\Thiago\Dev\PCA_Multiexercicio_Referencias\Manuais\Manual de Compras Baseadas na Relação Custo-Benefício (abr-2025).pdf"
"C-E/PCA_Referencias/Manuais","DUPLICADO","Manual de Contratação de TIC sob a Ótica da Nova L.pdf",".pdf","_DUPLICADOS_para_arquivar\Manual de Contratação de TIC sob a Ótica da Nova L.pdf","Já existe na mestra: mestra\05_Doutrina_e_Biblioteca\Biblioteca_Manuais_e_Cursos\Manual de Contratação de TIC sob a Ótica da Nova L.pdf","3997294","E:\Thiago\Dev\PCA_Multiexercicio_Referencias\Manuais\Manual de Contratação de TIC sob a Ótica da Nova L.pdf"
"C-E/PCA_Referencias/Manuais","DUPLICADO","Manual do Contratos.gov.br (abr-2026) (V. 1.39.0).pdf",".pdf","_DUPLICADOS_para_arquivar\Manual do Contratos.gov.br (abr-2026) (V. 1.39.0).pdf","Já existe na mestra: mestra\05_Doutrina_e_Biblioteca\Biblioteca_Manuais_e_Cursos\manual-comprasgovbr-contratos.pdf","24628701","E:\Thiago\Dev\PCA_Multiexercicio_Referencias\Manuais\Manual do Contratos.gov.br (abr-2026) (V. 1.39.0).pdf"
"C-E/PCA_Referencias/Manuais","DUPLICADO","Manual MROSC – Do Planejamento à Prestação de Contas – Implementação do marco regulatório das OSC no Governo.pdf",".pdf","_DUPLICADOS_para_arquivar\Manual MROSC – Do Planejamento à Prestação de Contas – Implementação do marco regulatório das OSC no Governo.pdf","Já existe na mestra: mestra\05_Doutrina_e_Biblioteca\Biblioteca_Manuais_e_Cursos\Manual MROSC – Do Planejamento à Prestação de Contas – Implementação do marco regulatório das OSC no Governo.pdf","1766450","E:\Thiago\Dev\PCA_Multiexercicio_Referencias\Manuais\Manual MROSC – Do Planejamento à Prestação de Contas – Implementação do marco regulatório das OSC no Governo.pdf"
"C-E/PCA_Referencias/Manuais","DUPLICADO","manual-comprasgovbr-contratos.pdf",".pdf","_DUPLICADOS_para_arquivar\manual-comprasgovbr-contratos.pdf","Já existe na mestra: mestra\05_Doutrina_e_Biblioteca\Biblioteca_Manuais_e_Cursos\manual-comprasgovbr-contratos.pdf","24628701","E:\Thiago\Dev\PCA_Multiexercicio_Referencias\Manuais\manual-comprasgovbr-contratos.pdf"
"C-E/PCA_Referencias/Manuais","DUPLICADO","manual-contratos-gov-br-nova-versao.pdf",".pdf","_DUPLICADOS_para_arquivar\manual-contratos-gov-br-nova-versao.pdf","Já existe na mestra: mestra\05_Doutrina_e_Biblioteca\Biblioteca_Manuais_e_Cursos\manual-contratos-gov-br-nova-versao.pdf","9881919","E:\Thiago\Dev\PCA_Multiexercicio_Referencias\Manuais\manual-contratos-gov-br-nova-versao.pdf"
"C-E/PCA_Referencias/Manuais","DUPLICADO","Manual-de-Mapeamento-e-Melhoria-de-Processos-do-MPPI-1.pdf",".pdf","_DUPLICADOS_para_arquivar\Manual-de-Mapeamento-e-Melhoria-de-Processos-do-MPPI-1.pdf","Repetido em: E:\Thiago\Dev\PCA_Multiexercicio_Referencias\Base Legal CLC - Atualizada Maio.2026\_ARQUIVAR\Manuais, cadernos, cursos e outros\Manuais\Manual-de-Mapeamento-e-Melhoria-de-Processos-do-MPPI-1.pdf","3485303","E:\Thiago\Dev\PCA_Multiexercicio_Referencias\Manuais\Manual-de-Mapeamento-e-Melhoria-de-Processos-do-MPPI-1.pdf"
"C-E/PCA_Referencias/Manuais","DUPLICADO","Manual_Compras_Licitacoes (TRT 2 - SP).pdf",".pdf","_DUPLICADOS_para_arquivar\Manual_Compras_Licitacoes (TRT 2 - SP).pdf","Repetido em: E:\Thiago\Dev\PCA_Multiexercicio_Referencias\Base Legal CLC - Atualizada Maio.2026\_ARQUIVAR\Manuais, cadernos, cursos e outros\Manuais\Manual Compras e Licitacoes TRT 2 SP - 2025-2027.pdf","1177235","E:\Thiago\Dev\PCA_Multiexercicio_Referencias\Manuais\Manual_Compras_Licitacoes (TRT 2 - SP).pdf"
"C-E/PCA_Referencias/Manuais","DUPLICADO","MGIS - Modelo Maturidade de Dado MMD.pdf",".pdf","_DUPLICADOS_para_arquivar\MGIS - Modelo Maturidade de Dado MMD.pdf","Repetido em: E:\Thiago\Dev\PCA_Multiexercicio_Referencias\Base Legal CLC - Atualizada Maio.2026\_ARQUIVAR\Manuais, cadernos, cursos e outros\Manuais\MGIS - Modelo Maturidade de Dado MMD.pdf","3274161","E:\Thiago\Dev\PCA_Multiexercicio_Referencias\Manuais\MGIS - Modelo Maturidade de Dado MMD.pdf"
"C-E/PCA_Referencias/Manuais","DUPLICADO","Ministério da Fazenda e Ministério da Gestão- IA Generativa no serviço público – Definições, usos e boas prát.pdf",".pdf","_DUPLICADOS_para_arquivar\Ministério da Fazenda e Ministério da Gestão- IA Generativa no serviço público – Definições, usos e boas prát.pdf","Repetido em: E:\Thiago\Dev\PCA_Multiexercicio_Referencias\Base Legal CLC - Atualizada Maio.2026\_ARQUIVAR\Manuais, cadernos, cursos e outros\Manuais\ia-generativa-no-servico-publico.pdf","2733856","E:\Thiago\Dev\PCA_Multiexercicio_Referencias\Manuais\Ministério da Fazenda e Ministério da Gestão- IA Generativa no serviço público – Definições, usos e boas prát.pdf"
"C-E/PCA_Referencias/Manuais","DUPLICADO","Ministério da gestão – Manual do usuário - API de dados abertos do Compras.gov.br - Fev-2026.pdf",".pdf","_DUPLICADOS_para_arquivar\Ministério da gestão – Manual do usuário - API de dados abertos do Compras.gov.br - Fev-2026.pdf","Já existe na mestra: mestra\06_Paineis_e_Contratos_Historicos\manual-api-compras.pdf","1362013","E:\Thiago\Dev\PCA_Multiexercicio_Referencias\Manuais\Ministério da gestão – Manual do usuário - API de dados abertos do Compras.gov.br - Fev-2026.pdf"
"C-E/PCA_Referencias/Manuais","DUPLICADO","Modelo - Termo de Justificativa de Dispensa sem Disputa.pdf",".pdf","_DUPLICADOS_para_arquivar\Modelo - Termo de Justificativa de Dispensa sem Disputa.pdf","Já existe na mestra: mestra\05_Doutrina_e_Biblioteca\Biblioteca_Manuais_e_Cursos\Modelo - Termo de Justificativa de Dispensa sem Disputa.pdf","227639","E:\Thiago\Dev\PCA_Multiexercicio_Referencias\Manuais\Modelo - Termo de Justificativa de Dispensa sem Disputa.pdf"
"C-E/PCA_Referencias/Manuais","DUPLICADO","MPBA - Cadastro no Compras Gov - Dispensas e Inex.pdf",".pdf","_DUPLICADOS_para_arquivar\MPBA - Cadastro no Compras Gov - Dispensas e Inex.pdf","Repetido em: E:\Thiago\Dev\PCA_Multiexercicio_Referencias\Base Legal CLC - Atualizada Maio.2026\_ARQUIVAR\Manuais, cadernos, cursos e outros\Manuais\MPBA - Cadastro no Compras Gov - Dispensas e Inex.pdf","811678","E:\Thiago\Dev\PCA_Multiexercicio_Referencias\Manuais\MPBA - Cadastro no Compras Gov - Dispensas e Inex.pdf"
"C-E/PCA_Referencias/Manuais","DUPLICADO","Nota Técnica 5-2024 (Dispensa Licitação Eletrônica).pdf",".pdf","_DUPLICADOS_para_arquivar\Nota Técnica 5-2024 (Dispensa Licitação Eletrônica).pdf","Repetido em: E:\Thiago\Dev\PCA_Multiexercicio_Referencias\Base Legal CLC - Atualizada Maio.2026\_ARQUIVAR\Manuais, cadernos, cursos e outros\Manuais\Nota Técnica 5-2024 (Dispensa Licitação Eletrônica).pdf","329177","E:\Thiago\Dev\PCA_Multiexercicio_Referencias\Manuais\Nota Técnica 5-2024 (Dispensa Licitação Eletrônica).pdf"
"C-E/PCA_Referencias/Manuais","DUPLICADO","NOTA TÉCNICA CONJUNTA ATRICON-IRB Nº 01-2026.pdf",".pdf","_DUPLICADOS_para_arquivar\NOTA TÉCNICA CONJUNTA ATRICON-IRB Nº 01-2026.pdf","Repetido em: E:\Thiago\Dev\PCA_Multiexercicio_Referencias\Base Legal CLC - Atualizada Maio.2026\_ARQUIVAR\Manuais, cadernos, cursos e outros\Manuais\NOTA TÉCNICA CONJUNTA ATRICON-IRB Nº 01-2026.pdf","493618","E:\Thiago\Dev\PCA_Multiexercicio_Referencias\Manuais\NOTA TÉCNICA CONJUNTA ATRICON-IRB Nº 01-2026.pdf"
"C-E/PCA_Referencias/Manuais","DUPLICADO","Nota Técnica N° 18_2026 - Leis.org.pdf",".pdf","_DUPLICADOS_para_arquivar\Nota Técnica N° 18_2026 - Leis.org.pdf","Repetido em: E:\Thiago\Dev\PCA_Multiexercicio_Referencias\Base Legal CLC - Atualizada Maio.2026\_ARQUIVAR\Manuais, cadernos, cursos e outros\Manuais\Nota Técnica N° 18_2026 - Leis.org.pdf","9021810","E:\Thiago\Dev\PCA_Multiexercicio_Referencias\Manuais\Nota Técnica N° 18_2026 - Leis.org.pdf"
"C-E/PCA_Referencias/Manuais","DUPLICADO","Operacionalização do Sistema - Jamil Manasfi.pdf",".pdf","_DUPLICADOS_para_arquivar\Operacionalização do Sistema - Jamil Manasfi.pdf","Já existe na mestra: mestra\05_Doutrina_e_Biblioteca\Biblioteca_Manuais_e_Cursos\Operacionalização do Sistema - Jamil Manasfi.pdf","39223454","E:\Thiago\Dev\PCA_Multiexercicio_Referencias\Manuais\Operacionalização do Sistema - Jamil Manasfi.pdf"
"C-E/PCA_Referencias/Manuais","DUPLICADO","Operacionalização do Sistema - Vanessa Ventura.pdf",".pdf","_DUPLICADOS_para_arquivar\Operacionalização do Sistema - Vanessa Ventura.pdf","Já existe na mestra: mestra\05_Doutrina_e_Biblioteca\Biblioteca_Manuais_e_Cursos\Operacionalização do Sistema - Vanessa Ventura.pdf","14415635","E:\Thiago\Dev\PCA_Multiexercicio_Referencias\Manuais\Operacionalização do Sistema - Vanessa Ventura.pdf"
"C-E/PCA_Referencias/Manuais","DUPLICADO","ORIENTACAO-TECNICA-REEQUILIBRIO-ECONOMICO-FINANCEIRO.pdf",".pdf","_DUPLICADOS_para_arquivar\ORIENTACAO-TECNICA-REEQUILIBRIO-ECONOMICO-FINANCEIRO.pdf","Repetido em: E:\Thiago\Dev\PCA_Multiexercicio_Referencias\Base Legal CLC - Atualizada Maio.2026\_ARQUIVAR\Manuais, cadernos, cursos e outros\Manuais\ORIENTACAO-TECNICA-REEQUILIBRIO-ECONOMICO-FINANCEIRO.pdf","363626","E:\Thiago\Dev\PCA_Multiexercicio_Referencias\Manuais\ORIENTACAO-TECNICA-REEQUILIBRIO-ECONOMICO-FINANCEIRO.pdf"
"C-E/PCA_Referencias/Manuais","DUPLICADO","OrientaessobreasEvoluesdaCompraDireta.pdf",".pdf","_DUPLICADOS_para_arquivar\OrientaessobreasEvoluesdaCompraDireta.pdf","Já existe na mestra: mestra\05_Doutrina_e_Biblioteca\Biblioteca_Manuais_e_Cursos\OrientaessobreasEvoluesdaCompraDireta.pdf","9295381","E:\Thiago\Dev\PCA_Multiexercicio_Referencias\Manuais\OrientaessobreasEvoluesdaCompraDireta.pdf"
"C-E/PCA_Referencias/Manuais","DUPLICADO","Palestra - Aplicações e Limitações de Inteligência Artificial no Controle Externo.pdf",".pdf","_DUPLICADOS_para_arquivar\Palestra - Aplicações e Limitações de Inteligência Artificial no Controle Externo.pdf","Repetido em: E:\Thiago\Dev\PCA_Multiexercicio_Referencias\Base Legal CLC - Atualizada Maio.2026\_ARQUIVAR\Manuais, cadernos, cursos e outros\Manuais\Palestra - Aplicações e Limitações de Inteligência Artificial no Controle Externo.pdf","6293781","E:\Thiago\Dev\PCA_Multiexercicio_Referencias\Manuais\Palestra - Aplicações e Limitações de Inteligência Artificial no Controle Externo.pdf"
"C-E/PCA_Referencias/Manuais","DUPLICADO","Palestra - Inventário de Riscos e Controles nas contratações públicas.pdf",".pdf","_DUPLICADOS_para_arquivar\Palestra - Inventário de Riscos e Controles nas contratações públicas.pdf","Repetido em: E:\Thiago\Dev\PCA_Multiexercicio_Referencias\Base Legal CLC - Atualizada Maio.2026\_ARQUIVAR\Manuais, cadernos, cursos e outros\Manuais\Palestra - Inventário de Riscos e Controles nas contratações públicas.pdf","4833405","E:\Thiago\Dev\PCA_Multiexercicio_Referencias\Manuais\Palestra - Inventário de Riscos e Controles nas contratações públicas.pdf"
"C-E/PCA_Referencias/Manuais","DUPLICADO","PARECER n. 00003-2025-GAB-CGU-CGU-AGU.pdf",".pdf","_DUPLICADOS_para_arquivar\PARECER n. 00003-2025-GAB-CGU-CGU-AGU.pdf","Repetido em: E:\Thiago\Dev\PCA_Multiexercicio_Referencias\Base Legal CLC - Atualizada Maio.2026\_ARQUIVAR\Manuais, cadernos, cursos e outros\Manuais\PARECER n. 00003-2025-GAB-CGU-CGU-AGU.pdf","175178","E:\Thiago\Dev\PCA_Multiexercicio_Referencias\Manuais\PARECER n. 00003-2025-GAB-CGU-CGU-AGU.pdf"
"C-E/PCA_Referencias/Manuais","DUPLICADO","PARECER n. 00004-2025-CNLCA-CGU-AGU.pdf",".pdf","_DUPLICADOS_para_arquivar\PARECER n. 00004-2025-CNLCA-CGU-AGU.pdf","Repetido em: E:\Thiago\Dev\PCA_Multiexercicio_Referencias\Base Legal CLC - Atualizada Maio.2026\_ARQUIVAR\Manuais, cadernos, cursos e outros\Manuais\PARECER n. 00004-2025-CNLCA-CGU-AGU.pdf","397098","E:\Thiago\Dev\PCA_Multiexercicio_Referencias\Manuais\PARECER n. 00004-2025-CNLCA-CGU-AGU.pdf"
"C-E/PCA_Referencias/Manuais","DUPLICADO","PARECER n. 00005-2025-DECOR-CGU-AGU.pdf",".pdf","_DUPLICADOS_para_arquivar\PARECER n. 00005-2025-DECOR-CGU-AGU.pdf","Repetido em: E:\Thiago\Dev\PCA_Multiexercicio_Referencias\Base Legal CLC - Atualizada Maio.2026\_ARQUIVAR\Manuais, cadernos, cursos e outros\Manuais\PARECER n. 00005-2025-DECOR-CGU-AGU.pdf","438420","E:\Thiago\Dev\PCA_Multiexercicio_Referencias\Manuais\PARECER n. 00005-2025-DECOR-CGU-AGU.pdf"
"C-E/PCA_Referencias/Manuais","DUPLICADO","PARECER n. 00006-2025-GAB-DECOR-CGU-AGU.pdf",".pdf","_DUPLICADOS_para_arquivar\PARECER n. 00006-2025-GAB-DECOR-CGU-AGU.pdf","Repetido em: E:\Thiago\Dev\PCA_Multiexercicio_Referencias\Base Legal CLC - Atualizada Maio.2026\_ARQUIVAR\Manuais, cadernos, cursos e outros\Manuais\PARECER n. 00006-2025-GAB-DECOR-CGU-AGU.pdf","276061","E:\Thiago\Dev\PCA_Multiexercicio_Referencias\Manuais\PARECER n. 00006-2025-GAB-DECOR-CGU-AGU.pdf"
"C-E/PCA_Referencias/Manuais","DUPLICADO","PARECER n. 00006-2025CNLCA-CGU-AGU.pdf",".pdf","_DUPLICADOS_para_arquivar\PARECER n. 00006-2025CNLCA-CGU-AGU.pdf","Repetido em: E:\Thiago\Dev\PCA_Multiexercicio_Referencias\Base Legal CLC - Atualizada Maio.2026\_ARQUIVAR\Manuais, cadernos, cursos e outros\Manuais\PARECER n. 00006-2025CNLCA-CGU-AGU.pdf","275794","E:\Thiago\Dev\PCA_Multiexercicio_Referencias\Manuais\PARECER n. 00006-2025CNLCA-CGU-AGU.pdf"
"C-E/PCA_Referencias/Manuais","DUPLICADO","PARECER n. 00019-2025-DECOR-CGU-AGU.pdf",".pdf","_DUPLICADOS_para_arquivar\PARECER n. 00019-2025-DECOR-CGU-AGU.pdf","Repetido em: E:\Thiago\Dev\PCA_Multiexercicio_Referencias\Base Legal CLC - Atualizada Maio.2026\_ARQUIVAR\Manuais, cadernos, cursos e outros\Manuais\PARECER n. 00019-2025-DECOR-CGU-AGU.pdf","334911","E:\Thiago\Dev\PCA_Multiexercicio_Referencias\Manuais\PARECER n. 00019-2025-DECOR-CGU-AGU.pdf"
"C-E/PCA_Referencias/Manuais","DUPLICADO","PARECER n. 00196-2024-E-CJU-SCOM-CGU-AGU.pdf",".pdf","_DUPLICADOS_para_arquivar\PARECER n. 00196-2024-E-CJU-SCOM-CGU-AGU.pdf","Repetido em: E:\Thiago\Dev\PCA_Multiexercicio_Referencias\Base Legal CLC - Atualizada Maio.2026\_ARQUIVAR\Manuais, cadernos, cursos e outros\Manuais\PARECER n. 00196-2024-E-CJU-SCOM-CGU-AGU.pdf","349512","E:\Thiago\Dev\PCA_Multiexercicio_Referencias\Manuais\PARECER n. 00196-2024-E-CJU-SCOM-CGU-AGU.pdf"
"C-E/PCA_Referencias/Manuais","DUPLICADO","PARECER n. 00261-2024-E-CJU-SCOM-CGU-AGU.pdf",".pdf","_DUPLICADOS_para_arquivar\PARECER n. 00261-2024-E-CJU-SCOM-CGU-AGU.pdf","Repetido em: E:\Thiago\Dev\PCA_Multiexercicio_Referencias\Base Legal CLC - Atualizada Maio.2026\_ARQUIVAR\Manuais, cadernos, cursos e outros\Manuais\PARECER n. 00261-2024-E-CJU-SCOM-CGU-AGU.pdf","271327","E:\Thiago\Dev\PCA_Multiexercicio_Referencias\Manuais\PARECER n. 00261-2024-E-CJU-SCOM-CGU-AGU.pdf"
"C-E/PCA_Referencias/Manuais","DUPLICADO","PARECER n. 00860-2023-ADV-E-CJU-SCOM-CGU-AGU.pdf",".pdf","_DUPLICADOS_para_arquivar\PARECER n. 00860-2023-ADV-E-CJU-SCOM-CGU-AGU.pdf","Repetido em: E:\Thiago\Dev\PCA_Multiexercicio_Referencias\Base Legal CLC - Atualizada Maio.2026\_ARQUIVAR\Manuais, cadernos, cursos e outros\Manuais\PARECER n. 00860-2023-ADV-E-CJU-SCOM-CGU-AGU.pdf","296634","E:\Thiago\Dev\PCA_Multiexercicio_Referencias\Manuais\PARECER n. 00860-2023-ADV-E-CJU-SCOM-CGU-AGU.pdf"
"C-E/PCA_Referencias/Manuais","DUPLICADO","PARECER n. 00880-2023-ADV-E-CJU-SCOM-CGU-AGU.pdf",".pdf","_DUPLICADOS_para_arquivar\PARECER n. 00880-2023-ADV-E-CJU-SCOM-CGU-AGU.pdf","Repetido em: E:\Thiago\Dev\PCA_Multiexercicio_Referencias\Base Legal CLC - Atualizada Maio.2026\_ARQUIVAR\Manuais, cadernos, cursos e outros\Manuais\PARECER n. 00880-2023-ADV-E-CJU-SCOM-CGU-AGU.pdf","268802","E:\Thiago\Dev\PCA_Multiexercicio_Referencias\Manuais\PARECER n. 00880-2023-ADV-E-CJU-SCOM-CGU-AGU.pdf"
"C-E/PCA_Referencias/Manuais","DUPLICADO","PARECER Nº 00002-2025-CNLCA-CGU-AGU.pdf",".pdf","_DUPLICADOS_para_arquivar\PARECER Nº 00002-2025-CNLCA-CGU-AGU.pdf","Repetido em: E:\Thiago\Dev\PCA_Multiexercicio_Referencias\Base Legal CLC - Atualizada Maio.2026\_ARQUIVAR\Manuais, cadernos, cursos e outros\Manuais\PARECER Nº 00002-2025-CNLCA-CGU-AGU.pdf","241546","E:\Thiago\Dev\PCA_Multiexercicio_Referencias\Manuais\PARECER Nº 00002-2025-CNLCA-CGU-AGU.pdf"
"C-E/PCA_Referencias/Manuais","DUPLICADO","PARECER Nº 00004-2024-CGEST-CGU-AGU.pdf",".pdf","_DUPLICADOS_para_arquivar\PARECER Nº 00004-2024-CGEST-CGU-AGU.pdf","Já existe na mestra: mestra\05_Doutrina_e_Biblioteca\Biblioteca_Manuais_e_Cursos\PARECER Nº 00004-2024-CGEST-CGU-AGU.pdf","5740156","E:\Thiago\Dev\PCA_Multiexercicio_Referencias\Manuais\PARECER Nº 00004-2024-CGEST-CGU-AGU.pdf"
"C-E/PCA_Referencias/Manuais","DUPLICADO","PARECER Nº 00005-2025-CNLCA-CGU-AGU.pdf",".pdf","_DUPLICADOS_para_arquivar\PARECER Nº 00005-2025-CNLCA-CGU-AGU.pdf","Repetido em: E:\Thiago\Dev\PCA_Multiexercicio_Referencias\Base Legal CLC - Atualizada Maio.2026\_ARQUIVAR\Manuais, cadernos, cursos e outros\Manuais\PARECER Nº 00005-2025-CNLCA-CGU-AGU.pdf","292775","E:\Thiago\Dev\PCA_Multiexercicio_Referencias\Manuais\PARECER Nº 00005-2025-CNLCA-CGU-AGU.pdf"
"C-E/PCA_Referencias/Manuais","DUPLICADO","PARECER Nº 00015-2024-CNLCA-CGU-AGU.pdf",".pdf","_DUPLICADOS_para_arquivar\PARECER Nº 00015-2024-CNLCA-CGU-AGU.pdf","Repetido em: E:\Thiago\Dev\PCA_Multiexercicio_Referencias\Base Legal CLC - Atualizada Maio.2026\_ARQUIVAR\Manuais, cadernos, cursos e outros\Manuais\PARECER Nº 00015-2024-CNLCA-CGU-AGU.pdf","201734","E:\Thiago\Dev\PCA_Multiexercicio_Referencias\Manuais\PARECER Nº 00015-2024-CNLCA-CGU-AGU.pdf"
"C-E/PCA_Referencias/Manuais","DUPLICADO","PARECER Nº 00017-2024-CNLCA-CGU-AGU.pdf",".pdf","_DUPLICADOS_para_arquivar\PARECER Nº 00017-2024-CNLCA-CGU-AGU.pdf","Repetido em: E:\Thiago\Dev\PCA_Multiexercicio_Referencias\Base Legal CLC - Atualizada Maio.2026\_ARQUIVAR\Manuais, cadernos, cursos e outros\Manuais\PARECER Nº 00017-2024-CNLCA-CGU-AGU.pdf","443810","E:\Thiago\Dev\PCA_Multiexercicio_Referencias\Manuais\PARECER Nº 00017-2024-CNLCA-CGU-AGU.pdf"
"C-E/PCA_Referencias/Manuais","DUPLICADO","PARECER Nº 00019-2024-CNLCA-CGU-AGU.pdf",".pdf","_DUPLICADOS_para_arquivar\PARECER Nº 00019-2024-CNLCA-CGU-AGU.pdf","Repetido em: E:\Thiago\Dev\PCA_Multiexercicio_Referencias\Base Legal CLC - Atualizada Maio.2026\_ARQUIVAR\Manuais, cadernos, cursos e outros\Manuais\PARECER Nº 00019-2024-CNLCA-CGU-AGU.pdf","500691","E:\Thiago\Dev\PCA_Multiexercicio_Referencias\Manuais\PARECER Nº 00019-2024-CNLCA-CGU-AGU.pdf"
"C-E/PCA_Referencias/Manuais","DUPLICADO","PARECER Nº 00023-2025-CGAQ-BSB-SCGP-CGU-AGU (1).pdf",".pdf","_DUPLICADOS_para_arquivar\PARECER Nº 00023-2025-CGAQ-BSB-SCGP-CGU-AGU (1).pdf","Repetido em: E:\Thiago\Dev\PCA_Multiexercicio_Referencias\Base Legal CLC - Atualizada Maio.2026\_ARQUIVAR\Manuais, cadernos, cursos e outros\Manuais\PARECER Nº 00023-2025-CGAQ-BSB-SCGP-CGU-AGU (1).pdf","197976","E:\Thiago\Dev\PCA_Multiexercicio_Referencias\Manuais\PARECER Nº 00023-2025-CGAQ-BSB-SCGP-CGU-AGU (1).pdf"
"C-E/PCA_Referencias/Manuais","DUPLICADO","PARECER Nº 00023-2025-CGAQ-BSB-SCGP-CGU-AGU.pdf",".pdf","_DUPLICADOS_para_arquivar\PARECER Nº 00023-2025-CGAQ-BSB-SCGP-CGU-AGU.pdf","Repetido em: E:\Thiago\Dev\PCA_Multiexercicio_Referencias\Base Legal CLC - Atualizada Maio.2026\_ARQUIVAR\Manuais, cadernos, cursos e outros\Manuais\PARECER Nº 00023-2025-CGAQ-BSB-SCGP-CGU-AGU (1).pdf","197976","E:\Thiago\Dev\PCA_Multiexercicio_Referencias\Manuais\PARECER Nº 00023-2025-CGAQ-BSB-SCGP-CGU-AGU.pdf"
"C-E/PCA_Referencias/Manuais","DUPLICADO","PARECER Nº 00060-2024-DECOR-CGU-AGU (1).pdf",".pdf","_DUPLICADOS_para_arquivar\PARECER Nº 00060-2024-DECOR-CGU-AGU (1).pdf","Repetido em: E:\Thiago\Dev\PCA_Multiexercicio_Referencias\Base Legal CLC - Atualizada Maio.2026\_ARQUIVAR\Manuais, cadernos, cursos e outros\Manuais\PARECER Nº 00060-2024-DECOR-CGU-AGU (1).pdf","210192","E:\Thiago\Dev\PCA_Multiexercicio_Referencias\Manuais\PARECER Nº 00060-2024-DECOR-CGU-AGU (1).pdf"
"C-E/PCA_Referencias/Manuais","DUPLICADO","PARECER Nº 00060-2024-DECOR-CGU-AGU.pdf",".pdf","_DUPLICADOS_para_arquivar\PARECER Nº 00060-2024-DECOR-CGU-AGU.pdf","Repetido em: E:\Thiago\Dev\PCA_Multiexercicio_Referencias\Base Legal CLC - Atualizada Maio.2026\_ARQUIVAR\Manuais, cadernos, cursos e outros\Manuais\PARECER Nº 00060-2024-DECOR-CGU-AGU (1).pdf","210192","E:\Thiago\Dev\PCA_Multiexercicio_Referencias\Manuais\PARECER Nº 00060-2024-DECOR-CGU-AGU.pdf"
"C-E/PCA_Referencias/Manuais","DUPLICADO","PARECER Nº 4632024-PLCCAPGM - Contratação direta por dispensa de licitação.pdf",".pdf","_DUPLICADOS_para_arquivar\PARECER Nº 4632024-PLCCAPGM - Contratação direta por dispensa de licitação.pdf","Repetido em: E:\Thiago\Dev\PCA_Multiexercicio_Referencias\Base Legal CLC - Atualizada Maio.2026\_ARQUIVAR\Manuais, cadernos, cursos e outros\Manuais\PARECER Nº 4632024-PLCCAPGM - Contratação direta por dispensa de licitação.pdf","217344","E:\Thiago\Dev\PCA_Multiexercicio_Referencias\Manuais\PARECER Nº 4632024-PLCCAPGM - Contratação direta por dispensa de licitação.pdf"
"C-E/PCA_Referencias/Manuais","DUPLICADO","Parecer1774358321.pdf",".pdf","_DUPLICADOS_para_arquivar\Parecer1774358321.pdf","Repetido em: E:\Thiago\Dev\PCA_Multiexercicio_Referencias\Base Legal CLC - Atualizada Maio.2026\_ARQUIVAR\Manuais, cadernos, cursos e outros\Manuais\Parecer1774358321.pdf","411337","E:\Thiago\Dev\PCA_Multiexercicio_Referencias\Manuais\Parecer1774358321.pdf"
"C-E/PCA_Referencias/Manuais","DUPLICADO","Parecer1776093267.pdf",".pdf","_DUPLICADOS_para_arquivar\Parecer1776093267.pdf","Repetido em: E:\Thiago\Dev\PCA_Multiexercicio_Referencias\Base Legal CLC - Atualizada Maio.2026\_ARQUIVAR\Manuais, cadernos, cursos e outros\Manuais\Parecer1776093267.pdf","613284","E:\Thiago\Dev\PCA_Multiexercicio_Referencias\Manuais\Parecer1776093267.pdf"
"C-E/PCA_Referencias/Manuais","DUPLICADO","PARECERn000022022CPLCdosimetriapenalidadecontratual.pdf",".pdf","_DUPLICADOS_para_arquivar\PARECERn000022022CPLCdosimetriapenalidadecontratual.pdf","Repetido em: E:\Thiago\Dev\PCA_Multiexercicio_Referencias\Base Legal CLC - Atualizada Maio.2026\_ARQUIVAR\Manuais, cadernos, cursos e outros\Manuais\PARECERn000022022CPLCdosimetriapenalidadecontratual.pdf","330874","E:\Thiago\Dev\PCA_Multiexercicio_Referencias\Manuais\PARECERn000022022CPLCdosimetriapenalidadecontratual.pdf"
"C-E/PCA_Referencias/Manuais","DUPLICADO","PassoapassoPGC.pdf",".pdf","_DUPLICADOS_para_arquivar\PassoapassoPGC.pdf","Já existe na mestra: mestra\05_Doutrina_e_Biblioteca\Biblioteca_Manuais_e_Cursos\PassoapassoPGC.pdf","7714166","E:\Thiago\Dev\PCA_Multiexercicio_Referencias\Manuais\PassoapassoPGC.pdf"
"C-E/PCA_Referencias/Manuais","DUPLICADO","Perguntas e Respostas- Licitações e Contratações.pdf",".pdf","_DUPLICADOS_para_arquivar\Perguntas e Respostas- Licitações e Contratações.pdf","Repetido em: E:\Thiago\Dev\PCA_Multiexercicio_Referencias\Base Legal CLC - Atualizada Maio.2026\_ARQUIVAR\Manuais, cadernos, cursos e outros\Manuais\Perguntas e Respostas- Licitações e Contratações.pdf","3680348","E:\Thiago\Dev\PCA_Multiexercicio_Referencias\Manuais\Perguntas e Respostas- Licitações e Contratações.pdf"
"C-E/PCA_Referencias/Manuais","DUPLICADO","Pesquisa de Preços Nas contratações Publicas 3.pdf",".pdf","_DUPLICADOS_para_arquivar\Pesquisa de Preços Nas contratações Publicas 3.pdf","Já existe na mestra: mestra\05_Doutrina_e_Biblioteca\Biblioteca_Manuais_e_Cursos\Pesquisa de Preços Nas contratações Publicas 3.pdf","1114986","E:\Thiago\Dev\PCA_Multiexercicio_Referencias\Manuais\Pesquisa de Preços Nas contratações Publicas 3.pdf"
"C-E/PCA_Referencias/Manuais","DUPLICADO","PGE PI - Lista Pequeno Valor - Serviços e Compras - DOE.pdf",".pdf","_DUPLICADOS_para_arquivar\PGE PI - Lista Pequeno Valor - Serviços e Compras - DOE.pdf","Repetido em: E:\Thiago\Dev\PCA_Multiexercicio_Referencias\Base Legal CLC - Atualizada Maio.2026\_ARQUIVAR\Manuais, cadernos, cursos e outros\Manuais\PGE PI - Lista Pequeno Valor - Serviços e Compras - DOE.pdf","1301553","E:\Thiago\Dev\PCA_Multiexercicio_Referencias\Manuais\PGE PI - Lista Pequeno Valor - Serviços e Compras - DOE.pdf"
"C-E/PCA_Referencias/Manuais","DUPLICADO","Planejamento_ fundamento legal par.pdf",".pdf","_DUPLICADOS_para_arquivar\Planejamento_ fundamento legal par.pdf","Repetido em: E:\Thiago\Dev\PCA_Multiexercicio_Referencias\Base Legal CLC - Atualizada Maio.2026\_ARQUIVAR\Manuais, cadernos, cursos e outros\Manuais\Planejamento_ fundamento legal par.pdf","307607","E:\Thiago\Dev\PCA_Multiexercicio_Referencias\Manuais\Planejamento_ fundamento legal par.pdf"
"C-E/PCA_Referencias/Manuais","DUPLICADO","PORTARIA SEGES_ME Nº 8.678, DE 19 DE JULHO DE 2021 — Portal de Compras do Governo Federal.pdf",".pdf","_DUPLICADOS_para_arquivar\PORTARIA SEGES_ME Nº 8.678, DE 19 DE JULHO DE 2021 — Portal de Compras do Governo Federal.pdf","Repetido em: E:\Thiago\Dev\PCA_Multiexercicio_Referencias\Base Legal CLC - Atualizada Maio.2026\_ARQUIVAR\Manuais, cadernos, cursos e outros\Manuais\PORTARIA SEGES_ME Nº 8.678, DE 19 DE JULHO DE 2021 — Portal de Compras do Governo Federal.pdf","436230","E:\Thiago\Dev\PCA_Multiexercicio_Referencias\Manuais\PORTARIA SEGES_ME Nº 8.678, DE 19 DE JULHO DE 2021 — Portal de Compras do Governo Federal.pdf"
"C-E/PCA_Referencias/Manuais","DUPLICADO","Publicação - 2º Simpósio de Licitações e Contratos da Justiça Federal - Enunciados aprovados.pdf",".pdf","_DUPLICADOS_para_arquivar\Publicação - 2º Simpósio de Licitações e Contratos da Justiça Federal - Enunciados aprovados.pdf","Repetido em: E:\Thiago\Dev\PCA_Multiexercicio_Referencias\Base Legal CLC - Atualizada Maio.2026\_ARQUIVAR\Manuais, cadernos, cursos e outros\Manuais\Publicação - 2º Simpósio de Licitações e Contratos da Justiça Federal - Enunciados aprovados.pdf","620271","E:\Thiago\Dev\PCA_Multiexercicio_Referencias\Manuais\Publicação - 2º Simpósio de Licitações e Contratos da Justiça Federal - Enunciados aprovados.pdf"
"C-E/PCA_Referencias/Manuais","DUPLICADO","Publicação - cgu_ementarioaquisicoes_a4_2026.pdf",".pdf","_DUPLICADOS_para_arquivar\Publicação - cgu_ementarioaquisicoes_a4_2026.pdf","Repetido em: E:\Thiago\Dev\PCA_Multiexercicio_Referencias\Base Legal CLC - Atualizada Maio.2026\_ARQUIVAR\Manuais, cadernos, cursos e outros\Manuais\Publicação - cgu_ementarioaquisicoes_a4_2026.pdf","9205406","E:\Thiago\Dev\PCA_Multiexercicio_Referencias\Manuais\Publicação - cgu_ementarioaquisicoes_a4_2026.pdf"
"C-E/PCA_Referencias/Manuais","DUPLICADO","Publicação - ETP - UFJF.pdf",".pdf","_DUPLICADOS_para_arquivar\Publicação - ETP - UFJF.pdf","Repetido em: E:\Thiago\Dev\PCA_Multiexercicio_Referencias\Base Legal CLC - Atualizada Maio.2026\_ARQUIVAR\Manuais, cadernos, cursos e outros\Manuais\Publicação - ETP - UFJF.pdf","311677","E:\Thiago\Dev\PCA_Multiexercicio_Referencias\Manuais\Publicação - ETP - UFJF.pdf"
"C-E/PCA_Referencias/Manuais","DUPLICADO","Referencial_Licitacoes_Contratos_TCESC.pdf",".pdf","_DUPLICADOS_para_arquivar\Referencial_Licitacoes_Contratos_TCESC.pdf","Repetido em: E:\Thiago\Dev\PCA_Multiexercicio_Referencias\Base Legal CLC - Atualizada Maio.2026\_ARQUIVAR\Manuais, cadernos, cursos e outros\Manuais\Referencial_Licitacoes_Contratos_TCESC.pdf","4830724","E:\Thiago\Dev\PCA_Multiexercicio_Referencias\Manuais\Referencial_Licitacoes_Contratos_TCESC.pdf"
"C-E/PCA_Referencias/Manuais","DUPLICADO","Relatório - CGU – Relatório de Avaliação- impacto do uso do orçamento sigiloso e dos modos de disputa.pdf",".pdf","_DUPLICADOS_para_arquivar\Relatório - CGU – Relatório de Avaliação- impacto do uso do orçamento sigiloso e dos modos de disputa.pdf","Repetido em: E:\Thiago\Dev\PCA_Multiexercicio_Referencias\Base Legal CLC - Atualizada Maio.2026\_ARQUIVAR\Manuais, cadernos, cursos e outros\Manuais\Relatório - CGU – Relatório de Avaliação- impacto do uso do orçamento sigiloso e dos modos de disputa.pdf","1742978","E:\Thiago\Dev\PCA_Multiexercicio_Referencias\Manuais\Relatório - CGU – Relatório de Avaliação- impacto do uso do orçamento sigiloso e dos modos de disputa.pdf"
"C-E/PCA_Referencias/Manuais","DUPLICADO","Sem Singularidade não há Inexigibilidade.pdf",".pdf","_DUPLICADOS_para_arquivar\Sem Singularidade não há Inexigibilidade.pdf","Repetido em: E:\Thiago\Dev\PCA_Multiexercicio_Referencias\Base Legal CLC - Atualizada Maio.2026\_ARQUIVAR\Manuais, cadernos, cursos e outros\Manuais\Artigo - Sem Singularidade não há Inexigibilidade.pdf","146360","E:\Thiago\Dev\PCA_Multiexercicio_Referencias\Manuais\Sem Singularidade não há Inexigibilidade.pdf"
"C-E/PCA_Referencias/Manuais","DUPLICADO","Slides - 50 Erros mais Comuns em Licitações.pdf",".pdf","_DUPLICADOS_para_arquivar\Slides - 50 Erros mais Comuns em Licitações.pdf","Já existe na mestra: mestra\05_Doutrina_e_Biblioteca\Biblioteca_Manuais_e_Cursos\Slides - 50 Erros mais Comuns em Licitações.pdf","337070","E:\Thiago\Dev\PCA_Multiexercicio_Referencias\Manuais\Slides - 50 Erros mais Comuns em Licitações.pdf"
"C-E/PCA_Referencias/Manuais","DUPLICADO","Slides - IA Aplicada nas Licitações.pdf",".pdf","_DUPLICADOS_para_arquivar\Slides - IA Aplicada nas Licitações.pdf","Já existe na mestra: mestra\05_Doutrina_e_Biblioteca\Biblioteca_Manuais_e_Cursos\Slides - IA Aplicada nas Licitações.pdf","32637318","E:\Thiago\Dev\PCA_Multiexercicio_Referencias\Manuais\Slides - IA Aplicada nas Licitações.pdf"
"C-E/PCA_Referencias/Manuais","DUPLICADO","TCC - ETP - O Dilema entre Necessidade e Solução.pdf",".pdf","_DUPLICADOS_para_arquivar\TCC - ETP - O Dilema entre Necessidade e Solução.pdf","Repetido em: E:\Thiago\Dev\PCA_Multiexercicio_Referencias\Base Legal CLC - Atualizada Maio.2026\_ARQUIVAR\Manuais, cadernos, cursos e outros\Manuais\TCC - ETP - O Dilema entre Necessidade e Solução.pdf","5908151","E:\Thiago\Dev\PCA_Multiexercicio_Referencias\Manuais\TCC - ETP - O Dilema entre Necessidade e Solução.pdf"
"C-E/PCA_Referencias/Manuais","DUPLICADO","TCE-PR – Cartilha de Obras e Serviços de Engenharia- estudo técnico preliminar.pdf",".pdf","_DUPLICADOS_para_arquivar\TCE-PR – Cartilha de Obras e Serviços de Engenharia- estudo técnico preliminar.pdf","Já existe na mestra: mestra\05_Doutrina_e_Biblioteca\Biblioteca_Manuais_e_Cursos\TCE-PR – Cartilha de Obras e Serviços de Engenharia- estudo técnico preliminar.pdf","4106159","E:\Thiago\Dev\PCA_Multiexercicio_Referencias\Manuais\TCE-PR – Cartilha de Obras e Serviços de Engenharia- estudo técnico preliminar.pdf"
"C-E/PCA_Referencias/Manuais","DUPLICADO","TCE-RS – Conclusões Técnicas da Comissão de Estudos da Nova Lei de Licitações e Contratos para a Fiscalização.pdf",".pdf","_DUPLICADOS_para_arquivar\TCE-RS – Conclusões Técnicas da Comissão de Estudos da Nova Lei de Licitações e Contratos para a Fiscalização.pdf","Repetido em: E:\Thiago\Dev\PCA_Multiexercicio_Referencias\Base Legal CLC - Atualizada Maio.2026\_ARQUIVAR\Manuais, cadernos, cursos e outros\Manuais\TCE-RS – Conclusões Técnicas da Comissão de Estudos da Nova Lei de Licitações e Contratos para a Fiscalização.pdf","6931246","E:\Thiago\Dev\PCA_Multiexercicio_Referencias\Manuais\TCE-RS – Conclusões Técnicas da Comissão de Estudos da Nova Lei de Licitações e Contratos para a Fiscalização.pdf"
"C-E/PCA_Referencias/Manuais","DUPLICADO","TCE-SC - NOTA TÉCNICA Nº TC-19-2026.pdf",".pdf","_DUPLICADOS_para_arquivar\TCE-SC - NOTA TÉCNICA Nº TC-19-2026.pdf","Repetido em: E:\Thiago\Dev\PCA_Multiexercicio_Referencias\Base Legal CLC - Atualizada Maio.2026\_ARQUIVAR\Manuais, cadernos, cursos e outros\Manuais\TCE-SC - NOTA TÉCNICA Nº TC-19-2026.pdf","341481","E:\Thiago\Dev\PCA_Multiexercicio_Referencias\Manuais\TCE-SC - NOTA TÉCNICA Nº TC-19-2026.pdf"
"C-E/PCA_Referencias/Manuais","DUPLICADO","TCE-SC – Perguntas e respostas- licitações e contratos (edição 1 - 2025).pdf",".pdf","_DUPLICADOS_para_arquivar\TCE-SC – Perguntas e respostas- licitações e contratos (edição 1 - 2025).pdf","Repetido em: E:\Thiago\Dev\PCA_Multiexercicio_Referencias\Base Legal CLC - Atualizada Maio.2026\_ARQUIVAR\Manuais, cadernos, cursos e outros\Manuais\TCE-SC – Perguntas e respostas- licitações e contratos (edição 1 - 2025).pdf","2418649","E:\Thiago\Dev\PCA_Multiexercicio_Referencias\Manuais\TCE-SC – Perguntas e respostas- licitações e contratos (edição 1 - 2025).pdf"
"C-E/PCA_Referencias/Manuais","DUPLICADO","TCU - Edital 001.2024 - Licitação Especial para Contratação de Solução Inovadora.pdf",".pdf","_DUPLICADOS_para_arquivar\TCU - Edital 001.2024 - Licitação Especial para Contratação de Solução Inovadora.pdf","Repetido em: E:\Thiago\Dev\PCA_Multiexercicio_Referencias\Base Legal CLC - Atualizada Maio.2026\_ARQUIVAR\Manuais, cadernos, cursos e outros\Manuais\TCU - Edital 001.2024 - Licitação Especial para Contratação de Solução Inovadora.pdf","1934866","E:\Thiago\Dev\PCA_Multiexercicio_Referencias\Manuais\TCU - Edital 001.2024 - Licitação Especial para Contratação de Solução Inovadora.pdf"
"C-E/PCA_Referencias/Manuais","DUPLICADO","TCU – Transição Energética- guia prático de auditoria para instituições superiores de controle.pdf",".pdf","_DUPLICADOS_para_arquivar\TCU – Transição Energética- guia prático de auditoria para instituições superiores de controle.pdf","Já existe na mestra: mestra\05_Doutrina_e_Biblioteca\Biblioteca_Manuais_e_Cursos\TCU – Transição Energética- guia prático de auditoria para instituições superiores de controle.pdf","47461970","E:\Thiago\Dev\PCA_Multiexercicio_Referencias\Manuais\TCU – Transição Energética- guia prático de auditoria para instituições superiores de controle.pdf"
"C-E/PCA_Referencias/Manuais","DUPLICADO","TJMA - checklist_dispensa_eletronica_24_10_2023_19_20_10.pdf",".pdf","_DUPLICADOS_para_arquivar\TJMA - checklist_dispensa_eletronica_24_10_2023_19_20_10.pdf","Já existe na mestra: mestra\04_Sistemas_e_Catalogos\Manuais_Sistemas_Oficiais\TJMA - checklist_dispensa_eletronica_24_10_2023_19_20_10.pdf","83793","E:\Thiago\Dev\PCA_Multiexercicio_Referencias\Manuais\TJMA - checklist_dispensa_eletronica_24_10_2023_19_20_10.pdf"
"C-E/PCA_Referencias/Manuais","DUPLICADO","Transcrição.pdf",".pdf","_DUPLICADOS_para_arquivar\Transcrição.pdf","Já existe na mestra: mestra\05_Doutrina_e_Biblioteca\Biblioteca_Manuais_e_Cursos\Transcrição.pdf","309259","E:\Thiago\Dev\PCA_Multiexercicio_Referencias\Manuais\Transcrição.pdf"
"C-E/PCA_Referencias/Manuais","DUPLICADO","Transformação do Estado no Brasil- desenhando compras públicas, empresas estatais e infraestrutura públic (1).pdf",".pdf","_DUPLICADOS_para_arquivar\Transformação do Estado no Brasil- desenhando compras públicas, empresas estatais e infraestrutura públic (1).pdf","Repetido em: E:\Thiago\Dev\PCA_Multiexercicio_Referencias\Base Legal CLC - Atualizada Maio.2026\_ARQUIVAR\Manuais, cadernos, cursos e outros\Manuais\Transformação do Estado no Brasil- desenhando compras públicas, empresas estatais e infraestrutura públic (1).pdf","2189509","E:\Thiago\Dev\PCA_Multiexercicio_Referencias\Manuais\Transformação do Estado no Brasil- desenhando compras públicas, empresas estatais e infraestrutura públic (1).pdf"
"C-E/PCA_Referencias/Manuais","DUPLICADO","Transformação do Estado no Brasil- desenhando compras públicas, empresas estatais e infraestrutura pública di.pdf",".pdf","_DUPLICADOS_para_arquivar\Transformação do Estado no Brasil- desenhando compras públicas, empresas estatais e infraestrutura pública di.pdf","Repetido em: E:\Thiago\Dev\PCA_Multiexercicio_Referencias\Base Legal CLC - Atualizada Maio.2026\_ARQUIVAR\Manuais, cadernos, cursos e outros\Manuais\Transformação do Estado no Brasil- desenhando compras públicas, empresas estatais e infraestrutura públic (1).pdf","2189509","E:\Thiago\Dev\PCA_Multiexercicio_Referencias\Manuais\Transformação do Estado no Brasil- desenhando compras públicas, empresas estatais e infraestrutura pública di.pdf"
"C-E/PCA_Referencias/Manuais","DUPLICADO","TutorialContrataesPresenciais.pdf",".pdf","_DUPLICADOS_para_arquivar\TutorialContrataesPresenciais.pdf","Repetido em: E:\Thiago\Dev\PCA_Multiexercicio_Referencias\Base Legal CLC - Atualizada Maio.2026\_ARQUIVAR\Manuais, cadernos, cursos e outros\Manuais\TutorialContrataesPresenciais.pdf","12709564","E:\Thiago\Dev\PCA_Multiexercicio_Referencias\Manuais\TutorialContrataesPresenciais.pdf"
"C-E/PCA_Referencias/Manuais","DUPLICADO","tutorial_dez.25_AlteraodeDocumentoHbilnoSistemaContratosGov.br.pdf",".pdf","_DUPLICADOS_para_arquivar\tutorial_dez.25_AlteraodeDocumentoHbilnoSistemaContratosGov.br.pdf","Repetido em: E:\Thiago\Dev\PCA_Multiexercicio_Referencias\Base Legal CLC - Atualizada Maio.2026\_ARQUIVAR\Manuais, cadernos, cursos e outros\Manuais\tutorial_dez.25_AlteraodeDocumentoHbilnoSistemaContratosGov.br.pdf","3585843","E:\Thiago\Dev\PCA_Multiexercicio_Referencias\Manuais\tutorial_dez.25_AlteraodeDocumentoHbilnoSistemaContratosGov.br.pdf"
"C-E/PCA_Referencias/Manuais","DUPLICADO","UNIFESPA - Fluxo Descritivo das Contratações Diretas para ações de Desenv. e Capacitação.pdf",".pdf","_DUPLICADOS_para_arquivar\UNIFESPA - Fluxo Descritivo das Contratações Diretas para ações de Desenv. e Capacitação.pdf","Já existe na mestra: mestra\05_Doutrina_e_Biblioteca\Biblioteca_Manuais_e_Cursos\UNIFESPA - Fluxo Descritivo das Contratações Diretas para ações de Desenv. e Capacitação.pdf","336178","E:\Thiago\Dev\PCA_Multiexercicio_Referencias\Manuais\UNIFESPA - Fluxo Descritivo das Contratações Diretas para ações de Desenv. e Capacitação.pdf"
"C-E/PCA_Referencias/Manuais","DUPLICADO","Zenite - 5 Erros que você não pode cometer com IA nas Contratações.pdf",".pdf","_DUPLICADOS_para_arquivar\Zenite - 5 Erros que você não pode cometer com IA nas Contratações.pdf","Repetido em: E:\Thiago\Dev\PCA_Multiexercicio_Referencias\Base Legal CLC - Atualizada Maio.2026\_ARQUIVAR\Manuais, cadernos, cursos e outros\Manuais\Zenite - 5 Erros que você não pode cometer com IA nas Contratações.pdf","3844556","E:\Thiago\Dev\PCA_Multiexercicio_Referencias\Manuais\Zenite - 5 Erros que você não pode cometer com IA nas Contratações.pdf"
"C-E/PCA_Referencias/Manuais","DUPLICADO","Zênite - Apresentação - Curso Habilitação nas Contratações Públicas.pdf",".pdf","_DUPLICADOS_para_arquivar\Zênite - Apresentação - Curso Habilitação nas Contratações Públicas.pdf","Já existe na mestra: mestra\05_Doutrina_e_Biblioteca\Biblioteca_Manuais_e_Cursos\Zênite - Apresentação - Curso Habilitação nas Contratações Públicas.pdf","7173005","E:\Thiago\Dev\PCA_Multiexercicio_Referencias\Manuais\Zênite - Apresentação - Curso Habilitação nas Contratações Públicas.pdf"
"C-E/PCA_Referencias/Manuais","DUPLICADO","Zênite - Compilado de Leis sobre Licitações e Contratos.pdf",".pdf","_DUPLICADOS_para_arquivar\Zênite - Compilado de Leis sobre Licitações e Contratos.pdf","Já existe na mestra: mestra\05_Doutrina_e_Biblioteca\Biblioteca_Manuais_e_Cursos\Zênite - Compilado de Leis sobre Licitações e Contratos.pdf","9449709","E:\Thiago\Dev\PCA_Multiexercicio_Referencias\Manuais\Zênite - Compilado de Leis sobre Licitações e Contratos.pdf"
"C-E/PCA_Referencias/Manuais","DUPLICADO","Zênite - É possível que a Administração dispense a divulgação do aviso noscasos de dispensa em razão do valor.pdf",".pdf","_DUPLICADOS_para_arquivar\Zênite - É possível que a Administração dispense a divulgação do aviso noscasos de dispensa em razão do valor.pdf","Repetido em: E:\Thiago\Dev\PCA_Multiexercicio_Referencias\Base Legal CLC - Atualizada Maio.2026\_ARQUIVAR\Manuais, cadernos, cursos e outros\Manuais\Zênite - É possível que a Administração dispense a divulgação do aviso noscasos de dispensa em razão do valor.pdf","214581","E:\Thiago\Dev\PCA_Multiexercicio_Referencias\Manuais\Zênite - É possível que a Administração dispense a divulgação do aviso noscasos de dispensa em razão do valor.pdf"
"C-E/PCA_Referencias/Manuais","DUPLICADO","Zênite Fácil - Dispensa Eletrônica.pdf",".pdf","_DUPLICADOS_para_arquivar\Zênite Fácil - Dispensa Eletrônica.pdf","Repetido em: E:\Thiago\Dev\PCA_Multiexercicio_Referencias\Base Legal CLC - Atualizada Maio.2026\_ARQUIVAR\Manuais, cadernos, cursos e outros\Manuais\Zênite Fácil - Dispensa Eletrônica.pdf","204846","E:\Thiago\Dev\PCA_Multiexercicio_Referencias\Manuais\Zênite Fácil - Dispensa Eletrônica.pdf"
"C-E/PCA_Referencias/Manuais","DUPLICADO","Zênite Fácil - NOVA LEI DE LICITAÇÕES - PRORROGAÇÃO DE VIGÊNCIA DA ATA DE REGISTRO DE PREÇOS E A RENOVAÇÃO DO.pdf",".pdf","_DUPLICADOS_para_arquivar\Zênite Fácil - NOVA LEI DE LICITAÇÕES - PRORROGAÇÃO DE VIGÊNCIA DA ATA DE REGISTRO DE PREÇOS E A RENOVAÇÃO DO.pdf","Repetido em: E:\Thiago\Dev\PCA_Multiexercicio_Referencias\Base Legal CLC - Atualizada Maio.2026\_ARQUIVAR\Manuais, cadernos, cursos e outros\Manuais\Zênite Fácil - NOVA LEI DE LICITAÇÕES - PRORROGAÇÃO DE VIGÊNCIA DA ATA DE REGISTRO DE PREÇOS E A RENOVAÇÃO DO.pdf","337163","E:\Thiago\Dev\PCA_Multiexercicio_Referencias\Manuais\Zênite Fácil - NOVA LEI DE LICITAÇÕES - PRORROGAÇÃO DE VIGÊNCIA DA ATA DE REGISTRO DE PREÇOS E A RENOVAÇÃO DO.pdf"
"C-E/PCA_Referencias/Manuais","DUPLICADO","Zênite Fácil.pdf",".pdf","_DUPLICADOS_para_arquivar\Zênite Fácil.pdf","Repetido em: E:\Thiago\Dev\PCA_Multiexercicio_Referencias\Base Legal CLC - Atualizada Maio.2026\_ARQUIVAR\Manuais, cadernos, cursos e outros\Manuais\Zênite Fácil.pdf","183379","E:\Thiago\Dev\PCA_Multiexercicio_Referencias\Manuais\Zênite Fácil.pdf"
"C-E/PCA_Referencias/Manuais","DUPLICADO","Manual - BPPlus.pdf",".pdf","_DUPLICADOS_para_arquivar\Manual - BPPlus.pdf","Já existe na mestra: mestra\04_Sistemas_e_Catalogos\Manuais_Sistemas_Oficiais\Banco_de_Precos\Manual - BPPlus.pdf","13217444","E:\Thiago\Dev\PCA_Multiexercicio_Referencias\Manuais\Banco de Preços\Manual - BPPlus.pdf"
"C-E/PCA_Referencias/Manuais","DUPLICADO","Passo a Passo - Como Convidar Fornecedores + LOG + TR.pdf",".pdf","_DUPLICADOS_para_arquivar\Passo a Passo - Como Convidar Fornecedores + LOG + TR.pdf","Já existe na mestra: mestra\04_Sistemas_e_Catalogos\Manuais_Sistemas_Oficiais\Banco_de_Precos\Passo a Passo - Como Convidar Fornecedores + LOG + TR.pdf","589017","E:\Thiago\Dev\PCA_Multiexercicio_Referencias\Manuais\Banco de Preços\Passo a Passo - Como Convidar Fornecedores + LOG + TR.pdf"
"C-E/PCA_Referencias/Manuais","DUPLICADO","Passo a Passo - Cotação Nova e Rápida (+lotes) (Plus).pdf",".pdf","_DUPLICADOS_para_arquivar\Passo a Passo - Cotação Nova e Rápida (+lotes) (Plus).pdf","Já existe na mestra: mestra\04_Sistemas_e_Catalogos\Manuais_Sistemas_Oficiais\Banco_de_Precos\Passo a Passo - Cotação Nova e Rápida (+lotes) (Plus).pdf","613884","E:\Thiago\Dev\PCA_Multiexercicio_Referencias\Manuais\Banco de Preços\Passo a Passo - Cotação Nova e Rápida (+lotes) (Plus).pdf"
"C-E/PCA_Referencias/Manuais","DUPLICADO","Passo a Passo - Cotação Nova e Rápida (Standard).pdf",".pdf","_DUPLICADOS_para_arquivar\Passo a Passo - Cotação Nova e Rápida (Standard).pdf","Já existe na mestra: mestra\04_Sistemas_e_Catalogos\Manuais_Sistemas_Oficiais\Banco_de_Precos\Passo a Passo - Cotação Nova e Rápida (Standard).pdf","455946","E:\Thiago\Dev\PCA_Multiexercicio_Referencias\Manuais\Banco de Preços\Passo a Passo - Cotação Nova e Rápida (Standard).pdf"
"D-E/Mapeamento_TCE/jurisprudencia_tce","MOVER","Informativo-17-09-2026.pdf",".pdf","02_Jurisprudencia_e_Orientacoes\Informativos_Julgamentos_TCE_PI\Informativo-17-09-2026.pdf","","414065","E:\Thiago\Dev\Mapeamento TCE\jurisprudencia_tce\Informativo-17-09-2026.pdf"
"D-E/Mapeamento_TCE/jurisprudencia_tce","MOVER","Plen_rio_Presencial_2__C_mara___Sess_o_Ordin_ria_Virtual_de_13_a_17_de_abril_de_.pdf",".pdf","02_Jurisprudencia_e_Orientacoes\Informativos_Julgamentos_TCE_PI\Plen_rio_Presencial_2__C_mara___Sess_o_Ordin_ria_Virtual_de_13_a_17_de_abril_de_.pdf","","324581","E:\Thiago\Dev\Mapeamento TCE\jurisprudencia_tce\informativos_pdf\Plen_rio_Presencial_2__C_mara___Sess_o_Ordin_ria_Virtual_de_13_a_17_de_abril_de_.pdf"
"D-E/Mapeamento_TCE/jurisprudencia_tce","MOVER","Plen_rio_Presencial_2__C_mara___Sess_o_Ordin_ria_Virtual_de_18_a_22_de_maio_de_2.pdf",".pdf","02_Jurisprudencia_e_Orientacoes\Informativos_Julgamentos_TCE_PI\Plen_rio_Presencial_2__C_mara___Sess_o_Ordin_ria_Virtual_de_18_a_22_de_maio_de_2.pdf","","330901","E:\Thiago\Dev\Mapeamento TCE\jurisprudencia_tce\informativos_pdf\Plen_rio_Presencial_2__C_mara___Sess_o_Ordin_ria_Virtual_de_18_a_22_de_maio_de_2.pdf"
"D-E/Mapeamento_TCE/jurisprudencia_tce","MOVER","Plen_rio_Presencial_Pleno___Sess_o_Ordin_ria_Presencial_n__004_de_13_de_mar_o_de.pdf",".pdf","02_Jurisprudencia_e_Orientacoes\Informativos_Julgamentos_TCE_PI\Plen_rio_Presencial_Pleno___Sess_o_Ordin_ria_Presencial_n__004_de_13_de_mar_o_de.pdf","","403489","E:\Thiago\Dev\Mapeamento TCE\jurisprudencia_tce\informativos_pdf\Plen_rio_Presencial_Pleno___Sess_o_Ordin_ria_Presencial_n__004_de_13_de_mar_o_de.pdf"
"D-E/Mapeamento_TCE/jurisprudencia_tce","MOVER","Plen_rio_Presencial_Pleno___Sess_o_Ordin_ria_Presencial_n__010_de_11_de_junho_de.pdf",".pdf","02_Jurisprudencia_e_Orientacoes\Informativos_Julgamentos_TCE_PI\Plen_rio_Presencial_Pleno___Sess_o_Ordin_ria_Presencial_n__010_de_11_de_junho_de.pdf","","412109","E:\Thiago\Dev\Mapeamento TCE\jurisprudencia_tce\informativos_pdf\Plen_rio_Presencial_Pleno___Sess_o_Ordin_ria_Presencial_n__010_de_11_de_junho_de.pdf"
"D-E/Mapeamento_TCE/jurisprudencia_tce","MOVER","Plen_rio_Presencial_Pleno___Sess_o_Ordin_ria_Presencial_n__011_de_25_de_junho_de.pdf",".pdf","02_Jurisprudencia_e_Orientacoes\Informativos_Julgamentos_TCE_PI\Plen_rio_Presencial_Pleno___Sess_o_Ordin_ria_Presencial_n__011_de_25_de_junho_de.pdf","","383500","E:\Thiago\Dev\Mapeamento TCE\jurisprudencia_tce\informativos_pdf\Plen_rio_Presencial_Pleno___Sess_o_Ordin_ria_Presencial_n__011_de_25_de_junho_de.pdf"
"D-E/Mapeamento_TCE/jurisprudencia_tce","MOVER","Plen_rio_Presencial_Pleno___Sess_o_Ordin_ria_Presencial_n__012_de_09_de_julho_de.pdf",".pdf","02_Jurisprudencia_e_Orientacoes\Informativos_Julgamentos_TCE_PI\Plen_rio_Presencial_Pleno___Sess_o_Ordin_ria_Presencial_n__012_de_09_de_julho_de.pdf","","372377","E:\Thiago\Dev\Mapeamento TCE\jurisprudencia_tce\informativos_pdf\Plen_rio_Presencial_Pleno___Sess_o_Ordin_ria_Presencial_n__012_de_09_de_julho_de.pdf"
"D-E/Mapeamento_TCE/jurisprudencia_tce","MOVER","Plen_rio_Presencial_Pleno___Sess_o_Ordin_ria_Presencial_n__013_de_16_de_julho_de.pdf",".pdf","02_Jurisprudencia_e_Orientacoes\Informativos_Julgamentos_TCE_PI\Plen_rio_Presencial_Pleno___Sess_o_Ordin_ria_Presencial_n__013_de_16_de_julho_de.pdf","","229103","E:\Thiago\Dev\Mapeamento TCE\jurisprudencia_tce\informativos_pdf\Plen_rio_Presencial_Pleno___Sess_o_Ordin_ria_Presencial_n__013_de_16_de_julho_de.pdf"
"D-E/Mapeamento_TCE/jurisprudencia_tce","MOVER","Plen_rio_Presencial_Pleno___Sess_o_Ordin_ria_Presencial_n__014_de_23_de_julho_de.pdf",".pdf","02_Jurisprudencia_e_Orientacoes\Informativos_Julgamentos_TCE_PI\Plen_rio_Presencial_Pleno___Sess_o_Ordin_ria_Presencial_n__014_de_23_de_julho_de.pdf","","435583","E:\Thiago\Dev\Mapeamento TCE\jurisprudencia_tce\informativos_pdf\Plen_rio_Presencial_Pleno___Sess_o_Ordin_ria_Presencial_n__014_de_23_de_julho_de.pdf"
"D-E/Mapeamento_TCE/jurisprudencia_tce","MOVER","Plen_rio_Presencial_Pleno___Sess_o_Ordin_ria_Presencial_n__015_de_06_de_agosto_d.pdf",".pdf","02_Jurisprudencia_e_Orientacoes\Informativos_Julgamentos_TCE_PI\Plen_rio_Presencial_Pleno___Sess_o_Ordin_ria_Presencial_n__015_de_06_de_agosto_d.pdf","","450062","E:\Thiago\Dev\Mapeamento TCE\jurisprudencia_tce\informativos_pdf\Plen_rio_Presencial_Pleno___Sess_o_Ordin_ria_Presencial_n__015_de_06_de_agosto_d.pdf"
"D-E/Mapeamento_TCE/jurisprudencia_tce","MOVER","Plen_rio_Presencial_Pleno___Sess_o_Ordin_ria_Presencial_n__016_de_20_de_agosto_d.pdf",".pdf","02_Jurisprudencia_e_Orientacoes\Informativos_Julgamentos_TCE_PI\Plen_rio_Presencial_Pleno___Sess_o_Ordin_ria_Presencial_n__016_de_20_de_agosto_d.pdf","","397604","E:\Thiago\Dev\Mapeamento TCE\jurisprudencia_tce\informativos_pdf\Plen_rio_Presencial_Pleno___Sess_o_Ordin_ria_Presencial_n__016_de_20_de_agosto_d.pdf"
"D-E/Mapeamento_TCE/jurisprudencia_tce","MOVER","Plen_rio_Presencial_Pleno___Sess_o_Ordin_ria_Presencial_n__017_de_03_de_setembro.pdf",".pdf","02_Jurisprudencia_e_Orientacoes\Informativos_Julgamentos_TCE_PI\Plen_rio_Presencial_Pleno___Sess_o_Ordin_ria_Presencial_n__017_de_03_de_setembro.pdf","","427492","E:\Thiago\Dev\Mapeamento TCE\jurisprudencia_tce\informativos_pdf\Plen_rio_Presencial_Pleno___Sess_o_Ordin_ria_Presencial_n__017_de_03_de_setembro.pdf"
"D-E/Mapeamento_TCE/jurisprudencia_tce","DUPLICADO","Plen_rio_Presencial_Pleno___Sess_o_Ordin_ria_Presencial_n__018_de_17_de_setembro.pdf",".pdf","_DUPLICADOS_para_arquivar\Plen_rio_Presencial_Pleno___Sess_o_Ordin_ria_Presencial_n__018_de_17_de_setembro.pdf","Repetido em: E:\Thiago\Dev\Mapeamento TCE\jurisprudencia_tce\Informativo-17-09-2026.pdf","414065","E:\Thiago\Dev\Mapeamento TCE\jurisprudencia_tce\informativos_pdf\Plen_rio_Presencial_Pleno___Sess_o_Ordin_ria_Presencial_n__018_de_17_de_setembro.pdf"
"D-E/Mapeamento_TCE/jurisprudencia_tce","MOVER","Plen_rio_Presencial_Pleno___Sess_o_Ordin_ria_Presencial_n__01_de_29_de_janeiro_d.pdf",".pdf","02_Jurisprudencia_e_Orientacoes\Informativos_Julgamentos_TCE_PI\Plen_rio_Presencial_Pleno___Sess_o_Ordin_ria_Presencial_n__01_de_29_de_janeiro_d.pdf","","461526","E:\Thiago\Dev\Mapeamento TCE\jurisprudencia_tce\informativos_pdf\Plen_rio_Presencial_Pleno___Sess_o_Ordin_ria_Presencial_n__01_de_29_de_janeiro_d.pdf"
"D-E/Mapeamento_TCE/jurisprudencia_tce","MOVER","Plen_rio_Presencial_Pleno___Sess_o_Ordin_ria_Presencial_n__02_de_12_de_fevereiro.pdf",".pdf","02_Jurisprudencia_e_Orientacoes\Informativos_Julgamentos_TCE_PI\Plen_rio_Presencial_Pleno___Sess_o_Ordin_ria_Presencial_n__02_de_12_de_fevereiro.pdf","","432312","E:\Thiago\Dev\Mapeamento TCE\jurisprudencia_tce\informativos_pdf\Plen_rio_Presencial_Pleno___Sess_o_Ordin_ria_Presencial_n__02_de_12_de_fevereiro.pdf"
"D-E/Mapeamento_TCE/jurisprudencia_tce","MOVER","Plen_rio_Presencial_Pleno___Sess_o_Ordin_ria_Presencial_n__05_de_26_de_mar_o_de_.pdf",".pdf","02_Jurisprudencia_e_Orientacoes\Informativos_Julgamentos_TCE_PI\Plen_rio_Presencial_Pleno___Sess_o_Ordin_ria_Presencial_n__05_de_26_de_mar_o_de_.pdf","","398930","E:\Thiago\Dev\Mapeamento TCE\jurisprudencia_tce\informativos_pdf\Plen_rio_Presencial_Pleno___Sess_o_Ordin_ria_Presencial_n__05_de_26_de_mar_o_de_.pdf"
"D-E/Mapeamento_TCE/jurisprudencia_tce","MOVER","Plen_rio_Presencial_Pleno___Sess_o_Ordin_ria_Presencial_n__06_de_09_de_abril_de_.pdf",".pdf","02_Jurisprudencia_e_Orientacoes\Informativos_Julgamentos_TCE_PI\Plen_rio_Presencial_Pleno___Sess_o_Ordin_ria_Presencial_n__06_de_09_de_abril_de_.pdf","","356328","E:\Thiago\Dev\Mapeamento TCE\jurisprudencia_tce\informativos_pdf\Plen_rio_Presencial_Pleno___Sess_o_Ordin_ria_Presencial_n__06_de_09_de_abril_de_.pdf"
"D-E/Mapeamento_TCE/jurisprudencia_tce","MOVER","Plen_rio_Presencial_Pleno___Sess_o_Ordin_ria_Presencial_n__07_de_30_de_abril_de_.pdf",".pdf","02_Jurisprudencia_e_Orientacoes\Informativos_Julgamentos_TCE_PI\Plen_rio_Presencial_Pleno___Sess_o_Ordin_ria_Presencial_n__07_de_30_de_abril_de_.pdf","","331305","E:\Thiago\Dev\Mapeamento TCE\jurisprudencia_tce\informativos_pdf\Plen_rio_Presencial_Pleno___Sess_o_Ordin_ria_Presencial_n__07_de_30_de_abril_de_.pdf"
"D-E/Mapeamento_TCE/jurisprudencia_tce","MOVER","Plen_rio_Presencial_Pleno___Sess_o_Ordin_ria_Presencial_n__08_de_14_de_maio_de_2.pdf",".pdf","02_Jurisprudencia_e_Orientacoes\Informativos_Julgamentos_TCE_PI\Plen_rio_Presencial_Pleno___Sess_o_Ordin_ria_Presencial_n__08_de_14_de_maio_de_2.pdf","","400256","E:\Thiago\Dev\Mapeamento TCE\jurisprudencia_tce\informativos_pdf\Plen_rio_Presencial_Pleno___Sess_o_Ordin_ria_Presencial_n__08_de_14_de_maio_de_2.pdf"
"D-E/Mapeamento_TCE/jurisprudencia_tce","MOVER","Plen_rio_Presencial_Pleno___Sess_o_Ordin_ria_Presencial_n__09_de_28_de_maio_de_2.pdf",".pdf","02_Jurisprudencia_e_Orientacoes\Informativos_Julgamentos_TCE_PI\Plen_rio_Presencial_Pleno___Sess_o_Ordin_ria_Presencial_n__09_de_28_de_maio_de_2.pdf","","437947","E:\Thiago\Dev\Mapeamento TCE\jurisprudencia_tce\informativos_pdf\Plen_rio_Presencial_Pleno___Sess_o_Ordin_ria_Presencial_n__09_de_28_de_maio_de_2.pdf"
"D-E/Mapeamento_TCE/jurisprudencia_tce","MOVER","Plen_rio_Presencial_Pleno___Sess_o_Ordin_ria_Presencial_n__21_de_15_de_dezembro_.pdf",".pdf","02_Jurisprudencia_e_Orientacoes\Informativos_Julgamentos_TCE_PI\Plen_rio_Presencial_Pleno___Sess_o_Ordin_ria_Presencial_n__21_de_15_de_dezembro_.pdf","","342168","E:\Thiago\Dev\Mapeamento TCE\jurisprudencia_tce\informativos_pdf\Plen_rio_Presencial_Pleno___Sess_o_Ordin_ria_Presencial_n__21_de_15_de_dezembro_.pdf"
"D-E/Mapeamento_TCE/jurisprudencia_tce","MOVER","Plen_rio_Virtual_Pleno___Sess_o_Ordin_ria_Virtual_de_03_a_07_de_agosto_de_2026_.pdf",".pdf","02_Jurisprudencia_e_Orientacoes\Informativos_Julgamentos_TCE_PI\Plen_rio_Virtual_Pleno___Sess_o_Ordin_ria_Virtual_de_03_a_07_de_agosto_de_2026_.pdf","","278789","E:\Thiago\Dev\Mapeamento TCE\jurisprudencia_tce\informativos_pdf\Plen_rio_Virtual_Pleno___Sess_o_Ordin_ria_Virtual_de_03_a_07_de_agosto_de_2026_.pdf"
"D-E/Mapeamento_TCE/jurisprudencia_tce","MOVER","Plen_rio_Virtual_Pleno___Sess_o_Ordin_ria_Virtual_de_04_a_08_de_maio_de_2026_.pdf",".pdf","02_Jurisprudencia_e_Orientacoes\Informativos_Julgamentos_TCE_PI\Plen_rio_Virtual_Pleno___Sess_o_Ordin_ria_Virtual_de_04_a_08_de_maio_de_2026_.pdf","","309620","E:\Thiago\Dev\Mapeamento TCE\jurisprudencia_tce\informativos_pdf\Plen_rio_Virtual_Pleno___Sess_o_Ordin_ria_Virtual_de_04_a_08_de_maio_de_2026_.pdf"
"D-E/Mapeamento_TCE/jurisprudencia_tce","MOVER","Plen_rio_Virtual_Pleno___Sess_o_Ordin_ria_Virtual_de_06_a_10_de_julho_de_2026_.pdf",".pdf","02_Jurisprudencia_e_Orientacoes\Informativos_Julgamentos_TCE_PI\Plen_rio_Virtual_Pleno___Sess_o_Ordin_ria_Virtual_de_06_a_10_de_julho_de_2026_.pdf","","292052","E:\Thiago\Dev\Mapeamento TCE\jurisprudencia_tce\informativos_pdf\Plen_rio_Virtual_Pleno___Sess_o_Ordin_ria_Virtual_de_06_a_10_de_julho_de_2026_.pdf"
"D-E/Mapeamento_TCE/jurisprudencia_tce","MOVER","Plen_rio_Virtual_Pleno___Sess_o_Ordin_ria_Virtual_de_08_a_11_de_setembro_de_2026.pdf",".pdf","02_Jurisprudencia_e_Orientacoes\Informativos_Julgamentos_TCE_PI\Plen_rio_Virtual_Pleno___Sess_o_Ordin_ria_Virtual_de_08_a_11_de_setembro_de_2026.pdf","","302550","E:\Thiago\Dev\Mapeamento TCE\jurisprudencia_tce\informativos_pdf\Plen_rio_Virtual_Pleno___Sess_o_Ordin_ria_Virtual_de_08_a_11_de_setembro_de_2026.pdf"
"D-E/Mapeamento_TCE/jurisprudencia_tce","MOVER","Plen_rio_Virtual_Pleno___Sess_o_Ordin_ria_Virtual_de_08_a_12_de_junho_de_2026_.pdf",".pdf","02_Jurisprudencia_e_Orientacoes\Informativos_Julgamentos_TCE_PI\Plen_rio_Virtual_Pleno___Sess_o_Ordin_ria_Virtual_de_08_a_12_de_junho_de_2026_.pdf","","286663","E:\Thiago\Dev\Mapeamento TCE\jurisprudencia_tce\informativos_pdf\Plen_rio_Virtual_Pleno___Sess_o_Ordin_ria_Virtual_de_08_a_12_de_junho_de_2026_.pdf"
"D-E/Mapeamento_TCE/jurisprudencia_tce","MOVER","Plen_rio_Virtual_Pleno___Sess_o_Ordin_ria_Virtual_de_10_a_14_de_agosto_de_2026_.pdf",".pdf","02_Jurisprudencia_e_Orientacoes\Informativos_Julgamentos_TCE_PI\Plen_rio_Virtual_Pleno___Sess_o_Ordin_ria_Virtual_de_10_a_14_de_agosto_de_2026_.pdf","","294101","E:\Thiago\Dev\Mapeamento TCE\jurisprudencia_tce\informativos_pdf\Plen_rio_Virtual_Pleno___Sess_o_Ordin_ria_Virtual_de_10_a_14_de_agosto_de_2026_.pdf"
"D-E/Mapeamento_TCE/jurisprudencia_tce","MOVER","Plen_rio_Virtual_Pleno___Sess_o_Ordin_ria_Virtual_de_11_a_15_de_maio_de_2026_.pdf",".pdf","02_Jurisprudencia_e_Orientacoes\Informativos_Julgamentos_TCE_PI\Plen_rio_Virtual_Pleno___Sess_o_Ordin_ria_Virtual_de_11_a_15_de_maio_de_2026_.pdf","","308044","E:\Thiago\Dev\Mapeamento TCE\jurisprudencia_tce\informativos_pdf\Plen_rio_Virtual_Pleno___Sess_o_Ordin_ria_Virtual_de_11_a_15_de_maio_de_2026_.pdf"
"D-E/Mapeamento_TCE/jurisprudencia_tce","MOVER","Plen_rio_Virtual_Pleno___Sess_o_Ordin_ria_Virtual_de_13_a_17_de_julho_de_2026_.pdf",".pdf","02_Jurisprudencia_e_Orientacoes\Informativos_Julgamentos_TCE_PI\Plen_rio_Virtual_Pleno___Sess_o_Ordin_ria_Virtual_de_13_a_17_de_julho_de_2026_.pdf","","291128","E:\Thiago\Dev\Mapeamento TCE\jurisprudencia_tce\informativos_pdf\Plen_rio_Virtual_Pleno___Sess_o_Ordin_ria_Virtual_de_13_a_17_de_julho_de_2026_.pdf"
"D-E/Mapeamento_TCE/jurisprudencia_tce","MOVER","Plen_rio_Virtual_Pleno___Sess_o_Ordin_ria_Virtual_de_14_a_18_de_setembro_de_2026.pdf",".pdf","02_Jurisprudencia_e_Orientacoes\Informativos_Julgamentos_TCE_PI\Plen_rio_Virtual_Pleno___Sess_o_Ordin_ria_Virtual_de_14_a_18_de_setembro_de_2026.pdf","","293458","E:\Thiago\Dev\Mapeamento TCE\jurisprudencia_tce\informativos_pdf\Plen_rio_Virtual_Pleno___Sess_o_Ordin_ria_Virtual_de_14_a_18_de_setembro_de_2026.pdf"
"D-E/Mapeamento_TCE/jurisprudencia_tce","MOVER","Plen_rio_Virtual_Pleno___Sess_o_Ordin_ria_Virtual_de_15_a_19_de_junho_de_2026_.pdf",".pdf","02_Jurisprudencia_e_Orientacoes\Informativos_Julgamentos_TCE_PI\Plen_rio_Virtual_Pleno___Sess_o_Ordin_ria_Virtual_de_15_a_19_de_junho_de_2026_.pdf","","291537","E:\Thiago\Dev\Mapeamento TCE\jurisprudencia_tce\informativos_pdf\Plen_rio_Virtual_Pleno___Sess_o_Ordin_ria_Virtual_de_15_a_19_de_junho_de_2026_.pdf"
"D-E/Mapeamento_TCE/jurisprudencia_tce","MOVER","Plen_rio_Virtual_Pleno___Sess_o_Ordin_ria_Virtual_de_17_a_21_de_agosto_de_2026_.pdf",".pdf","02_Jurisprudencia_e_Orientacoes\Informativos_Julgamentos_TCE_PI\Plen_rio_Virtual_Pleno___Sess_o_Ordin_ria_Virtual_de_17_a_21_de_agosto_de_2026_.pdf","","327446","E:\Thiago\Dev\Mapeamento TCE\jurisprudencia_tce\informativos_pdf\Plen_rio_Virtual_Pleno___Sess_o_Ordin_ria_Virtual_de_17_a_21_de_agosto_de_2026_.pdf"
"D-E/Mapeamento_TCE/jurisprudencia_tce","MOVER","Plen_rio_Virtual_Pleno___Sess_o_Ordin_ria_Virtual_de_18_a_22_de_maio_de_2026_.pdf",".pdf","02_Jurisprudencia_e_Orientacoes\Informativos_Julgamentos_TCE_PI\Plen_rio_Virtual_Pleno___Sess_o_Ordin_ria_Virtual_de_18_a_22_de_maio_de_2026_.pdf","","311471","E:\Thiago\Dev\Mapeamento TCE\jurisprudencia_tce\informativos_pdf\Plen_rio_Virtual_Pleno___Sess_o_Ordin_ria_Virtual_de_18_a_22_de_maio_de_2026_.pdf"
"D-E/Mapeamento_TCE/jurisprudencia_tce","MOVER","Plen_rio_Virtual_Pleno___Sess_o_Ordin_ria_Virtual_de_1__a_05_de_junho_de_2026_.pdf",".pdf","02_Jurisprudencia_e_Orientacoes\Informativos_Julgamentos_TCE_PI\Plen_rio_Virtual_Pleno___Sess_o_Ordin_ria_Virtual_de_1__a_05_de_junho_de_2026_.pdf","","319315","E:\Thiago\Dev\Mapeamento TCE\jurisprudencia_tce\informativos_pdf\Plen_rio_Virtual_Pleno___Sess_o_Ordin_ria_Virtual_de_1__a_05_de_junho_de_2026_.pdf"
"D-E/Mapeamento_TCE/jurisprudencia_tce","MOVER","Plen_rio_Virtual_Pleno___Sess_o_Ordin_ria_Virtual_de_20_a_24_de_julho_de_2026_.pdf",".pdf","02_Jurisprudencia_e_Orientacoes\Informativos_Julgamentos_TCE_PI\Plen_rio_Virtual_Pleno___Sess_o_Ordin_ria_Virtual_de_20_a_24_de_julho_de_2026_.pdf","","265721","E:\Thiago\Dev\Mapeamento TCE\jurisprudencia_tce\informativos_pdf\Plen_rio_Virtual_Pleno___Sess_o_Ordin_ria_Virtual_de_20_a_24_de_julho_de_2026_.pdf"
"D-E/Mapeamento_TCE/jurisprudencia_tce","MOVER","Plen_rio_Virtual_Pleno___Sess_o_Ordin_ria_Virtual_de_21_a_25_de_setembro_de_2026.pdf",".pdf","02_Jurisprudencia_e_Orientacoes\Informativos_Julgamentos_TCE_PI\Plen_rio_Virtual_Pleno___Sess_o_Ordin_ria_Virtual_de_21_a_25_de_setembro_de_2026.pdf","","292838","E:\Thiago\Dev\Mapeamento TCE\jurisprudencia_tce\informativos_pdf\Plen_rio_Virtual_Pleno___Sess_o_Ordin_ria_Virtual_de_21_a_25_de_setembro_de_2026.pdf"
"D-E/Mapeamento_TCE/jurisprudencia_tce","MOVER","Plen_rio_Virtual_Pleno___Sess_o_Ordin_ria_Virtual_de_22_a_26_de_junho_de_2026_.pdf",".pdf","02_Jurisprudencia_e_Orientacoes\Informativos_Julgamentos_TCE_PI\Plen_rio_Virtual_Pleno___Sess_o_Ordin_ria_Virtual_de_22_a_26_de_junho_de_2026_.pdf","","306414","E:\Thiago\Dev\Mapeamento TCE\jurisprudencia_tce\informativos_pdf\Plen_rio_Virtual_Pleno___Sess_o_Ordin_ria_Virtual_de_22_a_26_de_junho_de_2026_.pdf"
"D-E/Mapeamento_TCE/jurisprudencia_tce","MOVER","Plen_rio_Virtual_Pleno___Sess_o_Ordin_ria_Virtual_de_25_a_29_de_maio_de_2026_.pdf",".pdf","02_Jurisprudencia_e_Orientacoes\Informativos_Julgamentos_TCE_PI\Plen_rio_Virtual_Pleno___Sess_o_Ordin_ria_Virtual_de_25_a_29_de_maio_de_2026_.pdf","","304883","E:\Thiago\Dev\Mapeamento TCE\jurisprudencia_tce\informativos_pdf\Plen_rio_Virtual_Pleno___Sess_o_Ordin_ria_Virtual_de_25_a_29_de_maio_de_2026_.pdf"
"D-E/Mapeamento_TCE/jurisprudencia_tce","MOVER","Plen_rio_Virtual_Pleno___Sess_o_Ordin_ria_Virtual_de_27_a_31_de_julho_de_2026_.pdf",".pdf","02_Jurisprudencia_e_Orientacoes\Informativos_Julgamentos_TCE_PI\Plen_rio_Virtual_Pleno___Sess_o_Ordin_ria_Virtual_de_27_a_31_de_julho_de_2026_.pdf","","261918","E:\Thiago\Dev\Mapeamento TCE\jurisprudencia_tce\informativos_pdf\Plen_rio_Virtual_Pleno___Sess_o_Ordin_ria_Virtual_de_27_a_31_de_julho_de_2026_.pdf"
"D-E/Mapeamento_TCE/jurisprudencia_tce","MOVER","Plen_rio_Virtual_Pleno___Sess_o_Ordin_ria_Virtual_de_29_de_junho_a_03_de_julho_d.pdf",".pdf","02_Jurisprudencia_e_Orientacoes\Informativos_Julgamentos_TCE_PI\Plen_rio_Virtual_Pleno___Sess_o_Ordin_ria_Virtual_de_29_de_junho_a_03_de_julho_d.pdf","","290078","E:\Thiago\Dev\Mapeamento TCE\jurisprudencia_tce\informativos_pdf\Plen_rio_Virtual_Pleno___Sess_o_Ordin_ria_Virtual_de_29_de_junho_a_03_de_julho_d.pdf"
"D-E/Mapeamento_TCE/jurisprudencia_tce","MOVER","Plen_rio_Virtual_Pleno___Sess_o_Ordin_ria_Virtual_de_31_de_agosto_a_04_de_setemb.pdf",".pdf","02_Jurisprudencia_e_Orientacoes\Informativos_Julgamentos_TCE_PI\Plen_rio_Virtual_Pleno___Sess_o_Ordin_ria_Virtual_de_31_de_agosto_a_04_de_setemb.pdf","","312539","E:\Thiago\Dev\Mapeamento TCE\jurisprudencia_tce\informativos_pdf\Plen_rio_Virtual_Pleno___Sess_o_Ordin_ria_Virtual_de_31_de_agosto_a_04_de_setemb.pdf"
"D-E/Mapeamento_TCE/jurisprudencia_tce","MOVER","Primeira_C_mara_Presencial_1__C_mara___Sess_o_de_Julgamento_Presencial_n__019_de.pdf",".pdf","02_Jurisprudencia_e_Orientacoes\Informativos_Julgamentos_TCE_PI\Primeira_C_mara_Presencial_1__C_mara___Sess_o_de_Julgamento_Presencial_n__019_de.pdf","","546274","E:\Thiago\Dev\Mapeamento TCE\jurisprudencia_tce\informativos_pdf\Primeira_C_mara_Presencial_1__C_mara___Sess_o_de_Julgamento_Presencial_n__019_de.pdf"
"D-E/Mapeamento_TCE/jurisprudencia_tce","MOVER","Primeira_C_mara_Presencial_1__C_mara___Sess_o_Ordin_ria_Presencial_n__01_de_27_d.pdf",".pdf","02_Jurisprudencia_e_Orientacoes\Informativos_Julgamentos_TCE_PI\Primeira_C_mara_Presencial_1__C_mara___Sess_o_Ordin_ria_Presencial_n__01_de_27_d.pdf","","351589","E:\Thiago\Dev\Mapeamento TCE\jurisprudencia_tce\informativos_pdf\Primeira_C_mara_Presencial_1__C_mara___Sess_o_Ordin_ria_Presencial_n__01_de_27_d.pdf"
"D-E/Mapeamento_TCE/jurisprudencia_tce","MOVER","Primeira_C_mara_Presencial_1__C_mara___Sess_o_Ordin_ria_Presencial_n__020_de_09_.pdf",".pdf","02_Jurisprudencia_e_Orientacoes\Informativos_Julgamentos_TCE_PI\Primeira_C_mara_Presencial_1__C_mara___Sess_o_Ordin_ria_Presencial_n__020_de_09_.pdf","","427191","E:\Thiago\Dev\Mapeamento TCE\jurisprudencia_tce\informativos_pdf\Primeira_C_mara_Presencial_1__C_mara___Sess_o_Ordin_ria_Presencial_n__020_de_09_.pdf"
"D-E/Mapeamento_TCE/jurisprudencia_tce","MOVER","Primeira_C_mara_Presencial_1__C_mara___Sess_o_Ordin_ria_Presencial_n__021_de_16_.pdf",".pdf","02_Jurisprudencia_e_Orientacoes\Informativos_Julgamentos_TCE_PI\Primeira_C_mara_Presencial_1__C_mara___Sess_o_Ordin_ria_Presencial_n__021_de_16_.pdf","","410506","E:\Thiago\Dev\Mapeamento TCE\jurisprudencia_tce\informativos_pdf\Primeira_C_mara_Presencial_1__C_mara___Sess_o_Ordin_ria_Presencial_n__021_de_16_.pdf"
"D-E/Mapeamento_TCE/jurisprudencia_tce","MOVER","Primeira_C_mara_Presencial_1__C_mara___Sess_o_Ordin_ria_Presencial_n__02_de_10_d.pdf",".pdf","02_Jurisprudencia_e_Orientacoes\Informativos_Julgamentos_TCE_PI\Primeira_C_mara_Presencial_1__C_mara___Sess_o_Ordin_ria_Presencial_n__02_de_10_d.pdf","","415848","E:\Thiago\Dev\Mapeamento TCE\jurisprudencia_tce\informativos_pdf\Primeira_C_mara_Presencial_1__C_mara___Sess_o_Ordin_ria_Presencial_n__02_de_10_d.pdf"
"D-E/Mapeamento_TCE/jurisprudencia_tce","MOVER","Primeira_C_mara_Presencial_1__C_mara___Sess_o_Ordin_ria_Presencial_n__03_de_24_d.pdf",".pdf","02_Jurisprudencia_e_Orientacoes\Informativos_Julgamentos_TCE_PI\Primeira_C_mara_Presencial_1__C_mara___Sess_o_Ordin_ria_Presencial_n__03_de_24_d.pdf","","408040","E:\Thiago\Dev\Mapeamento TCE\jurisprudencia_tce\informativos_pdf\Primeira_C_mara_Presencial_1__C_mara___Sess_o_Ordin_ria_Presencial_n__03_de_24_d.pdf"
"D-E/Mapeamento_TCE/jurisprudencia_tce","MOVER","Primeira_C_mara_Presencial_1__C_mara___Sess_o_Ordin_ria_Presencial_n__04_de_10_d.pdf",".pdf","02_Jurisprudencia_e_Orientacoes\Informativos_Julgamentos_TCE_PI\Primeira_C_mara_Presencial_1__C_mara___Sess_o_Ordin_ria_Presencial_n__04_de_10_d.pdf","","367809","E:\Thiago\Dev\Mapeamento TCE\jurisprudencia_tce\informativos_pdf\Primeira_C_mara_Presencial_1__C_mara___Sess_o_Ordin_ria_Presencial_n__04_de_10_d.pdf"
"D-E/Mapeamento_TCE/jurisprudencia_tce","MOVER","Primeira_C_mara_Presencial_1__C_mara___Sess_o_Ordin_ria_Presencial_n__05_de_24_d.pdf",".pdf","02_Jurisprudencia_e_Orientacoes\Informativos_Julgamentos_TCE_PI\Primeira_C_mara_Presencial_1__C_mara___Sess_o_Ordin_ria_Presencial_n__05_de_24_d.pdf","","388171","E:\Thiago\Dev\Mapeamento TCE\jurisprudencia_tce\informativos_pdf\Primeira_C_mara_Presencial_1__C_mara___Sess_o_Ordin_ria_Presencial_n__05_de_24_d.pdf"
"D-E/Mapeamento_TCE/jurisprudencia_tce","MOVER","Primeira_C_mara_Presencial_1__C_mara___Sess_o_Ordin_ria_Presencial_n__06_de_7_de.pdf",".pdf","02_Jurisprudencia_e_Orientacoes\Informativos_Julgamentos_TCE_PI\Primeira_C_mara_Presencial_1__C_mara___Sess_o_Ordin_ria_Presencial_n__06_de_7_de.pdf","","417041","E:\Thiago\Dev\Mapeamento TCE\jurisprudencia_tce\informativos_pdf\Primeira_C_mara_Presencial_1__C_mara___Sess_o_Ordin_ria_Presencial_n__06_de_7_de.pdf"
"D-E/Mapeamento_TCE/jurisprudencia_tce","MOVER","Primeira_C_mara_Presencial_1__C_mara___Sess_o_Ordin_ria_Presencial_n__07_de_28_d.pdf",".pdf","02_Jurisprudencia_e_Orientacoes\Informativos_Julgamentos_TCE_PI\Primeira_C_mara_Presencial_1__C_mara___Sess_o_Ordin_ria_Presencial_n__07_de_28_d.pdf","","416845","E:\Thiago\Dev\Mapeamento TCE\jurisprudencia_tce\informativos_pdf\Primeira_C_mara_Presencial_1__C_mara___Sess_o_Ordin_ria_Presencial_n__07_de_28_d.pdf"
"D-E/Mapeamento_TCE/jurisprudencia_tce","MOVER","Primeira_C_mara_Presencial_1__C_mara___Sess_o_Ordin_ria_Presencial_n__08_de_12_d.pdf",".pdf","02_Jurisprudencia_e_Orientacoes\Informativos_Julgamentos_TCE_PI\Primeira_C_mara_Presencial_1__C_mara___Sess_o_Ordin_ria_Presencial_n__08_de_12_d.pdf","","356962","E:\Thiago\Dev\Mapeamento TCE\jurisprudencia_tce\informativos_pdf\Primeira_C_mara_Presencial_1__C_mara___Sess_o_Ordin_ria_Presencial_n__08_de_12_d.pdf"
"D-E/Mapeamento_TCE/jurisprudencia_tce","MOVER","Primeira_C_mara_Presencial_1__C_mara___Sess_o_Ordin_ria_Presencial_n__09_de_26_d.pdf",".pdf","02_Jurisprudencia_e_Orientacoes\Informativos_Julgamentos_TCE_PI\Primeira_C_mara_Presencial_1__C_mara___Sess_o_Ordin_ria_Presencial_n__09_de_26_d.pdf","","350673","E:\Thiago\Dev\Mapeamento TCE\jurisprudencia_tce\informativos_pdf\Primeira_C_mara_Presencial_1__C_mara___Sess_o_Ordin_ria_Presencial_n__09_de_26_d.pdf"
"D-E/Mapeamento_TCE/jurisprudencia_tce","MOVER","Primeira_C_mara_Presencial_1__C_mara___Sess_o_Ordin_ria_Presencial_n__10_de_9_de.pdf",".pdf","02_Jurisprudencia_e_Orientacoes\Informativos_Julgamentos_TCE_PI\Primeira_C_mara_Presencial_1__C_mara___Sess_o_Ordin_ria_Presencial_n__10_de_9_de.pdf","","375700","E:\Thiago\Dev\Mapeamento TCE\jurisprudencia_tce\informativos_pdf\Primeira_C_mara_Presencial_1__C_mara___Sess_o_Ordin_ria_Presencial_n__10_de_9_de.pdf"
"D-E/Mapeamento_TCE/jurisprudencia_tce","MOVER","Primeira_C_mara_Presencial_1__C_mara___Sess_o_Ordin_ria_Presencial_n__11_de_23_d.pdf",".pdf","02_Jurisprudencia_e_Orientacoes\Informativos_Julgamentos_TCE_PI\Primeira_C_mara_Presencial_1__C_mara___Sess_o_Ordin_ria_Presencial_n__11_de_23_d.pdf","","406018","E:\Thiago\Dev\Mapeamento TCE\jurisprudencia_tce\informativos_pdf\Primeira_C_mara_Presencial_1__C_mara___Sess_o_Ordin_ria_Presencial_n__11_de_23_d.pdf"
"D-E/Mapeamento_TCE/jurisprudencia_tce","MOVER","Primeira_C_mara_Presencial_1__C_mara___Sess_o_Ordin_ria_Presencial_n__12_de_7_de.pdf",".pdf","02_Jurisprudencia_e_Orientacoes\Informativos_Julgamentos_TCE_PI\Primeira_C_mara_Presencial_1__C_mara___Sess_o_Ordin_ria_Presencial_n__12_de_7_de.pdf","","436788","E:\Thiago\Dev\Mapeamento TCE\jurisprudencia_tce\informativos_pdf\Primeira_C_mara_Presencial_1__C_mara___Sess_o_Ordin_ria_Presencial_n__12_de_7_de.pdf"
"D-E/Mapeamento_TCE/jurisprudencia_tce","MOVER","Primeira_C_mara_Presencial_1__C_mara___Sess_o_Ordin_ria_Presencial_n__13_de_21_d.pdf",".pdf","02_Jurisprudencia_e_Orientacoes\Informativos_Julgamentos_TCE_PI\Primeira_C_mara_Presencial_1__C_mara___Sess_o_Ordin_ria_Presencial_n__13_de_21_d.pdf","","321815","E:\Thiago\Dev\Mapeamento TCE\jurisprudencia_tce\informativos_pdf\Primeira_C_mara_Presencial_1__C_mara___Sess_o_Ordin_ria_Presencial_n__13_de_21_d.pdf"
"D-E/Mapeamento_TCE/jurisprudencia_tce","MOVER","Primeira_C_mara_Presencial_1__C_mara___Sess_o_Ordin_ria_Presencial_n__14_de_04_d.pdf",".pdf","02_Jurisprudencia_e_Orientacoes\Informativos_Julgamentos_TCE_PI\Primeira_C_mara_Presencial_1__C_mara___Sess_o_Ordin_ria_Presencial_n__14_de_04_d.pdf","","425819","E:\Thiago\Dev\Mapeamento TCE\jurisprudencia_tce\informativos_pdf\Primeira_C_mara_Presencial_1__C_mara___Sess_o_Ordin_ria_Presencial_n__14_de_04_d.pdf"
"D-E/Mapeamento_TCE/jurisprudencia_tce","MOVER","Primeira_C_mara_Presencial_1__C_mara___Sess_o_Ordin_ria_Presencial_n__15_de_18_d.pdf",".pdf","02_Jurisprudencia_e_Orientacoes\Informativos_Julgamentos_TCE_PI\Primeira_C_mara_Presencial_1__C_mara___Sess_o_Ordin_ria_Presencial_n__15_de_18_d.pdf","","430076","E:\Thiago\Dev\Mapeamento TCE\jurisprudencia_tce\informativos_pdf\Primeira_C_mara_Presencial_1__C_mara___Sess_o_Ordin_ria_Presencial_n__15_de_18_d.pdf"
"D-E/Mapeamento_TCE/jurisprudencia_tce","MOVER","Primeira_C_mara_Presencial_1__C_mara___Sess_o_Ordin_ria_Presencial_n__16_de_01_d.pdf",".pdf","02_Jurisprudencia_e_Orientacoes\Informativos_Julgamentos_TCE_PI\Primeira_C_mara_Presencial_1__C_mara___Sess_o_Ordin_ria_Presencial_n__16_de_01_d.pdf","","434968","E:\Thiago\Dev\Mapeamento TCE\jurisprudencia_tce\informativos_pdf\Primeira_C_mara_Presencial_1__C_mara___Sess_o_Ordin_ria_Presencial_n__16_de_01_d.pdf"
"D-E/Mapeamento_TCE/jurisprudencia_tce","MOVER","Primeira_C_mara_Presencial_1__C_mara___Sess_o_Ordin_ria_Presencial_n__17_de_15_d.pdf",".pdf","02_Jurisprudencia_e_Orientacoes\Informativos_Julgamentos_TCE_PI\Primeira_C_mara_Presencial_1__C_mara___Sess_o_Ordin_ria_Presencial_n__17_de_15_d.pdf","","428370","E:\Thiago\Dev\Mapeamento TCE\jurisprudencia_tce\informativos_pdf\Primeira_C_mara_Presencial_1__C_mara___Sess_o_Ordin_ria_Presencial_n__17_de_15_d.pdf"
"D-E/Mapeamento_TCE/jurisprudencia_tce","MOVER","Primeira_C_mara_Virtual_1__C_mara___Sess_o_Ordin_ria_Virtual_de_03_a_07_de_agost.pdf",".pdf","02_Jurisprudencia_e_Orientacoes\Informativos_Julgamentos_TCE_PI\Primeira_C_mara_Virtual_1__C_mara___Sess_o_Ordin_ria_Virtual_de_03_a_07_de_agost.pdf","","308747","E:\Thiago\Dev\Mapeamento TCE\jurisprudencia_tce\informativos_pdf\Primeira_C_mara_Virtual_1__C_mara___Sess_o_Ordin_ria_Virtual_de_03_a_07_de_agost.pdf"
"D-E/Mapeamento_TCE/jurisprudencia_tce","MOVER","Primeira_C_mara_Virtual_1__C_mara___Sess_o_Ordin_ria_Virtual_de_04_a_08_de_maio_.pdf",".pdf","02_Jurisprudencia_e_Orientacoes\Informativos_Julgamentos_TCE_PI\Primeira_C_mara_Virtual_1__C_mara___Sess_o_Ordin_ria_Virtual_de_04_a_08_de_maio_.pdf","","322898","E:\Thiago\Dev\Mapeamento TCE\jurisprudencia_tce\informativos_pdf\Primeira_C_mara_Virtual_1__C_mara___Sess_o_Ordin_ria_Virtual_de_04_a_08_de_maio_.pdf"
"D-E/Mapeamento_TCE/jurisprudencia_tce","MOVER","Primeira_C_mara_Virtual_1__C_mara___Sess_o_Ordin_ria_Virtual_de_08_a_11_de_setem.pdf",".pdf","02_Jurisprudencia_e_Orientacoes\Informativos_Julgamentos_TCE_PI\Primeira_C_mara_Virtual_1__C_mara___Sess_o_Ordin_ria_Virtual_de_08_a_11_de_setem.pdf","","319639","E:\Thiago\Dev\Mapeamento TCE\jurisprudencia_tce\informativos_pdf\Primeira_C_mara_Virtual_1__C_mara___Sess_o_Ordin_ria_Virtual_de_08_a_11_de_setem.pdf"
"D-E/Mapeamento_TCE/jurisprudencia_tce","MOVER","Primeira_C_mara_Virtual_1__C_mara___Sess_o_Ordin_ria_Virtual_de_10_a_14_de_agost.pdf",".pdf","02_Jurisprudencia_e_Orientacoes\Informativos_Julgamentos_TCE_PI\Primeira_C_mara_Virtual_1__C_mara___Sess_o_Ordin_ria_Virtual_de_10_a_14_de_agost.pdf","","301890","E:\Thiago\Dev\Mapeamento TCE\jurisprudencia_tce\informativos_pdf\Primeira_C_mara_Virtual_1__C_mara___Sess_o_Ordin_ria_Virtual_de_10_a_14_de_agost.pdf"
"D-E/Mapeamento_TCE/jurisprudencia_tce","MOVER","Primeira_C_mara_Virtual_1__C_mara___Sess_o_Ordin_ria_Virtual_de_11_a_15_de_maio_.pdf",".pdf","02_Jurisprudencia_e_Orientacoes\Informativos_Julgamentos_TCE_PI\Primeira_C_mara_Virtual_1__C_mara___Sess_o_Ordin_ria_Virtual_de_11_a_15_de_maio_.pdf","","279261","E:\Thiago\Dev\Mapeamento TCE\jurisprudencia_tce\informativos_pdf\Primeira_C_mara_Virtual_1__C_mara___Sess_o_Ordin_ria_Virtual_de_11_a_15_de_maio_.pdf"
"D-E/Mapeamento_TCE/jurisprudencia_tce","MOVER","Primeira_C_mara_Virtual_1__C_mara___Sess_o_Ordin_ria_Virtual_de_13_a_17_de_julho.pdf",".pdf","02_Jurisprudencia_e_Orientacoes\Informativos_Julgamentos_TCE_PI\Primeira_C_mara_Virtual_1__C_mara___Sess_o_Ordin_ria_Virtual_de_13_a_17_de_julho.pdf","","326345","E:\Thiago\Dev\Mapeamento TCE\jurisprudencia_tce\informativos_pdf\Primeira_C_mara_Virtual_1__C_mara___Sess_o_Ordin_ria_Virtual_de_13_a_17_de_julho.pdf"
"D-E/Mapeamento_TCE/jurisprudencia_tce","MOVER","Primeira_C_mara_Virtual_1__C_mara___Sess_o_Ordin_ria_Virtual_de_14_a_18_de_setem.pdf",".pdf","02_Jurisprudencia_e_Orientacoes\Informativos_Julgamentos_TCE_PI\Primeira_C_mara_Virtual_1__C_mara___Sess_o_Ordin_ria_Virtual_de_14_a_18_de_setem.pdf","","278475","E:\Thiago\Dev\Mapeamento TCE\jurisprudencia_tce\informativos_pdf\Primeira_C_mara_Virtual_1__C_mara___Sess_o_Ordin_ria_Virtual_de_14_a_18_de_setem.pdf"
"D-E/Mapeamento_TCE/jurisprudencia_tce","MOVER","Primeira_C_mara_Virtual_1__C_mara___Sess_o_Ordin_ria_Virtual_de_15_a_19_de_junho.pdf",".pdf","02_Jurisprudencia_e_Orientacoes\Informativos_Julgamentos_TCE_PI\Primeira_C_mara_Virtual_1__C_mara___Sess_o_Ordin_ria_Virtual_de_15_a_19_de_junho.pdf","","328159","E:\Thiago\Dev\Mapeamento TCE\jurisprudencia_tce\informativos_pdf\Primeira_C_mara_Virtual_1__C_mara___Sess_o_Ordin_ria_Virtual_de_15_a_19_de_junho.pdf"
"D-E/Mapeamento_TCE/jurisprudencia_tce","MOVER","Primeira_C_mara_Virtual_1__C_mara___Sess_o_Ordin_ria_Virtual_de_17_a_21_de_agost.pdf",".pdf","02_Jurisprudencia_e_Orientacoes\Informativos_Julgamentos_TCE_PI\Primeira_C_mara_Virtual_1__C_mara___Sess_o_Ordin_ria_Virtual_de_17_a_21_de_agost.pdf","","333982","E:\Thiago\Dev\Mapeamento TCE\jurisprudencia_tce\informativos_pdf\Primeira_C_mara_Virtual_1__C_mara___Sess_o_Ordin_ria_Virtual_de_17_a_21_de_agost.pdf"
"D-E/Mapeamento_TCE/jurisprudencia_tce","MOVER","Primeira_C_mara_Virtual_1__C_mara___Sess_o_Ordin_ria_Virtual_de_18_a_22_de_maio_.pdf",".pdf","02_Jurisprudencia_e_Orientacoes\Informativos_Julgamentos_TCE_PI\Primeira_C_mara_Virtual_1__C_mara___Sess_o_Ordin_ria_Virtual_de_18_a_22_de_maio_.pdf","","330493","E:\Thiago\Dev\Mapeamento TCE\jurisprudencia_tce\informativos_pdf\Primeira_C_mara_Virtual_1__C_mara___Sess_o_Ordin_ria_Virtual_de_18_a_22_de_maio_.pdf"
"D-E/Mapeamento_TCE/jurisprudencia_tce","MOVER","Primeira_C_mara_Virtual_1__C_mara___Sess_o_Ordin_ria_Virtual_de_1__a_05_de_junho.pdf",".pdf","02_Jurisprudencia_e_Orientacoes\Informativos_Julgamentos_TCE_PI\Primeira_C_mara_Virtual_1__C_mara___Sess_o_Ordin_ria_Virtual_de_1__a_05_de_junho.pdf","","280439","E:\Thiago\Dev\Mapeamento TCE\jurisprudencia_tce\informativos_pdf\Primeira_C_mara_Virtual_1__C_mara___Sess_o_Ordin_ria_Virtual_de_1__a_05_de_junho.pdf"
"D-E/Mapeamento_TCE/jurisprudencia_tce","MOVER","Primeira_C_mara_Virtual_1__C_mara___Sess_o_Ordin_ria_Virtual_de_20_a_24_de_julho.pdf",".pdf","02_Jurisprudencia_e_Orientacoes\Informativos_Julgamentos_TCE_PI\Primeira_C_mara_Virtual_1__C_mara___Sess_o_Ordin_ria_Virtual_de_20_a_24_de_julho.pdf","","306097","E:\Thiago\Dev\Mapeamento TCE\jurisprudencia_tce\informativos_pdf\Primeira_C_mara_Virtual_1__C_mara___Sess_o_Ordin_ria_Virtual_de_20_a_24_de_julho.pdf"
"D-E/Mapeamento_TCE/jurisprudencia_tce","MOVER","Primeira_C_mara_Virtual_1__C_mara___Sess_o_Ordin_ria_Virtual_de_22_a_26_de_junho.pdf",".pdf","02_Jurisprudencia_e_Orientacoes\Informativos_Julgamentos_TCE_PI\Primeira_C_mara_Virtual_1__C_mara___Sess_o_Ordin_ria_Virtual_de_22_a_26_de_junho.pdf","","270835","E:\Thiago\Dev\Mapeamento TCE\jurisprudencia_tce\informativos_pdf\Primeira_C_mara_Virtual_1__C_mara___Sess_o_Ordin_ria_Virtual_de_22_a_26_de_junho.pdf"
"D-E/Mapeamento_TCE/jurisprudencia_tce","MOVER","Primeira_C_mara_Virtual_1__C_mara___Sess_o_Ordin_ria_Virtual_de_25_a_29_de_maio_.pdf",".pdf","02_Jurisprudencia_e_Orientacoes\Informativos_Julgamentos_TCE_PI\Primeira_C_mara_Virtual_1__C_mara___Sess_o_Ordin_ria_Virtual_de_25_a_29_de_maio_.pdf","","326363","E:\Thiago\Dev\Mapeamento TCE\jurisprudencia_tce\informativos_pdf\Primeira_C_mara_Virtual_1__C_mara___Sess_o_Ordin_ria_Virtual_de_25_a_29_de_maio_.pdf"
"D-E/Mapeamento_TCE/jurisprudencia_tce","MOVER","Primeira_C_mara_Virtual_1__C_mara___Sess_o_Ordin_ria_Virtual_de_27_a_30_de_abril.pdf",".pdf","02_Jurisprudencia_e_Orientacoes\Informativos_Julgamentos_TCE_PI\Primeira_C_mara_Virtual_1__C_mara___Sess_o_Ordin_ria_Virtual_de_27_a_30_de_abril.pdf","","318478","E:\Thiago\Dev\Mapeamento TCE\jurisprudencia_tce\informativos_pdf\Primeira_C_mara_Virtual_1__C_mara___Sess_o_Ordin_ria_Virtual_de_27_a_30_de_abril.pdf"
"D-E/Mapeamento_TCE/jurisprudencia_tce","MOVER","Primeira_C_mara_Virtual_1__C_mara___Sess_o_Ordin_ria_Virtual_de_27_a_31_de_julho.pdf",".pdf","02_Jurisprudencia_e_Orientacoes\Informativos_Julgamentos_TCE_PI\Primeira_C_mara_Virtual_1__C_mara___Sess_o_Ordin_ria_Virtual_de_27_a_31_de_julho.pdf","","311977","E:\Thiago\Dev\Mapeamento TCE\jurisprudencia_tce\informativos_pdf\Primeira_C_mara_Virtual_1__C_mara___Sess_o_Ordin_ria_Virtual_de_27_a_31_de_julho.pdf"
"D-E/Mapeamento_TCE/jurisprudencia_tce","MOVER","Primeira_C_mara_Virtual_1__C_mara___Sess_o_Ordin_ria_Virtual_de_29_de_junho_a_03.pdf",".pdf","02_Jurisprudencia_e_Orientacoes\Informativos_Julgamentos_TCE_PI\Primeira_C_mara_Virtual_1__C_mara___Sess_o_Ordin_ria_Virtual_de_29_de_junho_a_03.pdf","","319547","E:\Thiago\Dev\Mapeamento TCE\jurisprudencia_tce\informativos_pdf\Primeira_C_mara_Virtual_1__C_mara___Sess_o_Ordin_ria_Virtual_de_29_de_junho_a_03.pdf"
"D-E/Mapeamento_TCE/jurisprudencia_tce","MOVER","Primeira_C_mara_Virtual_1__C_mara___Sess_o_Ordin_ria_Virtual_de_31_de_agosto_a_0.pdf",".pdf","02_Jurisprudencia_e_Orientacoes\Informativos_Julgamentos_TCE_PI\Primeira_C_mara_Virtual_1__C_mara___Sess_o_Ordin_ria_Virtual_de_31_de_agosto_a_0.pdf","","328064","E:\Thiago\Dev\Mapeamento TCE\jurisprudencia_tce\informativos_pdf\Primeira_C_mara_Virtual_1__C_mara___Sess_o_Ordin_ria_Virtual_de_31_de_agosto_a_0.pdf"
"D-E/Mapeamento_TCE/jurisprudencia_tce","MOVER","Primeira_C_mara_Virtual_1__C_mara___Sess_o_Ordin_ria_Virtual_de_6_a_10_de_julho_.pdf",".pdf","02_Jurisprudencia_e_Orientacoes\Informativos_Julgamentos_TCE_PI\Primeira_C_mara_Virtual_1__C_mara___Sess_o_Ordin_ria_Virtual_de_6_a_10_de_julho_.pdf","","309994","E:\Thiago\Dev\Mapeamento TCE\jurisprudencia_tce\informativos_pdf\Primeira_C_mara_Virtual_1__C_mara___Sess_o_Ordin_ria_Virtual_de_6_a_10_de_julho_.pdf"
"D-E/Mapeamento_TCE/jurisprudencia_tce","MOVER","Primeira_C_mara_Virtual_1__C_mara___Sess_o_Ordin_ria_Virtual_de_8_a_12_de_junho_.pdf",".pdf","02_Jurisprudencia_e_Orientacoes\Informativos_Julgamentos_TCE_PI\Primeira_C_mara_Virtual_1__C_mara___Sess_o_Ordin_ria_Virtual_de_8_a_12_de_junho_.pdf","","178301","E:\Thiago\Dev\Mapeamento TCE\jurisprudencia_tce\informativos_pdf\Primeira_C_mara_Virtual_1__C_mara___Sess_o_Ordin_ria_Virtual_de_8_a_12_de_junho_.pdf"
"D-E/Mapeamento_TCE/jurisprudencia_tce","MOVER","Segunda_C_mara_Presencial_2__C_mara___Sess_o_Ordin_ria_Presencial_n__01_de_28_de.pdf",".pdf","02_Jurisprudencia_e_Orientacoes\Informativos_Julgamentos_TCE_PI\Segunda_C_mara_Presencial_2__C_mara___Sess_o_Ordin_ria_Presencial_n__01_de_28_de.pdf","","437034","E:\Thiago\Dev\Mapeamento TCE\jurisprudencia_tce\informativos_pdf\Segunda_C_mara_Presencial_2__C_mara___Sess_o_Ordin_ria_Presencial_n__01_de_28_de.pdf"
"D-E/Mapeamento_TCE/jurisprudencia_tce","MOVER","Segunda_C_mara_Presencial_2__C_mara___Sess_o_Ordin_ria_Presencial_n__02_de_11_de.pdf",".pdf","02_Jurisprudencia_e_Orientacoes\Informativos_Julgamentos_TCE_PI\Segunda_C_mara_Presencial_2__C_mara___Sess_o_Ordin_ria_Presencial_n__02_de_11_de.pdf","","395355","E:\Thiago\Dev\Mapeamento TCE\jurisprudencia_tce\informativos_pdf\Segunda_C_mara_Presencial_2__C_mara___Sess_o_Ordin_ria_Presencial_n__02_de_11_de.pdf"
"D-E/Mapeamento_TCE/jurisprudencia_tce","MOVER","Segunda_C_mara_Presencial_2__C_mara___Sess_o_Ordin_ria_Presencial_n__03_de_25_de.pdf",".pdf","02_Jurisprudencia_e_Orientacoes\Informativos_Julgamentos_TCE_PI\Segunda_C_mara_Presencial_2__C_mara___Sess_o_Ordin_ria_Presencial_n__03_de_25_de.pdf","","400538","E:\Thiago\Dev\Mapeamento TCE\jurisprudencia_tce\informativos_pdf\Segunda_C_mara_Presencial_2__C_mara___Sess_o_Ordin_ria_Presencial_n__03_de_25_de.pdf"
"D-E/Mapeamento_TCE/jurisprudencia_tce","MOVER","Segunda_C_mara_Presencial_2__C_mara___Sess_o_Ordin_ria_Presencial_n__04_de_25_de.pdf",".pdf","02_Jurisprudencia_e_Orientacoes\Informativos_Julgamentos_TCE_PI\Segunda_C_mara_Presencial_2__C_mara___Sess_o_Ordin_ria_Presencial_n__04_de_25_de.pdf","","350187","E:\Thiago\Dev\Mapeamento TCE\jurisprudencia_tce\informativos_pdf\Segunda_C_mara_Presencial_2__C_mara___Sess_o_Ordin_ria_Presencial_n__04_de_25_de.pdf"
"D-E/Mapeamento_TCE/jurisprudencia_tce","MOVER","Segunda_C_mara_Presencial_2__C_mara___Sess_o_Ordin_ria_Presencial_n__05_de_8_de_.pdf",".pdf","02_Jurisprudencia_e_Orientacoes\Informativos_Julgamentos_TCE_PI\Segunda_C_mara_Presencial_2__C_mara___Sess_o_Ordin_ria_Presencial_n__05_de_8_de_.pdf","","333109","E:\Thiago\Dev\Mapeamento TCE\jurisprudencia_tce\informativos_pdf\Segunda_C_mara_Presencial_2__C_mara___Sess_o_Ordin_ria_Presencial_n__05_de_8_de_.pdf"
"D-E/Mapeamento_TCE/jurisprudencia_tce","MOVER","Segunda_C_mara_Presencial_2__C_mara___Sess_o_Ordin_ria_Presencial_n__06_de_29_de.pdf",".pdf","02_Jurisprudencia_e_Orientacoes\Informativos_Julgamentos_TCE_PI\Segunda_C_mara_Presencial_2__C_mara___Sess_o_Ordin_ria_Presencial_n__06_de_29_de.pdf","","379066","E:\Thiago\Dev\Mapeamento TCE\jurisprudencia_tce\informativos_pdf\Segunda_C_mara_Presencial_2__C_mara___Sess_o_Ordin_ria_Presencial_n__06_de_29_de.pdf"
"D-E/Mapeamento_TCE/jurisprudencia_tce","MOVER","Segunda_C_mara_Presencial_2__C_mara___Sess_o_Ordin_ria_Presencial_n__07_de_13_de.pdf",".pdf","02_Jurisprudencia_e_Orientacoes\Informativos_Julgamentos_TCE_PI\Segunda_C_mara_Presencial_2__C_mara___Sess_o_Ordin_ria_Presencial_n__07_de_13_de.pdf","","398565","E:\Thiago\Dev\Mapeamento TCE\jurisprudencia_tce\informativos_pdf\Segunda_C_mara_Presencial_2__C_mara___Sess_o_Ordin_ria_Presencial_n__07_de_13_de.pdf"
"D-E/Mapeamento_TCE/jurisprudencia_tce","MOVER","Segunda_C_mara_Presencial_2__C_mara___Sess_o_Ordin_ria_Presencial_n__08_de_27_de.pdf",".pdf","02_Jurisprudencia_e_Orientacoes\Informativos_Julgamentos_TCE_PI\Segunda_C_mara_Presencial_2__C_mara___Sess_o_Ordin_ria_Presencial_n__08_de_27_de.pdf","","429271","E:\Thiago\Dev\Mapeamento TCE\jurisprudencia_tce\informativos_pdf\Segunda_C_mara_Presencial_2__C_mara___Sess_o_Ordin_ria_Presencial_n__08_de_27_de.pdf"
"D-E/Mapeamento_TCE/jurisprudencia_tce","MOVER","Segunda_C_mara_Presencial_2__C_mara___Sess_o_Ordin_ria_Presencial_n__09_de_10_de.pdf",".pdf","02_Jurisprudencia_e_Orientacoes\Informativos_Julgamentos_TCE_PI\Segunda_C_mara_Presencial_2__C_mara___Sess_o_Ordin_ria_Presencial_n__09_de_10_de.pdf","","429088","E:\Thiago\Dev\Mapeamento TCE\jurisprudencia_tce\informativos_pdf\Segunda_C_mara_Presencial_2__C_mara___Sess_o_Ordin_ria_Presencial_n__09_de_10_de.pdf"
"D-E/Mapeamento_TCE/jurisprudencia_tce","MOVER","Segunda_C_mara_Presencial_2__C_mara___Sess_o_Ordin_ria_Presencial_n__10_de_24_de.pdf",".pdf","02_Jurisprudencia_e_Orientacoes\Informativos_Julgamentos_TCE_PI\Segunda_C_mara_Presencial_2__C_mara___Sess_o_Ordin_ria_Presencial_n__10_de_24_de.pdf","","290934","E:\Thiago\Dev\Mapeamento TCE\jurisprudencia_tce\informativos_pdf\Segunda_C_mara_Presencial_2__C_mara___Sess_o_Ordin_ria_Presencial_n__10_de_24_de.pdf"
"D-E/Mapeamento_TCE/jurisprudencia_tce","MOVER","Segunda_C_mara_Presencial_2__C_mara___Sess_o_Ordin_ria_Presencial_n__11_de_08_de.pdf",".pdf","02_Jurisprudencia_e_Orientacoes\Informativos_Julgamentos_TCE_PI\Segunda_C_mara_Presencial_2__C_mara___Sess_o_Ordin_ria_Presencial_n__11_de_08_de.pdf","","417639","E:\Thiago\Dev\Mapeamento TCE\jurisprudencia_tce\informativos_pdf\Segunda_C_mara_Presencial_2__C_mara___Sess_o_Ordin_ria_Presencial_n__11_de_08_de.pdf"
"D-E/Mapeamento_TCE/jurisprudencia_tce","MOVER","Segunda_C_mara_Presencial_2__C_mara___Sess_o_Ordin_ria_Presencial_n__12_de_22_de.pdf",".pdf","02_Jurisprudencia_e_Orientacoes\Informativos_Julgamentos_TCE_PI\Segunda_C_mara_Presencial_2__C_mara___Sess_o_Ordin_ria_Presencial_n__12_de_22_de.pdf","","418827","E:\Thiago\Dev\Mapeamento TCE\jurisprudencia_tce\informativos_pdf\Segunda_C_mara_Presencial_2__C_mara___Sess_o_Ordin_ria_Presencial_n__12_de_22_de.pdf"
"D-E/Mapeamento_TCE/jurisprudencia_tce","MOVER","Segunda_C_mara_Presencial_2__C_mara___Sess_o_Ordin_ria_Presencial_n__13_de_05_de.pdf",".pdf","02_Jurisprudencia_e_Orientacoes\Informativos_Julgamentos_TCE_PI\Segunda_C_mara_Presencial_2__C_mara___Sess_o_Ordin_ria_Presencial_n__13_de_05_de.pdf","","435940","E:\Thiago\Dev\Mapeamento TCE\jurisprudencia_tce\informativos_pdf\Segunda_C_mara_Presencial_2__C_mara___Sess_o_Ordin_ria_Presencial_n__13_de_05_de.pdf"
"D-E/Mapeamento_TCE/jurisprudencia_tce","MOVER","Segunda_C_mara_Presencial_2__C_mara___Sess_o_Ordin_ria_Presencial_n__14_de_19_de.pdf",".pdf","02_Jurisprudencia_e_Orientacoes\Informativos_Julgamentos_TCE_PI\Segunda_C_mara_Presencial_2__C_mara___Sess_o_Ordin_ria_Presencial_n__14_de_19_de.pdf","","443266","E:\Thiago\Dev\Mapeamento TCE\jurisprudencia_tce\informativos_pdf\Segunda_C_mara_Presencial_2__C_mara___Sess_o_Ordin_ria_Presencial_n__14_de_19_de.pdf"
"D-E/Mapeamento_TCE/jurisprudencia_tce","MOVER","Segunda_C_mara_Presencial_2__C_mara___Sess_o_Ordin_ria_Presencial_n__15_de_02_de.pdf",".pdf","02_Jurisprudencia_e_Orientacoes\Informativos_Julgamentos_TCE_PI\Segunda_C_mara_Presencial_2__C_mara___Sess_o_Ordin_ria_Presencial_n__15_de_02_de.pdf","","441727","E:\Thiago\Dev\Mapeamento TCE\jurisprudencia_tce\informativos_pdf\Segunda_C_mara_Presencial_2__C_mara___Sess_o_Ordin_ria_Presencial_n__15_de_02_de.pdf"
"D-E/Mapeamento_TCE/jurisprudencia_tce","MOVER","Segunda_C_mara_Presencial_2__C_mara___Sess_o_Ordin_ria_Presencial_n__16_de_16_de.pdf",".pdf","02_Jurisprudencia_e_Orientacoes\Informativos_Julgamentos_TCE_PI\Segunda_C_mara_Presencial_2__C_mara___Sess_o_Ordin_ria_Presencial_n__16_de_16_de.pdf","","440920","E:\Thiago\Dev\Mapeamento TCE\jurisprudencia_tce\informativos_pdf\Segunda_C_mara_Presencial_2__C_mara___Sess_o_Ordin_ria_Presencial_n__16_de_16_de.pdf"
"D-E/Mapeamento_TCE/jurisprudencia_tce","MOVER","Segunda_C_mara_Presencial_Segunda_C_mara___Sess_o_de_Julgamento_Presencial_n__18.pdf",".pdf","02_Jurisprudencia_e_Orientacoes\Informativos_Julgamentos_TCE_PI\Segunda_C_mara_Presencial_Segunda_C_mara___Sess_o_de_Julgamento_Presencial_n__18.pdf","","261131","E:\Thiago\Dev\Mapeamento TCE\jurisprudencia_tce\informativos_pdf\Segunda_C_mara_Presencial_Segunda_C_mara___Sess_o_de_Julgamento_Presencial_n__18.pdf"
"D-E/Mapeamento_TCE/jurisprudencia_tce","MOVER","Segunda_C_mara_Presencial_Segunda_C_mara___Sess_o_de_Julgamento_Presencial_n__19.pdf",".pdf","02_Jurisprudencia_e_Orientacoes\Informativos_Julgamentos_TCE_PI\Segunda_C_mara_Presencial_Segunda_C_mara___Sess_o_de_Julgamento_Presencial_n__19.pdf","","204202","E:\Thiago\Dev\Mapeamento TCE\jurisprudencia_tce\informativos_pdf\Segunda_C_mara_Presencial_Segunda_C_mara___Sess_o_de_Julgamento_Presencial_n__19.pdf"
"D-E/Mapeamento_TCE/jurisprudencia_tce","MOVER","Segunda_C_mara_Presencial_Segunda_C_mara___Sess_o_de_Julgamento_Presencial_n__20.pdf",".pdf","02_Jurisprudencia_e_Orientacoes\Informativos_Julgamentos_TCE_PI\Segunda_C_mara_Presencial_Segunda_C_mara___Sess_o_de_Julgamento_Presencial_n__20.pdf","","364164","E:\Thiago\Dev\Mapeamento TCE\jurisprudencia_tce\informativos_pdf\Segunda_C_mara_Presencial_Segunda_C_mara___Sess_o_de_Julgamento_Presencial_n__20.pdf"
"D-E/Mapeamento_TCE/jurisprudencia_tce","MOVER","Segunda_C_mara_Virtual_2__C_mara___Sess_o_Ordin_ria_Virtual_de_01_a_05_de_junho_.pdf",".pdf","02_Jurisprudencia_e_Orientacoes\Informativos_Julgamentos_TCE_PI\Segunda_C_mara_Virtual_2__C_mara___Sess_o_Ordin_ria_Virtual_de_01_a_05_de_junho_.pdf","","349385","E:\Thiago\Dev\Mapeamento TCE\jurisprudencia_tce\informativos_pdf\Segunda_C_mara_Virtual_2__C_mara___Sess_o_Ordin_ria_Virtual_de_01_a_05_de_junho_.pdf"
"D-E/Mapeamento_TCE/jurisprudencia_tce","MOVER","Segunda_C_mara_Virtual_2__C_mara___Sess_o_Ordin_ria_Virtual_de_03_a_07_de_agosto.pdf",".pdf","02_Jurisprudencia_e_Orientacoes\Informativos_Julgamentos_TCE_PI\Segunda_C_mara_Virtual_2__C_mara___Sess_o_Ordin_ria_Virtual_de_03_a_07_de_agosto.pdf","","350759","E:\Thiago\Dev\Mapeamento TCE\jurisprudencia_tce\informativos_pdf\Segunda_C_mara_Virtual_2__C_mara___Sess_o_Ordin_ria_Virtual_de_03_a_07_de_agosto.pdf"
"D-E/Mapeamento_TCE/jurisprudencia_tce","MOVER","Segunda_C_mara_Virtual_2__C_mara___Sess_o_Ordin_ria_Virtual_de_06_a_10_de_julho_.pdf",".pdf","02_Jurisprudencia_e_Orientacoes\Informativos_Julgamentos_TCE_PI\Segunda_C_mara_Virtual_2__C_mara___Sess_o_Ordin_ria_Virtual_de_06_a_10_de_julho_.pdf","","342095","E:\Thiago\Dev\Mapeamento TCE\jurisprudencia_tce\informativos_pdf\Segunda_C_mara_Virtual_2__C_mara___Sess_o_Ordin_ria_Virtual_de_06_a_10_de_julho_.pdf"
"D-E/Mapeamento_TCE/jurisprudencia_tce","MOVER","Segunda_C_mara_Virtual_2__C_mara___Sess_o_Ordin_ria_Virtual_de_08_a_11_de_setemb.pdf",".pdf","02_Jurisprudencia_e_Orientacoes\Informativos_Julgamentos_TCE_PI\Segunda_C_mara_Virtual_2__C_mara___Sess_o_Ordin_ria_Virtual_de_08_a_11_de_setemb.pdf","","325148","E:\Thiago\Dev\Mapeamento TCE\jurisprudencia_tce\informativos_pdf\Segunda_C_mara_Virtual_2__C_mara___Sess_o_Ordin_ria_Virtual_de_08_a_11_de_setemb.pdf"
"D-E/Mapeamento_TCE/jurisprudencia_tce","MOVER","Segunda_C_mara_Virtual_2__C_mara___Sess_o_Ordin_ria_Virtual_de_08_a_12_de_junho_.pdf",".pdf","02_Jurisprudencia_e_Orientacoes\Informativos_Julgamentos_TCE_PI\Segunda_C_mara_Virtual_2__C_mara___Sess_o_Ordin_ria_Virtual_de_08_a_12_de_junho_.pdf","","332275","E:\Thiago\Dev\Mapeamento TCE\jurisprudencia_tce\informativos_pdf\Segunda_C_mara_Virtual_2__C_mara___Sess_o_Ordin_ria_Virtual_de_08_a_12_de_junho_.pdf"
"D-E/Mapeamento_TCE/jurisprudencia_tce","MOVER","Segunda_C_mara_Virtual_2__C_mara___Sess_o_Ordin_ria_Virtual_de_10_a_14_de_agosto.pdf",".pdf","02_Jurisprudencia_e_Orientacoes\Informativos_Julgamentos_TCE_PI\Segunda_C_mara_Virtual_2__C_mara___Sess_o_Ordin_ria_Virtual_de_10_a_14_de_agosto.pdf","","344674","E:\Thiago\Dev\Mapeamento TCE\jurisprudencia_tce\informativos_pdf\Segunda_C_mara_Virtual_2__C_mara___Sess_o_Ordin_ria_Virtual_de_10_a_14_de_agosto.pdf"
"D-E/Mapeamento_TCE/jurisprudencia_tce","MOVER","Segunda_C_mara_Virtual_2__C_mara___Sess_o_Ordin_ria_Virtual_de_11_a_15_de_maio_d.pdf",".pdf","02_Jurisprudencia_e_Orientacoes\Informativos_Julgamentos_TCE_PI\Segunda_C_mara_Virtual_2__C_mara___Sess_o_Ordin_ria_Virtual_de_11_a_15_de_maio_d.pdf","","325372","E:\Thiago\Dev\Mapeamento TCE\jurisprudencia_tce\informativos_pdf\Segunda_C_mara_Virtual_2__C_mara___Sess_o_Ordin_ria_Virtual_de_11_a_15_de_maio_d.pdf"
"D-E/Mapeamento_TCE/jurisprudencia_tce","MOVER","Segunda_C_mara_Virtual_2__C_mara___Sess_o_Ordin_ria_Virtual_de_13_a_17_de_julho_.pdf",".pdf","02_Jurisprudencia_e_Orientacoes\Informativos_Julgamentos_TCE_PI\Segunda_C_mara_Virtual_2__C_mara___Sess_o_Ordin_ria_Virtual_de_13_a_17_de_julho_.pdf","","309300","E:\Thiago\Dev\Mapeamento TCE\jurisprudencia_tce\informativos_pdf\Segunda_C_mara_Virtual_2__C_mara___Sess_o_Ordin_ria_Virtual_de_13_a_17_de_julho_.pdf"
"D-E/Mapeamento_TCE/jurisprudencia_tce","MOVER","Segunda_C_mara_Virtual_2__C_mara___Sess_o_Ordin_ria_Virtual_de_14_a_18_de_setemb.pdf",".pdf","02_Jurisprudencia_e_Orientacoes\Informativos_Julgamentos_TCE_PI\Segunda_C_mara_Virtual_2__C_mara___Sess_o_Ordin_ria_Virtual_de_14_a_18_de_setemb.pdf","","329582","E:\Thiago\Dev\Mapeamento TCE\jurisprudencia_tce\informativos_pdf\Segunda_C_mara_Virtual_2__C_mara___Sess_o_Ordin_ria_Virtual_de_14_a_18_de_setemb.pdf"
"D-E/Mapeamento_TCE/jurisprudencia_tce","MOVER","Segunda_C_mara_Virtual_2__C_mara___Sess_o_Ordin_ria_Virtual_de_15_a_19_de_junho_.pdf",".pdf","02_Jurisprudencia_e_Orientacoes\Informativos_Julgamentos_TCE_PI\Segunda_C_mara_Virtual_2__C_mara___Sess_o_Ordin_ria_Virtual_de_15_a_19_de_junho_.pdf","","345681","E:\Thiago\Dev\Mapeamento TCE\jurisprudencia_tce\informativos_pdf\Segunda_C_mara_Virtual_2__C_mara___Sess_o_Ordin_ria_Virtual_de_15_a_19_de_junho_.pdf"
"D-E/Mapeamento_TCE/jurisprudencia_tce","MOVER","Segunda_C_mara_Virtual_2__C_mara___Sess_o_Ordin_ria_Virtual_de_17_a_21_de_agosto.pdf",".pdf","02_Jurisprudencia_e_Orientacoes\Informativos_Julgamentos_TCE_PI\Segunda_C_mara_Virtual_2__C_mara___Sess_o_Ordin_ria_Virtual_de_17_a_21_de_agosto.pdf","","339967","E:\Thiago\Dev\Mapeamento TCE\jurisprudencia_tce\informativos_pdf\Segunda_C_mara_Virtual_2__C_mara___Sess_o_Ordin_ria_Virtual_de_17_a_21_de_agosto.pdf"
"D-E/Mapeamento_TCE/jurisprudencia_tce","MOVER","Segunda_C_mara_Virtual_2__C_mara___Sess_o_Ordin_ria_Virtual_de_20_a_24_de_julho_.pdf",".pdf","02_Jurisprudencia_e_Orientacoes\Informativos_Julgamentos_TCE_PI\Segunda_C_mara_Virtual_2__C_mara___Sess_o_Ordin_ria_Virtual_de_20_a_24_de_julho_.pdf","","292797","E:\Thiago\Dev\Mapeamento TCE\jurisprudencia_tce\informativos_pdf\Segunda_C_mara_Virtual_2__C_mara___Sess_o_Ordin_ria_Virtual_de_20_a_24_de_julho_.pdf"
"D-E/Mapeamento_TCE/jurisprudencia_tce","MOVER","Segunda_C_mara_Virtual_2__C_mara___Sess_o_Ordin_ria_Virtual_de_21_a_25_de_setemb.pdf",".pdf","02_Jurisprudencia_e_Orientacoes\Informativos_Julgamentos_TCE_PI\Segunda_C_mara_Virtual_2__C_mara___Sess_o_Ordin_ria_Virtual_de_21_a_25_de_setemb.pdf","","335738","E:\Thiago\Dev\Mapeamento TCE\jurisprudencia_tce\informativos_pdf\Segunda_C_mara_Virtual_2__C_mara___Sess_o_Ordin_ria_Virtual_de_21_a_25_de_setemb.pdf"
"D-E/Mapeamento_TCE/jurisprudencia_tce","MOVER","Segunda_C_mara_Virtual_2__C_mara___Sess_o_Ordin_ria_Virtual_de_22_a_26_de_junho_.pdf",".pdf","02_Jurisprudencia_e_Orientacoes\Informativos_Julgamentos_TCE_PI\Segunda_C_mara_Virtual_2__C_mara___Sess_o_Ordin_ria_Virtual_de_22_a_26_de_junho_.pdf","","320459","E:\Thiago\Dev\Mapeamento TCE\jurisprudencia_tce\informativos_pdf\Segunda_C_mara_Virtual_2__C_mara___Sess_o_Ordin_ria_Virtual_de_22_a_26_de_junho_.pdf"
"D-E/Mapeamento_TCE/jurisprudencia_tce","MOVER","Segunda_C_mara_Virtual_2__C_mara___Sess_o_Ordin_ria_Virtual_de_25_a_29_de_maio_d.pdf",".pdf","02_Jurisprudencia_e_Orientacoes\Informativos_Julgamentos_TCE_PI\Segunda_C_mara_Virtual_2__C_mara___Sess_o_Ordin_ria_Virtual_de_25_a_29_de_maio_d.pdf","","379553","E:\Thiago\Dev\Mapeamento TCE\jurisprudencia_tce\informativos_pdf\Segunda_C_mara_Virtual_2__C_mara___Sess_o_Ordin_ria_Virtual_de_25_a_29_de_maio_d.pdf"
"D-E/Mapeamento_TCE/jurisprudencia_tce","MOVER","Segunda_C_mara_Virtual_2__C_mara___Sess_o_Ordin_ria_Virtual_de_27_a_31_de_julho_.pdf",".pdf","02_Jurisprudencia_e_Orientacoes\Informativos_Julgamentos_TCE_PI\Segunda_C_mara_Virtual_2__C_mara___Sess_o_Ordin_ria_Virtual_de_27_a_31_de_julho_.pdf","","296135","E:\Thiago\Dev\Mapeamento TCE\jurisprudencia_tce\informativos_pdf\Segunda_C_mara_Virtual_2__C_mara___Sess_o_Ordin_ria_Virtual_de_27_a_31_de_julho_.pdf"
"D-E/Mapeamento_TCE/jurisprudencia_tce","MOVER","Segunda_C_mara_Virtual_2__C_mara___Sess_o_Ordin_ria_Virtual_de_28_de_setembro_a_.pdf",".pdf","02_Jurisprudencia_e_Orientacoes\Informativos_Julgamentos_TCE_PI\Segunda_C_mara_Virtual_2__C_mara___Sess_o_Ordin_ria_Virtual_de_28_de_setembro_a_.pdf","","340862","E:\Thiago\Dev\Mapeamento TCE\jurisprudencia_tce\informativos_pdf\Segunda_C_mara_Virtual_2__C_mara___Sess_o_Ordin_ria_Virtual_de_28_de_setembro_a_.pdf"
"D-E/Mapeamento_TCE/jurisprudencia_tce","MOVER","Segunda_C_mara_Virtual_2__C_mara___Sess_o_Ordin_ria_Virtual_de_29_de_junho_a_03_.pdf",".pdf","02_Jurisprudencia_e_Orientacoes\Informativos_Julgamentos_TCE_PI\Segunda_C_mara_Virtual_2__C_mara___Sess_o_Ordin_ria_Virtual_de_29_de_junho_a_03_.pdf","","315871","E:\Thiago\Dev\Mapeamento TCE\jurisprudencia_tce\informativos_pdf\Segunda_C_mara_Virtual_2__C_mara___Sess_o_Ordin_ria_Virtual_de_29_de_junho_a_03_.pdf"
"D-E/Mapeamento_TCE/jurisprudencia_tce","MOVER","Segunda_C_mara_Virtual_2__C_mara___Sess_o_Ordin_ria_Virtual_de_31_de_agosto_a_04.pdf",".pdf","02_Jurisprudencia_e_Orientacoes\Informativos_Julgamentos_TCE_PI\Segunda_C_mara_Virtual_2__C_mara___Sess_o_Ordin_ria_Virtual_de_31_de_agosto_a_04.pdf","","336004","E:\Thiago\Dev\Mapeamento TCE\jurisprudencia_tce\informativos_pdf\Segunda_C_mara_Virtual_2__C_mara___Sess_o_Ordin_ria_Virtual_de_31_de_agosto_a_04.pdf"
"E-DECIDIR/Mapeamento_TCE_projeto","DECIDIR","apresentacao_executiva_projeto_annona.md",".md","_A_DECIDIR\apresentacao_executiva_projeto_annona.md","Documento do projeto, não é base legal","15719","E:\Thiago\Dev\Mapeamento TCE\documentos_governanca\apresentacao_executiva_projeto_annona.md"
"E-DECIDIR/Mapeamento_TCE_projeto","DECIDIR","apresentacao_executiva_projeto_lic_ia.md",".md","_A_DECIDIR\apresentacao_executiva_projeto_lic_ia.md","Documento do projeto, não é base legal","15876","E:\Thiago\Dev\Mapeamento TCE\documentos_governanca\apresentacao_executiva_projeto_lic_ia.md"
"E-DECIDIR/Mapeamento_TCE_projeto","DECIDIR","caderno_normativo_e_proposicoes_mppi.md",".md","_A_DECIDIR\caderno_normativo_e_proposicoes_mppi.md","Documento do projeto, não é base legal","14871","E:\Thiago\Dev\Mapeamento TCE\documentos_governanca\caderno_normativo_e_proposicoes_mppi.md"
"E-DECIDIR/Mapeamento_TCE_projeto","DECIDIR","estudo_controle_interno_e_juridico.md",".md","_A_DECIDIR\estudo_controle_interno_e_juridico.md","Documento do projeto, não é base legal","22422","E:\Thiago\Dev\Mapeamento TCE\documentos_governanca\estudo_controle_interno_e_juridico.md"
"E-DECIDIR/Mapeamento_TCE_projeto","DECIDIR","estudo_economicidade_mppe_mppi.md",".md","_A_DECIDIR\estudo_economicidade_mppe_mppi.md","Documento do projeto, não é base legal","8926","E:\Thiago\Dev\Mapeamento TCE\documentos_governanca\estudo_economicidade_mppe_mppi.md"
"E-DECIDIR/Mapeamento_TCE_projeto","DECIDIR","projeto_boas_praticas_premio_cnmp_mppi.md",".md","_A_DECIDIR\projeto_boas_praticas_premio_cnmp_mppi.md","Documento do projeto, não é base legal","10415","E:\Thiago\Dev\Mapeamento TCE\documentos_governanca\projeto_boas_praticas_premio_cnmp_mppi.md"
"E-DECIDIR/Mapeamento_TCE_projeto","DECIDIR","relatorio_checkpoint_executivo.md",".md","_A_DECIDIR\relatorio_checkpoint_executivo.md","Documento do projeto, não é base legal","4885","E:\Thiago\Dev\Mapeamento TCE\documentos_governanca\relatorio_checkpoint_executivo.md"
"E-DECIDIR/Mapeamento_TCE_projeto","DECIDIR","roadmap_observatorio_contratacoes.md",".md","_A_DECIDIR\roadmap_observatorio_contratacoes.md","Documento do projeto, não é base legal","7433","E:\Thiago\Dev\Mapeamento TCE\documentos_governanca\roadmap_observatorio_contratacoes.md"
"E-DECIDIR/Mapeamento_TCE_projeto","DECIDIR","roteiro_formalizacao_sei_mppi.md",".md","_A_DECIDIR\roteiro_formalizacao_sei_mppi.md","Documento do projeto, não é base legal","12115","E:\Thiago\Dev\Mapeamento TCE\documentos_governanca\roteiro_formalizacao_sei_mppi.md"
"E-DECIDIR/Mapeamento_TCE_projeto","DECIDIR","ATO_PGJ_PI_NA___1.0255_2020___consolidado.pdf",".pdf","_A_DECIDIR\ATO_PGJ_PI_NA___1.0255_2020___consolidado.pdf","Documento do projeto, não é base legal","557458","E:\Thiago\Dev\Mapeamento TCE\Manual de Projetos\ATO_PGJ_PI_NA___1.0255_2020___consolidado.pdf"
"E-DECIDIR/Mapeamento_TCE_projeto","DECIDIR","Manual-de-Captacao-de-Recursos_compressed.pdf",".pdf","_A_DECIDIR\Manual-de-Captacao-de-Recursos_compressed.pdf","Documento do projeto, não é base legal","888577","E:\Thiago\Dev\Mapeamento TCE\Manual de Projetos\Manual-de-Captacao-de-Recursos_compressed.pdf"
"E-DECIDIR/Mapeamento_TCE_projeto","DECIDIR","Manual_de_Projetos.pdf",".pdf","_A_DECIDIR\Manual_de_Projetos.pdf","Documento do projeto, não é base legal","6001102","E:\Thiago\Dev\Mapeamento TCE\Manual de Projetos\Manual_de_Projetos.pdf"
"E-DECIDIR/Mapeamento_TCE_projeto","DECIDIR","Regulamento_Premio_CNMP_2021.pdf",".pdf","_A_DECIDIR\Regulamento_Premio_CNMP_2021.pdf","Documento do projeto, não é base legal","164375","E:\Thiago\Dev\Mapeamento TCE\Manual de Projetos\Regulamento_Premio_CNMP_2021.pdf"
"E-DECIDIR/Mapeamento_TCE_projeto","DECIDIR","arcabouco_normativo_contratacoes.md",".md","_A_DECIDIR\arcabouco_normativo_contratacoes.md","Documento do projeto, não é base legal","17741","E:\Thiago\Dev\Mapeamento TCE\normativos\arcabouco_normativo_contratacoes.md"
"E-DECIDIR/Mapeamento_TCE_projeto","DECIDIR","normativos_tce_pi.md",".md","_A_DECIDIR\normativos_tce_pi.md","Documento do projeto, não é base legal","3967","E:\Thiago\Dev\Mapeamento TCE\normativos\normativos_tce_pi.md"
"F-DECIDIR/Assessoria de Planejamento","DECIDIR","Agenda Presencial MPPI.pdf",".pdf","_A_DECIDIR\Agenda Presencial MPPI.pdf","Fora da taxonomia da base legal","300751","C:\Users\thiagonogueira\OneDrive - mppi.mp.br\Assessoria de Planejamento\Agenda Presencial MPPI.pdf"
"F-DECIDIR/Assessoria de Planejamento","DECIDIR","CATÁLOGO 2025.pdf",".pdf","_A_DECIDIR\CATÁLOGO 2025.pdf","Fora da taxonomia da base legal","10581012","C:\Users\thiagonogueira\OneDrive - mppi.mp.br\Assessoria de Planejamento\CATÁLOGO 2025.pdf"
"F-DECIDIR/Assessoria de Planejamento","DECIDIR","D11448.pdf",".pdf","_A_DECIDIR\D11448.pdf","Fora da taxonomia da base legal","258731","C:\Users\thiagonogueira\OneDrive - mppi.mp.br\Assessoria de Planejamento\D11448.pdf"
"F-DECIDIR/Assessoria de Planejamento","DECIDIR","D9075.pdf",".pdf","_A_DECIDIR\D9075.pdf","Fora da taxonomia da base legal","338130","C:\Users\thiagonogueira\OneDrive - mppi.mp.br\Assessoria de Planejamento\D9075.pdf"
"F-DECIDIR/Assessoria de Planejamento","DECIDIR","E-mail Fernando - BID.pdf",".pdf","_A_DECIDIR\E-mail Fernando - BID.pdf","Fora da taxonomia da base legal","488391","C:\Users\thiagonogueira\OneDrive - mppi.mp.br\Assessoria de Planejamento\E-mail Fernando - BID.pdf"
"F-DECIDIR/Assessoria de Planejamento","DECIDIR","manual-de-financiamento-externos.pdf",".pdf","_A_DECIDIR\manual-de-financiamento-externos.pdf","Fora da taxonomia da base legal","4227916","C:\Users\thiagonogueira\OneDrive - mppi.mp.br\Assessoria de Planejamento\manual-de-financiamento-externos.pdf"
"F-DECIDIR/Assessoria de Planejamento","DECIDIR","Minuta Ato IA MPPI_watermark.pdf",".pdf","_A_DECIDIR\Minuta Ato IA MPPI_watermark.pdf","Fora da taxonomia da base legal","100754","C:\Users\thiagonogueira\OneDrive - mppi.mp.br\Assessoria de Planejamento\Minuta Ato IA MPPI_watermark.pdf"
"F-DECIDIR/Assessoria de Planejamento","DECIDIR","PCA 2025.pdf",".pdf","_A_DECIDIR\PCA 2025.pdf","Fora da taxonomia da base legal","2333989","C:\Users\thiagonogueira\OneDrive - mppi.mp.br\Assessoria de Planejamento\PCA 2025.pdf"
"F-DECIDIR/Assessoria de Planejamento","DECIDIR","PEI_2022_2029.pdf",".pdf","_A_DECIDIR\PEI_2022_2029.pdf","Fora da taxonomia da base legal","3118395","C:\Users\thiagonogueira\OneDrive - mppi.mp.br\Assessoria de Planejamento\PEI_2022_2029.pdf"
"F-DECIDIR/Assessoria de Planejamento","DECIDIR","ProMPPE_Apresentacao-V20251215-v3-FC.pdf",".pdf","_A_DECIDIR\ProMPPE_Apresentacao-V20251215-v3-FC.pdf","Fora da taxonomia da base legal","773927","C:\Users\thiagonogueira\OneDrive - mppi.mp.br\Assessoria de Planejamento\ProMPPE_Apresentacao-V20251215-v3-FC.pdf"
"F-DECIDIR/Assessoria de Planejamento","DECIDIR","Relatorio-de-Gestao_2024_MPPI_VersaoFinal.pdf",".pdf","_A_DECIDIR\Relatorio-de-Gestao_2024_MPPI_VersaoFinal.pdf","Fora da taxonomia da base legal","3116315","C:\Users\thiagonogueira\OneDrive - mppi.mp.br\Assessoria de Planejamento\Relatorio-de-Gestao_2024_MPPI_VersaoFinal.pdf"
"F-DECIDIR/Assessoria de Planejamento","DECIDIR","relatorio_geral_18-12-2025-14-51-51.pdf",".pdf","_A_DECIDIR\relatorio_geral_18-12-2025-14-51-51.pdf","Fora da taxonomia da base legal","16146","C:\Users\thiagonogueira\OneDrive - mppi.mp.br\Assessoria de Planejamento\relatorio_geral_18-12-2025-14-51-51.pdf"
"F-DECIDIR/Assessoria de Planejamento","DECIDIR","resolucao-normativa-no-1-consolidada-v6.pdf",".pdf","_A_DECIDIR\resolucao-normativa-no-1-consolidada-v6.pdf","Fora da taxonomia da base legal","434952","C:\Users\thiagonogueira\OneDrive - mppi.mp.br\Assessoria de Planejamento\resolucao-normativa-no-1-consolidada-v6.pdf"
"F-DECIDIR/Assessoria de Planejamento","DECIDIR","Resolução COFIEX_MPO nº 2, de 3 de abril de 2025 - Resolução COFIEX_MPO nº 2, de 3 de abril de 2025 - DOU - Imprensa Nacional.pdf",".pdf","_A_DECIDIR\Resolução COFIEX_MPO nº 2, de 3 de abril de 2025 - Resolução COFIEX_MPO nº 2, de 3 de abril de 2025 - DOU - Imprensa Nacional.pdf","Fora da taxonomia da base legal","187218","C:\Users\thiagonogueira\OneDrive - mppi.mp.br\Assessoria de Planejamento\Resolução COFIEX_MPO nº 2, de 3 de abril de 2025 - Resolução COFIEX_MPO nº 2, de 3 de abril de 2025 - DOU - Imprensa Nacional.pdf"
"F-DECIDIR/Assessoria de Planejamento","DECIDIR","Resolução COFIEX_MPO nº 32, de 5 de junho de 2025 - Resolução COFIEX_MPO nº 32, de 5 de junho de 2025 - DOU - Imprensa Nacional.pdf",".pdf","_A_DECIDIR\Resolução COFIEX_MPO nº 32, de 5 de junho de 2025 - Resolução COFIEX_MPO nº 32, de 5 de junho de 2025 - DOU - Imprensa Nacional.pdf","Fora da taxonomia da base legal","148294","C:\Users\thiagonogueira\OneDrive - mppi.mp.br\Assessoria de Planejamento\Resolução COFIEX_MPO nº 32, de 5 de junho de 2025 - Resolução COFIEX_MPO nº 32, de 5 de junho de 2025 - DOU - Imprensa Nacional.pdf"
"F-DECIDIR/Assessoria de Planejamento","DECIDIR","RESOLUÇÃO NORMATIVA Nº 1, DE 22 DE NOVEMBRO de 2024 - RESOLUÇÃO NORMATIVA Nº 1, DE 22 DE NOVEMBRO de 2024 - DOU - Imprensa Nacional.pdf",".pdf","_A_DECIDIR\RESOLUÇÃO NORMATIVA Nº 1, DE 22 DE NOVEMBRO de 2024 - RESOLUÇÃO NORMATIVA Nº 1, DE 22 DE NOVEMBRO de 2024 - DOU - Imprensa Nacional.pdf","Fora da taxonomia da base legal","479465","C:\Users\thiagonogueira\OneDrive - mppi.mp.br\Assessoria de Planejamento\RESOLUÇÃO NORMATIVA Nº 1, DE 22 DE NOVEMBRO de 2024 - RESOLUÇÃO NORMATIVA Nº 1, DE 22 DE NOVEMBRO de 2024 - DOU - Imprensa Nacional.pdf"
"F-DECIDIR/Assessoria de Planejamento","DECIDIR","RESOLUÇÃO Nº 18, DE 19 DE JULHO DE 2021 - RESOLUÇÃO Nº 18, DE 19 DE JULHO DE 2021 - DOU - Imprensa Nacional.pdf",".pdf","_A_DECIDIR\RESOLUÇÃO Nº 18, DE 19 DE JULHO DE 2021 - RESOLUÇÃO Nº 18, DE 19 DE JULHO DE 2021 - DOU - Imprensa Nacional.pdf","Fora da taxonomia da base legal","108508","C:\Users\thiagonogueira\OneDrive - mppi.mp.br\Assessoria de Planejamento\RESOLUÇÃO Nº 18, DE 19 DE JULHO DE 2021 - RESOLUÇÃO Nº 18, DE 19 DE JULHO DE 2021 - DOU - Imprensa Nacional.pdf"
"F-DECIDIR/Assessoria de Planejamento","DECIDIR","RETIFICAÇÃO - RETIFICAÇÃO - DOU - Imprensa Nacional.pdf",".pdf","_A_DECIDIR\RETIFICAÇÃO - RETIFICAÇÃO - DOU - Imprensa Nacional.pdf","Fora da taxonomia da base legal","92741","C:\Users\thiagonogueira\OneDrive - mppi.mp.br\Assessoria de Planejamento\RETIFICAÇÃO - RETIFICAÇÃO - DOU - Imprensa Nacional.pdf"
"F-DECIDIR/Assessoria de Planejamento","DECIDIR","Reuniões da Comissão de Financiamentos Externos - Cofiex — Ministério do Planejamento e Orçamento.pdf",".pdf","_A_DECIDIR\Reuniões da Comissão de Financiamentos Externos - Cofiex — Ministério do Planejamento e Orçamento.pdf","Fora da taxonomia da base legal","201579","C:\Users\thiagonogueira\OneDrive - mppi.mp.br\Assessoria de Planejamento\Reuniões da Comissão de Financiamentos Externos - Cofiex — Ministério do Planejamento e Orçamento.pdf"
"F-DECIDIR/Assessoria de Planejamento","DECIDIR","ROP_aprovado-pelo-BID_1a-versao.pdf",".pdf","_A_DECIDIR\ROP_aprovado-pelo-BID_1a-versao.pdf","Fora da taxonomia da base legal","1260775","C:\Users\thiagonogueira\OneDrive - mppi.mp.br\Assessoria de Planejamento\ROP_aprovado-pelo-BID_1a-versao.pdf"
"F-DECIDIR/Assessoria de Planejamento","DECIDIR","Resolução COFIEX_MPO nº 2, de 3 de abril de 2025 - Resolução COFIEX_MPO nº 2, de 3 de abril de 2025 - DOU - Imprensa Nacional.pdf",".pdf","_A_DECIDIR\Resolução COFIEX_MPO nº 2, de 3 de abril de 2025 - Resolução COFIEX_MPO nº 2, de 3 de abril de 2025 - DOU - Imprensa Nacional.pdf","Fora da taxonomia da base legal","187218","C:\Users\thiagonogueira\OneDrive - mppi.mp.br\Assessoria de Planejamento\BID - 2026\Resolução COFIEX_MPO nº 2, de 3 de abril de 2025 - Resolução COFIEX_MPO nº 2, de 3 de abril de 2025 - DOU - Imprensa Nacional.pdf"
"F-DECIDIR/Assessoria de Planejamento","DECIDIR","Resolução COFIEX_MPO nº 32, de 5 de junho de 2025 - Resolução COFIEX_MPO nº 32, de 5 de junho de 2025 - DOU - Imprensa Nacional.pdf",".pdf","_A_DECIDIR\Resolução COFIEX_MPO nº 32, de 5 de junho de 2025 - Resolução COFIEX_MPO nº 32, de 5 de junho de 2025 - DOU - Imprensa Nacional.pdf","Fora da taxonomia da base legal","148294","C:\Users\thiagonogueira\OneDrive - mppi.mp.br\Assessoria de Planejamento\BID - 2026\Resolução COFIEX_MPO nº 32, de 5 de junho de 2025 - Resolução COFIEX_MPO nº 32, de 5 de junho de 2025 - DOU - Imprensa Nacional.pdf"
"F-DECIDIR/Assessoria de Planejamento","DECIDIR","1.GD_Indicadores_diagno_stico.pdf",".pdf","_A_DECIDIR\1.GD_Indicadores_diagno_stico.pdf","Fora da taxonomia da base legal","245607","C:\Users\thiagonogueira\OneDrive - mppi.mp.br\Assessoria de Planejamento\BID - Cursos\1.GD_Indicadores_diagno_stico.pdf"
"F-DECIDIR/Assessoria de Planejamento","DECIDIR","10.GD_Gesta_o_do_talento_humano.pdf",".pdf","_A_DECIDIR\10.GD_Gesta_o_do_talento_humano.pdf","Fora da taxonomia da base legal","247271","C:\Users\thiagonogueira\OneDrive - mppi.mp.br\Assessoria de Planejamento\BID - Cursos\10.GD_Gesta_o_do_talento_humano.pdf"
"F-DECIDIR/Assessoria de Planejamento","DECIDIR","2.3.2 - O papel da TI na gestão administrativa - 4.GD_Entrevista_o_papel_da_ti_na -.pdf",".pdf","_A_DECIDIR\2.3.2 - O papel da TI na gestão administrativa - 4.GD_Entrevista_o_papel_da_ti_na -.pdf","Fora da taxonomia da base legal","119894","C:\Users\thiagonogueira\OneDrive - mppi.mp.br\Assessoria de Planejamento\BID - Cursos\2.3.2 - O papel da TI na gestão administrativa - 4.GD_Entrevista_o_papel_da_ti_na -.pdf"
"F-DECIDIR/Assessoria de Planejamento","DECIDIR","2.3.4 Leitura - Importância da gestão de ativos na transformação digital o caso da Coréia5.GD_Importancia_da_gestao_de_ativos_na_transformacao.pdf",".pdf","_A_DECIDIR\2.3.4 Leitura - Importância da gestão de ativos na transformação digital o caso da Coréia5.GD_Importancia_da_gestao_de_ativos_na_transformacao.pdf","Fora da taxonomia da base legal","280984","C:\Users\thiagonogueira\OneDrive - mppi.mp.br\Assessoria de Planejamento\BID - Cursos\2.3.4 Leitura - Importância da gestão de ativos na transformação digital o caso da Coréia5.GD_Importancia_da_gestao_de_ativos_na_transformacao.pdf"
"F-DECIDIR/Assessoria de Planejamento","DECIDIR","2.4.4 Leitura - Como melhorar a gestão de dados em uma instituição pública.pdf",".pdf","_A_DECIDIR\2.4.4 Leitura - Como melhorar a gestão de dados em uma instituição pública.pdf","Fora da taxonomia da base legal","282873","C:\Users\thiagonogueira\OneDrive - mppi.mp.br\Assessoria de Planejamento\BID - Cursos\2.4.4 Leitura - Como melhorar a gestão de dados em uma instituição pública.pdf"
"F-DECIDIR/Assessoria de Planejamento","DECIDIR","3.2.2 Infográfico - Institucionalidade quem faz o qu.pdf",".pdf","_A_DECIDIR\3.2.2 Infográfico - Institucionalidade quem faz o qu.pdf","Fora da taxonomia da base legal","250431","C:\Users\thiagonogueira\OneDrive - mppi.mp.br\Assessoria de Planejamento\BID - Cursos\3.2.2 Infográfico - Institucionalidade quem faz o qu.pdf"
"F-DECIDIR/Assessoria de Planejamento","DECIDIR","3.GD_Simplificac_a_o_e_digitalizac_a_o.pdf",".pdf","_A_DECIDIR\3.GD_Simplificac_a_o_e_digitalizac_a_o.pdf","Fora da taxonomia da base legal","288368","C:\Users\thiagonogueira\OneDrive - mppi.mp.br\Assessoria de Planejamento\BID - Cursos\3.GD_Simplificac_a_o_e_digitalizac_a_o.pdf"
"F-DECIDIR/Assessoria de Planejamento","DECIDIR","373991-beps-reports-2015-executive-summaries.pdf",".pdf","_A_DECIDIR\373991-beps-reports-2015-executive-summaries.pdf","Fora da taxonomia da base legal","1116731","C:\Users\thiagonogueira\OneDrive - mppi.mp.br\Assessoria de Planejamento\BID - Cursos\373991-beps-reports-2015-executive-summaries.pdf"
"F-DECIDIR/Assessoria de Planejamento","DECIDIR","8.GD_Como_melhorar_a_ciberseguranc_a_em_organizac_o_es_pu_blicas.pdf",".pdf","_A_DECIDIR\8.GD_Como_melhorar_a_ciberseguranc_a_em_organizac_o_es_pu_blicas.pdf","Fora da taxonomia da base legal","259330","C:\Users\thiagonogueira\OneDrive - mppi.mp.br\Assessoria de Planejamento\BID - Cursos\8.GD_Como_melhorar_a_ciberseguranc_a_em_organizac_o_es_pu_blicas.pdf"
"F-DECIDIR/Assessoria de Planejamento","DECIDIR","9.GD_Governanc_a__normas_e_compete_ncias.pdf",".pdf","_A_DECIDIR\9.GD_Governanc_a__normas_e_compete_ncias.pdf","Fora da taxonomia da base legal","203044","C:\Users\thiagonogueira\OneDrive - mppi.mp.br\Assessoria de Planejamento\BID - Cursos\9.GD_Governanc_a__normas_e_compete_ncias.pdf"
"F-DECIDIR/Assessoria de Planejamento","DECIDIR","asset-v1_IDBx+IDB50.2x+3T2022+type@asset+block@Nota_técnica_gobernanza.pdf",".pdf","_A_DECIDIR\asset-v1_IDBx+IDB50.2x+3T2022+type@asset+block@Nota_técnica_gobernanza.pdf","Fora da taxonomia da base legal","141636","C:\Users\thiagonogueira\OneDrive - mppi.mp.br\Assessoria de Planejamento\BID - Cursos\asset-v1_IDBx+IDB50.2x+3T2022+type@asset+block@Nota_técnica_gobernanza.pdf"
"F-DECIDIR/Assessoria de Planejamento","DECIDIR","Carta Consulta - MPPI - Dados Iniciais.pdf",".pdf","_A_DECIDIR\Carta Consulta - MPPI - Dados Iniciais.pdf","Fora da taxonomia da base legal","789845","C:\Users\thiagonogueira\OneDrive - mppi.mp.br\Assessoria de Planejamento\BID - Cursos\Carta Consulta - MPPI - Dados Iniciais.pdf"
"F-DECIDIR/Assessoria de Planejamento","DECIDIR","Carta Consulta BID Ceara Mais Digital_V.4_15.07.2021_RevRLMB ULTIMA VERSAO (1) (2).pdf",".pdf","_A_DECIDIR\Carta Consulta BID Ceara Mais Digital_V.4_15.07.2021_RevRLMB ULTIMA VERSAO (1) (2).pdf","Fora da taxonomia da base legal","1548917","C:\Users\thiagonogueira\OneDrive - mppi.mp.br\Assessoria de Planejamento\BID - Cursos\Carta Consulta BID Ceara Mais Digital_V.4_15.07.2021_RevRLMB ULTIMA VERSAO (1) (2).pdf"
"F-DECIDIR/Assessoria de Planejamento","DECIDIR","Consolidado de PDFs.pdf",".pdf","_A_DECIDIR\Consolidado de PDFs.pdf","Fora da taxonomia da base legal","33054376","C:\Users\thiagonogueira\OneDrive - mppi.mp.br\Assessoria de Planejamento\BID - Cursos\Consolidado de PDFs.pdf"
"F-DECIDIR/Assessoria de Planejamento","DECIDIR","El-fin-del-trámite-eterno-Ciudadanos-burocracia-y-gobierno-digital.pdf",".pdf","_A_DECIDIR\El-fin-del-trámite-eterno-Ciudadanos-burocracia-y-gobierno-digital.pdf","Fora da taxonomia da base legal","11722510","C:\Users\thiagonogueira\OneDrive - mppi.mp.br\Assessoria de Planejamento\BID - Cursos\El-fin-del-trámite-eterno-Ciudadanos-burocracia-y-gobierno-digital.pdf"
"F-DECIDIR/Assessoria de Planejamento","DECIDIR","INSTITUIÇÃO LÍDER quem faz o que.pdf",".pdf","_A_DECIDIR\INSTITUIÇÃO LÍDER quem faz o que.pdf","Fora da taxonomia da base legal","250429","C:\Users\thiagonogueira\OneDrive - mppi.mp.br\Assessoria de Planejamento\BID - Cursos\INSTITUIÇÃO LÍDER quem faz o que.pdf"
"F-DECIDIR/Assessoria de Planejamento","DECIDIR","privacidade-e-protecao-de-dados-2023.pdf",".pdf","_A_DECIDIR\privacidade-e-protecao-de-dados-2023.pdf","Fora da taxonomia da base legal","1140331","C:\Users\thiagonogueira\OneDrive - mppi.mp.br\Assessoria de Planejamento\BID - Cursos\privacidade-e-protecao-de-dados-2023.pdf"
"F-DECIDIR/Assessoria de Planejamento","DECIDIR","QUEM FAZ O QUÊ.pdf",".pdf","_A_DECIDIR\QUEM FAZ O QUÊ.pdf","Fora da taxonomia da base legal","227255","C:\Users\thiagonogueira\OneDrive - mppi.mp.br\Assessoria de Planejamento\BID - Cursos\QUEM FAZ O QUÊ.pdf"
"F-DECIDIR/Assessoria de Planejamento","DECIDIR","Relatório_IA_2023.pdf",".pdf","_A_DECIDIR\Relatório_IA_2023.pdf","Fora da taxonomia da base legal","682670","C:\Users\thiagonogueira\OneDrive - mppi.mp.br\Assessoria de Planejamento\BID - Cursos\Relatório_IA_2023.pdf"
"F-DECIDIR/Assessoria de Planejamento","DECIDIR","resumo_executivo_privacidade_protecao_de_dados_pessoais_2023.pdf",".pdf","_A_DECIDIR\resumo_executivo_privacidade_protecao_de_dados_pessoais_2023.pdf","Fora da taxonomia da base legal","125373","C:\Users\thiagonogueira\OneDrive - mppi.mp.br\Assessoria de Planejamento\BID - Cursos\resumo_executivo_privacidade_protecao_de_dados_pessoais_2023.pdf"
"F-DECIDIR/Assessoria de Planejamento","DECIDIR","Servicios-publicos-y-gobierno-digital-durante-la-pandemia-Perspectivas-de-los-ciudadanos-los-funcionarios-y-las-instituciones-publicas.pdf",".pdf","_A_DECIDIR\Servicios-publicos-y-gobierno-digital-durante-la-pandemia-Perspectivas-de-los-ciudadanos-los-funcionarios-y-las-instituciones-publicas.pdf","Fora da taxonomia da base legal","5197624","C:\Users\thiagonogueira\OneDrive - mppi.mp.br\Assessoria de Planejamento\BID - Cursos\Servicios-publicos-y-gobierno-digital-durante-la-pandemia-Perspectivas-de-los-ciudadanos-los-funcionarios-y-las-instituciones-publicas.pdf"
"F-DECIDIR/Assessoria de Planejamento","DECIDIR","Simplificando-vidas-Gestion-de-la-calidad-y-satisfaccion-ciudadana-con-los-servicios-publicos-2018.pdf",".pdf","_A_DECIDIR\Simplificando-vidas-Gestion-de-la-calidad-y-satisfaccion-ciudadana-con-los-servicios-publicos-2018.pdf","Fora da taxonomia da base legal","3104859","C:\Users\thiagonogueira\OneDrive - mppi.mp.br\Assessoria de Planejamento\BID - Cursos\Simplificando-vidas-Gestion-de-la-calidad-y-satisfaccion-ciudadana-con-los-servicios-publicos-2018.pdf"
"F-DECIDIR/Assessoria de Planejamento","DECIDIR","tic_governo_eletronico_2023_livro_eletronico.pdf",".pdf","_A_DECIDIR\tic_governo_eletronico_2023_livro_eletronico.pdf","Fora da taxonomia da base legal","3205689","C:\Users\thiagonogueira\OneDrive - mppi.mp.br\Assessoria de Planejamento\BID - Cursos\tic_governo_eletronico_2023_livro_eletronico.pdf"
"F-DECIDIR/Assessoria de Planejamento","DECIDIR","TRANSFORMAÇÃO DIGITAL E EMPREGO PÚBLICO O FUTURO DO TRABALHO DO GOVERNO.pdf",".pdf","_A_DECIDIR\TRANSFORMAÇÃO DIGITAL E EMPREGO PÚBLICO O FUTURO DO TRABALHO DO GOVERNO.pdf","Fora da taxonomia da base legal","3091132","C:\Users\thiagonogueira\OneDrive - mppi.mp.br\Assessoria de Planejamento\BID - Cursos\TRANSFORMAÇÃO DIGITAL E EMPREGO PÚBLICO O FUTURO DO TRABALHO DO GOVERNO.pdf"
"F-DECIDIR/Assessoria de Planejamento","DECIDIR","Un-Lab-en-constante-evolucion-La-experiencia-del-Laboratorio-de-Innovacion-en-Gobierno-Digital-de-Uruguay.pdf",".pdf","_A_DECIDIR\Un-Lab-en-constante-evolucion-La-experiencia-del-Laboratorio-de-Innovacion-en-Gobierno-Digital-de-Uruguay.pdf","Fora da taxonomia da base legal","1274162","C:\Users\thiagonogueira\OneDrive - mppi.mp.br\Assessoria de Planejamento\BID - Cursos\Un-Lab-en-constante-evolucion-La-experiencia-del-Laboratorio-de-Innovacion-en-Gobierno-Digital-de-Uruguay.pdf"
"F-DECIDIR/Assessoria de Planejamento","DECIDIR","Central It.pdf",".pdf","_A_DECIDIR\Central It.pdf","Fora da taxonomia da base legal","1386084","C:\Users\thiagonogueira\OneDrive - mppi.mp.br\Assessoria de Planejamento\Expojud 2025\Central It.pdf"
"F-DECIDIR/Assessoria de Planejamento","DECIDIR","certificado-2725684A5345667B15131140.pdf",".pdf","_A_DECIDIR\certificado-2725684A5345667B15131140.pdf","Fora da taxonomia da base legal","980184","C:\Users\thiagonogueira\OneDrive - mppi.mp.br\Assessoria de Planejamento\Expojud 2025\certificado-2725684A5345667B15131140.pdf"
"F-DECIDIR/Assessoria de Planejamento","DECIDIR","Expojud 2025 - Comprovantes Voo - Ida e Volta.pdf",".pdf","_A_DECIDIR\Expojud 2025 - Comprovantes Voo - Ida e Volta.pdf","Fora da taxonomia da base legal","226468","C:\Users\thiagonogueira\OneDrive - mppi.mp.br\Assessoria de Planejamento\Expojud 2025\Expojud 2025 - Comprovantes Voo - Ida e Volta.pdf"
"F-DECIDIR/Assessoria de Planejamento","DECIDIR","Manual de Instituições -  ExpoJud 2025.pdf",".pdf","_A_DECIDIR\Manual de Instituições -  ExpoJud 2025.pdf","Fora da taxonomia da base legal","35575148","C:\Users\thiagonogueira\OneDrive - mppi.mp.br\Assessoria de Planejamento\Expojud 2025\Manual de Instituições -  ExpoJud 2025.pdf"
"F-DECIDIR/Assessoria de Planejamento","DECIDIR","Manual de Instituições -  ExpoJud 2025_.pdf",".pdf","_A_DECIDIR\Manual de Instituições -  ExpoJud 2025_.pdf","Fora da taxonomia da base legal","2651641","C:\Users\thiagonogueira\OneDrive - mppi.mp.br\Assessoria de Planejamento\Expojud 2025\Manual de Instituições -  ExpoJud 2025_.pdf"
"F-DECIDIR/Assessoria de Planejamento","DECIDIR","Portaria.pdf",".pdf","_A_DECIDIR\Portaria.pdf","Fora da taxonomia da base legal","141786","C:\Users\thiagonogueira\OneDrive - mppi.mp.br\Assessoria de Planejamento\Expojud 2025\Portaria.pdf"
"F-DECIDIR/Assessoria de Planejamento","DECIDIR","Programação – expojud-25 – Even3.pdf",".pdf","_A_DECIDIR\Programação – expojud-25 – Even3.pdf","Fora da taxonomia da base legal","236238","C:\Users\thiagonogueira\OneDrive - mppi.mp.br\Assessoria de Planejamento\Expojud 2025\Programação – expojud-25 – Even3.pdf"
"F-DECIDIR/Assessoria de Planejamento","DECIDIR","reserva_LA9574899VDTL.pdf",".pdf","_A_DECIDIR\reserva_LA9574899VDTL.pdf","Fora da taxonomia da base legal","691610","C:\Users\thiagonogueira\OneDrive - mppi.mp.br\Assessoria de Planejamento\Expojud 2025\reserva_LA9574899VDTL.pdf"
"F-DECIDIR/Assessoria de Planejamento","DECIDIR","SEI_1178539_Relatorio_Circunstanciado_de_Viagem.pdf",".pdf","_A_DECIDIR\SEI_1178539_Relatorio_Circunstanciado_de_Viagem.pdf","Fora da taxonomia da base legal","27717","C:\Users\thiagonogueira\OneDrive - mppi.mp.br\Assessoria de Planejamento\Expojud 2025\SEI_1178539_Relatorio_Circunstanciado_de_Viagem.pdf"
"F-DECIDIR/Assessoria de Planejamento","DECIDIR","SEI_19.21.0720.0037431_2025_53.pdf",".pdf","_A_DECIDIR\SEI_19.21.0720.0037431_2025_53.pdf","Fora da taxonomia da base legal","1235234","C:\Users\thiagonogueira\OneDrive - mppi.mp.br\Assessoria de Planejamento\Expojud 2025\SEI_19.21.0720.0037431_2025_53.pdf"
"F-DECIDIR/Assessoria de Planejamento","DECIDIR","EXPOJUD_2025_Luciana Maria de Araújo Freitas.pdf",".pdf","_A_DECIDIR\EXPOJUD_2025_Luciana Maria de Araújo Freitas.pdf","Fora da taxonomia da base legal","243756","C:\Users\thiagonogueira\OneDrive - mppi.mp.br\Assessoria de Planejamento\Expojud 2025\Expojud\EXPOJUD_2025_Luciana Maria de Araújo Freitas.pdf"
"F-DECIDIR/Assessoria de Planejamento","DECIDIR","01_24_anexos_I_a_VI_ch_pub_ENCTEC_IA_v29fev24.pdf",".pdf","_A_DECIDIR\01_24_anexos_I_a_VI_ch_pub_ENCTEC_IA_v29fev24.pdf","Fora da taxonomia da base legal","932393","C:\Users\thiagonogueira\OneDrive - mppi.mp.br\Assessoria de Planejamento\Hackathon\01_24_anexos_I_a_VI_ch_pub_ENCTEC_IA_v29fev24.pdf"
"F-DECIDIR/Assessoria de Planejamento","DECIDIR","01_24_anexo_VII_ch_pub_ENCTEC_IA_v1.pdf",".pdf","_A_DECIDIR\01_24_anexo_VII_ch_pub_ENCTEC_IA_v1.pdf","Fora da taxonomia da base legal","153982","C:\Users\thiagonogueira\OneDrive - mppi.mp.br\Assessoria de Planejamento\Hackathon\01_24_anexo_VII_ch_pub_ENCTEC_IA_v1.pdf"
"F-DECIDIR/Assessoria de Planejamento","DECIDIR","01_24_edital_ch_pub_ENCTEC_IA_v9.pdf",".pdf","_A_DECIDIR\01_24_edital_ch_pub_ENCTEC_IA_v9.pdf","Fora da taxonomia da base legal","239691","C:\Users\thiagonogueira\OneDrive - mppi.mp.br\Assessoria de Planejamento\Hackathon\01_24_edital_ch_pub_ENCTEC_IA_v9.pdf"
"F-DECIDIR/Assessoria de Planejamento","DECIDIR","01_24_edital_ch_pub_ENCTEC_IA_v9_ocred.pdf",".pdf","_A_DECIDIR\01_24_edital_ch_pub_ENCTEC_IA_v9_ocred.pdf","Fora da taxonomia da base legal","460156","C:\Users\thiagonogueira\OneDrive - mppi.mp.br\Assessoria de Planejamento\Hackathon\01_24_edital_ch_pub_ENCTEC_IA_v9_ocred.pdf"
"F-DECIDIR/Assessoria de Planejamento","DECIDIR","218187_LV_Compras publicas_Cap12.pdf",".pdf","_A_DECIDIR\218187_LV_Compras publicas_Cap12.pdf","Fora da taxonomia da base legal","268740","C:\Users\thiagonogueira\OneDrive - mppi.mp.br\Assessoria de Planejamento\Hackathon\218187_LV_Compras publicas_Cap12.pdf"
"F-DECIDIR/Assessoria de Planejamento","DECIDIR","A hora e a vez das contratações de inovação.pdf",".pdf","_A_DECIDIR\A hora e a vez das contratações de inovação.pdf","Fora da taxonomia da base legal","912575","C:\Users\thiagonogueira\OneDrive - mppi.mp.br\Assessoria de Planejamento\Hackathon\A hora e a vez das contratações de inovação.pdf"
"F-DECIDIR/Assessoria de Planejamento","DECIDIR","Agenda Presencial MPPI.pdf",".pdf","_A_DECIDIR\Agenda Presencial MPPI.pdf","Fora da taxonomia da base legal","300751","C:\Users\thiagonogueira\OneDrive - mppi.mp.br\Assessoria de Planejamento\Hackathon\Agenda Presencial MPPI.pdf"
"F-DECIDIR/Assessoria de Planejamento","DECIDIR","Alin. Desafios Mapeados MPPI.pdf",".pdf","_A_DECIDIR\Alin. Desafios Mapeados MPPI.pdf","Fora da taxonomia da base legal","29810660","C:\Users\thiagonogueira\OneDrive - mppi.mp.br\Assessoria de Planejamento\Hackathon\Alin. Desafios Mapeados MPPI.pdf"
"F-DECIDIR/Assessoria de Planejamento","DECIDIR","Alin. dos desafios mapeados do MPPI (1).pdf",".pdf","_A_DECIDIR\Alin. dos desafios mapeados do MPPI (1).pdf","Fora da taxonomia da base legal","29810670","C:\Users\thiagonogueira\OneDrive - mppi.mp.br\Assessoria de Planejamento\Hackathon\Alin. dos desafios mapeados do MPPI (1).pdf"
"F-DECIDIR/Assessoria de Planejamento","DECIDIR","Alin. dos desafios mapeados do MPPI.pdf",".pdf","_A_DECIDIR\Alin. dos desafios mapeados do MPPI.pdf","Fora da taxonomia da base legal","4556418","C:\Users\thiagonogueira\OneDrive - mppi.mp.br\Assessoria de Planejamento\Hackathon\Alin. dos desafios mapeados do MPPI.pdf"
"F-DECIDIR/Assessoria de Planejamento","DECIDIR","Ato PGJ 1590_25_Politica de Inovação do MPPI.pdf",".pdf","_A_DECIDIR\Ato PGJ 1590_25_Politica de Inovação do MPPI.pdf","Fora da taxonomia da base legal","40179","C:\Users\thiagonogueira\OneDrive - mppi.mp.br\Assessoria de Planejamento\Hackathon\Ato PGJ 1590_25_Politica de Inovação do MPPI.pdf"
"F-DECIDIR/Assessoria de Planejamento","DECIDIR","construcao_estrategia.pdf",".pdf","_A_DECIDIR\construcao_estrategia.pdf","Fora da taxonomia da base legal","1052330","C:\Users\thiagonogueira\OneDrive - mppi.mp.br\Assessoria de Planejamento\Hackathon\construcao_estrategia.pdf"
"F-DECIDIR/Assessoria de Planejamento","DECIDIR","EDITAL HACKATON GOVERNO DO PIAUI.pdf",".pdf","_A_DECIDIR\EDITAL HACKATON GOVERNO DO PIAUI.pdf","Fora da taxonomia da base legal","15280528","C:\Users\thiagonogueira\OneDrive - mppi.mp.br\Assessoria de Planejamento\Hackathon\EDITAL HACKATON GOVERNO DO PIAUI.pdf"
"F-DECIDIR/Assessoria de Planejamento","DECIDIR","Edital.pdf",".pdf","_A_DECIDIR\Edital.pdf","Fora da taxonomia da base legal","6326034","C:\Users\thiagonogueira\OneDrive - mppi.mp.br\Assessoria de Planejamento\Hackathon\Edital.pdf"
"F-DECIDIR/Assessoria de Planejamento","DECIDIR","LabMPMP.pdf",".pdf","_A_DECIDIR\LabMPMP.pdf","Fora da taxonomia da base legal","55997","C:\Users\thiagonogueira\OneDrive - mppi.mp.br\Assessoria de Planejamento\Hackathon\LabMPMP.pdf"
"F-DECIDIR/Assessoria de Planejamento","DECIDIR","manual-do-contrato-publico-para-solucao-inovadora.pdf",".pdf","_A_DECIDIR\manual-do-contrato-publico-para-solucao-inovadora.pdf","Fora da taxonomia da base legal","1433628","C:\Users\thiagonogueira\OneDrive - mppi.mp.br\Assessoria de Planejamento\Hackathon\manual-do-contrato-publico-para-solucao-inovadora.pdf"
"F-DECIDIR/Assessoria de Planejamento","DECIDIR","manual-plataforma.pdf",".pdf","_A_DECIDIR\manual-plataforma.pdf","Fora da taxonomia da base legal","1606214","C:\Users\thiagonogueira\OneDrive - mppi.mp.br\Assessoria de Planejamento\Hackathon\manual-plataforma.pdf"
"F-DECIDIR/Assessoria de Planejamento","DECIDIR","MPPI - Ministério Público do Estado do Piauí 2.pdf",".pdf","_A_DECIDIR\MPPI - Ministério Público do Estado do Piauí 2.pdf","Fora da taxonomia da base legal","447350","C:\Users\thiagonogueira\OneDrive - mppi.mp.br\Assessoria de Planejamento\Hackathon\MPPI - Ministério Público do Estado do Piauí 2.pdf"
"F-DECIDIR/Assessoria de Planejamento","DECIDIR","MPPI - Ministério Público do Estado do Piauí.pdf",".pdf","_A_DECIDIR\MPPI - Ministério Público do Estado do Piauí.pdf","Fora da taxonomia da base legal","478495","C:\Users\thiagonogueira\OneDrive - mppi.mp.br\Assessoria de Planejamento\Hackathon\MPPI - Ministério Público do Estado do Piauí.pdf"
"F-DECIDIR/Assessoria de Planejamento","DECIDIR","Portaria PGJ PI 2894 2025 (1 Hackathon MPLab).pdf",".pdf","_A_DECIDIR\Portaria PGJ PI 2894 2025 (1 Hackathon MPLab).pdf","Fora da taxonomia da base legal","145185","C:\Users\thiagonogueira\OneDrive - mppi.mp.br\Assessoria de Planejamento\Hackathon\Portaria PGJ PI 2894 2025 (1 Hackathon MPLab).pdf"
"F-DECIDIR/Assessoria de Planejamento","DECIDIR","Portaria PGJ PI 3679 2025 (CETI).pdf",".pdf","_A_DECIDIR\Portaria PGJ PI 3679 2025 (CETI).pdf","Fora da taxonomia da base legal","253981","C:\Users\thiagonogueira\OneDrive - mppi.mp.br\Assessoria de Planejamento\Hackathon\Portaria PGJ PI 3679 2025 (CETI).pdf"
"F-DECIDIR/Assessoria de Planejamento","DECIDIR","Relatorio-de-Gestao_2024_MPPI_VersaoFinal.pdf",".pdf","_A_DECIDIR\Relatorio-de-Gestao_2024_MPPI_VersaoFinal.pdf","Fora da taxonomia da base legal","3116315","C:\Users\thiagonogueira\OneDrive - mppi.mp.br\Assessoria de Planejamento\Hackathon\Relatorio-de-Gestao_2024_MPPI_VersaoFinal.pdf"
"F-DECIDIR/Assessoria de Planejamento","DECIDIR","relatorio_ia_2023.pdf",".pdf","_A_DECIDIR\relatorio_ia_2023.pdf","Fora da taxonomia da base legal","1285003","C:\Users\thiagonogueira\OneDrive - mppi.mp.br\Assessoria de Planejamento\Hackathon\relatorio_ia_2023.pdf"
"F-DECIDIR/Assessoria de Planejamento","DECIDIR","SEI_1041998_ATO_PGJ (Nedia).pdf",".pdf","_A_DECIDIR\SEI_1041998_ATO_PGJ (Nedia).pdf","Fora da taxonomia da base legal","46742","C:\Users\thiagonogueira\OneDrive - mppi.mp.br\Assessoria de Planejamento\Hackathon\SEI_1041998_ATO_PGJ (Nedia).pdf"
"F-DECIDIR/Assessoria de Planejamento","DECIDIR","SEI_1098929_Termo_de_Referencia.pdf",".pdf","_A_DECIDIR\SEI_1098929_Termo_de_Referencia.pdf","Fora da taxonomia da base legal","126349","C:\Users\thiagonogueira\OneDrive - mppi.mp.br\Assessoria de Planejamento\Hackathon\SEI_1098929_Termo_de_Referencia.pdf"
"F-DECIDIR/Assessoria de Planejamento","DECIDIR","SEI_1114787_Despacho (2).pdf",".pdf","_A_DECIDIR\SEI_1114787_Despacho (2).pdf","Fora da taxonomia da base legal","44430","C:\Users\thiagonogueira\OneDrive - mppi.mp.br\Assessoria de Planejamento\Hackathon\SEI_1114787_Despacho (2).pdf"
"F-DECIDIR/Assessoria de Planejamento","DECIDIR","SEI_1179185_Despacho.pdf",".pdf","_A_DECIDIR\SEI_1179185_Despacho.pdf","Fora da taxonomia da base legal","45690","C:\Users\thiagonogueira\OneDrive - mppi.mp.br\Assessoria de Planejamento\Hackathon\SEI_1179185_Despacho.pdf"
"F-DECIDIR/Assessoria de Planejamento","DECIDIR","SEI_19.21.0043.0020704_2025_20 (1).pdf",".pdf","_A_DECIDIR\SEI_19.21.0043.0020704_2025_20 (1).pdf","Fora da taxonomia da base legal","141119","C:\Users\thiagonogueira\OneDrive - mppi.mp.br\Assessoria de Planejamento\Hackathon\SEI_19.21.0043.0020704_2025_20 (1).pdf"
"F-DECIDIR/Assessoria de Planejamento","DECIDIR","SEI_19.21.0043.0020704_2025_20.pdf",".pdf","_A_DECIDIR\SEI_19.21.0043.0020704_2025_20.pdf","Fora da taxonomia da base legal","10777769","C:\Users\thiagonogueira\OneDrive - mppi.mp.br\Assessoria de Planejamento\Hackathon\SEI_19.21.0043.0020704_2025_20.pdf"
"F-DECIDIR/Assessoria de Planejamento","DECIDIR","Termo_Cooperacao_MP_Xertica.PDF",".pdf","_A_DECIDIR\Termo_Cooperacao_MP_Xertica.PDF","Fora da taxonomia da base legal","2780956","C:\Users\thiagonogueira\OneDrive - mppi.mp.br\Assessoria de Planejamento\Hackathon\Termo_Cooperacao_MP_Xertica.PDF"
"F-DECIDIR/Assessoria de Planejamento","DECIDIR","05-parecer_juridico.pdf",".pdf","_A_DECIDIR\05-parecer_juridico.pdf","Fora da taxonomia da base legal","248535","C:\Users\thiagonogueira\OneDrive - mppi.mp.br\Assessoria de Planejamento\Hackathon\TCU - documentos Contratação\05-parecer_juridico.pdf"
"F-DECIDIR/Assessoria de Planejamento","DECIDIR","10-%20hotsite%20para%20recebimento%20das%20propostas.pdf",".pdf","_A_DECIDIR\10-%20hotsite%20para%20recebimento%20das%20propostas.pdf","Fora da taxonomia da base legal","575285","C:\Users\thiagonogueira\OneDrive - mppi.mp.br\Assessoria de Planejamento\Hackathon\TCU - documentos Contratação\10-%20hotsite%20para%20recebimento%20das%20propostas.pdf"
"F-DECIDIR/Assessoria de Planejamento","DECIDIR","5-hotsite%20pos%20consulta%20ao%20mercado.pdf",".pdf","_A_DECIDIR\5-hotsite%20pos%20consulta%20ao%20mercado.pdf","Fora da taxonomia da base legal","1168797","C:\Users\thiagonogueira\OneDrive - mppi.mp.br\Assessoria de Planejamento\Hackathon\TCU - documentos Contratação\5-hotsite%20pos%20consulta%20ao%20mercado.pdf"
"F-DECIDIR/Assessoria de Planejamento","DECIDIR","6-sintese%20da%20consulta%20ao%20mercado.pdf",".pdf","_A_DECIDIR\6-sintese%20da%20consulta%20ao%20mercado.pdf","Fora da taxonomia da base legal","262821","C:\Users\thiagonogueira\OneDrive - mppi.mp.br\Assessoria de Planejamento\Hackathon\TCU - documentos Contratação\6-sintese%20da%20consulta%20ao%20mercado.pdf"
"F-DECIDIR/Assessoria de Planejamento","DECIDIR","7-%20mapa%20de%20riscos%20atualizado%20apos%20consulta%20ao%20mercado.pdf",".pdf","_A_DECIDIR\7-%20mapa%20de%20riscos%20atualizado%20apos%20consulta%20ao%20mercado.pdf","Fora da taxonomia da base legal","243217","C:\Users\thiagonogueira\OneDrive - mppi.mp.br\Assessoria de Planejamento\Hackathon\TCU - documentos Contratação\7-%20mapa%20de%20riscos%20atualizado%20apos%20consulta%20ao%20mercado.pdf"
"F-DECIDIR/Assessoria de Planejamento","DECIDIR","8-%20atualizacoes%20em%20atendimento%20ao%20parecer%20juridico%20e%20a%20consulta%20ao%20mercado.pdf",".pdf","_A_DECIDIR\8-%20atualizacoes%20em%20atendimento%20ao%20parecer%20juridico%20e%20a%20consulta%20ao%20mercado.pdf","Fora da taxonomia da base legal","173109","C:\Users\thiagonogueira\OneDrive - mppi.mp.br\Assessoria de Planejamento\Hackathon\TCU - documentos Contratação\8-%20atualizacoes%20em%20atendimento%20ao%20parecer%20juridico%20e%20a%20consulta%20ao%20mercado.pdf"
"F-DECIDIR/Assessoria de Planejamento","DECIDIR","9-%20Portaria%20de%20designacao%20da%20Comissao%20Especial.pdf",".pdf","_A_DECIDIR\9-%20Portaria%20de%20designacao%20da%20Comissao%20Especial.pdf","Fora da taxonomia da base legal","103449","C:\Users\thiagonogueira\OneDrive - mppi.mp.br\Assessoria de Planejamento\Hackathon\TCU - documentos Contratação\9-%20Portaria%20de%20designacao%20da%20Comissao%20Especial.pdf"
"F-DECIDIR/Assessoria de Planejamento","DECIDIR","ContratoTCU_CPSI_01-2024.pdf",".pdf","_A_DECIDIR\ContratoTCU_CPSI_01-2024.pdf","Fora da taxonomia da base legal","574935","C:\Users\thiagonogueira\OneDrive - mppi.mp.br\Assessoria de Planejamento\Hackathon\TCU - documentos Contratação\ContratoTCU_CPSI_01-2024.pdf"
"F-DECIDIR/Assessoria de Planejamento","DECIDIR","ContratoTCU_CPSI_02-2024.pdf",".pdf","_A_DECIDIR\ContratoTCU_CPSI_02-2024.pdf","Fora da taxonomia da base legal","3011422","C:\Users\thiagonogueira\OneDrive - mppi.mp.br\Assessoria de Planejamento\Hackathon\TCU - documentos Contratação\ContratoTCU_CPSI_02-2024.pdf"
"F-DECIDIR/Assessoria de Planejamento","DECIDIR","ContratoTCU_CPSI_03-2024.pdf",".pdf","_A_DECIDIR\ContratoTCU_CPSI_03-2024.pdf","Fora da taxonomia da base legal","434459","C:\Users\thiagonogueira\OneDrive - mppi.mp.br\Assessoria de Planejamento\Hackathon\TCU - documentos Contratação\ContratoTCU_CPSI_03-2024.pdf"
"F-DECIDIR/Assessoria de Planejamento","DECIDIR","CPSI-Habilitacao_e_Resultado_da_Selecao.pdf",".pdf","_A_DECIDIR\CPSI-Habilitacao_e_Resultado_da_Selecao.pdf","Fora da taxonomia da base legal","144953","C:\Users\thiagonogueira\OneDrive - mppi.mp.br\Assessoria de Planejamento\Hackathon\TCU - documentos Contratação\CPSI-Habilitacao_e_Resultado_da_Selecao.pdf"
"F-DECIDIR/Assessoria de Planejamento","DECIDIR","CPSI-idSisdoc_29824447v2-02-ResultadoExameInicial.pdf",".pdf","_A_DECIDIR\CPSI-idSisdoc_29824447v2-02-ResultadoExameInicial.pdf","Fora da taxonomia da base legal","103801","C:\Users\thiagonogueira\OneDrive - mppi.mp.br\Assessoria de Planejamento\Hackathon\TCU - documentos Contratação\CPSI-idSisdoc_29824447v2-02-ResultadoExameInicial.pdf"
"F-DECIDIR/Assessoria de Planejamento","DECIDIR","CPSI-idSisdoc_29824568v2-55ResultadoClassificacaoFinal-e-FaseJulgamento.pdf",".pdf","_A_DECIDIR\CPSI-idSisdoc_29824568v2-55ResultadoClassificacaoFinal-e-FaseJulgamento.pdf","Fora da taxonomia da base legal","109973","C:\Users\thiagonogueira\OneDrive - mppi.mp.br\Assessoria de Planejamento\Hackathon\TCU - documentos Contratação\CPSI-idSisdoc_29824568v2-55ResultadoClassificacaoFinal-e-FaseJulgamento.pdf"
"F-DECIDIR/Assessoria de Planejamento","DECIDIR","CPSI-RelatorioFaseNegociacao.pdf",".pdf","_A_DECIDIR\CPSI-RelatorioFaseNegociacao.pdf","Fora da taxonomia da base legal","100368","C:\Users\thiagonogueira\OneDrive - mppi.mp.br\Assessoria de Planejamento\Hackathon\TCU - documentos Contratação\CPSI-RelatorioFaseNegociacao.pdf"
"F-DECIDIR/Assessoria de Planejamento","DECIDIR","Edital%20001-2024%20CPSI%20publicado.pdf",".pdf","_A_DECIDIR\Edital%20001-2024%20CPSI%20publicado.pdf","Fora da taxonomia da base legal","1934866","C:\Users\thiagonogueira\OneDrive - mppi.mp.br\Assessoria de Planejamento\Hackathon\TCU - documentos Contratação\Edital%20001-2024%20CPSI%20publicado.pdf"
"F-DECIDIR/Assessoria de Planejamento","DECIDIR","Parecer%20juridico%20sobre%20os%20contratos%20negociados.pdf",".pdf","_A_DECIDIR\Parecer%20juridico%20sobre%20os%20contratos%20negociados.pdf","Fora da taxonomia da base legal","141977","C:\Users\thiagonogueira\OneDrive - mppi.mp.br\Assessoria de Planejamento\Hackathon\TCU - documentos Contratação\Parecer%20juridico%20sobre%20os%20contratos%20negociados.pdf"
"F-DECIDIR/Assessoria de Planejamento","DECIDIR","Resposta%20acatando%20as%20recomendacoes%20do%20parecer%20juridico%20sobre%20os%20contratos%20negociados.pdf",".pdf","_A_DECIDIR\Resposta%20acatando%20as%20recomendacoes%20do%20parecer%20juridico%20sobre%20os%20contratos%20negociados.pdf","Fora da taxonomia da base legal","442642","C:\Users\thiagonogueira\OneDrive - mppi.mp.br\Assessoria de Planejamento\Hackathon\TCU - documentos Contratação\Resposta%20acatando%20as%20recomendacoes%20do%20parecer%20juridico%20sobre%20os%20contratos%20negociados.pdf"
"F-DECIDIR/Assessoria de Planejamento","DECIDIR","Cristino Castro - Anexo I - TERMO DE REFERÊNCIA E DESCRIÇÃO DO DESAFIO.pdf",".pdf","_A_DECIDIR\Cristino Castro - Anexo I - TERMO DE REFERÊNCIA E DESCRIÇÃO DO DESAFIO.pdf","Fora da taxonomia da base legal","702182","C:\Users\thiagonogueira\OneDrive - mppi.mp.br\Assessoria de Planejamento\Hackathon\Termo de Referência\Cristino Castro - Anexo I - TERMO DE REFERÊNCIA E DESCRIÇÃO DO DESAFIO.pdf"
"F-DECIDIR/Assessoria de Planejamento","DECIDIR","TCU - Edital20CPSI%20publicado.pdf",".pdf","_A_DECIDIR\TCU - Edital20CPSI%20publicado.pdf","Fora da taxonomia da base legal","1934866","C:\Users\thiagonogueira\OneDrive - mppi.mp.br\Assessoria de Planejamento\Hackathon\Termo de Referência\TCU - Edital20CPSI%20publicado.pdf"
"F-DECIDIR/Assessoria de Planejamento","DECIDIR","Manual-de-Mapeamento-e-Melhoria-de-Processos-do-MPPI-1.pdf",".pdf","_A_DECIDIR\Manual-de-Mapeamento-e-Melhoria-de-Processos-do-MPPI-1.pdf","Fora da taxonomia da base legal","3485303","C:\Users\thiagonogueira\OneDrive - mppi.mp.br\Assessoria de Planejamento\Mapeamento de Processos\Manual-de-Mapeamento-e-Melhoria-de-Processos-do-MPPI-1.pdf"
"F-DECIDIR/Assessoria de Planejamento","DECIDIR","Orientacao-para-elaboracao-dos-POPs-e-Fluxogramas-1.pdf",".pdf","_A_DECIDIR\Orientacao-para-elaboracao-dos-POPs-e-Fluxogramas-1.pdf","Fora da taxonomia da base legal","137191","C:\Users\thiagonogueira\OneDrive - mppi.mp.br\Assessoria de Planejamento\Mapeamento de Processos\Orientacao-para-elaboracao-dos-POPs-e-Fluxogramas-1.pdf"
"F-DECIDIR/Cursos e Capacitações","DECIDIR","MANUAL_ZOOM_1.pdf",".pdf","_A_DECIDIR\MANUAL_ZOOM_1.pdf","Fora da taxonomia da base legal","725557","C:\Users\thiagonogueira\OneDrive - mppi.mp.br\Cursos e Capacitações\MANUAL_ZOOM_1.pdf"
"F-DECIDIR/Cursos e Capacitações","DECIDIR","Material. Curso . Professor Eduardo. DA ESPECIFICAÇÃO DO OBJETO AO ORÇAMENTO ESTIMADO.pdf",".pdf","_A_DECIDIR\Material. Curso . Professor Eduardo. DA ESPECIFICAÇÃO DO OBJETO AO ORÇAMENTO ESTIMADO.pdf","Fora da taxonomia da base legal","3185721","C:\Users\thiagonogueira\OneDrive - mppi.mp.br\Cursos e Capacitações\Material. Curso . Professor Eduardo. DA ESPECIFICAÇÃO DO OBJETO AO ORÇAMENTO ESTIMADO.pdf"
"F-DECIDIR/Cursos e Capacitações","DECIDIR","OL_TECNOLOGIAS-INOVADORAS-NAS-OBRAS-PÚBLICAS_HÁ-PEDRAS-NO-MEIO-DO-CAMINHO_Hamilton_Bonatto (1).pdf",".pdf","_A_DECIDIR\OL_TECNOLOGIAS-INOVADORAS-NAS-OBRAS-PÚBLICAS_HÁ-PEDRAS-NO-MEIO-DO-CAMINHO_Hamilton_Bonatto (1).pdf","Fora da taxonomia da base legal","409925","C:\Users\thiagonogueira\OneDrive - mppi.mp.br\Cursos e Capacitações\OL_TECNOLOGIAS-INOVADORAS-NAS-OBRAS-PÚBLICAS_HÁ-PEDRAS-NO-MEIO-DO-CAMINHO_Hamilton_Bonatto (1).pdf"
"F-DECIDIR/Cursos e Capacitações","DECIDIR","Plano de Curso Pós - Compuração bioinspirada.pdf",".pdf","_A_DECIDIR\Plano de Curso Pós - Compuração bioinspirada.pdf","Fora da taxonomia da base legal","156149","C:\Users\thiagonogueira\OneDrive - mppi.mp.br\Cursos e Capacitações\Plano de Curso Pós - Compuração bioinspirada.pdf"
"F-DECIDIR/Cursos e Capacitações","DECIDIR","Programação – expojud-25 – Even3.pdf",".pdf","_A_DECIDIR\Programação – expojud-25 – Even3.pdf","Fora da taxonomia da base legal","236238","C:\Users\thiagonogueira\OneDrive - mppi.mp.br\Cursos e Capacitações\Programação – expojud-25 – Even3.pdf"
"F-DECIDIR/Cursos e Capacitações","DECIDIR","5738 - Aula 1 - Papel do Arquiteto de Soluções e Pensamento Arquitetural.pdf",".pdf","_A_DECIDIR\5738 - Aula 1 - Papel do Arquiteto de Soluções e Pensamento Arquitetural.pdf","Fora da taxonomia da base legal","10260219","C:\Users\thiagonogueira\OneDrive - mppi.mp.br\Cursos e Capacitações\Alura\Arquitetura de Soluções papel do arquiteto e pensamento sistêmico\5738 - Aula 1 - Papel do Arquiteto de Soluções e Pensamento Arquitetural.pdf"
"F-DECIDIR/Cursos e Capacitações","DECIDIR","5738 - Aula 2 - A Arte do Trade-off.pdf",".pdf","_A_DECIDIR\5738 - Aula 2 - A Arte do Trade-off.pdf","Fora da taxonomia da base legal","5430450","C:\Users\thiagonogueira\OneDrive - mppi.mp.br\Cursos e Capacitações\Alura\Arquitetura de Soluções papel do arquiteto e pensamento sistêmico\5738 - Aula 2 - A Arte do Trade-off.pdf"
"F-DECIDIR/Cursos e Capacitações","DECIDIR","5738 - Aula 3 - Pensamento Sistêmico e Fluxos de Valor.pdf",".pdf","_A_DECIDIR\5738 - Aula 3 - Pensamento Sistêmico e Fluxos de Valor.pdf","Fora da taxonomia da base legal","4283418","C:\Users\thiagonogueira\OneDrive - mppi.mp.br\Cursos e Capacitações\Alura\Arquitetura de Soluções papel do arquiteto e pensamento sistêmico\5738 - Aula 3 - Pensamento Sistêmico e Fluxos de Valor.pdf"
"F-DECIDIR/Cursos e Capacitações","DECIDIR","5738 - Aula 4 - Pessoa Arquiteta Tradutora.pdf",".pdf","_A_DECIDIR\5738 - Aula 4 - Pessoa Arquiteta Tradutora.pdf","Fora da taxonomia da base legal","7000747","C:\Users\thiagonogueira\OneDrive - mppi.mp.br\Cursos e Capacitações\Alura\Arquitetura de Soluções papel do arquiteto e pensamento sistêmico\5738 - Aula 4 - Pessoa Arquiteta Tradutora.pdf"
"F-DECIDIR/Cursos e Capacitações","DECIDIR","5738 - Aula 5 - Expectativas de Mercado, Ética e Futuro com IA.pdf",".pdf","_A_DECIDIR\5738 - Aula 5 - Expectativas de Mercado, Ética e Futuro com IA.pdf","Fora da taxonomia da base legal","2970380","C:\Users\thiagonogueira\OneDrive - mppi.mp.br\Cursos e Capacitações\Alura\Arquitetura de Soluções papel do arquiteto e pensamento sistêmico\5738 - Aula 5 - Expectativas de Mercado, Ética e Futuro com IA.pdf"
"F-DECIDIR/Cursos e Capacitações","DECIDIR","Proposta Treinamentos 2024.pdf",".pdf","_A_DECIDIR\Proposta Treinamentos 2024.pdf","Fora da taxonomia da base legal","9552477","C:\Users\thiagonogueira\OneDrive - mppi.mp.br\Cursos e Capacitações\Bee Game\Proposta Treinamentos 2024.pdf"
"F-DECIDIR/Cursos e Capacitações","DECIDIR","PROPOSTA TREINAMENTO_21-10-2024_Desaprendizagem e inovação_compressed.pdf",".pdf","_A_DECIDIR\PROPOSTA TREINAMENTO_21-10-2024_Desaprendizagem e inovação_compressed.pdf","Fora da taxonomia da base legal","2079624","C:\Users\thiagonogueira\OneDrive - mppi.mp.br\Cursos e Capacitações\Bee Game\PROPOSTA TREINAMENTO_21-10-2024_Desaprendizagem e inovação_compressed.pdf"
"F-DECIDIR/Cursos e Capacitações","DECIDIR","1765300812429-814884570.pdf",".pdf","_A_DECIDIR\1765300812429-814884570.pdf","Fora da taxonomia da base legal","9559210","C:\Users\thiagonogueira\OneDrive - mppi.mp.br\Cursos e Capacitações\Curso Habilitação em Contratações\1765300812429-814884570.pdf"
"F-DECIDIR/Cursos e Capacitações","DECIDIR","1765978384830-847332613.pdf",".pdf","_A_DECIDIR\1765978384830-847332613.pdf","Fora da taxonomia da base legal","253124","C:\Users\thiagonogueira\OneDrive - mppi.mp.br\Cursos e Capacitações\Curso Habilitação em Contratações\1765978384830-847332613.pdf"
"F-DECIDIR/Cursos e Capacitações","DECIDIR","Dia 1 - Transcrição Tactiq.pdf",".pdf","_A_DECIDIR\Dia 1 - Transcrição Tactiq.pdf","Fora da taxonomia da base legal","224867","C:\Users\thiagonogueira\OneDrive - mppi.mp.br\Cursos e Capacitações\Curso Habilitação em Contratações\Dia 1 - Transcrição Tactiq.pdf"
"F-DECIDIR/Cursos e Capacitações","DECIDIR","Dia 3 - Meeting Transcription.pdf",".pdf","_A_DECIDIR\Dia 3 - Meeting Transcription.pdf","Fora da taxonomia da base legal","159676","C:\Users\thiagonogueira\OneDrive - mppi.mp.br\Cursos e Capacitações\Curso Habilitação em Contratações\Dia 3 - Meeting Transcription.pdf"
"F-DECIDIR/Cursos e Capacitações","DECIDIR","Dia 3 - Transcrição Tactiq.pdf",".pdf","_A_DECIDIR\Dia 3 - Transcrição Tactiq.pdf","Fora da taxonomia da base legal","289425","C:\Users\thiagonogueira\OneDrive - mppi.mp.br\Cursos e Capacitações\Curso Habilitação em Contratações\Dia 3 - Transcrição Tactiq.pdf"
"F-DECIDIR/Cursos e Capacitações","DECIDIR","Dia 4 - parte 1 - Meeting Transcription.pdf",".pdf","_A_DECIDIR\Dia 4 - parte 1 - Meeting Transcription.pdf","Fora da taxonomia da base legal","21465","C:\Users\thiagonogueira\OneDrive - mppi.mp.br\Cursos e Capacitações\Curso Habilitação em Contratações\Dia 4 - parte 1 - Meeting Transcription.pdf"
"F-DECIDIR/Cursos e Capacitações","DECIDIR","Dia 4 - parte 1.0 - Meeting Transcription.pdf",".pdf","_A_DECIDIR\Dia 4 - parte 1.0 - Meeting Transcription.pdf","Fora da taxonomia da base legal","14773","C:\Users\thiagonogueira\OneDrive - mppi.mp.br\Cursos e Capacitações\Curso Habilitação em Contratações\Dia 4 - parte 1.0 - Meeting Transcription.pdf"
"F-DECIDIR/Cursos e Capacitações","DECIDIR","Dia 4 - parte 2 - Meeting Transcription.pdf",".pdf","_A_DECIDIR\Dia 4 - parte 2 - Meeting Transcription.pdf","Fora da taxonomia da base legal","169658","C:\Users\thiagonogueira\OneDrive - mppi.mp.br\Cursos e Capacitações\Curso Habilitação em Contratações\Dia 4 - parte 2 - Meeting Transcription.pdf"
"F-DECIDIR/Cursos e Capacitações","DECIDIR","Roteiros_Fala_Escrita_Curso_Interno_MPPI.md",".md","_A_DECIDIR\Roteiros_Fala_Escrita_Curso_Interno_MPPI.md","Fora da taxonomia da base legal","31658","C:\Users\thiagonogueira\OneDrive - mppi.mp.br\Cursos e Capacitações\Curso Imersão em Contratações Diretas\Roteiros_Fala_Escrita_Curso_Interno_MPPI.md"
"F-DECIDIR/Cursos e Capacitações","DECIDIR","1.3 - transcricao-palestra-suzana-rossetti.md",".md","_A_DECIDIR\1.3 - transcricao-palestra-suzana-rossetti.md","Fora da taxonomia da base legal","33518","C:\Users\thiagonogueira\OneDrive - mppi.mp.br\Cursos e Capacitações\Curso Imersão em Contratações Diretas\Gravacoes\Transcrições\1.3 - transcricao-palestra-suzana-rossetti.md"
"F-DECIDIR/Cursos e Capacitações","DECIDIR","1.4 - transcricao-palestra-thiago-zagatto.md",".md","_A_DECIDIR\1.4 - transcricao-palestra-thiago-zagatto.md","Fora da taxonomia da base legal","24776","C:\Users\thiagonogueira\OneDrive - mppi.mp.br\Cursos e Capacitações\Curso Imersão em Contratações Diretas\Gravacoes\Transcrições\1.4 - transcricao-palestra-thiago-zagatto.md"
"F-DECIDIR/Cursos e Capacitações","DECIDIR","1.5 - roteiro-laboratorio-pratico-comprasgov.md",".md","_A_DECIDIR\1.5 - roteiro-laboratorio-pratico-comprasgov.md","Fora da taxonomia da base legal","18045","C:\Users\thiagonogueira\OneDrive - mppi.mp.br\Cursos e Capacitações\Curso Imersão em Contratações Diretas\Gravacoes\Transcrições\1.5 - roteiro-laboratorio-pratico-comprasgov.md"
"F-DECIDIR/Cursos e Capacitações","DECIDIR","2.1 - transcricao-palestra-rodrigo-junkes.md",".md","_A_DECIDIR\2.1 - transcricao-palestra-rodrigo-junkes.md","Fora da taxonomia da base legal","25147","C:\Users\thiagonogueira\OneDrive - mppi.mp.br\Cursos e Capacitações\Curso Imersão em Contratações Diretas\Gravacoes\Transcrições\2.1 - transcricao-palestra-rodrigo-junkes.md"
"F-DECIDIR/Cursos e Capacitações","DECIDIR","2.2 - transcricao-palestra-manuela-mello.md",".md","_A_DECIDIR\2.2 - transcricao-palestra-manuela-mello.md","Fora da taxonomia da base legal","28137","C:\Users\thiagonogueira\OneDrive - mppi.mp.br\Cursos e Capacitações\Curso Imersão em Contratações Diretas\Gravacoes\Transcrições\2.2 - transcricao-palestra-manuela-mello.md"
"F-DECIDIR/Cursos e Capacitações","DECIDIR","2.3 - transcricao-palestra-rodrigo-junkes-na-pratica-iv.md",".md","_A_DECIDIR\2.3 - transcricao-palestra-rodrigo-junkes-na-pratica-iv.md","Fora da taxonomia da base legal","14945","C:\Users\thiagonogueira\OneDrive - mppi.mp.br\Cursos e Capacitações\Curso Imersão em Contratações Diretas\Gravacoes\Transcrições\2.3 - transcricao-palestra-rodrigo-junkes-na-pratica-iv.md"
"F-DECIDIR/Cursos e Capacitações","DECIDIR","1.2 - Ponto_de_vista_I_Profa_Michelle_Marry.md",".md","_A_DECIDIR\1.2 - Ponto_de_vista_I_Profa_Michelle_Marry.md","Fora da taxonomia da base legal","17296","C:\Users\thiagonogueira\OneDrive - mppi.mp.br\Cursos e Capacitações\Curso Imersão em Contratações Diretas\Material Digitalizado\1.2 - Ponto_de_vista_I_Profa_Michelle_Marry.md"
"F-DECIDIR/Cursos e Capacitações","DECIDIR","1.3 - Ponto_de_vista_II_Profa_Suzana_Rossetti.md",".md","_A_DECIDIR\1.3 - Ponto_de_vista_II_Profa_Suzana_Rossetti.md","Fora da taxonomia da base legal","21990","C:\Users\thiagonogueira\OneDrive - mppi.mp.br\Cursos e Capacitações\Curso Imersão em Contratações Diretas\Material Digitalizado\1.3 - Ponto_de_vista_II_Profa_Suzana_Rossetti.md"
"F-DECIDIR/Cursos e Capacitações","DECIDIR","1.4 - Na_pratica_I.md",".md","_A_DECIDIR\1.4 - Na_pratica_I.md","Fora da taxonomia da base legal","45810","C:\Users\thiagonogueira\OneDrive - mppi.mp.br\Cursos e Capacitações\Curso Imersão em Contratações Diretas\Material Digitalizado\1.4 - Na_pratica_I.md"
"F-DECIDIR/Cursos e Capacitações","DECIDIR","2.1 - Na_pratica_II.md",".md","_A_DECIDIR\2.1 - Na_pratica_II.md","Fora da taxonomia da base legal","48052","C:\Users\thiagonogueira\OneDrive - mppi.mp.br\Cursos e Capacitações\Curso Imersão em Contratações Diretas\Material Digitalizado\2.1 - Na_pratica_II.md"
"F-DECIDIR/Cursos e Capacitações","DECIDIR","2.2 - Na_pratica_III_profa_manuela.md",".md","_A_DECIDIR\2.2 - Na_pratica_III_profa_manuela.md","Fora da taxonomia da base legal","46145","C:\Users\thiagonogueira\OneDrive - mppi.mp.br\Cursos e Capacitações\Curso Imersão em Contratações Diretas\Material Digitalizado\2.2 - Na_pratica_III_profa_manuela.md"
"F-DECIDIR/Cursos e Capacitações","DECIDIR","2.3 - Na_pratica_IV.md",".md","_A_DECIDIR\2.3 - Na_pratica_IV.md","Fora da taxonomia da base legal","26508","C:\Users\thiagonogueira\OneDrive - mppi.mp.br\Cursos e Capacitações\Curso Imersão em Contratações Diretas\Material Digitalizado\2.3 - Na_pratica_IV.md"
"F-DECIDIR/Cursos e Capacitações","DECIDIR","3.3 - Ponto_de_vista_III.md",".md","_A_DECIDIR\3.3 - Ponto_de_vista_III.md","Fora da taxonomia da base legal","60875","C:\Users\thiagonogueira\OneDrive - mppi.mp.br\Cursos e Capacitações\Curso Imersão em Contratações Diretas\Material Digitalizado\3.3 - Ponto_de_vista_III.md"
"F-DECIDIR/Cursos e Capacitações","DECIDIR","Aspectos gerais da nova lei de licitações e contratos 14.133.21.pdf",".pdf","_A_DECIDIR\Aspectos gerais da nova lei de licitações e contratos 14.133.21.pdf","Fora da taxonomia da base legal","1191825","C:\Users\thiagonogueira\OneDrive - mppi.mp.br\Cursos e Capacitações\Curso Pesquisa de Preços\Aspectos gerais da nova lei de licitações e contratos 14.133.21.pdf"
"F-DECIDIR/Cursos e Capacitações","DECIDIR","Curso Banco de Preços - Pesquisa de Preços.pdf",".pdf","_A_DECIDIR\Curso Banco de Preços - Pesquisa de Preços.pdf","Fora da taxonomia da base legal","8359382","C:\Users\thiagonogueira\OneDrive - mppi.mp.br\Cursos e Capacitações\Curso Pesquisa de Preços\Curso Banco de Preços - Pesquisa de Preços.pdf"
"F-DECIDIR/Cursos e Capacitações","DECIDIR","Curso Elaboração do Termo de Referência e Pesquisa de Preços nas Contratações Públicas - Parte 01.pdf",".pdf","_A_DECIDIR\Curso Elaboração do Termo de Referência e Pesquisa de Preços nas Contratações Públicas - Parte 01.pdf","Fora da taxonomia da base legal","581377","C:\Users\thiagonogueira\OneDrive - mppi.mp.br\Cursos e Capacitações\Curso Pesquisa de Preços\Curso Elaboração do Termo de Referência e Pesquisa de Preços nas Contratações Públicas - Parte 01.pdf"
"F-DECIDIR/Cursos e Capacitações","DECIDIR","Curso Elaboração do Termo de Referência e Pesquisa de Preços nas Contratações Públicas - Parte 02.pdf",".pdf","_A_DECIDIR\Curso Elaboração do Termo de Referência e Pesquisa de Preços nas Contratações Públicas - Parte 02.pdf","Fora da taxonomia da base legal","730938","C:\Users\thiagonogueira\OneDrive - mppi.mp.br\Cursos e Capacitações\Curso Pesquisa de Preços\Curso Elaboração do Termo de Referência e Pesquisa de Preços nas Contratações Públicas - Parte 02.pdf"
"F-DECIDIR/Cursos e Capacitações","DECIDIR","Pesquisa de Preços Nas contratações Publicas 3.pdf",".pdf","_A_DECIDIR\Pesquisa de Preços Nas contratações Publicas 3.pdf","Fora da taxonomia da base legal","1114986","C:\Users\thiagonogueira\OneDrive - mppi.mp.br\Cursos e Capacitações\Curso Pesquisa de Preços\Pesquisa de Preços Nas contratações Publicas 3.pdf"
"F-DECIDIR/Cursos e Capacitações","DECIDIR","Transcrição.pdf",".pdf","_A_DECIDIR\Transcrição.pdf","Fora da taxonomia da base legal","309259","C:\Users\thiagonogueira\OneDrive - mppi.mp.br\Cursos e Capacitações\Curso Pesquisa de Preços\Transcrição.pdf"
"F-DECIDIR/Cursos e Capacitações","DECIDIR","Roteiros_Videos_Curso_Contratacoes_Capacitacao.md",".md","_A_DECIDIR\Roteiros_Videos_Curso_Contratacoes_Capacitacao.md","Fora da taxonomia da base legal","67818","C:\Users\thiagonogueira\OneDrive - mppi.mp.br\Cursos e Capacitações\Curso Thiago - Contratações de Capacitação\Roteiros_Videos_Curso_Contratacoes_Capacitacao.md"
"F-DECIDIR/Cursos e Capacitações","DECIDIR","Roteiro_Teleprompter_Demo_Mockup.md",".md","_A_DECIDIR\Roteiro_Teleprompter_Demo_Mockup.md","Fora da taxonomia da base legal","3598","C:\Users\thiagonogueira\OneDrive - mppi.mp.br\Cursos e Capacitações\Curso Thiago - Contratações de Capacitação\Roteiro_Teleprompter_Demo_Mockup.md"
"F-DECIDIR/Cursos e Capacitações","DECIDIR","supersapiens.agu.gov.br_apps_validacao-assinatura_1832378363.pdf",".pdf","_A_DECIDIR\supersapiens.agu.gov.br_apps_validacao-assinatura_1832378363.pdf","Fora da taxonomia da base legal","421868","C:\Users\thiagonogueira\OneDrive - mppi.mp.br\Cursos e Capacitações\Curso Thiago - Contratações de Capacitação\supersapiens.agu.gov.br_apps_validacao-assinatura_1832378363.pdf"
"F-DECIDIR/Cursos e Capacitações","DECIDIR","Introduction to Gemini Enterprise v1.0.1 2.pdf",".pdf","_A_DECIDIR\Introduction to Gemini Enterprise v1.0.1 2.pdf","Fora da taxonomia da base legal","464428","C:\Users\thiagonogueira\OneDrive - mppi.mp.br\Cursos e Capacitações\Cursos Google\Governo\Introduction to Gemini Enterprise v1.0.1 2.pdf"
"F-DECIDIR/Cursos e Capacitações","DECIDIR","Introduction to Gemini Enterprise v1.0.1.pdf",".pdf","_A_DECIDIR\Introduction to Gemini Enterprise v1.0.1.pdf","Fora da taxonomia da base legal","383397","C:\Users\thiagonogueira\OneDrive - mppi.mp.br\Cursos e Capacitações\Cursos Google\Governo\Introduction to Gemini Enterprise v1.0.1.pdf"
"F-DECIDIR/02_Modelos_POPs_e_Roteiros","DECIDIR","Checklist de Dispensa de Licitacao (Modelo IPOG).md",".md","_A_DECIDIR\Checklist de Dispensa de Licitacao (Modelo IPOG).md","Fora da taxonomia da base legal","7541","C:\Users\thiagonogueira\OneDrive - mppi.mp.br\CLC\02_Modelos_POPs_e_Roteiros\Checklist de Dispensa de Licitacao (Modelo IPOG).md"
"F-DECIDIR/02_Modelos_POPs_e_Roteiros","DECIDIR","Checklist de Dispensa de Licitacao MPPI.md",".md","_A_DECIDIR\Checklist de Dispensa de Licitacao MPPI.md","Fora da taxonomia da base legal","7530","C:\Users\thiagonogueira\OneDrive - mppi.mp.br\CLC\02_Modelos_POPs_e_Roteiros\Checklist de Dispensa de Licitacao MPPI.md"
"F-DECIDIR/02_Modelos_POPs_e_Roteiros","DECIDIR","Compilacao de Legislacao de TIC nas Contratacoes Publicas.md",".md","_A_DECIDIR\Compilacao de Legislacao de TIC nas Contratacoes Publicas.md","Fora da taxonomia da base legal","5021","C:\Users\thiagonogueira\OneDrive - mppi.mp.br\CLC\02_Modelos_POPs_e_Roteiros\Compilacao de Legislacao de TIC nas Contratacoes Publicas.md"
"F-DECIDIR/02_Modelos_POPs_e_Roteiros","DECIDIR","Glossario de Mensagens Padronizadas - Sessao de Pregoes.md",".md","_A_DECIDIR\Glossario de Mensagens Padronizadas - Sessao de Pregoes.md","Fora da taxonomia da base legal","8808","C:\Users\thiagonogueira\OneDrive - mppi.mp.br\CLC\02_Modelos_POPs_e_Roteiros\Glossario de Mensagens Padronizadas - Sessao de Pregoes.md"
"F-DECIDIR/02_Modelos_POPs_e_Roteiros","DECIDIR","Guia_Prático_DFD_MPPI_(2).md",".md","_A_DECIDIR\Guia_Prático_DFD_MPPI_(2).md","Fora da taxonomia da base legal","6685","C:\Users\thiagonogueira\OneDrive - mppi.mp.br\CLC\02_Modelos_POPs_e_Roteiros\Guia_Prático_DFD_MPPI_(2).md"
"F-DECIDIR/02_Modelos_POPs_e_Roteiros","DECIDIR","Lista-–-Pequeno-Valor-–-servicos-e-compras-–-DOE.pdf",".pdf","_A_DECIDIR\Lista-–-Pequeno-Valor-–-servicos-e-compras-–-DOE.pdf","Fora da taxonomia da base legal","1301553","C:\Users\thiagonogueira\OneDrive - mppi.mp.br\CLC\02_Modelos_POPs_e_Roteiros\Lista-–-Pequeno-Valor-–-servicos-e-compras-–-DOE.pdf"
"F-DECIDIR/02_Modelos_POPs_e_Roteiros","DECIDIR","mpce Provimento011-2017.pdf",".pdf","_A_DECIDIR\mpce Provimento011-2017.pdf","Fora da taxonomia da base legal","1138779","C:\Users\thiagonogueira\OneDrive - mppi.mp.br\CLC\02_Modelos_POPs_e_Roteiros\mpce Provimento011-2017.pdf"
"F-DECIDIR/02_Modelos_POPs_e_Roteiros","DECIDIR","Nota Técnica 5-2024.pdf",".pdf","_A_DECIDIR\Nota Técnica 5-2024.pdf","Fora da taxonomia da base legal","329177","C:\Users\thiagonogueira\OneDrive - mppi.mp.br\CLC\02_Modelos_POPs_e_Roteiros\Nota Técnica 5-2024.pdf"
"F-DECIDIR/02_Modelos_POPs_e_Roteiros","DECIDIR","Oficio de Anulacao - Dispensa Eletronica 90005.2025.md",".md","_A_DECIDIR\Oficio de Anulacao - Dispensa Eletronica 90005.2025.md","Fora da taxonomia da base legal","8958","C:\Users\thiagonogueira\OneDrive - mppi.mp.br\CLC\02_Modelos_POPs_e_Roteiros\Oficio de Anulacao - Dispensa Eletronica 90005.2025.md"
"F-DECIDIR/02_Modelos_POPs_e_Roteiros","DECIDIR","Parecer AGU - Juntada Posterior de Documento que Deveria ter sido Juntado na Apresentação da Proposta.pdf",".pdf","_A_DECIDIR\Parecer AGU - Juntada Posterior de Documento que Deveria ter sido Juntado na Apresentação da Proposta.pdf","Fora da taxonomia da base legal","218118","C:\Users\thiagonogueira\OneDrive - mppi.mp.br\CLC\02_Modelos_POPs_e_Roteiros\Parecer AGU - Juntada Posterior de Documento que Deveria ter sido Juntado na Apresentação da Proposta.pdf"
"F-DECIDIR/02_Modelos_POPs_e_Roteiros","DECIDIR","POP - Contratacao por Inexigibilidade - Locacao de Imoveis.md",".md","_A_DECIDIR\POP - Contratacao por Inexigibilidade - Locacao de Imoveis.md","Fora da taxonomia da base legal","17851","C:\Users\thiagonogueira\OneDrive - mppi.mp.br\CLC\02_Modelos_POPs_e_Roteiros\POP - Contratacao por Inexigibilidade - Locacao de Imoveis.md"
"F-DECIDIR/02_Modelos_POPs_e_Roteiros","DECIDIR","POP - CONTRATAÇÃO POR DISPENSA DE LICITAÇÃO - Revisão Thiago.pdf",".pdf","_A_DECIDIR\POP - CONTRATAÇÃO POR DISPENSA DE LICITAÇÃO - Revisão Thiago.pdf","Fora da taxonomia da base legal","455393","C:\Users\thiagonogueira\OneDrive - mppi.mp.br\CLC\02_Modelos_POPs_e_Roteiros\POP - CONTRATAÇÃO POR DISPENSA DE LICITAÇÃO - Revisão Thiago.pdf"
"F-DECIDIR/02_Modelos_POPs_e_Roteiros","DECIDIR","Quesitos DFD.pdf",".pdf","_A_DECIDIR\Quesitos DFD.pdf","Fora da taxonomia da base legal","40765","C:\Users\thiagonogueira\OneDrive - mppi.mp.br\CLC\02_Modelos_POPs_e_Roteiros\Quesitos DFD.pdf"
"F-DECIDIR/02_Modelos_POPs_e_Roteiros","DECIDIR","Relatýrio_Avaliaýýo_Final_Pregýes Deficitýrios.pdf",".pdf","_A_DECIDIR\Relatýrio_Avaliaýýo_Final_Pregýes Deficitýrios.pdf","Fora da taxonomia da base legal","1468229","C:\Users\thiagonogueira\OneDrive - mppi.mp.br\CLC\02_Modelos_POPs_e_Roteiros\Relatýrio_Avaliaýýo_Final_Pregýes Deficitýrios.pdf"
"F-DECIDIR/02_Modelos_POPs_e_Roteiros","DECIDIR","resumo descritivo siafe-pi.pdf",".pdf","_A_DECIDIR\resumo descritivo siafe-pi.pdf","Fora da taxonomia da base legal","546872","C:\Users\thiagonogueira\OneDrive - mppi.mp.br\CLC\02_Modelos_POPs_e_Roteiros\resumo descritivo siafe-pi.pdf"
"F-DECIDIR/02_Modelos_POPs_e_Roteiros","DECIDIR","TCU Acórdão 1211-2021.pdf",".pdf","_A_DECIDIR\TCU Acórdão 1211-2021.pdf","Fora da taxonomia da base legal","270613","C:\Users\thiagonogueira\OneDrive - mppi.mp.br\CLC\02_Modelos_POPs_e_Roteiros\TCU Acórdão 1211-2021.pdf"
"F-DECIDIR/02_Modelos_POPs_e_Roteiros","DECIDIR","Despacho de Aprovacao - Nota Tecnica 05.2024.md",".md","_A_DECIDIR\Despacho de Aprovacao - Nota Tecnica 05.2024.md","Fora da taxonomia da base legal","5189","C:\Users\thiagonogueira\OneDrive - mppi.mp.br\CLC\02_Modelos_POPs_e_Roteiros\Normatização - Pequenas Compras\Despacho de Aprovacao - Nota Tecnica 05.2024.md"
"F-DECIDIR/02_Modelos_POPs_e_Roteiros","DECIDIR","Nota Tecnica 05.2024 - Normatizacao de Pequenas Compras.md",".md","_A_DECIDIR\Nota Tecnica 05.2024 - Normatizacao de Pequenas Compras.md","Fora da taxonomia da base legal","42773","C:\Users\thiagonogueira\OneDrive - mppi.mp.br\CLC\02_Modelos_POPs_e_Roteiros\Normatização - Pequenas Compras\Nota Tecnica 05.2024 - Normatizacao de Pequenas Compras.md"
"F-DECIDIR/02_Modelos_POPs_e_Roteiros","DECIDIR","Extrato Consolidado Setorial (11 setores).pdf",".pdf","_A_DECIDIR\Extrato Consolidado Setorial (11 setores).pdf","Fora da taxonomia da base legal","119615","C:\Users\thiagonogueira\OneDrive - mppi.mp.br\CLC\02_Modelos_POPs_e_Roteiros\PCA\Sistema PCA 2026\Relarórios\Extrato Consolidado Setorial (11 setores).pdf"
"F-DECIDIR/02_Modelos_POPs_e_Roteiros","DECIDIR","PCA 2026 - Versão 2.0 - MPPI.pdf",".pdf","_A_DECIDIR\PCA 2026 - Versão 2.0 - MPPI.pdf","Fora da taxonomia da base legal","5175184","C:\Users\thiagonogueira\OneDrive - mppi.mp.br\CLC\02_Modelos_POPs_e_Roteiros\PCA\Sistema PCA 2026\Relarórios\PCA 2026 - Versão 2.0 - MPPI.pdf"
"F-DECIDIR/02_Modelos_POPs_e_Roteiros","DECIDIR","Relatório de Riscos e Prazos (227 registros).pdf",".pdf","_A_DECIDIR\Relatório de Riscos e Prazos (227 registros).pdf","Fora da taxonomia da base legal","600103","C:\Users\thiagonogueira\OneDrive - mppi.mp.br\CLC\02_Modelos_POPs_e_Roteiros\PCA\Sistema PCA 2026\Relarórios\Relatório de Riscos e Prazos (227 registros).pdf"
"F-DECIDIR/02_Modelos_POPs_e_Roteiros","DECIDIR","Relatório Gerencial — Base Completa (494 registros).pdf",".pdf","_A_DECIDIR\Relatório Gerencial — Base Completa (494 registros).pdf","Fora da taxonomia da base legal","2458818","C:\Users\thiagonogueira\OneDrive - mppi.mp.br\CLC\02_Modelos_POPs_e_Roteiros\PCA\Sistema PCA 2026\Relarórios\Relatório Gerencial — Base Completa (494 registros).pdf"
"F-DECIDIR/02_Modelos_POPs_e_Roteiros","DECIDIR","Relação de Demandas Suspensas e Retidas (179 registros).pdf",".pdf","_A_DECIDIR\Relação de Demandas Suspensas e Retidas (179 registros).pdf","Fora da taxonomia da base legal","622527","C:\Users\thiagonogueira\OneDrive - mppi.mp.br\CLC\02_Modelos_POPs_e_Roteiros\PCA\Sistema PCA 2026\Relarórios\Relação de Demandas Suspensas e Retidas (179 registros).pdf"
"F-DECIDIR/02_Modelos_POPs_e_Roteiros","DECIDIR","comparativo_mpce_tjpi.md",".md","_A_DECIDIR\comparativo_mpce_tjpi.md","Fora da taxonomia da base legal","5034","C:\Users\thiagonogueira\OneDrive - mppi.mp.br\CLC\02_Modelos_POPs_e_Roteiros\Proposta_pagina_contratos_MPPI\comparativo_mpce_tjpi.md"
"F-DECIDIR/02_Modelos_POPs_e_Roteiros","DECIDIR","DIRETRIZES_DO_PROJETO.md",".md","_A_DECIDIR\DIRETRIZES_DO_PROJETO.md","Fora da taxonomia da base legal","13740","C:\Users\thiagonogueira\OneDrive - mppi.mp.br\CLC\02_Modelos_POPs_e_Roteiros\Proposta_pagina_contratos_MPPI\DIRETRIZES_DO_PROJETO.md"
"F-DECIDIR/02_Modelos_POPs_e_Roteiros","DECIDIR","POP - Contratacao por Ata de Registro de Precos Propria - Revisao Thiago.md",".md","_A_DECIDIR\POP - Contratacao por Ata de Registro de Precos Propria - Revisao Thiago.md","Fora da taxonomia da base legal","11861","C:\Users\thiagonogueira\OneDrive - mppi.mp.br\CLC\02_Modelos_POPs_e_Roteiros\Revisão de POP's\POP - Contratacao por Ata de Registro de Precos Propria - Revisao Thiago.md"
"F-DECIDIR/02_Modelos_POPs_e_Roteiros","DECIDIR","POP - Contratacao por Dispensa de Licitacao - Revisao Thiago.md",".md","_A_DECIDIR\POP - Contratacao por Dispensa de Licitacao - Revisao Thiago.md","Fora da taxonomia da base legal","19587","C:\Users\thiagonogueira\OneDrive - mppi.mp.br\CLC\02_Modelos_POPs_e_Roteiros\Revisão de POP's\POP - Contratacao por Dispensa de Licitacao - Revisao Thiago.md"
"F-DECIDIR/02_Modelos_POPs_e_Roteiros","DECIDIR","Roteiro - Dispensa sem Disputa.md",".md","_A_DECIDIR\Roteiro - Dispensa sem Disputa.md","Fora da taxonomia da base legal","3233","C:\Users\thiagonogueira\OneDrive - mppi.mp.br\CLC\02_Modelos_POPs_e_Roteiros\Roteiros - Checkbox\Roteiro - Dispensa sem Disputa.md"
"F-DECIDIR/02_Modelos_POPs_e_Roteiros","DECIDIR","Roteiro - Inexigibilidade.md",".md","_A_DECIDIR\Roteiro - Inexigibilidade.md","Fora da taxonomia da base legal","3107","C:\Users\thiagonogueira\OneDrive - mppi.mp.br\CLC\02_Modelos_POPs_e_Roteiros\Roteiros - Checkbox\Roteiro - Inexigibilidade.md"
"F-DECIDIR/02_Modelos_POPs_e_Roteiros","DECIDIR","Roteiro Checkbox - Contratação ARP.md",".md","_A_DECIDIR\Roteiro Checkbox - Contratação ARP.md","Fora da taxonomia da base legal","732","C:\Users\thiagonogueira\OneDrive - mppi.mp.br\CLC\02_Modelos_POPs_e_Roteiros\Roteiros - Checkbox\Roteiro Checkbox - Contratação ARP.md"
"F-DECIDIR/02_Modelos_POPs_e_Roteiros","DECIDIR","Roteiro Checkbox - Dispensa Eletrônica.md",".md","_A_DECIDIR\Roteiro Checkbox - Dispensa Eletrônica.md","Fora da taxonomia da base legal","1489","C:\Users\thiagonogueira\OneDrive - mppi.mp.br\CLC\02_Modelos_POPs_e_Roteiros\Roteiros - Checkbox\Roteiro Checkbox - Dispensa Eletrônica.md"
"F-DECIDIR/02_Modelos_POPs_e_Roteiros","DECIDIR","Roteiro Dispensa.md",".md","_A_DECIDIR\Roteiro Dispensa.md","Fora da taxonomia da base legal","913","C:\Users\thiagonogueira\OneDrive - mppi.mp.br\CLC\02_Modelos_POPs_e_Roteiros\Roteiros - Checkbox\Roteiro Dispensa.md"
"F-DECIDIR/02_Modelos_POPs_e_Roteiros","DECIDIR","Roteiro Liberação ATA.md",".md","_A_DECIDIR\Roteiro Liberação ATA.md","Fora da taxonomia da base legal","863","C:\Users\thiagonogueira\OneDrive - mppi.mp.br\CLC\02_Modelos_POPs_e_Roteiros\Roteiros - Checkbox\Roteiro Liberação ATA.md"
"F-DECIDIR/02_Modelos_POPs_e_Roteiros","DECIDIR","Roteiro para adesão ARP.md",".md","_A_DECIDIR\Roteiro para adesão ARP.md","Fora da taxonomia da base legal","521","C:\Users\thiagonogueira\OneDrive - mppi.mp.br\CLC\02_Modelos_POPs_e_Roteiros\Roteiros - Checkbox\Roteiro para adesão ARP.md"
"F-DECIDIR/02_Modelos_POPs_e_Roteiros","DECIDIR","Publicacao de Contrato - Site MPPI.md",".md","_A_DECIDIR\Publicacao de Contrato - Site MPPI.md","Fora da taxonomia da base legal","1379","C:\Users\thiagonogueira\OneDrive - mppi.mp.br\CLC\02_Modelos_POPs_e_Roteiros\Roteiros - Publicações\Publicacao de Contrato - Site MPPI.md"
"F-DECIDIR/02_Modelos_POPs_e_Roteiros","DECIDIR","Diagnostico Matriz Notas TAPP Dispensa.md",".md","_A_DECIDIR\Diagnostico Matriz Notas TAPP Dispensa.md","Fora da taxonomia da base legal","30339","C:\Users\thiagonogueira\OneDrive - mppi.mp.br\CLC\02_Modelos_POPs_e_Roteiros\TAPP Dispensa\Diagnostico Matriz Notas TAPP Dispensa.md"
"F-DECIDIR/02_Modelos_POPs_e_Roteiros","DECIDIR","Nota_Tecnica_Revisao_TAPP-D.md",".md","_A_DECIDIR\Nota_Tecnica_Revisao_TAPP-D.md","Fora da taxonomia da base legal","15908","C:\Users\thiagonogueira\OneDrive - mppi.mp.br\CLC\02_Modelos_POPs_e_Roteiros\TAPP Dispensa\Nota_Tecnica_Revisao_TAPP-D.md"
"F-DECIDIR/02_Modelos_POPs_e_Roteiros","DECIDIR","TAPP-D_Minuta_Dispensa_Art75_I_II.md",".md","_A_DECIDIR\TAPP-D_Minuta_Dispensa_Art75_I_II.md","Fora da taxonomia da base legal","24040","C:\Users\thiagonogueira\OneDrive - mppi.mp.br\CLC\02_Modelos_POPs_e_Roteiros\TAPP Dispensa\TAPP-D_Minuta_Dispensa_Art75_I_II.md"
"F-DECIDIR/02_Modelos_POPs_e_Roteiros","DECIDIR","TAPP-D_Minuta_Revisada_v2.md",".md","_A_DECIDIR\TAPP-D_Minuta_Revisada_v2.md","Fora da taxonomia da base legal","31170","C:\Users\thiagonogueira\OneDrive - mppi.mp.br\CLC\02_Modelos_POPs_e_Roteiros\TAPP Dispensa\TAPP-D_Minuta_Revisada_v2.md"
"F-DECIDIR/02_Modelos_POPs_e_Roteiros","DECIDIR","TAPP-D_Minuta_Revisada_v3.md",".md","_A_DECIDIR\TAPP-D_Minuta_Revisada_v3.md","Fora da taxonomia da base legal","31334","C:\Users\thiagonogueira\OneDrive - mppi.mp.br\CLC\02_Modelos_POPs_e_Roteiros\TAPP Dispensa\TAPP-D_Minuta_Revisada_v3.md"
"F-DECIDIR/02_Modelos_POPs_e_Roteiros","DECIDIR","TAPPC ASSCOMPRAS - Modelo Thiago.md",".md","_A_DECIDIR\TAPPC ASSCOMPRAS - Modelo Thiago.md","Fora da taxonomia da base legal","15423","C:\Users\thiagonogueira\OneDrive - mppi.mp.br\CLC\02_Modelos_POPs_e_Roteiros\TAPP Dispensa\TAPPC ASSCOMPRAS - Modelo Thiago.md"
"F-DECIDIR/02_Modelos_POPs_e_Roteiros","DECIDIR","TAPPC ASSCOMPRAS - Termo Padrao.md",".md","_A_DECIDIR\TAPPC ASSCOMPRAS - Termo Padrao.md","Fora da taxonomia da base legal","15432","C:\Users\thiagonogueira\OneDrive - mppi.mp.br\CLC\02_Modelos_POPs_e_Roteiros\TAPP Dispensa\TAPPC ASSCOMPRAS - Termo Padrao.md"
"F-DECIDIR/02_Modelos_POPs_e_Roteiros","DECIDIR","TAPPC ASSGERLICT - Adaptacao Thiago.md",".md","_A_DECIDIR\TAPPC ASSGERLICT - Adaptacao Thiago.md","Fora da taxonomia da base legal","14662","C:\Users\thiagonogueira\OneDrive - mppi.mp.br\CLC\02_Modelos_POPs_e_Roteiros\TAPP Dispensa\TAPPC ASSGERLICT - Adaptacao Thiago.md"
"F-DECIDIR/03_IA_e_Automacao","DECIDIR","Roteiro_Analise_Pasta_CLC_Scripts_Artefatos.md",".md","_A_DECIDIR\Roteiro_Analise_Pasta_CLC_Scripts_Artefatos.md","Fora da taxonomia da base legal","41309","C:\Users\thiagonogueira\OneDrive - mppi.mp.br\CLC\03_IA_e_Automacao\Roteiro_Analise_Pasta_CLC_Scripts_Artefatos.md"
"F-DECIDIR/03_IA_e_Automacao","DECIDIR","Guia_Instalacao_n8n.md",".md","_A_DECIDIR\Guia_Instalacao_n8n.md","Fora da taxonomia da base legal","3969","C:\Users\thiagonogueira\OneDrive - mppi.mp.br\CLC\03_IA_e_Automacao\Automacao\Guia_Instalacao_n8n.md"
"F-DECIDIR/03_IA_e_Automacao","DECIDIR","Projeto de Automacao de Processos com n8n - Assessoria de Compras.md",".md","_A_DECIDIR\Projeto de Automacao de Processos com n8n - Assessoria de Compras.md","Fora da taxonomia da base legal","9079","C:\Users\thiagonogueira\OneDrive - mppi.mp.br\CLC\03_IA_e_Automacao\Automacao\Projeto de Automacao de Processos com n8n - Assessoria de Compras.md"
"F-DECIDIR/03_IA_e_Automacao","DECIDIR","SEI - Relatório de Atividade na Unidade.pdf",".pdf","_A_DECIDIR\SEI - Relatório de Atividade na Unidade.pdf","Fora da taxonomia da base legal","163388","C:\Users\thiagonogueira\OneDrive - mppi.mp.br\CLC\03_IA_e_Automacao\Automacao\SEI - Relatório de Atividade na Unidade.pdf"
"F-DECIDIR/03_IA_e_Automacao","DECIDIR","Prompt_Agente_de_Contratacao.md",".md","_A_DECIDIR\Prompt_Agente_de_Contratacao.md","Fora da taxonomia da base legal","2472","C:\Users\thiagonogueira\OneDrive - mppi.mp.br\CLC\03_IA_e_Automacao\Automacao\05_Templates\Prompt_Agente_de_Contratacao.md"
"F-DECIDIR/03_IA_e_Automacao","DECIDIR","Apresentação e Descrição do Cenário.md",".md","_A_DECIDIR\Apresentação e Descrição do Cenário.md","Fora da taxonomia da base legal","2762","C:\Users\thiagonogueira\OneDrive - mppi.mp.br\CLC\03_IA_e_Automacao\Banco de Prompts\Apresentação e Descrição do Cenário.md"
"F-DECIDIR/03_IA_e_Automacao","DECIDIR","Prompt Revisor - Análise TR - Quesitos Por Artigo.md",".md","_A_DECIDIR\Prompt Revisor - Análise TR - Quesitos Por Artigo.md","Fora da taxonomia da base legal","19893","C:\Users\thiagonogueira\OneDrive - mppi.mp.br\CLC\03_IA_e_Automacao\Banco de Prompts\Prompt Revisor - Análise TR - Quesitos Por Artigo.md"
"F-DECIDIR/03_IA_e_Automacao","DECIDIR","Prompt Revisor para Análise do DFD.md",".md","_A_DECIDIR\Prompt Revisor para Análise do DFD.md","Fora da taxonomia da base legal","4514","C:\Users\thiagonogueira\OneDrive - mppi.mp.br\CLC\03_IA_e_Automacao\Banco de Prompts\Prompt Revisor para Análise do DFD.md"
"F-DECIDIR/03_IA_e_Automacao","DECIDIR","Prompt Revisor para Análise do ETP.md",".md","_A_DECIDIR\Prompt Revisor para Análise do ETP.md","Fora da taxonomia da base legal","17937","C:\Users\thiagonogueira\OneDrive - mppi.mp.br\CLC\03_IA_e_Automacao\Banco de Prompts\Prompt Revisor para Análise do ETP.md"
"F-DECIDIR/03_IA_e_Automacao","DECIDIR","Prompt Revisor para Análise do TR.md",".md","_A_DECIDIR\Prompt Revisor para Análise do TR.md","Fora da taxonomia da base legal","17094","C:\Users\thiagonogueira\OneDrive - mppi.mp.br\CLC\03_IA_e_Automacao\Banco de Prompts\Prompt Revisor para Análise do TR.md"
"F-DECIDIR/03_IA_e_Automacao","DECIDIR","Prompts - Notebook LM.md",".md","_A_DECIDIR\Prompts - Notebook LM.md","Fora da taxonomia da base legal","1163","C:\Users\thiagonogueira\OneDrive - mppi.mp.br\CLC\03_IA_e_Automacao\Banco de Prompts\Prompts - Notebook LM.md"
"F-DECIDIR/03_IA_e_Automacao","DECIDIR","Prompts contratação direta.md",".md","_A_DECIDIR\Prompts contratação direta.md","Fora da taxonomia da base legal","5191","C:\Users\thiagonogueira\OneDrive - mppi.mp.br\CLC\03_IA_e_Automacao\Banco de Prompts\Prompts contratação direta.md"
"F-DECIDIR/03_IA_e_Automacao","DECIDIR","TAPP.pdf",".pdf","_A_DECIDIR\TAPP.pdf","Fora da taxonomia da base legal","134848","C:\Users\thiagonogueira\OneDrive - mppi.mp.br\CLC\03_IA_e_Automacao\Banco de Prompts\TAPP.pdf"
"F-DECIDIR/03_IA_e_Automacao","DECIDIR","Temporário.md",".md","_A_DECIDIR\Temporário.md","Fora da taxonomia da base legal","7979","C:\Users\thiagonogueira\OneDrive - mppi.mp.br\CLC\03_IA_e_Automacao\Banco de Prompts\Temporário.md"
"F-DECIDIR/03_IA_e_Automacao","DECIDIR","SKILL.md",".md","_A_DECIDIR\SKILL.md","Fora da taxonomia da base legal","15238","C:\Users\thiagonogueira\OneDrive - mppi.mp.br\CLC\03_IA_e_Automacao\Claude - Análises\SKILL.md"
"F-DECIDIR/03_IA_e_Automacao","DECIDIR","Análise - Downloads para Pastas de Processos.md",".md","_A_DECIDIR\Análise - Downloads para Pastas de Processos.md","Fora da taxonomia da base legal","8920","C:\Users\thiagonogueira\OneDrive - mppi.mp.br\CLC\03_IA_e_Automacao\Claude outputs\Análise - Downloads para Pastas de Processos.md"
"F-DECIDIR/03_IA_e_Automacao","DECIDIR","mini_projeto_central_normativos_clc.md",".md","_A_DECIDIR\mini_projeto_central_normativos_clc.md","Fora da taxonomia da base legal","12584","C:\Users\thiagonogueira\OneDrive - mppi.mp.br\CLC\03_IA_e_Automacao\Claude outputs\mini_projeto_central_normativos_clc.md"
"F-DECIDIR/Projetos","DECIDIR","Versão 2 _ SINCIN.pdf",".pdf","_A_DECIDIR\Versão 2 _ SINCIN.pdf","Fora da taxonomia da base legal","1439664","C:\Users\thiagonogueira\OneDrive - mppi.mp.br\Projetos\Versão 2 _ SINCIN.pdf"
"F-DECIDIR/Projetos","DECIDIR","MANUAL-DE-IDENTIDADE-VISUAL-MPPI.pdf",".pdf","_A_DECIDIR\MANUAL-DE-IDENTIDADE-VISUAL-MPPI.pdf","Fora da taxonomia da base legal","6346349","C:\Users\thiagonogueira\OneDrive - mppi.mp.br\Projetos\Projeto Painel ARP's\MANUAL-DE-IDENTIDADE-VISUAL-MPPI.pdf"
"F-DECIDIR/Projetos","DECIDIR","APRESENTAÇÃO NOVA.pdf",".pdf","_A_DECIDIR\APRESENTAÇÃO NOVA.pdf","Fora da taxonomia da base legal","675940","C:\Users\thiagonogueira\OneDrive - mppi.mp.br\Projetos\Projeto Sistema de Licitações\APRESENTAÇÃO NOVA.pdf"
"F-DECIDIR/Projetos","DECIDIR","Perguntas Compiladas.pdf",".pdf","_A_DECIDIR\Perguntas Compiladas.pdf","Fora da taxonomia da base legal","3866196","C:\Users\thiagonogueira\OneDrive - mppi.mp.br\Projetos\SINCIN\Perguntas Compiladas.pdf"
"F-DECIDIR/Projetos","DECIDIR","SEI_1064586_Termo_de_Referencia.pdf",".pdf","_A_DECIDIR\SEI_1064586_Termo_de_Referencia.pdf","Fora da taxonomia da base legal","157079","C:\Users\thiagonogueira\OneDrive - mppi.mp.br\Projetos\SINCIN\SEI_1064586_Termo_de_Referencia.pdf"
"F-DECIDIR/Projetos","DECIDIR","Versão 1 _ SINCIN (2).pdf",".pdf","_A_DECIDIR\Versão 1 _ SINCIN (2).pdf","Fora da taxonomia da base legal","638123","C:\Users\thiagonogueira\OneDrive - mppi.mp.br\Projetos\SINCIN\Versão 1 _ SINCIN (2).pdf"
"F-DECIDIR/Projetos","DECIDIR","Versão 1 _ SINCIN (3).pdf",".pdf","_A_DECIDIR\Versão 1 _ SINCIN (3).pdf","Fora da taxonomia da base legal","101064","C:\Users\thiagonogueira\OneDrive - mppi.mp.br\Projetos\SINCIN\Versão 1 _ SINCIN (3).pdf"
"F-DECIDIR/Projetos","DECIDIR","Versão 1 _ SINCIN 1.pdf",".pdf","_A_DECIDIR\Versão 1 _ SINCIN 1.pdf","Fora da taxonomia da base legal","1508780","C:\Users\thiagonogueira\OneDrive - mppi.mp.br\Projetos\SINCIN\Versão 1 _ SINCIN 1.pdf"
"F-DECIDIR/Projetos","DECIDIR","Versão 1 _ SINCIN 19.05.2025.pdf",".pdf","_A_DECIDIR\Versão 1 _ SINCIN 19.05.2025.pdf","Fora da taxonomia da base legal","1485718","C:\Users\thiagonogueira\OneDrive - mppi.mp.br\Projetos\SINCIN\Versão 1 _ SINCIN 19.05.2025.pdf"
"F-DECIDIR/Projetos","DECIDIR","Versão 1 _ SINCIN 2.pdf",".pdf","_A_DECIDIR\Versão 1 _ SINCIN 2.pdf","Fora da taxonomia da base legal","475768","C:\Users\thiagonogueira\OneDrive - mppi.mp.br\Projetos\SINCIN\Versão 1 _ SINCIN 2.pdf"
"F-DECIDIR/Projetos","DECIDIR","Versão 1 _ SINCIN 25.04.pdf",".pdf","_A_DECIDIR\Versão 1 _ SINCIN 25.04.pdf","Fora da taxonomia da base legal","1484953","C:\Users\thiagonogueira\OneDrive - mppi.mp.br\Projetos\SINCIN\Versão 1 _ SINCIN 25.04.pdf"
"F-DECIDIR/Projetos","DECIDIR","Versão 1 _ SINCIN 3.pdf",".pdf","_A_DECIDIR\Versão 1 _ SINCIN 3.pdf","Fora da taxonomia da base legal","1576779","C:\Users\thiagonogueira\OneDrive - mppi.mp.br\Projetos\SINCIN\Versão 1 _ SINCIN 3.pdf"
"F-DECIDIR/Projetos","DECIDIR","Versão 1 _ SINCIN 4.pdf",".pdf","_A_DECIDIR\Versão 1 _ SINCIN 4.pdf","Fora da taxonomia da base legal","748065","C:\Users\thiagonogueira\OneDrive - mppi.mp.br\Projetos\SINCIN\Versão 1 _ SINCIN 4.pdf"
"F-DECIDIR/Projetos","DECIDIR","Versão 1 _ SINCIN.pdf",".pdf","_A_DECIDIR\Versão 1 _ SINCIN.pdf","Fora da taxonomia da base legal","1508780","C:\Users\thiagonogueira\OneDrive - mppi.mp.br\Projetos\SINCIN\Versão 1 _ SINCIN.pdf"
"F-DECIDIR/Documentos Thiago MPPI","DECIDIR","Editor_ Ofício 0884093 - Solução para extração avançada e análise de dados a partir de plataformas eletrônicas portáteis _ SEI - Processo 19.21.0790.0035268_2024-80.pdf",".pdf","_A_DECIDIR\Editor_ Ofício 0884093 - Solução para extração avançada e análise de dados a partir de plataformas eletrônicas portáteis _ SEI - Processo 19.21.0790.0035268_2024-80.pdf","Fora da taxonomia da base legal","201747","C:\Users\thiagonogueira\OneDrive - mppi.mp.br\Documentos Thiago MPPI\Editor_ Ofício 0884093 - Solução para extração avançada e análise de dados a partir de plataformas eletrônicas portáteis _ SEI - Processo 19.21.0790.0035268_2024-80.pdf"
"F-DECIDIR/Documentos Thiago MPPI","DECIDIR","Organograma MPPE.pdf",".pdf","_A_DECIDIR\Organograma MPPE.pdf","Fora da taxonomia da base legal","43832","C:\Users\thiagonogueira\OneDrive - mppi.mp.br\Documentos Thiago MPPI\Organograma MPPE.pdf"
"F-DECIDIR/Documentos Thiago MPPI","DECIDIR","resultado_179_reunio_cofiex.pdf",".pdf","_A_DECIDIR\resultado_179_reunio_cofiex.pdf","Fora da taxonomia da base legal","82930","C:\Users\thiagonogueira\OneDrive - mppi.mp.br\Documentos Thiago MPPI\resultado_179_reunio_cofiex.pdf"
"F-DECIDIR/Documentos Thiago MPPI","DECIDIR","SEI_19.21.0720.0016364_2025_54.pdf",".pdf","_A_DECIDIR\SEI_19.21.0720.0016364_2025_54.pdf","Fora da taxonomia da base legal","97353","C:\Users\thiagonogueira\OneDrive - mppi.mp.br\Documentos Thiago MPPI\SEI_19.21.0720.0016364_2025_54.pdf"
"F-DECIDIR/Documentos Thiago MPPI","DECIDIR","Edital Concurso de Remoção.pdf",".pdf","_A_DECIDIR\Edital Concurso de Remoção.pdf","Fora da taxonomia da base legal","55339","C:\Users\thiagonogueira\OneDrive - mppi.mp.br\Documentos Thiago MPPI\Concurso Thiago\Edital Concurso de Remoção.pdf"
"F-DECIDIR/Documentos Thiago MPPI","DECIDIR","ED_3_2011_MPEPI___RES_FIN_PROVA_OBJET_E_RES_PROV_PROVA_DISCURS.PDF",".pdf","_A_DECIDIR\ED_3_2011_MPEPI___RES_FIN_PROVA_OBJET_E_RES_PROV_PROVA_DISCURS.PDF","Fora da taxonomia da base legal","184993","C:\Users\thiagonogueira\OneDrive - mppi.mp.br\Documentos Thiago MPPI\Concurso Thiago\ED_3_2011_MPEPI___RES_FIN_PROVA_OBJET_E_RES_PROV_PROVA_DISCURS.PDF"
"F-DECIDIR/_Triagem","DECIDIR","lk0UpEi1XyyBlnGNDAFAzDIMqGNcmXIlbImv1V1k.pdf",".pdf","_A_DECIDIR\lk0UpEi1XyyBlnGNDAFAzDIMqGNcmXIlbImv1V1k.pdf","Fora da taxonomia da base legal","99005","C:\Users\thiagonogueira\OneDrive - mppi.mp.br\_Triagem\lk0UpEi1XyyBlnGNDAFAzDIMqGNcmXIlbImv1V1k.pdf"
"F-DECIDIR/_Triagem","DECIDIR","NJ3JOCefSq0Xov2P7dkBFWqt3X616oRbeEfEoFIw.pdf",".pdf","_A_DECIDIR\NJ3JOCefSq0Xov2P7dkBFWqt3X616oRbeEfEoFIw.pdf","Fora da taxonomia da base legal","174679","C:\Users\thiagonogueira\OneDrive - mppi.mp.br\_Triagem\NJ3JOCefSq0Xov2P7dkBFWqt3X616oRbeEfEoFIw.pdf"
"F-DECIDIR/_Triagem","DECIDIR","Relatorio219665.pdf",".pdf","_A_DECIDIR\Relatorio219665.pdf","Fora da taxonomia da base legal","201227","C:\Users\thiagonogueira\OneDrive - mppi.mp.br\_Triagem\Relatorio219665.pdf"
"G-MESTRA/reorganizar_por_tipo","REORGANIZAR","Acórdão TCU nº 547-2026 - Plenário - Auditoria SRP e PNCP.md",".md","01_Normativos_Vigentes\01_Federal\Acordaos_Pareceres_Orientacoes\Acórdão TCU nº 547-2026 - Plenário - Auditoria SRP e PNCP.md","","185800","C:\Users\thiagonogueira\OneDrive - mppi.mp.br\CLC\01_Processos_e_Aquisicoes\Base de Conhecimento - Thiago\01_Normativos_Vigentes\01_Federal\Acórdão TCU nº 547-2026 - Plenário - Auditoria SRP e PNCP.md"
"G-MESTRA/reorganizar_por_tipo","CONFLITO_NOME","Federal -  CF - 88.md",".md","01_Normativos_Vigentes\01_Federal\Constituicao\Federal -  CF - 88.md","Já existe arquivo diferente com o mesmo nome no destino; renomear","921913","C:\Users\thiagonogueira\OneDrive - mppi.mp.br\CLC\01_Processos_e_Aquisicoes\Base de Conhecimento - Thiago\01_Normativos_Vigentes\01_Federal\Federal -  CF - 88.md"
"G-MESTRA/reorganizar_por_tipo","REORGANIZAR","Federal - Acordao TCU 2037.2019 Plenario - Governanca de Contratacoes.md",".md","01_Normativos_Vigentes\01_Federal\Acordaos_Pareceres_Orientacoes\Federal - Acordao TCU 2037.2019 Plenario - Governanca de Contratacoes.md","","250502","C:\Users\thiagonogueira\OneDrive - mppi.mp.br\CLC\01_Processos_e_Aquisicoes\Base de Conhecimento - Thiago\01_Normativos_Vigentes\01_Federal\Federal - Acordao TCU 2037.2019 Plenario - Governanca de Contratacoes.md"
"G-MESTRA/reorganizar_por_tipo","REORGANIZAR","Federal - Decreto Federal 10818 - Bens Comuns e de Luxo.md",".md","01_Normativos_Vigentes\01_Federal\Decretos\Federal - Decreto Federal 10818 - Bens Comuns e de Luxo.md","","5253","C:\Users\thiagonogueira\OneDrive - mppi.mp.br\CLC\01_Processos_e_Aquisicoes\Base de Conhecimento - Thiago\01_Normativos_Vigentes\01_Federal\Federal - Decreto Federal 10818 - Bens Comuns e de Luxo.md"
"G-MESTRA/reorganizar_por_tipo","REORGANIZAR","Federal - Decreto Federal 11462 - Sistema de Registro de Preços.md",".md","01_Normativos_Vigentes\01_Federal\Decretos\Federal - Decreto Federal 11462 - Sistema de Registro de Preços.md","","43795","C:\Users\thiagonogueira\OneDrive - mppi.mp.br\CLC\01_Processos_e_Aquisicoes\Base de Conhecimento - Thiago\01_Normativos_Vigentes\01_Federal\Federal - Decreto Federal 11462 - Sistema de Registro de Preços.md"
"G-MESTRA/reorganizar_por_tipo","REORGANIZAR","Federal - Decreto Federal 12343.2024 - Atualiza Valores da 14.133.md",".md","01_Normativos_Vigentes\01_Federal\Decretos\Federal - Decreto Federal 12343.2024 - Atualiza Valores da 14.133.md","","2681","C:\Users\thiagonogueira\OneDrive - mppi.mp.br\CLC\01_Processos_e_Aquisicoes\Base de Conhecimento - Thiago\01_Normativos_Vigentes\01_Federal\Federal - Decreto Federal 12343.2024 - Atualiza Valores da 14.133.md"
"G-MESTRA/reorganizar_por_tipo","REORGANIZAR","Federal - Decreto Federal 12807.2025 - Atualiza Valores 14133.md",".md","01_Normativos_Vigentes\01_Federal\Decretos\Federal - Decreto Federal 12807.2025 - Atualiza Valores 14133.md","","2715","C:\Users\thiagonogueira\OneDrive - mppi.mp.br\CLC\01_Processos_e_Aquisicoes\Base de Conhecimento - Thiago\01_Normativos_Vigentes\01_Federal\Federal - Decreto Federal 12807.2025 - Atualiza Valores 14133.md"
"G-MESTRA/reorganizar_por_tipo","REORGANIZAR","Federal - IN 05.2017 - Terceirizados.md",".md","01_Normativos_Vigentes\01_Federal\Instrucoes_Normativas\Federal - IN 05.2017 - Terceirizados.md","","297485","C:\Users\thiagonogueira\OneDrive - mppi.mp.br\CLC\01_Processos_e_Aquisicoes\Base de Conhecimento - Thiago\01_Normativos_Vigentes\01_Federal\Federal - IN 05.2017 - Terceirizados.md"
"G-MESTRA/reorganizar_por_tipo","REORGANIZAR","Federal - IN 103.2022 - Locação de Imóveis.md",".md","01_Normativos_Vigentes\01_Federal\Instrucoes_Normativas\Federal - IN 103.2022 - Locação de Imóveis.md","","25383","C:\Users\thiagonogueira\OneDrive - mppi.mp.br\CLC\01_Processos_e_Aquisicoes\Base de Conhecimento - Thiago\01_Normativos_Vigentes\01_Federal\Federal - IN 103.2022 - Locação de Imóveis.md"
"G-MESTRA/reorganizar_por_tipo","REORGANIZAR","Federal - IN 58.2022 - ETP 2.md",".md","01_Normativos_Vigentes\01_Federal\Instrucoes_Normativas\Federal - IN 58.2022 - ETP 2.md","","17911","C:\Users\thiagonogueira\OneDrive - mppi.mp.br\CLC\01_Processos_e_Aquisicoes\Base de Conhecimento - Thiago\01_Normativos_Vigentes\01_Federal\Federal - IN 58.2022 - ETP 2.md"
"G-MESTRA/reorganizar_por_tipo","REORGANIZAR","Federal - IN 65.2021 - Pesquisa de Preços.md",".md","01_Normativos_Vigentes\01_Federal\Instrucoes_Normativas\Federal - IN 65.2021 - Pesquisa de Preços.md","","16107","C:\Users\thiagonogueira\OneDrive - mppi.mp.br\CLC\01_Processos_e_Aquisicoes\Base de Conhecimento - Thiago\01_Normativos_Vigentes\01_Federal\Federal - IN 65.2021 - Pesquisa de Preços.md"
"G-MESTRA/reorganizar_por_tipo","REORGANIZAR","Federal - IN 67.2021 - Dispensa Eletrônica.md",".md","01_Normativos_Vigentes\01_Federal\Instrucoes_Normativas\Federal - IN 67.2021 - Dispensa Eletrônica.md","","25397","C:\Users\thiagonogueira\OneDrive - mppi.mp.br\CLC\01_Processos_e_Aquisicoes\Base de Conhecimento - Thiago\01_Normativos_Vigentes\01_Federal\Federal - IN 67.2021 - Dispensa Eletrônica.md"
"G-MESTRA/reorganizar_por_tipo","REORGANIZAR","Federal - IN 77.2022 - Ordem Cronológica.md",".md","01_Normativos_Vigentes\01_Federal\Instrucoes_Normativas\Federal - IN 77.2022 - Ordem Cronológica.md","","17035","C:\Users\thiagonogueira\OneDrive - mppi.mp.br\CLC\01_Processos_e_Aquisicoes\Base de Conhecimento - Thiago\01_Normativos_Vigentes\01_Federal\Federal - IN 77.2022 - Ordem Cronológica.md"
"G-MESTRA/reorganizar_por_tipo","REORGANIZAR","Federal - IN 81.2022 - TR 2.md",".md","01_Normativos_Vigentes\01_Federal\Instrucoes_Normativas\Federal - IN 81.2022 - TR 2.md","","14980","C:\Users\thiagonogueira\OneDrive - mppi.mp.br\CLC\01_Processos_e_Aquisicoes\Base de Conhecimento - Thiago\01_Normativos_Vigentes\01_Federal\Federal - IN 81.2022 - TR 2.md"
"G-MESTRA/reorganizar_por_tipo","REORGANIZAR","Federal - IN 81.2022 - TR.md",".md","01_Normativos_Vigentes\01_Federal\Instrucoes_Normativas\Federal - IN 81.2022 - TR.md","","15364","C:\Users\thiagonogueira\OneDrive - mppi.mp.br\CLC\01_Processos_e_Aquisicoes\Base de Conhecimento - Thiago\01_Normativos_Vigentes\01_Federal\Federal - IN 81.2022 - TR.md"
"G-MESTRA/reorganizar_por_tipo","REORGANIZAR","Federal - IN 91.2022 - Obras.md",".md","01_Normativos_Vigentes\01_Federal\Instrucoes_Normativas\Federal - IN 91.2022 - Obras.md","","2583","C:\Users\thiagonogueira\OneDrive - mppi.mp.br\CLC\01_Processos_e_Aquisicoes\Base de Conhecimento - Thiago\01_Normativos_Vigentes\01_Federal\Federal - IN 91.2022 - Obras.md"
"G-MESTRA/reorganizar_por_tipo","REORGANIZAR","Federal - IN 98.2025 SPU MGI - Destinacao e Gestao de Imoveis da Uniao.md",".md","01_Normativos_Vigentes\01_Federal\Instrucoes_Normativas\Federal - IN 98.2025 SPU MGI - Destinacao e Gestao de Imoveis da Uniao.md","","71913","C:\Users\thiagonogueira\OneDrive - mppi.mp.br\CLC\01_Processos_e_Aquisicoes\Base de Conhecimento - Thiago\01_Normativos_Vigentes\01_Federal\Federal - IN 98.2025 SPU MGI - Destinacao e Gestao de Imoveis da Uniao.md"
"G-MESTRA/reorganizar_por_tipo","CONFLITO_NOME","Federal - Lei 14133.2021.md",".md","01_Normativos_Vigentes\01_Federal\Leis\Federal - Lei 14133.2021.md","Já existe arquivo diferente com o mesmo nome no destino; renomear","291797","C:\Users\thiagonogueira\OneDrive - mppi.mp.br\CLC\01_Processos_e_Aquisicoes\Base de Conhecimento - Thiago\01_Normativos_Vigentes\01_Federal\Federal - Lei 14133.2021.md"
"G-MESTRA/reorganizar_por_tipo","REORGANIZAR","Federal - Lei 8078.1990 (Codigo de Defesa do Consumidor).md",".md","01_Normativos_Vigentes\01_Federal\Leis\Federal - Lei 8078.1990 (Codigo de Defesa do Consumidor).md","","102212","C:\Users\thiagonogueira\OneDrive - mppi.mp.br\CLC\01_Processos_e_Aquisicoes\Base de Conhecimento - Thiago\01_Normativos_Vigentes\01_Federal\Federal - Lei 8078.1990 (Codigo de Defesa do Consumidor).md"
"G-MESTRA/reorganizar_por_tipo","REORGANIZAR","Federal - Lei 9784 - Processo Administrativo.md",".md","01_Normativos_Vigentes\01_Federal\Leis\Federal - Lei 9784 - Processo Administrativo.md","","42048","C:\Users\thiagonogueira\OneDrive - mppi.mp.br\CLC\01_Processos_e_Aquisicoes\Base de Conhecimento - Thiago\01_Normativos_Vigentes\01_Federal\Federal - Lei 9784 - Processo Administrativo.md"
"G-MESTRA/reorganizar_por_tipo","REORGANIZAR","Federal - Lei Complementar 123 - ME e EPP.md",".md","01_Normativos_Vigentes\01_Federal\Leis\Federal - Lei Complementar 123 - ME e EPP.md","","378954","C:\Users\thiagonogueira\OneDrive - mppi.mp.br\CLC\01_Processos_e_Aquisicoes\Base de Conhecimento - Thiago\01_Normativos_Vigentes\01_Federal\Federal - Lei Complementar 123 - ME e EPP.md"
"G-MESTRA/reorganizar_por_tipo","REORGANIZAR","Federal - Lei Complementar 225 - Código de Defesa do Contribuinte.md",".md","01_Normativos_Vigentes\01_Federal\Leis\Federal - Lei Complementar 225 - Código de Defesa do Contribuinte.md","","90413","C:\Users\thiagonogueira\OneDrive - mppi.mp.br\CLC\01_Processos_e_Aquisicoes\Base de Conhecimento - Thiago\01_Normativos_Vigentes\01_Federal\Federal - Lei Complementar 225 - Código de Defesa do Contribuinte.md"
"G-MESTRA/reorganizar_por_tipo","REORGANIZAR","Federal - lista-de-atos-normativos-e-estagios-de-regulamentacao-da-lei-14133-de-2021.md",".md","01_Normativos_Vigentes\01_Federal\Leis\Federal - lista-de-atos-normativos-e-estagios-de-regulamentacao-da-lei-14133-de-2021.md","","89369","C:\Users\thiagonogueira\OneDrive - mppi.mp.br\CLC\01_Processos_e_Aquisicoes\Base de Conhecimento - Thiago\01_Normativos_Vigentes\01_Federal\Federal - lista-de-atos-normativos-e-estagios-de-regulamentacao-da-lei-14133-de-2021.md"
"G-MESTRA/reorganizar_por_tipo","REORGANIZAR","Federal - mto_2026_-_versao_5_.md",".md","01_Normativos_Vigentes\01_Federal\Manuais_e_Guias_Tecnicos\Federal - mto_2026_-_versao_5_.md","","870017","C:\Users\thiagonogueira\OneDrive - mppi.mp.br\CLC\01_Processos_e_Aquisicoes\Base de Conhecimento - Thiago\01_Normativos_Vigentes\01_Federal\Federal - mto_2026_-_versao_5_.md"
"G-MESTRA/reorganizar_por_tipo","REORGANIZAR","Federal - Nota Recomendatoria Conjunta 01.2025 - Adesao a ARP Carona.md",".md","01_Normativos_Vigentes\01_Federal\Acordaos_Pareceres_Orientacoes\Federal - Nota Recomendatoria Conjunta 01.2025 - Adesao a ARP Carona.md","","8046","C:\Users\thiagonogueira\OneDrive - mppi.mp.br\CLC\01_Processos_e_Aquisicoes\Base de Conhecimento - Thiago\01_Normativos_Vigentes\01_Federal\Federal - Nota Recomendatoria Conjunta 01.2025 - Adesao a ARP Carona.md"
"G-MESTRA/reorganizar_por_tipo","REORGANIZAR","Federal - ON 88.2024 AGU - Dispensa de Licitacao em Razao do Valor.md",".md","01_Normativos_Vigentes\01_Federal\Acordaos_Pareceres_Orientacoes\Federal - ON 88.2024 AGU - Dispensa de Licitacao em Razao do Valor.md","","15510","C:\Users\thiagonogueira\OneDrive - mppi.mp.br\CLC\01_Processos_e_Aquisicoes\Base de Conhecimento - Thiago\01_Normativos_Vigentes\01_Federal\Federal - ON 88.2024 AGU - Dispensa de Licitacao em Razao do Valor.md"
"G-MESTRA/reorganizar_por_tipo","REORGANIZAR","Federal - ON 89.2024 AGU - Contratacoes Diretas e Alteracoes Contratuais.md",".md","01_Normativos_Vigentes\01_Federal\Acordaos_Pareceres_Orientacoes\Federal - ON 89.2024 AGU - Contratacoes Diretas e Alteracoes Contratuais.md","","15450","C:\Users\thiagonogueira\OneDrive - mppi.mp.br\CLC\01_Processos_e_Aquisicoes\Base de Conhecimento - Thiago\01_Normativos_Vigentes\01_Federal\Federal - ON 89.2024 AGU - Contratacoes Diretas e Alteracoes Contratuais.md"
"G-MESTRA/reorganizar_por_tipo","REORGANIZAR","Federal - Parecer Referencial 00001.2026 CONJUR-MS-CGU-AGU.md",".md","01_Normativos_Vigentes\01_Federal\Acordaos_Pareceres_Orientacoes\Federal - Parecer Referencial 00001.2026 CONJUR-MS-CGU-AGU.md","","120002","C:\Users\thiagonogueira\OneDrive - mppi.mp.br\CLC\01_Processos_e_Aquisicoes\Base de Conhecimento - Thiago\01_Normativos_Vigentes\01_Federal\Federal - Parecer Referencial 00001.2026 CONJUR-MS-CGU-AGU.md"
"G-MESTRA/reorganizar_por_tipo","REORGANIZAR","Federal - Portaria 8678.2021 - Governanca de Contratacoes Publicas.md",".md","01_Normativos_Vigentes\01_Federal\Portarias\Federal - Portaria 8678.2021 - Governanca de Contratacoes Publicas.md","","2385","C:\Users\thiagonogueira\OneDrive - mppi.mp.br\CLC\01_Processos_e_Aquisicoes\Base de Conhecimento - Thiago\01_Normativos_Vigentes\01_Federal\Federal - Portaria 8678.2021 - Governanca de Contratacoes Publicas.md"
"G-MESTRA/reorganizar_por_tipo","REORGANIZAR","Federal - Resolução CGSIM nº 48.2018 (Comitê para Gestão da Rede Nacional para a Simplificação do Registro e da Legalização de Empresas e Negócios)..md",".md","01_Normativos_Vigentes\01_Federal\Resolucoes\Federal - Resolução CGSIM nº 48.2018 (Comitê para Gestão da Rede Nacional para a Simplificação do Registro e da Legalização de Empresas e Negócios)..md","","65263","C:\Users\thiagonogueira\OneDrive - mppi.mp.br\CLC\01_Processos_e_Aquisicoes\Base de Conhecimento - Thiago\01_Normativos_Vigentes\01_Federal\Federal - Resolução CGSIM nº 48.2018 (Comitê para Gestão da Rede Nacional para a Simplificação do Registro e da Legalização de Empresas e Negócios)..md"
"G-MESTRA/reorganizar_por_tipo","REORGANIZAR","Federal Lei 12527.2011 (Lei de Acesso à Informação).md",".md","01_Normativos_Vigentes\01_Federal\Leis\Federal Lei 12527.2011 (Lei de Acesso à Informação).md","","52879","C:\Users\thiagonogueira\OneDrive - mppi.mp.br\CLC\01_Processos_e_Aquisicoes\Base de Conhecimento - Thiago\01_Normativos_Vigentes\01_Federal\Federal Lei 12527.2011 (Lei de Acesso à Informação).md"
"G-MESTRA/reorganizar_por_tipo","REORGANIZAR","CGE IN 01.2021 - Pesquisa de Preços.md",".md","01_Normativos_Vigentes\02_Estadual_PI\Instrucoes_Normativas\CGE IN 01.2021 - Pesquisa de Preços.md","","24561","C:\Users\thiagonogueira\OneDrive - mppi.mp.br\CLC\01_Processos_e_Aquisicoes\Base de Conhecimento - Thiago\01_Normativos_Vigentes\02_Estadual_PI\CGE IN 01.2021 - Pesquisa de Preços.md"
"G-MESTRA/reorganizar_por_tipo","REORGANIZAR","CGE IN 02.2025 - Procedimentos Obras.md",".md","01_Normativos_Vigentes\02_Estadual_PI\Instrucoes_Normativas\CGE IN 02.2025 - Procedimentos Obras.md","","21638","C:\Users\thiagonogueira\OneDrive - mppi.mp.br\CLC\01_Processos_e_Aquisicoes\Base de Conhecimento - Thiago\01_Normativos_Vigentes\02_Estadual_PI\CGE IN 02.2025 - Procedimentos Obras.md"
"G-MESTRA/reorganizar_por_tipo","REORGANIZAR","Decreto Estadual  21813.2023 - Licitações e Contratos de Publicidade.md",".md","01_Normativos_Vigentes\02_Estadual_PI\Decretos\Decreto Estadual  21813.2023 - Licitações e Contratos de Publicidade.md","","4557","C:\Users\thiagonogueira\OneDrive - mppi.mp.br\CLC\01_Processos_e_Aquisicoes\Base de Conhecimento - Thiago\01_Normativos_Vigentes\02_Estadual_PI\Decreto Estadual  21813.2023 - Licitações e Contratos de Publicidade.md"
"G-MESTRA/reorganizar_por_tipo","REORGANIZAR","Decreto Estadual 11319.2004 - Sistema de Registro de Precos Estadual.md",".md","01_Normativos_Vigentes\02_Estadual_PI\Decretos\Decreto Estadual 11319.2004 - Sistema de Registro de Precos Estadual.md","","24974","C:\Users\thiagonogueira\OneDrive - mppi.mp.br\CLC\01_Processos_e_Aquisicoes\Base de Conhecimento - Thiago\01_Normativos_Vigentes\02_Estadual_PI\Decreto Estadual 11319.2004 - Sistema de Registro de Precos Estadual.md"
"G-MESTRA/reorganizar_por_tipo","REORGANIZAR","Decreto Estadual 11320.2004 - Cadastro Unico de Fornecedores do Piaui.md",".md","01_Normativos_Vigentes\02_Estadual_PI\Decretos\Decreto Estadual 11320.2004 - Cadastro Unico de Fornecedores do Piaui.md","","15429","C:\Users\thiagonogueira\OneDrive - mppi.mp.br\CLC\01_Processos_e_Aquisicoes\Base de Conhecimento - Thiago\01_Normativos_Vigentes\02_Estadual_PI\Decreto Estadual 11320.2004 - Cadastro Unico de Fornecedores do Piaui.md"
"G-MESTRA/reorganizar_por_tipo","REORGANIZAR","Decreto Estadual 11346.2004 - Modalidade Pregao no Piaui.md",".md","01_Normativos_Vigentes\02_Estadual_PI\Decretos\Decreto Estadual 11346.2004 - Modalidade Pregao no Piaui.md","","34030","C:\Users\thiagonogueira\OneDrive - mppi.mp.br\CLC\01_Processos_e_Aquisicoes\Base de Conhecimento - Thiago\01_Normativos_Vigentes\02_Estadual_PI\Decreto Estadual 11346.2004 - Modalidade Pregao no Piaui.md"
"G-MESTRA/reorganizar_por_tipo","REORGANIZAR","Decreto Estadual 13701.2009 - Contratacoes Publicas Sustentaveis.md",".md","01_Normativos_Vigentes\02_Estadual_PI\Decretos\Decreto Estadual 13701.2009 - Contratacoes Publicas Sustentaveis.md","","5482","C:\Users\thiagonogueira\OneDrive - mppi.mp.br\CLC\01_Processos_e_Aquisicoes\Base de Conhecimento - Thiago\01_Normativos_Vigentes\02_Estadual_PI\Decreto Estadual 13701.2009 - Contratacoes Publicas Sustentaveis.md"
"G-MESTRA/reorganizar_por_tipo","REORGANIZAR","Decreto Estadual 14386.2011 - Aquisicao Locacao e Controle de Veiculos Oficiais.md",".md","01_Normativos_Vigentes\02_Estadual_PI\Decretos\Decreto Estadual 14386.2011 - Aquisicao Locacao e Controle de Veiculos Oficiais.md","","22394","C:\Users\thiagonogueira\OneDrive - mppi.mp.br\CLC\01_Processos_e_Aquisicoes\Base de Conhecimento - Thiago\01_Normativos_Vigentes\02_Estadual_PI\Decreto Estadual 14386.2011 - Aquisicao Locacao e Controle de Veiculos Oficiais.md"
"G-MESTRA/reorganizar_por_tipo","REORGANIZAR","Decreto Estadual 14483.2011 - Contratacao de Servicos no Executivo Estadual (Compilado).md",".md","01_Normativos_Vigentes\02_Estadual_PI\Decretos\Decreto Estadual 14483.2011 - Contratacao de Servicos no Executivo Estadual (Compilado).md","","397666","C:\Users\thiagonogueira\OneDrive - mppi.mp.br\CLC\01_Processos_e_Aquisicoes\Base de Conhecimento - Thiago\01_Normativos_Vigentes\02_Estadual_PI\Decreto Estadual 14483.2011 - Contratacao de Servicos no Executivo Estadual (Compilado).md"
"G-MESTRA/reorganizar_por_tipo","REORGANIZAR","Decreto Estadual 14891.2012 - Aquisicao e Concessao de Passagens Aereas (Compilado).md",".md","01_Normativos_Vigentes\02_Estadual_PI\Decretos\Decreto Estadual 14891.2012 - Aquisicao e Concessao de Passagens Aereas (Compilado).md","","77394","C:\Users\thiagonogueira\OneDrive - mppi.mp.br\CLC\01_Processos_e_Aquisicoes\Base de Conhecimento - Thiago\01_Normativos_Vigentes\02_Estadual_PI\Decreto Estadual 14891.2012 - Aquisicao e Concessao de Passagens Aereas (Compilado).md"
"G-MESTRA/reorganizar_por_tipo","REORGANIZAR","Decreto Estadual 16212.2015 - Regulamenta o tratamento favorecido, diferenciado e simplificado para as microempresas, empresas de pequeno....md",".md","01_Normativos_Vigentes\02_Estadual_PI\Decretos\Decreto Estadual 16212.2015 - Regulamenta o tratamento favorecido, diferenciado e simplificado para as microempresas, empresas de pequeno....md","","14229","C:\Users\thiagonogueira\OneDrive - mppi.mp.br\CLC\01_Processos_e_Aquisicoes\Base de Conhecimento - Thiago\01_Normativos_Vigentes\02_Estadual_PI\Decreto Estadual 16212.2015 - Regulamenta o tratamento favorecido, diferenciado e simplificado para as microempresas, empresas de pequeno....md"
"G-MESTRA/reorganizar_por_tipo","REORGANIZAR","Decreto Estadual 16226.2015 - Estabelece normas para a concessão, aplicação e prestação de contas de Suprimento de Fundos, no âmbito do....md",".md","01_Normativos_Vigentes\02_Estadual_PI\Decretos\Decreto Estadual 16226.2015 - Estabelece normas para a concessão, aplicação e prestação de contas de Suprimento de Fundos, no âmbito do....md","","23273","C:\Users\thiagonogueira\OneDrive - mppi.mp.br\CLC\01_Processos_e_Aquisicoes\Base de Conhecimento - Thiago\01_Normativos_Vigentes\02_Estadual_PI\Decreto Estadual 16226.2015 - Estabelece normas para a concessão, aplicação e prestação de contas de Suprimento de Fundos, no âmbito do....md"
"G-MESTRA/reorganizar_por_tipo","REORGANIZAR","Decreto Estadual 16266.2015 - Regulamenta o art. 41, II, da Lei Estadual nº 7.884, de 08 de dezembro de 2022, disciplina patrocínio dos... [ALTERADO POSTERIORMENTE].md",".md","01_Normativos_Vigentes\02_Estadual_PI\Decretos\Decreto Estadual 16266.2015 - Regulamenta o art. 41, II, da Lei Estadual nº 7.884, de 08 de dezembro de 2022, disciplina patrocínio dos... [ALTERADO POSTERIORMENTE].md","","14542","C:\Users\thiagonogueira\OneDrive - mppi.mp.br\CLC\01_Processos_e_Aquisicoes\Base de Conhecimento - Thiago\01_Normativos_Vigentes\02_Estadual_PI\Decreto Estadual 16266.2015 - Regulamenta o art. 41, II, da Lei Estadual nº 7.884, de 08 de dezembro de 2022, disciplina patrocínio dos... [ALTERADO POSTERIORMENTE].md"
"G-MESTRA/reorganizar_por_tipo","REORGANIZAR","Decreto Estadual 16737.2016 - Estabelece parâmetros para elaboração de extratos de contratos administrativos e aditamentos contratuais, a....md",".md","01_Normativos_Vigentes\02_Estadual_PI\Decretos\Decreto Estadual 16737.2016 - Estabelece parâmetros para elaboração de extratos de contratos administrativos e aditamentos contratuais, a....md","","6466","C:\Users\thiagonogueira\OneDrive - mppi.mp.br\CLC\01_Processos_e_Aquisicoes\Base de Conhecimento - Thiago\01_Normativos_Vigentes\02_Estadual_PI\Decreto Estadual 16737.2016 - Estabelece parâmetros para elaboração de extratos de contratos administrativos e aditamentos contratuais, a....md"
"G-MESTRA/reorganizar_por_tipo","REORGANIZAR","Decreto Estadual 17031.2017 - Regulamenta a Lei nº 6.928, de 27 de dezembro de 2016, que dispõe a implantação no Estado do Piauí do....md",".md","01_Normativos_Vigentes\02_Estadual_PI\Decretos\Decreto Estadual 17031.2017 - Regulamenta a Lei nº 6.928, de 27 de dezembro de 2016, que dispõe a implantação no Estado do Piauí do....md","","19236","C:\Users\thiagonogueira\OneDrive - mppi.mp.br\CLC\01_Processos_e_Aquisicoes\Base de Conhecimento - Thiago\01_Normativos_Vigentes\02_Estadual_PI\Decreto Estadual 17031.2017 - Regulamenta a Lei nº 6.928, de 27 de dezembro de 2016, que dispõe a implantação no Estado do Piauí do....md"
"G-MESTRA/reorganizar_por_tipo","REORGANIZAR","Decreto Estadual 17083.2017 - Regulamenta a Lei Federal nº 13.019, de 31 de julho de 2014, para dispor sobre regras e procedimentos do....md",".md","01_Normativos_Vigentes\02_Estadual_PI\Decretos\Decreto Estadual 17083.2017 - Regulamenta a Lei Federal nº 13.019, de 31 de julho de 2014, para dispor sobre regras e procedimentos do....md","","137886","C:\Users\thiagonogueira\OneDrive - mppi.mp.br\CLC\01_Processos_e_Aquisicoes\Base de Conhecimento - Thiago\01_Normativos_Vigentes\02_Estadual_PI\Decreto Estadual 17083.2017 - Regulamenta a Lei Federal nº 13.019, de 31 de julho de 2014, para dispor sobre regras e procedimentos do....md"
"G-MESTRA/reorganizar_por_tipo","REORGANIZAR","Decreto Estadual 17084.2017 - Dispõe sobre a Programação Orçamentária e Financeira dos órgãos e entidades do Poder Executivo, relativa a....md",".md","01_Normativos_Vigentes\02_Estadual_PI\Decretos\Decreto Estadual 17084.2017 - Dispõe sobre a Programação Orçamentária e Financeira dos órgãos e entidades do Poder Executivo, relativa a....md","","12782","C:\Users\thiagonogueira\OneDrive - mppi.mp.br\CLC\01_Processos_e_Aquisicoes\Base de Conhecimento - Thiago\01_Normativos_Vigentes\02_Estadual_PI\Decreto Estadual 17084.2017 - Dispõe sobre a Programação Orçamentária e Financeira dos órgãos e entidades do Poder Executivo, relativa a....md"
"G-MESTRA/reorganizar_por_tipo","REORGANIZAR","Decreto Estadual 17402.2017 - Estabelece, no âmbito da administração pública estadual, diretrizes para recolhimento, controle e prestação....md",".md","01_Normativos_Vigentes\02_Estadual_PI\Decretos\Decreto Estadual 17402.2017 - Estabelece, no âmbito da administração pública estadual, diretrizes para recolhimento, controle e prestação....md","","11138","C:\Users\thiagonogueira\OneDrive - mppi.mp.br\CLC\01_Processos_e_Aquisicoes\Base de Conhecimento - Thiago\01_Normativos_Vigentes\02_Estadual_PI\Decreto Estadual 17402.2017 - Estabelece, no âmbito da administração pública estadual, diretrizes para recolhimento, controle e prestação....md"
"G-MESTRA/reorganizar_por_tipo","REORGANIZAR","Decreto Estadual 17526.2017 - Reestrutura o Sistema de Controle Interno do Poder Executivo Estadual, revoga o Decreto 11.434, de 14 de....md",".md","01_Normativos_Vigentes\02_Estadual_PI\Decretos\Decreto Estadual 17526.2017 - Reestrutura o Sistema de Controle Interno do Poder Executivo Estadual, revoga o Decreto 11.434, de 14 de....md","","18113","C:\Users\thiagonogueira\OneDrive - mppi.mp.br\CLC\01_Processos_e_Aquisicoes\Base de Conhecimento - Thiago\01_Normativos_Vigentes\02_Estadual_PI\Decreto Estadual 17526.2017 - Reestrutura o Sistema de Controle Interno do Poder Executivo Estadual, revoga o Decreto 11.434, de 14 de....md"
"G-MESTRA/reorganizar_por_tipo","REORGANIZAR","Decreto Estadual 18077.2018 - Dispõe sobre a utilização da certificação digital no âmbito da Administração Pública Estadual, e dá outras....md",".md","01_Normativos_Vigentes\02_Estadual_PI\Decretos\Decreto Estadual 18077.2018 - Dispõe sobre a utilização da certificação digital no âmbito da Administração Pública Estadual, e dá outras....md","","3136","C:\Users\thiagonogueira\OneDrive - mppi.mp.br\CLC\01_Processos_e_Aquisicoes\Base de Conhecimento - Thiago\01_Normativos_Vigentes\02_Estadual_PI\Decreto Estadual 18077.2018 - Dispõe sobre a utilização da certificação digital no âmbito da Administração Pública Estadual, e dá outras....md"
"G-MESTRA/reorganizar_por_tipo","REORGANIZAR","Decreto Estadual 18142.2019 - Estabelece o Sistema Eletrônico de Informações (SEI) como sistema oficial para a gestão de documentos e....md",".md","01_Normativos_Vigentes\02_Estadual_PI\Decretos\Decreto Estadual 18142.2019 - Estabelece o Sistema Eletrônico de Informações (SEI) como sistema oficial para a gestão de documentos e....md","","13716","C:\Users\thiagonogueira\OneDrive - mppi.mp.br\CLC\01_Processos_e_Aquisicoes\Base de Conhecimento - Thiago\01_Normativos_Vigentes\02_Estadual_PI\Decreto Estadual 18142.2019 - Estabelece o Sistema Eletrônico de Informações (SEI) como sistema oficial para a gestão de documentos e....md"
"G-MESTRA/reorganizar_por_tipo","REORGANIZAR","Decreto Estadual 18224.2019 - Regulamenta o período de transição no âmbito da reforma administrativa aprovada pela Lei nº 7.211, de 22 de....md",".md","01_Normativos_Vigentes\02_Estadual_PI\Decretos\Decreto Estadual 18224.2019 - Regulamenta o período de transição no âmbito da reforma administrativa aprovada pela Lei nº 7.211, de 22 de....md","","11345","C:\Users\thiagonogueira\OneDrive - mppi.mp.br\CLC\01_Processos_e_Aquisicoes\Base de Conhecimento - Thiago\01_Normativos_Vigentes\02_Estadual_PI\Decreto Estadual 18224.2019 - Regulamenta o período de transição no âmbito da reforma administrativa aprovada pela Lei nº 7.211, de 22 de....md"
"G-MESTRA/reorganizar_por_tipo","REORGANIZAR","Decreto Estadual 18337.2019 - Define as atribuições e responsabilidades dos agentes designados como liquidantes de órgãos e entidades em....md",".md","01_Normativos_Vigentes\02_Estadual_PI\Decretos\Decreto Estadual 18337.2019 - Define as atribuições e responsabilidades dos agentes designados como liquidantes de órgãos e entidades em....md","","14797","C:\Users\thiagonogueira\OneDrive - mppi.mp.br\CLC\01_Processos_e_Aquisicoes\Base de Conhecimento - Thiago\01_Normativos_Vigentes\02_Estadual_PI\Decreto Estadual 18337.2019 - Define as atribuições e responsabilidades dos agentes designados como liquidantes de órgãos e entidades em....md"
"G-MESTRA/reorganizar_por_tipo","REORGANIZAR","Decreto Estadual 18369.2019 - Aprova a publicação do PARECER PGECJ Nº 0652019, da Procuradoria Geral do Estado, com caráter normativo,....md",".md","01_Normativos_Vigentes\02_Estadual_PI\Decretos\Decreto Estadual 18369.2019 - Aprova a publicação do PARECER PGECJ Nº 0652019, da Procuradoria Geral do Estado, com caráter normativo,....md","","1890","C:\Users\thiagonogueira\OneDrive - mppi.mp.br\CLC\01_Processos_e_Aquisicoes\Base de Conhecimento - Thiago\01_Normativos_Vigentes\02_Estadual_PI\Decreto Estadual 18369.2019 - Aprova a publicação do PARECER PGECJ Nº 0652019, da Procuradoria Geral do Estado, com caráter normativo,....md"
"G-MESTRA/reorganizar_por_tipo","REORGANIZAR","Decreto Estadual 18561.2019 - Regulamenta a Lei nº 6.949, de 11 de janeiro de 2017, que regula o Processo Administrativo Tributário,....md",".md","01_Normativos_Vigentes\02_Estadual_PI\Decretos\Decreto Estadual 18561.2019 - Regulamenta a Lei nº 6.949, de 11 de janeiro de 2017, que regula o Processo Administrativo Tributário,....md","","118896","C:\Users\thiagonogueira\OneDrive - mppi.mp.br\CLC\01_Processos_e_Aquisicoes\Base de Conhecimento - Thiago\01_Normativos_Vigentes\02_Estadual_PI\Decreto Estadual 18561.2019 - Regulamenta a Lei nº 6.949, de 11 de janeiro de 2017, que regula o Processo Administrativo Tributário,....md"
"G-MESTRA/reorganizar_por_tipo","REORGANIZAR","Decreto Estadual 19743.2021 - Aprova a publicação do Parecer PGECJ nº 1122021, da Procuradoria-Geral do Estado, com caráter normativo,....md",".md","01_Normativos_Vigentes\02_Estadual_PI\Decretos\Decreto Estadual 19743.2021 - Aprova a publicação do Parecer PGECJ nº 1122021, da Procuradoria-Geral do Estado, com caráter normativo,....md","","1876","C:\Users\thiagonogueira\OneDrive - mppi.mp.br\CLC\01_Processos_e_Aquisicoes\Base de Conhecimento - Thiago\01_Normativos_Vigentes\02_Estadual_PI\Decreto Estadual 19743.2021 - Aprova a publicação do Parecer PGECJ nº 1122021, da Procuradoria-Geral do Estado, com caráter normativo,....md"
"G-MESTRA/reorganizar_por_tipo","REORGANIZAR","Decreto Estadual 19841.2021 - Dispõe sobre os procedimentos e critérios para o reequilíbrio econômico-financeiro de contratos....md",".md","01_Normativos_Vigentes\02_Estadual_PI\Decretos\Decreto Estadual 19841.2021 - Dispõe sobre os procedimentos e critérios para o reequilíbrio econômico-financeiro de contratos....md","","3717","C:\Users\thiagonogueira\OneDrive - mppi.mp.br\CLC\01_Processos_e_Aquisicoes\Base de Conhecimento - Thiago\01_Normativos_Vigentes\02_Estadual_PI\Decreto Estadual 19841.2021 - Dispõe sobre os procedimentos e critérios para o reequilíbrio econômico-financeiro de contratos....md"
"G-MESTRA/reorganizar_por_tipo","REORGANIZAR","Decreto Estadual 19876.2021 - Estabelece normas para o envio de matérias pelos órgãos e entidades da Administração Pública estadual....md",".md","01_Normativos_Vigentes\02_Estadual_PI\Decretos\Decreto Estadual 19876.2021 - Estabelece normas para o envio de matérias pelos órgãos e entidades da Administração Pública estadual....md","","6361","C:\Users\thiagonogueira\OneDrive - mppi.mp.br\CLC\01_Processos_e_Aquisicoes\Base de Conhecimento - Thiago\01_Normativos_Vigentes\02_Estadual_PI\Decreto Estadual 19876.2021 - Estabelece normas para o envio de matérias pelos órgãos e entidades da Administração Pública estadual....md"
"G-MESTRA/reorganizar_por_tipo","REORGANIZAR","Decreto Estadual 20096.2021 - Credenciamento de Fornecedores e Prestadores de Servicos (Compilado).md",".md","01_Normativos_Vigentes\02_Estadual_PI\Decretos\Decreto Estadual 20096.2021 - Credenciamento de Fornecedores e Prestadores de Servicos (Compilado).md","","38803","C:\Users\thiagonogueira\OneDrive - mppi.mp.br\CLC\01_Processos_e_Aquisicoes\Base de Conhecimento - Thiago\01_Normativos_Vigentes\02_Estadual_PI\Decreto Estadual 20096.2021 - Credenciamento de Fornecedores e Prestadores de Servicos (Compilado).md"
"G-MESTRA/reorganizar_por_tipo","REORGANIZAR","Decreto Estadual 20110.2021 - Dispõe sobre o regime de licitações e contratos administrativos a ser utilizado no âmbito da Administração....md",".md","01_Normativos_Vigentes\02_Estadual_PI\Decretos\Decreto Estadual 20110.2021 - Dispõe sobre o regime de licitações e contratos administrativos a ser utilizado no âmbito da Administração....md","","5198","C:\Users\thiagonogueira\OneDrive - mppi.mp.br\CLC\01_Processos_e_Aquisicoes\Base de Conhecimento - Thiago\01_Normativos_Vigentes\02_Estadual_PI\Decreto Estadual 20110.2021 - Dispõe sobre o regime de licitações e contratos administrativos a ser utilizado no âmbito da Administração....md"
"G-MESTRA/reorganizar_por_tipo","REORGANIZAR","Decreto Estadual 21787.2023 - Regulamenta o Conselho Estadual de Gestão de Pessoas e dá outras providências..md",".md","01_Normativos_Vigentes\02_Estadual_PI\Decretos\Decreto Estadual 21787.2023 - Regulamenta o Conselho Estadual de Gestão de Pessoas e dá outras providências..md","","9535","C:\Users\thiagonogueira\OneDrive - mppi.mp.br\CLC\01_Processos_e_Aquisicoes\Base de Conhecimento - Thiago\01_Normativos_Vigentes\02_Estadual_PI\Decreto Estadual 21787.2023 - Regulamenta o Conselho Estadual de Gestão de Pessoas e dá outras providências..md"
"G-MESTRA/reorganizar_por_tipo","REORGANIZAR","Decreto Estadual 21812.2023 - Dispõe sobre limites de gastos para contratação de bandas e atrações artísticas para eventos festivos no ano....md",".md","01_Normativos_Vigentes\02_Estadual_PI\Decretos\Decreto Estadual 21812.2023 - Dispõe sobre limites de gastos para contratação de bandas e atrações artísticas para eventos festivos no ano....md","","5450","C:\Users\thiagonogueira\OneDrive - mppi.mp.br\CLC\01_Processos_e_Aquisicoes\Base de Conhecimento - Thiago\01_Normativos_Vigentes\02_Estadual_PI\Decreto Estadual 21812.2023 - Dispõe sobre limites de gastos para contratação de bandas e atrações artísticas para eventos festivos no ano....md"
"G-MESTRA/reorganizar_por_tipo","REORGANIZAR","Decreto Estadual 21864.2023 - Regulamenta o período de transição no âmbito da reforma administrativa aprovada pela Lei nº 7.884, de 08 de....md",".md","01_Normativos_Vigentes\02_Estadual_PI\Decretos\Decreto Estadual 21864.2023 - Regulamenta o período de transição no âmbito da reforma administrativa aprovada pela Lei nº 7.884, de 08 de....md","","27375","C:\Users\thiagonogueira\OneDrive - mppi.mp.br\CLC\01_Processos_e_Aquisicoes\Base de Conhecimento - Thiago\01_Normativos_Vigentes\02_Estadual_PI\Decreto Estadual 21864.2023 - Regulamenta o período de transição no âmbito da reforma administrativa aprovada pela Lei nº 7.884, de 08 de....md"
"G-MESTRA/reorganizar_por_tipo","REORGANIZAR","Decreto Estadual 21872.2023 - Regulamenta a NLLC.md",".md","01_Normativos_Vigentes\02_Estadual_PI\Decretos\Decreto Estadual 21872.2023 - Regulamenta a NLLC.md","","166028","C:\Users\thiagonogueira\OneDrive - mppi.mp.br\CLC\01_Processos_e_Aquisicoes\Base de Conhecimento - Thiago\01_Normativos_Vigentes\02_Estadual_PI\Decreto Estadual 21872.2023 - Regulamenta a NLLC.md"
"G-MESTRA/reorganizar_por_tipo","REORGANIZAR","Decreto Estadual 21908.2023 - Dispõe sobre a Comissão de Gestão Financeira e Gestão por Resultados - CGFR e dá outras providências..md",".md","01_Normativos_Vigentes\02_Estadual_PI\Decretos\Decreto Estadual 21908.2023 - Dispõe sobre a Comissão de Gestão Financeira e Gestão por Resultados - CGFR e dá outras providências..md","","10087","C:\Users\thiagonogueira\OneDrive - mppi.mp.br\CLC\01_Processos_e_Aquisicoes\Base de Conhecimento - Thiago\01_Normativos_Vigentes\02_Estadual_PI\Decreto Estadual 21908.2023 - Dispõe sobre a Comissão de Gestão Financeira e Gestão por Resultados - CGFR e dá outras providências..md"
"G-MESTRA/reorganizar_por_tipo","REORGANIZAR","Decreto Estadual 21909.2023 - Obras e Serviços de Engenharia.md",".md","01_Normativos_Vigentes\02_Estadual_PI\Decretos\Decreto Estadual 21909.2023 - Obras e Serviços de Engenharia.md","","19452","C:\Users\thiagonogueira\OneDrive - mppi.mp.br\CLC\01_Processos_e_Aquisicoes\Base de Conhecimento - Thiago\01_Normativos_Vigentes\02_Estadual_PI\Decreto Estadual 21909.2023 - Obras e Serviços de Engenharia.md"
"G-MESTRA/reorganizar_por_tipo","REORGANIZAR","Decreto Estadual 21910.2023 - Dispõe sobre o Marco Temporal e o procedimento de transição entre a Lei nº 14.133, de 1º de abril de 2021, e... [REVOGADO].md",".md","01_Normativos_Vigentes\02_Estadual_PI\Decretos\Decreto Estadual 21910.2023 - Dispõe sobre o Marco Temporal e o procedimento de transição entre a Lei nº 14.133, de 1º de abril de 2021, e... [REVOGADO].md","","6007","C:\Users\thiagonogueira\OneDrive - mppi.mp.br\CLC\01_Processos_e_Aquisicoes\Base de Conhecimento - Thiago\01_Normativos_Vigentes\02_Estadual_PI\Decreto Estadual 21910.2023 - Dispõe sobre o Marco Temporal e o procedimento de transição entre a Lei nº 14.133, de 1º de abril de 2021, e... [REVOGADO].md"
"G-MESTRA/reorganizar_por_tipo","REORGANIZAR","Decreto Estadual 21938.2023 - SRP PI.md",".md","01_Normativos_Vigentes\02_Estadual_PI\Decretos\Decreto Estadual 21938.2023 - SRP PI.md","","43893","C:\Users\thiagonogueira\OneDrive - mppi.mp.br\CLC\01_Processos_e_Aquisicoes\Base de Conhecimento - Thiago\01_Normativos_Vigentes\02_Estadual_PI\Decreto Estadual 21938.2023 - SRP PI.md"
"G-MESTRA/reorganizar_por_tipo","REORGANIZAR","Decreto Estadual 21979.2023 - Institui a Política de Transformação Digital do âmbito do Poder Executivo do Estado, o portal único de... [ALTERADO POSTERIORMENTE].md",".md","01_Normativos_Vigentes\02_Estadual_PI\Decretos\Decreto Estadual 21979.2023 - Institui a Política de Transformação Digital do âmbito do Poder Executivo do Estado, o portal único de... [ALTERADO POSTERIORMENTE].md","","16515","C:\Users\thiagonogueira\OneDrive - mppi.mp.br\CLC\01_Processos_e_Aquisicoes\Base de Conhecimento - Thiago\01_Normativos_Vigentes\02_Estadual_PI\Decreto Estadual 21979.2023 - Institui a Política de Transformação Digital do âmbito do Poder Executivo do Estado, o portal único de... [ALTERADO POSTERIORMENTE].md"
"G-MESTRA/reorganizar_por_tipo","REORGANIZAR","Decreto Estadual 21980.2023 - Revoga o Decreto nº 21.910, de 17 de março de 2023, que estabeleceu o Marco Temporal e o procedimento de....md",".md","01_Normativos_Vigentes\02_Estadual_PI\Decretos\Decreto Estadual 21980.2023 - Revoga o Decreto nº 21.910, de 17 de março de 2023, que estabeleceu o Marco Temporal e o procedimento de....md","","2654","C:\Users\thiagonogueira\OneDrive - mppi.mp.br\CLC\01_Processos_e_Aquisicoes\Base de Conhecimento - Thiago\01_Normativos_Vigentes\02_Estadual_PI\Decreto Estadual 21980.2023 - Revoga o Decreto nº 21.910, de 17 de março de 2023, que estabeleceu o Marco Temporal e o procedimento de....md"
"G-MESTRA/reorganizar_por_tipo","REORGANIZAR","Decreto Estadual 22023.2023 - Implanta o Sistema Integrado de Gestão de Repasses – SIGRP e disciplina os procedimentos para celebração,....md",".md","01_Normativos_Vigentes\02_Estadual_PI\Decretos\Decreto Estadual 22023.2023 - Implanta o Sistema Integrado de Gestão de Repasses – SIGRP e disciplina os procedimentos para celebração,....md","","27080","C:\Users\thiagonogueira\OneDrive - mppi.mp.br\CLC\01_Processos_e_Aquisicoes\Base de Conhecimento - Thiago\01_Normativos_Vigentes\02_Estadual_PI\Decreto Estadual 22023.2023 - Implanta o Sistema Integrado de Gestão de Repasses – SIGRP e disciplina os procedimentos para celebração,....md"
"G-MESTRA/reorganizar_por_tipo","REORGANIZAR","Decreto Estadual 22050.2023 - Delega competência para a prática de atos administrativo-disciplinares ao Secretário de Estado da Segurança....md",".md","01_Normativos_Vigentes\02_Estadual_PI\Decretos\Decreto Estadual 22050.2023 - Delega competência para a prática de atos administrativo-disciplinares ao Secretário de Estado da Segurança....md","","2572","C:\Users\thiagonogueira\OneDrive - mppi.mp.br\CLC\01_Processos_e_Aquisicoes\Base de Conhecimento - Thiago\01_Normativos_Vigentes\02_Estadual_PI\Decreto Estadual 22050.2023 - Delega competência para a prática de atos administrativo-disciplinares ao Secretário de Estado da Segurança....md"
"G-MESTRA/reorganizar_por_tipo","REORGANIZAR","Decreto Estadual 22089.2023 - Regulamenta a seleção de Organizações Sociais para a celebração de contrato de gestão na forma da Lei....md",".md","01_Normativos_Vigentes\02_Estadual_PI\Decretos\Decreto Estadual 22089.2023 - Regulamenta a seleção de Organizações Sociais para a celebração de contrato de gestão na forma da Lei....md","","6296","C:\Users\thiagonogueira\OneDrive - mppi.mp.br\CLC\01_Processos_e_Aquisicoes\Base de Conhecimento - Thiago\01_Normativos_Vigentes\02_Estadual_PI\Decreto Estadual 22089.2023 - Regulamenta a seleção de Organizações Sociais para a celebração de contrato de gestão na forma da Lei....md"
"G-MESTRA/reorganizar_por_tipo","REORGANIZAR","Decreto Estadual 22137.2023 - Regulamenta o art. 61 da Lei Complementar nº 13, de 03 de janeiro de 1994..md",".md","01_Normativos_Vigentes\02_Estadual_PI\Decretos\Decreto Estadual 22137.2023 - Regulamenta o art. 61 da Lei Complementar nº 13, de 03 de janeiro de 1994..md","","3993","C:\Users\thiagonogueira\OneDrive - mppi.mp.br\CLC\01_Processos_e_Aquisicoes\Base de Conhecimento - Thiago\01_Normativos_Vigentes\02_Estadual_PI\Decreto Estadual 22137.2023 - Regulamenta o art. 61 da Lei Complementar nº 13, de 03 de janeiro de 1994..md"
"G-MESTRA/reorganizar_por_tipo","REORGANIZAR","Decreto Estadual 22249.2023 - Institui a Política Estadual de Segurança da Informação e Comunicação do Estado do Piauí - POSIC, e de....md",".md","01_Normativos_Vigentes\02_Estadual_PI\Decretos\Decreto Estadual 22249.2023 - Institui a Política Estadual de Segurança da Informação e Comunicação do Estado do Piauí - POSIC, e de....md","","38999","C:\Users\thiagonogueira\OneDrive - mppi.mp.br\CLC\01_Processos_e_Aquisicoes\Base de Conhecimento - Thiago\01_Normativos_Vigentes\02_Estadual_PI\Decreto Estadual 22249.2023 - Institui a Política Estadual de Segurança da Informação e Comunicação do Estado do Piauí - POSIC, e de....md"
"G-MESTRA/reorganizar_por_tipo","REORGANIZAR","Decreto Estadual 22380.2023 - Dispõe sobre a descentralização de crédito orçamentário no Estado do Piauí..md",".md","01_Normativos_Vigentes\02_Estadual_PI\Decretos\Decreto Estadual 22380.2023 - Dispõe sobre a descentralização de crédito orçamentário no Estado do Piauí..md","","9050","C:\Users\thiagonogueira\OneDrive - mppi.mp.br\CLC\01_Processos_e_Aquisicoes\Base de Conhecimento - Thiago\01_Normativos_Vigentes\02_Estadual_PI\Decreto Estadual 22380.2023 - Dispõe sobre a descentralização de crédito orçamentário no Estado do Piauí..md"
"G-MESTRA/reorganizar_por_tipo","REORGANIZAR","Decreto Estadual 22652.2023 - Dispõe sobre o Marco Temporal e o procedimento de transição entre a Lei nº 14.133, de 1º de abril de 2021, e....md",".md","01_Normativos_Vigentes\02_Estadual_PI\Decretos\Decreto Estadual 22652.2023 - Dispõe sobre o Marco Temporal e o procedimento de transição entre a Lei nº 14.133, de 1º de abril de 2021, e....md","","6565","C:\Users\thiagonogueira\OneDrive - mppi.mp.br\CLC\01_Processos_e_Aquisicoes\Base de Conhecimento - Thiago\01_Normativos_Vigentes\02_Estadual_PI\Decreto Estadual 22652.2023 - Dispõe sobre o Marco Temporal e o procedimento de transição entre a Lei nº 14.133, de 1º de abril de 2021, e....md"
"G-MESTRA/reorganizar_por_tipo","REORGANIZAR","Decreto Estadual 22677.2024 - Responsabilização Administrativa e Civil de Pessoas Jurídicas (Lei 12.846.2013).md",".md","01_Normativos_Vigentes\02_Estadual_PI\Decretos\Decreto Estadual 22677.2024 - Responsabilização Administrativa e Civil de Pessoas Jurídicas (Lei 12.846.2013).md","","78961","C:\Users\thiagonogueira\OneDrive - mppi.mp.br\CLC\01_Processos_e_Aquisicoes\Base de Conhecimento - Thiago\01_Normativos_Vigentes\02_Estadual_PI\Decreto Estadual 22677.2024 - Responsabilização Administrativa e Civil de Pessoas Jurídicas (Lei 12.846.2013).md"
"G-MESTRA/reorganizar_por_tipo","REORGANIZAR","Decreto Estadual 22737.2024 - Reajuste de Preços nos Contratos Administrativos.md",".md","01_Normativos_Vigentes\02_Estadual_PI\Decretos\Decreto Estadual 22737.2024 - Reajuste de Preços nos Contratos Administrativos.md","","7722","C:\Users\thiagonogueira\OneDrive - mppi.mp.br\CLC\01_Processos_e_Aquisicoes\Base de Conhecimento - Thiago\01_Normativos_Vigentes\02_Estadual_PI\Decreto Estadual 22737.2024 - Reajuste de Preços nos Contratos Administrativos.md"
"G-MESTRA/reorganizar_por_tipo","REORGANIZAR","Decreto Estadual 22811.2024 - Regularidade Fiscal, Econômico-Financeira e Administrativa.md",".md","01_Normativos_Vigentes\02_Estadual_PI\Decretos\Decreto Estadual 22811.2024 - Regularidade Fiscal, Econômico-Financeira e Administrativa.md","","12841","C:\Users\thiagonogueira\OneDrive - mppi.mp.br\CLC\01_Processos_e_Aquisicoes\Base de Conhecimento - Thiago\01_Normativos_Vigentes\02_Estadual_PI\Decreto Estadual 22811.2024 - Regularidade Fiscal, Econômico-Financeira e Administrativa.md"
"G-MESTRA/reorganizar_por_tipo","REORGANIZAR","Decreto Estadual 22822.2024 - Diretrizes de Governanca e Contratacoes.md",".md","01_Normativos_Vigentes\02_Estadual_PI\Decretos\Decreto Estadual 22822.2024 - Diretrizes de Governanca e Contratacoes.md","","15547","C:\Users\thiagonogueira\OneDrive - mppi.mp.br\CLC\01_Processos_e_Aquisicoes\Base de Conhecimento - Thiago\01_Normativos_Vigentes\02_Estadual_PI\Decreto Estadual 22822.2024 - Diretrizes de Governanca e Contratacoes.md"
"G-MESTRA/reorganizar_por_tipo","REORGANIZAR","Decreto Estadual 22822.2024 - Patrocínio dos Órgãos e Entidades do Executivo Estadual.md",".md","01_Normativos_Vigentes\02_Estadual_PI\Decretos\Decreto Estadual 22822.2024 - Patrocínio dos Órgãos e Entidades do Executivo Estadual.md","","14806","C:\Users\thiagonogueira\OneDrive - mppi.mp.br\CLC\01_Processos_e_Aquisicoes\Base de Conhecimento - Thiago\01_Normativos_Vigentes\02_Estadual_PI\Decreto Estadual 22822.2024 - Patrocínio dos Órgãos e Entidades do Executivo Estadual.md"
"G-MESTRA/reorganizar_por_tipo","REORGANIZAR","Decreto Estadual 23.865.2025 - Dispõe Sobre a Unificação da Plataforma Compras Públicas no PI.md",".md","01_Normativos_Vigentes\02_Estadual_PI\Decretos\Decreto Estadual 23.865.2025 - Dispõe Sobre a Unificação da Plataforma Compras Públicas no PI.md","","7787","C:\Users\thiagonogueira\OneDrive - mppi.mp.br\CLC\01_Processos_e_Aquisicoes\Base de Conhecimento - Thiago\01_Normativos_Vigentes\02_Estadual_PI\Decreto Estadual 23.865.2025 - Dispõe Sobre a Unificação da Plataforma Compras Públicas no PI.md"
"G-MESTRA/reorganizar_por_tipo","REORGANIZAR","Decreto Estadual 23003.2024 - Política Estadual de Proteção de Dados Pessoais e Privacidade.md",".md","01_Normativos_Vigentes\02_Estadual_PI\Decretos\Decreto Estadual 23003.2024 - Política Estadual de Proteção de Dados Pessoais e Privacidade.md","","27268","C:\Users\thiagonogueira\OneDrive - mppi.mp.br\CLC\01_Processos_e_Aquisicoes\Base de Conhecimento - Thiago\01_Normativos_Vigentes\02_Estadual_PI\Decreto Estadual 23003.2024 - Política Estadual de Proteção de Dados Pessoais e Privacidade.md"
"G-MESTRA/reorganizar_por_tipo","REORGANIZAR","Decreto Estadual 23269.2024 - Doação de Bens Móveis e Serviços à Administração Pública Estadual.md",".md","01_Normativos_Vigentes\02_Estadual_PI\Decretos\Decreto Estadual 23269.2024 - Doação de Bens Móveis e Serviços à Administração Pública Estadual.md","","16567","C:\Users\thiagonogueira\OneDrive - mppi.mp.br\CLC\01_Processos_e_Aquisicoes\Base de Conhecimento - Thiago\01_Normativos_Vigentes\02_Estadual_PI\Decreto Estadual 23269.2024 - Doação de Bens Móveis e Serviços à Administração Pública Estadual.md"
"G-MESTRA/reorganizar_por_tipo","REORGANIZAR","Decreto Estadual 23649.2025 - Ordens de Serviço nos Contratos Administrativos.md",".md","01_Normativos_Vigentes\02_Estadual_PI\Decretos\Decreto Estadual 23649.2025 - Ordens de Serviço nos Contratos Administrativos.md","","3638","C:\Users\thiagonogueira\OneDrive - mppi.mp.br\CLC\01_Processos_e_Aquisicoes\Base de Conhecimento - Thiago\01_Normativos_Vigentes\02_Estadual_PI\Decreto Estadual 23649.2025 - Ordens de Serviço nos Contratos Administrativos.md"
"G-MESTRA/reorganizar_por_tipo","REORGANIZAR","Decreto Estadual 23865.2025 - Regulamento de Contratacoes e Gestao Estadual.md",".md","01_Normativos_Vigentes\02_Estadual_PI\Decretos\Decreto Estadual 23865.2025 - Regulamento de Contratacoes e Gestao Estadual.md","","8013","C:\Users\thiagonogueira\OneDrive - mppi.mp.br\CLC\01_Processos_e_Aquisicoes\Base de Conhecimento - Thiago\01_Normativos_Vigentes\02_Estadual_PI\Decreto Estadual 23865.2025 - Regulamento de Contratacoes e Gestao Estadual.md"
"G-MESTRA/reorganizar_por_tipo","REORGANIZAR","Decreto Estadual 23868.2025 - Procedimento de Manifestação de Interesse (PMI).md",".md","01_Normativos_Vigentes\02_Estadual_PI\Decretos\Decreto Estadual 23868.2025 - Procedimento de Manifestação de Interesse (PMI).md","","27328","C:\Users\thiagonogueira\OneDrive - mppi.mp.br\CLC\01_Processos_e_Aquisicoes\Base de Conhecimento - Thiago\01_Normativos_Vigentes\02_Estadual_PI\Decreto Estadual 23868.2025 - Procedimento de Manifestação de Interesse (PMI).md"
"G-MESTRA/reorganizar_por_tipo","REORGANIZAR","Decreto Estadual 23891.2025 - Programa Estadual de Aquisições e Contratações Públicas Sustentáveis.md",".md","01_Normativos_Vigentes\02_Estadual_PI\Decretos\Decreto Estadual 23891.2025 - Programa Estadual de Aquisições e Contratações Públicas Sustentáveis.md","","11205","C:\Users\thiagonogueira\OneDrive - mppi.mp.br\CLC\01_Processos_e_Aquisicoes\Base de Conhecimento - Thiago\01_Normativos_Vigentes\02_Estadual_PI\Decreto Estadual 23891.2025 - Programa Estadual de Aquisições e Contratações Públicas Sustentáveis.md"
"G-MESTRA/reorganizar_por_tipo","REORGANIZAR","Decreto Estadual 24144.2025 - Ações de Equidade de Gênero como Desempate.md",".md","01_Normativos_Vigentes\02_Estadual_PI\Decretos\Decreto Estadual 24144.2025 - Ações de Equidade de Gênero como Desempate.md","","6418","C:\Users\thiagonogueira\OneDrive - mppi.mp.br\CLC\01_Processos_e_Aquisicoes\Base de Conhecimento - Thiago\01_Normativos_Vigentes\02_Estadual_PI\Decreto Estadual 24144.2025 - Ações de Equidade de Gênero como Desempate.md"
"G-MESTRA/reorganizar_por_tipo","REORGANIZAR","Instrução Normativa CGE nº 01-2013 - Procedimentos de Controle e Pareceres.md",".md","01_Normativos_Vigentes\02_Estadual_PI\Instrucoes_Normativas\Instrução Normativa CGE nº 01-2013 - Procedimentos de Controle e Pareceres.md","","23487","C:\Users\thiagonogueira\OneDrive - mppi.mp.br\CLC\01_Processos_e_Aquisicoes\Base de Conhecimento - Thiago\01_Normativos_Vigentes\02_Estadual_PI\Instrução Normativa CGE nº 01-2013 - Procedimentos de Controle e Pareceres.md"
"G-MESTRA/reorganizar_por_tipo","REORGANIZAR","Instrução Normativa CGE nº 01-2015 - Normas Gerais de Controle Interno.md",".md","01_Normativos_Vigentes\02_Estadual_PI\Instrucoes_Normativas\Instrução Normativa CGE nº 01-2015 - Normas Gerais de Controle Interno.md","","73887","C:\Users\thiagonogueira\OneDrive - mppi.mp.br\CLC\01_Processos_e_Aquisicoes\Base de Conhecimento - Thiago\01_Normativos_Vigentes\02_Estadual_PI\Instrução Normativa CGE nº 01-2015 - Normas Gerais de Controle Interno.md"
"G-MESTRA/reorganizar_por_tipo","REORGANIZAR","Instrução Normativa SEFAZ nº 01-2021 - Procedimentos de Gestão Financeira.md",".md","01_Normativos_Vigentes\02_Estadual_PI\Instrucoes_Normativas\Instrução Normativa SEFAZ nº 01-2021 - Procedimentos de Gestão Financeira.md","","10616","C:\Users\thiagonogueira\OneDrive - mppi.mp.br\CLC\01_Processos_e_Aquisicoes\Base de Conhecimento - Thiago\01_Normativos_Vigentes\02_Estadual_PI\Instrução Normativa SEFAZ nº 01-2021 - Procedimentos de Gestão Financeira.md"
"G-MESTRA/reorganizar_por_tipo","REORGANIZAR","Lei Estadual 6.872.2016 - Regula o Processo Administrativo.md",".md","01_Normativos_Vigentes\02_Estadual_PI\Leis\Lei Estadual 6.872.2016 - Regula o Processo Administrativo.md","","40743","C:\Users\thiagonogueira\OneDrive - mppi.mp.br\CLC\01_Processos_e_Aquisicoes\Base de Conhecimento - Thiago\01_Normativos_Vigentes\02_Estadual_PI\Lei Estadual 6.872.2016 - Regula o Processo Administrativo.md"
"G-MESTRA/reorganizar_por_tipo","REORGANIZAR","Lei Estadual 6782.2016 - Estatuto dos Servidores Publicos do Piaui.md",".md","01_Normativos_Vigentes\02_Estadual_PI\Leis\Lei Estadual 6782.2016 - Estatuto dos Servidores Publicos do Piaui.md","","42240","C:\Users\thiagonogueira\OneDrive - mppi.mp.br\CLC\01_Processos_e_Aquisicoes\Base de Conhecimento - Thiago\01_Normativos_Vigentes\02_Estadual_PI\Lei Estadual 6782.2016 - Estatuto dos Servidores Publicos do Piaui.md"
"G-MESTRA/reorganizar_por_tipo","REORGANIZAR","Lei Estadual 6782.2016 - Regula o Processo Administrativo no âmbito da Administração Pública do Estado do Piauí..md",".md","01_Normativos_Vigentes\02_Estadual_PI\Leis\Lei Estadual 6782.2016 - Regula o Processo Administrativo no âmbito da Administração Pública do Estado do Piauí..md","","41521","C:\Users\thiagonogueira\OneDrive - mppi.mp.br\CLC\01_Processos_e_Aquisicoes\Base de Conhecimento - Thiago\01_Normativos_Vigentes\02_Estadual_PI\Lei Estadual 6782.2016 - Regula o Processo Administrativo no âmbito da Administração Pública do Estado do Piauí..md"
"G-MESTRA/reorganizar_por_tipo","REORGANIZAR","Lei Estadual 7482.2021 - Diretrizes e Reorganizacao Administrativa.md",".md","01_Normativos_Vigentes\02_Estadual_PI\Leis\Lei Estadual 7482.2021 - Diretrizes e Reorganizacao Administrativa.md","","50870","C:\Users\thiagonogueira\OneDrive - mppi.mp.br\CLC\01_Processos_e_Aquisicoes\Base de Conhecimento - Thiago\01_Normativos_Vigentes\02_Estadual_PI\Lei Estadual 7482.2021 - Diretrizes e Reorganizacao Administrativa.md"
"G-MESTRA/reorganizar_por_tipo","REORGANIZAR","Lei Estadual 7482.2021 - Regulamenta o Pregão Eletrônico.md",".md","01_Normativos_Vigentes\02_Estadual_PI\Leis\Lei Estadual 7482.2021 - Regulamenta o Pregão Eletrônico.md","","49769","C:\Users\thiagonogueira\OneDrive - mppi.mp.br\CLC\01_Processos_e_Aquisicoes\Base de Conhecimento - Thiago\01_Normativos_Vigentes\02_Estadual_PI\Lei Estadual 7482.2021 - Regulamenta o Pregão Eletrônico.md"
"G-MESTRA/reorganizar_por_tipo","REORGANIZAR","Lei Estadual 7612.2021 - Gestão de Bens Imóveis.md",".md","01_Normativos_Vigentes\02_Estadual_PI\Leis\Lei Estadual 7612.2021 - Gestão de Bens Imóveis.md","","10434","C:\Users\thiagonogueira\OneDrive - mppi.mp.br\CLC\01_Processos_e_Aquisicoes\Base de Conhecimento - Thiago\01_Normativos_Vigentes\02_Estadual_PI\Lei Estadual 7612.2021 - Gestão de Bens Imóveis.md"
"G-MESTRA/reorganizar_por_tipo","REORGANIZAR","Lei Estadual 7612.2021 - Normas de Gestao e Fiscalizacao.md",".md","01_Normativos_Vigentes\02_Estadual_PI\Leis\Lei Estadual 7612.2021 - Normas de Gestao e Fiscalizacao.md","","10971","C:\Users\thiagonogueira\OneDrive - mppi.mp.br\CLC\01_Processos_e_Aquisicoes\Base de Conhecimento - Thiago\01_Normativos_Vigentes\02_Estadual_PI\Lei Estadual 7612.2021 - Normas de Gestao e Fiscalizacao.md"
"G-MESTRA/reorganizar_por_tipo","REORGANIZAR","Lei Estadual 8914.2025 - Lei Orçamentária Anual LOA 2026.md",".md","01_Normativos_Vigentes\02_Estadual_PI\Leis\Lei Estadual 8914.2025 - Lei Orçamentária Anual LOA 2026.md","","16239","C:\Users\thiagonogueira\OneDrive - mppi.mp.br\CLC\01_Processos_e_Aquisicoes\Base de Conhecimento - Thiago\01_Normativos_Vigentes\02_Estadual_PI\Lei Estadual 8914.2025 - Lei Orçamentária Anual LOA 2026.md"
"G-MESTRA/reorganizar_por_tipo","REORGANIZAR","manual-2025(e38d727ecdd5bd1591bb6f8ab47d38bd).md",".md","01_Normativos_Vigentes\02_Estadual_PI\Manuais_e_Guias_Tecnicos\manual-2025(e38d727ecdd5bd1591bb6f8ab47d38bd).md","","44627","C:\Users\thiagonogueira\OneDrive - mppi.mp.br\CLC\01_Processos_e_Aquisicoes\Base de Conhecimento - Thiago\01_Normativos_Vigentes\02_Estadual_PI\manual-2025(e38d727ecdd5bd1591bb6f8ab47d38bd).md"
"G-MESTRA/reorganizar_por_tipo","REORGANIZAR","manual-tecnico-2024-2025(ad246a293bfd2f319f1a8b73e64903e3).md",".md","01_Normativos_Vigentes\02_Estadual_PI\Manuais_e_Guias_Tecnicos\manual-tecnico-2024-2025(ad246a293bfd2f319f1a8b73e64903e3).md","","21756","C:\Users\thiagonogueira\OneDrive - mppi.mp.br\CLC\01_Processos_e_Aquisicoes\Base de Conhecimento - Thiago\01_Normativos_Vigentes\02_Estadual_PI\manual-tecnico-2024-2025(ad246a293bfd2f319f1a8b73e64903e3).md"
"G-MESTRA/reorganizar_por_tipo","REORGANIZAR","manual-tecnico-do-orcamento.md",".md","01_Normativos_Vigentes\02_Estadual_PI\Manuais_e_Guias_Tecnicos\manual-tecnico-do-orcamento.md","","198864","C:\Users\thiagonogueira\OneDrive - mppi.mp.br\CLC\01_Processos_e_Aquisicoes\Base de Conhecimento - Thiago\01_Normativos_Vigentes\02_Estadual_PI\manual-tecnico-do-orcamento.md"
"G-MESTRA/reorganizar_por_tipo","REORGANIZAR","Portaria SEAD nº 001.2024 - Diretrizes de Contratacoes SEAD Piaui.md",".md","01_Normativos_Vigentes\02_Estadual_PI\Portarias\Portaria SEAD nº 001.2024 - Diretrizes de Contratacoes SEAD Piaui.md","","94488","C:\Users\thiagonogueira\OneDrive - mppi.mp.br\CLC\01_Processos_e_Aquisicoes\Base de Conhecimento - Thiago\01_Normativos_Vigentes\02_Estadual_PI\Portaria SEAD nº 001.2024 - Diretrizes de Contratacoes SEAD Piaui.md"
"G-MESTRA/reorganizar_por_tipo","REORGANIZAR","Resolução CGFR 002.2021 - Elaboração de Extratos de Licitação e Contratos Administrativos.md",".md","01_Normativos_Vigentes\02_Estadual_PI\Resolucoes\Resolução CGFR 002.2021 - Elaboração de Extratos de Licitação e Contratos Administrativos.md","","9808","C:\Users\thiagonogueira\OneDrive - mppi.mp.br\CLC\01_Processos_e_Aquisicoes\Base de Conhecimento - Thiago\01_Normativos_Vigentes\02_Estadual_PI\Resolução CGFR 002.2021 - Elaboração de Extratos de Licitação e Contratos Administrativos.md"
"G-MESTRA/reorganizar_por_tipo","REORGANIZAR","SEAD IN 01.2021 - Dispõe sobre o limite de adesões das atas de Registro de Preços gerenciadas pela SEADPREV.md",".md","01_Normativos_Vigentes\02_Estadual_PI\Instrucoes_Normativas\SEAD IN 01.2021 - Dispõe sobre o limite de adesões das atas de Registro de Preços gerenciadas pela SEADPREV.md","","2728","C:\Users\thiagonogueira\OneDrive - mppi.mp.br\CLC\01_Processos_e_Aquisicoes\Base de Conhecimento - Thiago\01_Normativos_Vigentes\02_Estadual_PI\SEAD IN 01.2021 - Dispõe sobre o limite de adesões das atas de Registro de Preços gerenciadas pela SEADPREV.md"
"G-MESTRA/reorganizar_por_tipo","REORGANIZAR","SEAD Portaria 631.2025.GAB.SEAD - Política de Gestão de Riscos.md",".md","01_Normativos_Vigentes\02_Estadual_PI\Portarias\SEAD Portaria 631.2025.GAB.SEAD - Política de Gestão de Riscos.md","","22403","C:\Users\thiagonogueira\OneDrive - mppi.mp.br\CLC\01_Processos_e_Aquisicoes\Base de Conhecimento - Thiago\01_Normativos_Vigentes\02_Estadual_PI\SEAD Portaria 631.2025.GAB.SEAD - Política de Gestão de Riscos.md"
"G-MESTRA/reorganizar_por_tipo","REORGANIZAR","SEAD Portaria Gab Seadprev 34.2021 - Regulamenta a Dispensa Eletrônica.md",".md","01_Normativos_Vigentes\02_Estadual_PI\Portarias\SEAD Portaria Gab Seadprev 34.2021 - Regulamenta a Dispensa Eletrônica.md","","3317","C:\Users\thiagonogueira\OneDrive - mppi.mp.br\CLC\01_Processos_e_Aquisicoes\Base de Conhecimento - Thiago\01_Normativos_Vigentes\02_Estadual_PI\SEAD Portaria Gab Seadprev 34.2021 - Regulamenta a Dispensa Eletrônica.md"
"G-MESTRA/reorganizar_por_tipo","REORGANIZAR","TCE Expediente 30.2025 - DECISAO_SESSAO-PLENARIA-07-DE-24.04.2025.md",".md","01_Normativos_Vigentes\02_Estadual_PI\Acordaos_Pareceres_Orientacoes\TCE Expediente 30.2025 - DECISAO_SESSAO-PLENARIA-07-DE-24.04.2025.md","","8511","C:\Users\thiagonogueira\OneDrive - mppi.mp.br\CLC\01_Processos_e_Aquisicoes\Base de Conhecimento - Thiago\01_Normativos_Vigentes\02_Estadual_PI\TCE Expediente 30.2025 - DECISAO_SESSAO-PLENARIA-07-DE-24.04.2025.md"
"G-MESTRA/reorganizar_por_tipo","REORGANIZAR","TCE IN 02.2026 -sistemas-licitacoes-web-contratos-web-e-obras-web.md",".md","01_Normativos_Vigentes\02_Estadual_PI\Instrucoes_Normativas\TCE IN 02.2026 -sistemas-licitacoes-web-contratos-web-e-obras-web.md","","41467","C:\Users\thiagonogueira\OneDrive - mppi.mp.br\CLC\01_Processos_e_Aquisicoes\Base de Conhecimento - Thiago\01_Normativos_Vigentes\02_Estadual_PI\TCE IN 02.2026 -sistemas-licitacoes-web-contratos-web-e-obras-web.md"
"G-MESTRA/reorganizar_por_tipo","REORGANIZAR","TCE IN 06.2017 - Licitações WEB, Contratos WEB e Obras WEB.md",".md","01_Normativos_Vigentes\02_Estadual_PI\Instrucoes_Normativas\TCE IN 06.2017 - Licitações WEB, Contratos WEB e Obras WEB.md","","40175","C:\Users\thiagonogueira\OneDrive - mppi.mp.br\CLC\01_Processos_e_Aquisicoes\Base de Conhecimento - Thiago\01_Normativos_Vigentes\02_Estadual_PI\TCE IN 06.2017 - Licitações WEB, Contratos WEB e Obras WEB.md"
"G-MESTRA/reorganizar_por_tipo","REORGANIZAR","TCE IN 07.2021 - Altera a IN 06.2017.md",".md","01_Normativos_Vigentes\02_Estadual_PI\Instrucoes_Normativas\TCE IN 07.2021 - Altera a IN 06.2017.md","","8049","C:\Users\thiagonogueira\OneDrive - mppi.mp.br\CLC\01_Processos_e_Aquisicoes\Base de Conhecimento - Thiago\01_Normativos_Vigentes\02_Estadual_PI\TCE IN 07.2021 - Altera a IN 06.2017.md"
"G-MESTRA/reorganizar_por_tipo","REORGANIZAR","TCE NT 03.2020 - Contratações de TIC.md",".md","01_Normativos_Vigentes\02_Estadual_PI\Acordaos_Pareceres_Orientacoes\TCE NT 03.2020 - Contratações de TIC.md","","54339","C:\Users\thiagonogueira\OneDrive - mppi.mp.br\CLC\01_Processos_e_Aquisicoes\Base de Conhecimento - Thiago\01_Normativos_Vigentes\02_Estadual_PI\TCE NT 03.2020 - Contratações de TIC.md"
"G-MESTRA/reorganizar_por_tipo","REORGANIZAR","Ato PGJ 1228.2022 - Suprimento de Fundos (Compilado).md",".md","01_Normativos_Vigentes\03_MPPI\Ato PGJ 1228.2022 - Suprimento de Fundos (Compilado).md","","45344","C:\Users\thiagonogueira\OneDrive - mppi.mp.br\CLC\01_Processos_e_Aquisicoes\Base de Conhecimento - Thiago\01_Normativos_Vigentes\03_MPPI\Ato PGJ 1228.2022 - Suprimento de Fundos (Compilado).md"
"G-MESTRA/reorganizar_por_tipo","REORGANIZAR","Ato PGJ 1471.2025 - Regulamenta Suprimento de Fundos MPPI.md",".md","01_Normativos_Vigentes\03_MPPI\Ato PGJ 1471.2025 - Regulamenta Suprimento de Fundos MPPI.md","","2654","C:\Users\thiagonogueira\OneDrive - mppi.mp.br\CLC\01_Processos_e_Aquisicoes\Base de Conhecimento - Thiago\01_Normativos_Vigentes\03_MPPI\Ato PGJ 1471.2025 - Regulamenta Suprimento de Fundos MPPI.md"
"G-MESTRA/reorganizar_por_tipo","REORGANIZAR","Lei Orgânica do MPPI.md",".md","01_Normativos_Vigentes\03_MPPI\Lei Orgânica do MPPI.md","","254583","C:\Users\thiagonogueira\OneDrive - mppi.mp.br\CLC\01_Processos_e_Aquisicoes\Base de Conhecimento - Thiago\01_Normativos_Vigentes\03_MPPI\Lei Orgânica do MPPI.md"
"G-MESTRA/reorganizar_por_tipo","REORGANIZAR","Modelo de DFD - TIC.md",".md","01_Normativos_Vigentes\03_MPPI\Modelo de DFD - TIC.md","","13558","C:\Users\thiagonogueira\OneDrive - mppi.mp.br\CLC\01_Processos_e_Aquisicoes\Base de Conhecimento - Thiago\01_Normativos_Vigentes\03_MPPI\Modelo de DFD - TIC.md"
"G-MESTRA/reorganizar_por_tipo","REORGANIZAR","Modelo de DFD.md",".md","01_Normativos_Vigentes\03_MPPI\Modelo de DFD.md","","8832","C:\Users\thiagonogueira\OneDrive - mppi.mp.br\CLC\01_Processos_e_Aquisicoes\Base de Conhecimento - Thiago\01_Normativos_Vigentes\03_MPPI\Modelo de DFD.md"
"G-MESTRA/reorganizar_por_tipo","REORGANIZAR","PCA 2025.md",".md","01_Normativos_Vigentes\03_MPPI\PCA 2025.md","","984239","C:\Users\thiagonogueira\OneDrive - mppi.mp.br\CLC\01_Processos_e_Aquisicoes\Base de Conhecimento - Thiago\01_Normativos_Vigentes\03_MPPI\PCA 2025.md"
"G-MESTRA/reorganizar_por_tipo","REORGANIZAR","PEI_2022_2029.md",".md","01_Normativos_Vigentes\03_MPPI\PEI_2022_2029.md","","178783","C:\Users\thiagonogueira\OneDrive - mppi.mp.br\CLC\01_Processos_e_Aquisicoes\Base de Conhecimento - Thiago\01_Normativos_Vigentes\03_MPPI\PEI_2022_2029.md"
"G-MESTRA/reorganizar_por_tipo","REORGANIZAR","Plano-Politico-Pedagogico-CEAF-2026-3.md",".md","01_Normativos_Vigentes\03_MPPI\Plano-Politico-Pedagogico-CEAF-2026-3.md","","76975","C:\Users\thiagonogueira\OneDrive - mppi.mp.br\CLC\01_Processos_e_Aquisicoes\Base de Conhecimento - Thiago\01_Normativos_Vigentes\03_MPPI\Plano-Politico-Pedagogico-CEAF-2026-3.md"
"G-MESTRA/reorganizar_por_tipo","REORGANIZAR","Res CPJ 08.2025 - Manual de Identidade Visual do MPPI.md",".md","01_Normativos_Vigentes\03_MPPI\Res CPJ 08.2025 - Manual de Identidade Visual do MPPI.md","","33181","C:\Users\thiagonogueira\OneDrive - mppi.mp.br\CLC\01_Processos_e_Aquisicoes\Base de Conhecimento - Thiago\01_Normativos_Vigentes\03_MPPI\Res CPJ 08.2025 - Manual de Identidade Visual do MPPI.md"
"G-MESTRA/reorganizar_por_tipo","REORGANIZAR","Contratações de TI – Gestão de Contrato.md",".md","01_Normativos_Vigentes\04_CNMP\Outros_Normativos\Contratações de TI – Gestão de Contrato.md","","18219","C:\Users\thiagonogueira\OneDrive - mppi.mp.br\CLC\01_Processos_e_Aquisicoes\Base de Conhecimento - Thiago\01_Normativos_Vigentes\04_CNMP\Contratações de TI – Gestão de Contrato.md"
"G-MESTRA/reorganizar_por_tipo","REORGANIZAR","Contratações de TI – Planejamento da.md",".md","01_Normativos_Vigentes\04_CNMP\Outros_Normativos\Contratações de TI – Planejamento da.md","","52923","C:\Users\thiagonogueira\OneDrive - mppi.mp.br\CLC\01_Processos_e_Aquisicoes\Base de Conhecimento - Thiago\01_Normativos_Vigentes\04_CNMP\Contratações de TI – Planejamento da.md"
"G-MESTRA/reorganizar_por_tipo","REORGANIZAR","Contratações de TI – Visão Geral.md",".md","01_Normativos_Vigentes\04_CNMP\Outros_Normativos\Contratações de TI – Visão Geral.md","","3437","C:\Users\thiagonogueira\OneDrive - mppi.mp.br\CLC\01_Processos_e_Aquisicoes\Base de Conhecimento - Thiago\01_Normativos_Vigentes\04_CNMP\Contratações de TI – Visão Geral.md"
"G-MESTRA/reorganizar_por_tipo","REORGANIZAR","Contratações de TI-Seleção de Fornecedores.md",".md","01_Normativos_Vigentes\04_CNMP\Outros_Normativos\Contratações de TI-Seleção de Fornecedores.md","","6476","C:\Users\thiagonogueira\OneDrive - mppi.mp.br\CLC\01_Processos_e_Aquisicoes\Base de Conhecimento - Thiago\01_Normativos_Vigentes\04_CNMP\Contratações de TI-Seleção de Fornecedores.md"
"G-MESTRA/reorganizar_por_tipo","REORGANIZAR","Manual da Plataforma MP Digital.md",".md","01_Normativos_Vigentes\04_CNMP\Manuais_e_Guias_Tecnicos\Manual da Plataforma MP Digital.md","","18060","C:\Users\thiagonogueira\OneDrive - mppi.mp.br\CLC\01_Processos_e_Aquisicoes\Base de Conhecimento - Thiago\01_Normativos_Vigentes\04_CNMP\Manual da Plataforma MP Digital.md"
"G-MESTRA/reorganizar_por_tipo","REORGANIZAR","MOTec.md",".md","01_Normativos_Vigentes\04_CNMP\Outros_Normativos\MOTec.md","","141228","C:\Users\thiagonogueira\OneDrive - mppi.mp.br\CLC\01_Processos_e_Aquisicoes\Base de Conhecimento - Thiago\01_Normativos_Vigentes\04_CNMP\MOTec.md"
"G-MESTRA/reorganizar_por_tipo","REORGANIZAR","Resolucao-CNMP-n-281-de-2023 (Politica de Governanca das Contratacoes).md",".md","01_Normativos_Vigentes\04_CNMP\Resolucoes\Resolucao-CNMP-n-281-de-2023 (Politica de Governanca das Contratacoes).md","","158446","C:\Users\thiagonogueira\OneDrive - mppi.mp.br\CLC\01_Processos_e_Aquisicoes\Base de Conhecimento - Thiago\01_Normativos_Vigentes\04_CNMP\Resolucao-CNMP-n-281-de-2023 (Politica de Governanca das Contratacoes).md"
"G-MESTRA/reorganizar_por_tipo","REORGANIZAR","Resolucao-CNMP-n-283 (Disciplina contratações de TIC).md",".md","01_Normativos_Vigentes\04_CNMP\Resolucoes\Resolucao-CNMP-n-283 (Disciplina contratações de TIC).md","","56266","C:\Users\thiagonogueira\OneDrive - mppi.mp.br\CLC\01_Processos_e_Aquisicoes\Base de Conhecimento - Thiago\01_Normativos_Vigentes\04_CNMP\Resolucao-CNMP-n-283 (Disciplina contratações de TIC).md"
"G-MESTRA/reorganizar_por_tipo","REORGANIZAR","Acordao TCE-PI 300.2025 - Primeira Camara - Irregularidades Pregao e Adesao ARP.md",".md","01_Normativos_Vigentes\05_TCE_PI\Acordaos_Pareceres_Orientacoes\Acordao TCE-PI 300.2025 - Primeira Camara - Irregularidades Pregao e Adesao ARP.md","","183489","C:\Users\thiagonogueira\OneDrive - mppi.mp.br\CLC\01_Processos_e_Aquisicoes\Base de Conhecimento - Thiago\01_Normativos_Vigentes\05_TCE_PI\Acordao TCE-PI 300.2025 - Primeira Camara - Irregularidades Pregao e Adesao ARP.md"
"G-MESTRA/reorganizar_por_tipo","REORGANIZAR","IN TCE-PI nº 06.2017 - Sistemas Licitacoes Contratos e Obras Web.md",".md","01_Normativos_Vigentes\05_TCE_PI\Outros_Normativos\IN TCE-PI nº 06.2017 - Sistemas Licitacoes Contratos e Obras Web.md","","39989","C:\Users\thiagonogueira\OneDrive - mppi.mp.br\CLC\01_Processos_e_Aquisicoes\Base de Conhecimento - Thiago\01_Normativos_Vigentes\05_TCE_PI\IN TCE-PI nº 06.2017 - Sistemas Licitacoes Contratos e Obras Web.md"
"G-MESTRA/reorganizar_por_tipo","REORGANIZAR","IN TCE-PI nº 07.2021 - Altera IN 06.2017 Licitacoes Web.md",".md","01_Normativos_Vigentes\05_TCE_PI\Instrucoes_Normativas\IN TCE-PI nº 07.2021 - Altera IN 06.2017 Licitacoes Web.md","","23542","C:\Users\thiagonogueira\OneDrive - mppi.mp.br\CLC\01_Processos_e_Aquisicoes\Base de Conhecimento - Thiago\01_Normativos_Vigentes\05_TCE_PI\IN TCE-PI nº 07.2021 - Altera IN 06.2017 Licitacoes Web.md"
"G-MESTRA/reorganizar_por_tipo","REORGANIZAR","Instrução Normativa TCE-PI 002.2026 - Sistemas Licitacoes Web Contratos Web e Obras Web.md",".md","01_Normativos_Vigentes\05_TCE_PI\Instrucoes_Normativas\Instrução Normativa TCE-PI 002.2026 - Sistemas Licitacoes Web Contratos Web e Obras Web.md","","41931","C:\Users\thiagonogueira\OneDrive - mppi.mp.br\CLC\01_Processos_e_Aquisicoes\Base de Conhecimento - Thiago\01_Normativos_Vigentes\05_TCE_PI\Instrução Normativa TCE-PI 002.2026 - Sistemas Licitacoes Web Contratos Web e Obras Web.md"
"G-MESTRA/reorganizar_por_tipo","REORGANIZAR","Instrução Normativa TCE-PI 002.2026 - Sistemas Licitacoes Web Contratos Web e Obras Web.pdf",".pdf","01_Normativos_Vigentes\05_TCE_PI\Instrucoes_Normativas\Instrução Normativa TCE-PI 002.2026 - Sistemas Licitacoes Web Contratos Web e Obras Web.pdf","","218031","C:\Users\thiagonogueira\OneDrive - mppi.mp.br\CLC\01_Processos_e_Aquisicoes\Base de Conhecimento - Thiago\01_Normativos_Vigentes\05_TCE_PI\Instrução Normativa TCE-PI 002.2026 - Sistemas Licitacoes Web Contratos Web e Obras Web.pdf"
"G-MESTRA/reorganizar_por_tipo","REORGANIZAR","Instrução Normativa TCE-PI 007.2021 - Altera IN 06.2017 Licitacoes Web.md",".md","01_Normativos_Vigentes\05_TCE_PI\Instrucoes_Normativas\Instrução Normativa TCE-PI 007.2021 - Altera IN 06.2017 Licitacoes Web.md","","8444","C:\Users\thiagonogueira\OneDrive - mppi.mp.br\CLC\01_Processos_e_Aquisicoes\Base de Conhecimento - Thiago\01_Normativos_Vigentes\05_TCE_PI\Instrução Normativa TCE-PI 007.2021 - Altera IN 06.2017 Licitacoes Web.md"
"G-MESTRA/reorganizar_por_tipo","REORGANIZAR","Instrução Normativa TCE-PI 007.2021 - Altera IN 06.2017 Licitacoes Web.pdf",".pdf","01_Normativos_Vigentes\05_TCE_PI\Instrucoes_Normativas\Instrução Normativa TCE-PI 007.2021 - Altera IN 06.2017 Licitacoes Web.pdf","","241137","C:\Users\thiagonogueira\OneDrive - mppi.mp.br\CLC\01_Processos_e_Aquisicoes\Base de Conhecimento - Thiago\01_Normativos_Vigentes\05_TCE_PI\Instrução Normativa TCE-PI 007.2021 - Altera IN 06.2017 Licitacoes Web.pdf"
"G-MESTRA/reorganizar_por_tipo","REORGANIZAR","Lei Estadual 5888.2009 - Lei Organica do TCE-PI Atualizada ate 2026.md",".md","01_Normativos_Vigentes\05_TCE_PI\Leis\Lei Estadual 5888.2009 - Lei Organica do TCE-PI Atualizada ate 2026.md","","124903","C:\Users\thiagonogueira\OneDrive - mppi.mp.br\CLC\01_Processos_e_Aquisicoes\Base de Conhecimento - Thiago\01_Normativos_Vigentes\05_TCE_PI\Lei Estadual 5888.2009 - Lei Organica do TCE-PI Atualizada ate 2026.md"
"G-MESTRA/reorganizar_por_tipo","REORGANIZAR","Nota Técnica TCE-PI 001.2025 - Contratacoes por Tempo Determinado e Terceirizacoes.md",".md","01_Normativos_Vigentes\05_TCE_PI\Acordaos_Pareceres_Orientacoes\Nota Técnica TCE-PI 001.2025 - Contratacoes por Tempo Determinado e Terceirizacoes.md","","12783","C:\Users\thiagonogueira\OneDrive - mppi.mp.br\CLC\01_Processos_e_Aquisicoes\Base de Conhecimento - Thiago\01_Normativos_Vigentes\05_TCE_PI\Nota Técnica TCE-PI 001.2025 - Contratacoes por Tempo Determinado e Terceirizacoes.md"
"G-MESTRA/reorganizar_por_tipo","REORGANIZAR","Nota Técnica TCE-PI 001.2025 - Contratacoes por Tempo Determinado e Terceirizacoes.pdf",".pdf","01_Normativos_Vigentes\05_TCE_PI\Acordaos_Pareceres_Orientacoes\Nota Técnica TCE-PI 001.2025 - Contratacoes por Tempo Determinado e Terceirizacoes.pdf","","332392","C:\Users\thiagonogueira\OneDrive - mppi.mp.br\CLC\01_Processos_e_Aquisicoes\Base de Conhecimento - Thiago\01_Normativos_Vigentes\05_TCE_PI\Nota Técnica TCE-PI 001.2025 - Contratacoes por Tempo Determinado e Terceirizacoes.pdf"
"G-MESTRA/reorganizar_por_tipo","REORGANIZAR","Nota Técnica TCE-PI 002.2024 - Despesas com Festas Shows Artistas e Bandas.md",".md","01_Normativos_Vigentes\05_TCE_PI\Acordaos_Pareceres_Orientacoes\Nota Técnica TCE-PI 002.2024 - Despesas com Festas Shows Artistas e Bandas.md","","10124","C:\Users\thiagonogueira\OneDrive - mppi.mp.br\CLC\01_Processos_e_Aquisicoes\Base de Conhecimento - Thiago\01_Normativos_Vigentes\05_TCE_PI\Nota Técnica TCE-PI 002.2024 - Despesas com Festas Shows Artistas e Bandas.md"
"G-MESTRA/reorganizar_por_tipo","REORGANIZAR","Resolucao TCE-PI nº 09.2025 - Padroes Decisoes e Acordaos.md",".md","01_Normativos_Vigentes\05_TCE_PI\Resolucoes\Resolucao TCE-PI nº 09.2025 - Padroes Decisoes e Acordaos.md","","9665","C:\Users\thiagonogueira\OneDrive - mppi.mp.br\CLC\01_Processos_e_Aquisicoes\Base de Conhecimento - Thiago\01_Normativos_Vigentes\05_TCE_PI\Resolucao TCE-PI nº 09.2025 - Padroes Decisoes e Acordaos.md"
"G-MESTRA/reorganizar_por_tipo","REORGANIZAR","Resolucao TCE-PI nº 10.2020 - Procedimento de Levantamento.md",".md","01_Normativos_Vigentes\05_TCE_PI\Resolucoes\Resolucao TCE-PI nº 10.2020 - Procedimento de Levantamento.md","","34055","C:\Users\thiagonogueira\OneDrive - mppi.mp.br\CLC\01_Processos_e_Aquisicoes\Base de Conhecimento - Thiago\01_Normativos_Vigentes\05_TCE_PI\Resolucao TCE-PI nº 10.2020 - Procedimento de Levantamento.md"
"G-MESTRA/reorganizar_por_tipo","REORGANIZAR","Resolucao TCE-PI nº 19.2024 - Regimento Interno do TCE-PI.md",".md","01_Normativos_Vigentes\05_TCE_PI\Resolucoes\Resolucao TCE-PI nº 19.2024 - Regimento Interno do TCE-PI.md","","277353","C:\Users\thiagonogueira\OneDrive - mppi.mp.br\CLC\01_Processos_e_Aquisicoes\Base de Conhecimento - Thiago\01_Normativos_Vigentes\05_TCE_PI\Resolucao TCE-PI nº 19.2024 - Regimento Interno do TCE-PI.md"
"G-MESTRA/reorganizar_por_tipo","REORGANIZAR","Resolucao TCE-PI nº 20.2024 - Alteracao Regimental.md",".md","01_Normativos_Vigentes\05_TCE_PI\Resolucoes\Resolucao TCE-PI nº 20.2024 - Alteracao Regimental.md","","2660","C:\Users\thiagonogueira\OneDrive - mppi.mp.br\CLC\01_Processos_e_Aquisicoes\Base de Conhecimento - Thiago\01_Normativos_Vigentes\05_TCE_PI\Resolucao TCE-PI nº 20.2024 - Alteracao Regimental.md"
"G-MESTRA/reorganizar_por_tipo","REORGANIZAR","Resolucao TCE-PI nº 37.2024 - Deliberacoes e Medidas Corretivas.md",".md","01_Normativos_Vigentes\05_TCE_PI\Resolucoes\Resolucao TCE-PI nº 37.2024 - Deliberacoes e Medidas Corretivas.md","","23578","C:\Users\thiagonogueira\OneDrive - mppi.mp.br\CLC\01_Processos_e_Aquisicoes\Base de Conhecimento - Thiago\01_Normativos_Vigentes\05_TCE_PI\Resolucao TCE-PI nº 37.2024 - Deliberacoes e Medidas Corretivas.md"
"G-MESTRA/reorganizar_por_tipo","REORGANIZAR","Resolução TCE-PI 011.2026 - Gestao e Fiscalizacao de Contratos Administrativos.md",".md","01_Normativos_Vigentes\05_TCE_PI\Resolucoes\Resolução TCE-PI 011.2026 - Gestao e Fiscalizacao de Contratos Administrativos.md","","35019","C:\Users\thiagonogueira\OneDrive - mppi.mp.br\CLC\01_Processos_e_Aquisicoes\Base de Conhecimento - Thiago\01_Normativos_Vigentes\05_TCE_PI\Resolução TCE-PI 011.2026 - Gestao e Fiscalizacao de Contratos Administrativos.md"
"G-MESTRA/reorganizar_por_tipo","REORGANIZAR","Resolução TCE-PI 011.2026 - Gestao e Fiscalizacao de Contratos Administrativos.pdf",".pdf","01_Normativos_Vigentes\05_TCE_PI\Resolucoes\Resolução TCE-PI 011.2026 - Gestao e Fiscalizacao de Contratos Administrativos.pdf","","307405","C:\Users\thiagonogueira\OneDrive - mppi.mp.br\CLC\01_Processos_e_Aquisicoes\Base de Conhecimento - Thiago\01_Normativos_Vigentes\05_TCE_PI\Resolução TCE-PI 011.2026 - Gestao e Fiscalizacao de Contratos Administrativos.pdf"
"G-MESTRA/reorganizar_por_tipo","REORGANIZAR","Resolução TCE-PI 017.2024 - Pesquisa de Precos.md",".md","01_Normativos_Vigentes\05_TCE_PI\Resolucoes\Resolução TCE-PI 017.2024 - Pesquisa de Precos.md","","17138","C:\Users\thiagonogueira\OneDrive - mppi.mp.br\CLC\01_Processos_e_Aquisicoes\Base de Conhecimento - Thiago\01_Normativos_Vigentes\05_TCE_PI\Resolução TCE-PI 017.2024 - Pesquisa de Precos.md"
"G-MESTRA/reorganizar_por_tipo","REORGANIZAR","Resolução TCE-PI 017.2024 - Pesquisa de Precos.pdf",".pdf","01_Normativos_Vigentes\05_TCE_PI\Resolucoes\Resolução TCE-PI 017.2024 - Pesquisa de Precos.pdf","","177866","C:\Users\thiagonogueira\OneDrive - mppi.mp.br\CLC\01_Processos_e_Aquisicoes\Base de Conhecimento - Thiago\01_Normativos_Vigentes\05_TCE_PI\Resolução TCE-PI 017.2024 - Pesquisa de Precos.pdf"
"G-MESTRA/reorganizar_por_tipo","REORGANIZAR","Resolução TCE-PI 039.2023 - Plano de Contratacoes Anual.md",".md","01_Normativos_Vigentes\05_TCE_PI\Resolucoes\Resolução TCE-PI 039.2023 - Plano de Contratacoes Anual.md","","18915","C:\Users\thiagonogueira\OneDrive - mppi.mp.br\CLC\01_Processos_e_Aquisicoes\Base de Conhecimento - Thiago\01_Normativos_Vigentes\05_TCE_PI\Resolução TCE-PI 039.2023 - Plano de Contratacoes Anual.md"
"G-MESTRA/reorganizar_por_tipo","REORGANIZAR","Resolução TCE-PI 039.2023 - Plano de Contratacoes Anual.pdf",".pdf","01_Normativos_Vigentes\05_TCE_PI\Resolucoes\Resolução TCE-PI 039.2023 - Plano de Contratacoes Anual.pdf","","188402","C:\Users\thiagonogueira\OneDrive - mppi.mp.br\CLC\01_Processos_e_Aquisicoes\Base de Conhecimento - Thiago\01_Normativos_Vigentes\05_TCE_PI\Resolução TCE-PI 039.2023 - Plano de Contratacoes Anual.pdf"
"G-MESTRA/reorganizar_por_tipo","REORGANIZAR","Analise de Primeira Linha SLC TJPI - Controle Interno.md",".md","01_Normativos_Vigentes\06_TJPI\Outros_Normativos\Analise de Primeira Linha SLC TJPI - Controle Interno.md","","41411","C:\Users\thiagonogueira\OneDrive - mppi.mp.br\CLC\01_Processos_e_Aquisicoes\Base de Conhecimento - Thiago\01_Normativos_Vigentes\06_TJPI\Analise de Primeira Linha SLC TJPI - Controle Interno.md"
"G-MESTRA/reorganizar_por_tipo","REORGANIZAR","Fluxogramas de Processos Licitatorios TJPI.md",".md","01_Normativos_Vigentes\06_TJPI\Outros_Normativos\Fluxogramas de Processos Licitatorios TJPI.md","","7781","C:\Users\thiagonogueira\OneDrive - mppi.mp.br\CLC\01_Processos_e_Aquisicoes\Base de Conhecimento - Thiago\01_Normativos_Vigentes\06_TJPI\Fluxogramas de Processos Licitatorios TJPI.md"
"G-MESTRA/reorganizar_por_tipo","REORGANIZAR","Lista de Verificacao SGC TJPI - Conformidade Licitatoria.md",".md","01_Normativos_Vigentes\06_TJPI\Outros_Normativos\Lista de Verificacao SGC TJPI - Conformidade Licitatoria.md","","2781","C:\Users\thiagonogueira\OneDrive - mppi.mp.br\CLC\01_Processos_e_Aquisicoes\Base de Conhecimento - Thiago\01_Normativos_Vigentes\06_TJPI\Lista de Verificacao SGC TJPI - Conformidade Licitatoria.md"
"G-MESTRA/reorganizar_por_tipo","REORGANIZAR","Lista de Verificacao SLC TJPI - Servicos e Licitacoes.md",".md","01_Normativos_Vigentes\06_TJPI\Outros_Normativos\Lista de Verificacao SLC TJPI - Servicos e Licitacoes.md","","3494","C:\Users\thiagonogueira\OneDrive - mppi.mp.br\CLC\01_Processos_e_Aquisicoes\Base de Conhecimento - Thiago\01_Normativos_Vigentes\06_TJPI\Lista de Verificacao SLC TJPI - Servicos e Licitacoes.md"
"G-MESTRA/reorganizar_por_tipo","REORGANIZAR","Manual de Licitacoes e Contratos TJPI (2023-2024).md",".md","01_Normativos_Vigentes\06_TJPI\Manuais_e_Guias_Tecnicos\Manual de Licitacoes e Contratos TJPI (2023-2024).md","","114115","C:\Users\thiagonogueira\OneDrive - mppi.mp.br\CLC\01_Processos_e_Aquisicoes\Base de Conhecimento - Thiago\01_Normativos_Vigentes\06_TJPI\Manual de Licitacoes e Contratos TJPI (2023-2024).md"
"G-MESTRA/reorganizar_por_tipo","REORGANIZAR","Modelo de Aviso de Dispensa de Licitacao TJPI.md",".md","01_Normativos_Vigentes\06_TJPI\Outros_Normativos\Modelo de Aviso de Dispensa de Licitacao TJPI.md","","3602","C:\Users\thiagonogueira\OneDrive - mppi.mp.br\CLC\01_Processos_e_Aquisicoes\Base de Conhecimento - Thiago\01_Normativos_Vigentes\06_TJPI\Modelo de Aviso de Dispensa de Licitacao TJPI.md"
"G-MESTRA/reorganizar_por_tipo","REORGANIZAR","Modelo de Justificativa Tecnico-Administrativa TJPI (Parecer do Agente).md",".md","01_Normativos_Vigentes\06_TJPI\Acordaos_Pareceres_Orientacoes\Modelo de Justificativa Tecnico-Administrativa TJPI (Parecer do Agente).md","","31933","C:\Users\thiagonogueira\OneDrive - mppi.mp.br\CLC\01_Processos_e_Aquisicoes\Base de Conhecimento - Thiago\01_Normativos_Vigentes\06_TJPI\Modelo de Justificativa Tecnico-Administrativa TJPI (Parecer do Agente).md"
"G-MESTRA/reorganizar_por_tipo","REORGANIZAR","Portaria TJPI nº 2899.2023 - Dispensa de Licitacao.md",".md","01_Normativos_Vigentes\06_TJPI\Portarias\Portaria TJPI nº 2899.2023 - Dispensa de Licitacao.md","","30433","C:\Users\thiagonogueira\OneDrive - mppi.mp.br\CLC\01_Processos_e_Aquisicoes\Base de Conhecimento - Thiago\01_Normativos_Vigentes\06_TJPI\Portaria TJPI nº 2899.2023 - Dispensa de Licitacao.md"
"G-MESTRA/reorganizar_por_tipo","REORGANIZAR","Provimento TJPI nº 13.2025 - Regulamento de Obras Servicos Compras e Alienacoes.md",".md","01_Normativos_Vigentes\06_TJPI\Outros_Normativos\Provimento TJPI nº 13.2025 - Regulamento de Obras Servicos Compras e Alienacoes.md","","98694","C:\Users\thiagonogueira\OneDrive - mppi.mp.br\CLC\01_Processos_e_Aquisicoes\Base de Conhecimento - Thiago\01_Normativos_Vigentes\06_TJPI\Provimento TJPI nº 13.2025 - Regulamento de Obras Servicos Compras e Alienacoes.md"
