Status,Score,PDF,MD_Origem,MD_Destino
MD_USADO_POR_VARIOS_PDFS,1.0,SEI_TJPI_-_6640734_-_Provimento.pdf,C:\Users\thiagonogueira\OneDrive - mppi.mp.br\CLC\01_Processos_e_Aquisicoes\Base de Conhecimento - Thiago\01_Normativos_Vigentes\06_TJPI\Outros_Normativos\Provimento TJPI nº 13.2025 - Regulamento de Obras Servicos Compras e Alienacoes.md,C:\Users\thiagonogueira\OneDrive - mppi.mp.br\CLC\01_Processos_e_Aquisicoes\Base de Conhecimento - Thiago\SEI_TJPI_-_6640734_-_Provimento.md
OK,1.0,Portaria Fedral - n8678.0 - 2021.pdf,C:\Users\thiagonogueira\OneDrive - mppi.mp.br\CLC\01_Processos_e_Aquisicoes\Base de Conhecimento - Thiago\01_Normativos_Vigentes\01_Federal\Portarias\Federal - Portaria 8678.2021 - Governanca de Contratacoes Publicas.md,C:\Users\thiagonogueira\OneDrive - mppi.mp.br\CLC\01_Processos_e_Aquisicoes\Base de Conhecimento - Thiago\01_Normativos_Vigentes\01_Federal\Portarias\Portaria Fedral - n8678.0 - 2021.md
OK,1.0,Nota Técnica Estadual - n032020112020 - 2020.pdf,C:\Users\thiagonogueira\OneDrive - mppi.mp.br\CLC\01_Processos_e_Aquisicoes\Base de Conhecimento - Thiago\01_Normativos_Vigentes\02_Estadual_PI\Acordaos_Pareceres_Orientacoes\TCE NT 03.2020 - Contratações de TIC.md,C:\Users\thiagonogueira\OneDrive - mppi.mp.br\CLC\01_Processos_e_Aquisicoes\Base de Conhecimento - Thiago\01_Normativos_Vigentes\02_Estadual_PI\Acordaos_Pareceres_Orientacoes\Nota Técnica Estadual - n032020112020 - 2020.md
OK,1.0,DECRETO - n11.319 - 2004.pdf,C:\Users\thiagonogueira\OneDrive - mppi.mp.br\CLC\01_Processos_e_Aquisicoes\Base de Conhecimento - Thiago\01_Normativos_Vigentes\02_Estadual_PI\Decretos\Decreto Estadual 11319.2004 - Sistema de Registro de Precos Estadual.md,C:\Users\thiagonogueira\OneDrive - mppi.mp.br\CLC\01_Processos_e_Aquisicoes\Base de Conhecimento - Thiago\01_Normativos_Vigentes\02_Estadual_PI\Decretos\DECRETO - n11.319 - 2004.md
SCORE_BAIXO_CONFERIR,0.77,Decreto Estadual - n11.320132004 - 2004.pdf,C:\Users\thiagonogueira\OneDrive - mppi.mp.br\CLC\01_Processos_e_Aquisicoes\Base de Conhecimento - Thiago\01_Normativos_Vigentes\02_Estadual_PI\Decretos\Decreto Estadual 11320.2004 - Cadastro Unico de Fornecedores do Piaui.md,C:\Users\thiagonogueira\OneDrive - mppi.mp.br\CLC\01_Processos_e_Aquisicoes\Base de Conhecimento - Thiago\01_Normativos_Vigentes\02_Estadual_PI\Decretos\Decreto Estadual - n11.320132004 - 2004.md
OK,1.0,Decreto Estadual - n11.346302004 - 2004.pdf,C:\Users\thiagonogueira\OneDrive - mppi.mp.br\CLC\01_Processos_e_Aquisicoes\Base de Conhecimento - Thiago\01_Normativos_Vigentes\02_Estadual_PI\Decretos\Decreto Estadual 11346.2004 - Modalidade Pregao no Piaui.md,C:\Users\thiagonogueira\OneDrive - mppi.mp.br\CLC\01_Processos_e_Aquisicoes\Base de Conhecimento - Thiago\01_Normativos_Vigentes\02_Estadual_PI\Decretos\Decreto Estadual - n11.346302004 - 2004.md
OK,1.0,Decreto Estadual - n13.701052009 - 2009.pdf,C:\Users\thiagonogueira\OneDrive - mppi.mp.br\CLC\01_Processos_e_Aquisicoes\Base de Conhecimento - Thiago\01_Normativos_Vigentes\02_Estadual_PI\Decretos\Decreto Estadual 13701.2009 - Contratacoes Publicas Sustentaveis.md,C:\Users\thiagonogueira\OneDrive - mppi.mp.br\CLC\01_Processos_e_Aquisicoes\Base de Conhecimento - Thiago\01_Normativos_Vigentes\02_Estadual_PI\Decretos\Decreto Estadual - n13.701052009 - 2009.md
OK,1.0,Decreto Estadual - n14.386182011 - 2011.pdf,C:\Users\thiagonogueira\OneDrive - mppi.mp.br\CLC\01_Processos_e_Aquisicoes\Base de Conhecimento - Thiago\01_Normativos_Vigentes\02_Estadual_PI\Decretos\Decreto Estadual 14386.2011 - Aquisicao Locacao e Controle de Veiculos Oficiais.md,C:\Users\thiagonogueira\OneDrive - mppi.mp.br\CLC\01_Processos_e_Aquisicoes\Base de Conhecimento - Thiago\01_Normativos_Vigentes\02_Estadual_PI\Decretos\Decreto Estadual - n14.386182011 - 2011.md
OK,1.0,Decreto Estadual - n14.483262011 - 2011.pdf,C:\Users\thiagonogueira\OneDrive - mppi.mp.br\CLC\01_Processos_e_Aquisicoes\Base de Conhecimento - Thiago\01_Normativos_Vigentes\02_Estadual_PI\Decretos\Decreto Estadual 14483.2011 - Contratacao de Servicos no Executivo Estadual (Compilado).md,C:\Users\thiagonogueira\OneDrive - mppi.mp.br\CLC\01_Processos_e_Aquisicoes\Base de Conhecimento - Thiago\01_Normativos_Vigentes\02_Estadual_PI\Decretos\Decreto Estadual - n14.483262011 - 2011.md
OK,1.0,Decreto Estadual - n14.891112012 - 2012.pdf,C:\Users\thiagonogueira\OneDrive - mppi.mp.br\CLC\01_Processos_e_Aquisicoes\Base de Conhecimento - Thiago\01_Normativos_Vigentes\02_Estadual_PI\Decretos\Decreto Estadual 14891.2012 - Aquisicao e Concessao de Passagens Aereas (Compilado).md,C:\Users\thiagonogueira\OneDrive - mppi.mp.br\CLC\01_Processos_e_Aquisicoes\Base de Conhecimento - Thiago\01_Normativos_Vigentes\02_Estadual_PI\Decretos\Decreto Estadual - n14.891112012 - 2012.md
OK,0.99,Decreto Estadual - n16.21252015 - 2015.pdf,"C:\Users\thiagonogueira\OneDrive - mppi.mp.br\CLC\01_Processos_e_Aquisicoes\Base de Conhecimento - Thiago\01_Normativos_Vigentes\02_Estadual_PI\Decretos\Decreto Estadual 16212.2015 - Regulamenta o tratamento favorecido, diferenciado e simplificado para as microempresas, empresas de pequeno....md",C:\Users\thiagonogueira\OneDrive - mppi.mp.br\CLC\01_Processos_e_Aquisicoes\Base de Conhecimento - Thiago\01_Normativos_Vigentes\02_Estadual_PI\Decretos\Decreto Estadual - n16.21252015 - 2015.md
OK,0.99,Decreto Estadual - n16.266032015 - 2015.pdf,"C:\Users\thiagonogueira\OneDrive - mppi.mp.br\CLC\01_Processos_e_Aquisicoes\Base de Conhecimento - Thiago\01_Normativos_Vigentes\02_Estadual_PI\Decretos\Decreto Estadual 16266.2015 - Regulamenta o art. 41, II, da Lei Estadual nº 7.884, de 08 de dezembro de 2022, disciplina patrocínio dos... [ALTERADO POSTERIORMENTE].md",C:\Users\thiagonogueira\OneDrive - mppi.mp.br\CLC\01_Processos_e_Aquisicoes\Base de Conhecimento - Thiago\01_Normativos_Vigentes\02_Estadual_PI\Decretos\Decreto Estadual - n16.266032015 - 2015.md
OK,0.99,Decreto Estadual - n16.73722016 - 2016.pdf,"C:\Users\thiagonogueira\OneDrive - mppi.mp.br\CLC\01_Processos_e_Aquisicoes\Base de Conhecimento - Thiago\01_Normativos_Vigentes\02_Estadual_PI\Decretos\Decreto Estadual 16737.2016 - Estabelece parâmetros para elaboração de extratos de contratos administrativos e aditamentos contratuais, a....md",C:\Users\thiagonogueira\OneDrive - mppi.mp.br\CLC\01_Processos_e_Aquisicoes\Base de Conhecimento - Thiago\01_Normativos_Vigentes\02_Estadual_PI\Decretos\Decreto Estadual - n16.73722016 - 2016.md
OK,0.99,Decreto Estadual - n17.084032017 - 2017.pdf,"C:\Users\thiagonogueira\OneDrive - mppi.mp.br\CLC\01_Processos_e_Aquisicoes\Base de Conhecimento - Thiago\01_Normativos_Vigentes\02_Estadual_PI\Decretos\Decreto Estadual 17084.2017 - Dispõe sobre a Programação Orçamentária e Financeira dos órgãos e entidades do Poder Executivo, relativa a....md",C:\Users\thiagonogueira\OneDrive - mppi.mp.br\CLC\01_Processos_e_Aquisicoes\Base de Conhecimento - Thiago\01_Normativos_Vigentes\02_Estadual_PI\Decretos\Decreto Estadual - n17.084032017 - 2017.md
OK,1.0,Decreto Estadual - n19.841062021 - 2021.pdf,C:\Users\thiagonogueira\OneDrive - mppi.mp.br\CLC\01_Processos_e_Aquisicoes\Base de Conhecimento - Thiago\01_Normativos_Vigentes\02_Estadual_PI\Decretos\Decreto Estadual 19841.2021 - Dispõe sobre os procedimentos e critérios para o reequilíbrio econômico-financeiro de contratos....md,C:\Users\thiagonogueira\OneDrive - mppi.mp.br\CLC\01_Processos_e_Aquisicoes\Base de Conhecimento - Thiago\01_Normativos_Vigentes\02_Estadual_PI\Decretos\Decreto Estadual - n19.841062021 - 2021.md
OK,1.0,Decreto Estadual - n20.096112021 - 2021.pdf,C:\Users\thiagonogueira\OneDrive - mppi.mp.br\CLC\01_Processos_e_Aquisicoes\Base de Conhecimento - Thiago\01_Normativos_Vigentes\02_Estadual_PI\Decretos\Decreto Estadual 20096.2021 - Credenciamento de Fornecedores e Prestadores de Servicos (Compilado).md,C:\Users\thiagonogueira\OneDrive - mppi.mp.br\CLC\01_Processos_e_Aquisicoes\Base de Conhecimento - Thiago\01_Normativos_Vigentes\02_Estadual_PI\Decretos\Decreto Estadual - n20.096112021 - 2021.md
OK,0.99,Decreto Estadual - n20.110132021 - 2021.pdf,C:\Users\thiagonogueira\OneDrive - mppi.mp.br\CLC\01_Processos_e_Aquisicoes\Base de Conhecimento - Thiago\01_Normativos_Vigentes\02_Estadual_PI\Decretos\Decreto Estadual 20110.2021 - Dispõe sobre o regime de licitações e contratos administrativos a ser utilizado no âmbito da Administração....md,C:\Users\thiagonogueira\OneDrive - mppi.mp.br\CLC\01_Processos_e_Aquisicoes\Base de Conhecimento - Thiago\01_Normativos_Vigentes\02_Estadual_PI\Decretos\Decreto Estadual - n20.110132021 - 2021.md
OK,1.0,Decreto Estadual - n21.812092023 - 2023.pdf,C:\Users\thiagonogueira\OneDrive - mppi.mp.br\CLC\01_Processos_e_Aquisicoes\Base de Conhecimento - Thiago\01_Normativos_Vigentes\02_Estadual_PI\Decretos\Decreto Estadual 21812.2023 - Dispõe sobre limites de gastos para contratação de bandas e atrações artísticas para eventos festivos no ano....md,C:\Users\thiagonogueira\OneDrive - mppi.mp.br\CLC\01_Processos_e_Aquisicoes\Base de Conhecimento - Thiago\01_Normativos_Vigentes\02_Estadual_PI\Decretos\Decreto Estadual - n21.812092023 - 2023.md
OK,0.96,Decreto Estadual - n21.813092023 - 2023.pdf,C:\Users\thiagonogueira\OneDrive - mppi.mp.br\CLC\01_Processos_e_Aquisicoes\Base de Conhecimento - Thiago\01_Normativos_Vigentes\02_Estadual_PI\Decretos\Decreto Estadual  21813.2023 - Licitações e Contratos de Publicidade.md,C:\Users\thiagonogueira\OneDrive - mppi.mp.br\CLC\01_Processos_e_Aquisicoes\Base de Conhecimento - Thiago\01_Normativos_Vigentes\02_Estadual_PI\Decretos\Decreto Estadual - n21.813092023 - 2023.md
OK,1.0,Decreto Estadual - n21.872072023 - 2023.pdf,C:\Users\thiagonogueira\OneDrive - mppi.mp.br\CLC\01_Processos_e_Aquisicoes\Base de Conhecimento - Thiago\01_Normativos_Vigentes\02_Estadual_PI\Decretos\Decreto Estadual 21872.2023 - Regulamenta a NLLC.md,C:\Users\thiagonogueira\OneDrive - mppi.mp.br\CLC\01_Processos_e_Aquisicoes\Base de Conhecimento - Thiago\01_Normativos_Vigentes\02_Estadual_PI\Decretos\Decreto Estadual - n21.872072023 - 2023.md
OK,0.99,Decreto Estadual - n21.910172023 - 2023.pdf,"C:\Users\thiagonogueira\OneDrive - mppi.mp.br\CLC\01_Processos_e_Aquisicoes\Base de Conhecimento - Thiago\01_Normativos_Vigentes\02_Estadual_PI\Decretos\Decreto Estadual 21910.2023 - Dispõe sobre o Marco Temporal e o procedimento de transição entre a Lei nº 14.133, de 1º de abril de 2021, e... [REVOGADO].md",C:\Users\thiagonogueira\OneDrive - mppi.mp.br\CLC\01_Processos_e_Aquisicoes\Base de Conhecimento - Thiago\01_Normativos_Vigentes\02_Estadual_PI\Decretos\Decreto Estadual - n21.910172023 - 2023.md
OK,0.97,Decreto Estadual - n21.938282023 - 2023.pdf,C:\Users\thiagonogueira\OneDrive - mppi.mp.br\CLC\01_Processos_e_Aquisicoes\Base de Conhecimento - Thiago\01_Normativos_Vigentes\02_Estadual_PI\Decretos\Decreto Estadual 21938.2023 - SRP PI.md,C:\Users\thiagonogueira\OneDrive - mppi.mp.br\CLC\01_Processos_e_Aquisicoes\Base de Conhecimento - Thiago\01_Normativos_Vigentes\02_Estadual_PI\Decretos\Decreto Estadual - n21.938282023 - 2023.md
OK,1.0,Decreto Estadual - n21.980132023 - 2023.pdf,"C:\Users\thiagonogueira\OneDrive - mppi.mp.br\CLC\01_Processos_e_Aquisicoes\Base de Conhecimento - Thiago\01_Normativos_Vigentes\02_Estadual_PI\Decretos\Decreto Estadual 21980.2023 - Revoga o Decreto nº 21.910, de 17 de março de 2023, que estabeleceu o Marco Temporal e o procedimento de....md",C:\Users\thiagonogueira\OneDrive - mppi.mp.br\CLC\01_Processos_e_Aquisicoes\Base de Conhecimento - Thiago\01_Normativos_Vigentes\02_Estadual_PI\Decretos\Decreto Estadual - n21.980132023 - 2023.md
OK,0.99,Decreto Estadual - n22.023262023 - 2023.pdf,"C:\Users\thiagonogueira\OneDrive - mppi.mp.br\CLC\01_Processos_e_Aquisicoes\Base de Conhecimento - Thiago\01_Normativos_Vigentes\02_Estadual_PI\Decretos\Decreto Estadual 22023.2023 - Implanta o Sistema Integrado de Gestão de Repasses – SIGRP e disciplina os procedimentos para celebração,....md",C:\Users\thiagonogueira\OneDrive - mppi.mp.br\CLC\01_Processos_e_Aquisicoes\Base de Conhecimento - Thiago\01_Normativos_Vigentes\02_Estadual_PI\Decretos\Decreto Estadual - n22.023262023 - 2023.md
OK,0.99,Decreto Estadual - n22.089192023 - 2023.pdf,C:\Users\thiagonogueira\OneDrive - mppi.mp.br\CLC\01_Processos_e_Aquisicoes\Base de Conhecimento - Thiago\01_Normativos_Vigentes\02_Estadual_PI\Decretos\Decreto Estadual 22089.2023 - Regulamenta a seleção de Organizações Sociais para a celebração de contrato de gestão na forma da Lei....md,C:\Users\thiagonogueira\OneDrive - mppi.mp.br\CLC\01_Processos_e_Aquisicoes\Base de Conhecimento - Thiago\01_Normativos_Vigentes\02_Estadual_PI\Decretos\Decreto Estadual - n22.089192023 - 2023.md
OK,0.98,Decreto Estadual - n22.380052023 - 2023.pdf,C:\Users\thiagonogueira\OneDrive - mppi.mp.br\CLC\01_Processos_e_Aquisicoes\Base de Conhecimento - Thiago\01_Normativos_Vigentes\02_Estadual_PI\Decretos\Decreto Estadual 22380.2023 - Dispõe sobre a descentralização de crédito orçamentário no Estado do Piauí..md,C:\Users\thiagonogueira\OneDrive - mppi.mp.br\CLC\01_Processos_e_Aquisicoes\Base de Conhecimento - Thiago\01_Normativos_Vigentes\02_Estadual_PI\Decretos\Decreto Estadual - n22.380052023 - 2023.md
OK,0.99,Decreto Estadual - n22.652272023 - 2023.pdf,"C:\Users\thiagonogueira\OneDrive - mppi.mp.br\CLC\01_Processos_e_Aquisicoes\Base de Conhecimento - Thiago\01_Normativos_Vigentes\02_Estadual_PI\Decretos\Decreto Estadual 22652.2023 - Dispõe sobre o Marco Temporal e o procedimento de transição entre a Lei nº 14.133, de 1º de abril de 2021, e....md",C:\Users\thiagonogueira\OneDrive - mppi.mp.br\CLC\01_Processos_e_Aquisicoes\Base de Conhecimento - Thiago\01_Normativos_Vigentes\02_Estadual_PI\Decretos\Decreto Estadual - n22.652272023 - 2023.md
OK,1.0,Decreto Estadual - n22.737062024 - 2024.pdf,C:\Users\thiagonogueira\OneDrive - mppi.mp.br\CLC\01_Processos_e_Aquisicoes\Base de Conhecimento - Thiago\01_Normativos_Vigentes\02_Estadual_PI\Decretos\Decreto Estadual 22737.2024 - Reajuste de Preços nos Contratos Administrativos.md,C:\Users\thiagonogueira\OneDrive - mppi.mp.br\CLC\01_Processos_e_Aquisicoes\Base de Conhecimento - Thiago\01_Normativos_Vigentes\02_Estadual_PI\Decretos\Decreto Estadual - n22.737062024 - 2024.md
OK,0.99,Decreto Estadual - n22.822112024 - 2024.pdf,C:\Users\thiagonogueira\OneDrive - mppi.mp.br\CLC\01_Processos_e_Aquisicoes\Base de Conhecimento - Thiago\01_Normativos_Vigentes\02_Estadual_PI\Decretos\Decreto Estadual 22822.2024 - Diretrizes de Governanca e Contratacoes.md,C:\Users\thiagonogueira\OneDrive - mppi.mp.br\CLC\01_Processos_e_Aquisicoes\Base de Conhecimento - Thiago\01_Normativos_Vigentes\02_Estadual_PI\Decretos\Decreto Estadual - n22.822112024 - 2024.md
OK,1.0,Decreto Estadual - n23.891122025 - 2025.pdf,C:\Users\thiagonogueira\OneDrive - mppi.mp.br\CLC\01_Processos_e_Aquisicoes\Base de Conhecimento - Thiago\01_Normativos_Vigentes\02_Estadual_PI\Decretos\Decreto Estadual 23891.2025 - Programa Estadual de Aquisições e Contratações Públicas Sustentáveis.md,C:\Users\thiagonogueira\OneDrive - mppi.mp.br\CLC\01_Processos_e_Aquisicoes\Base de Conhecimento - Thiago\01_Normativos_Vigentes\02_Estadual_PI\Decretos\Decreto Estadual - n23.891122025 - 2025.md
OK,1.0,Instrução Normativa Estadual - n00012013 - 2013.pdf,C:\Users\thiagonogueira\OneDrive - mppi.mp.br\CLC\01_Processos_e_Aquisicoes\Base de Conhecimento - Thiago\01_Normativos_Vigentes\02_Estadual_PI\Instrucoes_Normativas\Instrução Normativa CGE nº 01-2013 - Procedimentos de Controle e Pareceres.md,C:\Users\thiagonogueira\OneDrive - mppi.mp.br\CLC\01_Processos_e_Aquisicoes\Base de Conhecimento - Thiago\01_Normativos_Vigentes\02_Estadual_PI\Instrucoes_Normativas\Instrução Normativa Estadual - n00012013 - 2013.md
OK,1.0,Instrução Normativa Estadual - n00012015 - 2015.pdf,C:\Users\thiagonogueira\OneDrive - mppi.mp.br\CLC\01_Processos_e_Aquisicoes\Base de Conhecimento - Thiago\01_Normativos_Vigentes\02_Estadual_PI\Instrucoes_Normativas\Instrução Normativa CGE nº 01-2015 - Normas Gerais de Controle Interno.md,C:\Users\thiagonogueira\OneDrive - mppi.mp.br\CLC\01_Processos_e_Aquisicoes\Base de Conhecimento - Thiago\01_Normativos_Vigentes\02_Estadual_PI\Instrucoes_Normativas\Instrução Normativa Estadual - n00012015 - 2015.md
OK,1.0,Instrução Normativa Estadual - n00012021 - 2021.pdf,C:\Users\thiagonogueira\OneDrive - mppi.mp.br\CLC\01_Processos_e_Aquisicoes\Base de Conhecimento - Thiago\01_Normativos_Vigentes\02_Estadual_PI\Instrucoes_Normativas\Instrução Normativa SEFAZ nº 01-2021 - Procedimentos de Gestão Financeira.md,C:\Users\thiagonogueira\OneDrive - mppi.mp.br\CLC\01_Processos_e_Aquisicoes\Base de Conhecimento - Thiago\01_Normativos_Vigentes\02_Estadual_PI\Instrucoes_Normativas\Instrução Normativa Estadual - n00012021 - 2021.md
OK,1.0,Lei Estadual - n7.482182021 - 2021.pdf,C:\Users\thiagonogueira\OneDrive - mppi.mp.br\CLC\01_Processos_e_Aquisicoes\Base de Conhecimento - Thiago\01_Normativos_Vigentes\02_Estadual_PI\Leis\Lei Estadual 7482.2021 - Diretrizes e Reorganizacao Administrativa.md,C:\Users\thiagonogueira\OneDrive - mppi.mp.br\CLC\01_Processos_e_Aquisicoes\Base de Conhecimento - Thiago\01_Normativos_Vigentes\02_Estadual_PI\Leis\Lei Estadual - n7.482182021 - 2021.md
OK,1.0,Lei Estadual - n7.612272021 - 2021.pdf,C:\Users\thiagonogueira\OneDrive - mppi.mp.br\CLC\01_Processos_e_Aquisicoes\Base de Conhecimento - Thiago\01_Normativos_Vigentes\02_Estadual_PI\Leis\Lei Estadual 7612.2021 - Gestão de Bens Imóveis.md,C:\Users\thiagonogueira\OneDrive - mppi.mp.br\CLC\01_Processos_e_Aquisicoes\Base de Conhecimento - Thiago\01_Normativos_Vigentes\02_Estadual_PI\Leis\Lei Estadual - n7.612272021 - 2021.md
OK,1.0,Portaria Estadual - n..0342021 - 2021.pdf,C:\Users\thiagonogueira\OneDrive - mppi.mp.br\CLC\01_Processos_e_Aquisicoes\Base de Conhecimento - Thiago\01_Normativos_Vigentes\02_Estadual_PI\Portarias\SEAD Portaria Gab Seadprev 34.2021 - Regulamenta a Dispensa Eletrônica.md,C:\Users\thiagonogueira\OneDrive - mppi.mp.br\CLC\01_Processos_e_Aquisicoes\Base de Conhecimento - Thiago\01_Normativos_Vigentes\02_Estadual_PI\Portarias\Portaria Estadual - n..0342021 - 2021.md
OK,1.0,Portaria Estadual - n0012024. - 2024.pdf,C:\Users\thiagonogueira\OneDrive - mppi.mp.br\CLC\01_Processos_e_Aquisicoes\Base de Conhecimento - Thiago\01_Normativos_Vigentes\02_Estadual_PI\Portarias\Portaria SEAD nº 001.2024 - Diretrizes de Contratacoes SEAD Piaui.md,C:\Users\thiagonogueira\OneDrive - mppi.mp.br\CLC\01_Processos_e_Aquisicoes\Base de Conhecimento - Thiago\01_Normativos_Vigentes\02_Estadual_PI\Portarias\Portaria Estadual - n0012024. - 2024.md
OK,1.0,Resolução Estadual - n0022021182021 - 2021.pdf,C:\Users\thiagonogueira\OneDrive - mppi.mp.br\CLC\01_Processos_e_Aquisicoes\Base de Conhecimento - Thiago\01_Normativos_Vigentes\02_Estadual_PI\Resolucoes\Resolução CGFR 002.2021 - Elaboração de Extratos de Licitação e Contratos Administrativos.md,C:\Users\thiagonogueira\OneDrive - mppi.mp.br\CLC\01_Processos_e_Aquisicoes\Base de Conhecimento - Thiago\01_Normativos_Vigentes\02_Estadual_PI\Resolucoes\Resolução Estadual - n0022021182021 - 2021.md
OK,1.0,Ato PGJMPPI - n1381.0 - 2024.pdf,C:\Users\thiagonogueira\OneDrive - mppi.mp.br\CLC\01_Processos_e_Aquisicoes\Base de Conhecimento - Thiago\01_Normativos_Vigentes\03_MPPI\Atos\Ato PGJ 1381.2024 - Diretrizes de Contratacoes e Governanca MPPI.md,C:\Users\thiagonogueira\OneDrive - mppi.mp.br\CLC\01_Processos_e_Aquisicoes\Base de Conhecimento - Thiago\01_Normativos_Vigentes\03_MPPI\Atos\Ato PGJMPPI - n1381.0 - 2024.md
OK,0.97,Ato PGJMPPI - n1382.0 - 2024.pdf,C:\Users\thiagonogueira\OneDrive - mppi.mp.br\CLC\01_Processos_e_Aquisicoes\Base de Conhecimento - Thiago\01_Normativos_Vigentes\03_MPPI\Atos\Ato PGJ 1382.2024 - Regulamenta a Implementação da 14133 no MPPI_2.md,C:\Users\thiagonogueira\OneDrive - mppi.mp.br\CLC\01_Processos_e_Aquisicoes\Base de Conhecimento - Thiago\01_Normativos_Vigentes\03_MPPI\Atos\Ato PGJMPPI - n1382.0 - 2024.md
SCORE_BAIXO_CONFERIR,0.67,Ato PGJMPPI - n1383.0 - 2024.pdf,C:\Users\thiagonogueira\OneDrive - mppi.mp.br\CLC\01_Processos_e_Aquisicoes\Base de Conhecimento - Thiago\01_Normativos_Vigentes\03_MPPI\Atos\Ato PGJ 1383.2024 - Dispensa Parecer Jurídico.md,C:\Users\thiagonogueira\OneDrive - mppi.mp.br\CLC\01_Processos_e_Aquisicoes\Base de Conhecimento - Thiago\01_Normativos_Vigentes\03_MPPI\Atos\Ato PGJMPPI - n1383.0 - 2024.md
OK,0.98,Ato PGJMPPI - n1413.0 - 2024.pdf,C:\Users\thiagonogueira\OneDrive - mppi.mp.br\CLC\01_Processos_e_Aquisicoes\Base de Conhecimento - Thiago\01_Normativos_Vigentes\03_MPPI\Atos\Ato PGJ 1413.2024 - Altera Ato PGJ 1382.2024_2.md,C:\Users\thiagonogueira\OneDrive - mppi.mp.br\CLC\01_Processos_e_Aquisicoes\Base de Conhecimento - Thiago\01_Normativos_Vigentes\03_MPPI\Atos\Ato PGJMPPI - n1413.0 - 2024.md
OK,0.98,Ato PGJMPPI - n1414.0 - 2024.pdf,C:\Users\thiagonogueira\OneDrive - mppi.mp.br\CLC\01_Processos_e_Aquisicoes\Base de Conhecimento - Thiago\01_Normativos_Vigentes\03_MPPI\Atos\Ato PGJ 1414.2024 - Agente de Contratação.md,C:\Users\thiagonogueira\OneDrive - mppi.mp.br\CLC\01_Processos_e_Aquisicoes\Base de Conhecimento - Thiago\01_Normativos_Vigentes\03_MPPI\Atos\Ato PGJMPPI - n1414.0 - 2024.md
OK,0.92,Ato PGJMPPI - n1415.0 - 2024.pdf,C:\Users\thiagonogueira\OneDrive - mppi.mp.br\CLC\01_Processos_e_Aquisicoes\Base de Conhecimento - Thiago\01_Normativos_Vigentes\03_MPPI\Atos\Ato PGJ 1415.2024 - Serviços e fornecimentos contínuos.md,C:\Users\thiagonogueira\OneDrive - mppi.mp.br\CLC\01_Processos_e_Aquisicoes\Base de Conhecimento - Thiago\01_Normativos_Vigentes\03_MPPI\Atos\Ato PGJMPPI - n1415.0 - 2024.md
OK,0.98,Ato PGJMPPI - n1448.0 - 2024.pdf,C:\Users\thiagonogueira\OneDrive - mppi.mp.br\CLC\01_Processos_e_Aquisicoes\Base de Conhecimento - Thiago\01_Normativos_Vigentes\03_MPPI\Atos\Ato PGJ 1448.2024 - Altera o Ato PGJ 1414.2024.md,C:\Users\thiagonogueira\OneDrive - mppi.mp.br\CLC\01_Processos_e_Aquisicoes\Base de Conhecimento - Thiago\01_Normativos_Vigentes\03_MPPI\Atos\Ato PGJMPPI - n1448.0 - 2024.md
SCORE_BAIXO_CONFERIR,0.89,Ato PGJMPPI - n1449.0 - 2024.pdf,C:\Users\thiagonogueira\OneDrive - mppi.mp.br\CLC\01_Processos_e_Aquisicoes\Base de Conhecimento - Thiago\01_Normativos_Vigentes\03_MPPI\Atos\Ato PGJ 1449.2024 - Reserva de Vagas para Mulheres em Situação de Vulnerabilidade (Terceirização).md,C:\Users\thiagonogueira\OneDrive - mppi.mp.br\CLC\01_Processos_e_Aquisicoes\Base de Conhecimento - Thiago\01_Normativos_Vigentes\03_MPPI\Atos\Ato PGJMPPI - n1449.0 - 2024.md
OK,0.91,Ato PGJMPPI - n1456.0 - 2024.pdf,C:\Users\thiagonogueira\OneDrive - mppi.mp.br\CLC\01_Processos_e_Aquisicoes\Base de Conhecimento - Thiago\01_Normativos_Vigentes\03_MPPI\Atos\Ato PGJ 1456.2024 - Manifestação Jurídica Referencial.md,C:\Users\thiagonogueira\OneDrive - mppi.mp.br\CLC\01_Processos_e_Aquisicoes\Base de Conhecimento - Thiago\01_Normativos_Vigentes\03_MPPI\Atos\Ato PGJMPPI - n1456.0 - 2024.md
SCORE_BAIXO_CONFERIR,0.82,Ato PGJMPPI - n1480.0 - 2025.pdf,C:\Users\thiagonogueira\OneDrive - mppi.mp.br\CLC\01_Processos_e_Aquisicoes\Base de Conhecimento - Thiago\01_Normativos_Vigentes\03_MPPI\Atos\Ato PGJ 1480.2025 - Retira CONINT da Fase Interna.md,C:\Users\thiagonogueira\OneDrive - mppi.mp.br\CLC\01_Processos_e_Aquisicoes\Base de Conhecimento - Thiago\01_Normativos_Vigentes\03_MPPI\Atos\Ato PGJMPPI - n1480.0 - 2025.md
MD_USADO_POR_VARIOS_PDFS,0.94,PCA 2026 - Versão 2.0 - MPPI.pdf,C:\Users\thiagonogueira\OneDrive - mppi.mp.br\CLC\01_Processos_e_Aquisicoes\Base de Conhecimento - Thiago\01_Normativos_Vigentes\03_MPPI\PCA 2026\PCA 2026 - Plano de Contratacoes Anual Versao 3.0 MPPI.md,C:\Users\thiagonogueira\OneDrive - mppi.mp.br\CLC\01_Processos_e_Aquisicoes\Base de Conhecimento - Thiago\01_Normativos_Vigentes\03_MPPI\PCA_2026\PCA 2026 - Versão 2.0 - MPPI.md
MD_USADO_POR_VARIOS_PDFS,0.94,PCA 2026 - Versão 3.0 - MPPI.pdf,C:\Users\thiagonogueira\OneDrive - mppi.mp.br\CLC\01_Processos_e_Aquisicoes\Base de Conhecimento - Thiago\01_Normativos_Vigentes\03_MPPI\PCA 2026\PCA 2026 - Plano de Contratacoes Anual Versao 3.0 MPPI.md,C:\Users\thiagonogueira\OneDrive - mppi.mp.br\CLC\01_Processos_e_Aquisicoes\Base de Conhecimento - Thiago\01_Normativos_Vigentes\03_MPPI\PCA_2026\PCA 2026 - Versão 3.0 - MPPI.md
SCORE_BAIXO_CONFERIR,0.75,PCA 2026.pdf,C:\Users\thiagonogueira\OneDrive - mppi.mp.br\CLC\01_Processos_e_Aquisicoes\Base de Conhecimento - Thiago\01_Normativos_Vigentes\03_MPPI\PCA 2025.md,C:\Users\thiagonogueira\OneDrive - mppi.mp.br\CLC\01_Processos_e_Aquisicoes\Base de Conhecimento - Thiago\01_Normativos_Vigentes\03_MPPI\PCA_2026\PCA 2026.md
SCORE_BAIXO_CONFERIR,0.84,Portaria PGJMPPI - n3315.0 - 2025.pdf,C:\Users\thiagonogueira\OneDrive - mppi.mp.br\CLC\01_Processos_e_Aquisicoes\Base de Conhecimento - Thiago\01_Normativos_Vigentes\03_MPPI\Portarias\Portaria PGJ 1040.2025 - Equipe de Planejamento.md,C:\Users\thiagonogueira\OneDrive - mppi.mp.br\CLC\01_Processos_e_Aquisicoes\Base de Conhecimento - Thiago\01_Normativos_Vigentes\03_MPPI\Portarias\Portaria PGJMPPI - n3315.0 - 2025.md
OK,0.95,Portaria PGJMPPI - n3447.0 - 2024.pdf,C:\Users\thiagonogueira\OneDrive - mppi.mp.br\CLC\01_Processos_e_Aquisicoes\Base de Conhecimento - Thiago\01_Normativos_Vigentes\03_MPPI\Portarias\Portaria PGJ 3447.2024 - Equipe de Planejamento TIC.md,C:\Users\thiagonogueira\OneDrive - mppi.mp.br\CLC\01_Processos_e_Aquisicoes\Base de Conhecimento - Thiago\01_Normativos_Vigentes\03_MPPI\Portarias\Portaria PGJMPPI - n3447.0 - 2024.md
OK,1.0,Portaria PGJMPPI - n3448.0 - 2024.pdf,C:\Users\thiagonogueira\OneDrive - mppi.mp.br\CLC\01_Processos_e_Aquisicoes\Base de Conhecimento - Thiago\01_Normativos_Vigentes\03_MPPI\Portarias\Portaria PGJ 3448.2024 - Equipe de Planejamento da Contratacao.md,C:\Users\thiagonogueira\OneDrive - mppi.mp.br\CLC\01_Processos_e_Aquisicoes\Base de Conhecimento - Thiago\01_Normativos_Vigentes\03_MPPI\Portarias\Portaria PGJMPPI - n3448.0 - 2024.md
OK,1.0,Portaria PGJMPPI - n4333.0 - 2024.pdf,C:\Users\thiagonogueira\OneDrive - mppi.mp.br\CLC\01_Processos_e_Aquisicoes\Base de Conhecimento - Thiago\01_Normativos_Vigentes\03_MPPI\Portarias\Portaria PGJ 4333.2024 - Equipe de Planejamento da Contratacao.md,C:\Users\thiagonogueira\OneDrive - mppi.mp.br\CLC\01_Processos_e_Aquisicoes\Base de Conhecimento - Thiago\01_Normativos_Vigentes\03_MPPI\Portarias\Portaria PGJMPPI - n4333.0 - 2024.md
OK,0.97,Portaria PGJMPPI - n4335.0 - 2024.pdf,C:\Users\thiagonogueira\OneDrive - mppi.mp.br\CLC\01_Processos_e_Aquisicoes\Base de Conhecimento - Thiago\01_Normativos_Vigentes\03_MPPI\Portarias\Portaria PGJ 4335.2024 - Equipe de Planejamento TIC.md,C:\Users\thiagonogueira\OneDrive - mppi.mp.br\CLC\01_Processos_e_Aquisicoes\Base de Conhecimento - Thiago\01_Normativos_Vigentes\03_MPPI\Portarias\Portaria PGJMPPI - n4335.0 - 2024.md
OK,0.92,Portaria PGJMPPI - n870.0 - 2025.pdf,C:\Users\thiagonogueira\OneDrive - mppi.mp.br\CLC\01_Processos_e_Aquisicoes\Base de Conhecimento - Thiago\01_Normativos_Vigentes\03_MPPI\Portarias\Portaria PGJ 0870.2025 - Equipe de Planejamento.md,C:\Users\thiagonogueira\OneDrive - mppi.mp.br\CLC\01_Processos_e_Aquisicoes\Base de Conhecimento - Thiago\01_Normativos_Vigentes\03_MPPI\Portarias\Portaria PGJMPPI - n870.0 - 2025.md
OK,0.93,Portaria PGJMPPI - n942.0 - 2025.pdf,C:\Users\thiagonogueira\OneDrive - mppi.mp.br\CLC\01_Processos_e_Aquisicoes\Base de Conhecimento - Thiago\01_Normativos_Vigentes\03_MPPI\Portarias\Portaria PGJ 0942.2025 - Equipe de Planejamento.md,C:\Users\thiagonogueira\OneDrive - mppi.mp.br\CLC\01_Processos_e_Aquisicoes\Base de Conhecimento - Thiago\01_Normativos_Vigentes\03_MPPI\Portarias\Portaria PGJMPPI - n942.0 - 2025.md
OK,0.96,PORTARIA_PGJPI_NA___2067.2026___Equipe_de_planejamento.pdf,C:\Users\thiagonogueira\OneDrive - mppi.mp.br\CLC\01_Processos_e_Aquisicoes\Base de Conhecimento - Thiago\01_Normativos_Vigentes\03_MPPI\Portarias\Portaria PGJ 2067.2026 - Equipe de Planejamento.md,C:\Users\thiagonogueira\OneDrive - mppi.mp.br\CLC\01_Processos_e_Aquisicoes\Base de Conhecimento - Thiago\01_Normativos_Vigentes\03_MPPI\Portarias\PORTARIA_PGJPI_NA___2067.2026___Equipe_de_planejamento.md
SCORE_BAIXO_CONFERIR,0.67,PORTARIA_PGJ_PI_5644_2025_AGENTE_DE_CONTRATACAO.pdf,C:\Users\thiagonogueira\OneDrive - mppi.mp.br\CLC\01_Processos_e_Aquisicoes\Base de Conhecimento - Thiago\01_Normativos_Vigentes\03_MPPI\Portarias\Portaria PGJ 5644.2025 - Agentes de Contratação e Pregoeiro.md,C:\Users\thiagonogueira\OneDrive - mppi.mp.br\CLC\01_Processos_e_Aquisicoes\Base de Conhecimento - Thiago\01_Normativos_Vigentes\03_MPPI\Portarias\PORTARIA_PGJ_PI_5644_2025_AGENTE_DE_CONTRATACAO.md
OK,1.0,Instrução Normativa TCEPI - n6.0 - 2017.pdf,C:\Users\thiagonogueira\OneDrive - mppi.mp.br\CLC\01_Processos_e_Aquisicoes\Base de Conhecimento - Thiago\01_Normativos_Vigentes\05_TCE_PI\Outros_Normativos\IN TCE-PI nº 06.2017 - Sistemas Licitacoes Contratos e Obras Web.md,C:\Users\thiagonogueira\OneDrive - mppi.mp.br\CLC\01_Processos_e_Aquisicoes\Base de Conhecimento - Thiago\01_Normativos_Vigentes\05_TCE_PI\Instrucoes_Normativas\Instrução Normativa TCEPI - n6.0 - 2017.md
OK,0.96,Resolução TCE - n10.0 - 2020.pdf,C:\Users\thiagonogueira\OneDrive - mppi.mp.br\CLC\01_Processos_e_Aquisicoes\Base de Conhecimento - Thiago\01_Normativos_Vigentes\05_TCE_PI\Resolucoes\Resolucao TCE-PI nº 10.2020 - Procedimento de Levantamento.md,C:\Users\thiagonogueira\OneDrive - mppi.mp.br\CLC\01_Processos_e_Aquisicoes\Base de Conhecimento - Thiago\01_Normativos_Vigentes\05_TCE_PI\Resolucoes\Resolução TCE - n10.0 - 2020.md
OK,0.99,Resolução TCE - n19.0 - 2024.pdf,C:\Users\thiagonogueira\OneDrive - mppi.mp.br\CLC\01_Processos_e_Aquisicoes\Base de Conhecimento - Thiago\01_Normativos_Vigentes\05_TCE_PI\Resolucoes\Resolucao TCE-PI nº 19.2024 - Regimento Interno do TCE-PI.md,C:\Users\thiagonogueira\OneDrive - mppi.mp.br\CLC\01_Processos_e_Aquisicoes\Base de Conhecimento - Thiago\01_Normativos_Vigentes\05_TCE_PI\Resolucoes\Resolução TCE - n19.0 - 2024.md
OK,1.0,Resolução TCE - n20.0 - 2024.pdf,C:\Users\thiagonogueira\OneDrive - mppi.mp.br\CLC\01_Processos_e_Aquisicoes\Base de Conhecimento - Thiago\01_Normativos_Vigentes\05_TCE_PI\Resolucoes\Resolucao TCE-PI nº 20.2024 - Alteracao Regimental.md,C:\Users\thiagonogueira\OneDrive - mppi.mp.br\CLC\01_Processos_e_Aquisicoes\Base de Conhecimento - Thiago\01_Normativos_Vigentes\05_TCE_PI\Resolucoes\Resolução TCE - n20.0 - 2024.md
OK,1.0,Resolução TCE - n37.0 - 2024.pdf,C:\Users\thiagonogueira\OneDrive - mppi.mp.br\CLC\01_Processos_e_Aquisicoes\Base de Conhecimento - Thiago\01_Normativos_Vigentes\05_TCE_PI\Instrucoes_Normativas\IN TCE-PI nº 07.2021 - Altera IN 06.2017 Licitacoes Web.md,C:\Users\thiagonogueira\OneDrive - mppi.mp.br\CLC\01_Processos_e_Aquisicoes\Base de Conhecimento - Thiago\01_Normativos_Vigentes\05_TCE_PI\Resolucoes\Resolução TCE - n37.0 - 2024.md
OK,1.0,Resolução TCE - n9.0 - 2025.pdf,C:\Users\thiagonogueira\OneDrive - mppi.mp.br\CLC\01_Processos_e_Aquisicoes\Base de Conhecimento - Thiago\01_Normativos_Vigentes\05_TCE_PI\Resolucoes\Resolucao TCE-PI nº 09.2025 - Padroes Decisoes e Acordaos.md,C:\Users\thiagonogueira\OneDrive - mppi.mp.br\CLC\01_Processos_e_Aquisicoes\Base de Conhecimento - Thiago\01_Normativos_Vigentes\05_TCE_PI\Resolucoes\Resolução TCE - n9.0 - 2025.md
OK,1.0,SEI_TJPI - 7071569 - Justificativa (Parecer Agente).pdf,C:\Users\thiagonogueira\OneDrive - mppi.mp.br\CLC\01_Processos_e_Aquisicoes\Base de Conhecimento - Thiago\01_Normativos_Vigentes\06_TJPI\Acordaos_Pareceres_Orientacoes\Modelo de Justificativa Tecnico-Administrativa TJPI (Parecer do Agente).md,C:\Users\thiagonogueira\OneDrive - mppi.mp.br\CLC\01_Processos_e_Aquisicoes\Base de Conhecimento - Thiago\01_Normativos_Vigentes\06_TJPI\Acordaos_Pareceres_Orientacoes\SEI_TJPI - 7071569 - Justificativa (Parecer Agente).md
MD_USADO_POR_VARIOS_PDFS,0.9,MANUAL Lic -TJ-PI-2023-2024.pdf,C:\Users\thiagonogueira\OneDrive - mppi.mp.br\CLC\01_Processos_e_Aquisicoes\Base de Conhecimento - Thiago\01_Normativos_Vigentes\06_TJPI\Manuais_e_Guias_Tecnicos\Manual de Licitacoes e Contratos TJPI (2023-2024).md,C:\Users\thiagonogueira\OneDrive - mppi.mp.br\CLC\01_Processos_e_Aquisicoes\Base de Conhecimento - Thiago\01_Normativos_Vigentes\06_TJPI\Manuais_e_Guias_Tecnicos\MANUAL Lic -TJ-PI-2023-2024.md
OK,1.0,Fluxogramas_Atualizados.pdf,C:\Users\thiagonogueira\OneDrive - mppi.mp.br\CLC\01_Processos_e_Aquisicoes\Base de Conhecimento - Thiago\01_Normativos_Vigentes\06_TJPI\Outros_Normativos\Fluxogramas de Processos Licitatorios TJPI.md,C:\Users\thiagonogueira\OneDrive - mppi.mp.br\CLC\01_Processos_e_Aquisicoes\Base de Conhecimento - Thiago\01_Normativos_Vigentes\06_TJPI\Outros_Normativos\Fluxogramas_Atualizados.md
MD_USADO_POR_VARIOS_PDFS,1.0,"SEI_TJPI - 6640734 - Provimento 13.2025 - Regulamenta Obras, serviços, compras e alienações n.pdf",C:\Users\thiagonogueira\OneDrive - mppi.mp.br\CLC\01_Processos_e_Aquisicoes\Base de Conhecimento - Thiago\01_Normativos_Vigentes\06_TJPI\Outros_Normativos\Provimento TJPI nº 13.2025 - Regulamento de Obras Servicos Compras e Alienacoes.md,"C:\Users\thiagonogueira\OneDrive - mppi.mp.br\CLC\01_Processos_e_Aquisicoes\Base de Conhecimento - Thiago\01_Normativos_Vigentes\06_TJPI\Outros_Normativos\SEI_TJPI - 6640734 - Provimento 13.2025 - Regulamenta Obras, serviços, compras e alienações n.md"
OK,1.0,SEI_TJPI - 7097234 - Análise de Primeira Linha da SLC.pdf,C:\Users\thiagonogueira\OneDrive - mppi.mp.br\CLC\01_Processos_e_Aquisicoes\Base de Conhecimento - Thiago\01_Normativos_Vigentes\06_TJPI\Outros_Normativos\Analise de Primeira Linha SLC TJPI - Controle Interno.md,C:\Users\thiagonogueira\OneDrive - mppi.mp.br\CLC\01_Processos_e_Aquisicoes\Base de Conhecimento - Thiago\01_Normativos_Vigentes\06_TJPI\Outros_Normativos\SEI_TJPI - 7097234 - Análise de Primeira Linha da SLC.md
SCORE_BAIXO_CONFERIR,0.88,SEI_TJPI - 7123034 - Lista de Verificação SGC.pdf,C:\Users\thiagonogueira\OneDrive - mppi.mp.br\CLC\01_Processos_e_Aquisicoes\Base de Conhecimento - Thiago\01_Normativos_Vigentes\06_TJPI\Outros_Normativos\Lista de Verificacao SGC TJPI - Conformidade Licitatoria.md,C:\Users\thiagonogueira\OneDrive - mppi.mp.br\CLC\01_Processos_e_Aquisicoes\Base de Conhecimento - Thiago\01_Normativos_Vigentes\06_TJPI\Outros_Normativos\SEI_TJPI - 7123034 - Lista de Verificação SGC.md
OK,0.93,SEI_TJPI - 7134934 - Lista de Verificação (SLC).pdf,C:\Users\thiagonogueira\OneDrive - mppi.mp.br\CLC\01_Processos_e_Aquisicoes\Base de Conhecimento - Thiago\01_Normativos_Vigentes\06_TJPI\Outros_Normativos\Lista de Verificacao SLC TJPI - Servicos e Licitacoes.md,C:\Users\thiagonogueira\OneDrive - mppi.mp.br\CLC\01_Processos_e_Aquisicoes\Base de Conhecimento - Thiago\01_Normativos_Vigentes\06_TJPI\Outros_Normativos\SEI_TJPI - 7134934 - Lista de Verificação (SLC).md
OK,0.99,SEI_TJPI - 7176291 - Aviso Dispensa Licitação.pdf,C:\Users\thiagonogueira\OneDrive - mppi.mp.br\CLC\01_Processos_e_Aquisicoes\Base de Conhecimento - Thiago\01_Normativos_Vigentes\06_TJPI\Outros_Normativos\Modelo de Aviso de Dispensa de Licitacao TJPI.md,C:\Users\thiagonogueira\OneDrive - mppi.mp.br\CLC\01_Processos_e_Aquisicoes\Base de Conhecimento - Thiago\01_Normativos_Vigentes\06_TJPI\Outros_Normativos\SEI_TJPI - 7176291 - Aviso Dispensa Licitação.md
OK,1.0,Portaria_n_2899_2023-dispensa_licitacao.pdf,C:\Users\thiagonogueira\OneDrive - mppi.mp.br\CLC\01_Processos_e_Aquisicoes\Base de Conhecimento - Thiago\01_Normativos_Vigentes\06_TJPI\Portarias\Portaria TJPI nº 2899.2023 - Dispensa de Licitacao.md,C:\Users\thiagonogueira\OneDrive - mppi.mp.br\CLC\01_Processos_e_Aquisicoes\Base de Conhecimento - Thiago\01_Normativos_Vigentes\06_TJPI\Portarias\Portaria_n_2899_2023-dispensa_licitacao.md
OK,1.0,Acórdão TCE - n3001 - 2025.pdf,C:\Users\thiagonogueira\OneDrive - mppi.mp.br\CLC\01_Processos_e_Aquisicoes\Base de Conhecimento - Thiago\01_Normativos_Vigentes\05_TCE_PI\Acordaos_Pareceres_Orientacoes\Acordao TCE-PI 300.2025 - Primeira Camara - Irregularidades Pregao e Adesao ARP.md,C:\Users\thiagonogueira\OneDrive - mppi.mp.br\CLC\01_Processos_e_Aquisicoes\Base de Conhecimento - Thiago\02_Jurisprudencia_e_Orientacoes\Acordaos_TCE_PI\Acórdão TCE - n3001 - 2025.md
OK,0.9,merged 2023.pdf,C:\Users\thiagonogueira\OneDrive - mppi.mp.br\CLC\01_Processos_e_Aquisicoes\Base de Conhecimento - Thiago\02_Jurisprudencia_e_Orientacoes\Boletins_TCE_PI\Boletim de Jurisprudencia TCE-PI - Consolidado Anual 2023.md,C:\Users\thiagonogueira\OneDrive - mppi.mp.br\CLC\01_Processos_e_Aquisicoes\Base de Conhecimento - Thiago\02_Jurisprudencia_e_Orientacoes\Boletins_TCE_PI\merged 2023.md
SCORE_BAIXO_CONFERIR,0.83,merged 2024.pdf,C:\Users\thiagonogueira\OneDrive - mppi.mp.br\CLC\01_Processos_e_Aquisicoes\Base de Conhecimento - Thiago\02_Jurisprudencia_e_Orientacoes\Boletins_TCE_PI\Boletim de Jurisprudencia TCE-PI - Consolidado Anual 2024.md,C:\Users\thiagonogueira\OneDrive - mppi.mp.br\CLC\01_Processos_e_Aquisicoes\Base de Conhecimento - Thiago\02_Jurisprudencia_e_Orientacoes\Boletins_TCE_PI\merged 2024.md
OK,0.97,merged 2025.pdf,C:\Users\thiagonogueira\OneDrive - mppi.mp.br\CLC\01_Processos_e_Aquisicoes\Base de Conhecimento - Thiago\02_Jurisprudencia_e_Orientacoes\Boletins_TCE_PI\Boletim de Jurisprudencia TCE-PI - Consolidado Anual 2025.md,C:\Users\thiagonogueira\OneDrive - mppi.mp.br\CLC\01_Processos_e_Aquisicoes\Base de Conhecimento - Thiago\02_Jurisprudencia_e_Orientacoes\Boletins_TCE_PI\merged 2025.md
MD_USADO_POR_VARIOS_PDFS,0.67,Plen_rio_Presencial_2__C_mara___Sess_o_Ordin_ria_Virtual_de_18_a_22_de_maio_de_2.pdf,C:\Users\thiagonogueira\OneDrive - mppi.mp.br\CLC\01_Processos_e_Aquisicoes\Base de Conhecimento - Thiago\02_Jurisprudencia_e_Orientacoes\Informativos_Julgamentos_TCE_PI\08_Outros_Procedimentos_e_Consultas_TCE_PI.md,C:\Users\thiagonogueira\OneDrive - mppi.mp.br\CLC\01_Processos_e_Aquisicoes\Base de Conhecimento - Thiago\02_Jurisprudencia_e_Orientacoes\Informativos_Julgamentos_TCE_PI\Plen_rio_Presencial_2__C_mara___Sess_o_Ordin_ria_Virtual_de_18_a_22_de_maio_de_2.md
MD_USADO_POR_VARIOS_PDFS,0.61,Plen_rio_Presencial_Pleno___Sess_o_Ordin_ria_Presencial_n__004_de_13_de_mar_o_de.pdf,C:\Users\thiagonogueira\OneDrive - mppi.mp.br\CLC\01_Processos_e_Aquisicoes\Base de Conhecimento - Thiago\02_Jurisprudencia_e_Orientacoes\Informativos_Julgamentos_TCE_PI\04_Tomadas_de_Contas_Especiais_TCE_PI.md,C:\Users\thiagonogueira\OneDrive - mppi.mp.br\CLC\01_Processos_e_Aquisicoes\Base de Conhecimento - Thiago\02_Jurisprudencia_e_Orientacoes\Informativos_Julgamentos_TCE_PI\Plen_rio_Presencial_Pleno___Sess_o_Ordin_ria_Presencial_n__004_de_13_de_mar_o_de.md
MD_USADO_POR_VARIOS_PDFS,0.64,Plen_rio_Presencial_Pleno___Sess_o_Ordin_ria_Presencial_n__011_de_25_de_junho_de.pdf,C:\Users\thiagonogueira\OneDrive - mppi.mp.br\CLC\01_Processos_e_Aquisicoes\Base de Conhecimento - Thiago\02_Jurisprudencia_e_Orientacoes\Informativos_Julgamentos_TCE_PI\01_Licitacoes_e_Contratos_Julgados_TCE_PI.md,C:\Users\thiagonogueira\OneDrive - mppi.mp.br\CLC\01_Processos_e_Aquisicoes\Base de Conhecimento - Thiago\02_Jurisprudencia_e_Orientacoes\Informativos_Julgamentos_TCE_PI\Plen_rio_Presencial_Pleno___Sess_o_Ordin_ria_Presencial_n__011_de_25_de_junho_de.md
MD_USADO_POR_VARIOS_PDFS,0.72,Plen_rio_Presencial_Pleno___Sess_o_Ordin_ria_Presencial_n__013_de_16_de_julho_de.pdf,C:\Users\thiagonogueira\OneDrive - mppi.mp.br\CLC\01_Processos_e_Aquisicoes\Base de Conhecimento - Thiago\02_Jurisprudencia_e_Orientacoes\Informativos_Julgamentos_TCE_PI\05_Representacoes_Licitantes_TCE_PI.md,C:\Users\thiagonogueira\OneDrive - mppi.mp.br\CLC\01_Processos_e_Aquisicoes\Base de Conhecimento - Thiago\02_Jurisprudencia_e_Orientacoes\Informativos_Julgamentos_TCE_PI\Plen_rio_Presencial_Pleno___Sess_o_Ordin_ria_Presencial_n__013_de_16_de_julho_de.md
MD_USADO_POR_VARIOS_PDFS,0.63,Plen_rio_Presencial_Pleno___Sess_o_Ordin_ria_Presencial_n__016_de_20_de_agosto_d.pdf,C:\Users\thiagonogueira\OneDrive - mppi.mp.br\CLC\01_Processos_e_Aquisicoes\Base de Conhecimento - Thiago\02_Jurisprudencia_e_Orientacoes\Informativos_Julgamentos_TCE_PI\01_Licitacoes_e_Contratos_Julgados_TCE_PI.md,C:\Users\thiagonogueira\OneDrive - mppi.mp.br\CLC\01_Processos_e_Aquisicoes\Base de Conhecimento - Thiago\02_Jurisprudencia_e_Orientacoes\Informativos_Julgamentos_TCE_PI\Plen_rio_Presencial_Pleno___Sess_o_Ordin_ria_Presencial_n__016_de_20_de_agosto_d.md
MD_USADO_POR_VARIOS_PDFS,0.65,Plen_rio_Presencial_Pleno___Sess_o_Ordin_ria_Presencial_n__05_de_26_de_mar_o_de_.pdf,C:\Users\thiagonogueira\OneDrive - mppi.mp.br\CLC\01_Processos_e_Aquisicoes\Base de Conhecimento - Thiago\02_Jurisprudencia_e_Orientacoes\Informativos_Julgamentos_TCE_PI\04_Tomadas_de_Contas_Especiais_TCE_PI.md,C:\Users\thiagonogueira\OneDrive - mppi.mp.br\CLC\01_Processos_e_Aquisicoes\Base de Conhecimento - Thiago\02_Jurisprudencia_e_Orientacoes\Informativos_Julgamentos_TCE_PI\Plen_rio_Presencial_Pleno___Sess_o_Ordin_ria_Presencial_n__05_de_26_de_mar_o_de_.md
MD_USADO_POR_VARIOS_PDFS,0.69,Plen_rio_Presencial_Pleno___Sess_o_Ordin_ria_Presencial_n__21_de_15_de_dezembro_.pdf,C:\Users\thiagonogueira\OneDrive - mppi.mp.br\CLC\01_Processos_e_Aquisicoes\Base de Conhecimento - Thiago\02_Jurisprudencia_e_Orientacoes\Informativos_Julgamentos_TCE_PI\04_Tomadas_de_Contas_Especiais_TCE_PI.md,C:\Users\thiagonogueira\OneDrive - mppi.mp.br\CLC\01_Processos_e_Aquisicoes\Base de Conhecimento - Thiago\02_Jurisprudencia_e_Orientacoes\Informativos_Julgamentos_TCE_PI\Plen_rio_Presencial_Pleno___Sess_o_Ordin_ria_Presencial_n__21_de_15_de_dezembro_.md
MD_USADO_POR_VARIOS_PDFS,0.66,Plen_rio_Virtual_Pleno___Sess_o_Ordin_ria_Virtual_de_03_a_07_de_agosto_de_2026_.pdf,C:\Users\thiagonogueira\OneDrive - mppi.mp.br\CLC\01_Processos_e_Aquisicoes\Base de Conhecimento - Thiago\02_Jurisprudencia_e_Orientacoes\Informativos_Julgamentos_TCE_PI\03_Recursos_Agravos_Embargos_TCE_PI.md,C:\Users\thiagonogueira\OneDrive - mppi.mp.br\CLC\01_Processos_e_Aquisicoes\Base de Conhecimento - Thiago\02_Jurisprudencia_e_Orientacoes\Informativos_Julgamentos_TCE_PI\Plen_rio_Virtual_Pleno___Sess_o_Ordin_ria_Virtual_de_03_a_07_de_agosto_de_2026_.md
MD_USADO_POR_VARIOS_PDFS,0.7,Plen_rio_Virtual_Pleno___Sess_o_Ordin_ria_Virtual_de_08_a_11_de_setembro_de_2026.pdf,C:\Users\thiagonogueira\OneDrive - mppi.mp.br\CLC\01_Processos_e_Aquisicoes\Base de Conhecimento - Thiago\02_Jurisprudencia_e_Orientacoes\Informativos_Julgamentos_TCE_PI\03_Recursos_Agravos_Embargos_TCE_PI.md,C:\Users\thiagonogueira\OneDrive - mppi.mp.br\CLC\01_Processos_e_Aquisicoes\Base de Conhecimento - Thiago\02_Jurisprudencia_e_Orientacoes\Informativos_Julgamentos_TCE_PI\Plen_rio_Virtual_Pleno___Sess_o_Ordin_ria_Virtual_de_08_a_11_de_setembro_de_2026.md
MD_USADO_POR_VARIOS_PDFS,0.61,Plen_rio_Virtual_Pleno___Sess_o_Ordin_ria_Virtual_de_13_a_17_de_julho_de_2026_.pdf,C:\Users\thiagonogueira\OneDrive - mppi.mp.br\CLC\01_Processos_e_Aquisicoes\Base de Conhecimento - Thiago\02_Jurisprudencia_e_Orientacoes\Informativos_Julgamentos_TCE_PI\03_Recursos_Agravos_Embargos_TCE_PI.md,C:\Users\thiagonogueira\OneDrive - mppi.mp.br\CLC\01_Processos_e_Aquisicoes\Base de Conhecimento - Thiago\02_Jurisprudencia_e_Orientacoes\Informativos_Julgamentos_TCE_PI\Plen_rio_Virtual_Pleno___Sess_o_Ordin_ria_Virtual_de_13_a_17_de_julho_de_2026_.md
MD_USADO_POR_VARIOS_PDFS,0.75,Plen_rio_Virtual_Pleno___Sess_o_Ordin_ria_Virtual_de_14_a_18_de_setembro_de_2026.pdf,C:\Users\thiagonogueira\OneDrive - mppi.mp.br\CLC\01_Processos_e_Aquisicoes\Base de Conhecimento - Thiago\02_Jurisprudencia_e_Orientacoes\Informativos_Julgamentos_TCE_PI\03_Recursos_Agravos_Embargos_TCE_PI.md,C:\Users\thiagonogueira\OneDrive - mppi.mp.br\CLC\01_Processos_e_Aquisicoes\Base de Conhecimento - Thiago\02_Jurisprudencia_e_Orientacoes\Informativos_Julgamentos_TCE_PI\Plen_rio_Virtual_Pleno___Sess_o_Ordin_ria_Virtual_de_14_a_18_de_setembro_de_2026.md
MD_USADO_POR_VARIOS_PDFS,0.62,Plen_rio_Virtual_Pleno___Sess_o_Ordin_ria_Virtual_de_15_a_19_de_junho_de_2026_.pdf,C:\Users\thiagonogueira\OneDrive - mppi.mp.br\CLC\01_Processos_e_Aquisicoes\Base de Conhecimento - Thiago\02_Jurisprudencia_e_Orientacoes\Informativos_Julgamentos_TCE_PI\08_Outros_Procedimentos_e_Consultas_TCE_PI.md,C:\Users\thiagonogueira\OneDrive - mppi.mp.br\CLC\01_Processos_e_Aquisicoes\Base de Conhecimento - Thiago\02_Jurisprudencia_e_Orientacoes\Informativos_Julgamentos_TCE_PI\Plen_rio_Virtual_Pleno___Sess_o_Ordin_ria_Virtual_de_15_a_19_de_junho_de_2026_.md
MD_USADO_POR_VARIOS_PDFS,0.61,Plen_rio_Virtual_Pleno___Sess_o_Ordin_ria_Virtual_de_17_a_21_de_agosto_de_2026_.pdf,C:\Users\thiagonogueira\OneDrive - mppi.mp.br\CLC\01_Processos_e_Aquisicoes\Base de Conhecimento - Thiago\02_Jurisprudencia_e_Orientacoes\Informativos_Julgamentos_TCE_PI\03_Recursos_Agravos_Embargos_TCE_PI.md,C:\Users\thiagonogueira\OneDrive - mppi.mp.br\CLC\01_Processos_e_Aquisicoes\Base de Conhecimento - Thiago\02_Jurisprudencia_e_Orientacoes\Informativos_Julgamentos_TCE_PI\Plen_rio_Virtual_Pleno___Sess_o_Ordin_ria_Virtual_de_17_a_21_de_agosto_de_2026_.md
MD_USADO_POR_VARIOS_PDFS,0.61,Plen_rio_Virtual_Pleno___Sess_o_Ordin_ria_Virtual_de_1__a_05_de_junho_de_2026_.pdf,C:\Users\thiagonogueira\OneDrive - mppi.mp.br\CLC\01_Processos_e_Aquisicoes\Base de Conhecimento - Thiago\02_Jurisprudencia_e_Orientacoes\Informativos_Julgamentos_TCE_PI\08_Outros_Procedimentos_e_Consultas_TCE_PI.md,C:\Users\thiagonogueira\OneDrive - mppi.mp.br\CLC\01_Processos_e_Aquisicoes\Base de Conhecimento - Thiago\02_Jurisprudencia_e_Orientacoes\Informativos_Julgamentos_TCE_PI\Plen_rio_Virtual_Pleno___Sess_o_Ordin_ria_Virtual_de_1__a_05_de_junho_de_2026_.md
MD_USADO_POR_VARIOS_PDFS,0.71,Plen_rio_Virtual_Pleno___Sess_o_Ordin_ria_Virtual_de_20_a_24_de_julho_de_2026_.pdf,C:\Users\thiagonogueira\OneDrive - mppi.mp.br\CLC\01_Processos_e_Aquisicoes\Base de Conhecimento - Thiago\02_Jurisprudencia_e_Orientacoes\Informativos_Julgamentos_TCE_PI\08_Outros_Procedimentos_e_Consultas_TCE_PI.md,C:\Users\thiagonogueira\OneDrive - mppi.mp.br\CLC\01_Processos_e_Aquisicoes\Base de Conhecimento - Thiago\02_Jurisprudencia_e_Orientacoes\Informativos_Julgamentos_TCE_PI\Plen_rio_Virtual_Pleno___Sess_o_Ordin_ria_Virtual_de_20_a_24_de_julho_de_2026_.md
MD_USADO_POR_VARIOS_PDFS,0.63,Plen_rio_Virtual_Pleno___Sess_o_Ordin_ria_Virtual_de_21_a_25_de_setembro_de_2026.pdf,C:\Users\thiagonogueira\OneDrive - mppi.mp.br\CLC\01_Processos_e_Aquisicoes\Base de Conhecimento - Thiago\02_Jurisprudencia_e_Orientacoes\Informativos_Julgamentos_TCE_PI\03_Recursos_Agravos_Embargos_TCE_PI.md,C:\Users\thiagonogueira\OneDrive - mppi.mp.br\CLC\01_Processos_e_Aquisicoes\Base de Conhecimento - Thiago\02_Jurisprudencia_e_Orientacoes\Informativos_Julgamentos_TCE_PI\Plen_rio_Virtual_Pleno___Sess_o_Ordin_ria_Virtual_de_21_a_25_de_setembro_de_2026.md
MD_USADO_POR_VARIOS_PDFS,0.65,Plen_rio_Virtual_Pleno___Sess_o_Ordin_ria_Virtual_de_27_a_31_de_julho_de_2026_.pdf,C:\Users\thiagonogueira\OneDrive - mppi.mp.br\CLC\01_Processos_e_Aquisicoes\Base de Conhecimento - Thiago\02_Jurisprudencia_e_Orientacoes\Informativos_Julgamentos_TCE_PI\08_Outros_Procedimentos_e_Consultas_TCE_PI.md,C:\Users\thiagonogueira\OneDrive - mppi.mp.br\CLC\01_Processos_e_Aquisicoes\Base de Conhecimento - Thiago\02_Jurisprudencia_e_Orientacoes\Informativos_Julgamentos_TCE_PI\Plen_rio_Virtual_Pleno___Sess_o_Ordin_ria_Virtual_de_27_a_31_de_julho_de_2026_.md
MD_USADO_POR_VARIOS_PDFS,0.65,Plen_rio_Virtual_Pleno___Sess_o_Ordin_ria_Virtual_de_29_de_junho_a_03_de_julho_d.pdf,C:\Users\thiagonogueira\OneDrive - mppi.mp.br\CLC\01_Processos_e_Aquisicoes\Base de Conhecimento - Thiago\02_Jurisprudencia_e_Orientacoes\Informativos_Julgamentos_TCE_PI\03_Recursos_Agravos_Embargos_TCE_PI.md,C:\Users\thiagonogueira\OneDrive - mppi.mp.br\CLC\01_Processos_e_Aquisicoes\Base de Conhecimento - Thiago\02_Jurisprudencia_e_Orientacoes\Informativos_Julgamentos_TCE_PI\Plen_rio_Virtual_Pleno___Sess_o_Ordin_ria_Virtual_de_29_de_junho_a_03_de_julho_d.md
MD_USADO_POR_VARIOS_PDFS,0.64,Plen_rio_Virtual_Pleno___Sess_o_Ordin_ria_Virtual_de_31_de_agosto_a_04_de_setemb.pdf,C:\Users\thiagonogueira\OneDrive - mppi.mp.br\CLC\01_Processos_e_Aquisicoes\Base de Conhecimento - Thiago\02_Jurisprudencia_e_Orientacoes\Informativos_Julgamentos_TCE_PI\03_Recursos_Agravos_Embargos_TCE_PI.md,C:\Users\thiagonogueira\OneDrive - mppi.mp.br\CLC\01_Processos_e_Aquisicoes\Base de Conhecimento - Thiago\02_Jurisprudencia_e_Orientacoes\Informativos_Julgamentos_TCE_PI\Plen_rio_Virtual_Pleno___Sess_o_Ordin_ria_Virtual_de_31_de_agosto_a_04_de_setemb.md
MD_USADO_POR_VARIOS_PDFS,0.73,Primeira_C_mara_Presencial_1__C_mara___Sess_o_de_Julgamento_Presencial_n__019_de.pdf,C:\Users\thiagonogueira\OneDrive - mppi.mp.br\CLC\01_Processos_e_Aquisicoes\Base de Conhecimento - Thiago\02_Jurisprudencia_e_Orientacoes\Informativos_Julgamentos_TCE_PI\01_Licitacoes_e_Contratos_Julgados_TCE_PI.md,C:\Users\thiagonogueira\OneDrive - mppi.mp.br\CLC\01_Processos_e_Aquisicoes\Base de Conhecimento - Thiago\02_Jurisprudencia_e_Orientacoes\Informativos_Julgamentos_TCE_PI\Primeira_C_mara_Presencial_1__C_mara___Sess_o_de_Julgamento_Presencial_n__019_de.md
MD_USADO_POR_VARIOS_PDFS,0.69,Primeira_C_mara_Presencial_1__C_mara___Sess_o_Ordin_ria_Presencial_n__03_de_24_d.pdf,C:\Users\thiagonogueira\OneDrive - mppi.mp.br\CLC\01_Processos_e_Aquisicoes\Base de Conhecimento - Thiago\02_Jurisprudencia_e_Orientacoes\Informativos_Julgamentos_TCE_PI\02_Denuncias_Licitacoes_e_Fraudes_TCE_PI.md,C:\Users\thiagonogueira\OneDrive - mppi.mp.br\CLC\01_Processos_e_Aquisicoes\Base de Conhecimento - Thiago\02_Jurisprudencia_e_Orientacoes\Informativos_Julgamentos_TCE_PI\Primeira_C_mara_Presencial_1__C_mara___Sess_o_Ordin_ria_Presencial_n__03_de_24_d.md
MD_USADO_POR_VARIOS_PDFS,0.78,Primeira_C_mara_Presencial_1__C_mara___Sess_o_Ordin_ria_Presencial_n__05_de_24_d.pdf,C:\Users\thiagonogueira\OneDrive - mppi.mp.br\CLC\01_Processos_e_Aquisicoes\Base de Conhecimento - Thiago\02_Jurisprudencia_e_Orientacoes\Informativos_Julgamentos_TCE_PI\02_Denuncias_Licitacoes_e_Fraudes_TCE_PI.md,C:\Users\thiagonogueira\OneDrive - mppi.mp.br\CLC\01_Processos_e_Aquisicoes\Base de Conhecimento - Thiago\02_Jurisprudencia_e_Orientacoes\Informativos_Julgamentos_TCE_PI\Primeira_C_mara_Presencial_1__C_mara___Sess_o_Ordin_ria_Presencial_n__05_de_24_d.md
MD_USADO_POR_VARIOS_PDFS,0.71,Primeira_C_mara_Presencial_1__C_mara___Sess_o_Ordin_ria_Presencial_n__08_de_12_d.pdf,C:\Users\thiagonogueira\OneDrive - mppi.mp.br\CLC\01_Processos_e_Aquisicoes\Base de Conhecimento - Thiago\02_Jurisprudencia_e_Orientacoes\Informativos_Julgamentos_TCE_PI\02_Denuncias_Licitacoes_e_Fraudes_TCE_PI.md,C:\Users\thiagonogueira\OneDrive - mppi.mp.br\CLC\01_Processos_e_Aquisicoes\Base de Conhecimento - Thiago\02_Jurisprudencia_e_Orientacoes\Informativos_Julgamentos_TCE_PI\Primeira_C_mara_Presencial_1__C_mara___Sess_o_Ordin_ria_Presencial_n__08_de_12_d.md
MD_USADO_POR_VARIOS_PDFS,0.64,Primeira_C_mara_Presencial_1__C_mara___Sess_o_Ordin_ria_Presencial_n__10_de_9_de.pdf,C:\Users\thiagonogueira\OneDrive - mppi.mp.br\CLC\01_Processos_e_Aquisicoes\Base de Conhecimento - Thiago\02_Jurisprudencia_e_Orientacoes\Informativos_Julgamentos_TCE_PI\01_Licitacoes_e_Contratos_Julgados_TCE_PI.md,C:\Users\thiagonogueira\OneDrive - mppi.mp.br\CLC\01_Processos_e_Aquisicoes\Base de Conhecimento - Thiago\02_Jurisprudencia_e_Orientacoes\Informativos_Julgamentos_TCE_PI\Primeira_C_mara_Presencial_1__C_mara___Sess_o_Ordin_ria_Presencial_n__10_de_9_de.md
MD_USADO_POR_VARIOS_PDFS,0.63,Primeira_C_mara_Presencial_1__C_mara___Sess_o_Ordin_ria_Presencial_n__11_de_23_d.pdf,C:\Users\thiagonogueira\OneDrive - mppi.mp.br\CLC\01_Processos_e_Aquisicoes\Base de Conhecimento - Thiago\02_Jurisprudencia_e_Orientacoes\Informativos_Julgamentos_TCE_PI\01_Licitacoes_e_Contratos_Julgados_TCE_PI.md,C:\Users\thiagonogueira\OneDrive - mppi.mp.br\CLC\01_Processos_e_Aquisicoes\Base de Conhecimento - Thiago\02_Jurisprudencia_e_Orientacoes\Informativos_Julgamentos_TCE_PI\Primeira_C_mara_Presencial_1__C_mara___Sess_o_Ordin_ria_Presencial_n__11_de_23_d.md
MD_USADO_POR_VARIOS_PDFS,0.75,Primeira_C_mara_Presencial_1__C_mara___Sess_o_Ordin_ria_Presencial_n__13_de_21_d.pdf,C:\Users\thiagonogueira\OneDrive - mppi.mp.br\CLC\01_Processos_e_Aquisicoes\Base de Conhecimento - Thiago\02_Jurisprudencia_e_Orientacoes\Informativos_Julgamentos_TCE_PI\01_Licitacoes_e_Contratos_Julgados_TCE_PI.md,C:\Users\thiagonogueira\OneDrive - mppi.mp.br\CLC\01_Processos_e_Aquisicoes\Base de Conhecimento - Thiago\02_Jurisprudencia_e_Orientacoes\Informativos_Julgamentos_TCE_PI\Primeira_C_mara_Presencial_1__C_mara___Sess_o_Ordin_ria_Presencial_n__13_de_21_d.md
MD_USADO_POR_VARIOS_PDFS,0.78,Primeira_C_mara_Presencial_1__C_mara___Sess_o_Ordin_ria_Presencial_n__16_de_01_d.pdf,C:\Users\thiagonogueira\OneDrive - mppi.mp.br\CLC\01_Processos_e_Aquisicoes\Base de Conhecimento - Thiago\02_Jurisprudencia_e_Orientacoes\Informativos_Julgamentos_TCE_PI\01_Licitacoes_e_Contratos_Julgados_TCE_PI.md,C:\Users\thiagonogueira\OneDrive - mppi.mp.br\CLC\01_Processos_e_Aquisicoes\Base de Conhecimento - Thiago\02_Jurisprudencia_e_Orientacoes\Informativos_Julgamentos_TCE_PI\Primeira_C_mara_Presencial_1__C_mara___Sess_o_Ordin_ria_Presencial_n__16_de_01_d.md
MD_USADO_POR_VARIOS_PDFS,0.75,Primeira_C_mara_Presencial_1__C_mara___Sess_o_Ordin_ria_Presencial_n__17_de_15_d.pdf,C:\Users\thiagonogueira\OneDrive - mppi.mp.br\CLC\01_Processos_e_Aquisicoes\Base de Conhecimento - Thiago\02_Jurisprudencia_e_Orientacoes\Informativos_Julgamentos_TCE_PI\05_Representacoes_Licitantes_TCE_PI.md,C:\Users\thiagonogueira\OneDrive - mppi.mp.br\CLC\01_Processos_e_Aquisicoes\Base de Conhecimento - Thiago\02_Jurisprudencia_e_Orientacoes\Informativos_Julgamentos_TCE_PI\Primeira_C_mara_Presencial_1__C_mara___Sess_o_Ordin_ria_Presencial_n__17_de_15_d.md
MD_USADO_POR_VARIOS_PDFS,0.72,Primeira_C_mara_Virtual_1__C_mara___Sess_o_Ordin_ria_Virtual_de_04_a_08_de_maio_.pdf,C:\Users\thiagonogueira\OneDrive - mppi.mp.br\CLC\01_Processos_e_Aquisicoes\Base de Conhecimento - Thiago\02_Jurisprudencia_e_Orientacoes\Informativos_Julgamentos_TCE_PI\08_Outros_Procedimentos_e_Consultas_TCE_PI.md,C:\Users\thiagonogueira\OneDrive - mppi.mp.br\CLC\01_Processos_e_Aquisicoes\Base de Conhecimento - Thiago\02_Jurisprudencia_e_Orientacoes\Informativos_Julgamentos_TCE_PI\Primeira_C_mara_Virtual_1__C_mara___Sess_o_Ordin_ria_Virtual_de_04_a_08_de_maio_.md
MD_USADO_POR_VARIOS_PDFS,0.63,Primeira_C_mara_Virtual_1__C_mara___Sess_o_Ordin_ria_Virtual_de_08_a_11_de_setem.pdf,C:\Users\thiagonogueira\OneDrive - mppi.mp.br\CLC\01_Processos_e_Aquisicoes\Base de Conhecimento - Thiago\02_Jurisprudencia_e_Orientacoes\Informativos_Julgamentos_TCE_PI\08_Outros_Procedimentos_e_Consultas_TCE_PI.md,C:\Users\thiagonogueira\OneDrive - mppi.mp.br\CLC\01_Processos_e_Aquisicoes\Base de Conhecimento - Thiago\02_Jurisprudencia_e_Orientacoes\Informativos_Julgamentos_TCE_PI\Primeira_C_mara_Virtual_1__C_mara___Sess_o_Ordin_ria_Virtual_de_08_a_11_de_setem.md
MD_USADO_POR_VARIOS_PDFS,0.77,Primeira_C_mara_Virtual_1__C_mara___Sess_o_Ordin_ria_Virtual_de_10_a_14_de_agost.pdf,C:\Users\thiagonogueira\OneDrive - mppi.mp.br\CLC\01_Processos_e_Aquisicoes\Base de Conhecimento - Thiago\02_Jurisprudencia_e_Orientacoes\Informativos_Julgamentos_TCE_PI\08_Outros_Procedimentos_e_Consultas_TCE_PI.md,C:\Users\thiagonogueira\OneDrive - mppi.mp.br\CLC\01_Processos_e_Aquisicoes\Base de Conhecimento - Thiago\02_Jurisprudencia_e_Orientacoes\Informativos_Julgamentos_TCE_PI\Primeira_C_mara_Virtual_1__C_mara___Sess_o_Ordin_ria_Virtual_de_10_a_14_de_agost.md
MD_USADO_POR_VARIOS_PDFS,0.69,Primeira_C_mara_Virtual_1__C_mara___Sess_o_Ordin_ria_Virtual_de_11_a_15_de_maio_.pdf,C:\Users\thiagonogueira\OneDrive - mppi.mp.br\CLC\01_Processos_e_Aquisicoes\Base de Conhecimento - Thiago\02_Jurisprudencia_e_Orientacoes\Informativos_Julgamentos_TCE_PI\08_Outros_Procedimentos_e_Consultas_TCE_PI.md,C:\Users\thiagonogueira\OneDrive - mppi.mp.br\CLC\01_Processos_e_Aquisicoes\Base de Conhecimento - Thiago\02_Jurisprudencia_e_Orientacoes\Informativos_Julgamentos_TCE_PI\Primeira_C_mara_Virtual_1__C_mara___Sess_o_Ordin_ria_Virtual_de_11_a_15_de_maio_.md
MD_USADO_POR_VARIOS_PDFS,0.71,Primeira_C_mara_Virtual_1__C_mara___Sess_o_Ordin_ria_Virtual_de_14_a_18_de_setem.pdf,C:\Users\thiagonogueira\OneDrive - mppi.mp.br\CLC\01_Processos_e_Aquisicoes\Base de Conhecimento - Thiago\02_Jurisprudencia_e_Orientacoes\Informativos_Julgamentos_TCE_PI\08_Outros_Procedimentos_e_Consultas_TCE_PI.md,C:\Users\thiagonogueira\OneDrive - mppi.mp.br\CLC\01_Processos_e_Aquisicoes\Base de Conhecimento - Thiago\02_Jurisprudencia_e_Orientacoes\Informativos_Julgamentos_TCE_PI\Primeira_C_mara_Virtual_1__C_mara___Sess_o_Ordin_ria_Virtual_de_14_a_18_de_setem.md
MD_USADO_POR_VARIOS_PDFS,0.7,Primeira_C_mara_Virtual_1__C_mara___Sess_o_Ordin_ria_Virtual_de_15_a_19_de_junho.pdf,C:\Users\thiagonogueira\OneDrive - mppi.mp.br\CLC\01_Processos_e_Aquisicoes\Base de Conhecimento - Thiago\02_Jurisprudencia_e_Orientacoes\Informativos_Julgamentos_TCE_PI\08_Outros_Procedimentos_e_Consultas_TCE_PI.md,C:\Users\thiagonogueira\OneDrive - mppi.mp.br\CLC\01_Processos_e_Aquisicoes\Base de Conhecimento - Thiago\02_Jurisprudencia_e_Orientacoes\Informativos_Julgamentos_TCE_PI\Primeira_C_mara_Virtual_1__C_mara___Sess_o_Ordin_ria_Virtual_de_15_a_19_de_junho.md
MD_USADO_POR_VARIOS_PDFS,0.61,Primeira_C_mara_Virtual_1__C_mara___Sess_o_Ordin_ria_Virtual_de_17_a_21_de_agost.pdf,C:\Users\thiagonogueira\OneDrive - mppi.mp.br\CLC\01_Processos_e_Aquisicoes\Base de Conhecimento - Thiago\02_Jurisprudencia_e_Orientacoes\Informativos_Julgamentos_TCE_PI\08_Outros_Procedimentos_e_Consultas_TCE_PI.md,C:\Users\thiagonogueira\OneDrive - mppi.mp.br\CLC\01_Processos_e_Aquisicoes\Base de Conhecimento - Thiago\02_Jurisprudencia_e_Orientacoes\Informativos_Julgamentos_TCE_PI\Primeira_C_mara_Virtual_1__C_mara___Sess_o_Ordin_ria_Virtual_de_17_a_21_de_agost.md
MD_USADO_POR_VARIOS_PDFS,0.68,Primeira_C_mara_Virtual_1__C_mara___Sess_o_Ordin_ria_Virtual_de_1__a_05_de_junho.pdf,C:\Users\thiagonogueira\OneDrive - mppi.mp.br\CLC\01_Processos_e_Aquisicoes\Base de Conhecimento - Thiago\02_Jurisprudencia_e_Orientacoes\Informativos_Julgamentos_TCE_PI\08_Outros_Procedimentos_e_Consultas_TCE_PI.md,C:\Users\thiagonogueira\OneDrive - mppi.mp.br\CLC\01_Processos_e_Aquisicoes\Base de Conhecimento - Thiago\02_Jurisprudencia_e_Orientacoes\Informativos_Julgamentos_TCE_PI\Primeira_C_mara_Virtual_1__C_mara___Sess_o_Ordin_ria_Virtual_de_1__a_05_de_junho.md
MD_USADO_POR_VARIOS_PDFS,0.69,Primeira_C_mara_Virtual_1__C_mara___Sess_o_Ordin_ria_Virtual_de_20_a_24_de_julho.pdf,C:\Users\thiagonogueira\OneDrive - mppi.mp.br\CLC\01_Processos_e_Aquisicoes\Base de Conhecimento - Thiago\02_Jurisprudencia_e_Orientacoes\Informativos_Julgamentos_TCE_PI\08_Outros_Procedimentos_e_Consultas_TCE_PI.md,C:\Users\thiagonogueira\OneDrive - mppi.mp.br\CLC\01_Processos_e_Aquisicoes\Base de Conhecimento - Thiago\02_Jurisprudencia_e_Orientacoes\Informativos_Julgamentos_TCE_PI\Primeira_C_mara_Virtual_1__C_mara___Sess_o_Ordin_ria_Virtual_de_20_a_24_de_julho.md
MD_USADO_POR_VARIOS_PDFS,0.66,Primeira_C_mara_Virtual_1__C_mara___Sess_o_Ordin_ria_Virtual_de_22_a_26_de_junho.pdf,C:\Users\thiagonogueira\OneDrive - mppi.mp.br\CLC\01_Processos_e_Aquisicoes\Base de Conhecimento - Thiago\02_Jurisprudencia_e_Orientacoes\Informativos_Julgamentos_TCE_PI\08_Outros_Procedimentos_e_Consultas_TCE_PI.md,C:\Users\thiagonogueira\OneDrive - mppi.mp.br\CLC\01_Processos_e_Aquisicoes\Base de Conhecimento - Thiago\02_Jurisprudencia_e_Orientacoes\Informativos_Julgamentos_TCE_PI\Primeira_C_mara_Virtual_1__C_mara___Sess_o_Ordin_ria_Virtual_de_22_a_26_de_junho.md
MD_USADO_POR_VARIOS_PDFS,0.77,Primeira_C_mara_Virtual_1__C_mara___Sess_o_Ordin_ria_Virtual_de_25_a_29_de_maio_.pdf,C:\Users\thiagonogueira\OneDrive - mppi.mp.br\CLC\01_Processos_e_Aquisicoes\Base de Conhecimento - Thiago\02_Jurisprudencia_e_Orientacoes\Informativos_Julgamentos_TCE_PI\08_Outros_Procedimentos_e_Consultas_TCE_PI.md,C:\Users\thiagonogueira\OneDrive - mppi.mp.br\CLC\01_Processos_e_Aquisicoes\Base de Conhecimento - Thiago\02_Jurisprudencia_e_Orientacoes\Informativos_Julgamentos_TCE_PI\Primeira_C_mara_Virtual_1__C_mara___Sess_o_Ordin_ria_Virtual_de_25_a_29_de_maio_.md
MD_USADO_POR_VARIOS_PDFS,0.67,Primeira_C_mara_Virtual_1__C_mara___Sess_o_Ordin_ria_Virtual_de_27_a_30_de_abril.pdf,C:\Users\thiagonogueira\OneDrive - mppi.mp.br\CLC\01_Processos_e_Aquisicoes\Base de Conhecimento - Thiago\02_Jurisprudencia_e_Orientacoes\Informativos_Julgamentos_TCE_PI\08_Outros_Procedimentos_e_Consultas_TCE_PI.md,C:\Users\thiagonogueira\OneDrive - mppi.mp.br\CLC\01_Processos_e_Aquisicoes\Base de Conhecimento - Thiago\02_Jurisprudencia_e_Orientacoes\Informativos_Julgamentos_TCE_PI\Primeira_C_mara_Virtual_1__C_mara___Sess_o_Ordin_ria_Virtual_de_27_a_30_de_abril.md
MD_USADO_POR_VARIOS_PDFS,0.74,Primeira_C_mara_Virtual_1__C_mara___Sess_o_Ordin_ria_Virtual_de_27_a_31_de_julho.pdf,C:\Users\thiagonogueira\OneDrive - mppi.mp.br\CLC\01_Processos_e_Aquisicoes\Base de Conhecimento - Thiago\02_Jurisprudencia_e_Orientacoes\Informativos_Julgamentos_TCE_PI\08_Outros_Procedimentos_e_Consultas_TCE_PI.md,C:\Users\thiagonogueira\OneDrive - mppi.mp.br\CLC\01_Processos_e_Aquisicoes\Base de Conhecimento - Thiago\02_Jurisprudencia_e_Orientacoes\Informativos_Julgamentos_TCE_PI\Primeira_C_mara_Virtual_1__C_mara___Sess_o_Ordin_ria_Virtual_de_27_a_31_de_julho.md
MD_USADO_POR_VARIOS_PDFS,0.7,Primeira_C_mara_Virtual_1__C_mara___Sess_o_Ordin_ria_Virtual_de_29_de_junho_a_03.pdf,C:\Users\thiagonogueira\OneDrive - mppi.mp.br\CLC\01_Processos_e_Aquisicoes\Base de Conhecimento - Thiago\02_Jurisprudencia_e_Orientacoes\Informativos_Julgamentos_TCE_PI\08_Outros_Procedimentos_e_Consultas_TCE_PI.md,C:\Users\thiagonogueira\OneDrive - mppi.mp.br\CLC\01_Processos_e_Aquisicoes\Base de Conhecimento - Thiago\02_Jurisprudencia_e_Orientacoes\Informativos_Julgamentos_TCE_PI\Primeira_C_mara_Virtual_1__C_mara___Sess_o_Ordin_ria_Virtual_de_29_de_junho_a_03.md
MD_USADO_POR_VARIOS_PDFS,0.67,Primeira_C_mara_Virtual_1__C_mara___Sess_o_Ordin_ria_Virtual_de_31_de_agosto_a_0.pdf,C:\Users\thiagonogueira\OneDrive - mppi.mp.br\CLC\01_Processos_e_Aquisicoes\Base de Conhecimento - Thiago\02_Jurisprudencia_e_Orientacoes\Informativos_Julgamentos_TCE_PI\08_Outros_Procedimentos_e_Consultas_TCE_PI.md,C:\Users\thiagonogueira\OneDrive - mppi.mp.br\CLC\01_Processos_e_Aquisicoes\Base de Conhecimento - Thiago\02_Jurisprudencia_e_Orientacoes\Informativos_Julgamentos_TCE_PI\Primeira_C_mara_Virtual_1__C_mara___Sess_o_Ordin_ria_Virtual_de_31_de_agosto_a_0.md
MD_USADO_POR_VARIOS_PDFS,0.78,Primeira_C_mara_Virtual_1__C_mara___Sess_o_Ordin_ria_Virtual_de_8_a_12_de_junho_.pdf,C:\Users\thiagonogueira\OneDrive - mppi.mp.br\CLC\01_Processos_e_Aquisicoes\Base de Conhecimento - Thiago\02_Jurisprudencia_e_Orientacoes\Informativos_Julgamentos_TCE_PI\08_Outros_Procedimentos_e_Consultas_TCE_PI.md,C:\Users\thiagonogueira\OneDrive - mppi.mp.br\CLC\01_Processos_e_Aquisicoes\Base de Conhecimento - Thiago\02_Jurisprudencia_e_Orientacoes\Informativos_Julgamentos_TCE_PI\Primeira_C_mara_Virtual_1__C_mara___Sess_o_Ordin_ria_Virtual_de_8_a_12_de_junho_.md
MD_USADO_POR_VARIOS_PDFS,0.72,Segunda_C_mara_Presencial_2__C_mara___Sess_o_Ordin_ria_Presencial_n__01_de_28_de.pdf,C:\Users\thiagonogueira\OneDrive - mppi.mp.br\CLC\01_Processos_e_Aquisicoes\Base de Conhecimento - Thiago\02_Jurisprudencia_e_Orientacoes\Informativos_Julgamentos_TCE_PI\01_Licitacoes_e_Contratos_Julgados_TCE_PI.md,C:\Users\thiagonogueira\OneDrive - mppi.mp.br\CLC\01_Processos_e_Aquisicoes\Base de Conhecimento - Thiago\02_Jurisprudencia_e_Orientacoes\Informativos_Julgamentos_TCE_PI\Segunda_C_mara_Presencial_2__C_mara___Sess_o_Ordin_ria_Presencial_n__01_de_28_de.md
MD_USADO_POR_VARIOS_PDFS,0.78,Segunda_C_mara_Presencial_2__C_mara___Sess_o_Ordin_ria_Presencial_n__02_de_11_de.pdf,C:\Users\thiagonogueira\OneDrive - mppi.mp.br\CLC\01_Processos_e_Aquisicoes\Base de Conhecimento - Thiago\02_Jurisprudencia_e_Orientacoes\Informativos_Julgamentos_TCE_PI\01_Licitacoes_e_Contratos_Julgados_TCE_PI.md,C:\Users\thiagonogueira\OneDrive - mppi.mp.br\CLC\01_Processos_e_Aquisicoes\Base de Conhecimento - Thiago\02_Jurisprudencia_e_Orientacoes\Informativos_Julgamentos_TCE_PI\Segunda_C_mara_Presencial_2__C_mara___Sess_o_Ordin_ria_Presencial_n__02_de_11_de.md
MD_USADO_POR_VARIOS_PDFS,0.85,Segunda_C_mara_Presencial_2__C_mara___Sess_o_Ordin_ria_Presencial_n__03_de_25_de.pdf,C:\Users\thiagonogueira\OneDrive - mppi.mp.br\CLC\01_Processos_e_Aquisicoes\Base de Conhecimento - Thiago\02_Jurisprudencia_e_Orientacoes\Informativos_Julgamentos_TCE_PI\08_Outros_Procedimentos_e_Consultas_TCE_PI.md,C:\Users\thiagonogueira\OneDrive - mppi.mp.br\CLC\01_Processos_e_Aquisicoes\Base de Conhecimento - Thiago\02_Jurisprudencia_e_Orientacoes\Informativos_Julgamentos_TCE_PI\Segunda_C_mara_Presencial_2__C_mara___Sess_o_Ordin_ria_Presencial_n__03_de_25_de.md
MD_USADO_POR_VARIOS_PDFS,0.85,Segunda_C_mara_Presencial_2__C_mara___Sess_o_Ordin_ria_Presencial_n__05_de_8_de_.pdf,C:\Users\thiagonogueira\OneDrive - mppi.mp.br\CLC\01_Processos_e_Aquisicoes\Base de Conhecimento - Thiago\02_Jurisprudencia_e_Orientacoes\Informativos_Julgamentos_TCE_PI\05_Representacoes_Licitantes_TCE_PI.md,C:\Users\thiagonogueira\OneDrive - mppi.mp.br\CLC\01_Processos_e_Aquisicoes\Base de Conhecimento - Thiago\02_Jurisprudencia_e_Orientacoes\Informativos_Julgamentos_TCE_PI\Segunda_C_mara_Presencial_2__C_mara___Sess_o_Ordin_ria_Presencial_n__05_de_8_de_.md
MD_USADO_POR_VARIOS_PDFS,0.68,Segunda_C_mara_Presencial_2__C_mara___Sess_o_Ordin_ria_Presencial_n__06_de_29_de.pdf,C:\Users\thiagonogueira\OneDrive - mppi.mp.br\CLC\01_Processos_e_Aquisicoes\Base de Conhecimento - Thiago\02_Jurisprudencia_e_Orientacoes\Informativos_Julgamentos_TCE_PI\05_Representacoes_Licitantes_TCE_PI.md,C:\Users\thiagonogueira\OneDrive - mppi.mp.br\CLC\01_Processos_e_Aquisicoes\Base de Conhecimento - Thiago\02_Jurisprudencia_e_Orientacoes\Informativos_Julgamentos_TCE_PI\Segunda_C_mara_Presencial_2__C_mara___Sess_o_Ordin_ria_Presencial_n__06_de_29_de.md
MD_USADO_POR_VARIOS_PDFS,0.67,Segunda_C_mara_Presencial_2__C_mara___Sess_o_Ordin_ria_Presencial_n__07_de_13_de.pdf,C:\Users\thiagonogueira\OneDrive - mppi.mp.br\CLC\01_Processos_e_Aquisicoes\Base de Conhecimento - Thiago\02_Jurisprudencia_e_Orientacoes\Informativos_Julgamentos_TCE_PI\01_Licitacoes_e_Contratos_Julgados_TCE_PI.md,C:\Users\thiagonogueira\OneDrive - mppi.mp.br\CLC\01_Processos_e_Aquisicoes\Base de Conhecimento - Thiago\02_Jurisprudencia_e_Orientacoes\Informativos_Julgamentos_TCE_PI\Segunda_C_mara_Presencial_2__C_mara___Sess_o_Ordin_ria_Presencial_n__07_de_13_de.md
MD_USADO_POR_VARIOS_PDFS,0.66,Segunda_C_mara_Presencial_2__C_mara___Sess_o_Ordin_ria_Presencial_n__08_de_27_de.pdf,C:\Users\thiagonogueira\OneDrive - mppi.mp.br\CLC\01_Processos_e_Aquisicoes\Base de Conhecimento - Thiago\02_Jurisprudencia_e_Orientacoes\Informativos_Julgamentos_TCE_PI\01_Licitacoes_e_Contratos_Julgados_TCE_PI.md,C:\Users\thiagonogueira\OneDrive - mppi.mp.br\CLC\01_Processos_e_Aquisicoes\Base de Conhecimento - Thiago\02_Jurisprudencia_e_Orientacoes\Informativos_Julgamentos_TCE_PI\Segunda_C_mara_Presencial_2__C_mara___Sess_o_Ordin_ria_Presencial_n__08_de_27_de.md
MD_USADO_POR_VARIOS_PDFS,0.7,Segunda_C_mara_Presencial_2__C_mara___Sess_o_Ordin_ria_Presencial_n__09_de_10_de.pdf,C:\Users\thiagonogueira\OneDrive - mppi.mp.br\CLC\01_Processos_e_Aquisicoes\Base de Conhecimento - Thiago\02_Jurisprudencia_e_Orientacoes\Informativos_Julgamentos_TCE_PI\01_Licitacoes_e_Contratos_Julgados_TCE_PI.md,C:\Users\thiagonogueira\OneDrive - mppi.mp.br\CLC\01_Processos_e_Aquisicoes\Base de Conhecimento - Thiago\02_Jurisprudencia_e_Orientacoes\Informativos_Julgamentos_TCE_PI\Segunda_C_mara_Presencial_2__C_mara___Sess_o_Ordin_ria_Presencial_n__09_de_10_de.md
MD_USADO_POR_VARIOS_PDFS,0.61,Segunda_C_mara_Presencial_2__C_mara___Sess_o_Ordin_ria_Presencial_n__10_de_24_de.pdf,C:\Users\thiagonogueira\OneDrive - mppi.mp.br\CLC\01_Processos_e_Aquisicoes\Base de Conhecimento - Thiago\02_Jurisprudencia_e_Orientacoes\Informativos_Julgamentos_TCE_PI\02_Denuncias_Licitacoes_e_Fraudes_TCE_PI.md,C:\Users\thiagonogueira\OneDrive - mppi.mp.br\CLC\01_Processos_e_Aquisicoes\Base de Conhecimento - Thiago\02_Jurisprudencia_e_Orientacoes\Informativos_Julgamentos_TCE_PI\Segunda_C_mara_Presencial_2__C_mara___Sess_o_Ordin_ria_Presencial_n__10_de_24_de.md
MD_USADO_POR_VARIOS_PDFS,0.6,Segunda_C_mara_Presencial_2__C_mara___Sess_o_Ordin_ria_Presencial_n__14_de_19_de.pdf,C:\Users\thiagonogueira\OneDrive - mppi.mp.br\CLC\01_Processos_e_Aquisicoes\Base de Conhecimento - Thiago\02_Jurisprudencia_e_Orientacoes\Informativos_Julgamentos_TCE_PI\02_Denuncias_Licitacoes_e_Fraudes_TCE_PI.md,C:\Users\thiagonogueira\OneDrive - mppi.mp.br\CLC\01_Processos_e_Aquisicoes\Base de Conhecimento - Thiago\02_Jurisprudencia_e_Orientacoes\Informativos_Julgamentos_TCE_PI\Segunda_C_mara_Presencial_2__C_mara___Sess_o_Ordin_ria_Presencial_n__14_de_19_de.md
MD_USADO_POR_VARIOS_PDFS,0.66,Segunda_C_mara_Presencial_2__C_mara___Sess_o_Ordin_ria_Presencial_n__15_de_02_de.pdf,C:\Users\thiagonogueira\OneDrive - mppi.mp.br\CLC\01_Processos_e_Aquisicoes\Base de Conhecimento - Thiago\02_Jurisprudencia_e_Orientacoes\Informativos_Julgamentos_TCE_PI\01_Licitacoes_e_Contratos_Julgados_TCE_PI.md,C:\Users\thiagonogueira\OneDrive - mppi.mp.br\CLC\01_Processos_e_Aquisicoes\Base de Conhecimento - Thiago\02_Jurisprudencia_e_Orientacoes\Informativos_Julgamentos_TCE_PI\Segunda_C_mara_Presencial_2__C_mara___Sess_o_Ordin_ria_Presencial_n__15_de_02_de.md
MD_USADO_POR_VARIOS_PDFS,0.61,Segunda_C_mara_Presencial_2__C_mara___Sess_o_Ordin_ria_Presencial_n__16_de_16_de.pdf,C:\Users\thiagonogueira\OneDrive - mppi.mp.br\CLC\01_Processos_e_Aquisicoes\Base de Conhecimento - Thiago\02_Jurisprudencia_e_Orientacoes\Informativos_Julgamentos_TCE_PI\01_Licitacoes_e_Contratos_Julgados_TCE_PI.md,C:\Users\thiagonogueira\OneDrive - mppi.mp.br\CLC\01_Processos_e_Aquisicoes\Base de Conhecimento - Thiago\02_Jurisprudencia_e_Orientacoes\Informativos_Julgamentos_TCE_PI\Segunda_C_mara_Presencial_2__C_mara___Sess_o_Ordin_ria_Presencial_n__16_de_16_de.md
MD_USADO_POR_VARIOS_PDFS,0.7,Segunda_C_mara_Presencial_Segunda_C_mara___Sess_o_de_Julgamento_Presencial_n__18.pdf,C:\Users\thiagonogueira\OneDrive - mppi.mp.br\CLC\01_Processos_e_Aquisicoes\Base de Conhecimento - Thiago\02_Jurisprudencia_e_Orientacoes\Informativos_Julgamentos_TCE_PI\08_Outros_Procedimentos_e_Consultas_TCE_PI.md,C:\Users\thiagonogueira\OneDrive - mppi.mp.br\CLC\01_Processos_e_Aquisicoes\Base de Conhecimento - Thiago\02_Jurisprudencia_e_Orientacoes\Informativos_Julgamentos_TCE_PI\Segunda_C_mara_Presencial_Segunda_C_mara___Sess_o_de_Julgamento_Presencial_n__18.md
MD_USADO_POR_VARIOS_PDFS,0.68,Segunda_C_mara_Presencial_Segunda_C_mara___Sess_o_de_Julgamento_Presencial_n__19.pdf,C:\Users\thiagonogueira\OneDrive - mppi.mp.br\CLC\01_Processos_e_Aquisicoes\Base de Conhecimento - Thiago\02_Jurisprudencia_e_Orientacoes\Informativos_Julgamentos_TCE_PI\04_Tomadas_de_Contas_Especiais_TCE_PI.md,C:\Users\thiagonogueira\OneDrive - mppi.mp.br\CLC\01_Processos_e_Aquisicoes\Base de Conhecimento - Thiago\02_Jurisprudencia_e_Orientacoes\Informativos_Julgamentos_TCE_PI\Segunda_C_mara_Presencial_Segunda_C_mara___Sess_o_de_Julgamento_Presencial_n__19.md
MD_USADO_POR_VARIOS_PDFS,0.71,Segunda_C_mara_Presencial_Segunda_C_mara___Sess_o_de_Julgamento_Presencial_n__20.pdf,C:\Users\thiagonogueira\OneDrive - mppi.mp.br\CLC\01_Processos_e_Aquisicoes\Base de Conhecimento - Thiago\02_Jurisprudencia_e_Orientacoes\Informativos_Julgamentos_TCE_PI\02_Denuncias_Licitacoes_e_Fraudes_TCE_PI.md,C:\Users\thiagonogueira\OneDrive - mppi.mp.br\CLC\01_Processos_e_Aquisicoes\Base de Conhecimento - Thiago\02_Jurisprudencia_e_Orientacoes\Informativos_Julgamentos_TCE_PI\Segunda_C_mara_Presencial_Segunda_C_mara___Sess_o_de_Julgamento_Presencial_n__20.md
MD_USADO_POR_VARIOS_PDFS,0.72,Segunda_C_mara_Virtual_2__C_mara___Sess_o_Ordin_ria_Virtual_de_01_a_05_de_junho_.pdf,C:\Users\thiagonogueira\OneDrive - mppi.mp.br\CLC\01_Processos_e_Aquisicoes\Base de Conhecimento - Thiago\02_Jurisprudencia_e_Orientacoes\Informativos_Julgamentos_TCE_PI\08_Outros_Procedimentos_e_Consultas_TCE_PI.md,C:\Users\thiagonogueira\OneDrive - mppi.mp.br\CLC\01_Processos_e_Aquisicoes\Base de Conhecimento - Thiago\02_Jurisprudencia_e_Orientacoes\Informativos_Julgamentos_TCE_PI\Segunda_C_mara_Virtual_2__C_mara___Sess_o_Ordin_ria_Virtual_de_01_a_05_de_junho_.md
MD_USADO_POR_VARIOS_PDFS,0.66,Segunda_C_mara_Virtual_2__C_mara___Sess_o_Ordin_ria_Virtual_de_11_a_15_de_maio_d.pdf,C:\Users\thiagonogueira\OneDrive - mppi.mp.br\CLC\01_Processos_e_Aquisicoes\Base de Conhecimento - Thiago\02_Jurisprudencia_e_Orientacoes\Informativos_Julgamentos_TCE_PI\08_Outros_Procedimentos_e_Consultas_TCE_PI.md,C:\Users\thiagonogueira\OneDrive - mppi.mp.br\CLC\01_Processos_e_Aquisicoes\Base de Conhecimento - Thiago\02_Jurisprudencia_e_Orientacoes\Informativos_Julgamentos_TCE_PI\Segunda_C_mara_Virtual_2__C_mara___Sess_o_Ordin_ria_Virtual_de_11_a_15_de_maio_d.md
MD_USADO_POR_VARIOS_PDFS,0.62,Segunda_C_mara_Virtual_2__C_mara___Sess_o_Ordin_ria_Virtual_de_13_a_17_de_julho_.pdf,C:\Users\thiagonogueira\OneDrive - mppi.mp.br\CLC\01_Processos_e_Aquisicoes\Base de Conhecimento - Thiago\02_Jurisprudencia_e_Orientacoes\Informativos_Julgamentos_TCE_PI\08_Outros_Procedimentos_e_Consultas_TCE_PI.md,C:\Users\thiagonogueira\OneDrive - mppi.mp.br\CLC\01_Processos_e_Aquisicoes\Base de Conhecimento - Thiago\02_Jurisprudencia_e_Orientacoes\Informativos_Julgamentos_TCE_PI\Segunda_C_mara_Virtual_2__C_mara___Sess_o_Ordin_ria_Virtual_de_13_a_17_de_julho_.md
MD_USADO_POR_VARIOS_PDFS,0.6,Segunda_C_mara_Virtual_2__C_mara___Sess_o_Ordin_ria_Virtual_de_22_a_26_de_junho_.pdf,C:\Users\thiagonogueira\OneDrive - mppi.mp.br\CLC\01_Processos_e_Aquisicoes\Base de Conhecimento - Thiago\02_Jurisprudencia_e_Orientacoes\Informativos_Julgamentos_TCE_PI\08_Outros_Procedimentos_e_Consultas_TCE_PI.md,C:\Users\thiagonogueira\OneDrive - mppi.mp.br\CLC\01_Processos_e_Aquisicoes\Base de Conhecimento - Thiago\02_Jurisprudencia_e_Orientacoes\Informativos_Julgamentos_TCE_PI\Segunda_C_mara_Virtual_2__C_mara___Sess_o_Ordin_ria_Virtual_de_22_a_26_de_junho_.md
MD_USADO_POR_VARIOS_PDFS,0.61,Segunda_C_mara_Virtual_2__C_mara___Sess_o_Ordin_ria_Virtual_de_27_a_31_de_julho_.pdf,C:\Users\thiagonogueira\OneDrive - mppi.mp.br\CLC\01_Processos_e_Aquisicoes\Base de Conhecimento - Thiago\02_Jurisprudencia_e_Orientacoes\Informativos_Julgamentos_TCE_PI\08_Outros_Procedimentos_e_Consultas_TCE_PI.md,C:\Users\thiagonogueira\OneDrive - mppi.mp.br\CLC\01_Processos_e_Aquisicoes\Base de Conhecimento - Thiago\02_Jurisprudencia_e_Orientacoes\Informativos_Julgamentos_TCE_PI\Segunda_C_mara_Virtual_2__C_mara___Sess_o_Ordin_ria_Virtual_de_27_a_31_de_julho_.md
OK,0.99,Manifestação Jurídico Referencial - MJR - n92 - 2024.pdf,C:\Users\thiagonogueira\OneDrive - mppi.mp.br\CLC\01_Processos_e_Aquisicoes\Base de Conhecimento - Thiago\02_Jurisprudencia_e_Orientacoes\MJRs_MPPI\MJR nº 922024APPL - Dispensa de Licitação - Art 75 I e II\MJR 92 - Contratações Diretas - Art 75 I e II.md,C:\Users\thiagonogueira\OneDrive - mppi.mp.br\CLC\01_Processos_e_Aquisicoes\Base de Conhecimento - Thiago\02_Jurisprudencia_e_Orientacoes\MJRs_MPPI\Manifestação Jurídico Referencial - MJR - n92 - 2024.md
OK,0.94,MJR 56 - Pedido de Substituição de Marca.pdf,C:\Users\thiagonogueira\OneDrive - mppi.mp.br\CLC\01_Processos_e_Aquisicoes\Base de Conhecimento - Thiago\02_Jurisprudencia_e_Orientacoes\MJRs_MPPI\MJR nº 562025APPL - Troca de Marca Contrato ou ARP\MJR 56 - Pedido de Substituicao de Marca Contrato ou ARP.md,C:\Users\thiagonogueira\OneDrive - mppi.mp.br\CLC\01_Processos_e_Aquisicoes\Base de Conhecimento - Thiago\02_Jurisprudencia_e_Orientacoes\MJRs_MPPI\MJR 56 - Pedido de Substituição de Marca.md
OK,0.98,CARTILHA-DE-MENSAGENS-PADRONIZADAS-PARA-AGENTE-DE-CONTRATACAO.pdf,C:\Users\thiagonogueira\OneDrive - mppi.mp.br\CLC\01_Processos_e_Aquisicoes\Base de Conhecimento - Thiago\03_Modelos_e_Minutas\Modelos_SEAD_PI\Cartilha de Mensagens Padronizadas para Agente de Contratacao (SEAD-PI).md,C:\Users\thiagonogueira\OneDrive - mppi.mp.br\CLC\01_Processos_e_Aquisicoes\Base de Conhecimento - Thiago\03_Modelos_e_Minutas\Modelos_SEAD_PI\CARTILHA-DE-MENSAGENS-PADRONIZADAS-PARA-AGENTE-DE-CONTRATACAO.md
OK,1.0,Compras.gov.br – Tutorial de como publicar dispensas com disputa no Novo DC.pdf,C:\Users\thiagonogueira\OneDrive - mppi.mp.br\CLC\01_Processos_e_Aquisicoes\Base de Conhecimento - Thiago\04_Sistemas_e_Catalogos\Manuais_Sistemas_Oficiais\Compras.gov.br - Tutorial de Publicacao de Dispensas COM Disputa no Novo DC.md,C:\Users\thiagonogueira\OneDrive - mppi.mp.br\CLC\01_Processos_e_Aquisicoes\Base de Conhecimento - Thiago\04_Sistemas_e_Catalogos\Manuais_Sistemas_Oficiais\Compras.gov.br – Tutorial de como publicar dispensas com disputa no Novo DC.md
OK,1.0,Compras.gov.br – Tutorial de como publicar dispensas sem disputa e inexibilidades no Novo DC.pdf,C:\Users\thiagonogueira\OneDrive - mppi.mp.br\CLC\01_Processos_e_Aquisicoes\Base de Conhecimento - Thiago\04_Sistemas_e_Catalogos\Manuais_Sistemas_Oficiais\Compras.gov.br - Tutorial de Publicacao de Dispensas SEM Disputa e Inexigibilidades no Novo DC.md,C:\Users\thiagonogueira\OneDrive - mppi.mp.br\CLC\01_Processos_e_Aquisicoes\Base de Conhecimento - Thiago\04_Sistemas_e_Catalogos\Manuais_Sistemas_Oficiais\Compras.gov.br – Tutorial de como publicar dispensas sem disputa e inexibilidades no Novo DC.md
OK,1.0,TJMA - checklist_dispensa_eletronica_24_10_2023_19_20_10.pdf,C:\Users\thiagonogueira\OneDrive - mppi.mp.br\CLC\01_Processos_e_Aquisicoes\Base de Conhecimento - Thiago\04_Sistemas_e_Catalogos\Manuais_Sistemas_Oficiais\TJMA - Checklist de Dispensa Eletronica na Lei 14.133.md,C:\Users\thiagonogueira\OneDrive - mppi.mp.br\CLC\01_Processos_e_Aquisicoes\Base de Conhecimento - Thiago\04_Sistemas_e_Catalogos\Manuais_Sistemas_Oficiais\TJMA - checklist_dispensa_eletronica_24_10_2023_19_20_10.md
OK,1.0,Passo a Passo - Como Convidar Fornecedores + LOG + TR.pdf,C:\Users\thiagonogueira\OneDrive - mppi.mp.br\CLC\01_Processos_e_Aquisicoes\Base de Conhecimento - Thiago\04_Sistemas_e_Catalogos\Manuais_Sistemas_Oficiais\Banco_de_Precos\Banco de Precos - Passo a Passo Como Convidar Fornecedores e Anexar TR.md,C:\Users\thiagonogueira\OneDrive - mppi.mp.br\CLC\01_Processos_e_Aquisicoes\Base de Conhecimento - Thiago\04_Sistemas_e_Catalogos\Manuais_Sistemas_Oficiais\Banco_de_Precos\Passo a Passo - Como Convidar Fornecedores + LOG + TR.md
MD_USADO_POR_VARIOS_PDFS,0.87,Passo a Passo - Cotação Nova e Rápida (+lotes) (Plus).pdf,C:\Users\thiagonogueira\OneDrive - mppi.mp.br\CLC\01_Processos_e_Aquisicoes\Base de Conhecimento - Thiago\04_Sistemas_e_Catalogos\Manuais_Sistemas_Oficiais\Banco_de_Precos\Banco de Precos - Passo a Passo Cotacao Nova e Rapida Plus.md,C:\Users\thiagonogueira\OneDrive - mppi.mp.br\CLC\01_Processos_e_Aquisicoes\Base de Conhecimento - Thiago\04_Sistemas_e_Catalogos\Manuais_Sistemas_Oficiais\Banco_de_Precos\Passo a Passo - Cotação Nova e Rápida (+lotes) (Plus).md
MD_USADO_POR_VARIOS_PDFS,0.78,Passo a Passo - Cotação Nova e Rápida (Standard).pdf,C:\Users\thiagonogueira\OneDrive - mppi.mp.br\CLC\01_Processos_e_Aquisicoes\Base de Conhecimento - Thiago\04_Sistemas_e_Catalogos\Manuais_Sistemas_Oficiais\Banco_de_Precos\Banco de Precos - Passo a Passo Cotacao Nova e Rapida Plus.md,C:\Users\thiagonogueira\OneDrive - mppi.mp.br\CLC\01_Processos_e_Aquisicoes\Base de Conhecimento - Thiago\04_Sistemas_e_Catalogos\Manuais_Sistemas_Oficiais\Banco_de_Precos\Passo a Passo - Cotação Nova e Rápida (Standard).md
OK,1.0,loa-2026-lei-8.914.2025.pdf,C:\Users\thiagonogueira\OneDrive - mppi.mp.br\CLC\01_Processos_e_Aquisicoes\Base de Conhecimento - Thiago\01_Normativos_Vigentes\02_Estadual_PI\Leis\Lei Estadual 8914.2025 - Lei Orçamentária Anual LOA 2026.md,C:\Users\thiagonogueira\OneDrive - mppi.mp.br\CLC\01_Processos_e_Aquisicoes\Base de Conhecimento - Thiago\04_Sistemas_e_Catalogos\Orcamento_LOA_2026\loa-2026-lei-8.914.2025.md
MD_USADO_POR_VARIOS_PDFS,0.69,Zênite - Apresentação - Curso Habilitação nas Contratações Públicas.pdf,C:\Users\thiagonogueira\OneDrive - mppi.mp.br\CLC\01_Processos_e_Aquisicoes\Base de Conhecimento - Thiago\05_Doutrina_e_Biblioteca\Biblioteca_Manuais_e_Cursos\Cartilha Zenite - 5 Erros que Voce Nao Pode Cometer com IA nas Contratacoes Publicas.md,C:\Users\thiagonogueira\OneDrive - mppi.mp.br\CLC\01_Processos_e_Aquisicoes\Base de Conhecimento - Thiago\05_Doutrina_e_Biblioteca\Biblioteca_Manuais_e_Cursos\Zênite - Apresentação - Curso Habilitação nas Contratações Públicas.md
OK,0.99,AGU – Parecer nº 00453-2024 – Renovação de quantitativos em caso de prorrogação da ata de registro de preços.pdf,C:\Users\thiagonogueira\OneDrive - mppi.mp.br\CLC\01_Processos_e_Aquisicoes\Base de Conhecimento - Thiago\05_Doutrina_e_Biblioteca\Biblioteca_Manuais_e_Cursos\Parecer AGU 00453.2024 - Renovacao de Quantitativos na Prorrogacao de ARP.md,C:\Users\thiagonogueira\OneDrive - mppi.mp.br\CLC\01_Processos_e_Aquisicoes\Base de Conhecimento - Thiago\05_Doutrina_e_Biblioteca\Biblioteca_Manuais_e_Cursos\Manuais\AGU – Parecer nº 00453-2024 – Renovação de quantitativos em caso de prorrogação da ata de registro de preços.md
OK,0.99,Apostila - CURSO DE CONTRATAÇÃO DIRETA E DISPENSA ELETRÔNICA COM IA - JAMIL - IINEX_ocred.pdf,C:\Users\thiagonogueira\OneDrive - mppi.mp.br\CLC\01_Processos_e_Aquisicoes\Base de Conhecimento - Thiago\05_Doutrina_e_Biblioteca\Biblioteca_Manuais_e_Cursos\Apostila Especializada - Curso de Contratacao Direta e Dispensa Eletronica com IA - Jamil Manasfi.md,C:\Users\thiagonogueira\OneDrive - mppi.mp.br\CLC\01_Processos_e_Aquisicoes\Base de Conhecimento - Thiago\05_Doutrina_e_Biblioteca\Biblioteca_Manuais_e_Cursos\Manuais\Apostila - CURSO DE CONTRATAÇÃO DIRETA E DISPENSA ELETRÔNICA COM IA - JAMIL - IINEX_ocred.md
OK,0.99,Artigo - A existência de prop inferiores de outros profis impede a contratação por inex de not especialista.pdf,C:\Users\thiagonogueira\OneDrive - mppi.mp.br\CLC\01_Processos_e_Aquisicoes\Base de Conhecimento - Thiago\05_Doutrina_e_Biblioteca\Biblioteca_Manuais_e_Cursos\Artigo Doutrinario - Existencia de Propostas Menores Impede Inexigibilidade por Notoria Especializacao.md,C:\Users\thiagonogueira\OneDrive - mppi.mp.br\CLC\01_Processos_e_Aquisicoes\Base de Conhecimento - Thiago\05_Doutrina_e_Biblioteca\Biblioteca_Manuais_e_Cursos\Manuais\Artigo - A existência de prop inferiores de outros profis impede a contratação por inex de not especialista.md
OK,0.99,"Artigo - A fase recursal na nova Lei de Licitaçõesuma análise comparativa com as Leis n°8.66693, 10.5202002 e 12.462.pdf",C:\Users\thiagonogueira\OneDrive - mppi.mp.br\CLC\01_Processos_e_Aquisicoes\Base de Conhecimento - Thiago\05_Doutrina_e_Biblioteca\Biblioteca_Manuais_e_Cursos\Artigo Doutrinario - A Fase Recursal na Nova Lei de Licitacoes - Analise Comparativa.md,"C:\Users\thiagonogueira\OneDrive - mppi.mp.br\CLC\01_Processos_e_Aquisicoes\Base de Conhecimento - Thiago\05_Doutrina_e_Biblioteca\Biblioteca_Manuais_e_Cursos\Manuais\Artigo - A fase recursal na nova Lei de Licitaçõesuma análise comparativa com as Leis n°8.66693, 10.5202002 e 12.462.md"
OK,0.99,Artigo - A Pesquisa de Preços Concomitante à Seleção da Proposta na Dispensa Eletrônica..pdf,C:\Users\thiagonogueira\OneDrive - mppi.mp.br\CLC\01_Processos_e_Aquisicoes\Base de Conhecimento - Thiago\05_Doutrina_e_Biblioteca\Biblioteca_Manuais_e_Cursos\Artigo Doutrinario - Pesquisa de Precos Concomitante a Selecao da Proposta na Dispensa Eletronica.md,C:\Users\thiagonogueira\OneDrive - mppi.mp.br\CLC\01_Processos_e_Aquisicoes\Base de Conhecimento - Thiago\05_Doutrina_e_Biblioteca\Biblioteca_Manuais_e_Cursos\Manuais\Artigo - A Pesquisa de Preços Concomitante à Seleção da Proposta na Dispensa Eletrônica..md
OK,0.99,Artigo - As Quatro Formatações da Dispensa por Valor nos Termos da NLLC e as Regulamentações Pertinentes.pdf,C:\Users\thiagonogueira\OneDrive - mppi.mp.br\CLC\01_Processos_e_Aquisicoes\Base de Conhecimento - Thiago\05_Doutrina_e_Biblioteca\Biblioteca_Manuais_e_Cursos\Artigo Doutrinario - As Quatro Formatacoes da Dispensa por Valor na NLLC.md,C:\Users\thiagonogueira\OneDrive - mppi.mp.br\CLC\01_Processos_e_Aquisicoes\Base de Conhecimento - Thiago\05_Doutrina_e_Biblioteca\Biblioteca_Manuais_e_Cursos\Manuais\Artigo - As Quatro Formatações da Dispensa por Valor nos Termos da NLLC e as Regulamentações Pertinentes.md
OK,0.99,Artigo - Como formalizar a prorrogação da vigência de uma ARP.pdf,C:\Users\thiagonogueira\OneDrive - mppi.mp.br\CLC\01_Processos_e_Aquisicoes\Base de Conhecimento - Thiago\05_Doutrina_e_Biblioteca\Biblioteca_Manuais_e_Cursos\Artigo Doutrinario - Como Formalizar a Prorrogacao da Vigencia de uma ARP.md,C:\Users\thiagonogueira\OneDrive - mppi.mp.br\CLC\01_Processos_e_Aquisicoes\Base de Conhecimento - Thiago\05_Doutrina_e_Biblioteca\Biblioteca_Manuais_e_Cursos\Manuais\Artigo - Como formalizar a prorrogação da vigência de uma ARP.md
OK,0.99,"Artigo - Das Impugnações, dos Pedidos de Esclarecimento e dos Recursos nas Dispensas de Licitação.pdf",C:\Users\thiagonogueira\OneDrive - mppi.mp.br\CLC\01_Processos_e_Aquisicoes\Base de Conhecimento - Thiago\05_Doutrina_e_Biblioteca\Biblioteca_Manuais_e_Cursos\Artigo Doutrinario - Impugnacoes Pedidos de Esclarecimento e Recursos nas Dispensas.md,"C:\Users\thiagonogueira\OneDrive - mppi.mp.br\CLC\01_Processos_e_Aquisicoes\Base de Conhecimento - Thiago\05_Doutrina_e_Biblioteca\Biblioteca_Manuais_e_Cursos\Manuais\Artigo - Das Impugnações, dos Pedidos de Esclarecimento e dos Recursos nas Dispensas de Licitação.md"
OK,1.0,Artigo - Leonardo Mota - Dispensa de licitação na nova Lei de Licitações e Contratos Administrativos.pdf,C:\Users\thiagonogueira\OneDrive - mppi.mp.br\CLC\01_Processos_e_Aquisicoes\Base de Conhecimento - Thiago\05_Doutrina_e_Biblioteca\Biblioteca_Manuais_e_Cursos\Artigo Doutrinario - Leonardo Mota - Dispensa de Licitacao na Nova Lei de Licitacoes.md,C:\Users\thiagonogueira\OneDrive - mppi.mp.br\CLC\01_Processos_e_Aquisicoes\Base de Conhecimento - Thiago\05_Doutrina_e_Biblioteca\Biblioteca_Manuais_e_Cursos\Manuais\Artigo - Leonardo Mota - Dispensa de licitação na nova Lei de Licitações e Contratos Administrativos.md
OK,0.99,Artigo - Sem Singularidade não há Inexigibilidade.pdf,C:\Users\thiagonogueira\OneDrive - mppi.mp.br\CLC\01_Processos_e_Aquisicoes\Base de Conhecimento - Thiago\05_Doutrina_e_Biblioteca\Biblioteca_Manuais_e_Cursos\Artigo Doutrinario - Sem Singularidade nao ha Inexigibilidade.md,C:\Users\thiagonogueira\OneDrive - mppi.mp.br\CLC\01_Processos_e_Aquisicoes\Base de Conhecimento - Thiago\05_Doutrina_e_Biblioteca\Biblioteca_Manuais_e_Cursos\Manuais\Artigo - Sem Singularidade não há Inexigibilidade.md
OK,0.99,Aspectos gerais da nova lei de licitações e contratos 14.133.21.pdf,C:\Users\thiagonogueira\OneDrive - mppi.mp.br\CLC\01_Processos_e_Aquisicoes\Base de Conhecimento - Thiago\05_Doutrina_e_Biblioteca\Biblioteca_Manuais_e_Cursos\Apostila Tecnica - Aspectos Gerais da Nova Lei de Licitacoes e Contratos 14133 - Jamil Manasfi.md,C:\Users\thiagonogueira\OneDrive - mppi.mp.br\CLC\01_Processos_e_Aquisicoes\Base de Conhecimento - Thiago\05_Doutrina_e_Biblioteca\Biblioteca_Manuais_e_Cursos\Manuais\Aspectos gerais da nova lei de licitações e contratos 14.133.21.md
OK,0.99,ATO 008_2024_PGJ - que define os procedimentos administrativos de contratação de bens e serviços no âmbito do MPAM.pdf,C:\Users\thiagonogueira\OneDrive - mppi.mp.br\CLC\01_Processos_e_Aquisicoes\Base de Conhecimento - Thiago\05_Doutrina_e_Biblioteca\Biblioteca_Manuais_e_Cursos\Ato PGJ-MPAM 008.2024 - Procedimentos Administrativos de Contratacao de Bens e Servicos.md,C:\Users\thiagonogueira\OneDrive - mppi.mp.br\CLC\01_Processos_e_Aquisicoes\Base de Conhecimento - Thiago\05_Doutrina_e_Biblioteca\Biblioteca_Manuais_e_Cursos\Manuais\ATO 008_2024_PGJ - que define os procedimentos administrativos de contratação de bens e serviços no âmbito do MPAM.md
OK,0.98,Contratos.gov – Manual operacional de gestão e fiscalização contratual.pdf,C:\Users\thiagonogueira\OneDrive - mppi.mp.br\CLC\01_Processos_e_Aquisicoes\Base de Conhecimento - Thiago\05_Doutrina_e_Biblioteca\Biblioteca_Manuais_e_Cursos\Manual Operacional - Gestao e Fiscalizacao Contratual no Sistema Contratos.gov.br.md,C:\Users\thiagonogueira\OneDrive - mppi.mp.br\CLC\01_Processos_e_Aquisicoes\Base de Conhecimento - Thiago\05_Doutrina_e_Biblioteca\Biblioteca_Manuais_e_Cursos\Manuais\Contratos.gov – Manual operacional de gestão e fiscalização contratual.md
OK,0.99,"Controladoria-Geral da União- Guia referencial para identificação, quantificaçao e mitigação de superfaturame.pdf",C:\Users\thiagonogueira\OneDrive - mppi.mp.br\CLC\01_Processos_e_Aquisicoes\Base de Conhecimento - Thiago\05_Doutrina_e_Biblioteca\Biblioteca_Manuais_e_Cursos\Guia Referencial CGU - Identificacao Quantificacao e Mitigacao de Superfaturamento.md,"C:\Users\thiagonogueira\OneDrive - mppi.mp.br\CLC\01_Processos_e_Aquisicoes\Base de Conhecimento - Thiago\05_Doutrina_e_Biblioteca\Biblioteca_Manuais_e_Cursos\Manuais\Controladoria-Geral da União- Guia referencial para identificação, quantificaçao e mitigação de superfaturame.md"
OK,0.98,Curso Elaboração do Termo de Referência e Pesquisa de Preços nas Contratações Públicas - Parte 01.pdf,C:\Users\thiagonogueira\OneDrive - mppi.mp.br\CLC\01_Processos_e_Aquisicoes\Base de Conhecimento - Thiago\05_Doutrina_e_Biblioteca\Biblioteca_Manuais_e_Cursos\Curso Pratico - Elaboracao de Termo de Referencia e Pesquisa de Precos - Parte 01.md,C:\Users\thiagonogueira\OneDrive - mppi.mp.br\CLC\01_Processos_e_Aquisicoes\Base de Conhecimento - Thiago\05_Doutrina_e_Biblioteca\Biblioteca_Manuais_e_Cursos\Manuais\Curso Elaboração do Termo de Referência e Pesquisa de Preços nas Contratações Públicas - Parte 01.md
OK,0.99,Curso Elaboração do Termo de Referência e Pesquisa de Preços nas Contratações Públicas - Parte 02.pdf,C:\Users\thiagonogueira\OneDrive - mppi.mp.br\CLC\01_Processos_e_Aquisicoes\Base de Conhecimento - Thiago\05_Doutrina_e_Biblioteca\Biblioteca_Manuais_e_Cursos\Curso Pratico - Elaboracao de Termo de Referencia e Pesquisa de Precos - Parte 02.md,C:\Users\thiagonogueira\OneDrive - mppi.mp.br\CLC\01_Processos_e_Aquisicoes\Base de Conhecimento - Thiago\05_Doutrina_e_Biblioteca\Biblioteca_Manuais_e_Cursos\Manuais\Curso Elaboração do Termo de Referência e Pesquisa de Preços nas Contratações Públicas - Parte 02.md
OK,0.99,Decreto PMT 24750.2023.pdf,C:\Users\thiagonogueira\OneDrive - mppi.mp.br\CLC\01_Processos_e_Aquisicoes\Base de Conhecimento - Thiago\05_Doutrina_e_Biblioteca\Biblioteca_Manuais_e_Cursos\Decreto Municipal PMT 24750.2023 - Procedimentos da Nova Lei de Licitacoes.md,C:\Users\thiagonogueira\OneDrive - mppi.mp.br\CLC\01_Processos_e_Aquisicoes\Base de Conhecimento - Thiago\05_Doutrina_e_Biblioteca\Biblioteca_Manuais_e_Cursos\Manuais\Decreto PMT 24750.2023.md
OK,0.99,Decreto PMT 25530.2024 - Regula-o-procedimento-de-contratacao-direta.pdf,C:\Users\thiagonogueira\OneDrive - mppi.mp.br\CLC\01_Processos_e_Aquisicoes\Base de Conhecimento - Thiago\05_Doutrina_e_Biblioteca\Biblioteca_Manuais_e_Cursos\Decreto Municipal PMT 25530.2024 - Regulamentacao da Contratacao Direta.md,C:\Users\thiagonogueira\OneDrive - mppi.mp.br\CLC\01_Processos_e_Aquisicoes\Base de Conhecimento - Thiago\05_Doutrina_e_Biblioteca\Biblioteca_Manuais_e_Cursos\Manuais\Decreto PMT 25530.2024 - Regula-o-procedimento-de-contratacao-direta.md
OK,0.97,E-BOX 01 - ESTUDO TÉCNICO PRELIMINAR - AQUISIÇÕES - SERVIÇOS EM GERAL.pdf,C:\Users\thiagonogueira\OneDrive - mppi.mp.br\CLC\01_Processos_e_Aquisicoes\Base de Conhecimento - Thiago\05_Doutrina_e_Biblioteca\Biblioteca_Manuais_e_Cursos\Guia E-BOX 01 - Estudo Tecnico Preliminar para Aquisicoes e Servicos em Geral - Hamilton Bonatto.md,C:\Users\thiagonogueira\OneDrive - mppi.mp.br\CLC\01_Processos_e_Aquisicoes\Base de Conhecimento - Thiago\05_Doutrina_e_Biblioteca\Biblioteca_Manuais_e_Cursos\Manuais\E-BOX 01 - ESTUDO TÉCNICO PRELIMINAR - AQUISIÇÕES - SERVIÇOS EM GERAL.md
OK,0.97,E-BOX 02 - ESTUDO TÉCNICO PRELIMINAR - OBRAS E SERVIÇOS DE ENGENHARIA.pdf,C:\Users\thiagonogueira\OneDrive - mppi.mp.br\CLC\01_Processos_e_Aquisicoes\Base de Conhecimento - Thiago\05_Doutrina_e_Biblioteca\Biblioteca_Manuais_e_Cursos\Guia E-BOX 02 - Estudo Tecnico Preliminar para Obras e Servicos de Engenharia - Hamilton Bonatto.md,C:\Users\thiagonogueira\OneDrive - mppi.mp.br\CLC\01_Processos_e_Aquisicoes\Base de Conhecimento - Thiago\05_Doutrina_e_Biblioteca\Biblioteca_Manuais_e_Cursos\Manuais\E-BOX 02 - ESTUDO TÉCNICO PRELIMINAR - OBRAS E SERVIÇOS DE ENGENHARIA.md
OK,0.95,E-BOX 03 - ESTUDO TÉCNICO PRELIMINAR TIC.pdf,C:\Users\thiagonogueira\OneDrive - mppi.mp.br\CLC\01_Processos_e_Aquisicoes\Base de Conhecimento - Thiago\05_Doutrina_e_Biblioteca\Biblioteca_Manuais_e_Cursos\Guia E-BOX 03 - Estudo Tecnico Preliminar para Solucoes de TIC - Hamilton Bonatto.md,C:\Users\thiagonogueira\OneDrive - mppi.mp.br\CLC\01_Processos_e_Aquisicoes\Base de Conhecimento - Thiago\05_Doutrina_e_Biblioteca\Biblioteca_Manuais_e_Cursos\Manuais\E-BOX 03 - ESTUDO TÉCNICO PRELIMINAR TIC.md
OK,0.98,Enap - Caderno de curso Nova lei de licitações - Planejamento e Governança.pdf,C:\Users\thiagonogueira\OneDrive - mppi.mp.br\CLC\01_Processos_e_Aquisicoes\Base de Conhecimento - Thiago\05_Doutrina_e_Biblioteca\Biblioteca_Manuais_e_Cursos\Caderno de Curso ENAP - Nova Lei de Licitacoes - Planejamento e Governanca.md,C:\Users\thiagonogueira\OneDrive - mppi.mp.br\CLC\01_Processos_e_Aquisicoes\Base de Conhecimento - Thiago\05_Doutrina_e_Biblioteca\Biblioteca_Manuais_e_Cursos\Manuais\Enap - Caderno de curso Nova lei de licitações - Planejamento e Governança.md
OK,0.99,Estudo Temático do TCE-MG (fev-2025)- Terceirização na Administração Pública - Um levantamento jurisprudencia.pdf,C:\Users\thiagonogueira\OneDrive - mppi.mp.br\CLC\01_Processos_e_Aquisicoes\Base de Conhecimento - Thiago\05_Doutrina_e_Biblioteca\Biblioteca_Manuais_e_Cursos\Estudo Tematico TCE-MG - Terceirizacao na Administracao Publica - Levantamento Jurisprudencial.md,C:\Users\thiagonogueira\OneDrive - mppi.mp.br\CLC\01_Processos_e_Aquisicoes\Base de Conhecimento - Thiago\05_Doutrina_e_Biblioteca\Biblioteca_Manuais_e_Cursos\Manuais\Estudo Temático do TCE-MG (fev-2025)- Terceirização na Administração Pública - Um levantamento jurisprudencia.md
OK,0.98,estudo_tematico_recuperacao_judicial.pdf,C:\Users\thiagonogueira\OneDrive - mppi.mp.br\CLC\01_Processos_e_Aquisicoes\Base de Conhecimento - Thiago\05_Doutrina_e_Biblioteca\Biblioteca_Manuais_e_Cursos\Estudo Tematico - Participacao de Empresas em Recuperacao Judicial em Licitacoes Publicas.md,C:\Users\thiagonogueira\OneDrive - mppi.mp.br\CLC\01_Processos_e_Aquisicoes\Base de Conhecimento - Thiago\05_Doutrina_e_Biblioteca\Biblioteca_Manuais_e_Cursos\Manuais\estudo_tematico_recuperacao_judicial.md
OK,0.98,Federal - Caderno de Logistica - Pesquisa de Preços - 2017.pdf,C:\Users\thiagonogueira\OneDrive - mppi.mp.br\CLC\01_Processos_e_Aquisicoes\Base de Conhecimento - Thiago\05_Doutrina_e_Biblioteca\Biblioteca_Manuais_e_Cursos\Caderno de Logistica - Pesquisa de Precos nas Contratacoes Publicas - Governo Federal.md,C:\Users\thiagonogueira\OneDrive - mppi.mp.br\CLC\01_Processos_e_Aquisicoes\Base de Conhecimento - Thiago\05_Doutrina_e_Biblioteca\Biblioteca_Manuais_e_Cursos\Manuais\Federal - Caderno de Logistica - Pesquisa de Preços - 2017.md
OK,0.99,FLUXOGRAMA ATOS PARA A APLICAÇÃO DE SANÇÕES CONTRATUAIS (1) - Copia.pdf,C:\Users\thiagonogueira\OneDrive - mppi.mp.br\CLC\01_Processos_e_Aquisicoes\Base de Conhecimento - Thiago\05_Doutrina_e_Biblioteca\Biblioteca_Manuais_e_Cursos\Fluxograma Operacional - Atos para Aplicacao de Sancoes Contratuais.md,C:\Users\thiagonogueira\OneDrive - mppi.mp.br\CLC\01_Processos_e_Aquisicoes\Base de Conhecimento - Thiago\05_Doutrina_e_Biblioteca\Biblioteca_Manuais_e_Cursos\Manuais\FLUXOGRAMA ATOS PARA A APLICAÇÃO DE SANÇÕES CONTRATUAIS (1) - Copia.md
OK,0.99,Guia Prático de Contratações em Situações de Calamidade Pública da CGU – Conforme a Medida Provisória nº 1.22.pdf,C:\Users\thiagonogueira\OneDrive - mppi.mp.br\CLC\01_Processos_e_Aquisicoes\Base de Conhecimento - Thiago\05_Doutrina_e_Biblioteca\Biblioteca_Manuais_e_Cursos\Guia Pratico CGU - Contratacoes em Situacoes de Calamidade Publica - MP 1221.md,C:\Users\thiagonogueira\OneDrive - mppi.mp.br\CLC\01_Processos_e_Aquisicoes\Base de Conhecimento - Thiago\05_Doutrina_e_Biblioteca\Biblioteca_Manuais_e_Cursos\Manuais\Guia Prático de Contratações em Situações de Calamidade Pública da CGU – Conforme a Medida Provisória nº 1.22.md
OK,0.98,GUIAREEMBOLSOCRECHEAbril_26.pdf,C:\Users\thiagonogueira\OneDrive - mppi.mp.br\CLC\01_Processos_e_Aquisicoes\Base de Conhecimento - Thiago\05_Doutrina_e_Biblioteca\Biblioteca_Manuais_e_Cursos\Guia Pratico - Reembolso-Creche nos Contratos com Dedicacao Exclusiva de Mao de Obra.md,C:\Users\thiagonogueira\OneDrive - mppi.mp.br\CLC\01_Processos_e_Aquisicoes\Base de Conhecimento - Thiago\05_Doutrina_e_Biblioteca\Biblioteca_Manuais_e_Cursos\Manuais\GUIAREEMBOLSOCRECHEAbril_26.md
OK,0.95,Guia_boas_praticas_contratacoes_publicas_publicidade_4749af44f2.pdf,C:\Users\thiagonogueira\OneDrive - mppi.mp.br\CLC\01_Processos_e_Aquisicoes\Base de Conhecimento - Thiago\05_Doutrina_e_Biblioteca\Biblioteca_Manuais_e_Cursos\Guia de Boas Praticas - Contratacoes Publicas de Servicos de Publicidade.md,C:\Users\thiagonogueira\OneDrive - mppi.mp.br\CLC\01_Processos_e_Aquisicoes\Base de Conhecimento - Thiago\05_Doutrina_e_Biblioteca\Biblioteca_Manuais_e_Cursos\Manuais\Guia_boas_praticas_contratacoes_publicas_publicidade_4749af44f2.md
OK,0.96,ia-generativa-no-servico-publico.pdf,C:\Users\thiagonogueira\OneDrive - mppi.mp.br\CLC\01_Processos_e_Aquisicoes\Base de Conhecimento - Thiago\05_Doutrina_e_Biblioteca\Biblioteca_Manuais_e_Cursos\Guia Conjunto MF-MGI - Inteligencia Artificial Generativa no Servico Publico.md,C:\Users\thiagonogueira\OneDrive - mppi.mp.br\CLC\01_Processos_e_Aquisicoes\Base de Conhecimento - Thiago\05_Doutrina_e_Biblioteca\Biblioteca_Manuais_e_Cursos\Manuais\ia-generativa-no-servico-publico.md
OK,0.94,INOVAGOV SC – Guia para Planejamento de Contratações de Inovação no Setor Público.pdf,C:\Users\thiagonogueira\OneDrive - mppi.mp.br\CLC\01_Processos_e_Aquisicoes\Base de Conhecimento - Thiago\05_Doutrina_e_Biblioteca\Biblioteca_Manuais_e_Cursos\Guia INOVAGOV-SC - Planejamento de Contratacoes de Inovacao no Setor Publico.md,C:\Users\thiagonogueira\OneDrive - mppi.mp.br\CLC\01_Processos_e_Aquisicoes\Base de Conhecimento - Thiago\05_Doutrina_e_Biblioteca\Biblioteca_Manuais_e_Cursos\Manuais\INOVAGOV SC – Guia para Planejamento de Contratações de Inovação no Setor Público.md
OK,0.99,Livro - 218187_LV_Compras publicas_Cap03.pdf,C:\Users\thiagonogueira\OneDrive - mppi.mp.br\CLC\01_Processos_e_Aquisicoes\Base de Conhecimento - Thiago\05_Doutrina_e_Biblioteca\Biblioteca_Manuais_e_Cursos\Estudo IPEA - Desafios e Perspectivas das Compras Publicas no Brasil - Capitulo 03.md,C:\Users\thiagonogueira\OneDrive - mppi.mp.br\CLC\01_Processos_e_Aquisicoes\Base de Conhecimento - Thiago\05_Doutrina_e_Biblioteca\Biblioteca_Manuais_e_Cursos\Manuais\Livro - 218187_LV_Compras publicas_Cap03.md
OK,0.99,Livro - Aula 002 - PDFL -  (Capítulo Livro) TIPOLOGIA DE FRAUDES EM LICITAÇÃO.pdf,C:\Users\thiagonogueira\OneDrive - mppi.mp.br\CLC\01_Processos_e_Aquisicoes\Base de Conhecimento - Thiago\05_Doutrina_e_Biblioteca\Biblioteca_Manuais_e_Cursos\Manual Doutrinario - Tipologia de Fraudes em Licitacoes e Mecanismos de Prevencao.md,C:\Users\thiagonogueira\OneDrive - mppi.mp.br\CLC\01_Processos_e_Aquisicoes\Base de Conhecimento - Thiago\05_Doutrina_e_Biblioteca\Biblioteca_Manuais_e_Cursos\Manuais\Livro - Aula 002 - PDFL -  (Capítulo Livro) TIPOLOGIA DE FRAUDES EM LICITAÇÃO.md
OK,0.99,Manual - Capítulo de Compras Governamentais no Brasil.pdf,C:\Users\thiagonogueira\OneDrive - mppi.mp.br\CLC\01_Processos_e_Aquisicoes\Base de Conhecimento - Thiago\05_Doutrina_e_Biblioteca\Biblioteca_Manuais_e_Cursos\Manual - Capitulo de Compras Governamentais no Brasil - Visao Geral e Fundamentos.md,C:\Users\thiagonogueira\OneDrive - mppi.mp.br\CLC\01_Processos_e_Aquisicoes\Base de Conhecimento - Thiago\05_Doutrina_e_Biblioteca\Biblioteca_Manuais_e_Cursos\Manuais\Manual - Capítulo de Compras Governamentais no Brasil.md
MD_USADO_POR_VARIOS_PDFS,0.96,Manual - Dispensa Eletrônica - Governo (padrão) (3).pdf,C:\Users\thiagonogueira\OneDrive - mppi.mp.br\CLC\01_Processos_e_Aquisicoes\Base de Conhecimento - Thiago\05_Doutrina_e_Biblioteca\Biblioteca_Manuais_e_Cursos\Manual Operacional - Dispensa Eletronica no Compras.gov.br - Visao Governo.md,C:\Users\thiagonogueira\OneDrive - mppi.mp.br\CLC\01_Processos_e_Aquisicoes\Base de Conhecimento - Thiago\05_Doutrina_e_Biblioteca\Biblioteca_Manuais_e_Cursos\Manuais\Manual - Dispensa Eletrônica - Governo (padrão) (3).md
MD_USADO_POR_VARIOS_PDFS,0.96,Manual - Dispensa Eletrônica - Governo (padrão).pdf,C:\Users\thiagonogueira\OneDrive - mppi.mp.br\CLC\01_Processos_e_Aquisicoes\Base de Conhecimento - Thiago\05_Doutrina_e_Biblioteca\Biblioteca_Manuais_e_Cursos\Manual Operacional - Dispensa Eletronica no Compras.gov.br - Visao Governo.md,C:\Users\thiagonogueira\OneDrive - mppi.mp.br\CLC\01_Processos_e_Aquisicoes\Base de Conhecimento - Thiago\05_Doutrina_e_Biblioteca\Biblioteca_Manuais_e_Cursos\Manuais\Manual - Dispensa Eletrônica - Governo (padrão).md
MD_USADO_POR_VARIOS_PDFS,0.99,Manual Compras e Licitacoes TRT 2 SP - 2024-2026.pdf,C:\Users\thiagonogueira\OneDrive - mppi.mp.br\CLC\01_Processos_e_Aquisicoes\Base de Conhecimento - Thiago\05_Doutrina_e_Biblioteca\Biblioteca_Manuais_e_Cursos\Manual Institucional - Compras e Licitacoes - TRT 2a Regiao 2025-2027.md,C:\Users\thiagonogueira\OneDrive - mppi.mp.br\CLC\01_Processos_e_Aquisicoes\Base de Conhecimento - Thiago\05_Doutrina_e_Biblioteca\Biblioteca_Manuais_e_Cursos\Manuais\Manual Compras e Licitacoes TRT 2 SP - 2024-2026.md
MD_USADO_POR_VARIOS_PDFS,0.91,Manual Compras e Licitacoes TRT 2 SP - 2025-2027.pdf,C:\Users\thiagonogueira\OneDrive - mppi.mp.br\CLC\01_Processos_e_Aquisicoes\Base de Conhecimento - Thiago\05_Doutrina_e_Biblioteca\Biblioteca_Manuais_e_Cursos\Manual Institucional - Compras e Licitacoes - TRT 2a Regiao 2025-2027.md,C:\Users\thiagonogueira\OneDrive - mppi.mp.br\CLC\01_Processos_e_Aquisicoes\Base de Conhecimento - Thiago\05_Doutrina_e_Biblioteca\Biblioteca_Manuais_e_Cursos\Manuais\Manual Compras e Licitacoes TRT 2 SP - 2025-2027.md
SCORE_BAIXO_CONFERIR,0.88,Manual de Compras Baseadas na Relação Custo-Benefício (abr-2025).pdf,C:\Users\thiagonogueira\OneDrive - mppi.mp.br\CLC\01_Processos_e_Aquisicoes\Base de Conhecimento - Thiago\05_Doutrina_e_Biblioteca\Biblioteca_Manuais_e_Cursos\Manual de Orientacao - Compras Publicas Baseadas na Relacao Custo-Beneficio.md,C:\Users\thiagonogueira\OneDrive - mppi.mp.br\CLC\01_Processos_e_Aquisicoes\Base de Conhecimento - Thiago\05_Doutrina_e_Biblioteca\Biblioteca_Manuais_e_Cursos\Manuais\Manual de Compras Baseadas na Relação Custo-Benefício (abr-2025).md
OK,0.99,Manual-de-Mapeamento-e-Melhoria-de-Processos-do-MPPI-1.pdf,C:\Users\thiagonogueira\OneDrive - mppi.mp.br\CLC\01_Processos_e_Aquisicoes\Base de Conhecimento - Thiago\05_Doutrina_e_Biblioteca\Biblioteca_Manuais_e_Cursos\Manual MPPI - Mapeamento e Melhoria de Processos de Trabalho.md,C:\Users\thiagonogueira\OneDrive - mppi.mp.br\CLC\01_Processos_e_Aquisicoes\Base de Conhecimento - Thiago\05_Doutrina_e_Biblioteca\Biblioteca_Manuais_e_Cursos\Manuais\Manual-de-Mapeamento-e-Melhoria-de-Processos-do-MPPI-1.md
OK,0.98,MGIS - Modelo Maturidade de Dado MMD.pdf,C:\Users\thiagonogueira\OneDrive - mppi.mp.br\CLC\01_Processos_e_Aquisicoes\Base de Conhecimento - Thiago\05_Doutrina_e_Biblioteca\Biblioteca_Manuais_e_Cursos\Manual MGI - Modelo de Maturidade de Dados no Setor Publico.md,C:\Users\thiagonogueira\OneDrive - mppi.mp.br\CLC\01_Processos_e_Aquisicoes\Base de Conhecimento - Thiago\05_Doutrina_e_Biblioteca\Biblioteca_Manuais_e_Cursos\Manuais\MGIS - Modelo Maturidade de Dado MMD.md
SCORE_BAIXO_CONFERIR,0.69,MPBA - Cadastro no Compras Gov - Dispensas e Inex.pdf,C:\Users\thiagonogueira\OneDrive - mppi.mp.br\CLC\01_Processos_e_Aquisicoes\Base de Conhecimento - Thiago\05_Doutrina_e_Biblioteca\Biblioteca_Manuais_e_Cursos\Manual MPBA - Cadastro no Compras.gov para Dispensas e Inexigibilidades.md,C:\Users\thiagonogueira\OneDrive - mppi.mp.br\CLC\01_Processos_e_Aquisicoes\Base de Conhecimento - Thiago\05_Doutrina_e_Biblioteca\Biblioteca_Manuais_e_Cursos\Manuais\MPBA - Cadastro no Compras Gov - Dispensas e Inex.md
OK,1.0,Nota Técnica 5-2024 (Dispensa Licitação Eletrônica).pdf,C:\Users\thiagonogueira\OneDrive - mppi.mp.br\CLC\01_Processos_e_Aquisicoes\Base de Conhecimento - Thiago\05_Doutrina_e_Biblioteca\Biblioteca_Manuais_e_Cursos\Nota Tecnica 05.2024 - Procedimentos e Fluxo da Dispensa Eletronica.md,C:\Users\thiagonogueira\OneDrive - mppi.mp.br\CLC\01_Processos_e_Aquisicoes\Base de Conhecimento - Thiago\05_Doutrina_e_Biblioteca\Biblioteca_Manuais_e_Cursos\Manuais\Nota Técnica 5-2024 (Dispensa Licitação Eletrônica).md
OK,0.99,NOTA TÉCNICA CONJUNTA ATRICON-IRB Nº 01-2026.pdf,C:\Users\thiagonogueira\OneDrive - mppi.mp.br\CLC\01_Processos_e_Aquisicoes\Base de Conhecimento - Thiago\05_Doutrina_e_Biblioteca\Biblioteca_Manuais_e_Cursos\Nota Tecnica Conjunta ATRICON-IRB 01.2026 - Diretrizes para Controle e Transparencia.md,C:\Users\thiagonogueira\OneDrive - mppi.mp.br\CLC\01_Processos_e_Aquisicoes\Base de Conhecimento - Thiago\05_Doutrina_e_Biblioteca\Biblioteca_Manuais_e_Cursos\Manuais\NOTA TÉCNICA CONJUNTA ATRICON-IRB Nº 01-2026.md
OK,0.99,Nota Técnica N° 18_2026 - Leis.org.pdf,C:\Users\thiagonogueira\OneDrive - mppi.mp.br\CLC\01_Processos_e_Aquisicoes\Base de Conhecimento - Thiago\05_Doutrina_e_Biblioteca\Biblioteca_Manuais_e_Cursos\Nota Tecnica 18.2026 - Alimentacao Artificial de Praias - Aspectos Tecnicos e Juridicos.md,C:\Users\thiagonogueira\OneDrive - mppi.mp.br\CLC\01_Processos_e_Aquisicoes\Base de Conhecimento - Thiago\05_Doutrina_e_Biblioteca\Biblioteca_Manuais_e_Cursos\Manuais\Nota Técnica N° 18_2026 - Leis.org.md
OK,0.99,ORIENTACAO-TECNICA-REEQUILIBRIO-ECONOMICO-FINANCEIRO.pdf,C:\Users\thiagonogueira\OneDrive - mppi.mp.br\CLC\01_Processos_e_Aquisicoes\Base de Conhecimento - Thiago\05_Doutrina_e_Biblioteca\Biblioteca_Manuais_e_Cursos\Orientacao Tecnica - Reequilibrio Economico-Financeiro Contratual.md,C:\Users\thiagonogueira\OneDrive - mppi.mp.br\CLC\01_Processos_e_Aquisicoes\Base de Conhecimento - Thiago\05_Doutrina_e_Biblioteca\Biblioteca_Manuais_e_Cursos\Manuais\ORIENTACAO-TECNICA-REEQUILIBRIO-ECONOMICO-FINANCEIRO.md
SCORE_BAIXO_CONFERIR,0.82,Palestra - Aplicações e Limitações de Inteligência Artificial no Controle Externo.pdf,C:\Users\thiagonogueira\OneDrive - mppi.mp.br\CLC\01_Processos_e_Aquisicoes\Base de Conhecimento - Thiago\05_Doutrina_e_Biblioteca\Biblioteca_Manuais_e_Cursos\Palestra Tecnica - Aplicacoes e Limitacoes de Inteligencia Artificial no Controle Externo.md,C:\Users\thiagonogueira\OneDrive - mppi.mp.br\CLC\01_Processos_e_Aquisicoes\Base de Conhecimento - Thiago\05_Doutrina_e_Biblioteca\Biblioteca_Manuais_e_Cursos\Manuais\Palestra - Aplicações e Limitações de Inteligência Artificial no Controle Externo.md
OK,0.98,Palestra - Inventário de Riscos e Controles nas contratações públicas.pdf,C:\Users\thiagonogueira\OneDrive - mppi.mp.br\CLC\01_Processos_e_Aquisicoes\Base de Conhecimento - Thiago\05_Doutrina_e_Biblioteca\Biblioteca_Manuais_e_Cursos\Manual Metodologico - Inventario de Riscos e Controles nas Contratacoes Publicas.md,C:\Users\thiagonogueira\OneDrive - mppi.mp.br\CLC\01_Processos_e_Aquisicoes\Base de Conhecimento - Thiago\05_Doutrina_e_Biblioteca\Biblioteca_Manuais_e_Cursos\Manuais\Palestra - Inventário de Riscos e Controles nas contratações públicas.md
OK,0.99,PARECER n. 00003-2025-GAB-CGU-CGU-AGU.pdf,C:\Users\thiagonogueira\OneDrive - mppi.mp.br\CLC\01_Processos_e_Aquisicoes\Base de Conhecimento - Thiago\05_Doutrina_e_Biblioteca\Biblioteca_Manuais_e_Cursos\Parecer AGU 00003.2025-GAB-CGU - Atuacao do Orgao Consultivo e Segregacao de Funcoes.md,C:\Users\thiagonogueira\OneDrive - mppi.mp.br\CLC\01_Processos_e_Aquisicoes\Base de Conhecimento - Thiago\05_Doutrina_e_Biblioteca\Biblioteca_Manuais_e_Cursos\Manuais\PARECER n. 00003-2025-GAB-CGU-CGU-AGU.md
OK,0.99,PARECER n. 00004-2025-CNLCA-CGU-AGU.pdf,C:\Users\thiagonogueira\OneDrive - mppi.mp.br\CLC\01_Processos_e_Aquisicoes\Base de Conhecimento - Thiago\05_Doutrina_e_Biblioteca\Biblioteca_Manuais_e_Cursos\Parecer AGU 00004.2025-CNLCA - Reajuste e Repactuacao Contratual na Lei 14133.md,C:\Users\thiagonogueira\OneDrive - mppi.mp.br\CLC\01_Processos_e_Aquisicoes\Base de Conhecimento - Thiago\05_Doutrina_e_Biblioteca\Biblioteca_Manuais_e_Cursos\Manuais\PARECER n. 00004-2025-CNLCA-CGU-AGU.md
OK,0.99,PARECER n. 00005-2025-DECOR-CGU-AGU.pdf,C:\Users\thiagonogueira\OneDrive - mppi.mp.br\CLC\01_Processos_e_Aquisicoes\Base de Conhecimento - Thiago\05_Doutrina_e_Biblioteca\Biblioteca_Manuais_e_Cursos\Parecer AGU 00005.2025-DECOR - Prorrogacao de Vigencia em Contratos Continuados e ON 65.md,C:\Users\thiagonogueira\OneDrive - mppi.mp.br\CLC\01_Processos_e_Aquisicoes\Base de Conhecimento - Thiago\05_Doutrina_e_Biblioteca\Biblioteca_Manuais_e_Cursos\Manuais\PARECER n. 00005-2025-DECOR-CGU-AGU.md
OK,0.99,PARECER n. 00006-2025-GAB-DECOR-CGU-AGU.pdf,C:\Users\thiagonogueira\OneDrive - mppi.mp.br\CLC\01_Processos_e_Aquisicoes\Base de Conhecimento - Thiago\05_Doutrina_e_Biblioteca\Biblioteca_Manuais_e_Cursos\Parecer AGU 00006.2025-GAB-DECOR - Analise de Riscos e Matriz de Riscos Contratuais.md,C:\Users\thiagonogueira\OneDrive - mppi.mp.br\CLC\01_Processos_e_Aquisicoes\Base de Conhecimento - Thiago\05_Doutrina_e_Biblioteca\Biblioteca_Manuais_e_Cursos\Manuais\PARECER n. 00006-2025-GAB-DECOR-CGU-AGU.md
OK,1.0,PARECER n. 00006-2025CNLCA-CGU-AGU.pdf,C:\Users\thiagonogueira\OneDrive - mppi.mp.br\CLC\01_Processos_e_Aquisicoes\Base de Conhecimento - Thiago\05_Doutrina_e_Biblioteca\Biblioteca_Manuais_e_Cursos\Parecer AGU 00006.2025-CNLCA - Participacao de Cooperativas e ME-EPP em Licitacoes.md,C:\Users\thiagonogueira\OneDrive - mppi.mp.br\CLC\01_Processos_e_Aquisicoes\Base de Conhecimento - Thiago\05_Doutrina_e_Biblioteca\Biblioteca_Manuais_e_Cursos\Manuais\PARECER n. 00006-2025CNLCA-CGU-AGU.md
OK,1.0,PARECER n. 00019-2025-DECOR-CGU-AGU.pdf,C:\Users\thiagonogueira\OneDrive - mppi.mp.br\CLC\01_Processos_e_Aquisicoes\Base de Conhecimento - Thiago\05_Doutrina_e_Biblioteca\Biblioteca_Manuais_e_Cursos\Parecer AGU 00019.2025-DECOR - Fracionamento de Despesa e Limites do Art 75.md,C:\Users\thiagonogueira\OneDrive - mppi.mp.br\CLC\01_Processos_e_Aquisicoes\Base de Conhecimento - Thiago\05_Doutrina_e_Biblioteca\Biblioteca_Manuais_e_Cursos\Manuais\PARECER n. 00019-2025-DECOR-CGU-AGU.md
OK,1.0,PARECER n. 00196-2024-E-CJU-SCOM-CGU-AGU.pdf,C:\Users\thiagonogueira\OneDrive - mppi.mp.br\CLC\01_Processos_e_Aquisicoes\Base de Conhecimento - Thiago\05_Doutrina_e_Biblioteca\Biblioteca_Manuais_e_Cursos\Parecer AGU 00196.2024-CJU-SCOM - Aquisicao de Bens e Servicos Comuns com Criterio Menor Preco.md,C:\Users\thiagonogueira\OneDrive - mppi.mp.br\CLC\01_Processos_e_Aquisicoes\Base de Conhecimento - Thiago\05_Doutrina_e_Biblioteca\Biblioteca_Manuais_e_Cursos\Manuais\PARECER n. 00196-2024-E-CJU-SCOM-CGU-AGU.md
OK,1.0,PARECER n. 00261-2024-E-CJU-SCOM-CGU-AGU.pdf,C:\Users\thiagonogueira\OneDrive - mppi.mp.br\CLC\01_Processos_e_Aquisicoes\Base de Conhecimento - Thiago\05_Doutrina_e_Biblioteca\Biblioteca_Manuais_e_Cursos\Parecer AGU 00261.2024-CJU-SCOM - Adesao a Ata de Registro de Precos Carona e Requisitos.md,C:\Users\thiagonogueira\OneDrive - mppi.mp.br\CLC\01_Processos_e_Aquisicoes\Base de Conhecimento - Thiago\05_Doutrina_e_Biblioteca\Biblioteca_Manuais_e_Cursos\Manuais\PARECER n. 00261-2024-E-CJU-SCOM-CGU-AGU.md
OK,0.99,PARECER n. 00860-2023-ADV-E-CJU-SCOM-CGU-AGU.pdf,C:\Users\thiagonogueira\OneDrive - mppi.mp.br\CLC\01_Processos_e_Aquisicoes\Base de Conhecimento - Thiago\05_Doutrina_e_Biblioteca\Biblioteca_Manuais_e_Cursos\Parecer AGU 00860.2023-CJU-SCOM - Contratacao por Inexigibilidade de Notoria Especializacao.md,C:\Users\thiagonogueira\OneDrive - mppi.mp.br\CLC\01_Processos_e_Aquisicoes\Base de Conhecimento - Thiago\05_Doutrina_e_Biblioteca\Biblioteca_Manuais_e_Cursos\Manuais\PARECER n. 00860-2023-ADV-E-CJU-SCOM-CGU-AGU.md
OK,0.99,PARECER n. 00880-2023-ADV-E-CJU-SCOM-CGU-AGU.pdf,C:\Users\thiagonogueira\OneDrive - mppi.mp.br\CLC\01_Processos_e_Aquisicoes\Base de Conhecimento - Thiago\05_Doutrina_e_Biblioteca\Biblioteca_Manuais_e_Cursos\Parecer AGU 00880.2023-CJU-SCOM - Locacao de Imovel por Inexigibilidade de Licitacao.md,C:\Users\thiagonogueira\OneDrive - mppi.mp.br\CLC\01_Processos_e_Aquisicoes\Base de Conhecimento - Thiago\05_Doutrina_e_Biblioteca\Biblioteca_Manuais_e_Cursos\Manuais\PARECER n. 00880-2023-ADV-E-CJU-SCOM-CGU-AGU.md
OK,0.99,PARECER Nº 00002-2025-CNLCA-CGU-AGU.pdf,C:\Users\thiagonogueira\OneDrive - mppi.mp.br\CLC\01_Processos_e_Aquisicoes\Base de Conhecimento - Thiago\05_Doutrina_e_Biblioteca\Biblioteca_Manuais_e_Cursos\Parecer AGU 00002.2025-CNLCA - Juntada de Documentos Apos Habilitacao e Diligencias Sanadoras.md,C:\Users\thiagonogueira\OneDrive - mppi.mp.br\CLC\01_Processos_e_Aquisicoes\Base de Conhecimento - Thiago\05_Doutrina_e_Biblioteca\Biblioteca_Manuais_e_Cursos\Manuais\PARECER Nº 00002-2025-CNLCA-CGU-AGU.md
OK,0.99,PARECER Nº 00005-2025-CNLCA-CGU-AGU.pdf,C:\Users\thiagonogueira\OneDrive - mppi.mp.br\CLC\01_Processos_e_Aquisicoes\Base de Conhecimento - Thiago\05_Doutrina_e_Biblioteca\Biblioteca_Manuais_e_Cursos\Parecer AGU 00005.2025-CNLCA - Prorrogacao de Vigencia Contratual e ON 65 em Contratacoes Diretas.md,C:\Users\thiagonogueira\OneDrive - mppi.mp.br\CLC\01_Processos_e_Aquisicoes\Base de Conhecimento - Thiago\05_Doutrina_e_Biblioteca\Biblioteca_Manuais_e_Cursos\Manuais\PARECER Nº 00005-2025-CNLCA-CGU-AGU.md
OK,1.0,PARECER Nº 00015-2024-CNLCA-CGU-AGU.pdf,C:\Users\thiagonogueira\OneDrive - mppi.mp.br\CLC\01_Processos_e_Aquisicoes\Base de Conhecimento - Thiago\05_Doutrina_e_Biblioteca\Biblioteca_Manuais_e_Cursos\Parecer AGU 00015.2024-CNLCA - Dispensa Manutencao de Veiculos Automotores Art 75 Par 7.md,C:\Users\thiagonogueira\OneDrive - mppi.mp.br\CLC\01_Processos_e_Aquisicoes\Base de Conhecimento - Thiago\05_Doutrina_e_Biblioteca\Biblioteca_Manuais_e_Cursos\Manuais\PARECER Nº 00015-2024-CNLCA-CGU-AGU.md
OK,0.99,PARECER Nº 00017-2024-CNLCA-CGU-AGU.pdf,C:\Users\thiagonogueira\OneDrive - mppi.mp.br\CLC\01_Processos_e_Aquisicoes\Base de Conhecimento - Thiago\05_Doutrina_e_Biblioteca\Biblioteca_Manuais_e_Cursos\Parecer AGU 00017.2024-CNLCA - Exigencias e Indices de Habilitacao Economico-Financeira.md,C:\Users\thiagonogueira\OneDrive - mppi.mp.br\CLC\01_Processos_e_Aquisicoes\Base de Conhecimento - Thiago\05_Doutrina_e_Biblioteca\Biblioteca_Manuais_e_Cursos\Manuais\PARECER Nº 00017-2024-CNLCA-CGU-AGU.md
OK,1.0,PARECER Nº 00019-2024-CNLCA-CGU-AGU.pdf,C:\Users\thiagonogueira\OneDrive - mppi.mp.br\CLC\01_Processos_e_Aquisicoes\Base de Conhecimento - Thiago\05_Doutrina_e_Biblioteca\Biblioteca_Manuais_e_Cursos\Parecer AGU 00019.2024-CNLCA - Criterios para Exigencia de Atestados de Capacidade Tecnica.md,C:\Users\thiagonogueira\OneDrive - mppi.mp.br\CLC\01_Processos_e_Aquisicoes\Base de Conhecimento - Thiago\05_Doutrina_e_Biblioteca\Biblioteca_Manuais_e_Cursos\Manuais\PARECER Nº 00019-2024-CNLCA-CGU-AGU.md
OK,0.99,PARECER Nº 00023-2025-CGAQ-BSB-SCGP-CGU-AGU (1).pdf,C:\Users\thiagonogueira\OneDrive - mppi.mp.br\CLC\01_Processos_e_Aquisicoes\Base de Conhecimento - Thiago\05_Doutrina_e_Biblioteca\Biblioteca_Manuais_e_Cursos\Parecer AGU 00023.2025-CGAQ - Parecer Padronizado em Contratacoes Diretas.md,C:\Users\thiagonogueira\OneDrive - mppi.mp.br\CLC\01_Processos_e_Aquisicoes\Base de Conhecimento - Thiago\05_Doutrina_e_Biblioteca\Biblioteca_Manuais_e_Cursos\Manuais\PARECER Nº 00023-2025-CGAQ-BSB-SCGP-CGU-AGU (1).md
OK,0.99,PARECER Nº 00060-2024-DECOR-CGU-AGU (1).pdf,C:\Users\thiagonogueira\OneDrive - mppi.mp.br\CLC\01_Processos_e_Aquisicoes\Base de Conhecimento - Thiago\05_Doutrina_e_Biblioteca\Biblioteca_Manuais_e_Cursos\Parecer AGU 00060.2024-DECOR - Orientacao Normativa e Uniformizacao em Licitacoes e Contratos.md,C:\Users\thiagonogueira\OneDrive - mppi.mp.br\CLC\01_Processos_e_Aquisicoes\Base de Conhecimento - Thiago\05_Doutrina_e_Biblioteca\Biblioteca_Manuais_e_Cursos\Manuais\PARECER Nº 00060-2024-DECOR-CGU-AGU (1).md
OK,0.99,PARECER Nº 4632024-PLCCAPGM - Contratação direta por dispensa de licitação.pdf,C:\Users\thiagonogueira\OneDrive - mppi.mp.br\CLC\01_Processos_e_Aquisicoes\Base de Conhecimento - Thiago\05_Doutrina_e_Biblioteca\Biblioteca_Manuais_e_Cursos\Parecer PGM 463.2024 - Instrucao e Conformidade da Contratacao Direta por Dispensa.md,C:\Users\thiagonogueira\OneDrive - mppi.mp.br\CLC\01_Processos_e_Aquisicoes\Base de Conhecimento - Thiago\05_Doutrina_e_Biblioteca\Biblioteca_Manuais_e_Cursos\Manuais\PARECER Nº 4632024-PLCCAPGM - Contratação direta por dispensa de licitação.md
OK,1.0,Parecer1774358321.pdf,C:\Users\thiagonogueira\OneDrive - mppi.mp.br\CLC\01_Processos_e_Aquisicoes\Base de Conhecimento - Thiago\05_Doutrina_e_Biblioteca\Biblioteca_Manuais_e_Cursos\Parecer AGU 00003.2026-CONUNI - Uniformizacao sobre Modalidades e Criterios de Julgamento.md,C:\Users\thiagonogueira\OneDrive - mppi.mp.br\CLC\01_Processos_e_Aquisicoes\Base de Conhecimento - Thiago\05_Doutrina_e_Biblioteca\Biblioteca_Manuais_e_Cursos\Manuais\Parecer1774358321.md
OK,0.99,Parecer1776093267.pdf,C:\Users\thiagonogueira\OneDrive - mppi.mp.br\CLC\01_Processos_e_Aquisicoes\Base de Conhecimento - Thiago\05_Doutrina_e_Biblioteca\Biblioteca_Manuais_e_Cursos\Parecer AGU 00002.2026-CNCIC - Acordo de Cooperacao Tecnica com Entidades Privadas Lucrativas.md,C:\Users\thiagonogueira\OneDrive - mppi.mp.br\CLC\01_Processos_e_Aquisicoes\Base de Conhecimento - Thiago\05_Doutrina_e_Biblioteca\Biblioteca_Manuais_e_Cursos\Manuais\Parecer1776093267.md
OK,0.99,PARECERn000022022CPLCdosimetriapenalidadecontratual.pdf,C:\Users\thiagonogueira\OneDrive - mppi.mp.br\CLC\01_Processos_e_Aquisicoes\Base de Conhecimento - Thiago\05_Doutrina_e_Biblioteca\Biblioteca_Manuais_e_Cursos\Parecer AGU 00002.2022-CPLC - Dosimetria e Aplicacao de Penalidades Contratuais.md,C:\Users\thiagonogueira\OneDrive - mppi.mp.br\CLC\01_Processos_e_Aquisicoes\Base de Conhecimento - Thiago\05_Doutrina_e_Biblioteca\Biblioteca_Manuais_e_Cursos\Manuais\PARECERn000022022CPLCdosimetriapenalidadecontratual.md
OK,0.98,Perguntas e Respostas- Licitações e Contratações.pdf,C:\Users\thiagonogueira\OneDrive - mppi.mp.br\CLC\01_Processos_e_Aquisicoes\Base de Conhecimento - Thiago\05_Doutrina_e_Biblioteca\Biblioteca_Manuais_e_Cursos\Manual Consultivo - Perguntas e Respostas sobre Licitacoes e Contratos Administrativos.md,C:\Users\thiagonogueira\OneDrive - mppi.mp.br\CLC\01_Processos_e_Aquisicoes\Base de Conhecimento - Thiago\05_Doutrina_e_Biblioteca\Biblioteca_Manuais_e_Cursos\Manuais\Perguntas e Respostas- Licitações e Contratações.md
MD_USADO_POR_VARIOS_PDFS,0.99,PGE PI - Lista Pequeno Valor - Serviços e Compras - DOE.pdf,C:\Users\thiagonogueira\OneDrive - mppi.mp.br\CLC\01_Processos_e_Aquisicoes\Base de Conhecimento - Thiago\05_Doutrina_e_Biblioteca\Biblioteca_Manuais_e_Cursos\Publicacao PGE-PI - Lista de Contratacoes de Pequeno Valor no DOE.md,C:\Users\thiagonogueira\OneDrive - mppi.mp.br\CLC\01_Processos_e_Aquisicoes\Base de Conhecimento - Thiago\05_Doutrina_e_Biblioteca\Biblioteca_Manuais_e_Cursos\Manuais\PGE PI - Lista Pequeno Valor - Serviços e Compras - DOE.md
OK,0.99,Planejamento_ fundamento legal par.pdf,C:\Users\thiagonogueira\OneDrive - mppi.mp.br\CLC\01_Processos_e_Aquisicoes\Base de Conhecimento - Thiago\05_Doutrina_e_Biblioteca\Biblioteca_Manuais_e_Cursos\Artigo Zenite - Descricao da Necessidade no ETP e Consequencias da Instrucao Deficiente.md,C:\Users\thiagonogueira\OneDrive - mppi.mp.br\CLC\01_Processos_e_Aquisicoes\Base de Conhecimento - Thiago\05_Doutrina_e_Biblioteca\Biblioteca_Manuais_e_Cursos\Manuais\Planejamento_ fundamento legal par.md
OK,0.99,"PORTARIA SEGES_ME Nº 8.678, DE 19 DE JULHO DE 2021 — Portal de Compras do Governo Federal.pdf",C:\Users\thiagonogueira\OneDrive - mppi.mp.br\CLC\01_Processos_e_Aquisicoes\Base de Conhecimento - Thiago\05_Doutrina_e_Biblioteca\Biblioteca_Manuais_e_Cursos\Portaria SEGES-ME 8678.2021 - Governanca das Contratacoes Publicas Federais.md,"C:\Users\thiagonogueira\OneDrive - mppi.mp.br\CLC\01_Processos_e_Aquisicoes\Base de Conhecimento - Thiago\05_Doutrina_e_Biblioteca\Biblioteca_Manuais_e_Cursos\Manuais\PORTARIA SEGES_ME Nº 8.678, DE 19 DE JULHO DE 2021 — Portal de Compras do Governo Federal.md"
OK,0.96,Publicação - 2º Simpósio de Licitações e Contratos da Justiça Federal - Enunciados aprovados.pdf,C:\Users\thiagonogueira\OneDrive - mppi.mp.br\CLC\01_Processos_e_Aquisicoes\Base de Conhecimento - Thiago\02_Jurisprudencia_e_Orientacoes\Enunciados_2_Simposio_Licitacoes_Justica_Federal.md,C:\Users\thiagonogueira\OneDrive - mppi.mp.br\CLC\01_Processos_e_Aquisicoes\Base de Conhecimento - Thiago\05_Doutrina_e_Biblioteca\Biblioteca_Manuais_e_Cursos\Manuais\Publicação - 2º Simpósio de Licitações e Contratos da Justiça Federal - Enunciados aprovados.md
OK,0.97,Publicação - cgu_ementarioaquisicoes_a4_2026.pdf,C:\Users\thiagonogueira\OneDrive - mppi.mp.br\CLC\01_Processos_e_Aquisicoes\Base de Conhecimento - Thiago\05_Doutrina_e_Biblioteca\Biblioteca_Manuais_e_Cursos\Ementario CGU - Ementario Jurisprudencial e Consultivo de Aquisicoes Publicas 2026.md,C:\Users\thiagonogueira\OneDrive - mppi.mp.br\CLC\01_Processos_e_Aquisicoes\Base de Conhecimento - Thiago\05_Doutrina_e_Biblioteca\Biblioteca_Manuais_e_Cursos\Manuais\Publicação - cgu_ementarioaquisicoes_a4_2026.md
OK,0.98,Publicação - ETP - UFJF.pdf,C:\Users\thiagonogueira\OneDrive - mppi.mp.br\CLC\01_Processos_e_Aquisicoes\Base de Conhecimento - Thiago\05_Doutrina_e_Biblioteca\Biblioteca_Manuais_e_Cursos\Guia Pratico UFJF - Elaboracao de Estudo Tecnico Preliminar - ETP.md,C:\Users\thiagonogueira\OneDrive - mppi.mp.br\CLC\01_Processos_e_Aquisicoes\Base de Conhecimento - Thiago\05_Doutrina_e_Biblioteca\Biblioteca_Manuais_e_Cursos\Manuais\Publicação - ETP - UFJF.md
OK,0.98,Referencial_Licitacoes_Contratos_TCESC.pdf,C:\Users\thiagonogueira\OneDrive - mppi.mp.br\CLC\01_Processos_e_Aquisicoes\Base de Conhecimento - Thiago\05_Doutrina_e_Biblioteca\Biblioteca_Manuais_e_Cursos\Referencial de Riscos e Controles em Licitacoes e Contratos - TCE-SC.md,C:\Users\thiagonogueira\OneDrive - mppi.mp.br\CLC\01_Processos_e_Aquisicoes\Base de Conhecimento - Thiago\05_Doutrina_e_Biblioteca\Biblioteca_Manuais_e_Cursos\Manuais\Referencial_Licitacoes_Contratos_TCESC.md
OK,0.98,Relatório - CGU – Relatório de Avaliação- impacto do uso do orçamento sigiloso e dos modos de disputa.pdf,C:\Users\thiagonogueira\OneDrive - mppi.mp.br\CLC\01_Processos_e_Aquisicoes\Base de Conhecimento - Thiago\05_Doutrina_e_Biblioteca\Biblioteca_Manuais_e_Cursos\Relatorio de Avaliacao CGU - Impacto do Orcamento Sigiloso e dos Modos de Disputa.md,C:\Users\thiagonogueira\OneDrive - mppi.mp.br\CLC\01_Processos_e_Aquisicoes\Base de Conhecimento - Thiago\05_Doutrina_e_Biblioteca\Biblioteca_Manuais_e_Cursos\Manuais\Relatório - CGU – Relatório de Avaliação- impacto do uso do orçamento sigiloso e dos modos de disputa.md
OK,0.95,TCC - ETP - O Dilema entre Necessidade e Solução.pdf,C:\Users\thiagonogueira\OneDrive - mppi.mp.br\CLC\01_Processos_e_Aquisicoes\Base de Conhecimento - Thiago\05_Doutrina_e_Biblioteca\Biblioteca_Manuais_e_Cursos\Monografia Tecnica - ETP - O Dilema entre Necessidade e Solucao nas Contratacoes Publicas.md,C:\Users\thiagonogueira\OneDrive - mppi.mp.br\CLC\01_Processos_e_Aquisicoes\Base de Conhecimento - Thiago\05_Doutrina_e_Biblioteca\Biblioteca_Manuais_e_Cursos\Manuais\TCC - ETP - O Dilema entre Necessidade e Solução.md
OK,0.97,TCE-RS – Conclusões Técnicas da Comissão de Estudos da Nova Lei de Licitações e Contratos para a Fiscalização.pdf,C:\Users\thiagonogueira\OneDrive - mppi.mp.br\CLC\01_Processos_e_Aquisicoes\Base de Conhecimento - Thiago\05_Doutrina_e_Biblioteca\Biblioteca_Manuais_e_Cursos\Estudo Tecnico TCE-RS - Conclusoes da Comissao da Nova Lei de Licitacoes para Fiscalizacao.md,C:\Users\thiagonogueira\OneDrive - mppi.mp.br\CLC\01_Processos_e_Aquisicoes\Base de Conhecimento - Thiago\05_Doutrina_e_Biblioteca\Biblioteca_Manuais_e_Cursos\Manuais\TCE-RS – Conclusões Técnicas da Comissão de Estudos da Nova Lei de Licitações e Contratos para a Fiscalização.md
OK,1.0,TCE-SC - NOTA TÉCNICA Nº TC-19-2026.pdf,C:\Users\thiagonogueira\OneDrive - mppi.mp.br\CLC\01_Processos_e_Aquisicoes\Base de Conhecimento - Thiago\05_Doutrina_e_Biblioteca\Biblioteca_Manuais_e_Cursos\Nota Tecnica TCE-SC 19.2026 - Controle de Precos e Fracionamento em Contratacoes Diretas.md,C:\Users\thiagonogueira\OneDrive - mppi.mp.br\CLC\01_Processos_e_Aquisicoes\Base de Conhecimento - Thiago\05_Doutrina_e_Biblioteca\Biblioteca_Manuais_e_Cursos\Manuais\TCE-SC - NOTA TÉCNICA Nº TC-19-2026.md
OK,0.98,TCE-SC – Perguntas e respostas- licitações e contratos (edição 1 - 2025).pdf,C:\Users\thiagonogueira\OneDrive - mppi.mp.br\CLC\01_Processos_e_Aquisicoes\Base de Conhecimento - Thiago\05_Doutrina_e_Biblioteca\Biblioteca_Manuais_e_Cursos\Manual TCE-SC - Perguntas e Respostas sobre Licitacoes e Contratos Administrativos.md,C:\Users\thiagonogueira\OneDrive - mppi.mp.br\CLC\01_Processos_e_Aquisicoes\Base de Conhecimento - Thiago\05_Doutrina_e_Biblioteca\Biblioteca_Manuais_e_Cursos\Manuais\TCE-SC – Perguntas e respostas- licitações e contratos (edição 1 - 2025).md
OK,0.99,TCU - Edital 001.2024 - Licitação Especial para Contratação de Solução Inovadora.pdf,C:\Users\thiagonogueira\OneDrive - mppi.mp.br\CLC\01_Processos_e_Aquisicoes\Base de Conhecimento - Thiago\05_Doutrina_e_Biblioteca\Biblioteca_Manuais_e_Cursos\Edital TCU 001.2024 - Licitacao Especial para Contratacao de Solucao Inovadora.md,C:\Users\thiagonogueira\OneDrive - mppi.mp.br\CLC\01_Processos_e_Aquisicoes\Base de Conhecimento - Thiago\05_Doutrina_e_Biblioteca\Biblioteca_Manuais_e_Cursos\Manuais\TCU - Edital 001.2024 - Licitação Especial para Contratação de Solução Inovadora.md
OK,0.99,"Transformação do Estado no Brasil- desenhando compras públicas, empresas estatais e infraestrutura públic (1).pdf",C:\Users\thiagonogueira\OneDrive - mppi.mp.br\CLC\01_Processos_e_Aquisicoes\Base de Conhecimento - Thiago\05_Doutrina_e_Biblioteca\Biblioteca_Manuais_e_Cursos\Relatorio IPEA-Mazzucato - Desenhando Compras Publicas e Infraestrutura no Brasil.md,"C:\Users\thiagonogueira\OneDrive - mppi.mp.br\CLC\01_Processos_e_Aquisicoes\Base de Conhecimento - Thiago\05_Doutrina_e_Biblioteca\Biblioteca_Manuais_e_Cursos\Manuais\Transformação do Estado no Brasil- desenhando compras públicas, empresas estatais e infraestrutura públic (1).md"
SCORE_BAIXO_CONFERIR,0.63,TutorialContrataesPresenciais.pdf,C:\Users\thiagonogueira\OneDrive - mppi.mp.br\CLC\01_Processos_e_Aquisicoes\Base de Conhecimento - Thiago\05_Doutrina_e_Biblioteca\Biblioteca_Manuais_e_Cursos\Tutorial Compras.gov.br - Operacionalizacao de Contratacoes Presenciais na NLLC.md,C:\Users\thiagonogueira\OneDrive - mppi.mp.br\CLC\01_Processos_e_Aquisicoes\Base de Conhecimento - Thiago\05_Doutrina_e_Biblioteca\Biblioteca_Manuais_e_Cursos\Manuais\TutorialContrataesPresenciais.md
OK,0.96,tutorial_dez.25_AlteraodeDocumentoHbilnoSistemaContratosGov.br.pdf,C:\Users\thiagonogueira\OneDrive - mppi.mp.br\CLC\01_Processos_e_Aquisicoes\Base de Conhecimento - Thiago\05_Doutrina_e_Biblioteca\Biblioteca_Manuais_e_Cursos\Tutorial Operacional - Alteracao de Documento Habil no Sistema Contratos.gov.br.md,C:\Users\thiagonogueira\OneDrive - mppi.mp.br\CLC\01_Processos_e_Aquisicoes\Base de Conhecimento - Thiago\05_Doutrina_e_Biblioteca\Biblioteca_Manuais_e_Cursos\Manuais\tutorial_dez.25_AlteraodeDocumentoHbilnoSistemaContratosGov.br.md
MD_USADO_POR_VARIOS_PDFS,0.95,Zenite - 5 Erros que você não pode cometer com IA nas Contratações.pdf,C:\Users\thiagonogueira\OneDrive - mppi.mp.br\CLC\01_Processos_e_Aquisicoes\Base de Conhecimento - Thiago\05_Doutrina_e_Biblioteca\Biblioteca_Manuais_e_Cursos\Cartilha Zenite - 5 Erros que Voce Nao Pode Cometer com IA nas Contratacoes Publicas.md,C:\Users\thiagonogueira\OneDrive - mppi.mp.br\CLC\01_Processos_e_Aquisicoes\Base de Conhecimento - Thiago\05_Doutrina_e_Biblioteca\Biblioteca_Manuais_e_Cursos\Manuais\Zenite - 5 Erros que você não pode cometer com IA nas Contratações.md
OK,0.99,Zênite - É possível que a Administração dispense a divulgação do aviso noscasos de dispensa em razão do valor.pdf,C:\Users\thiagonogueira\OneDrive - mppi.mp.br\CLC\01_Processos_e_Aquisicoes\Base de Conhecimento - Thiago\05_Doutrina_e_Biblioteca\Biblioteca_Manuais_e_Cursos\Orientacao Zenite - Dispensa de Divulgacao de Aviso nas Dispensas por Valor.md,C:\Users\thiagonogueira\OneDrive - mppi.mp.br\CLC\01_Processos_e_Aquisicoes\Base de Conhecimento - Thiago\05_Doutrina_e_Biblioteca\Biblioteca_Manuais_e_Cursos\Manuais\Zênite - É possível que a Administração dispense a divulgação do aviso noscasos de dispensa em razão do valor.md
OK,0.99,Zênite Fácil - Dispensa Eletrônica.pdf,C:\Users\thiagonogueira\OneDrive - mppi.mp.br\CLC\01_Processos_e_Aquisicoes\Base de Conhecimento - Thiago\05_Doutrina_e_Biblioteca\Biblioteca_Manuais_e_Cursos\Cartilha Zenite Facil - Dispensa Eletronica na Pratica.md,C:\Users\thiagonogueira\OneDrive - mppi.mp.br\CLC\01_Processos_e_Aquisicoes\Base de Conhecimento - Thiago\05_Doutrina_e_Biblioteca\Biblioteca_Manuais_e_Cursos\Manuais\Zênite Fácil - Dispensa Eletrônica.md
OK,0.99,Zênite Fácil - NOVA LEI DE LICITAÇÕES - PRORROGAÇÃO DE VIGÊNCIA DA ATA DE REGISTRO DE PREÇOS E A RENOVAÇÃO DO.pdf,C:\Users\thiagonogueira\OneDrive - mppi.mp.br\CLC\01_Processos_e_Aquisicoes\Base de Conhecimento - Thiago\05_Doutrina_e_Biblioteca\Biblioteca_Manuais_e_Cursos\Cartilha Zenite Facil - Prorrogacao de Vigencia da ARP e Renovacao de Quantitativos.md,C:\Users\thiagonogueira\OneDrive - mppi.mp.br\CLC\01_Processos_e_Aquisicoes\Base de Conhecimento - Thiago\05_Doutrina_e_Biblioteca\Biblioteca_Manuais_e_Cursos\Manuais\Zênite Fácil - NOVA LEI DE LICITAÇÕES - PRORROGAÇÃO DE VIGÊNCIA DA ATA DE REGISTRO DE PREÇOS E A RENOVAÇÃO DO.md
OK,1.0,Zênite Fácil.pdf,C:\Users\thiagonogueira\OneDrive - mppi.mp.br\CLC\01_Processos_e_Aquisicoes\Base de Conhecimento - Thiago\05_Doutrina_e_Biblioteca\Biblioteca_Manuais_e_Cursos\Cartilha Zenite Facil - ETP Riscos e TR para Carona em Ata de Registro de Precos.md,C:\Users\thiagonogueira\OneDrive - mppi.mp.br\CLC\01_Processos_e_Aquisicoes\Base de Conhecimento - Thiago\05_Doutrina_e_Biblioteca\Biblioteca_Manuais_e_Cursos\Manuais\Zênite Fácil.md
SCORE_BAIXO_CONFERIR,0.7,Planejamento – Documento de formalização da demanda (DFD-DOF) – IN nº 05-2017.pdf,C:\Users\thiagonogueira\OneDrive - mppi.mp.br\CLC\01_Processos_e_Aquisicoes\Base de Conhecimento - Thiago\01_Normativos_Vigentes\01_Federal\Instrucoes_Normativas\Federal - IN 05.2017 - Terceirizados.md,C:\Users\thiagonogueira\OneDrive - mppi.mp.br\CLC\01_Processos_e_Aquisicoes\Base de Conhecimento - Thiago\05_Doutrina_e_Biblioteca\Infograficos_Zenite\Planejamento – Documento de formalização da demanda (DFD-DOF) – IN nº 05-2017.md
MD_USADO_POR_VARIOS_PDFS,0.79,Planejamento – Identificação dos principais riscos.pdf,C:\Users\thiagonogueira\OneDrive - mppi.mp.br\CLC\01_Processos_e_Aquisicoes\Base de Conhecimento - Thiago\01_Normativos_Vigentes\06_TJPI\Manuais_e_Guias_Tecnicos\Manual de Licitacoes e Contratos TJPI (2023-2024).md,C:\Users\thiagonogueira\OneDrive - mppi.mp.br\CLC\01_Processos_e_Aquisicoes\Base de Conhecimento - Thiago\05_Doutrina_e_Biblioteca\Infograficos_Zenite\Planejamento – Identificação dos principais riscos.md
OK,0.98,Manual_das_APIs_Manual_das_APIs .pdf,C:\Users\thiagonogueira\OneDrive - mppi.mp.br\CLC\01_Processos_e_Aquisicoes\Base de Conhecimento - Thiago\05_Doutrina_e_Biblioteca\Biblioteca_Manuais_e_Cursos\Manual Tecnico - APIs de Consulta ao Portal Nacional de Contratacoes Publicas - PNCP.md,C:\Users\thiagonogueira\OneDrive - mppi.mp.br\CLC\01_Processos_e_Aquisicoes\Base de Conhecimento - Thiago\06_Paineis_e_Contratos_Historicos\Manual_das_APIs_Manual_das_APIs .md
MD_USADO_POR_VARIOS_PDFS,0.94,PCA 2026 - Versão 3.0 - MPPI.pdf,C:\Users\thiagonogueira\OneDrive - mppi.mp.br\CLC\01_Processos_e_Aquisicoes\Base de Conhecimento - Thiago\01_Normativos_Vigentes\03_MPPI\PCA 2026\PCA 2026 - Plano de Contratacoes Anual Versao 3.0 MPPI.md,C:\Users\thiagonogueira\OneDrive - mppi.mp.br\CLC\01_Processos_e_Aquisicoes\Base de Conhecimento - Thiago\06_Paineis_e_Contratos_Historicos\PCA 2026 - Versão 3.0 - MPPI.md
SCORE_BAIXO_CONFERIR,0.82,SEI_0978996_Ata_de_Registro_de_Precos.pdf,C:\Users\thiagonogueira\OneDrive - mppi.mp.br\CLC\01_Processos_e_Aquisicoes\Base de Conhecimento - Thiago\03_Modelos_e_Minutas\Modelos_AGU_14133\Pregão e Concorrência\Editais e Atas - Todos os Objetos\modelo-de-ata-de-registro-de-precos-lei-ndeg-14-133-nov-25.md,C:\Users\thiagonogueira\OneDrive - mppi.mp.br\CLC\01_Processos_e_Aquisicoes\Base de Conhecimento - Thiago\06_Paineis_e_Contratos_Historicos\SEI_0978996_Ata_de_Registro_de_Precos.md
MD_USADO_POR_VARIOS_PDFS,0.88,Lei-14133-Lista-de-Verificacao-Direta-Pequeno-Valor-Servicos-e-Compras-DOE.pdf,C:\Users\thiagonogueira\OneDrive - mppi.mp.br\CLC\01_Processos_e_Aquisicoes\Base de Conhecimento - Thiago\05_Doutrina_e_Biblioteca\Biblioteca_Manuais_e_Cursos\Publicacao PGE-PI - Lista de Contratacoes de Pequeno Valor no DOE.md,"C:\Users\thiagonogueira\OneDrive - mppi.mp.br\CLC\01_Processos_e_Aquisicoes\Base de Conhecimento - Thiago\SIte_PGE_PI\Contratacao de pequeno valor (75, II)\Lei-14133-Lista-de-Verificacao-Direta-Pequeno-Valor-Servicos-e-Compras-DOE.md"
MD_USADO_POR_VARIOS_PDFS,0.91,Lei-14133-Lista-de-Verificacao-Direta-Pequeno-Valor-Servicos-e-Compras.pdf,C:\Users\thiagonogueira\OneDrive - mppi.mp.br\CLC\01_Processos_e_Aquisicoes\Base de Conhecimento - Thiago\05_Doutrina_e_Biblioteca\Biblioteca_Manuais_e_Cursos\Publicacao PGE-PI - Lista de Contratacoes de Pequeno Valor no DOE.md,"C:\Users\thiagonogueira\OneDrive - mppi.mp.br\CLC\01_Processos_e_Aquisicoes\Base de Conhecimento - Thiago\SIte_PGE_PI\Contratacao de pequeno valor (75, II)\Lei-14133-Lista-de-Verificacao-Direta-Pequeno-Valor-Servicos-e-Compras.md"
MD_USADO_POR_VARIOS_PDFS,0.76,Lei-14133-Lista-de-Verificacao-Contratacao-Direta-Pequeno-Valor-Servicos-Comuns-de-Engenharia(1).pdf,C:\Users\thiagonogueira\OneDrive - mppi.mp.br\CLC\01_Processos_e_Aquisicoes\Base de Conhecimento - Thiago\05_Doutrina_e_Biblioteca\Biblioteca_Manuais_e_Cursos\Publicacao PGE-PI - Lista de Contratacoes de Pequeno Valor no DOE.md,"C:\Users\thiagonogueira\OneDrive - mppi.mp.br\CLC\01_Processos_e_Aquisicoes\Base de Conhecimento - Thiago\SIte_PGE_PI\Contratacao de pequeno valor - 75, I\Lei-14133-Lista-de-Verificacao-Contratacao-Direta-Pequeno-Valor-Servicos-Comuns-de-Engenharia(1).md"
MD_USADO_POR_VARIOS_PDFS,0.74,Lei-14133-Lista-de-Verificacao-Contratacao-Direta-Pequeno-Valor-Servicos-Comuns-de-Engenharia-DOE(1).pdf,C:\Users\thiagonogueira\OneDrive - mppi.mp.br\CLC\01_Processos_e_Aquisicoes\Base de Conhecimento - Thiago\05_Doutrina_e_Biblioteca\Biblioteca_Manuais_e_Cursos\Publicacao PGE-PI - Lista de Contratacoes de Pequeno Valor no DOE.md,"C:\Users\thiagonogueira\OneDrive - mppi.mp.br\CLC\01_Processos_e_Aquisicoes\Base de Conhecimento - Thiago\SIte_PGE_PI\Contratacao de pequeno valor - 75, I\Lei-14133-Lista-de-Verificacao-Contratacao-Direta-Pequeno-Valor-Servicos-Comuns-de-Engenharia-DOE(1).md"
MD_USADO_POR_VARIOS_PDFS,0.74,Lei-14133-Lista-de-Verificacao-Contratacao-Direta-Pequeno-Valor-Servicos-Comuns-de-Engenharia-DOE.pdf,C:\Users\thiagonogueira\OneDrive - mppi.mp.br\CLC\01_Processos_e_Aquisicoes\Base de Conhecimento - Thiago\05_Doutrina_e_Biblioteca\Biblioteca_Manuais_e_Cursos\Publicacao PGE-PI - Lista de Contratacoes de Pequeno Valor no DOE.md,"C:\Users\thiagonogueira\OneDrive - mppi.mp.br\CLC\01_Processos_e_Aquisicoes\Base de Conhecimento - Thiago\SIte_PGE_PI\Contratacao de pequeno valor - 75, I\Lei-14133-Lista-de-Verificacao-Contratacao-Direta-Pequeno-Valor-Servicos-Comuns-de-Engenharia-DOE.md"
MD_USADO_POR_VARIOS_PDFS,0.76,Lei-14133-Lista-de-Verificacao-Contratacao-Direta-Pequeno-Valor-Servicos-Comuns-de-Engenharia.pdf,C:\Users\thiagonogueira\OneDrive - mppi.mp.br\CLC\01_Processos_e_Aquisicoes\Base de Conhecimento - Thiago\05_Doutrina_e_Biblioteca\Biblioteca_Manuais_e_Cursos\Publicacao PGE-PI - Lista de Contratacoes de Pequeno Valor no DOE.md,"C:\Users\thiagonogueira\OneDrive - mppi.mp.br\CLC\01_Processos_e_Aquisicoes\Base de Conhecimento - Thiago\SIte_PGE_PI\Contratacao de pequeno valor - 75, I\Lei-14133-Lista-de-Verificacao-Contratacao-Direta-Pequeno-Valor-Servicos-Comuns-de-Engenharia.md"
MD_USADO_POR_VARIOS_PDFS,0.75,Lei-14133-Lista-de-Verificacao-Contratacao-Direta-Servicos-ou-Compras-DOE.pdf,C:\Users\thiagonogueira\OneDrive - mppi.mp.br\CLC\01_Processos_e_Aquisicoes\Base de Conhecimento - Thiago\05_Doutrina_e_Biblioteca\Biblioteca_Manuais_e_Cursos\Publicacao PGE-PI - Lista de Contratacoes de Pequeno Valor no DOE.md,C:\Users\thiagonogueira\OneDrive - mppi.mp.br\CLC\01_Processos_e_Aquisicoes\Base de Conhecimento - Thiago\SIte_PGE_PI\Lista de Verificação - Contratação Direta - Serviços ou Compras\Lei-14133-Lista-de-Verificacao-Contratacao-Direta-Servicos-ou-Compras-DOE.md
MD_USADO_POR_VARIOS_PDFS,0.78,Lei-14133-Lista-de-Verificacao-Contratacao-Direta-Servicos-ou-Compras.pdf,C:\Users\thiagonogueira\OneDrive - mppi.mp.br\CLC\01_Processos_e_Aquisicoes\Base de Conhecimento - Thiago\05_Doutrina_e_Biblioteca\Biblioteca_Manuais_e_Cursos\Publicacao PGE-PI - Lista de Contratacoes de Pequeno Valor no DOE.md,C:\Users\thiagonogueira\OneDrive - mppi.mp.br\CLC\01_Processos_e_Aquisicoes\Base de Conhecimento - Thiago\SIte_PGE_PI\Lista de Verificação - Contratação Direta - Serviços ou Compras\Lei-14133-Lista-de-Verificacao-Contratacao-Direta-Servicos-ou-Compras.md
MD_USADO_POR_VARIOS_PDFS,0.65,Lista-de-Verificacao-Contratacao-Direta-Servicos-Comuns-de-Engenharia-DOE.pdf,C:\Users\thiagonogueira\OneDrive - mppi.mp.br\CLC\01_Processos_e_Aquisicoes\Base de Conhecimento - Thiago\05_Doutrina_e_Biblioteca\Biblioteca_Manuais_e_Cursos\Publicacao PGE-PI - Lista de Contratacoes de Pequeno Valor no DOE.md,C:\Users\thiagonogueira\OneDrive - mppi.mp.br\CLC\01_Processos_e_Aquisicoes\Base de Conhecimento - Thiago\SIte_PGE_PI\LV - Contratação Direta - Serv Comuns Eng\Lista-de-Verificacao-Contratacao-Direta-Servicos-Comuns-de-Engenharia-DOE.md
MD_USADO_POR_VARIOS_PDFS,0.68,Lista-de-Verificacao-Contratacao-Direta-Servicos-Comuns-de-Engenharia.pdf,C:\Users\thiagonogueira\OneDrive - mppi.mp.br\CLC\01_Processos_e_Aquisicoes\Base de Conhecimento - Thiago\05_Doutrina_e_Biblioteca\Biblioteca_Manuais_e_Cursos\Publicacao PGE-PI - Lista de Contratacoes de Pequeno Valor no DOE.md,C:\Users\thiagonogueira\OneDrive - mppi.mp.br\CLC\01_Processos_e_Aquisicoes\Base de Conhecimento - Thiago\SIte_PGE_PI\LV - Contratação Direta - Serv Comuns Eng\Lista-de-Verificacao-Contratacao-Direta-Servicos-Comuns-de-Engenharia.md
